"id_sample","id_sensor","value","date_ref"
"3",13,"7.25","2021-07-28 12:45:00"
"57",13,"6.425","2021-07-28 13:00:00"
"111",13,"6.875","2021-07-28 13:15:00"
"165",13,"7.4","2021-07-28 13:30:00"
"219",13,"7.1","2021-07-28 13:45:00"
"273",13,"7.475","2021-07-28 14:00:00"
"327",13,"6.725","2021-07-28 14:15:00"
"381",13,"7.775","2021-07-28 14:30:00"
"435",13,"7.85","2021-07-28 14:45:00"
"489",13,"5.45","2021-07-28 15:00:00"
"543",13,"6.2","2021-07-28 15:15:00"
"597",13,"6.95","2021-07-28 15:30:00"
"651",13,"7.475","2021-07-28 15:45:00"
"705",13,"8.45","2021-07-28 16:00:00"
"759",13,"7.325","2021-07-28 16:15:00"
"813",13,"8.15","2021-07-28 16:30:00"
"867",13,"7.85","2021-07-28 16:45:00"
"921",13,"7.175","2021-07-28 17:00:00"
"975",13,"7.4","2021-07-28 17:15:00"
"1029",13,"5.975","2021-07-28 17:30:00"
"1083",13,"5.3","2021-07-28 17:45:00"
"1137",13,"5.375","2021-07-28 18:00:00"
"1191",13,"3.725","2021-07-28 18:15:00"
"1245",13,"3.275","2021-07-28 18:30:00"
"1299",13,"3.575","2021-07-28 18:45:00"
"1353",13,"3.95","2021-07-28 19:00:00"
"1407",13,"5.15","2021-07-28 19:15:00"
"1461",13,"5.6","2021-07-28 19:30:00"
"1515",13,"6.575","2021-07-28 19:45:00"
"1569",13,"5.975","2021-07-28 20:00:00"
"1623",13,"5.225","2021-07-28 20:15:00"
"1677",13,"4.775","2021-07-28 20:30:00"
"1731",13,"4.775","2021-07-28 20:45:00"
"1785",13,"5.525","2021-07-28 21:00:00"
"1839",13,"4.85","2021-07-28 21:15:00"
"1893",13,"5.525","2021-07-28 21:30:00"
"1947",13,"5.75","2021-07-28 21:45:00"
"2001",13,"5.15","2021-07-28 22:00:00"
"2055",13,"5.375","2021-07-28 22:15:00"
"2109",13,"4.925","2021-07-28 22:30:00"
"2163",13,"4.025","2021-07-28 22:45:00"
"2217",13,"4.475","2021-07-28 23:00:00"
"2271",13,"5.375","2021-07-28 23:15:00"
"2325",13,"3.8","2021-07-28 23:30:00"
"2379",13,"3.875","2021-07-28 23:45:00"
"2433",13,"5.45","2021-07-29 00:00:00"
"2487",13,"5.975","2021-07-29 00:15:00"
"2541",13,"5.825","2021-07-29 00:30:00"
"2595",13,"5.9","2021-07-29 00:45:00"
"2649",13,"4.775","2021-07-29 01:00:00"
"2703",13,"4.25","2021-07-29 01:15:00"
"2757",13,"3.65","2021-07-29 01:30:00"
"2811",13,"4.25","2021-07-29 01:45:00"
"2865",13,"4.775","2021-07-29 02:00:00"
"2919",13,"3.875","2021-07-29 02:15:00"
"2973",13,"3.275","2021-07-29 02:30:00"
"3027",13,"3.35","2021-07-29 02:45:00"
"3081",13,"3.2","2021-07-29 03:00:00"
"3135",13,"3.875","2021-07-29 03:15:00"
"3189",13,"3.425","2021-07-29 03:30:00"
"3243",13,"3.125","2021-07-29 03:45:00"
"3297",13,"2.75","2021-07-29 04:00:00"
"3351",13,"3.425","2021-07-29 04:15:00"
"3405",13,"3.5","2021-07-29 04:30:00"
"3459",13,"3.95","2021-07-29 04:45:00"
"3513",13,"4.475","2021-07-29 05:00:00"
"3567",13,"3.5","2021-07-29 05:15:00"
"3621",13,"4.25","2021-07-29 05:30:00"
"3675",13,"3.875","2021-07-29 05:45:00"
"3729",13,"3.95","2021-07-29 06:00:00"
"3783",13,"3.275","2021-07-29 06:15:00"
"3837",13,"3.2","2021-07-29 06:30:00"
"3891",13,"2.825","2021-07-29 06:45:00"
"3945",13,"2.675","2021-07-29 07:00:00"
"3999",13,"2.525","2021-07-29 07:15:00"
"4053",13,"2.525","2021-07-29 07:30:00"
"4107",13,"2.375","2021-07-29 07:45:00"
"4161",13,"2.3","2021-07-29 08:00:00"
"4215",13,"2.45","2021-07-29 08:15:00"
"4269",13,"2.45","2021-07-29 08:30:00"
"4323",13,"3.275","2021-07-29 08:45:00"
"4377",13,"3.125","2021-07-29 09:00:00"
"4431",13,"4.175","2021-07-29 09:15:00"
"4485",13,"5.375","2021-07-29 09:30:00"
"4539",13,"4.625","2021-07-29 09:45:00"
"4593",13,"4.25","2021-07-29 10:00:00"
"4647",13,"5.15","2021-07-29 10:15:00"
"4701",13,"4.325","2021-07-29 10:30:00"
"4755",13,"4.625","2021-07-29 10:45:00"
"4809",13,"6.125","2021-07-29 11:00:00"
"4863",13,"4.925","2021-07-29 11:15:00"
"4917",13,"4.25","2021-07-29 11:30:00"
"4971",13,"5.525","2021-07-29 11:45:00"
"5025",13,"4.325","2021-07-29 12:00:00"
"5079",13,"5.075","2021-07-29 12:15:00"
"5133",13,"5","2021-07-29 12:30:00"
"5187",13,"4.325","2021-07-29 12:45:00"
"5241",13,"3.05","2021-07-29 13:00:00"
"5295",13,"5","2021-07-29 13:15:00"
"5349",13,"4.325","2021-07-29 13:30:00"
"5403",13,"5.225","2021-07-29 13:45:00"
"5457",13,"4.25","2021-07-29 14:00:00"
"5511",13,"4.475","2021-07-29 14:15:00"
"5565",13,"3.35","2021-07-29 14:30:00"
"5619",13,"4.175","2021-07-29 14:45:00"
"5673",13,"3.65","2021-07-29 15:00:00"
"5727",13,"3.575","2021-07-29 15:15:00"
"5781",13,"3.875","2021-07-29 15:30:00"
"5835",13,"4.25","2021-07-29 15:45:00"
"5889",13,"4.175","2021-07-29 16:00:00"
"5943",13,"4.55","2021-07-29 16:15:00"
"5997",13,"3.65","2021-07-29 16:30:00"
"6051",13,"4.475","2021-07-29 16:45:00"
"6105",13,"3.425","2021-07-29 17:00:00"
"6159",13,"3.5","2021-07-29 17:15:00"
"6213",13,"3.725","2021-07-29 17:30:00"
"6267",13,"3.05","2021-07-29 17:45:00"
"6321",13,"3.5","2021-07-29 18:00:00"
"6375",13,"3.95","2021-07-29 18:15:00"
"6429",13,"3.2","2021-07-29 18:30:00"
"6483",13,"2.825","2021-07-29 18:45:00"
"6537",13,"3.05","2021-07-29 19:00:00"
"6591",13,"2.6","2021-07-29 19:15:00"
"6645",13,"2.975","2021-07-29 19:30:00"
"6699",13,"3.575","2021-07-29 19:45:00"
"6753",13,"3.35","2021-07-29 20:00:00"
"6807",13,"3.8","2021-07-29 20:15:00"
"6861",13,"2.675","2021-07-29 20:30:00"
"6915",13,"2.75","2021-07-29 20:45:00"
"6969",13,"3.05","2021-07-29 21:00:00"
"7023",13,"2.75","2021-07-29 21:15:00"
"7077",13,"2.525","2021-07-29 21:30:00"
"7131",13,"2.525","2021-07-29 21:45:00"
"7185",13,"2.225","2021-07-29 22:00:00"
"7239",13,"2","2021-07-29 22:15:00"
"7293",13,"2","2021-07-29 22:30:00"
"7347",13,"1.925","2021-07-29 22:45:00"
"7401",13,"1.85","2021-07-29 23:00:00"
"7455",13,"2.075","2021-07-29 23:15:00"
"7509",13,"2.15","2021-07-29 23:30:00"
"7563",13,"2.075","2021-07-29 23:45:00"
"7617",13,"2.15","2021-07-30 00:00:00"
"7671",13,"2.15","2021-07-30 00:15:00"
"7725",13,"2.075","2021-07-30 00:30:00"
"7779",13,"2.15","2021-07-30 00:45:00"
"7833",13,"1.925","2021-07-30 01:00:00"
"7887",13,"1.7000000000000002","2021-07-30 01:15:00"
"7941",13,"2.225","2021-07-30 01:30:00"
"7995",13,"2.45","2021-07-30 01:45:00"
"8049",13,"2.45","2021-07-30 02:00:00"
"8103",13,"2.15","2021-07-30 02:15:00"
"8157",13,"1.925","2021-07-30 02:30:00"
"8211",13,"1.775","2021-07-30 02:45:00"
"8265",13,"1.55","2021-07-30 03:00:00"
"8319",13,"0","2021-07-30 03:15:00"
"8373",13,"0","2021-07-30 03:30:00"
"8427",13,"0","2021-07-30 03:45:00"
"8481",13,"2.6","2021-07-30 04:00:00"
"8535",13,"2.975","2021-07-30 04:15:00"
"8589",13,"2.975","2021-07-30 04:30:00"
"8643",13,"2.825","2021-07-30 04:45:00"
"8697",13,"2.3","2021-07-30 05:00:00"
"8751",13,"3.05","2021-07-30 05:15:00"
"8805",13,"3.2","2021-07-30 05:30:00"
"8859",13,"2.975","2021-07-30 05:45:00"
"8913",13,"2.75","2021-07-30 06:00:00"
"8967",13,"2.825","2021-07-30 06:15:00"
"9021",13,"3.575","2021-07-30 06:30:00"
"9075",13,"3.8","2021-07-30 06:45:00"
"9129",13,"3.95","2021-07-30 07:00:00"
"9183",13,"4.1","2021-07-30 07:15:00"
"9237",13,"3.35","2021-07-30 07:30:00"
"9291",13,"3.125","2021-07-30 07:45:00"
"9345",13,"2.6","2021-07-30 08:00:00"
"9399",13,"2.675","2021-07-30 08:15:00"
"9453",13,"2.825","2021-07-30 08:30:00"
"9507",13,"2.375","2021-07-30 08:45:00"
"9561",13,"2.375","2021-07-30 09:00:00"
"9615",13,"2.825","2021-07-30 09:15:00"
"9669",13,"3.2","2021-07-30 09:30:00"
"9723",13,"2.9","2021-07-30 09:45:00"
"9777",13,"4.925","2021-07-30 10:00:00"
"9831",13,"4.25","2021-07-30 10:15:00"
"9885",13,"6.95","2021-07-30 10:30:00"
"9939",13,"5.9","2021-07-30 10:45:00"
"9993",13,"5.225","2021-07-30 11:00:00"
"10047",13,"5.375","2021-07-30 11:15:00"
"10101",13,"5.6","2021-07-30 11:30:00"
"10155",13,"5.675","2021-07-30 11:45:00"
"10209",13,"5.6","2021-07-30 12:00:00"
"10263",13,"5.3","2021-07-30 12:15:00"
"10317",13,"6.35","2021-07-30 12:30:00"
"10371",13,"5","2021-07-30 12:45:00"
"10425",13,"4.55","2021-07-30 13:00:00"
"10479",13,"5.45","2021-07-30 13:15:00"
"10533",13,"4.1","2021-07-30 13:30:00"
"10587",13,"4.55","2021-07-30 13:45:00"
"10641",13,"4.7","2021-07-30 14:00:00"
"10695",13,"7.175","2021-07-30 14:15:00"
"10749",13,"4.25","2021-07-30 14:30:00"
"10803",13,"3.95","2021-07-30 14:45:00"
"10857",13,"4.625","2021-07-30 15:00:00"
"10911",13,"4.325","2021-07-30 15:15:00"
"10965",13,"5.225","2021-07-30 15:30:00"
"11019",13,"5.9","2021-07-30 15:45:00"
"11073",13,"5.6","2021-07-30 16:00:00"
"11127",13,"5.225","2021-07-30 16:15:00"
"11181",13,"5.225","2021-07-30 16:30:00"
"11235",13,"4.475","2021-07-30 16:45:00"
"11289",13,"4.025","2021-07-30 17:00:00"
"11343",13,"2.375","2021-07-30 17:15:00"
"11397",13,"2.45","2021-07-30 17:30:00"
"11451",13,"2.525","2021-07-30 17:45:00"
"11505",13,"2.525","2021-07-30 18:00:00"
"11559",13,"2.525","2021-07-30 18:15:00"
"11613",13,"3.05","2021-07-30 18:30:00"
"11667",13,"3.65","2021-07-30 18:45:00"
"11721",13,"3.875","2021-07-30 19:00:00"
"11775",13,"3.8","2021-07-30 19:15:00"
"11829",13,"3.575","2021-07-30 19:30:00"
"11883",13,"3.425","2021-07-30 19:45:00"
"11937",13,"3.8","2021-07-30 20:00:00"
"11991",13,"3.35","2021-07-30 20:15:00"
"12045",13,"3.725","2021-07-30 20:30:00"
"12099",13,"3.425","2021-07-30 20:45:00"
"12153",13,"3.05","2021-07-30 21:00:00"
"12207",13,"3.05","2021-07-30 21:15:00"
"12261",13,"3.65","2021-07-30 21:30:00"
"12315",13,"4.175","2021-07-30 21:45:00"
"12369",13,"9.05","2021-07-30 22:00:00"
"12423",13,"6.575","2021-07-30 22:15:00"
"12477",13,"5.3","2021-07-30 22:30:00"
"12531",13,"5.15","2021-07-30 22:45:00"
"12585",13,"4.475","2021-07-30 23:00:00"
"12639",13,"6.725","2021-07-30 23:15:00"
"12693",13,"7.325","2021-07-30 23:30:00"
"12747",13,"7.4","2021-07-30 23:45:00"
"12801",13,"6.2","2021-07-31 00:00:00"
"12855",13,"6.05","2021-07-31 00:15:00"
"12909",13,"8.45","2021-07-31 00:30:00"
"12963",13,"8.53","2021-07-31 00:45:00"
"13017",13,"8","2021-07-31 01:00:00"
"13071",13,"7.625","2021-07-31 01:15:00"
"13125",13,"7.925","2021-07-31 01:30:00"
"13179",13,"6.65","2021-07-31 01:45:00"
"13233",13,"6.875","2021-07-31 02:00:00"
"13287",13,"8","2021-07-31 02:15:00"
"13341",13,"6.35","2021-07-31 02:30:00"
"13395",13,"4.85","2021-07-31 02:45:00"
"13449",13,"5.6","2021-07-31 03:00:00"
"13503",13,"7.625","2021-07-31 03:15:00"
"13557",13,"8.22","2021-07-31 03:30:00"
"13611",13,"7.85","2021-07-31 03:45:00"
"13665",13,"6.2","2021-07-31 04:00:00"
"13719",13,"6.425","2021-07-31 04:15:00"
"13773",13,"5.9","2021-07-31 04:30:00"
"13827",13,"5.075","2021-07-31 04:45:00"
"13881",13,"5.675","2021-07-31 05:00:00"
"13935",13,"4.85","2021-07-31 05:15:00"
"13989",13,"4.325","2021-07-31 05:30:00"
"14043",13,"4.025","2021-07-31 05:45:00"
"14097",13,"4.325","2021-07-31 06:00:00"
"14151",13,"4.625","2021-07-31 06:15:00"
"14205",13,"3.95","2021-07-31 06:30:00"
"14259",13,"3.575","2021-07-31 06:45:00"
"14313",13,"2.675","2021-07-31 07:00:00"
"14367",13,"0","2021-07-31 07:15:00"
"14421",13,"0","2021-07-31 07:30:00"
"14475",13,"0","2021-07-31 07:45:00"
"14529",13,"0","2021-07-31 08:00:00"
"14583",13,"0","2021-07-31 08:15:00"
"14637",13,"3.125","2021-07-31 08:30:00"
"14691",13,"4.25","2021-07-31 08:45:00"
"14745",13,"5.45","2021-07-31 09:00:00"
"14799",13,"7.175","2021-07-31 09:15:00"
"14853",13,"7.55","2021-07-31 09:30:00"
"14907",13,"7.475","2021-07-31 09:45:00"
"14961",13,"6.05","2021-07-31 10:00:00"
"15015",13,"7.625","2021-07-31 10:15:00"
"15069",13,"6.275","2021-07-31 10:30:00"
"15123",13,"6.875","2021-07-31 10:45:00"
"15177",13,"6.8","2021-07-31 11:00:00"
"15231",13,"7.1","2021-07-31 11:15:00"
"15285",13,"6.2","2021-07-31 11:30:00"
"15339",13,"5.75","2021-07-31 11:45:00"
"15393",13,"5.9","2021-07-31 12:00:00"
"15447",13,"6.5","2021-07-31 12:15:00"
"15501",13,"6.8","2021-07-31 12:30:00"
"15555",13,"5.9","2021-07-31 12:45:00"
"15609",13,"5.75","2021-07-31 13:00:00"
"15663",13,"6.2","2021-07-31 13:15:00"
"15717",13,"6.575","2021-07-31 13:30:00"
"15771",13,"6.575","2021-07-31 13:45:00"
"15825",13,"6.5","2021-07-31 14:00:00"
"15879",13,"6.8","2021-07-31 14:15:00"
"15933",13,"6.5","2021-07-31 14:30:00"
"15987",13,"6.2","2021-07-31 14:45:00"
"16041",13,"5.525","2021-07-31 15:00:00"
"16095",13,"6.125","2021-07-31 15:15:00"
"16149",13,"4.85","2021-07-31 15:30:00"
"16203",13,"5","2021-07-31 15:45:00"
"16257",13,"3.875","2021-07-31 16:00:00"
"16311",13,"4.475","2021-07-31 16:15:00"
"16365",13,"4.1","2021-07-31 16:30:00"
"16419",13,"4.025","2021-07-31 16:45:00"
"16473",13,"4.475","2021-07-31 17:00:00"
"16527",13,"3.875","2021-07-31 17:15:00"
"16581",13,"3.8","2021-07-31 17:30:00"
"16635",13,"3.8","2021-07-31 17:45:00"
"16689",13,"4.925","2021-07-31 18:00:00"
"16743",13,"4.55","2021-07-31 18:15:00"
"16797",13,"4.175","2021-07-31 18:30:00"
"16851",13,"4.4","2021-07-31 18:45:00"
"16905",13,"3.575","2021-07-31 19:00:00"
"16959",13,"2.9","2021-07-31 19:15:00"
"17013",13,"3.05","2021-07-31 19:30:00"
"17067",13,"4.4","2021-07-31 19:45:00"
"17121",13,"4.325","2021-07-31 20:00:00"
"17175",13,"2.525","2021-07-31 20:15:00"
"17229",13,"2.975","2021-07-31 20:30:00"
"17283",13,"2.6","2021-07-31 20:45:00"
"17337",13,"2.75","2021-07-31 21:00:00"
"17391",13,"2.9","2021-07-31 21:15:00"
"17445",13,"3.65","2021-07-31 21:30:00"
"17499",13,"4.25","2021-07-31 21:45:00"
"17553",13,"4.25","2021-07-31 22:00:00"
"17607",13,"2.6","2021-07-31 22:15:00"
"17661",13,"2.3","2021-07-31 22:30:00"
"17715",13,"4.475","2021-07-31 22:45:00"
"17769",13,"4.325","2021-07-31 23:00:00"
"17823",13,"4.625","2021-07-31 23:15:00"
"17877",13,"4.775","2021-07-31 23:30:00"
"17931",13,"3.95","2021-07-31 23:45:00"
"17985",13,"5.9","2021-08-01 00:00:00"
"18039",13,"5.45","2021-08-01 00:15:00"
"18093",13,"4.4","2021-08-01 00:30:00"
"18147",13,"2.9","2021-08-01 00:45:00"
"18201",13,"3.2","2021-08-01 01:00:00"
"18255",13,"4.7","2021-08-01 01:15:00"
"18309",13,"5.15","2021-08-01 01:30:00"
"18363",13,"4.775","2021-08-01 01:45:00"
"18417",13,"4.85","2021-08-01 02:00:00"
"18471",13,"4.775","2021-08-01 02:15:00"
"18525",13,"5.225","2021-08-01 02:30:00"
"18579",13,"3.2","2021-08-01 02:45:00"
"18633",13,"2.375","2021-08-01 03:00:00"
"18687",13,"2.375","2021-08-01 03:15:00"
"18741",13,"2.75","2021-08-01 03:30:00"
"18795",13,"2.675","2021-08-01 03:45:00"
"18849",13,"2.375","2021-08-01 04:00:00"
"18903",13,"2.825","2021-08-01 04:15:00"
"18957",13,"2.3","2021-08-01 04:30:00"
"19011",13,"2.45","2021-08-01 04:45:00"
"19065",13,"2.975","2021-08-01 05:00:00"
"19119",13,"2","2021-08-01 05:15:00"
"19173",13,"2.45","2021-08-01 05:30:00"
"19227",13,"2.375","2021-08-01 05:45:00"
"19281",13,"2.075","2021-08-01 06:00:00"
"19335",13,"0","2021-08-01 06:15:00"
"19389",13,"0","2021-08-01 06:30:00"
"19443",13,"0","2021-08-01 06:45:00"
"19497",13,"0","2021-08-01 07:00:00"
"19551",13,"4.625","2021-08-01 07:15:00"
"19605",13,"5","2021-08-01 07:30:00"
"19659",13,"4.175","2021-08-01 07:45:00"
"19713",13,"1.7000000000000002","2021-08-01 08:00:00"
"19767",13,"1.175","2021-08-01 08:15:00"
"19821",13,"0.58","2021-08-01 08:30:00"
"19875",13,"1.625","2021-08-01 08:45:00"
"19929",13,"2.75","2021-08-01 09:00:00"
"19983",13,"1.475","2021-08-01 09:15:00"
"20037",13,"0","2021-08-01 09:30:00"
"20091",13,"0","2021-08-01 09:45:00"
"20145",13,"3.5","2021-08-01 10:00:00"
"20199",13,"3.65","2021-08-01 10:15:00"
"20253",13,"3.575","2021-08-01 10:30:00"
"20307",13,"5.9","2021-08-01 10:45:00"
"20361",13,"5.6","2021-08-01 11:00:00"
"20415",13,"5.6","2021-08-01 11:15:00"
"20469",13,"5.45","2021-08-01 11:30:00"
"20523",13,"5.375","2021-08-01 11:45:00"
"20577",13,"5.225","2021-08-01 12:00:00"
"20631",13,"4.475","2021-08-01 12:15:00"
"20685",13,"4.7","2021-08-01 12:30:00"
"20739",13,"4.175","2021-08-01 12:45:00"
"20793",13,"4.775","2021-08-01 13:00:00"
"20847",13,"4.55","2021-08-01 13:15:00"
"20901",13,"4.475","2021-08-01 13:30:00"
"20955",13,"4.85","2021-08-01 13:45:00"
"21009",13,"4.1","2021-08-01 14:00:00"
"21063",13,"3.05","2021-08-01 14:15:00"
"21117",13,"3.725","2021-08-01 14:30:00"
"21171",13,"4.1","2021-08-01 14:45:00"
"21225",13,"4.85","2021-08-01 15:00:00"
"21279",13,"3.275","2021-08-01 15:15:00"
"21333",13,"3.125","2021-08-01 15:30:00"
"21387",13,"4.025","2021-08-01 15:45:00"
"21441",13,"2.975","2021-08-01 16:00:00"
"21495",13,"3.5","2021-08-01 16:15:00"
"21549",13,"0.9500000000000001","2021-08-01 16:30:00"
"21603",13,"0","2021-08-01 16:45:00"
"21657",13,"0","2021-08-01 17:00:00"
"21711",13,"0","2021-08-01 17:15:00"
"21765",13,"0","2021-08-01 17:30:00"
"21819",13,"0","2021-08-01 17:45:00"
"21873",13,"0","2021-08-01 18:00:00"
"21927",13,"0","2021-08-01 18:15:00"
"21981",13,"0","2021-08-01 18:30:00"
"22035",13,"0","2021-08-01 18:45:00"
"22089",13,"0","2021-08-01 19:00:00"
"22143",13,"2.15","2021-08-01 19:15:00"
"22197",13,"2.525","2021-08-01 19:30:00"
"22251",13,"2.9","2021-08-01 19:45:00"
"22305",13,"2.45","2021-08-01 20:00:00"
"22359",13,"2.45","2021-08-01 20:15:00"
"22413",13,"2.675","2021-08-01 20:30:00"
"22467",13,"2.6","2021-08-01 20:45:00"
"22521",13,"2.45","2021-08-01 21:00:00"
"22575",13,"1.325","2021-08-01 21:15:00"
"22629",13,"0","2021-08-01 21:30:00"
"22683",13,"2","2021-08-01 21:45:00"
"22737",13,"1.85","2021-08-01 22:00:00"
"22791",13,"0","2021-08-01 22:15:00"
"22845",13,"0","2021-08-01 22:30:00"
"22899",13,"0","2021-08-01 22:45:00"
"22953",13,"2.075","2021-08-01 23:00:00"
"23007",13,"2.225","2021-08-01 23:15:00"
"23061",13,"2.075","2021-08-01 23:30:00"
"23115",13,"2","2021-08-01 23:45:00"
"23169",13,"0","2021-08-02 00:00:00"
"23223",13,"0","2021-08-02 00:15:00"
"23277",13,"1.925","2021-08-02 00:30:00"
"23331",13,"1.85","2021-08-02 00:45:00"
"23385",13,"1.775","2021-08-02 01:00:00"
"23439",13,"1.925","2021-08-02 01:15:00"
"23493",13,"0","2021-08-02 01:30:00"
"23547",13,"0","2021-08-02 01:45:00"
"23601",13,"1.925","2021-08-02 02:00:00"
"23655",13,"3.125","2021-08-02 02:15:00"
"23709",13,"2.825","2021-08-02 02:30:00"
"23763",13,"2.975","2021-08-02 02:45:00"
"23817",13,"3.125","2021-08-02 03:00:00"
"23871",13,"2.6","2021-08-02 03:15:00"
"23925",13,"2.15","2021-08-02 03:30:00"
"23979",13,"2.375","2021-08-02 03:45:00"
"24033",13,"2.3","2021-08-02 04:00:00"
"24087",13,"0","2021-08-02 04:15:00"
"24141",13,"0","2021-08-02 04:30:00"
"24195",13,"0","2021-08-02 04:45:00"
"24249",13,"0","2021-08-02 05:00:00"
"24303",13,"0","2021-08-02 05:15:00"
"24357",13,"0","2021-08-02 05:30:00"
"24411",13,"0","2021-08-02 05:45:00"
"24465",13,"0","2021-08-02 06:00:00"
"24519",13,"0","2021-08-02 06:15:00"
"24573",13,"0","2021-08-02 06:30:00"
"24627",13,"0","2021-08-02 06:45:00"
"24681",13,"0","2021-08-02 07:00:00"
"24735",13,"0","2021-08-02 07:15:00"
"24789",13,"0","2021-08-02 07:30:00"
"24843",13,"0","2021-08-02 07:45:00"
"24897",13,"0","2021-08-02 08:00:00"
"24951",13,"0","2021-08-02 08:15:00"
"25005",13,"0","2021-08-02 08:30:00"
"25059",13,"0","2021-08-02 08:45:00"
"25113",13,"2.975","2021-08-02 09:00:00"
"25167",13,"3.125","2021-08-02 09:15:00"
"25221",13,"2.675","2021-08-02 09:30:00"
"25275",13,"2.375","2021-08-02 09:45:00"
"25329",13,"2.525","2021-08-02 10:00:00"
"25383",13,"2.75","2021-08-02 10:15:00"
"25437",13,"2.6","2021-08-02 10:30:00"
"25491",13,"2.825","2021-08-02 10:45:00"
"25545",13,"3.5","2021-08-02 11:00:00"
"25599",13,"4.1","2021-08-02 11:15:00"
"25653",13,"3.2","2021-08-02 11:30:00"
"25707",13,"3.125","2021-08-02 11:45:00"
"25761",13,"3.35","2021-08-02 12:00:00"
"25815",13,"2.9","2021-08-02 12:15:00"
"25869",13,"0","2021-08-02 12:30:00"
"25923",13,"2.45","2021-08-02 12:45:00"
"25977",13,"2.45","2021-08-02 13:00:00"
"26031",13,"3.125","2021-08-02 13:15:00"
"26085",13,"3.2","2021-08-02 13:30:00"
"26139",13,"4.55","2021-08-02 13:45:00"
"26193",13,"3.65","2021-08-02 14:00:00"
"26247",13,"6.275","2021-08-02 14:15:00"
"26301",13,"3.875","2021-08-02 14:30:00"
"26355",13,"3.8","2021-08-02 14:45:00"
"26409",13,"3.575","2021-08-02 15:00:00"
"26463",13,"3.575","2021-08-02 15:15:00"
"26517",13,"3.35","2021-08-02 15:30:00"
"26571",13,"3.05","2021-08-02 15:45:00"
"26625",13,"2.3","2021-08-02 16:00:00"
"26679",13,"2.075","2021-08-02 16:15:00"
"26733",13,"2.225","2021-08-02 16:30:00"
"26787",13,"1.1","2021-08-02 16:45:00"
"26841",13,"0","2021-08-02 17:00:00"
"26895",13,"0","2021-08-02 17:15:00"
"26949",13,"0.28","2021-08-02 17:30:00"
"27003",13,"0","2021-08-02 17:45:00"
"27057",13,"0","2021-08-02 18:00:00"
"27111",13,"1.85","2021-08-02 18:15:00"
"27165",13,"1.85","2021-08-02 18:30:00"
"27219",13,"1.85","2021-08-02 18:45:00"
"27273",13,"0","2021-08-02 19:00:00"
"27327",13,"2.075","2021-08-02 19:15:00"
"27381",13,"2.075","2021-08-02 19:30:00"
"27435",13,"2.15","2021-08-02 19:45:00"
"27489",13,"2.15","2021-08-02 20:00:00"
"27543",13,"2","2021-08-02 20:15:00"
"27597",13,"1.325","2021-08-02 20:30:00"
"27651",13,"0","2021-08-02 20:45:00"
"27705",13,"0","2021-08-02 21:00:00"
"27759",13,"0","2021-08-02 21:15:00"
"27813",13,"0","2021-08-02 21:30:00"
"27867",13,"0","2021-08-02 21:45:00"
"27921",13,"0","2021-08-02 22:00:00"
"27975",13,"0","2021-08-02 22:15:00"
"28029",13,"0","2021-08-02 22:30:00"
"28083",13,"0","2021-08-02 22:45:00"
"28137",13,"0","2021-08-02 23:00:00"
"28191",13,"0","2021-08-02 23:15:00"
"28245",13,"0","2021-08-02 23:30:00"
"28299",13,"0","2021-08-02 23:45:00"
"28353",13,"1.475","2021-08-03 00:00:00"
"28407",13,"0","2021-08-03 00:15:00"
"28461",13,"0","2021-08-03 00:30:00"
"28515",13,"0.28","2021-08-03 00:45:00"
"28569",13,"2.525","2021-08-03 01:00:00"
"28623",13,"2.525","2021-08-03 01:15:00"
"28677",13,"2.6","2021-08-03 01:30:00"
"28731",13,"2.225","2021-08-03 01:45:00"
"28785",13,"2.225","2021-08-03 02:00:00"
"28839",13,"2","2021-08-03 02:15:00"
"28893",13,"1.925","2021-08-03 02:30:00"
"28947",13,"2.375","2021-08-03 02:45:00"
"29001",13,"2.375","2021-08-03 03:00:00"
"29055",13,"2.3","2021-08-03 03:15:00"
"29109",13,"2.075","2021-08-03 03:30:00"
"29163",13,"1.775","2021-08-03 03:45:00"
"29217",13,"1.7000000000000002","2021-08-03 04:00:00"
"29271",13,"0","2021-08-03 04:15:00"
"29325",13,"0","2021-08-03 04:30:00"
"29379",13,"0","2021-08-03 04:45:00"
"29433",13,"0","2021-08-03 05:00:00"
"29487",13,"0.43","2021-08-03 05:15:00"
"29541",13,"0","2021-08-03 05:30:00"
"29595",13,"0","2021-08-03 05:45:00"
"29649",13,"0.28","2021-08-03 06:00:00"
"29703",13,"0","2021-08-03 06:15:00"
"29757",13,"0","2021-08-03 06:30:00"
"29811",13,"0","2021-08-03 06:45:00"
"29865",13,"0","2021-08-03 07:00:00"
"29919",13,"2.225","2021-08-03 07:15:00"
"29973",13,"1.7000000000000002","2021-08-03 07:30:00"
"30027",13,"2.15","2021-08-03 07:45:00"
"30081",13,"2.075","2021-08-03 08:00:00"
"30135",13,"2","2021-08-03 08:15:00"
"30189",13,"2.45","2021-08-03 08:30:00"
"30243",13,"1.925","2021-08-03 08:45:00"
"30297",13,"3.125","2021-08-03 09:00:00"
"30351",13,"3.35","2021-08-03 09:15:00"
"30405",13,"3.2","2021-08-03 09:30:00"
"30459",13,"3.2","2021-08-03 09:45:00"
"30513",13,"3.05","2021-08-03 10:00:00"
"30567",13,"4.025","2021-08-03 10:15:00"
"30621",13,"4.925","2021-08-03 10:30:00"
"30675",13,"4.625","2021-08-03 10:45:00"
"30729",13,"5.15","2021-08-03 11:00:00"
"30783",13,"5.45","2021-02-11 16:00:00"
"30837",13,"5.45","2021-02-11 16:15:00"
"30891",13,"5.075","2021-02-11 16:30:00"
"30945",13,"5.075","2021-02-11 16:45:00"
"30999",13,"5.6","2021-02-11 17:00:00"
"31053",13,"5.225","2021-02-11 17:15:00"
"31107",13,"4.85","2021-02-11 17:30:00"
"31161",13,"4.25","2021-02-11 17:45:00"
"31215",13,"4.1","2021-02-11 18:00:00"
"31269",13,"3.875","2021-02-11 18:15:00"
"31323",13,"3.125","2021-02-11 18:30:00"
"31377",13,"2.75","2021-02-11 18:45:00"
"31431",13,"2.975","2021-02-11 19:00:00"
"31485",13,"2.3","2021-02-11 19:15:00"
"31539",13,"3.275","2021-02-11 19:30:00"
"31593",13,"2.9","2021-02-11 19:45:00"
"31647",13,"2.75","2021-02-11 20:00:00"
"31701",13,"2.9","2021-02-11 20:15:00"
"31755",13,"3.8","2021-02-11 20:30:00"
"31809",13,"3.875","2021-02-11 20:45:00"
"31863",13,"3.725","2021-02-11 21:00:00"
"31917",13,"3.275","2021-02-11 21:15:00"
"31971",13,"3.2","2021-02-11 21:30:00"
"32025",13,"4.475","2021-02-11 21:45:00"
"32079",13,"4.1","2021-02-11 22:00:00"
"32133",13,"2.9","2021-02-11 22:15:00"
"32187",13,"4.175","2021-02-11 22:30:00"
"32241",13,"4.25","2021-02-11 22:45:00"
"32295",13,"3.725","2021-02-11 23:00:00"
"32349",13,"3.875","2021-02-11 23:15:00"
"32403",13,"3.95","2021-02-11 23:30:00"
"32457",13,"4.175","2021-02-11 23:45:00"
"32511",13,"3.5","2021-02-12 00:00:00"
"32565",13,"3.575","2021-02-12 00:15:00"
"32619",13,"3.125","2021-02-12 00:30:00"
"32673",13,"2.225","2021-02-12 00:45:00"
"32727",13,"2.225","2021-02-12 01:00:00"
"32781",13,"1.625","2021-02-12 01:15:00"
"32835",13,"0","2021-02-12 01:30:00"
"32889",13,"0","2021-02-12 01:45:00"
"32943",13,"0","2021-02-12 02:00:00"
"32997",13,"1.1","2021-02-12 02:15:00"
"33051",13,"0","2021-02-12 02:30:00"
"33105",13,"0","2021-02-12 02:45:00"
"33159",13,"0","2021-02-12 03:00:00"
"33213",13,"1.25","2021-02-12 03:15:00"
"33267",13,"0","2021-02-12 03:30:00"
"33321",13,"0","2021-02-12 03:45:00"
"33375",13,"1.925","2021-02-12 04:00:00"
"33429",13,"1.925","2021-02-12 04:15:00"
"33483",13,"1.7000000000000002","2021-02-12 04:30:00"
"33537",13,"0","2021-02-12 04:45:00"
"33591",13,"1.7000000000000002","2021-02-12 05:00:00"
"33645",13,"2.3","2021-02-12 05:15:00"
"33699",13,"0","2021-02-12 05:30:00"
"33753",13,"0","2021-02-12 05:45:00"
"33807",13,"2.675","2021-02-12 06:00:00"
"33861",13,"3.35","2021-02-12 06:15:00"
"33915",13,"3.05","2021-02-12 06:30:00"
"33969",13,"2.225","2021-02-12 06:45:00"
"34023",13,"1.4","2021-02-12 07:00:00"
"34077",13,"1.475","2021-02-12 07:15:00"
"34131",13,"1.325","2021-02-12 07:30:00"
"34185",13,"1.85","2021-02-12 07:45:00"
"34239",13,"2.15","2021-02-12 08:00:00"
"34293",13,"2.3","2021-02-12 08:15:00"
"34347",13,"2.6","2021-02-12 08:30:00"
"34401",13,"2.45","2021-02-12 08:45:00"
"34455",13,"3.2","2021-02-12 09:00:00"
"34509",13,"4.325","2021-02-12 09:15:00"
"34563",13,"3.725","2021-02-12 09:30:00"
"34617",13,"4.175","2021-02-12 09:45:00"
"34671",13,"2.975","2021-02-12 10:00:00"
"34725",13,"2.375","2021-02-12 10:15:00"
"34779",13,"2.375","2021-02-12 10:30:00"
"34833",13,"2.075","2021-02-12 10:45:00"
"34887",13,"0.9500000000000001","2021-02-12 11:00:00"
"34941",13,"0","2021-02-12 11:15:00"
"34995",13,"2.6","2021-02-12 11:30:00"
"35049",13,"2.75","2021-02-12 11:45:00"
"35103",13,"1.4","2021-02-12 12:00:00"
"35157",13,"0.9500000000000001","2021-02-12 12:15:00"
"35211",13,"2.45","2021-02-12 12:30:00"
"35265",13,"3.125","2021-02-12 12:45:00"
"35319",13,"4.175","2021-02-12 13:00:00"
"35373",13,"4.7","2021-02-12 13:15:00"
"35427",13,"4.625","2021-02-12 13:30:00"
"35481",13,"3.8","2021-02-12 13:45:00"
"35535",13,"2.45","2021-02-12 14:00:00"
"35589",13,"2.525","2021-02-12 14:15:00"
"35643",13,"0","2021-02-12 14:30:00"
"35697",13,"0","2021-02-12 14:45:00"
"35751",13,"0","2021-02-12 15:00:00"
"35805",13,"1.025","2021-02-12 15:15:00"
"35859",13,"1.4","2021-02-12 15:30:00"
"35913",13,"2.675","2021-02-12 15:45:00"
"35967",13,"2.3","2021-02-12 16:00:00"
"36021",13,"2.375","2021-02-12 16:15:00"
"36075",13,"0.65","2021-02-12 16:30:00"
"36129",13,"1.775","2021-02-12 16:45:00"
"36183",13,"0","2021-02-12 17:00:00"
"36237",13,"0.5","2021-02-12 17:15:00"
"36291",13,"0","2021-02-12 17:30:00"
"36345",13,"0","2021-02-12 17:45:00"
"36399",13,"0","2021-02-12 18:00:00"
"36453",13,"2.15","2021-02-12 18:15:00"
"36507",13,"3.275","2021-02-12 18:30:00"
"36561",13,"3.875","2021-02-12 18:45:00"
"36615",13,"3.8","2021-02-12 19:00:00"
"36669",13,"4.025","2021-02-12 19:15:00"
"36723",13,"2.3","2021-02-12 19:30:00"
"36777",13,"0","2021-02-12 19:45:00"
"36831",13,"0","2021-02-12 20:00:00"
"36885",13,"0","2021-02-12 20:15:00"
"36939",13,"0","2021-02-12 20:30:00"
"36993",13,"0","2021-02-12 20:45:00"
"37047",13,"0","2021-02-12 21:00:00"
"37101",13,"0","2021-02-12 21:15:00"
"37155",13,"0","2021-02-12 21:30:00"
"37209",13,"0","2021-02-12 21:45:00"
"37263",13,"1.925","2021-02-12 22:00:00"
"37317",13,"1.4","2021-02-12 22:15:00"
"37371",13,"0","2021-02-12 22:30:00"
"37425",13,"0","2021-02-12 22:45:00"
"37479",13,"0","2021-02-12 23:00:00"
"37533",13,"0","2021-02-12 23:15:00"
"37587",13,"0","2021-02-12 23:30:00"
"37641",13,"0","2021-02-12 23:45:00"
"37695",13,"0","2021-02-13 00:00:00"
"37749",13,"0","2021-02-13 00:15:00"
"37803",13,"2","2021-02-13 00:30:00"
"37857",13,"1.775","2021-02-13 00:45:00"
"37911",13,"0","2021-02-13 01:00:00"
"37965",13,"0","2021-02-13 01:15:00"
"38019",13,"2.075","2021-02-13 01:30:00"
"38073",13,"1.175","2021-02-13 01:45:00"
"38127",13,"0","2021-02-13 02:00:00"
"38181",13,"0","2021-02-13 02:15:00"
"38235",13,"0","2021-02-13 02:30:00"
"38289",13,"0","2021-02-13 02:45:00"
"38343",13,"3.05","2021-02-13 03:00:00"
"38397",13,"2.375","2021-02-13 03:15:00"
"38451",13,"1.85","2021-02-13 03:30:00"
"38505",13,"2","2021-02-13 03:45:00"
"38559",13,"1.85","2021-02-13 04:00:00"
"38613",13,"0","2021-02-13 04:15:00"
"38667",13,"0","2021-02-13 04:30:00"
"38721",13,"0","2021-02-13 04:45:00"
"38775",13,"0","2021-02-13 05:00:00"
"38829",13,"1.775","2021-02-13 05:15:00"
"38883",13,"1.7000000000000002","2021-02-13 05:30:00"
"38937",13,"0.9500000000000001","2021-02-13 05:45:00"
"38991",13,"0","2021-02-13 06:00:00"
"39045",13,"0","2021-02-13 06:15:00"
"39099",13,"0","2021-02-13 06:30:00"
"39153",13,"0","2021-02-13 06:45:00"
"39207",13,"0","2021-02-13 07:00:00"
"39261",13,"0","2021-02-13 07:15:00"
"39315",13,"0","2021-02-13 07:30:00"
"39369",13,"0","2021-02-13 07:45:00"
"39423",13,"0","2021-02-13 08:00:00"
"39477",13,"0","2021-02-13 08:15:00"
"39531",13,"1.7000000000000002","2021-02-13 08:30:00"
"39585",13,"0","2021-02-13 08:45:00"
"39639",13,"0","2021-02-13 09:00:00"
"39693",13,"0","2021-02-13 09:15:00"
"39747",13,"0","2021-02-13 09:30:00"
"39801",13,"1.475","2021-02-13 09:45:00"
"39855",13,"2","2021-02-13 10:00:00"
"39909",13,"2.375","2021-02-13 10:15:00"
"39963",13,"2.45","2021-02-13 10:30:00"
"40017",13,"2.525","2021-02-13 10:45:00"
"40071",13,"2.975","2021-02-13 11:00:00"
"40125",13,"3.65","2021-02-13 11:15:00"
"40179",13,"3.875","2021-02-13 11:30:00"
"40233",13,"4.175","2021-02-13 11:45:00"
"40287",13,"2.15","2021-02-13 12:00:00"
"40341",13,"3.05","2021-02-13 12:15:00"
"40395",13,"3.95","2021-02-13 12:30:00"
"40449",13,"2.675","2021-02-13 12:45:00"
"40503",13,"4.325","2021-02-13 13:00:00"
"40557",13,"6.125","2021-02-13 13:15:00"
"40611",13,"5.225","2021-02-13 13:30:00"
"40665",13,"4.85","2021-02-13 13:45:00"
"40719",13,"5.075","2021-02-13 14:00:00"
"40773",13,"4.175","2021-02-13 14:15:00"
"40827",13,"4.925","2021-02-13 14:30:00"
"40881",13,"3.875","2021-02-13 14:45:00"
"40935",13,"3.2","2021-02-13 15:00:00"
"40989",13,"4.1","2021-02-13 15:15:00"
"41043",13,"3.575","2021-02-13 15:30:00"
"41097",13,"3.725","2021-02-13 15:45:00"
"41151",13,"3.65","2021-02-13 16:00:00"
"41205",13,"3.05","2021-02-13 16:15:00"
"41259",13,"2.225","2021-02-13 16:30:00"
"41313",13,"2.675","2021-02-13 16:45:00"
"41367",13,"2.45","2021-02-13 17:00:00"
"41421",13,"3.725","2021-02-13 17:15:00"
"41475",13,"3.875","2021-02-13 17:30:00"
"41529",13,"3.125","2021-02-13 17:45:00"
"41583",13,"3.125","2021-02-13 18:00:00"
"41637",13,"3.2","2021-02-13 18:15:00"
"41691",13,"2.9","2021-02-13 18:30:00"
"41745",13,"0.9500000000000001","2021-02-13 18:45:00"
"41799",13,"0.43","2021-02-13 19:00:00"
"41853",13,"0","2021-02-13 19:15:00"
"41907",13,"0","2021-02-13 19:30:00"
"41961",13,"0","2021-02-13 19:45:00"
"42015",13,"0","2021-02-13 20:00:00"
"42069",13,"0","2021-02-13 20:15:00"
"42123",13,"0","2021-02-13 20:30:00"
"42177",13,"0","2021-02-13 20:45:00"
"42231",13,"2.45","2021-02-13 21:00:00"
"42285",13,"1.925","2021-02-13 21:15:00"
"42339",13,"1.625","2021-02-13 21:30:00"
"42393",13,"2.075","2021-02-13 21:45:00"
"42447",13,"2.075","2021-02-13 22:00:00"
"42501",13,"2","2021-02-13 22:15:00"
"42555",13,"1.25","2021-02-13 22:30:00"
"42609",13,"2.375","2021-02-13 22:45:00"
"42663",13,"2.225","2021-02-13 23:00:00"
"42717",13,"1.175","2021-02-13 23:15:00"
"42771",13,"0","2021-02-13 23:30:00"
"42825",13,"1.25","2021-02-13 23:45:00"
"42879",13,"2.3","2021-02-14 00:00:00"
"42933",13,"2.075","2021-02-14 00:15:00"
"42987",13,"2","2021-02-14 00:30:00"
"43041",13,"1.55","2021-02-14 00:45:00"
"43095",13,"2.525","2021-02-14 01:00:00"
"43149",13,"1.775","2021-02-14 01:15:00"
"43203",13,"2.15","2021-02-14 01:30:00"
"43257",13,"1.775","2021-02-14 01:45:00"
"43311",13,"2.3","2021-02-14 02:00:00"
"43365",13,"2.675","2021-02-14 02:15:00"
"43419",13,"2","2021-02-14 02:30:00"
"43473",13,"0","2021-02-14 02:45:00"
"43527",13,"0","2021-02-14 03:00:00"
"43581",13,"0","2021-02-14 03:15:00"
"43635",13,"0","2021-02-14 03:30:00"
"43689",13,"0","2021-02-14 03:45:00"
"43743",13,"0","2021-02-14 04:00:00"
"43797",13,"0","2021-02-14 04:15:00"
"43851",13,"0","2021-02-14 04:30:00"
"43905",13,"0","2021-02-14 04:45:00"
"43959",13,"3.575","2021-02-14 05:00:00"
"44013",13,"2.975","2021-02-14 05:15:00"
"44067",13,"2.675","2021-02-14 05:30:00"
"44121",13,"2.675","2021-02-14 05:45:00"
"44175",13,"2.525","2021-02-14 06:00:00"
"44229",13,"2.075","2021-02-14 06:15:00"
"44283",13,"1.55","2021-02-14 06:30:00"
"44337",13,"2.3","2021-02-14 06:45:00"
"44391",13,"1.55","2021-02-14 07:00:00"
"44445",13,"1.1","2021-02-14 07:15:00"
"44499",13,"1.775","2021-02-14 07:30:00"
"44553",13,"2.6","2021-02-14 07:45:00"
"44607",13,"1.25","2021-02-14 08:00:00"
"44661",13,"0","2021-02-14 08:15:00"
"44715",13,"0","2021-02-14 08:30:00"
"44769",13,"0","2021-02-14 08:45:00"
"44823",13,"2.675","2021-02-14 09:00:00"
"44877",13,"2.45","2021-02-14 09:15:00"
"44931",13,"2.675","2021-02-14 09:30:00"
"44985",13,"3.5","2021-02-14 09:45:00"
"45039",13,"2.675","2021-02-14 10:00:00"
"45093",13,"2.15","2021-02-14 10:15:00"
"45147",13,"2.975","2021-02-14 10:30:00"
"45201",13,"4.175","2021-02-14 10:45:00"
"45255",13,"4.175","2021-02-14 11:00:00"
"45309",13,"5.45","2021-02-14 11:15:00"
"45363",13,"11.6","2021-02-14 11:30:00"
"45417",13,"6.8","2021-02-14 11:45:00"
"45471",13,"7.25","2021-02-14 12:00:00"
"45525",13,"2.9","2021-02-14 12:15:00"
"45579",13,"3.875","2021-02-14 12:30:00"
"45633",13,"4.925","2021-02-14 12:45:00"
"45687",13,"4.7","2021-02-14 13:00:00"
"45741",13,"4.7","2021-02-14 13:15:00"
"45795",13,"4.625","2021-02-14 13:30:00"
"45849",13,"5.15","2021-02-14 13:45:00"
"45903",13,"5.75","2021-02-14 14:00:00"
"45957",13,"6.65","2021-02-14 14:15:00"
"46011",13,"5.525","2021-02-14 14:30:00"
"46065",13,"4.4","2021-02-14 14:45:00"
"46119",13,"4.475","2021-02-14 15:00:00"
"46173",13,"5.225","2021-02-14 15:15:00"
"46227",13,"4.85","2021-02-14 15:30:00"
"46281",13,"3.65","2021-02-14 15:45:00"
"46335",13,"3.5","2021-02-14 16:00:00"
"46389",13,"1.925","2021-02-14 16:15:00"
"46443",13,"3.5","2021-02-14 16:30:00"
"46497",13,"3.875","2021-02-14 16:45:00"
"46551",13,"5.3","2021-02-14 17:00:00"
"46605",13,"4.925","2021-02-14 17:15:00"
"46659",13,"4.625","2021-02-14 17:30:00"
"46713",13,"4.1","2021-02-14 17:45:00"
"46767",13,"4.175","2021-02-14 18:00:00"
"46821",13,"3.725","2021-02-14 18:15:00"
"46875",13,"4.925","2021-02-14 18:30:00"
"46929",13,"5.525","2021-02-14 18:45:00"
"46983",13,"5.225","2021-02-14 19:00:00"
"47037",13,"5.15","2021-02-14 19:15:00"
"47091",13,"4.625","2021-02-14 19:30:00"
"47145",13,"5.375","2021-02-14 19:45:00"
"47199",13,"5.3","2021-02-14 20:00:00"
"47253",13,"4.025","2021-02-14 20:15:00"
"47307",13,"6.05","2021-02-14 20:30:00"
"47361",13,"3.575","2021-02-14 20:45:00"
"47415",13,"3.575","2021-02-14 21:00:00"
"47469",13,"1.85","2021-02-14 21:15:00"
"47523",13,"0","2021-02-14 21:30:00"
"47577",13,"0","2021-02-14 21:45:00"
"47631",13,"2.975","2021-02-14 22:00:00"
"47685",13,"3.425","2021-02-14 22:15:00"
"47739",13,"3.125","2021-02-14 22:30:00"
"47793",13,"3.05","2021-02-14 22:45:00"
"47847",13,"3.2","2021-02-14 23:00:00"
"47901",13,"3.275","2021-02-14 23:15:00"
"47955",13,"3.125","2021-02-14 23:30:00"
"48009",13,"2","2021-02-14 23:45:00"
"48063",13,"0","2021-02-15 00:00:00"
"48117",13,"0","2021-02-15 00:15:00"
"48171",13,"0","2021-02-15 00:30:00"
"48225",13,"0","2021-02-15 00:45:00"
"48279",13,"3.5","2021-02-15 01:00:00"
"48333",13,"3.5","2021-02-15 01:15:00"
"48387",13,"3.725","2021-02-15 01:30:00"
"48441",13,"3.8","2021-02-15 01:45:00"
"48495",13,"3.275","2021-02-15 02:00:00"
"48549",13,"3.125","2021-02-15 02:15:00"
"48603",13,"2","2021-02-15 02:30:00"
"48657",13,"0","2021-02-15 02:45:00"
"48711",13,"1.025","2021-02-15 03:00:00"
"48765",13,"0.8","2021-02-15 03:15:00"
"48819",13,"0","2021-02-15 03:30:00"
"48873",13,"1.625","2021-02-15 03:45:00"
"48927",13,"0","2021-02-15 04:00:00"
"48981",13,"0","2021-02-15 04:15:00"
"49035",13,"0","2021-02-15 04:30:00"
"49089",13,"0","2021-02-15 04:45:00"
"49143",13,"0","2021-02-15 05:00:00"
"49197",13,"2.075","2021-02-15 05:15:00"
"49251",13,"0","2021-02-15 05:30:00"
"49305",13,"0","2021-02-15 05:45:00"
"49359",13,"2.15","2021-02-15 06:00:00"
"49413",13,"2.3","2021-02-15 06:15:00"
"49467",13,"1.475","2021-02-15 06:30:00"
"49521",13,"0","2021-02-15 06:45:00"
"49575",13,"0","2021-02-15 07:00:00"
"49629",13,"0","2021-02-15 07:15:00"
"49683",13,"0","2021-02-15 07:30:00"
"49737",13,"0","2021-02-15 07:45:00"
"49791",13,"0","2021-02-15 08:00:00"
"49845",13,"0","2021-02-15 08:15:00"
"49899",13,"1.55","2021-02-15 08:30:00"
"49953",13,"1.7000000000000002","2021-02-15 08:45:00"
"50007",13,"2","2021-02-15 09:00:00"
"50061",13,"1.925","2021-02-15 09:15:00"
"50115",13,"1.925","2021-02-15 09:30:00"
"50169",13,"1.55","2021-02-15 09:45:00"
"50223",13,"2.525","2021-02-15 10:00:00"
"50277",13,"2.6","2021-02-15 10:15:00"
"50331",13,"2.975","2021-02-15 10:30:00"
"50385",13,"3.725","2021-02-15 10:45:00"
"50439",13,"3.125","2021-02-15 11:00:00"
"50493",13,"1.4","2021-02-15 11:15:00"
"50547",13,"2.525","2021-02-15 11:30:00"
"50601",13,"4.475","2021-02-15 11:45:00"
"50655",13,"3.875","2021-02-15 12:00:00"
"50709",13,"3.425","2021-02-15 12:15:00"
"50763",13,"3.05","2021-02-15 12:30:00"
"50817",13,"3.65","2021-02-15 12:45:00"
"50871",13,"2.375","2021-02-15 13:00:00"
"50925",13,"3.125","2021-02-15 13:15:00"
"50979",13,"2.825","2021-02-15 13:30:00"
"51033",13,"5.6","2021-02-15 13:45:00"
"51087",13,"5.225","2021-02-15 14:00:00"
"51141",13,"3.125","2021-02-15 14:15:00"
"51195",13,"3.275","2021-02-15 14:30:00"
"51249",13,"2.675","2021-02-15 14:45:00"
"51303",13,"3.05","2021-02-15 15:00:00"
"51357",13,"5.45","2021-02-15 15:15:00"
"51411",13,"5.375","2021-02-15 15:30:00"
"51465",13,"4.325","2021-02-15 15:45:00"
"51519",13,"4.55","2021-02-15 16:00:00"
"51573",13,"3.725","2021-02-15 16:15:00"
"51627",13,"6.125","2021-02-15 16:30:00"
"51681",13,"4.475","2021-02-15 16:45:00"
"51735",13,"4.85","2021-02-15 17:00:00"
"51789",13,"4.625","2021-02-15 17:15:00"
"51843",13,"4.175","2021-02-15 17:30:00"
"51897",13,"3.875","2021-02-15 17:45:00"
"51951",13,"3.875","2021-02-15 18:00:00"
"52005",13,"4.175","2021-02-15 18:15:00"
"52059",13,"3.8","2021-02-15 18:30:00"
"52113",13,"2.525","2021-02-15 18:45:00"
"52167",13,"2","2021-02-15 19:00:00"
"52221",13,"0","2021-02-15 19:15:00"
"52275",13,"0","2021-02-15 19:30:00"
"52329",13,"0","2021-02-15 19:45:00"
"52383",13,"0","2021-02-15 20:00:00"
"52437",13,"0","2021-02-15 20:15:00"
"52491",13,"0","2021-02-15 20:30:00"
"52545",13,"0","2021-02-15 20:45:00"
"52599",13,"0","2021-02-15 21:00:00"
"52653",13,"0","2021-02-15 21:15:00"
"52707",13,"0","2021-02-15 21:30:00"
"52761",13,"0","2021-02-15 21:45:00"
"52815",13,"0","2021-02-15 22:00:00"
"52869",13,"0","2021-02-15 22:15:00"
"52923",13,"0","2021-02-15 22:30:00"
"52977",13,"0","2021-02-15 22:45:00"
"53031",13,"0","2021-02-15 23:00:00"
"53085",13,"0","2021-02-15 23:15:00"
"53139",13,"0","2021-02-15 23:30:00"
"53193",13,"0","2021-02-15 23:45:00"
"53247",13,"0","2021-02-16 00:00:00"
"53301",13,"0","2021-02-16 00:15:00"
"53355",13,"0","2021-02-16 00:30:00"
"53409",13,"0","2021-02-16 00:45:00"
"53463",13,"0","2021-02-16 01:00:00"
"53517",13,"2.225","2021-02-16 01:15:00"
"53571",13,"2.45","2021-02-16 01:30:00"
"53625",13,"2.375","2021-02-16 01:45:00"
"53679",13,"2.225","2021-02-16 02:00:00"
"53733",13,"2.375","2021-02-16 02:15:00"
"53787",13,"2.3","2021-02-16 02:30:00"
"53841",13,"1.775","2021-02-16 02:45:00"
"53895",13,"2.225","2021-02-16 03:00:00"
"53949",13,"2.225","2021-02-16 03:15:00"
"54003",13,"2.3","2021-02-16 03:30:00"
"54057",13,"1.85","2021-02-16 03:45:00"
"54111",13,"1.325","2021-02-16 04:00:00"
"54165",13,"0","2021-02-16 04:15:00"
"54219",13,"0","2021-02-16 04:30:00"
"54273",13,"0","2021-02-16 04:45:00"
"54327",13,"0","2021-02-16 05:00:00"
"54381",13,"0","2021-02-16 05:15:00"
"54435",13,"0","2021-02-16 05:30:00"
"54489",13,"2.075","2021-02-16 05:45:00"
"54543",13,"1.925","2021-02-16 06:00:00"
"54597",13,"1.775","2021-02-16 06:15:00"
"54651",13,"1.925","2021-02-16 06:30:00"
"54705",13,"1.7000000000000002","2021-02-16 06:45:00"
"54759",13,"0","2021-02-16 07:00:00"
"54813",13,"0","2021-02-16 07:15:00"
"54867",13,"0","2021-02-16 07:30:00"
"54921",13,"0","2021-02-16 07:45:00"
"54975",13,"0","2021-02-16 08:00:00"
"55029",13,"0","2021-02-16 08:15:00"
"55083",13,"0","2021-02-16 08:30:00"
"55137",13,"0","2021-02-16 08:45:00"
"55191",13,"0","2021-02-16 09:00:00"
"55245",13,"0","2021-02-16 09:15:00"
"55299",13,"0","2021-02-16 09:30:00"
"55353",13,"4.1","2021-02-16 09:45:00"
"55407",13,"5.75","2021-02-16 10:00:00"
"55461",13,"6.8","2021-02-16 10:15:00"
"55515",13,"5.375","2021-02-16 10:30:00"
"55569",13,"5.3","2021-02-16 10:45:00"
"55623",13,"5.975","2021-02-16 11:00:00"
"55677",13,"6.575","2021-02-16 11:15:00"
"55731",13,"5.6","2021-02-16 11:30:00"
"55785",13,"7.1","2021-02-16 11:45:00"
"55839",13,"7.325","2021-02-16 12:00:00"
"55893",13,"5.3","2021-02-16 12:15:00"
"55947",13,"5.225","2021-02-16 12:30:00"
"56001",13,"5.675","2021-02-16 12:45:00"
"56055",13,"5.9","2021-02-16 13:00:00"
"56109",13,"6.35","2021-02-16 13:15:00"
"56163",13,"7.625","2021-02-16 13:30:00"
"56217",13,"6.8","2021-02-16 13:45:00"
"56271",13,"4.175","2021-02-16 14:00:00"
"56325",13,"4.325","2021-02-16 14:15:00"
"56379",13,"4.925","2021-02-16 14:30:00"
"56433",13,"6.95","2021-02-16 14:45:00"
"56487",13,"5.975","2021-02-16 15:00:00"
"56541",13,"3.8","2021-02-16 15:15:00"
"56595",13,"4.4","2021-02-16 15:30:00"
"56649",13,"3.8","2021-02-16 15:45:00"
"56703",13,"3.65","2021-02-16 16:00:00"
"56757",13,"3.95","2021-02-16 16:15:00"
"56811",13,"3.5","2021-02-16 16:30:00"
"56865",13,"5.075","2021-02-16 16:45:00"
"56919",13,"2.825","2021-02-16 17:00:00"
"56973",13,"4.85","2021-02-16 17:15:00"
"57027",13,"9.2","2021-02-16 17:30:00"
"57081",13,"8.3","2021-02-16 17:45:00"
"57135",13,"7.775","2021-02-16 18:00:00"
"57189",13,"6.125","2021-02-16 18:15:00"
"57243",13,"4.1","2021-02-16 18:30:00"
"57297",13,"3.125","2021-02-16 18:45:00"
"57351",13,"2.9","2021-02-16 19:00:00"
"57405",13,"1.55","2021-02-16 19:15:00"
"57459",13,"2.225","2021-02-16 19:30:00"
"57513",13,"2.15","2021-02-16 19:45:00"
"57567",13,"2.225","2021-02-16 20:00:00"
"57621",13,"1.625","2021-02-16 20:15:00"
"57675",13,"1.625","2021-02-16 20:30:00"
"57729",13,"2","2021-02-16 20:45:00"
"57783",13,"2.3","2021-02-16 21:00:00"
"57837",13,"2.375","2021-02-16 21:15:00"
"57891",13,"2.525","2021-02-16 21:30:00"
"57945",13,"2.45","2021-02-16 21:45:00"
"57999",13,"2.75","2021-02-16 22:00:00"
"58053",13,"2.975","2021-02-16 22:15:00"
"58107",13,"2","2021-02-16 22:30:00"
"58161",13,"1.625","2021-02-16 22:45:00"
"58215",13,"1.55","2021-02-16 23:00:00"
"58269",13,"2","2021-02-16 23:15:00"
"58323",13,"0","2021-02-16 23:30:00"
"58377",13,"1.55","2021-02-16 23:45:00"
"58431",13,"1.55","2021-02-17 00:00:00"
"58485",13,"1.025","2021-02-17 00:15:00"
"58539",13,"0","2021-02-17 00:30:00"
"58593",13,"1.175","2021-02-17 00:45:00"
"58647",13,"1.7000000000000002","2021-02-17 01:00:00"
"58701",13,"1.85","2021-02-17 01:15:00"
"58755",13,"1.85","2021-02-17 01:30:00"
"58809",13,"1.775","2021-02-17 01:45:00"
"58863",13,"1.325","2021-02-17 02:00:00"
"58917",13,"1.625","2021-02-17 02:15:00"
"58971",13,"1.85","2021-02-17 02:30:00"
"59025",13,"1.925","2021-02-17 02:45:00"
"59079",13,"2.375","2021-02-17 03:00:00"
"59133",13,"2.525","2021-02-17 03:15:00"
"59187",13,"2.525","2021-02-17 03:30:00"
"59241",13,"2.3","2021-02-17 03:45:00"
"59295",13,"2.15","2021-02-17 04:00:00"
"59349",13,"2.6","2021-02-17 04:15:00"
"59403",13,"2.45","2021-02-17 04:30:00"
"59457",13,"2","2021-02-17 04:45:00"
"59511",13,"1.85","2021-02-17 05:00:00"
"59565",13,"1.325","2021-02-17 05:15:00"
"59619",13,"0","2021-02-17 05:30:00"
"59673",13,"0","2021-02-17 05:45:00"
"59727",13,"0.88","2021-02-17 06:00:00"
"59781",13,"1.4","2021-02-17 06:15:00"
"59835",13,"1.475","2021-02-17 06:30:00"
"59889",13,"1.475","2021-02-17 06:45:00"
"59943",13,"1.4","2021-02-17 07:00:00"
"59997",13,"1.625","2021-02-17 07:15:00"
"60051",13,"1.1","2021-02-17 07:30:00"
"60105",13,"1.4","2021-02-17 07:45:00"
"60159",13,"1.25","2021-02-17 08:00:00"
"60213",13,"1.7000000000000002","2021-02-17 08:15:00"
"60267",13,"2.075","2021-02-17 08:30:00"
"60321",13,"2.6","2021-02-17 08:45:00"
"60375",13,"2.675","2021-02-17 09:00:00"
"60429",13,"2.675","2021-02-17 09:15:00"
"60483",13,"2.225","2021-02-17 09:30:00"
"60537",13,"2.075","2021-02-17 09:45:00"
"60591",13,"3.35","2021-02-17 10:00:00"
"60645",13,"2.75","2021-02-17 10:15:00"
"60699",13,"2.525","2021-02-17 10:30:00"
"60753",13,"2.45","2021-02-17 10:45:00"
"60807",13,"1.475","2021-02-17 11:00:00"
"60861",13,"3.125","2021-02-17 11:15:00"
"60915",13,"2.45","2021-02-17 11:30:00"
"60969",13,"3.8","2021-02-17 11:45:00"
"61023",13,"1.625","2021-02-17 12:00:00"
"61077",13,"4.25","2021-02-17 12:15:00"
"61131",13,"3.35","2021-02-17 12:30:00"
"61185",13,"4.25","2021-02-17 12:45:00"
"61239",13,"4.925","2021-02-17 13:00:00"
"61293",13,"3.125","2021-02-17 13:15:00"
"61347",13,"3.275","2021-02-17 13:30:00"
"61401",13,"3.8","2021-02-17 13:45:00"
"61455",13,"5.825","2021-02-17 14:00:00"
"61509",13,"5.6","2021-02-17 14:15:00"
"61563",13,"6.05","2021-02-17 14:30:00"
"61617",13,"5.75","2021-02-17 14:45:00"
"61671",13,"5.825","2021-02-17 15:00:00"
"61725",13,"5.9","2021-02-17 15:15:00"
"61779",13,"6.125","2021-02-17 15:30:00"
"62427",13,"3.575","2021-02-17 18:30:00"
"62481",13,"3.725","2021-02-17 18:45:00"
"62535",13,"3.5","2021-02-17 19:00:00"
"62589",13,"3.875","2021-02-17 19:15:00"
"62643",13,"3.125","2021-02-17 19:30:00"
"62697",13,"3.05","2021-02-17 19:45:00"
"62751",13,"2.375","2021-02-17 20:00:00"
"62805",13,"2.375","2021-02-17 20:15:00"
"62859",13,"2.675","2021-02-17 20:30:00"
"62913",13,"3.5","2021-02-17 20:45:00"
"63507",13,"2.825","2021-02-17 23:30:00"
"63561",13,"3.05","2021-02-17 23:45:00"
"63615",13,"2.825","2021-02-18 00:00:00"
"63669",13,"2.75","2021-02-18 00:15:00"
"63723",13,"2.6","2021-02-18 00:30:00"
"63777",13,"2.675","2021-02-18 00:45:00"
"63831",13,"2.6","2021-02-18 01:00:00"
"63885",13,"2.6","2021-02-18 01:15:00"
"63939",13,"2.375","2021-02-18 01:30:00"
"63993",13,"2.075","2021-02-18 01:45:00"
"64047",13,"2","2021-02-18 02:00:00"
"64101",13,"2.075","2021-02-18 02:15:00"
"64155",13,"2.375","2021-02-18 02:30:00"
"64209",13,"2.375","2021-02-18 02:45:00"
"64263",13,"2.675","2021-02-18 03:00:00"
"64317",13,"2.9","2021-02-18 03:15:00"
"64371",13,"2.75","2021-02-18 03:30:00"
"64425",13,"2.6","2021-02-18 03:45:00"
"64479",13,"2.375","2021-02-18 04:00:00"
"64533",13,"2.675","2021-02-18 04:15:00"
"65181",13,"2.375","2021-02-18 07:15:00"
"65235",13,"2","2021-02-18 07:30:00"
"65289",13,"2.15","2021-02-18 07:45:00"
"65343",13,"2.45","2021-02-18 08:00:00"
"65397",13,"2.3","2021-02-18 08:15:00"
"65451",13,"2.225","2021-02-18 08:30:00"
"65505",13,"2.45","2021-02-18 08:45:00"
"65559",13,"3.425","2021-02-18 09:00:00"
"65613",13,"3.95","2021-02-18 09:15:00"
"65667",13,"5.075","2021-02-18 09:30:00"
"66801",13,"6.8","2021-02-18 14:45:00"
"66855",13,"6.05","2021-02-18 15:00:00"
"66909",13,"6.95","2021-02-18 15:15:00"
"66963",13,"5.6","2021-02-18 15:30:00"
"67017",13,"5.975","2021-02-18 15:45:00"
"67071",13,"8.22","2021-02-18 16:00:00"
"67125",13,"7.4","2021-02-18 16:15:00"
"67179",13,"6.575","2021-02-18 16:30:00"
"67233",13,"7.025","2021-02-18 16:45:00"
"67287",13,"6.2","2021-02-18 17:00:00"
"67341",13,"6.875","2021-02-18 17:15:00"
"67935",13,"2.9","2021-02-18 20:00:00"
"67989",13,"2.6","2021-02-18 20:15:00"
"68043",13,"2.45","2021-02-18 20:30:00"
"68097",13,"2.675","2021-02-18 20:45:00"
"68151",13,"2.75","2021-02-18 21:00:00"
"68205",13,"2.525","2021-02-18 21:15:00"
"68259",13,"2.6","2021-02-18 21:30:00"
"68313",13,"2.675","2021-02-18 21:45:00"
"68367",13,"2.675","2021-02-18 22:00:00"
"68421",13,"2.6","2021-02-18 22:15:00"
"69015",13,"3.05","2021-02-19 01:00:00"
"69069",13,"2.9","2021-02-19 01:15:00"
"69123",13,"2.6","2021-02-19 01:30:00"
"69177",13,"2.375","2021-02-19 01:45:00"
"69231",13,"2.525","2021-02-19 02:00:00"
"69285",13,"3.125","2021-02-19 02:15:00"
"69339",13,"3.275","2021-02-19 02:30:00"
"69393",13,"3.2","2021-02-19 02:45:00"
"69447",13,"3.35","2021-02-19 03:00:00"
"69501",13,"3.425","2021-02-19 03:15:00"
"70689",13,"4.1","2021-02-19 08:45:00"
"70743",13,"3.575","2021-02-19 09:00:00"
"70797",13,"3.2","2021-02-19 09:15:00"
"70851",13,"2.825","2021-02-19 09:30:00"
"70905",13,"3.5","2021-02-19 09:45:00"
"70959",13,"3.05","2021-02-19 10:00:00"
"71013",13,"2.675","2021-02-19 10:15:00"
"71067",13,"2.975","2021-02-19 10:30:00"
"71121",13,"2.825","2021-02-19 10:45:00"
"71175",13,"2.75","2021-02-19 11:00:00"
"71769",13,"4.325","2021-02-19 13:45:00"
"71823",13,"4.625","2021-02-19 14:00:00"
"71877",13,"3.5","2021-02-19 14:15:00"
"71931",13,"3.425","2021-02-19 14:30:00"
"71985",13,"3.575","2021-02-19 14:45:00"
"72039",13,"3.875","2021-02-19 15:00:00"
"72093",13,"3.5","2021-02-19 15:15:00"
"72147",13,"4.025","2021-02-19 15:30:00"
"72201",13,"3.725","2021-02-19 15:45:00"
"72255",13,"4.775","2021-02-19 16:00:00"
"72309",13,"4.25","2021-02-19 16:15:00"
"73983",13,"2.975","2021-02-20 00:00:00"
"74037",13,"2.525","2021-02-20 00:15:00"
"74091",13,"2.525","2021-02-20 00:30:00"
"74145",13,"2.225","2021-02-20 00:45:00"
"74199",13,"2.225","2021-02-20 01:00:00"
"74253",13,"2.525","2021-02-20 01:15:00"
"74307",13,"2.525","2021-02-20 01:30:00"
"74361",13,"2.3","2021-02-20 01:45:00"
"74415",13,"2.3","2021-02-20 02:00:00"
"74469",13,"2.375","2021-02-20 02:15:00"
"76755",13,"5.675","2021-03-25 12:30:00"
"77809",13,"4.925","2021-03-25 12:45:00"
"77863",13,"5.6","2021-03-25 13:00:00"
"76819",13,"4.175","2021-02-20 08:30:00"
"76873",13,"5.075","2021-02-20 08:45:00"
"76927",13,"4.7","2021-02-20 09:00:00"
"76981",13,"4.7","2021-02-20 09:15:00"
"77035",13,"4.85","2021-02-20 09:30:00"
"77089",13,"5","2021-02-20 09:45:00"
"77143",13,"5.525","2021-02-20 10:00:00"
"78350",13,"4.4","2021-03-25 14:30:00"
"78443",13,"5.225","2021-03-25 14:45:00"
"78590",13,"5","2021-02-20 14:15:00"
"78706",13,"4.1","2021-02-20 14:30:00"
"78561",13,"5.45","2021-03-25 15:00:00"
"78659",13,"5.525","2021-03-25 15:15:00"
"78767",13,"5.825","2021-03-25 15:30:00"
"78872",13,"7.1","2021-03-25 15:45:00"
"78972",13,"5.15","2021-03-25 16:00:00"
"79997",13,"3.65","2021-03-25 18:15:00"
"80051",13,"3.575","2021-03-25 18:30:00"
"80105",13,"2.9","2021-03-25 18:45:00"
"80193",13,"3.125","2021-03-25 19:00:00"
"80313",13,"2.975","2021-03-25 19:15:00"
"80295",13,"3.575","2021-02-20 18:00:00"
"80393",13,"3.425","2021-02-20 18:15:00"
"80500",13,"2.45","2021-02-20 18:30:00"
"80430",13,"4.025","2021-03-25 19:30:00"
"80534",13,"4.775","2021-03-25 19:45:00"
"80649",13,"5.3","2021-03-25 20:00:00"
"81115",13,"0.8","2021-02-20 20:00:00"
"81210",13,"0.88","2021-02-20 20:15:00"
"81354",13,"4.325","2021-03-25 21:30:00"
"81460",13,"3.65","2021-03-25 21:45:00"
"81306",13,"1.475","2021-02-20 20:30:00"
"81414",13,"1.625","2021-02-20 20:45:00"
"81519",13,"1.85","2021-02-20 21:00:00"
"81573",13,"2","2021-02-20 21:15:00"
"81627",13,"2.075","2021-02-20 21:30:00"
"82703",13,"3.725","2021-03-25 22:00:00"
"82858",13,"3.95","2021-03-25 22:15:00"
"82915",13,"3.65","2021-03-25 22:30:00"
"82969",13,"2.825","2021-03-25 22:45:00"
"83023",13,"3.5","2021-03-25 23:00:00"
"83077",13,"3.05","2021-03-25 23:15:00"
"83131",13,"3.05","2021-03-25 23:30:00"
"83185",13,"1.925","2021-03-25 23:45:00"
"83239",13,"0","2021-03-26 00:00:00"
"83293",13,"1.625","2021-03-26 00:15:00"
"83347",13,"2.3","2021-03-26 00:30:00"
"84355",13,"4.4","2021-02-21 05:30:00"
"84409",13,"3.35","2021-02-21 05:45:00"
"84463",13,"3.275","2021-02-21 06:00:00"
"84517",13,"4.25","2021-02-21 06:15:00"
"84571",13,"4.25","2021-02-21 06:30:00"
"84625",13,"3.725","2021-02-21 06:45:00"
"84679",13,"4.775","2021-02-21 07:00:00"
"84733",13,"3.875","2021-02-21 07:15:00"
"85787",13,"4.175","2021-02-21 07:30:00"
"85841",13,"5.075","2021-02-21 07:45:00"
"85481",13,"2.6","2021-03-26 05:45:00"
"85535",13,"2.6","2021-03-26 06:00:00"
"85589",13,"2.75","2021-03-26 06:15:00"
"85643",13,"1.85","2021-03-26 06:30:00"
"85697",13,"0","2021-03-26 06:45:00"
"85751",13,"0","2021-03-26 07:00:00"
"86805",13,"1.85","2021-03-26 07:15:00"
"86859",13,"1.625","2021-03-26 07:30:00"
"85895",13,"5.375","2021-02-21 08:00:00"
"85949",13,"5.675","2021-02-21 08:15:00"
"86003",13,"4.7","2021-02-21 08:30:00"
"87183",13,"4.475","2021-03-26 09:00:00"
"87237",13,"4.4","2021-03-26 09:15:00"
"87291",13,"3.725","2021-03-26 09:30:00"
"87345",13,"3.8","2021-03-26 09:45:00"
"87399",13,"4.175","2021-03-26 10:00:00"
"87453",13,"4.7","2021-03-26 10:15:00"
"87507",13,"4.925","2021-03-26 10:30:00"
"87561",13,"4.55","2021-03-26 10:45:00"
"87615",13,"3.65","2021-03-26 11:00:00"
"87669",13,"3.95","2021-03-26 11:15:00"
"88885",13,"4.55","2021-03-26 12:15:00"
"88939",13,"4.7","2021-03-26 12:30:00"
"88993",13,"4.625","2021-03-26 12:45:00"
"89047",13,"6.05","2021-03-26 13:00:00"
"89101",13,"4.7","2021-03-26 13:15:00"
"89155",13,"6.125","2021-03-26 13:30:00"
"89209",13,"5.075","2021-03-26 13:45:00"
"89263",13,"4.85","2021-03-26 14:00:00"
"89317",13,"4.55","2021-03-26 14:15:00"
"89371",13,"3.725","2021-03-26 14:30:00"
"90001",13,"4.325","2021-02-21 17:45:00"
"90055",13,"4.775","2021-02-21 18:00:00"
"90109",13,"4.7","2021-02-21 18:15:00"
"90163",13,"3.575","2021-02-21 18:30:00"
"90217",13,"3.65","2021-02-21 18:45:00"
"90271",13,"4.25","2021-02-21 19:00:00"
"90325",13,"3.275","2021-02-21 19:15:00"
"90379",13,"3.65","2021-02-21 19:30:00"
"90433",13,"2.975","2021-02-21 19:45:00"
"90487",13,"2.9","2021-02-21 20:00:00"
"91667",13,"4.85","2021-03-26 20:30:00"
"91721",13,"3.2","2021-03-26 20:45:00"
"91775",13,"3.05","2021-03-26 21:00:00"
"92829",13,"2.225","2021-03-26 21:15:00"
"92883",13,"0","2021-03-26 21:30:00"
"91811",13,"2.9","2021-02-21 21:30:00"
"91865",13,"2.825","2021-02-21 21:45:00"
"91919",13,"2.675","2021-02-21 22:00:00"
"91973",13,"2.6","2021-02-21 22:15:00"
"92027",13,"2.75","2021-02-21 22:30:00"
"93207",13,"1.925","2021-03-26 23:00:00"
"93261",13,"3.05","2021-03-26 23:15:00"
"93315",13,"3.2","2021-03-26 23:30:00"
"93369",13,"4.25","2021-03-26 23:45:00"
"93423",13,"4.325","2021-03-27 00:00:00"
"93477",13,"1.55","2021-03-27 00:15:00"
"93531",13,"0","2021-03-27 00:30:00"
"93585",13,"3.35","2021-03-27 00:45:00"
"93639",13,"3.125","2021-03-27 01:00:00"
"93693",13,"0","2021-03-27 01:15:00"
"94909",13,"0.9500000000000001","2021-03-27 02:15:00"
"94963",13,"0","2021-03-27 02:30:00"
"95017",13,"0","2021-03-27 02:45:00"
"95071",13,"0","2021-03-27 03:00:00"
"95125",13,"0","2021-03-27 03:15:00"
"95179",13,"0","2021-03-27 03:30:00"
"95233",13,"0","2021-03-27 03:45:00"
"95287",13,"0","2021-03-27 04:00:00"
"95341",13,"0","2021-03-27 04:15:00"
"95395",13,"0","2021-03-27 04:30:00"
"96565",13,"6.05","2021-02-22 10:15:00"
"96619",13,"6.05","2021-02-22 10:30:00"
"96673",13,"6.125","2021-02-22 10:45:00"
"96727",13,"6.65","2021-02-22 11:00:00"
"97781",13,"7.325","2021-02-22 11:15:00"
"96881",13,"0","2021-03-27 06:45:00"
"96935",13,"0","2021-03-27 07:00:00"
"96989",13,"0","2021-03-27 07:15:00"
"97043",13,"0","2021-03-27 07:30:00"
"97097",13,"1.1","2021-03-27 07:45:00"
"98267",13,"5.675","2021-02-22 13:30:00"
"98321",13,"6.5","2021-02-22 13:45:00"
"98375",13,"5.825","2021-02-22 14:00:00"
"98429",13,"5.225","2021-02-22 14:15:00"
"98483",13,"6.275","2021-02-22 14:30:00"
"98537",13,"5.375","2021-02-22 14:45:00"
"98591",13,"5.525","2021-02-22 15:00:00"
"98645",13,"4.775","2021-02-22 15:15:00"
"98699",13,"4.325","2021-02-22 15:30:00"
"98753",13,"4.925","2021-02-22 15:45:00"
"99393",13,"5.75","2021-03-27 13:45:00"
"99447",13,"5.975","2021-03-27 14:00:00"
"99501",13,"8.9","2021-03-27 14:15:00"
"99555",13,"6.875","2021-03-27 14:30:00"
"99609",13,"5.675","2021-03-27 14:45:00"
"99663",13,"5.6","2021-03-27 15:00:00"
"99735",13,"5.45","2021-03-27 15:15:00"
"99748",13,"2.525","2021-02-22 16:00:00"
"99850",13,"4.175","2021-02-22 16:15:00"
"61833",13,"6.5","2021-02-17 15:45:00"
"61887",13,"5.6","2021-02-17 16:00:00"
"61941",13,"6.725","2021-02-17 16:15:00"
"61995",13,"4.775","2021-02-17 16:30:00"
"62049",13,"5.9","2021-02-17 16:45:00"
"62103",13,"5.6","2021-02-17 17:00:00"
"62157",13,"5.075","2021-02-17 17:15:00"
"62211",13,"5.225","2021-02-17 17:30:00"
"62265",13,"5.3","2021-02-17 17:45:00"
"62319",13,"5.45","2021-02-17 18:00:00"
"62373",13,"4.325","2021-02-17 18:15:00"
"62967",13,"2.975","2021-02-17 21:00:00"
"63021",13,"2.375","2021-02-17 21:15:00"
"63075",13,"2.45","2021-02-17 21:30:00"
"63129",13,"2.825","2021-02-17 21:45:00"
"63183",13,"2.825","2021-02-17 22:00:00"
"63237",13,"3.05","2021-02-17 22:15:00"
"63291",13,"3.125","2021-02-17 22:30:00"
"63345",13,"2.975","2021-02-17 22:45:00"
"63399",13,"4.175","2021-02-17 23:00:00"
"63453",13,"3.425","2021-02-17 23:15:00"
"64587",13,"2.75","2021-02-18 04:30:00"
"64641",13,"2.825","2021-02-18 04:45:00"
"64695",13,"2.525","2021-02-18 05:00:00"
"64749",13,"2.675","2021-02-18 05:15:00"
"64803",13,"2.825","2021-02-18 05:30:00"
"64857",13,"2.525","2021-02-18 05:45:00"
"64911",13,"2.15","2021-02-18 06:00:00"
"64965",13,"2.225","2021-02-18 06:15:00"
"65019",13,"2.3","2021-02-18 06:30:00"
"65073",13,"2.3","2021-02-18 06:45:00"
"65127",13,"2.225","2021-02-18 07:00:00"
"65721",13,"4.4","2021-02-18 09:45:00"
"65775",13,"3.875","2021-02-18 10:00:00"
"65829",13,"3.65","2021-02-18 10:15:00"
"65883",13,"3.125","2021-02-18 10:30:00"
"65937",13,"2.975","2021-02-18 10:45:00"
"65991",13,"2.825","2021-02-18 11:00:00"
"66045",13,"2.525","2021-02-18 11:15:00"
"66099",13,"2.975","2021-02-18 11:30:00"
"66153",13,"3.35","2021-02-18 11:45:00"
"66207",13,"4.55","2021-02-18 12:00:00"
"66261",13,"3.125","2021-02-18 12:15:00"
"66315",13,"5.375","2021-02-18 12:30:00"
"66369",13,"4.925","2021-02-18 12:45:00"
"66423",13,"7.325","2021-02-18 13:00:00"
"66477",13,"7.025","2021-02-18 13:15:00"
"66531",13,"7.475","2021-02-18 13:30:00"
"66585",13,"6.35","2021-02-18 13:45:00"
"66639",13,"5.525","2021-02-18 14:00:00"
"66693",13,"8.08","2021-02-18 14:15:00"
"66747",13,"6.725","2021-02-18 14:30:00"
"67395",13,"6.125","2021-02-18 17:30:00"
"67449",13,"5.825","2021-02-18 17:45:00"
"67503",13,"5.075","2021-02-18 18:00:00"
"67557",13,"5.225","2021-02-18 18:15:00"
"67611",13,"5.3","2021-02-18 18:30:00"
"67665",13,"4.4","2021-02-18 18:45:00"
"67719",13,"3.8","2021-02-18 19:00:00"
"67773",13,"3.65","2021-02-18 19:15:00"
"67827",13,"3.35","2021-02-18 19:30:00"
"67881",13,"3.275","2021-02-18 19:45:00"
"68475",13,"2.225","2021-02-18 22:30:00"
"68529",13,"2.375","2021-02-18 22:45:00"
"68583",13,"2.675","2021-02-18 23:00:00"
"68637",13,"2.6","2021-02-18 23:15:00"
"68691",13,"2.45","2021-02-18 23:30:00"
"68745",13,"2.825","2021-02-18 23:45:00"
"68799",13,"2.75","2021-02-19 00:00:00"
"68853",13,"2.975","2021-02-19 00:15:00"
"68907",13,"3.2","2021-02-19 00:30:00"
"68961",13,"3.275","2021-02-19 00:45:00"
"69555",13,"2.975","2021-02-19 03:30:00"
"69609",13,"2.6","2021-02-19 03:45:00"
"69663",13,"2.9","2021-02-19 04:00:00"
"69717",13,"3.2","2021-02-19 04:15:00"
"69771",13,"2.9","2021-02-19 04:30:00"
"69825",13,"2.975","2021-02-19 04:45:00"
"69879",13,"2.675","2021-02-19 05:00:00"
"69933",13,"2.9","2021-02-19 05:15:00"
"69987",13,"2.975","2021-02-19 05:30:00"
"70041",13,"2.9","2021-02-19 05:45:00"
"70095",13,"3.275","2021-02-19 06:00:00"
"70149",13,"2.975","2021-02-19 06:15:00"
"70203",13,"2.525","2021-02-19 06:30:00"
"70257",13,"2.075","2021-02-19 06:45:00"
"70311",13,"0","2021-02-19 07:00:00"
"70365",13,"1.175","2021-02-19 07:15:00"
"70419",13,"1.475","2021-02-19 07:30:00"
"70473",13,"1.25","2021-02-19 07:45:00"
"70527",13,"2.3","2021-02-19 08:00:00"
"70581",13,"3.05","2021-02-19 08:15:00"
"70635",13,"3.65","2021-02-19 08:30:00"
"71229",13,"3.95","2021-02-19 11:15:00"
"71283",13,"3.275","2021-02-19 11:30:00"
"71337",13,"3.35","2021-02-19 11:45:00"
"71391",13,"2.825","2021-02-19 12:00:00"
"71445",13,"2.75","2021-02-19 12:15:00"
"71499",13,"4.1","2021-02-19 12:30:00"
"71553",13,"3.275","2021-02-19 12:45:00"
"71607",13,"3.275","2021-02-19 13:00:00"
"71661",13,"3.875","2021-02-19 13:15:00"
"71715",13,"3.95","2021-02-19 13:30:00"
"72363",13,"4.925","2021-02-19 16:30:00"
"72417",13,"4.85","2021-02-19 16:45:00"
"72471",13,"4.7","2021-02-19 17:00:00"
"72525",13,"3.65","2021-02-19 17:15:00"
"72579",13,"4.7","2021-02-19 17:30:00"
"72633",13,"3.725","2021-02-19 17:45:00"
"72687",13,"2.75","2021-02-19 18:00:00"
"72741",13,"2.675","2021-02-19 18:15:00"
"72795",13,"2.675","2021-02-19 18:30:00"
"72849",13,"2.3","2021-02-19 18:45:00"
"72903",13,"1.925","2021-02-19 19:00:00"
"72957",13,"1.55","2021-02-19 19:15:00"
"73011",13,"3.125","2021-02-19 19:30:00"
"73065",13,"3.425","2021-02-19 19:45:00"
"73119",13,"2.225","2021-02-19 20:00:00"
"73173",13,"1.775","2021-02-19 20:15:00"
"73227",13,"1.775","2021-02-19 20:30:00"
"73281",13,"1.7000000000000002","2021-02-19 20:45:00"
"73335",13,"1.4","2021-02-19 21:00:00"
"73389",13,"1.625","2021-02-19 21:15:00"
"74523",13,"2.075","2021-02-20 02:30:00"
"74577",13,"3.05","2021-02-20 02:45:00"
"74631",13,"2.975","2021-02-20 03:00:00"
"74685",13,"2.9","2021-02-20 03:15:00"
"74739",13,"2.9","2021-02-20 03:30:00"
"74793",13,"3.275","2021-02-20 03:45:00"
"74847",13,"2.375","2021-02-20 04:00:00"
"74901",13,"2.3","2021-02-20 04:15:00"
"74955",13,"1.85","2021-02-20 04:30:00"
"75009",13,"1.7000000000000002","2021-02-20 04:45:00"
"75063",13,"1.175","2021-02-20 05:00:00"
"75657",13,"2.225","2021-02-20 07:45:00"
"75711",13,"2.675","2021-02-20 08:00:00"
"75765",13,"3.725","2021-02-20 08:15:00"
"75783",13,"2.45","2021-03-25 08:00:00"
"75837",13,"2.525","2021-03-25 08:15:00"
"75891",13,"4.625","2021-03-25 08:30:00"
"75945",13,"4.325","2021-03-25 08:45:00"
"75999",13,"4.625","2021-03-25 09:00:00"
"76053",13,"5.675","2021-03-25 09:15:00"
"76107",13,"5.075","2021-03-25 09:30:00"
"76161",13,"4.625","2021-03-25 09:45:00"
"77197",13,"4.625","2021-02-20 10:15:00"
"77251",13,"5.075","2021-02-20 10:30:00"
"77305",13,"4.775","2021-02-20 10:45:00"
"77359",13,"5.3","2021-02-20 11:00:00"
"77413",13,"5.075","2021-02-20 11:15:00"
"77467",13,"5.75","2021-02-20 11:30:00"
"77521",13,"5.825","2021-02-20 11:45:00"
"77575",13,"5.225","2021-02-20 12:00:00"
"77629",13,"5.375","2021-02-20 12:15:00"
"77683",13,"5.9","2021-02-20 12:30:00"
"77737",13,"6.275","2021-02-20 12:45:00"
"78821",13,"5.3","2021-02-20 14:45:00"
"78925",13,"4.175","2021-02-20 15:00:00"
"79026",13,"5.15","2021-02-20 15:15:00"
"79123",13,"5.9","2021-02-20 15:30:00"
"79228",13,"5","2021-02-20 15:45:00"
"79107",13,"4.85","2021-03-25 16:15:00"
"79213",13,"5.75","2021-03-25 16:30:00"
"79345",13,"4.25","2021-03-25 16:45:00"
"79319",13,"4.775","2021-02-20 16:00:00"
"79412",13,"4.625","2021-02-20 16:15:00"
"79526",13,"5.225","2021-02-20 16:30:00"
"80594",13,"2.75","2021-02-20 18:45:00"
"80706",13,"2.075","2021-02-20 19:00:00"
"80765",13,"4.775","2021-03-25 20:15:00"
"80871",13,"4.025","2021-03-25 20:30:00"
"80816",13,"2.45","2021-02-20 19:15:00"
"80925",13,"1.7000000000000002","2021-02-20 19:30:00"
"81012",13,"1.25","2021-02-20 19:45:00"
"80998",13,"5.075","2021-03-25 20:45:00"
"81112",13,"4.85","2021-03-25 21:00:00"
"81235",13,"4.625","2021-03-25 21:15:00"
"82275",13,"2.375","2021-02-21 00:30:00"
"82329",13,"3.725","2021-02-21 00:45:00"
"82383",13,"5.15","2021-02-21 01:00:00"
"82437",13,"5.3","2021-02-21 01:15:00"
"82491",13,"5.15","2021-02-21 01:30:00"
"82545",13,"4.475","2021-02-21 01:45:00"
"82599",13,"4.475","2021-02-21 02:00:00"
"82660",13,"4.85","2021-02-21 02:15:00"
"82747",13,"5","2021-02-21 02:30:00"
"82828",13,"4.85","2021-02-21 02:45:00"
"83815",13,"5.975","2021-02-21 03:00:00"
"83869",13,"6.425","2021-02-21 03:15:00"
"83923",13,"4.7","2021-02-21 03:30:00"
"83977",13,"4.1","2021-02-21 03:45:00"
"84031",13,"4.1","2021-02-21 04:00:00"
"84085",13,"5","2021-02-21 04:15:00"
"84139",13,"4.4","2021-02-21 04:30:00"
"84193",13,"4.325","2021-02-21 04:45:00"
"84247",13,"3.275","2021-02-21 05:00:00"
"84301",13,"4.175","2021-02-21 05:15:00"
"86057",13,"4.4","2021-02-21 08:45:00"
"86111",13,"5.975","2021-02-21 09:00:00"
"86165",13,"7.85","2021-02-21 09:15:00"
"86219",13,"7.7","2021-02-21 09:30:00"
"86273",13,"7.325","2021-02-21 09:45:00"
"86327",13,"7.775","2021-02-21 10:00:00"
"86381",13,"7.175","2021-02-21 10:15:00"
"86435",13,"6.425","2021-02-21 10:30:00"
"86489",13,"7.175","2021-02-21 10:45:00"
"86543",13,"7.55","2021-02-21 11:00:00"
"87723",13,"4.625","2021-03-26 11:30:00"
"87777",13,"4.55","2021-03-26 11:45:00"
"88831",13,"4.625","2021-03-26 12:00:00"
"87867",13,"6.125","2021-02-21 12:30:00"
"87921",13,"6.2","2021-02-21 12:45:00"
"87975",13,"6.35","2021-02-21 13:00:00"
"88029",13,"6.425","2021-02-21 13:15:00"
"88083",13,"5.975","2021-02-21 13:30:00"
"88137",13,"8","2021-02-21 13:45:00"
"88191",13,"4.775","2021-02-21 14:00:00"
"88245",13,"6.425","2021-02-21 14:15:00"
"89425",13,"4.1","2021-03-26 14:45:00"
"89479",13,"3.95","2021-03-26 15:00:00"
"89533",13,"5.525","2021-03-26 15:15:00"
"89587",13,"4.175","2021-03-26 15:30:00"
"89641",13,"3.5","2021-03-26 15:45:00"
"89695",13,"3.875","2021-03-26 16:00:00"
"89749",13,"3.8","2021-03-26 16:15:00"
"89839",13,"4.55","2021-02-21 17:00:00"
"89893",13,"3.725","2021-02-21 17:15:00"
"89947",13,"3.65","2021-02-21 17:30:00"
"91127",13,"5.45","2021-03-26 18:00:00"
"91181",13,"3.725","2021-03-26 18:15:00"
"91235",13,"2.975","2021-03-26 18:30:00"
"91289",13,"3.575","2021-03-26 18:45:00"
"91343",13,"3.5","2021-03-26 19:00:00"
"91397",13,"3.05","2021-03-26 19:15:00"
"91451",13,"3.65","2021-03-26 19:30:00"
"91505",13,"5.825","2021-03-26 19:45:00"
"91559",13,"6.95","2021-03-26 20:00:00"
"91613",13,"5.375","2021-03-26 20:15:00"
"92621",13,"6.275","2021-02-22 01:15:00"
"92675",13,"7.1","2021-02-22 01:30:00"
"92729",13,"9.35","2021-02-22 01:45:00"
"93783",13,"7.7","2021-02-22 02:00:00"
"93837",13,"6.875","2021-02-22 02:15:00"
"92937",13,"0","2021-03-26 21:45:00"
"92991",13,"0","2021-03-26 22:00:00"
"93045",13,"0","2021-03-26 22:15:00"
"93099",13,"0","2021-03-26 22:30:00"
"93153",13,"2.825","2021-03-26 22:45:00"
"94323",13,"4.25","2021-02-22 04:30:00"
"94377",13,"4.625","2021-02-22 04:45:00"
"94431",13,"7.175","2021-02-22 05:00:00"
"94485",13,"6.35","2021-02-22 05:15:00"
"94539",13,"5.3","2021-02-22 05:30:00"
"94593",13,"3.875","2021-02-22 05:45:00"
"94647",13,"3.05","2021-02-22 06:00:00"
"94701",13,"3.95","2021-02-22 06:15:00"
"94755",13,"4.25","2021-02-22 06:30:00"
"95809",13,"3.275","2021-02-22 06:45:00"
"96025",13,"5.675","2021-02-22 07:45:00"
"96079",13,"5.9","2021-02-22 08:00:00"
"96133",13,"7.25","2021-02-22 08:15:00"
"96187",13,"5.9","2021-02-22 08:30:00"
"96241",13,"6.125","2021-02-22 08:45:00"
"96295",13,"5.375","2021-02-22 09:00:00"
"96349",13,"6.05","2021-02-22 09:15:00"
"96403",13,"6.35","2021-02-22 09:30:00"
"96457",13,"5.75","2021-02-22 09:45:00"
"96511",13,"6.8","2021-02-22 10:00:00"
"97691",13,"4.775","2021-03-27 10:30:00"
"97745",13,"4.25","2021-03-27 10:45:00"
"98799",13,"4.925","2021-03-27 11:00:00"
"97835",13,"7.85","2021-02-22 11:30:00"
"97889",13,"5.825","2021-02-22 11:45:00"
"97943",13,"5.75","2021-02-22 12:00:00"
"97997",13,"5.825","2021-02-22 12:15:00"
"98051",13,"6.125","2021-02-22 12:30:00"
"98105",13,"6.875","2021-02-22 12:45:00"
"98159",13,"6.95","2021-02-22 13:00:00"
"98213",13,"5.6","2021-02-22 13:15:00"
"99854",13,"4.1","2021-03-27 15:30:00"
"101825",13,"4.25","2021-03-27 15:45:00"
"101879",13,"5.525","2021-03-27 16:00:00"
"99969",13,"4.625","2021-02-22 16:45:00"
"100023",13,"2.975","2021-02-22 17:00:00"
"100077",13,"2.525","2021-02-22 17:15:00"
"100131",13,"2.375","2021-02-22 17:30:00"
"100185",13,"3.5","2021-02-22 17:45:00"
"100239",13,"3.2","2021-02-22 18:00:00"
"100293",13,"2.525","2021-02-22 18:15:00"
"100945",13,"2","2021-06-16 21:30:00"
"100999",13,"1.925","2021-06-16 21:45:00"
"101053",13,"1.7000000000000002","2021-06-16 22:00:00"
"101107",13,"1.775","2021-06-16 22:15:00"
"99915",13,"3.95","2021-02-22 16:30:00"
"101485",13,"0.58","2021-06-17 00:00:00"
"101539",13,"0","2021-06-17 00:15:00"
"101593",13,"0","2021-06-17 00:30:00"
"101647",13,"0.43","2021-06-17 00:45:00"
"101701",13,"0","2021-06-17 01:00:00"
"101755",13,"0","2021-06-17 01:15:00"
"103809",13,"0","2021-06-17 01:30:00"
"101933",13,"6.35","2021-03-27 16:15:00"
"101987",13,"6.35","2021-03-27 16:30:00"
"102041",13,"11.08","2021-03-27 16:45:00"
"107537",13,"2.75","2021-06-17 09:30:00"
"107591",13,"2.75","2021-06-17 09:45:00"
"107645",13,"2.9","2021-06-17 10:00:00"
"107699",13,"2.825","2021-06-17 10:15:00"
"107753",13,"3.35","2021-06-17 10:30:00"
"107877",13,"0","2021-03-28 01:15:00"
"107931",13,"0","2021-03-28 01:30:00"
"107985",13,"0","2021-03-28 01:45:00"
"108039",13,"1.175","2021-03-28 02:00:00"
"108093",13,"0.8","2021-03-28 02:15:00"
"109335",13,"3.125","2021-06-17 11:00:00"
"109474",13,"2.3","2021-06-17 11:15:00"
"109591",13,"3.125","2021-06-17 11:30:00"
"109339",13,"2.675","2021-02-23 06:15:00"
"109470",13,"2.75","2021-02-23 06:30:00"
"109627",13,"2.15","2021-02-23 06:45:00"
"109386",13,"0","2021-05-06 01:45:00"
"109632",13,"0","2021-05-06 02:00:00"
"109893",13,"0","2021-05-06 02:15:00"
"109735",13,"2.9","2021-06-17 11:45:00"
"109891",13,"2.9","2021-06-17 12:00:00"
"110915",13,"3.2","2021-06-17 14:00:00"
"111035",13,"3.275","2021-06-17 14:15:00"
"111025",13,"2.9","2021-02-23 09:15:00"
"111141",13,"4.85","2021-02-23 09:30:00"
"111202",13,"2.9","2021-06-17 14:30:00"
"111324",13,"2.675","2021-06-17 14:45:00"
"111452",13,"3.35","2021-06-17 15:00:00"
"111268",13,"4.625","2021-02-23 09:45:00"
"111406",13,"3.875","2021-02-23 10:00:00"
"111522",13,"4.625","2021-02-23 10:15:00"
"112451",13,"4.025","2021-02-23 13:30:00"
"112505",13,"3.5","2021-02-23 13:45:00"
"112559",13,"3.575","2021-02-23 14:00:00"
"112613",13,"4.025","2021-02-23 14:15:00"
"112667",13,"4.25","2021-02-23 14:30:00"
"112721",13,"4.175","2021-02-23 14:45:00"
"112775",13,"3.575","2021-02-23 15:00:00"
"115829",13,"2.75","2021-02-23 15:15:00"
"112887",13,"3.05","2021-06-17 15:45:00"
"112941",13,"2.15","2021-06-17 16:00:00"
"112995",13,"2.75","2021-06-17 16:15:00"
"114065",13,"0","2021-03-28 06:45:00"
"114119",13,"0","2021-03-28 07:00:00"
"114173",13,"0","2021-03-28 07:15:00"
"114227",13,"0","2021-03-28 07:30:00"
"114317",13,"0","2021-03-28 07:45:00"
"114416",13,"2.75","2021-05-06 05:00:00"
"114509",13,"0","2021-05-06 05:15:00"
"114628",13,"2.375","2021-05-06 05:30:00"
"114424",13,"0","2021-03-28 08:00:00"
"114544",13,"0","2021-03-28 08:15:00"
"114638",13,"0","2021-03-28 08:30:00"
"115280",13,"0","2021-05-06 07:00:00"
"115349",13,"0","2021-05-06 07:15:00"
"115283",13,"2.225","2021-03-28 10:00:00"
"118821",13,"1.85","2021-03-28 10:15:00"
"118875",13,"2.3","2021-03-28 10:30:00"
"115403",13,"1.325","2021-05-06 07:30:00"
"115457",13,"1.625","2021-05-06 07:45:00"
"115511",13,"1.85","2021-05-06 08:00:00"
"115565",13,"0","2021-05-06 08:15:00"
"115619",13,"1.175","2021-05-06 08:30:00"
"116315",13,"2","2021-02-23 17:30:00"
"116369",13,"1.925","2021-02-23 17:45:00"
"116423",13,"1.55","2021-02-23 18:00:00"
"116477",13,"0.28","2021-02-23 18:15:00"
"116531",13,"1.475","2021-02-23 18:30:00"
"116585",13,"2.525","2021-02-23 18:45:00"
"116639",13,"2.3","2021-02-23 19:00:00"
"116693",13,"2.525","2021-02-23 19:15:00"
"116747",13,"2.525","2021-02-23 19:30:00"
"119415",13,"2.375","2021-02-23 19:45:00"
"117997",13,"2.075","2021-05-06 10:15:00"
"118051",13,"2.975","2021-05-06 10:30:00"
"118105",13,"3.2","2021-05-06 10:45:00"
"118159",13,"2.525","2021-05-06 11:00:00"
"118213",13,"2.45","2021-05-06 11:15:00"
"118267",13,"3.05","2021-05-06 11:30:00"
"118321",13,"2.9","2021-05-06 11:45:00"
"118375",13,"3.2","2021-05-06 12:00:00"
"118429",13,"3.8","2021-05-06 12:15:00"
"118483",13,"3.95","2021-05-06 12:30:00"
"119575",13,"1.7000000000000002","2021-02-23 20:00:00"
"119701",13,"1.475","2021-02-23 20:15:00"
"119830",13,"2.45","2021-02-23 20:30:00"
"119710",13,"3.65","2021-03-28 13:45:00"
"119792",13,"3.125","2021-03-28 14:00:00"
"119896",13,"4.25","2021-03-28 14:15:00"
"73443",13,"0.9500000000000001","2021-02-19 21:30:00"
"73497",13,"0","2021-02-19 21:45:00"
"73551",13,"0","2021-02-19 22:00:00"
"73605",13,"1.85","2021-02-19 22:15:00"
"73659",13,"1.7000000000000002","2021-02-19 22:30:00"
"73713",13,"1.25","2021-02-19 22:45:00"
"73767",13,"1.625","2021-02-19 23:00:00"
"73821",13,"2.075","2021-02-19 23:15:00"
"73875",13,"2.825","2021-02-19 23:30:00"
"73929",13,"2.9","2021-02-19 23:45:00"
"75117",13,"1.325","2021-02-20 05:15:00"
"75171",13,"0.88","2021-02-20 05:30:00"
"75225",13,"0","2021-02-20 05:45:00"
"75279",13,"1.85","2021-02-20 06:00:00"
"75333",13,"1.925","2021-02-20 06:15:00"
"75387",13,"1.55","2021-02-20 06:30:00"
"75441",13,"1.55","2021-02-20 06:45:00"
"75495",13,"1.85","2021-02-20 07:00:00"
"75549",13,"1.475","2021-02-20 07:15:00"
"75603",13,"1.4","2021-02-20 07:30:00"
"76215",13,"5.975","2021-03-25 10:00:00"
"76269",13,"6.875","2021-03-25 10:15:00"
"76323",13,"6.2","2021-03-25 10:30:00"
"76377",13,"7.025","2021-03-25 10:45:00"
"76431",13,"6.8","2021-03-25 11:00:00"
"76485",13,"7.25","2021-03-25 11:15:00"
"76539",13,"5.975","2021-03-25 11:30:00"
"76593",13,"5.975","2021-03-25 11:45:00"
"76647",13,"5.6","2021-03-25 12:00:00"
"76701",13,"5.975","2021-03-25 12:15:00"
"78037",13,"6.125","2021-02-20 13:00:00"
"78150",13,"4.625","2021-02-20 13:15:00"
"77917",13,"6.5","2021-03-25 13:15:00"
"77971",13,"6.875","2021-03-25 13:30:00"
"78034",13,"4.625","2021-03-25 13:45:00"
"78137",13,"5.45","2021-03-25 14:00:00"
"78239",13,"5.3","2021-03-25 14:15:00"
"78264",13,"5.3","2021-02-20 13:30:00"
"78371",13,"5.075","2021-02-20 13:45:00"
"78486",13,"3.575","2021-02-20 14:00:00"
"79460",13,"4.85","2021-03-25 17:00:00"
"79781",13,"4.625","2021-03-25 17:15:00"
"79601",13,"4.775","2021-02-20 16:45:00"
"79655",13,"4.55","2021-02-20 17:00:00"
"79709",13,"4.925","2021-02-20 17:15:00"
"79763",13,"4.7","2021-02-20 17:30:00"
"80198",13,"3.875","2021-02-20 17:45:00"
"79835",13,"5","2021-03-25 17:30:00"
"79889",13,"4.625","2021-03-25 17:45:00"
"79943",13,"4.025","2021-03-25 18:00:00"
"81681",13,"1.925","2021-02-20 21:45:00"
"81735",13,"2","2021-02-20 22:00:00"
"81789",13,"1.775","2021-02-20 22:15:00"
"81843",13,"1.475","2021-02-20 22:30:00"
"81897",13,"1.475","2021-02-20 22:45:00"
"81951",13,"3.8","2021-02-20 23:00:00"
"82005",13,"3.275","2021-02-20 23:15:00"
"82059",13,"3.275","2021-02-20 23:30:00"
"82113",13,"2.975","2021-02-20 23:45:00"
"82167",13,"2.9","2021-02-21 00:00:00"
"82221",13,"2.975","2021-02-21 00:15:00"
"83401",13,"2.225","2021-03-26 00:45:00"
"83455",13,"1.85","2021-03-26 01:00:00"
"83509",13,"1.475","2021-03-26 01:15:00"
"83563",13,"0","2021-03-26 01:30:00"
"83617",13,"0","2021-03-26 01:45:00"
"83671",13,"1.925","2021-03-26 02:00:00"
"83725",13,"1.85","2021-03-26 02:15:00"
"83779",13,"0","2021-03-26 02:30:00"
"84833",13,"0.88","2021-03-26 02:45:00"
"84887",13,"1.475","2021-03-26 03:00:00"
"84941",13,"0","2021-03-26 03:15:00"
"84995",13,"1.55","2021-03-26 03:30:00"
"85049",13,"2.3","2021-03-26 03:45:00"
"85103",13,"2.375","2021-03-26 04:00:00"
"85157",13,"2.375","2021-03-26 04:15:00"
"85211",13,"2.6","2021-03-26 04:30:00"
"85265",13,"2.525","2021-03-26 04:45:00"
"85319",13,"2.825","2021-03-26 05:00:00"
"85373",13,"3.125","2021-03-26 05:15:00"
"85427",13,"2.975","2021-03-26 05:30:00"
"86597",13,"7.175","2021-02-21 11:15:00"
"86651",13,"6.8","2021-02-21 11:30:00"
"86705",13,"8.45","2021-02-21 11:45:00"
"86759",13,"6.575","2021-02-21 12:00:00"
"87813",13,"7.7","2021-02-21 12:15:00"
"86913",13,"0","2021-03-26 07:45:00"
"86967",13,"3.8","2021-03-26 08:00:00"
"87021",13,"2.9","2021-03-26 08:15:00"
"87075",13,"3.35","2021-03-26 08:30:00"
"87129",13,"3.95","2021-03-26 08:45:00"
"88299",13,"6.65","2021-02-21 14:30:00"
"88353",13,"5.675","2021-02-21 14:45:00"
"88407",13,"5.9","2021-02-21 15:00:00"
"88461",13,"5.45","2021-02-21 15:15:00"
"88515",13,"5.375","2021-02-21 15:30:00"
"88569",13,"5.15","2021-02-21 15:45:00"
"88623",13,"5.15","2021-02-21 16:00:00"
"88677",13,"5.225","2021-02-21 16:15:00"
"88731",13,"4.475","2021-02-21 16:30:00"
"89785",13,"4.1","2021-02-21 16:45:00"
"90541",13,"2.75","2021-02-21 20:15:00"
"90595",13,"2.9","2021-02-21 20:30:00"
"90649",13,"2.375","2021-02-21 20:45:00"
"90703",13,"2.9","2021-02-21 21:00:00"
"90757",13,"2.375","2021-02-21 21:15:00"
"90803",13,"3.425","2021-03-26 16:30:00"
"90857",13,"2.6","2021-03-26 16:45:00"
"90911",13,"3.2","2021-03-26 17:00:00"
"90965",13,"11.3","2021-03-26 17:15:00"
"91019",13,"12.12","2021-03-26 17:30:00"
"91073",13,"8.37","2021-03-26 17:45:00"
"92081",13,"3.65","2021-02-21 22:45:00"
"92135",13,"5.375","2021-02-21 23:00:00"
"92189",13,"5.675","2021-02-21 23:15:00"
"92243",13,"6.35","2021-02-21 23:30:00"
"92297",13,"6.35","2021-02-21 23:45:00"
"92351",13,"5.15","2021-02-22 00:00:00"
"92405",13,"3.875","2021-02-22 00:15:00"
"92459",13,"4.85","2021-02-22 00:30:00"
"92513",13,"6.5","2021-02-22 00:45:00"
"92567",13,"6.725","2021-02-22 01:00:00"
"93747",13,"0.8","2021-03-27 01:30:00"
"94801",13,"2","2021-03-27 01:45:00"
"94855",13,"0","2021-03-27 02:00:00"
"93891",13,"7.1","2021-02-22 02:30:00"
"93945",13,"7.7","2021-02-22 02:45:00"
"93999",13,"6.575","2021-02-22 03:00:00"
"94053",13,"6.575","2021-02-22 03:15:00"
"94107",13,"5.45","2021-02-22 03:30:00"
"94161",13,"5.75","2021-02-22 03:45:00"
"94215",13,"4.55","2021-02-22 04:00:00"
"94269",13,"4.4","2021-02-22 04:15:00"
"95449",13,"0","2021-03-27 04:45:00"
"95503",13,"0","2021-03-27 05:00:00"
"95557",13,"0","2021-03-27 05:15:00"
"95611",13,"1.4","2021-03-27 05:30:00"
"95665",13,"1.325","2021-03-27 05:45:00"
"95719",13,"2.3","2021-03-27 06:00:00"
"95773",13,"2.075","2021-03-27 06:15:00"
"96827",13,"1.475","2021-03-27 06:30:00"
"95863",13,"2.3","2021-02-22 07:00:00"
"95917",13,"4.4","2021-02-22 07:15:00"
"95971",13,"5.9","2021-02-22 07:30:00"
"97151",13,"1.775","2021-03-27 08:00:00"
"97205",13,"1.925","2021-03-27 08:15:00"
"97259",13,"0","2021-03-27 08:30:00"
"97313",13,"1.325","2021-03-27 08:45:00"
"97367",13,"3.725","2021-03-27 09:00:00"
"97421",13,"5","2021-03-27 09:15:00"
"97475",13,"4.175","2021-03-27 09:30:00"
"97529",13,"4.4","2021-03-27 09:45:00"
"97583",13,"3.725","2021-03-27 10:00:00"
"97637",13,"4.025","2021-03-27 10:15:00"
"98853",13,"3.65","2021-03-27 11:15:00"
"98907",13,"3.95","2021-03-27 11:30:00"
"98961",13,"3.125","2021-03-27 11:45:00"
"99015",13,"4.175","2021-03-27 12:00:00"
"99069",13,"3.725","2021-03-27 12:15:00"
"99123",13,"3.425","2021-03-27 12:30:00"
"99177",13,"4.1","2021-03-27 12:45:00"
"99231",13,"4.1","2021-03-27 13:00:00"
"99285",13,"5.75","2021-03-27 13:15:00"
"99339",13,"3.725","2021-03-27 13:30:00"
"100347",13,"2.075","2021-02-22 18:30:00"
"100401",13,"0","2021-02-22 18:45:00"
"100455",13,"0","2021-02-22 19:00:00"
"100509",13,"0","2021-02-22 19:15:00"
"100563",13,"0","2021-02-22 19:30:00"
"100617",13,"0","2021-02-22 19:45:00"
"100671",13,"0","2021-02-22 20:00:00"
"100725",13,"0","2021-02-22 20:15:00"
"100779",13,"1.475","2021-02-22 20:30:00"
"100783",13,"2.525","2021-06-16 20:45:00"
"100837",13,"2.675","2021-06-16 21:00:00"
"100891",13,"2.225","2021-06-16 21:15:00"
"102095",13,"7.55","2021-03-27 17:00:00"
"102149",13,"2.825","2021-03-27 17:15:00"
"102203",13,"3.95","2021-03-27 17:30:00"
"102257",13,"3.275","2021-03-27 17:45:00"
"102311",13,"3.125","2021-03-27 18:00:00"
"102365",13,"5.375","2021-03-27 18:15:00"
"102419",13,"5.9","2021-03-27 18:30:00"
"102474",13,"6.65","2021-03-27 18:45:00"
"102571",13,"5.225","2021-03-27 19:00:00"
"102678",13,"3.8","2021-03-27 19:15:00"
"103103",13,"2.3","2021-02-22 22:00:00"
"103157",13,"2.225","2021-02-22 22:15:00"
"103211",13,"2","2021-02-22 22:30:00"
"103265",13,"1.4","2021-02-22 22:45:00"
"103319",13,"1.85","2021-02-22 23:00:00"
"103373",13,"1.775","2021-02-22 23:15:00"
"103427",13,"2.15","2021-02-22 23:30:00"
"103481",13,"2.375","2021-02-22 23:45:00"
"103535",13,"2.6","2021-02-23 00:00:00"
"103589",13,"2.75","2021-02-23 00:15:00"
"104187",13,"1.55","2021-06-17 03:15:00"
"104241",13,"2.375","2021-06-17 03:30:00"
"104295",13,"2.525","2021-06-17 03:45:00"
"104349",13,"2.45","2021-06-17 04:00:00"
"104403",13,"2.45","2021-06-17 04:15:00"
"104457",13,"2","2021-06-17 04:30:00"
"104511",13,"2.225","2021-06-17 04:45:00"
"104565",13,"2","2021-06-17 05:00:00"
"104619",13,"1.7000000000000002","2021-06-17 05:15:00"
"104673",13,"0","2021-06-17 05:30:00"
"105337",13,"1.775","2021-03-27 22:45:00"
"105391",13,"0","2021-03-27 23:00:00"
"105445",13,"0.43","2021-03-27 23:15:00"
"105499",13,"1.7000000000000002","2021-03-27 23:30:00"
"105553",13,"1.775","2021-03-27 23:45:00"
"105607",13,"0","2021-03-28 00:00:00"
"105661",13,"0","2021-03-28 00:15:00"
"105715",13,"1.1","2021-03-28 00:30:00"
"105769",13,"0.65","2021-03-28 00:45:00"
"107823",13,"0","2021-03-28 01:00:00"
"106453",13,"1.55","2021-02-23 04:15:00"
"106507",13,"2.45","2021-02-23 04:30:00"
"106561",13,"1.775","2021-02-23 04:45:00"
"106615",13,"1.775","2021-02-23 05:00:00"
"106669",13,"2.15","2021-02-23 05:15:00"
"106723",13,"1.4","2021-02-23 05:30:00"
"106777",13,"2.15","2021-02-23 05:45:00"
"109208",13,"2.975","2021-02-23 06:00:00"
"106835",13,"0","2021-06-17 06:15:00"
"106889",13,"0","2021-06-17 06:30:00"
"106943",13,"0","2021-06-17 06:45:00"
"108147",13,"0","2021-03-28 02:30:00"
"108201",13,"0","2021-03-28 02:45:00"
"108255",13,"0.8","2021-03-28 03:00:00"
"108309",13,"1.175","2021-03-28 03:15:00"
"108363",13,"1.25","2021-03-28 03:30:00"
"108418",13,"0","2021-03-28 03:45:00"
"108444",13,"2.075","2021-05-06 00:00:00"
"108505",13,"0","2021-03-28 04:00:00"
"108604",13,"0","2021-03-28 04:15:00"
"108725",13,"0","2021-03-28 04:30:00"
"109762",13,"1.7000000000000002","2021-02-23 07:00:00"
"109879",13,"1.475","2021-02-23 07:15:00"
"109997",13,"1.625","2021-02-23 07:30:00"
"110109",13,"3.05","2021-02-23 07:45:00"
"110260",13,"3.425","2021-02-23 08:00:00"
"110182",13,"0","2021-05-06 02:30:00"
"110445",13,"0","2021-05-06 02:45:00"
"110052",13,"3.5","2021-06-17 12:15:00"
"110177",13,"3.8","2021-06-17 12:30:00"
"110304",13,"3.275","2021-06-17 12:45:00"
"111547",13,"0","2021-05-06 03:45:00"
"111647",13,"0","2021-05-06 04:00:00"
"111701",13,"2.6","2021-05-06 04:15:00"
"111589",13,"3.875","2021-06-17 15:15:00"
"112833",13,"3.575","2021-06-17 15:30:00"
"111803",13,"3.5","2021-02-23 10:30:00"
"111857",13,"3.275","2021-02-23 10:45:00"
"111755",13,"3.575","2021-05-06 04:30:00"
"114302",13,"3.5","2021-05-06 04:45:00"
"113049",13,"3.125","2021-06-17 16:30:00"
"113103",13,"3.65","2021-06-17 16:45:00"
"113157",13,"3.425","2021-06-17 17:00:00"
"113211",13,"2.525","2021-06-17 17:15:00"
"113265",13,"2.9","2021-06-17 17:30:00"
"113319",13,"2.75","2021-06-17 17:45:00"
"113373",13,"3.2","2021-06-17 18:00:00"
"113427",13,"3.275","2021-06-17 18:15:00"
"113481",13,"2.6","2021-06-17 18:30:00"
"113535",13,"2.3","2021-06-17 18:45:00"
"114740",13,"2.675","2021-05-06 05:45:00"
"114850",13,"2","2021-05-06 06:00:00"
"114743",13,"1.4","2021-03-28 08:45:00"
"114849",13,"1.85","2021-03-28 09:00:00"
"114950",13,"2.15","2021-03-28 09:15:00"
"114962",13,"1.85","2021-05-06 06:15:00"
"115054",13,"0","2021-05-06 06:30:00"
"115178",13,"0","2021-05-06 06:45:00"
"115076",13,"2.525","2021-03-28 09:30:00"
"115169",13,"2.225","2021-03-28 09:45:00"
"117453",13,"0","2021-06-17 23:00:00"
"117507",13,"0","2021-06-17 23:15:00"
"117561",13,"0.5","2021-06-17 23:30:00"
"117615",13,"0","2021-06-17 23:45:00"
"117669",13,"0.5","2021-06-18 00:00:00"
"117723",13,"0","2021-06-18 00:15:00"
"117777",13,"0","2021-06-18 00:30:00"
"117835",13,"0.35000000000000003","2021-05-06 09:30:00"
"117889",13,"1.1","2021-05-06 09:45:00"
"117943",13,"1.7000000000000002","2021-05-06 10:00:00"
"119037",13,"4.025","2021-03-28 11:15:00"
"119091",13,"3.275","2021-03-28 11:30:00"
"119145",13,"3.8","2021-03-28 11:45:00"
"119199",13,"4.325","2021-03-28 12:00:00"
"119253",13,"3.05","2021-03-28 12:15:00"
"119307",13,"4.175","2021-03-28 12:30:00"
"119362",13,"2.15","2021-03-28 12:45:00"
"119988",13,"3.5","2021-03-28 14:30:00"
"122793",13,"4.25","2021-03-28 14:45:00"
"119962",13,"2.075","2021-02-23 20:45:00"
"120071",13,"1.7000000000000002","2021-02-23 21:00:00"
"120125",13,"1.85","2021-02-23 21:15:00"
"125155",13,"1.85","2021-02-24 03:45:00"
"125321",13,"2.075","2021-02-24 04:00:00"
"125438",13,"2.45","2021-02-24 04:15:00"
"125256",13,"3.275","2021-06-18 08:30:00"
"125391",13,"3.8","2021-06-18 08:45:00"
"125537",13,"2","2021-02-24 04:30:00"
"125630",13,"2.075","2021-02-24 04:45:00"
"125503",13,"3.875","2021-06-18 09:00:00"
"125634",13,"4.7","2021-06-18 09:15:00"
"125721",13,"4.55","2021-06-18 09:30:00"
"126819",13,"1.175","2021-03-28 19:30:00"
"126873",13,"0","2021-03-28 19:45:00"
"126927",13,"0","2021-03-28 20:00:00"
"126981",13,"2.45","2021-03-28 20:15:00"
"127042",13,"2.3","2021-03-28 20:30:00"
"127069",13,"2.3","2021-02-24 05:00:00"
"127190",13,"2.525","2021-02-24 05:15:00"
"127334",13,"2.225","2021-02-24 05:30:00"
"127135",13,"2.15","2021-03-28 20:45:00"
"127229",13,"2.3","2021-03-28 21:00:00"
"127314",13,"2.15","2021-03-28 21:15:00"
"130791",13,"2","2021-03-29 00:00:00"
"130845",13,"2.15","2021-03-29 00:15:00"
"128501",13,"3.275","2021-02-24 08:15:00"
"128555",13,"2.075","2021-02-24 08:30:00"
"128609",13,"2.15","2021-02-24 08:45:00"
"128663",13,"2","2021-02-24 09:00:00"
"128717",13,"1.4","2021-02-24 09:15:00"
"128771",13,"2.45","2021-02-24 09:30:00"
"131825",13,"2.825","2021-02-24 09:45:00"
"131879",13,"3.575","2021-02-24 10:00:00"
"129947",13,"2.45","2021-06-18 13:30:00"
"130028",13,"1.475","2021-06-18 13:45:00"
"130108",13,"1.775","2021-06-18 14:00:00"
"130195",13,"2.45","2021-06-18 14:15:00"
"132218",13,"2.3","2021-06-18 14:30:00"
"130291",13,"1.775","2021-05-07 01:30:00"
"130345",13,"1.625","2021-05-07 01:45:00"
"130399",13,"0","2021-05-07 02:00:00"
"130453",13,"4.25","2021-05-07 02:15:00"
"130507",13,"5.375","2021-05-07 02:30:00"
"131763",13,"1.25","2021-03-29 04:30:00"
"134413",13,"0","2021-03-29 04:45:00"
"131933",13,"3.125","2021-02-24 10:15:00"
"131987",13,"3.2","2021-02-24 10:30:00"
"132041",13,"3.725","2021-02-24 10:45:00"
"132095",13,"3.725","2021-02-24 11:00:00"
"132149",13,"4.475","2021-02-24 11:15:00"
"132229",13,"4.025","2021-02-24 11:30:00"
"132338",13,"3.95","2021-02-24 11:45:00"
"133449",13,"1.625","2021-06-18 17:30:00"
"133503",13,"1.775","2021-06-18 17:45:00"
"133557",13,"1.85","2021-06-18 18:00:00"
"133611",13,"1.7000000000000002","2021-06-18 18:15:00"
"133665",13,"1.925","2021-06-18 18:30:00"
"133719",13,"1.775","2021-06-18 18:45:00"
"133773",13,"0","2021-06-18 19:00:00"
"133831",13,"4.85","2021-05-07 04:00:00"
"133885",13,"3.8","2021-05-07 04:15:00"
"133939",13,"3.95","2021-05-07 04:30:00"
"134507",13,"2.3","2021-03-29 05:00:00"
"134593",13,"2.45","2021-03-29 05:15:00"
"134670",13,"2.375","2021-03-29 05:30:00"
"134745",13,"2.375","2021-03-29 05:45:00"
"134831",13,"2.45","2021-03-29 06:00:00"
"134848",13,"2.3","2021-05-07 07:15:00"
"134983",13,"3.2","2021-05-07 07:30:00"
"134925",13,"2.3","2021-03-29 06:15:00"
"135020",13,"2","2021-03-29 06:30:00"
"135092",13,"1.625","2021-03-29 06:45:00"
"136808",13,"2","2021-06-18 20:00:00"
"137015",13,"2","2021-06-18 20:15:00"
"136911",13,"2.6","2021-03-29 10:15:00"
"137099",13,"2.6","2021-03-29 10:30:00"
"137179",13,"4.325","2021-05-07 09:45:00"
"137372",13,"3.65","2021-05-07 10:00:00"
"137625",13,"3.65","2021-05-07 10:15:00"
"137153",13,"3.425","2021-02-24 16:30:00"
"137365",13,"3.875","2021-02-24 16:45:00"
"137558",13,"3.5","2021-02-24 17:00:00"
"138587",13,"6.8","2021-02-24 18:15:00"
"138817",13,"6.8","2021-02-24 18:30:00"
"138419",13,"3.05","2021-03-29 12:00:00"
"138638",13,"3.875","2021-03-29 12:15:00"
"138864",13,"4.025","2021-03-29 12:30:00"
"138992",13,"2.375","2021-06-18 22:30:00"
"139108",13,"3.725","2021-05-07 12:00:00"
"139184",13,"2.75","2021-06-18 22:45:00"
"138570",13,"2.525","2021-06-18 22:00:00"
"138769",13,"2.825","2021-06-18 22:15:00"
"140152",13,"1.775","2021-06-19 00:30:00"
"140249",13,"2.225","2021-06-19 00:45:00"
"140385",13,"9.65","2021-03-29 15:15:00"
"140492",13,"6.5","2021-03-29 15:30:00"
"140581",13,"7.175","2021-03-29 15:45:00"
"140361",13,"2.375","2021-06-19 01:00:00"
"140471",13,"2.45","2021-06-19 01:15:00"
"140596",13,"2.975","2021-06-19 01:30:00"
"140710",13,"6.275","2021-03-29 16:00:00"
"140821",13,"10.48","2021-03-29 16:15:00"
"141616",13,"4.7","2021-05-07 13:45:00"
"141859",13,"4.475","2021-05-07 14:00:00"
"142064",13,"3.875","2021-05-07 14:15:00"
"141711",13,"3.275","2021-03-29 17:15:00"
"141917",13,"4.7","2021-03-29 17:30:00"
"142249",13,"1.475","2021-02-24 20:45:00"
"142452",13,"1.55","2021-02-24 21:00:00"
"142127",13,"6.5","2021-03-29 17:45:00"
"142351",13,"5.3","2021-03-29 18:00:00"
"142572",13,"5.825","2021-03-29 18:15:00"
"142849",13,"4.025","2021-05-07 15:15:00"
"142958",13,"4.55","2021-05-07 15:30:00"
"142764",13,"1.85","2021-06-19 04:15:00"
"144169",13,"2.675","2021-06-19 04:30:00"
"144274",13,"3.725","2021-06-19 04:45:00"
"143053",13,"4.4","2021-02-24 22:00:00"
"143161",13,"5.3","2021-02-24 22:15:00"
"143066",13,"5.075","2021-05-07 15:45:00"
"143174",13,"5","2021-05-07 16:00:00"
"143275",13,"5.45","2021-05-07 16:15:00"
"144383",13,"3.125","2021-06-19 05:00:00"
"144507",13,"3.05","2021-06-19 05:15:00"
"144567",13,"2.375","2021-03-29 21:00:00"
"101161",13,"1.325","2021-06-16 22:30:00"
"101215",13,"0","2021-06-16 22:45:00"
"101269",13,"0","2021-06-16 23:00:00"
"101323",13,"0","2021-06-16 23:15:00"
"101377",13,"0","2021-06-16 23:30:00"
"101431",13,"0.5","2021-06-16 23:45:00"
"102589",13,"1.625","2021-02-22 20:45:00"
"102695",13,"2.45","2021-02-22 21:00:00"
"102788",13,"2.825","2021-03-27 19:30:00"
"102909",13,"2.15","2021-03-27 19:45:00"
"102797",13,"2.15","2021-02-22 21:15:00"
"102898",13,"2.15","2021-02-22 21:30:00"
"103004",13,"2.6","2021-02-22 21:45:00"
"103020",13,"1.4","2021-03-27 20:00:00"
"104797",13,"0","2021-03-27 20:15:00"
"104851",13,"2.15","2021-03-27 20:30:00"
"103643",13,"2.3","2021-02-23 00:30:00"
"103697",13,"2.225","2021-02-23 00:45:00"
"103751",13,"2.225","2021-02-23 01:00:00"
"105805",13,"3.8","2021-02-23 01:15:00"
"105859",13,"2.6","2021-02-23 01:30:00"
"103863",13,"0","2021-06-17 01:45:00"
"103917",13,"1.775","2021-06-17 02:00:00"
"103971",13,"1.925","2021-06-17 02:15:00"
"104025",13,"0","2021-06-17 02:30:00"
"104079",13,"2.15","2021-06-17 02:45:00"
"104133",13,"2.075","2021-06-17 03:00:00"
"104727",13,"1.625","2021-06-17 05:45:00"
"106781",13,"0","2021-06-17 06:00:00"
"104905",13,"2","2021-03-27 20:45:00"
"104959",13,"2.075","2021-03-27 21:00:00"
"105013",13,"0","2021-03-27 21:15:00"
"105067",13,"2.825","2021-03-27 21:30:00"
"105121",13,"2.825","2021-03-27 21:45:00"
"105175",13,"1.775","2021-03-27 22:00:00"
"105229",13,"2","2021-03-27 22:15:00"
"105283",13,"2.45","2021-03-27 22:30:00"
"105913",13,"1.475","2021-02-23 01:45:00"
"105967",13,"1.85","2021-02-23 02:00:00"
"106021",13,"1.25","2021-02-23 02:15:00"
"106075",13,"1.475","2021-02-23 02:30:00"
"106129",13,"2","2021-02-23 02:45:00"
"106183",13,"1.775","2021-02-23 03:00:00"
"106237",13,"1.775","2021-02-23 03:15:00"
"106291",13,"2","2021-02-23 03:30:00"
"106345",13,"2.075","2021-02-23 03:45:00"
"106399",13,"1.775","2021-02-23 04:00:00"
"106997",13,"0","2021-06-17 07:00:00"
"107051",13,"0","2021-06-17 07:15:00"
"107105",13,"0","2021-06-17 07:30:00"
"107159",13,"0","2021-06-17 07:45:00"
"107213",13,"0","2021-06-17 08:00:00"
"107267",13,"0","2021-06-17 08:15:00"
"107321",13,"0","2021-06-17 08:30:00"
"107375",13,"0","2021-06-17 08:45:00"
"107429",13,"0","2021-06-17 09:00:00"
"107483",13,"1.325","2021-06-17 09:15:00"
"108557",13,"1.85","2021-05-06 00:15:00"
"108656",13,"2","2021-05-06 00:30:00"
"108762",13,"2","2021-05-06 00:45:00"
"108866",13,"1.25","2021-05-06 01:00:00"
"108973",13,"0","2021-05-06 01:15:00"
"108834",13,"0","2021-03-28 04:45:00"
"108946",13,"0","2021-03-28 05:00:00"
"109054",13,"0","2021-03-28 05:15:00"
"109082",13,"0","2021-05-06 01:30:00"
"109220",13,"2.825","2021-06-17 10:45:00"
"110415",13,"3.95","2021-06-17 13:00:00"
"110424",13,"3.425","2021-02-23 08:15:00"
"110534",13,"3.875","2021-06-17 13:15:00"
"110654",13,"3.35","2021-06-17 13:30:00"
"110779",13,"3.725","2021-06-17 13:45:00"
"110589",13,"3.575","2021-02-23 08:30:00"
"110735",13,"3.5","2021-02-23 08:45:00"
"110856",13,"2.975","2021-02-23 09:00:00"
"110729",13,"0","2021-05-06 03:00:00"
"110979",13,"0","2021-05-06 03:15:00"
"111255",13,"0","2021-05-06 03:30:00"
"111911",13,"3.2","2021-02-23 11:00:00"
"111965",13,"3.5","2021-02-23 11:15:00"
"112019",13,"3.5","2021-02-23 11:30:00"
"112073",13,"2.975","2021-02-23 11:45:00"
"112127",13,"3.65","2021-02-23 12:00:00"
"112181",13,"3.8","2021-02-23 12:15:00"
"112235",13,"3.2","2021-02-23 12:30:00"
"112289",13,"3.35","2021-02-23 12:45:00"
"112343",13,"4.4","2021-02-23 13:00:00"
"112397",13,"4.25","2021-02-23 13:15:00"
"113589",13,"1.925","2021-06-17 19:00:00"
"113643",13,"2.45","2021-06-17 19:15:00"
"113697",13,"1.775","2021-06-17 19:30:00"
"113751",13,"0","2021-06-17 19:45:00"
"116805",13,"1.925","2021-06-17 20:00:00"
"113795",13,"0","2021-03-28 05:30:00"
"113849",13,"0","2021-03-28 05:45:00"
"113903",13,"1.55","2021-03-28 06:00:00"
"113957",13,"0","2021-03-28 06:15:00"
"114011",13,"0","2021-03-28 06:30:00"
"115673",13,"0","2021-05-06 08:45:00"
"115727",13,"1.025","2021-05-06 09:00:00"
"117781",13,"1.325","2021-05-06 09:15:00"
"115883",13,"3.05","2021-02-23 15:30:00"
"115937",13,"3.8","2021-02-23 15:45:00"
"115991",13,"4.25","2021-02-23 16:00:00"
"116045",13,"3.725","2021-02-23 16:15:00"
"116099",13,"3.275","2021-02-23 16:30:00"
"116153",13,"3.35","2021-02-23 16:45:00"
"116207",13,"2.3","2021-02-23 17:00:00"
"116261",13,"2.075","2021-02-23 17:15:00"
"116859",13,"1.7000000000000002","2021-06-17 20:15:00"
"116913",13,"3.125","2021-06-17 20:30:00"
"116967",13,"2.525","2021-06-17 20:45:00"
"117021",13,"2.825","2021-06-17 21:00:00"
"117075",13,"3.05","2021-06-17 21:15:00"
"117129",13,"2.9","2021-06-17 21:30:00"
"117183",13,"2.15","2021-06-17 21:45:00"
"117237",13,"0","2021-06-17 22:00:00"
"117291",13,"0","2021-06-17 22:15:00"
"117345",13,"0","2021-06-17 22:30:00"
"117399",13,"1.1","2021-06-17 22:45:00"
"118537",13,"2.9","2021-05-06 12:45:00"
"118591",13,"5.375","2021-05-06 13:00:00"
"118645",13,"5.6","2021-05-06 13:15:00"
"118699",13,"5.525","2021-05-06 13:30:00"
"118753",13,"7.1","2021-05-06 13:45:00"
"121807",13,"6.425","2021-05-06 14:00:00"
"121861",13,"6.95","2021-05-06 14:15:00"
"118929",13,"2.6","2021-03-28 10:45:00"
"118983",13,"2.975","2021-03-28 11:00:00"
"120179",13,"2.075","2021-02-23 21:30:00"
"120233",13,"2","2021-02-23 21:45:00"
"120287",13,"1.925","2021-02-23 22:00:00"
"120341",13,"1.55","2021-02-23 22:15:00"
"120395",13,"1.55","2021-02-23 22:30:00"
"120449",13,"1.7000000000000002","2021-02-23 22:45:00"
"120503",13,"0.73","2021-02-23 23:00:00"
"120557",13,"1.025","2021-02-23 23:15:00"
"120611",13,"1.55","2021-02-23 23:30:00"
"120665",13,"1.85","2021-02-23 23:45:00"
"121263",13,"0","2021-06-18 02:45:00"
"121317",13,"0","2021-06-18 03:00:00"
"121371",13,"0","2021-06-18 03:15:00"
"121425",13,"1.85","2021-06-18 03:30:00"
"121479",13,"2.225","2021-06-18 03:45:00"
"121533",13,"1.925","2021-06-18 04:00:00"
"121587",13,"0","2021-06-18 04:15:00"
"121641",13,"0","2021-06-18 04:30:00"
"121695",13,"2.075","2021-06-18 04:45:00"
"121749",13,"2.375","2021-06-18 05:00:00"
"122509",13,"9.2","2021-05-06 17:15:00"
"122563",13,"9.2","2021-05-06 17:30:00"
"122617",13,"7.925","2021-05-06 17:45:00"
"122671",13,"6.425","2021-05-06 18:00:00"
"122725",13,"7.925","2021-05-06 18:15:00"
"122779",13,"7.55","2021-05-06 18:30:00"
"125833",13,"8.53","2021-05-06 18:45:00"
"122847",13,"3.95","2021-03-28 15:00:00"
"122927",13,"4.325","2021-03-28 15:15:00"
"123024",13,"3.95","2021-03-28 15:30:00"
"123469",13,"2.525","2021-03-28 16:15:00"
"123597",13,"2.375","2021-03-28 16:30:00"
"123745",13,"0","2021-03-28 16:45:00"
"123704",13,"2.9","2021-06-18 06:00:00"
"123860",13,"2.6","2021-06-18 06:15:00"
"123717",13,"2.375","2021-02-24 01:45:00"
"123912",13,"2.675","2021-02-24 02:00:00"
"124094",13,"2.6","2021-02-24 02:15:00"
"123903",13,"2.225","2021-03-28 17:00:00"
"124060",13,"0.88","2021-03-28 17:15:00"
"124667",13,"5.45","2021-03-28 18:15:00"
"124807",13,"4.7","2021-03-28 18:30:00"
"124739",13,"2.975","2021-06-18 07:45:00"
"124931",13,"3.65","2021-06-18 08:00:00"
"125089",13,"3.875","2021-06-18 08:15:00"
"124846",13,"2.075","2021-02-24 03:15:00"
"125004",13,"2.675","2021-02-24 03:30:00"
"124972",13,"2.825","2021-03-28 18:45:00"
"125144",13,"2.075","2021-03-28 19:00:00"
"125302",13,"1.85","2021-03-28 19:15:00"
"126319",13,"3.8","2021-05-06 21:00:00"
"126373",13,"4.925","2021-05-06 21:15:00"
"126427",13,"3.8","2021-05-06 21:30:00"
"126481",13,"3.8","2021-05-06 21:45:00"
"126535",13,"3.95","2021-05-06 22:00:00"
"126589",13,"3.35","2021-05-06 22:15:00"
"126643",13,"4.625","2021-05-06 22:30:00"
"126697",13,"3.5","2021-05-06 22:45:00"
"126751",13,"4.25","2021-05-06 23:00:00"
"129164",13,"4.025","2021-05-06 23:15:00"
"127901",13,"1.85","2021-03-28 22:45:00"
"128001",13,"1.925","2021-03-28 23:00:00"
"128043",13,"2.375","2021-02-24 07:00:00"
"128147",13,"2.225","2021-02-24 07:15:00"
"128120",13,"2","2021-03-28 23:15:00"
"128227",13,"0.8","2021-03-28 23:30:00"
"128317",13,"2.225","2021-03-28 23:45:00"
"128257",13,"1.475","2021-02-24 07:30:00"
"128369",13,"1.175","2021-02-24 07:45:00"
"128447",13,"2.9","2021-02-24 08:00:00"
"129597",13,"3.95","2021-05-07 00:15:00"
"129739",13,"3.125","2021-05-07 00:30:00"
"129529",13,"3.875","2021-06-18 12:15:00"
"129617",13,"4.1","2021-06-18 12:30:00"
"129696",13,"3.275","2021-06-18 12:45:00"
"129788",13,"3.2","2021-06-18 13:00:00"
"129868",13,"2.675","2021-06-18 13:15:00"
"129911",13,"3.725","2021-05-07 00:45:00"
"130070",13,"2.525","2021-05-07 01:00:00"
"130221",13,"2.3","2021-05-07 01:15:00"
"131223",13,"0","2021-03-29 02:00:00"
"131277",13,"2.075","2021-03-29 02:15:00"
"131331",13,"2.075","2021-03-29 02:30:00"
"131385",13,"2.075","2021-03-29 02:45:00"
"131439",13,"2.6","2021-03-29 03:00:00"
"131493",13,"2.6","2021-03-29 03:15:00"
"131547",13,"2.075","2021-03-29 03:30:00"
"131601",13,"1.85","2021-03-29 03:45:00"
"131655",13,"1.925","2021-03-29 04:00:00"
"131709",13,"1.325","2021-03-29 04:15:00"
"132980",13,"1.85","2021-06-18 16:15:00"
"133088",13,"1.325","2021-06-18 16:30:00"
"132974",13,"6.35","2021-02-24 13:15:00"
"133087",13,"4.85","2021-02-24 13:30:00"
"133175",13,"4.625","2021-02-24 13:45:00"
"133214",13,"1.85","2021-06-18 16:45:00"
"133309",13,"2","2021-06-18 17:00:00"
"133395",13,"1.7000000000000002","2021-06-18 17:15:00"
"133297",13,"2.525","2021-02-24 14:00:00"
"135797",13,"7.325","2021-02-24 14:15:00"
"135851",13,"3.8","2021-02-24 14:30:00"
"135135",13,"4.475","2021-05-07 07:45:00"
"135288",13,"4.25","2021-05-07 08:00:00"
"135384",13,"4.925","2021-05-07 08:15:00"
"135179",13,"1.85","2021-03-29 07:00:00"
"135262",13,"1.925","2021-03-29 07:15:00"
"135367",13,"1.85","2021-03-29 07:30:00"
"135465",13,"1.55","2021-03-29 07:45:00"
"135519",13,"0","2021-03-29 08:00:00"
"136089",13,"4.85","2021-05-07 08:30:00"
"136292",13,"5.675","2021-05-07 08:45:00"
"136534",13,"5.6","2021-05-07 09:00:00"
"136159",13,"0","2021-06-18 19:15:00"
"136384",13,"0","2021-06-18 19:30:00"
"136590",13,"1.775","2021-06-18 19:45:00"
"136246",13,"1.925","2021-03-29 09:30:00"
"136466",13,"1.475","2021-03-29 09:45:00"
"136678",13,"2.75","2021-03-29 10:00:00"
"136744",13,"4.85","2021-05-07 09:15:00"
"136970",13,"4.625","2021-05-07 09:30:00"
"136725",13,"2.45","2021-02-24 16:00:00"
"136931",13,"2.975","2021-02-24 16:15:00"
"137989",13,"2.15","2021-03-29 11:30:00"
"138209",13,"3.725","2021-03-29 11:45:00"
"137906",13,"1.925","2021-06-18 21:15:00"
"138121",13,"2.15","2021-06-18 21:30:00"
"138350",13,"2.675","2021-06-18 21:45:00"
"137988",13,"3.275","2021-02-24 17:30:00"
"138199",13,"3.5","2021-02-24 17:45:00"
"138403",13,"4.55","2021-02-24 18:00:00"
"138461",13,"4.7","2021-05-07 11:15:00"
"138709",13,"4.775","2021-05-07 11:30:00"
"138910",13,"3.275","2021-05-07 11:45:00"
"139668",13,"3.5","2021-06-18 23:30:00"
"139742",13,"7.4","2021-03-29 13:45:00"
"139747",13,"5.45","2021-05-07 13:00:00"
"139844",13,"8.53","2021-03-29 14:00:00"
"139957",13,"5.225","2021-03-29 14:15:00"
"140053",13,"4.4","2021-03-29 14:30:00"
"139823",13,"3.575","2021-06-18 23:45:00"
"139917",13,"2.375","2021-06-19 00:00:00"
"140046",13,"1.55","2021-06-19 00:15:00"
"140163",13,"3.8","2021-03-29 14:45:00"
"140282",13,"7.4","2021-03-29 15:00:00"
"141196",13,"2.75","2021-06-19 02:30:00"
"141463",13,"2.375","2021-06-19 02:45:00"
"141262",13,"6.05","2021-02-24 19:30:00"
"141446",13,"5.225","2021-02-24 19:45:00"
"141610",13,"4.925","2021-02-24 20:00:00"
"141798",13,"5.525","2021-02-24 20:15:00"
"142033",13,"2.45","2021-02-24 20:30:00"
"141651",13,"2","2021-06-19 03:00:00"
"141887",13,"1.625","2021-06-19 03:15:00"
"142105",13,"1.4","2021-06-19 03:30:00"
"143277",13,"5.75","2021-02-24 22:30:00"
"143371",13,"4.55","2021-02-24 22:45:00"
"143480",13,"3.5","2021-02-24 23:00:00"
"143396",13,"4.775","2021-05-07 16:30:00"
"143503",13,"4.85","2021-05-07 16:45:00"
"143589",13,"2.9","2021-02-24 23:15:00"
"146795",13,"3.125","2021-02-24 23:30:00"
"146849",13,"3.125","2021-02-24 23:45:00"
"143609",13,"4.625","2021-05-07 17:00:00"
"143693",13,"4.625","2021-05-07 17:15:00"
"144713",13,"2","2021-03-29 21:15:00"
"144897",13,"0","2021-03-29 21:30:00"
"144606",13,"2.225","2021-06-19 05:30:00"
"144750",13,"2.675","2021-06-19 05:45:00"
"144898",13,"2.675","2021-06-19 06:00:00"
"145039",13,"2.15","2021-03-29 21:45:00"
"145176",13,"2.3","2021-03-29 22:00:00"
"150607",13,"2.3","2021-06-19 12:45:00"
"150661",13,"2.15","2021-06-19 13:00:00"
"150715",13,"3.125","2021-06-19 13:15:00"
"150769",13,"3.05","2021-06-19 13:30:00"
"153823",13,"2.525","2021-06-19 13:45:00"
"150821",13,"2.6","2021-02-25 04:15:00"
"150875",13,"2.6","2021-02-25 04:30:00"
"150929",13,"2.075","2021-02-25 04:45:00"
"150983",13,"2","2021-02-25 05:00:00"
"151037",13,"2.75","2021-02-25 05:15:00"
"151091",13,"2.45","2021-02-25 05:30:00"
"151685",13,"2.15","2021-02-25 08:15:00"
"151739",13,"2.675","2021-02-25 08:30:00"
"151839",13,"2.3","2021-03-30 04:00:00"
"151893",13,"2.375","2021-03-30 04:15:00"
"151947",13,"2.375","2021-03-30 04:30:00"
"152026",13,"2.225","2021-03-30 04:45:00"
"152136",13,"2.15","2021-03-30 05:00:00"
"152118",13,"3.275","2021-05-08 03:15:00"
"152218",13,"1.55","2021-05-08 03:30:00"
"152305",13,"1.85","2021-05-08 03:45:00"
"153433",13,"0","2021-03-30 08:00:00"
"153508",13,"0","2021-03-30 08:15:00"
"153555",13,"2.9","2021-05-08 06:30:00"
"153609",13,"1.775","2021-05-08 06:45:00"
"153663",13,"0","2021-05-08 07:00:00"
"153717",13,"0","2021-05-08 07:15:00"
"153771",13,"0","2021-05-08 07:30:00"
"153877",13,"2.375","2021-06-19 14:00:00"
"153931",13,"1.85","2021-06-19 14:15:00"
"155014",13,"0","2021-03-30 08:30:00"
"155133",13,"0","2021-03-30 08:45:00"
"155264",13,"1.925","2021-03-30 09:00:00"
"155166",13,"3.65","2021-02-25 10:00:00"
"155245",13,"4.475","2021-02-25 10:15:00"
"155368",13,"4.85","2021-02-25 10:30:00"
"155361",13,"1.7000000000000002","2021-03-30 09:15:00"
"155459",13,"1.85","2021-03-30 09:30:00"
"155483",13,"4.775","2021-02-25 10:45:00"
"155586",13,"4.475","2021-02-25 11:00:00"
"155697",13,"4.7","2021-02-25 11:15:00"
"156629",13,"3.875","2021-02-25 13:15:00"
"158910",13,"3.95","2021-02-25 13:30:00"
"159008",13,"3.425","2021-02-25 13:45:00"
"156825",13,"0","2021-05-08 07:45:00"
"156879",13,"0","2021-05-08 08:00:00"
"156933",13,"0","2021-05-08 08:15:00"
"156987",13,"2.9","2021-05-08 08:30:00"
"157041",13,"3.65","2021-05-08 08:45:00"
"157095",13,"3.05","2021-05-08 09:00:00"
"157149",13,"3.95","2021-05-08 09:15:00"
"158227",13,"0","2021-06-19 20:15:00"
"158281",13,"0","2021-06-19 20:30:00"
"158335",13,"1.475","2021-06-19 20:45:00"
"158389",13,"1.55","2021-06-19 21:00:00"
"158443",13,"1.55","2021-06-19 21:15:00"
"158497",13,"1.55","2021-06-19 21:30:00"
"158551",13,"1.925","2021-06-19 21:45:00"
"158605",13,"2.3","2021-06-19 22:00:00"
"158659",13,"2.675","2021-06-19 22:15:00"
"158713",13,"1.175","2021-06-19 22:30:00"
"159395",13,"6.8","2021-03-30 14:30:00"
"159502",13,"6.65","2021-03-30 14:45:00"
"159330",13,"5.675","2021-02-25 14:30:00"
"159437",13,"6.875","2021-02-25 14:45:00"
"159544",13,"5.9","2021-02-25 15:00:00"
"159613",13,"7.325","2021-03-30 15:00:00"
"159720",13,"6.275","2021-03-30 15:15:00"
"159829",13,"6.95","2021-03-30 15:30:00"
"159649",13,"4.4","2021-02-25 15:15:00"
"159758",13,"6.125","2021-02-25 15:30:00"
"160960",13,"0","2021-02-25 17:45:00"
"162862",13,"3.35","2021-02-25 18:00:00"
"162941",13,"4.475","2021-02-25 18:15:00"
"160962",13,"7.4","2021-05-08 13:15:00"
"161067",13,"7.025","2021-05-08 13:30:00"
"161121",13,"6.8","2021-05-08 13:45:00"
"161175",13,"7.175","2021-05-08 14:00:00"
"161229",13,"5.825","2021-05-08 14:15:00"
"161283",13,"6.8","2021-05-08 14:30:00"
"161337",13,"6.05","2021-05-08 14:45:00"
"161391",13,"6.275","2021-05-08 15:00:00"
"162631",13,"5.15","2021-06-20 02:45:00"
"162685",13,"4.025","2021-06-20 03:00:00"
"162739",13,"4.4","2021-06-20 03:15:00"
"165793",13,"4.325","2021-06-20 03:30:00"
"165847",13,"5.375","2021-06-20 03:45:00"
"163022",13,"2.075","2021-02-25 18:30:00"
"163102",13,"2.225","2021-02-25 18:45:00"
"163062",13,"5.3","2021-03-30 18:15:00"
"163216",13,"4.775","2021-03-30 18:30:00"
"163373",13,"3.275","2021-03-30 18:45:00"
"163933",13,"1.025","2021-02-25 20:45:00"
"164082",13,"0.28","2021-02-25 21:00:00"
"164198",13,"0","2021-02-25 21:15:00"
"163920",13,"5.675","2021-05-08 17:30:00"
"164028",13,"5.675","2021-05-08 17:45:00"
"119448",13,"3.275","2021-03-28 13:00:00"
"119520",13,"2.975","2021-03-28 13:15:00"
"119615",13,"2.225","2021-03-28 13:30:00"
"120722",13,"1.4","2021-02-24 00:00:00"
"120835",13,"0.73","2021-02-24 00:15:00"
"120814",13,"0","2021-06-18 00:45:00"
"120885",13,"0.65","2021-06-18 01:00:00"
"120939",13,"0","2021-06-18 01:15:00"
"120993",13,"0","2021-06-18 01:30:00"
"121047",13,"0","2021-06-18 01:45:00"
"121101",13,"0","2021-06-18 02:00:00"
"121155",13,"0","2021-06-18 02:15:00"
"121209",13,"0","2021-06-18 02:30:00"
"121915",13,"7.325","2021-05-06 14:30:00"
"121969",13,"7.175","2021-05-06 14:45:00"
"122023",13,"5.975","2021-05-06 15:00:00"
"122077",13,"7.775","2021-05-06 15:15:00"
"122131",13,"6.575","2021-05-06 15:30:00"
"122185",13,"7.775","2021-05-06 15:45:00"
"122239",13,"8.08","2021-05-06 16:00:00"
"122293",13,"7.775","2021-05-06 16:15:00"
"122347",13,"8.9","2021-05-06 16:30:00"
"122401",13,"10.03","2021-05-06 16:45:00"
"122455",13,"8.9","2021-05-06 17:00:00"
"122978",13,"0.9500000000000001","2021-02-24 00:30:00"
"123086",13,"1.55","2021-02-24 00:45:00"
"123235",13,"1.625","2021-02-24 01:00:00"
"123152",13,"3.125","2021-03-28 15:45:00"
"123305",13,"4.475","2021-03-28 16:00:00"
"123159",13,"2.3","2021-06-18 05:15:00"
"123335",13,"2.825","2021-06-18 05:30:00"
"123480",13,"1.7000000000000002","2021-06-18 05:45:00"
"123412",13,"1.925","2021-02-24 01:15:00"
"123560",13,"2.15","2021-02-24 01:30:00"
"123996",13,"2.3","2021-06-18 06:30:00"
"124148",13,"2.375","2021-06-18 06:45:00"
"124272",13,"2.75","2021-06-18 07:00:00"
"124211",13,"2.825","2021-03-28 17:30:00"
"124361",13,"4.025","2021-03-28 17:45:00"
"124500",13,"2.75","2021-03-28 18:00:00"
"124310",13,"2.375","2021-02-24 02:30:00"
"124523",13,"2","2021-02-24 02:45:00"
"124693",13,"2.225","2021-02-24 03:00:00"
"124427",13,"3.425","2021-06-18 07:15:00"
"124576",13,"3.35","2021-06-18 07:30:00"
"125775",13,"3.8","2021-06-18 09:45:00"
"128829",13,"3.95","2021-06-18 10:00:00"
"128883",13,"4.25","2021-06-18 10:15:00"
"125887",13,"6.5","2021-05-06 19:00:00"
"125941",13,"6.275","2021-05-06 19:15:00"
"125995",13,"8","2021-05-06 19:30:00"
"126049",13,"7.1","2021-05-06 19:45:00"
"126103",13,"6.875","2021-05-06 20:00:00"
"126157",13,"7.1","2021-05-06 20:15:00"
"126211",13,"7.925","2021-05-06 20:30:00"
"126265",13,"4.925","2021-05-06 20:45:00"
"127402",13,"1.7000000000000002","2021-03-28 21:30:00"
"127493",13,"1.775","2021-03-28 21:45:00"
"127478",13,"2","2021-02-24 05:45:00"
"127595",13,"2.3","2021-02-24 06:00:00"
"127592",13,"0","2021-03-28 22:00:00"
"127684",13,"0","2021-03-28 22:15:00"
"127774",13,"2.15","2021-03-28 22:30:00"
"127729",13,"2.375","2021-02-24 06:15:00"
"127828",13,"2.375","2021-02-24 06:30:00"
"127936",13,"2.3","2021-02-24 06:45:00"
"128937",13,"4.55","2021-06-18 10:30:00"
"128991",13,"4.325","2021-06-18 10:45:00"
"129045",13,"4.25","2021-06-18 11:00:00"
"129099",13,"3.275","2021-06-18 11:15:00"
"129187",13,"4.1","2021-06-18 11:30:00"
"129314",13,"3.725","2021-06-18 11:45:00"
"129423",13,"3.575","2021-06-18 12:00:00"
"129262",13,"3.575","2021-05-06 23:30:00"
"129362",13,"4.325","2021-05-06 23:45:00"
"129462",13,"4.55","2021-05-07 00:00:00"
"130561",13,"5.15","2021-05-07 02:45:00"
"130615",13,"5.45","2021-05-07 03:00:00"
"130669",13,"5.9","2021-05-07 03:15:00"
"130723",13,"5.825","2021-05-07 03:30:00"
"130777",13,"5.6","2021-05-07 03:45:00"
"130899",13,"1.325","2021-03-29 00:30:00"
"130953",13,"0","2021-03-29 00:45:00"
"131007",13,"0","2021-03-29 01:00:00"
"131061",13,"0","2021-03-29 01:15:00"
"131115",13,"0","2021-03-29 01:30:00"
"131169",13,"0","2021-03-29 01:45:00"
"132325",13,"1.475","2021-06-18 14:45:00"
"132434",13,"0.35000000000000003","2021-06-18 15:00:00"
"132548",13,"1.25","2021-06-18 15:15:00"
"132447",13,"4.475","2021-02-24 12:00:00"
"132547",13,"5.225","2021-02-24 12:15:00"
"132633",13,"5.45","2021-02-24 12:30:00"
"132674",13,"0","2021-06-18 15:30:00"
"132765",13,"2.375","2021-06-18 15:45:00"
"132872",13,"2.3","2021-06-18 16:00:00"
"132762",13,"3.575","2021-02-24 12:45:00"
"132871",13,"3.725","2021-02-24 13:00:00"
"133993",13,"3.95","2021-05-07 04:45:00"
"134047",13,"4.4","2021-05-07 05:00:00"
"134101",13,"4.175","2021-05-07 05:15:00"
"134155",13,"5.6","2021-05-07 05:30:00"
"134209",13,"4.925","2021-05-07 05:45:00"
"134263",13,"2.825","2021-05-07 06:00:00"
"134317",13,"3.05","2021-05-07 06:15:00"
"134399",13,"4.175","2021-05-07 06:30:00"
"134529",13,"4.25","2021-05-07 06:45:00"
"134695",13,"3.5","2021-05-07 07:00:00"
"135573",13,"0","2021-03-29 08:15:00"
"135627",13,"0","2021-03-29 08:30:00"
"135681",13,"2","2021-03-29 08:45:00"
"135735",13,"1.925","2021-03-29 09:00:00"
"136036",13,"2","2021-03-29 09:15:00"
"135905",13,"3.725","2021-02-24 14:45:00"
"135959",13,"4.325","2021-02-24 15:00:00"
"136099",13,"2.15","2021-02-24 15:15:00"
"136305",13,"2.45","2021-02-24 15:30:00"
"136504",13,"2.375","2021-02-24 15:45:00"
"137273",13,"1.85","2021-06-18 20:30:00"
"137477",13,"1.25","2021-06-18 20:45:00"
"137672",13,"0","2021-06-18 21:00:00"
"137331",13,"2.15","2021-03-29 10:45:00"
"137530",13,"3.2","2021-03-29 11:00:00"
"137783",13,"2.375","2021-03-29 11:15:00"
"137738",13,"3.2","2021-02-24 17:15:00"
"137855",13,"4.775","2021-05-07 10:30:00"
"138032",13,"4.85","2021-05-07 10:45:00"
"138241",13,"4.4","2021-05-07 11:00:00"
"139036",13,"4.55","2021-02-24 18:45:00"
"139091",13,"3.275","2021-03-29 12:45:00"
"139246",13,"6.875","2021-03-29 13:00:00"
"139394",13,"6.05","2021-03-29 13:15:00"
"139551",13,"6.125","2021-03-29 13:30:00"
"139267",13,"3.275","2021-05-07 12:15:00"
"139433",13,"3.8","2021-05-07 12:30:00"
"139601",13,"4.325","2021-05-07 12:45:00"
"139361",13,"2.6","2021-06-18 23:00:00"
"139523",13,"3.05","2021-06-18 23:15:00"
"140687",13,"3.35","2021-06-19 01:45:00"
"140778",13,"2.6","2021-06-19 02:00:00"
"140959",13,"2.9","2021-06-19 02:15:00"
"141131",13,"3.8","2021-05-07 13:15:00"
"141367",13,"4.7","2021-05-07 13:30:00"
"140912",13,"5.525","2021-02-24 19:00:00"
"141083",13,"5.225","2021-02-24 19:15:00"
"141036",13,"8.22","2021-03-29 16:30:00"
"141255",13,"7.325","2021-03-29 16:45:00"
"141465",13,"5.675","2021-03-29 17:00:00"
"142324",13,"0.43","2021-06-19 03:45:00"
"142564",13,"1.625","2021-06-19 04:00:00"
"142278",13,"4.625","2021-05-07 14:30:00"
"142481",13,"4.025","2021-05-07 14:45:00"
"142690",13,"4.55","2021-05-07 15:00:00"
"142676",13,"2.525","2021-02-24 21:15:00"
"142838",13,"3.05","2021-02-24 21:30:00"
"142945",13,"3.35","2021-02-24 21:45:00"
"143787",13,"11","2021-03-29 18:30:00"
"143841",13,"12.87","2021-03-29 18:45:00"
"143895",13,"6.425","2021-03-29 19:00:00"
"144678",13,"5","2021-05-07 17:45:00"
"144835",13,"4.25","2021-05-07 18:00:00"
"143949",13,"4.55","2021-03-29 19:15:00"
"144003",13,"5.525","2021-03-29 19:30:00"
"144057",13,"3.425","2021-03-29 19:45:00"
"144135",13,"2.15","2021-03-29 20:00:00"
"144254",13,"3.8","2021-03-29 20:15:00"
"144360",13,"3.425","2021-03-29 20:30:00"
"144453",13,"2.225","2021-03-29 20:45:00"
"145514",13,"5.6","2021-05-07 19:00:00"
"145664",13,"5","2021-05-07 19:15:00"
"145802",13,"0","2021-06-19 07:30:00"
"145938",13,"0","2021-06-19 07:45:00"
"146074",13,"0","2021-06-19 08:00:00"
"145839",13,"4.775","2021-05-07 19:30:00"
"145976",13,"4.55","2021-05-07 19:45:00"
"146095",13,"4.85","2021-05-07 20:00:00"
"145960",13,"2.225","2021-03-29 23:00:00"
"147813",13,"2.225","2021-03-29 23:15:00"
"146611",13,"4.25","2021-05-07 21:30:00"
"146665",13,"5.15","2021-05-07 21:45:00"
"146719",13,"4.25","2021-05-07 22:00:00"
"146773",13,"4.55","2021-05-07 22:15:00"
"148236",13,"4.325","2021-05-07 22:30:00"
"146903",13,"1.55","2021-02-25 00:00:00"
"146957",13,"1.85","2021-02-25 00:15:00"
"147011",13,"1.7000000000000002","2021-02-25 00:30:00"
"147065",13,"1.55","2021-02-25 00:45:00"
"147119",13,"2.3","2021-02-25 01:00:00"
"147713",13,"1.4","2021-02-25 03:45:00"
"147767",13,"2","2021-02-25 04:00:00"
"147867",13,"2.075","2021-03-29 23:30:00"
"147921",13,"2.375","2021-03-29 23:45:00"
"147975",13,"2.375","2021-03-30 00:00:00"
"148029",13,"2.15","2021-03-30 00:15:00"
"148083",13,"2.225","2021-03-30 00:30:00"
"148138",13,"2.525","2021-03-30 00:45:00"
"148239",13,"2.45","2021-03-30 01:00:00"
"148342",13,"2.3","2021-03-30 01:15:00"
"148886",13,"2.525","2021-05-08 00:00:00"
"148991",13,"2","2021-05-08 00:15:00"
"149114",13,"0","2021-05-08 00:30:00"
"148996",13,"1.625","2021-03-30 02:45:00"
"149087",13,"1.7000000000000002","2021-03-30 03:00:00"
"149192",13,"1.85","2021-03-30 03:15:00"
"149228",13,"0","2021-05-08 00:45:00"
"149318",13,"1.925","2021-05-08 01:00:00"
"149317",13,"1.475","2021-03-30 03:30:00"
"151785",13,"1.85","2021-03-30 03:45:00"
"150013",13,"3.425","2021-06-19 10:00:00"
"150067",13,"3.875","2021-06-19 10:15:00"
"150121",13,"4.325","2021-06-19 10:30:00"
"150175",13,"3.275","2021-06-19 10:45:00"
"150229",13,"2.9","2021-06-19 11:00:00"
"150283",13,"3.95","2021-06-19 11:15:00"
"150337",13,"3.35","2021-06-19 11:30:00"
"150391",13,"3.125","2021-06-19 11:45:00"
"150445",13,"2.45","2021-06-19 12:00:00"
"150499",13,"2.375","2021-06-19 12:15:00"
"150553",13,"1.925","2021-06-19 12:30:00"
"152267",13,"2.3","2021-03-30 05:15:00"
"152376",13,"1.925","2021-03-30 05:30:00"
"152470",13,"2.15","2021-03-30 05:45:00"
"152420",13,"2.225","2021-05-08 04:00:00"
"152539",13,"0.58","2021-05-08 04:15:00"
"152573",13,"2.3","2021-03-30 06:00:00"
"152670",13,"1.775","2021-03-30 06:15:00"
"152786",13,"1.925","2021-03-30 06:30:00"
"152664",13,"2","2021-05-08 04:30:00"
"152765",13,"2.525","2021-05-08 04:45:00"
"152866",13,"2.825","2021-05-08 05:00:00"
"153985",13,"1.7000000000000002","2021-06-19 14:30:00"
"154039",13,"2.3","2021-06-19 14:45:00"
"154093",13,"2.3","2021-06-19 15:00:00"
"154147",13,"1.925","2021-06-19 15:15:00"
"154201",13,"2.75","2021-06-19 15:30:00"
"154255",13,"2.9","2021-06-19 15:45:00"
"154309",13,"2.825","2021-06-19 16:00:00"
"154363",13,"2.75","2021-06-19 16:15:00"
"154417",13,"2","2021-06-19 16:30:00"
"154471",13,"1.925","2021-06-19 16:45:00"
"155574",13,"2.225","2021-03-30 09:45:00"
"155679",13,"2.825","2021-03-30 10:00:00"
"155785",13,"2.075","2021-03-30 10:15:00"
"155807",13,"3.8","2021-02-25 11:30:00"
"155920",13,"4.1","2021-02-25 11:45:00"
"155886",13,"2.525","2021-03-30 10:30:00"
"155993",13,"3.35","2021-03-30 10:45:00"
"156035",13,"4.1","2021-02-25 12:00:00"
"156133",13,"2.9","2021-02-25 12:15:00"
"156239",13,"4.7","2021-02-25 12:30:00"
"157203",13,"4.775","2021-05-08 09:30:00"
"157257",13,"4.55","2021-05-08 09:45:00"
"157311",13,"5.15","2021-05-08 10:00:00"
"157365",13,"6.875","2021-05-08 10:15:00"
"157419",13,"7.25","2021-05-08 10:30:00"
"157473",13,"7.4","2021-05-08 10:45:00"
"157527",13,"6.575","2021-05-08 11:00:00"
"157581",13,"7.175","2021-05-08 11:15:00"
"157635",13,"7.475","2021-05-08 11:30:00"
"157689",13,"7.625","2021-05-08 11:45:00"
"157743",13,"6.5","2021-05-08 12:00:00"
"158767",13,"1.475","2021-06-19 22:45:00"
"161821",13,"1.4","2021-06-19 23:00:00"
"161875",13,"1.025","2021-06-19 23:15:00"
"158783",13,"6.425","2021-03-30 13:00:00"
"158837",13,"5.45","2021-03-30 13:15:00"
"158961",13,"6.125","2021-03-30 13:30:00"
"159069",13,"6.275","2021-03-30 13:45:00"
"159180",13,"7.325","2021-03-30 14:00:00"
"159284",13,"6.5","2021-03-30 14:15:00"
"159110",13,"3.725","2021-02-25 14:00:00"
"159213",13,"1.625","2021-02-25 14:15:00"
"160597",13,"6.275","2021-03-30 17:00:00"
"160761",13,"5.45","2021-03-30 17:15:00"
"160651",13,"1.55","2021-02-25 17:15:00"
"160811",13,"1.55","2021-02-25 17:30:00"
"160606",13,"6.8","2021-05-08 12:45:00"
"160772",13,"7.025","2021-05-08 13:00:00"
"160929",13,"5.075","2021-03-30 17:30:00"
"162809",13,"4.625","2021-03-30 17:45:00"
"162896",13,"4.625","2021-03-30 18:00:00"
"162091",13,"0.8","2021-06-20 00:15:00"
"162145",13,"0","2021-06-20 00:30:00"
"162199",13,"2.525","2021-06-20 00:45:00"
"162253",13,"1.775","2021-06-20 01:00:00"
"162307",13,"4.1","2021-06-20 01:15:00"
"162361",13,"4.475","2021-06-20 01:30:00"
"162415",13,"3.875","2021-06-20 01:45:00"
"162469",13,"3.5","2021-06-20 02:00:00"
"162523",13,"3.575","2021-06-20 02:15:00"
"162577",13,"5.075","2021-06-20 02:30:00"
"164335",13,"3.8","2021-02-25 21:30:00"
"164477",13,"7.475","2021-02-25 21:45:00"
"164006",13,"2.675","2021-03-30 19:30:00"
"164303",13,"2.225","2021-03-30 19:45:00"
"164597",13,"4.025","2021-03-30 20:00:00"
"164186",13,"4.925","2021-05-08 18:00:00"
"164310",13,"4.55","2021-05-08 18:15:00"
"164432",13,"5.6","2021-05-08 18:30:00"
"169873",13,"3.5","2021-06-20 08:30:00"
"169927",13,"3.725","2021-06-20 08:45:00"
"169981",13,"4.925","2021-06-20 09:00:00"
"170035",13,"5.525","2021-06-20 09:15:00"
"170089",13,"4.925","2021-06-20 09:30:00"
"170143",13,"4.85","2021-06-20 09:45:00"
"170197",13,"5.15","2021-06-20 10:00:00"
"170251",13,"3.8","2021-06-20 10:15:00"
"170305",13,"4.325","2021-06-20 10:30:00"
"170359",13,"4.1","2021-06-20 10:45:00"
"172260",13,"5.375","2021-02-26 04:30:00"
"172521",13,"6.05","2021-02-26 04:45:00"
"172204",13,"2","2021-03-31 05:45:00"
"172333",13,"1.7000000000000002","2021-03-31 06:00:00"
"172462",13,"0","2021-03-31 06:15:00"
"172461",13,"2.15","2021-05-09 05:00:00"
"172599",13,"2.15","2021-05-09 05:15:00"
"172603",13,"0","2021-03-31 06:30:00"
"172749",13,"2.15","2021-03-31 06:45:00"
"173322",13,"4.4","2021-02-26 05:45:00"
"173383",13,"4.025","2021-02-26 06:00:00"
"173437",13,"3.8","2021-02-26 06:15:00"
"173491",13,"3.725","2021-02-26 06:30:00"
"173545",13,"4.55","2021-02-26 06:45:00"
"173599",13,"4.4","2021-02-26 07:00:00"
"173653",13,"4.775","2021-02-26 07:15:00"
"173707",13,"5.375","2021-02-26 07:30:00"
"173761",13,"5.825","2021-02-26 07:45:00"
"175792",13,"6.425","2021-02-26 08:00:00"
"174833",13,"2.6","2021-03-31 07:45:00"
"174887",13,"2.9","2021-03-31 08:00:00"
"174941",13,"3.125","2021-03-31 08:15:00"
"174995",13,"3.05","2021-03-31 08:30:00"
"175049",13,"4.325","2021-03-31 08:45:00"
"175103",13,"3.5","2021-03-31 09:00:00"
"175157",13,"2.75","2021-03-31 09:15:00"
"175211",13,"3.35","2021-03-31 09:30:00"
"175265",13,"4.1","2021-03-31 09:45:00"
"175319",13,"3.2","2021-03-31 10:00:00"
"176405",13,"7.475","2021-02-26 09:30:00"
"176509",13,"8.37","2021-02-26 09:45:00"
"176618",13,"7.925","2021-02-26 10:00:00"
"176549",13,"3.5","2021-05-09 08:15:00"
"176653",13,"3.65","2021-05-09 08:30:00"
"176738",13,"8","2021-02-26 10:15:00"
"176837",13,"8.53","2021-02-26 10:30:00"
"176752",13,"4.625","2021-05-09 08:45:00"
"176871",13,"5.45","2021-05-09 09:00:00"
"176974",13,"5.375","2021-05-09 09:15:00"
"178296",13,"0","2021-06-20 19:15:00"
"178404",13,"0","2021-06-20 19:30:00"
"178938",13,"2.225","2021-06-20 19:45:00"
"178304",13,"6.725","2021-05-09 11:15:00"
"179819",13,"6.725","2021-05-09 11:30:00"
"179873",13,"6.425","2021-05-09 11:45:00"
"178336",13,"3.875","2021-03-31 12:45:00"
"178467",13,"3.2","2021-03-31 13:00:00"
"178534",13,"2.9","2021-03-31 13:15:00"
"178588",13,"3.95","2021-03-31 13:30:00"
"178642",13,"4.475","2021-03-31 13:45:00"
"179735",13,"1.1","2021-06-20 21:45:00"
"181179",13,"0","2021-06-20 22:00:00"
"181254",13,"1.25","2021-06-20 22:15:00"
"179927",13,"6.275","2021-05-09 12:00:00"
"179981",13,"6.125","2021-05-09 12:15:00"
"180035",13,"6.35","2021-05-09 12:30:00"
"180089",13,"5.75","2021-05-09 12:45:00"
"180143",13,"6.65","2021-05-09 13:00:00"
"180197",13,"5.225","2021-05-09 13:15:00"
"180251",13,"5.75","2021-05-09 13:30:00"
"180307",13,"4.325","2021-05-09 13:45:00"
"181499",13,"7.25","2021-02-26 14:45:00"
"181677",13,"5.75","2021-02-26 15:00:00"
"181576",13,"1.475","2021-06-20 23:15:00"
"181653",13,"0","2021-06-20 23:30:00"
"181732",13,"0","2021-06-20 23:45:00"
"181802",13,"0","2021-06-21 00:00:00"
"181881",13,"0","2021-06-21 00:15:00"
"181860",13,"5.375","2021-02-26 15:15:00"
"181997",13,"4.925","2021-02-26 15:30:00"
"182105",13,"4.7","2021-02-26 15:45:00"
"183047",13,"3.575","2021-03-31 18:00:00"
"183101",13,"2.825","2021-03-31 18:15:00"
"183155",13,"2.975","2021-03-31 18:30:00"
"183209",13,"2.375","2021-03-31 18:45:00"
"183263",13,"2.975","2021-03-31 19:00:00"
"183317",13,"2.15","2021-03-31 19:15:00"
"183371",13,"2.075","2021-03-31 19:30:00"
"183425",13,"2.075","2021-03-31 19:45:00"
"183479",13,"1.775","2021-03-31 20:00:00"
"183533",13,"1.4","2021-03-31 20:15:00"
"184169",13,"2.6","2021-05-09 17:45:00"
"184223",13,"1.775","2021-05-09 18:00:00"
"184277",13,"1.4","2021-05-09 18:15:00"
"184331",13,"1.475","2021-05-09 18:30:00"
"184385",13,"1.55","2021-05-09 18:45:00"
"184439",13,"2.75","2021-05-09 19:00:00"
"184493",13,"3.575","2021-05-09 19:15:00"
"184547",13,"2.9","2021-05-09 19:30:00"
"184601",13,"2.45","2021-05-09 19:45:00"
"184655",13,"2.225","2021-05-09 20:00:00"
"185938",13,"0","2021-06-21 05:30:00"
"186131",13,"0","2021-06-21 05:45:00"
"186347",13,"0","2021-06-21 06:00:00"
"186003",13,"6.35","2021-02-26 18:30:00"
"186182",13,"4.25","2021-02-26 18:45:00"
"186177",13,"0","2021-03-31 23:00:00"
"186302",13,"0","2021-03-31 23:15:00"
"186433",13,"1.25","2021-03-31 23:30:00"
"186341",13,"5.075","2021-02-26 19:00:00"
"186463",13,"5.225","2021-02-26 19:15:00"
"186613",13,"7.4","2021-02-26 19:30:00"
"187571",13,"0","2021-04-01 01:30:00"
"187668",13,"1.1","2021-04-01 01:45:00"
"187769",13,"0","2021-04-01 02:00:00"
"189432",13,"4.7","2021-02-26 21:45:00"
"189653",13,"4.4","2021-02-26 22:00:00"
"187871",13,"2.525","2021-05-09 21:00:00"
"187925",13,"2.6","2021-05-09 21:15:00"
"187979",13,"2.45","2021-05-09 21:30:00"
"143747",13,"4.7","2021-05-07 17:30:00"
"145002",13,"4.625","2021-05-07 18:15:00"
"145201",13,"5.45","2021-05-07 18:30:00"
"145371",13,"5.3","2021-05-07 18:45:00"
"145049",13,"1.55","2021-06-19 06:15:00"
"145229",13,"1.925","2021-06-19 06:30:00"
"145365",13,"0","2021-06-19 06:45:00"
"145346",13,"2.6","2021-03-29 22:15:00"
"145584",13,"2.675","2021-03-29 22:30:00"
"145760",13,"2.45","2021-03-29 22:45:00"
"145492",13,"0","2021-06-19 07:00:00"
"145644",13,"0","2021-06-19 07:15:00"
"146184",13,"0","2021-06-19 08:15:00"
"146290",13,"0","2021-06-19 08:30:00"
"146207",13,"4.025","2021-05-07 20:15:00"
"146317",13,"4.475","2021-05-07 20:30:00"
"146428",13,"4.55","2021-05-07 20:45:00"
"146398",13,"0","2021-06-19 08:45:00"
"149797",13,"0","2021-06-19 09:00:00"
"149851",13,"2.525","2021-06-19 09:15:00"
"146503",13,"3.725","2021-05-07 21:00:00"
"146557",13,"3.575","2021-05-07 21:15:00"
"147173",13,"2.375","2021-02-25 01:15:00"
"147227",13,"2.45","2021-02-25 01:30:00"
"147281",13,"1.7000000000000002","2021-02-25 01:45:00"
"147335",13,"1.775","2021-02-25 02:00:00"
"147389",13,"1.925","2021-02-25 02:15:00"
"147443",13,"1.925","2021-02-25 02:30:00"
"147497",13,"1.4","2021-02-25 02:45:00"
"147551",13,"2.075","2021-02-25 03:00:00"
"147605",13,"1.475","2021-02-25 03:15:00"
"147659",13,"1.4","2021-02-25 03:30:00"
"148349",13,"3.8","2021-05-07 22:45:00"
"148454",13,"3.8","2021-05-07 23:00:00"
"148576",13,"3.875","2021-05-07 23:15:00"
"148453",13,"2.3","2021-03-30 01:30:00"
"148546",13,"2.3","2021-03-30 01:45:00"
"148646",13,"2.375","2021-03-30 02:00:00"
"148683",13,"3.5","2021-05-07 23:30:00"
"148772",13,"3.2","2021-05-07 23:45:00"
"148783",13,"2.075","2021-03-30 02:15:00"
"148885",13,"1.925","2021-03-30 02:30:00"
"149421",13,"1.85","2021-05-08 01:15:00"
"149475",13,"1.55","2021-05-08 01:30:00"
"149529",13,"0","2021-05-08 01:45:00"
"149583",13,"0","2021-05-08 02:00:00"
"149637",13,"2.15","2021-05-08 02:15:00"
"149691",13,"2.75","2021-05-08 02:30:00"
"149745",13,"2","2021-05-08 02:45:00"
"152015",13,"2.75","2021-05-08 03:00:00"
"149905",13,"3.35","2021-06-19 09:30:00"
"149959",13,"3.875","2021-06-19 09:45:00"
"151145",13,"2.45","2021-02-25 05:45:00"
"151199",13,"2","2021-02-25 06:00:00"
"151253",13,"2.3","2021-02-25 06:15:00"
"151307",13,"2.075","2021-02-25 06:30:00"
"151361",13,"2.225","2021-02-25 06:45:00"
"151415",13,"2.675","2021-02-25 07:00:00"
"151469",13,"2.825","2021-02-25 07:15:00"
"151523",13,"2.9","2021-02-25 07:30:00"
"151577",13,"2.975","2021-02-25 07:45:00"
"151631",13,"2.6","2021-02-25 08:00:00"
"152901",13,"1.175","2021-03-30 06:45:00"
"153001",13,"0","2021-03-30 07:00:00"
"152981",13,"3.35","2021-05-08 05:15:00"
"153094",13,"3.8","2021-05-08 05:30:00"
"153105",13,"0","2021-03-30 07:15:00"
"153208",13,"0","2021-03-30 07:30:00"
"153334",13,"0","2021-03-30 07:45:00"
"153207",13,"3.575","2021-05-08 05:45:00"
"153302",13,"2.75","2021-05-08 06:00:00"
"153395",13,"2.975","2021-05-08 06:15:00"
"154525",13,"0","2021-06-19 17:00:00"
"154579",13,"0","2021-06-19 17:15:00"
"154633",13,"0","2021-06-19 17:30:00"
"154687",13,"0","2021-06-19 17:45:00"
"154741",13,"0","2021-06-19 18:00:00"
"157795",13,"1.85","2021-06-19 18:15:00"
"154793",13,"3.575","2021-02-25 08:45:00"
"154847",13,"3.5","2021-02-25 09:00:00"
"154901",13,"3.425","2021-02-25 09:15:00"
"154974",13,"4.175","2021-02-25 09:30:00"
"155053",13,"3.125","2021-02-25 09:45:00"
"156098",13,"4.4","2021-03-30 11:00:00"
"156222",13,"5.15","2021-03-30 11:15:00"
"156306",13,"5.825","2021-03-30 11:30:00"
"156385",13,"2.975","2021-02-25 12:45:00"
"156511",13,"3.275","2021-02-25 13:00:00"
"156394",13,"5.675","2021-03-30 11:45:00"
"156484",13,"5.225","2021-03-30 12:00:00"
"156583",13,"4.325","2021-03-30 12:15:00"
"156675",13,"5.225","2021-03-30 12:30:00"
"156729",13,"6.2","2021-03-30 12:45:00"
"160230",13,"6.35","2021-05-08 12:15:00"
"160427",13,"6.65","2021-05-08 12:30:00"
"157849",13,"2","2021-06-19 18:30:00"
"157903",13,"2","2021-06-19 18:45:00"
"157957",13,"0","2021-06-19 19:00:00"
"158011",13,"0","2021-06-19 19:15:00"
"158065",13,"2.6","2021-06-19 19:30:00"
"158119",13,"2","2021-06-19 19:45:00"
"158173",13,"1.7000000000000002","2021-06-19 20:00:00"
"159937",13,"6.2","2021-03-30 15:45:00"
"160043",13,"5.975","2021-03-30 16:00:00"
"159866",13,"3.725","2021-02-25 15:45:00"
"159976",13,"2.525","2021-02-25 16:00:00"
"160086",13,"2.525","2021-02-25 16:15:00"
"160152",13,"6.65","2021-03-30 16:15:00"
"160304",13,"6.125","2021-03-30 16:30:00"
"160446",13,"6.65","2021-03-30 16:45:00"
"160190",13,"4.25","2021-02-25 16:30:00"
"160341",13,"3.5","2021-02-25 16:45:00"
"160489",13,"1.625","2021-02-25 17:00:00"
"161445",13,"6.8","2021-05-08 15:15:00"
"161499",13,"5.825","2021-05-08 15:30:00"
"161553",13,"6.65","2021-05-08 15:45:00"
"161607",13,"6.125","2021-05-08 16:00:00"
"161661",13,"5.3","2021-05-08 16:15:00"
"161715",13,"6.125","2021-05-08 16:30:00"
"161769",13,"5.9","2021-05-08 16:45:00"
"163673",13,"5.45","2021-05-08 17:00:00"
"161929",13,"1.775","2021-06-19 23:30:00"
"161983",13,"1.775","2021-06-19 23:45:00"
"162037",13,"1.7000000000000002","2021-06-20 00:00:00"
"163187",13,"1.85","2021-02-25 19:00:00"
"163274",13,"2.375","2021-02-25 19:15:00"
"163353",13,"2.45","2021-02-25 19:30:00"
"163429",13,"2.225","2021-02-25 19:45:00"
"163500",13,"2.225","2021-02-25 20:00:00"
"163585",13,"2.3","2021-02-25 20:15:00"
"163564",13,"4.475","2021-03-30 19:00:00"
"163766",13,"4.1","2021-03-30 19:15:00"
"163762",13,"1.025","2021-02-25 20:30:00"
"163798",13,"5.825","2021-05-08 17:15:00"
"164939",13,"5.225","2021-05-08 19:30:00"
"165016",13,"5.075","2021-05-08 19:45:00"
"166817",13,"6.5","2021-02-25 22:45:00"
"166871",13,"5.975","2021-02-25 23:00:00"
"165097",13,"4.775","2021-05-08 20:00:00"
"165173",13,"5.375","2021-05-08 20:15:00"
"165253",13,"4.7","2021-05-08 20:30:00"
"165263",13,"2.6","2021-03-30 20:45:00"
"165435",13,"3.5","2021-03-30 21:00:00"
"165565",13,"2.375","2021-03-30 21:15:00"
"165901",13,"6.275","2021-06-20 04:00:00"
"165955",13,"4.55","2021-06-20 04:15:00"
"166009",13,"5.375","2021-06-20 04:30:00"
"166063",13,"6.35","2021-06-20 04:45:00"
"166117",13,"6.5","2021-06-20 05:00:00"
"166171",13,"5.6","2021-06-20 05:15:00"
"166225",13,"5.675","2021-06-20 05:30:00"
"166279",13,"3.875","2021-06-20 05:45:00"
"166333",13,"3.725","2021-06-20 06:00:00"
"166387",13,"4.175","2021-06-20 06:15:00"
"167120",13,"7.25","2021-02-26 00:00:00"
"167191",13,"5.525","2021-02-26 00:15:00"
"167270",13,"5.75","2021-02-26 00:30:00"
"167348",13,"4.55","2021-02-26 00:45:00"
"167426",13,"4.325","2021-02-26 01:00:00"
"167424",13,"6.2","2021-05-08 22:00:00"
"167587",13,"7.775","2021-05-08 22:15:00"
"167507",13,"3.725","2021-02-26 01:15:00"
"167588",13,"4.25","2021-02-26 01:30:00"
"170940",13,"5.15","2021-02-26 03:15:00"
"171187",13,"5","2021-02-26 03:30:00"
"168257",13,"6.875","2021-05-08 23:45:00"
"168335",13,"8.15","2021-05-09 00:00:00"
"168390",13,"6.875","2021-05-09 00:15:00"
"168499",13,"4.925","2021-05-09 00:30:00"
"168594",13,"6.5","2021-05-09 00:45:00"
"168692",13,"7.325","2021-05-09 01:00:00"
"168621",13,"2.15","2021-03-30 22:45:00"
"168728",13,"2.375","2021-03-30 23:00:00"
"169321",13,"2.375","2021-03-31 00:45:00"
"169375",13,"2.6","2021-03-31 01:00:00"
"169429",13,"2.75","2021-03-31 01:15:00"
"169483",13,"2.3","2021-03-31 01:30:00"
"169537",13,"2.3","2021-03-31 01:45:00"
"169591",13,"2.6","2021-03-31 02:00:00"
"169645",13,"2.45","2021-03-31 02:15:00"
"169699",13,"1.625","2021-03-31 02:30:00"
"169753",13,"1.55","2021-03-31 02:45:00"
"170807",13,"2.3","2021-03-31 03:00:00"
"171095",13,"4.325","2021-05-09 02:30:00"
"171245",13,"3.725","2021-05-09 02:45:00"
"171124",13,"2.15","2021-03-31 03:45:00"
"171244",13,"2.375","2021-03-31 04:00:00"
"171382",13,"2.675","2021-03-31 04:15:00"
"171374",13,"3.05","2021-05-09 03:00:00"
"171508",13,"3.35","2021-05-09 03:15:00"
"171635",13,"2.975","2021-05-09 03:30:00"
"171462",13,"5.675","2021-02-26 03:45:00"
"171760",13,"4.7","2021-02-26 04:00:00"
"171999",13,"4.625","2021-02-26 04:15:00"
"172784",13,"5.825","2021-02-26 05:00:00"
"173074",13,"5.15","2021-02-26 05:15:00"
"173206",13,"3.275","2021-02-26 05:30:00"
"172726",13,"2.15","2021-05-09 05:30:00"
"172854",13,"2.525","2021-05-09 05:45:00"
"172986",13,"2.3","2021-05-09 06:00:00"
"172885",13,"1.625","2021-03-31 07:00:00"
"173011",13,"0","2021-03-31 07:15:00"
"173142",13,"1.925","2021-03-31 07:30:00"
"173138",13,"2","2021-05-09 06:15:00"
"173253",13,"2.225","2021-05-09 06:30:00"
"175895",13,"2.15","2021-05-09 06:45:00"
"174385",13,"3.35","2021-06-20 15:30:00"
"174439",13,"3.875","2021-06-20 15:45:00"
"174493",13,"3.8","2021-06-20 16:00:00"
"174547",13,"3.125","2021-06-20 16:15:00"
"174601",13,"2","2021-06-20 16:30:00"
"174655",13,"0","2021-06-20 16:45:00"
"174709",13,"1.775","2021-06-20 17:00:00"
"174763",13,"0","2021-06-20 17:15:00"
"177474",13,"1.775","2021-06-20 17:30:00"
"177572",13,"0.88","2021-06-20 17:45:00"
"175869",13,"5.75","2021-02-26 08:15:00"
"175973",13,"6.275","2021-02-26 08:30:00"
"176079",13,"5.75","2021-02-26 08:45:00"
"176006",13,"2.225","2021-05-09 07:00:00"
"176112",13,"2.45","2021-05-09 07:15:00"
"176193",13,"7.4","2021-02-26 09:00:00"
"176290",13,"7.25","2021-02-26 09:15:00"
"176218",13,"2.675","2021-05-09 07:30:00"
"176336",13,"3.125","2021-05-09 07:45:00"
"176439",13,"2.825","2021-05-09 08:00:00"
"177581",13,"7.625","2021-02-26 12:00:00"
"177765",13,"7.325","2021-02-26 12:15:00"
"180321",13,"7.025","2021-02-26 12:30:00"
"177695",13,"0","2021-06-20 18:00:00"
"177815",13,"1.7000000000000002","2021-06-20 18:15:00"
"177931",13,"1.4","2021-06-20 18:30:00"
"177840",13,"5.15","2021-05-09 10:45:00"
"178017",13,"6.35","2021-05-09 11:00:00"
"178033",13,"0","2021-06-20 18:45:00"
"178159",13,"2.6","2021-06-20 19:00:00"
"179270",13,"2.225","2021-06-20 20:30:00"
"179376",13,"2.075","2021-06-20 20:45:00"
"179484",13,"2.075","2021-06-20 21:00:00"
"179331",13,"4.175","2021-03-31 16:00:00"
"179439",13,"4.25","2021-03-31 16:15:00"
"179534",13,"5","2021-03-31 16:30:00"
"179644",13,"4.85","2021-03-31 16:45:00"
"182831",13,"4.625","2021-03-31 17:00:00"
"179603",13,"2","2021-06-20 21:15:00"
"179681",13,"1.85","2021-06-20 21:30:00"
"180790",13,"7.025","2021-02-26 13:15:00"
"180951",13,"6.425","2021-02-26 13:30:00"
"181057",13,"6.35","2021-02-26 13:45:00"
"180966",13,"4.775","2021-05-09 15:45:00"
"183791",13,"3.35","2021-05-09 16:00:00"
"183845",13,"3.725","2021-05-09 16:15:00"
"181111",13,"7.325","2021-02-26 14:00:00"
"181166",13,"6.8","2021-02-26 14:15:00"
"181317",13,"6.05","2021-02-26 14:30:00"
"181339",13,"2.375","2021-06-20 22:30:00"
"181418",13,"2.6","2021-06-20 22:45:00"
"181495",13,"2.15","2021-06-20 23:00:00"
"182520",13,"0","2021-06-21 01:45:00"
"182631",13,"0","2021-06-21 02:00:00"
"184960",13,"6.95","2021-02-26 17:15:00"
"185066",13,"5.9","2021-02-26 17:30:00"
"182707",13,"1.55","2021-06-21 02:15:00"
"182761",13,"1.775","2021-06-21 02:30:00"
"184815",13,"0","2021-06-21 02:45:00"
"182885",13,"5.375","2021-03-31 17:15:00"
"182939",13,"5","2021-03-31 17:30:00"
"182993",13,"4.85","2021-03-31 17:45:00"
"184709",13,"2.3","2021-05-09 20:15:00"
"184763",13,"2","2021-05-09 20:30:00"
"187817",13,"2.15","2021-05-09 20:45:00"
"184869",13,"0","2021-06-21 03:00:00"
"184953",13,"1.925","2021-06-21 03:15:00"
"185061",13,"1.55","2021-06-21 03:30:00"
"185150",13,"2.375","2021-06-21 03:45:00"
"185204",13,"0.88","2021-06-21 04:00:00"
"185258",13,"0","2021-06-21 04:15:00"
"185312",13,"1.7000000000000002","2021-06-21 04:30:00"
"185396",13,"1.25","2021-06-21 04:45:00"
"186587",13,"2.825","2021-06-21 06:15:00"
"186765",13,"2.975","2021-06-21 06:30:00"
"186592",13,"1.55","2021-03-31 23:45:00"
"186728",13,"1.625","2021-04-01 00:00:00"
"186787",13,"8.68","2021-02-26 19:45:00"
"186937",13,"8.45","2021-02-26 20:00:00"
"187118",13,"5.75","2021-02-26 20:15:00"
"186906",13,"1.325","2021-04-01 00:15:00"
"187058",13,"0","2021-04-01 00:30:00"
"187193",13,"0","2021-04-01 00:45:00"
"188141",13,"1.475","2021-05-09 22:15:00"
"188195",13,"5.9","2021-05-09 22:30:00"
"188249",13,"4.7","2021-05-09 22:45:00"
"188303",13,"3.05","2021-05-09 23:00:00"
"188033",13,"2.225","2021-05-09 21:45:00"
"188087",13,"2.3","2021-05-09 22:00:00"
"189263",13,"0","2021-04-01 02:15:00"
"189357",13,"0","2021-04-01 02:30:00"
"189276",13,"2.75","2021-06-21 09:15:00"
"189394",13,"2.825","2021-06-21 09:30:00"
"189534",13,"3.275","2021-06-21 09:45:00"
"189479",13,"0","2021-04-01 02:45:00"
"189608",13,"0","2021-04-01 03:00:00"
"189761",13,"1.55","2021-04-01 03:15:00"
"189691",13,"2.9","2021-06-21 10:00:00"
"189844",13,"3.8","2021-06-21 10:15:00"
"190006",13,"4.85","2021-06-21 10:30:00"
"194557",13,"5.15","2021-04-01 10:15:00"
"194611",13,"5.825","2021-04-01 10:30:00"
"194665",13,"5.75","2021-04-01 10:45:00"
"194719",13,"5.225","2021-04-01 11:00:00"
"194773",13,"4.325","2021-04-01 11:15:00"
"194893",13,"3.425","2021-06-21 17:00:00"
"194947",13,"2.9","2021-06-21 17:15:00"
"195001",13,"2.75","2021-06-21 17:30:00"
"195055",13,"3.2","2021-06-21 17:45:00"
"195109",13,"3.2","2021-06-21 18:00:00"
"196406",13,"3.35","2021-06-21 20:15:00"
"196558",13,"1.775","2021-06-21 20:30:00"
"196454",13,"0","2021-02-27 06:15:00"
"196536",13,"0","2021-02-27 06:30:00"
"196617",13,"0","2021-02-27 06:45:00"
"198783",13,"0","2021-02-27 07:00:00"
"198837",13,"0","2021-02-27 07:15:00"
"196703",13,"0","2021-06-21 20:45:00"
"196810",13,"0","2021-06-21 21:00:00"
"199811",13,"0","2021-06-21 21:15:00"
"197935",13,"4.625","2021-04-01 12:00:00"
"197989",13,"4.625","2021-04-01 12:15:00"
"198043",13,"4.625","2021-04-01 12:30:00"
"198097",13,"4.175","2021-04-01 12:45:00"
"198151",13,"3.05","2021-04-01 13:00:00"
"198205",13,"3.125","2021-04-01 13:15:00"
"198259",13,"3.5","2021-04-01 13:30:00"
"198313",13,"4.7","2021-04-01 13:45:00"
"198367",13,"5.15","2021-04-01 14:00:00"
"198421",13,"3.275","2021-04-01 14:15:00"
"198475",13,"2.6","2021-04-01 14:30:00"
"199593",13,"7.625","2021-02-27 10:45:00"
"199647",13,"6.65","2021-02-27 11:00:00"
"199701",13,"7.475","2021-02-27 11:15:00"
"199755",13,"6.425","2021-02-27 11:30:00"
"202809",13,"5.675","2021-02-27 11:45:00"
"199865",13,"2.3","2021-06-21 21:30:00"
"199919",13,"2","2021-06-21 21:45:00"
"199973",13,"1.625","2021-06-21 22:00:00"
"200027",13,"2.15","2021-06-21 22:15:00"
"200081",13,"2.075","2021-06-21 22:30:00"
"201937",13,"2.975","2021-05-10 13:30:00"
"202055",13,"3.95","2021-05-10 13:45:00"
"202158",13,"3.2","2021-05-10 14:00:00"
"202041",13,"2.75","2021-04-01 18:30:00"
"202152",13,"4.325","2021-04-01 18:45:00"
"202253",13,"3.5","2021-04-01 19:00:00"
"202270",13,"2.45","2021-05-10 14:15:00"
"202377",13,"2.375","2021-05-10 14:30:00"
"202366",13,"3.125","2021-04-01 19:15:00"
"202481",13,"4.475","2021-04-01 19:30:00"
"203025",13,"5.9","2021-02-27 12:45:00"
"203079",13,"5.45","2021-02-27 13:00:00"
"203133",13,"5.375","2021-02-27 13:15:00"
"203187",13,"5.675","2021-02-27 13:30:00"
"203241",13,"5.225","2021-02-27 13:45:00"
"203295",13,"5.45","2021-02-27 14:00:00"
"203349",13,"5.075","2021-02-27 14:15:00"
"203403",13,"6.125","2021-02-27 14:30:00"
"203457",13,"5.6","2021-02-27 14:45:00"
"203511",13,"4.25","2021-02-27 15:00:00"
"204666",13,"0","2021-06-22 05:45:00"
"204823",13,"0","2021-06-22 06:00:00"
"204998",13,"0","2021-06-22 06:15:00"
"204789",13,"2.3","2021-04-01 21:00:00"
"204867",13,"2.75","2021-04-01 21:15:00"
"204942",13,"2.6","2021-04-01 21:30:00"
"205025",13,"2.075","2021-04-01 21:45:00"
"205095",13,"0","2021-04-01 22:00:00"
"208364",13,"0","2021-06-22 06:30:00"
"208467",13,"0","2021-06-22 06:45:00"
"206299",13,"0","2021-05-10 17:30:00"
"206353",13,"0","2021-05-10 17:45:00"
"206407",13,"0","2021-05-10 18:00:00"
"206461",13,"0","2021-05-10 18:15:00"
"206515",13,"0","2021-05-10 18:30:00"
"206569",13,"0.88","2021-05-10 18:45:00"
"206623",13,"0","2021-05-10 19:00:00"
"206677",13,"0.28","2021-05-10 19:15:00"
"206731",13,"1.775","2021-05-10 19:30:00"
"208546",13,"5","2021-05-10 19:45:00"
"207375",13,"4.325","2021-02-27 19:00:00"
"207429",13,"6.125","2021-02-27 19:15:00"
"207483",13,"5.3","2021-02-27 19:30:00"
"207537",13,"5","2021-02-27 19:45:00"
"207591",13,"4.925","2021-02-27 20:00:00"
"207645",13,"4.175","2021-02-27 20:15:00"
"207699",13,"2.9","2021-02-27 20:30:00"
"207757",13,"3.35","2021-02-27 20:45:00"
"210807",13,"3.05","2021-02-27 21:00:00"
"164564",13,"5.075","2021-05-08 18:45:00"
"164689",13,"6.575","2021-05-08 19:00:00"
"164829",13,"5.975","2021-05-08 19:15:00"
"164616",13,"9.43","2021-02-25 22:00:00"
"164734",13,"10.25","2021-02-25 22:15:00"
"164850",13,"6.875","2021-02-25 22:30:00"
"164912",13,"4.7","2021-03-30 20:15:00"
"165087",13,"4.175","2021-03-30 20:30:00"
"165332",13,"5","2021-05-08 20:45:00"
"165411",13,"4.7","2021-05-08 21:00:00"
"165489",13,"5.075","2021-05-08 21:15:00"
"167062",13,"5","2021-05-08 21:30:00"
"167254",13,"5.6","2021-05-08 21:45:00"
"165619",13,"3.125","2021-03-30 21:30:00"
"165673",13,"3.5","2021-03-30 21:45:00"
"165727",13,"3.425","2021-03-30 22:00:00"
"168385",13,"3.2","2021-03-30 22:15:00"
"168495",13,"2.45","2021-03-30 22:30:00"
"166441",13,"4.7","2021-06-20 06:30:00"
"166495",13,"4.1","2021-06-20 06:45:00"
"166549",13,"4.1","2021-06-20 07:00:00"
"166603",13,"3.875","2021-06-20 07:15:00"
"166657",13,"3.95","2021-06-20 07:30:00"
"166711",13,"4.1","2021-06-20 07:45:00"
"166765",13,"3.95","2021-06-20 08:00:00"
"169819",13,"3.8","2021-06-20 08:15:00"
"166925",13,"5.375","2021-02-25 23:15:00"
"166979",13,"7.55","2021-02-25 23:30:00"
"167039",13,"6.725","2021-02-25 23:45:00"
"167658",13,"4.1","2021-02-26 01:45:00"
"167734",13,"4.475","2021-02-26 02:00:00"
"167828",13,"5.375","2021-02-26 02:15:00"
"167785",13,"7.7","2021-05-08 22:30:00"
"167871",13,"5.9","2021-05-08 22:45:00"
"167969",13,"5.825","2021-05-08 23:00:00"
"167961",13,"6.275","2021-02-26 02:30:00"
"168092",13,"6.725","2021-02-26 02:45:00"
"168217",13,"4.775","2021-02-26 03:00:00"
"168056",13,"6.05","2021-05-08 23:15:00"
"168155",13,"6.725","2021-05-08 23:30:00"
"168793",13,"5.9","2021-05-09 01:15:00"
"168906",13,"5.3","2021-05-09 01:30:00"
"168840",13,"0","2021-03-30 23:15:00"
"168953",13,"0","2021-03-30 23:30:00"
"169056",13,"2.525","2021-03-30 23:45:00"
"169018",13,"4.475","2021-05-09 01:45:00"
"169122",13,"4.925","2021-05-09 02:00:00"
"170948",13,"4.175","2021-05-09 02:15:00"
"169159",13,"3.275","2021-03-31 00:00:00"
"169213",13,"1.85","2021-03-31 00:15:00"
"169267",13,"1.7000000000000002","2021-03-31 00:30:00"
"170413",13,"3.5","2021-06-20 11:00:00"
"170467",13,"5","2021-06-20 11:15:00"
"170521",13,"4.775","2021-06-20 11:30:00"
"170575",13,"5.075","2021-06-20 11:45:00"
"170629",13,"4.025","2021-06-20 12:00:00"
"170683",13,"4.55","2021-06-20 12:15:00"
"170737",13,"3.575","2021-06-20 12:30:00"
"173791",13,"5.225","2021-06-20 12:45:00"
"170867",13,"2.45","2021-03-31 03:15:00"
"170984",13,"2.225","2021-03-31 03:30:00"
"171520",13,"2.45","2021-03-31 04:30:00"
"171647",13,"1.775","2021-03-31 04:45:00"
"171775",13,"2.675","2021-05-09 03:45:00"
"171906",13,"2.825","2021-05-09 04:00:00"
"171782",13,"1.85","2021-03-31 05:00:00"
"171932",13,"1.025","2021-03-31 05:15:00"
"172069",13,"1.55","2021-03-31 05:30:00"
"172041",13,"2.675","2021-05-09 04:15:00"
"172182",13,"1.85","2021-05-09 04:30:00"
"172319",13,"1.925","2021-05-09 04:45:00"
"173845",13,"4.7","2021-06-20 13:00:00"
"173899",13,"3.575","2021-06-20 13:15:00"
"173953",13,"3.05","2021-06-20 13:30:00"
"174007",13,"3.275","2021-06-20 13:45:00"
"174061",13,"3.8","2021-06-20 14:00:00"
"174115",13,"2.9","2021-06-20 14:15:00"
"174169",13,"3.5","2021-06-20 14:30:00"
"174223",13,"3.65","2021-06-20 14:45:00"
"174277",13,"2.3","2021-06-20 15:00:00"
"174331",13,"3.575","2021-06-20 15:15:00"
"175373",13,"3.875","2021-03-31 10:15:00"
"175427",13,"3.725","2021-03-31 10:30:00"
"175481",13,"4.25","2021-03-31 10:45:00"
"175535",13,"3.575","2021-03-31 11:00:00"
"175589",13,"2.975","2021-03-31 11:15:00"
"175643",13,"3.65","2021-03-31 11:30:00"
"175698",13,"3.725","2021-03-31 11:45:00"
"175778",13,"3.425","2021-03-31 12:00:00"
"178066",13,"3.95","2021-03-31 12:15:00"
"178198",13,"2","2021-03-31 12:30:00"
"176949",13,"8.37","2021-02-26 10:45:00"
"177052",13,"7.925","2021-02-26 11:00:00"
"177161",13,"7.775","2021-02-26 11:15:00"
"177087",13,"5.3","2021-05-09 09:30:00"
"177191",13,"5.075","2021-05-09 09:45:00"
"177285",13,"8.22","2021-02-26 11:30:00"
"177382",13,"7.025","2021-02-26 11:45:00"
"177286",13,"5.3","2021-05-09 10:00:00"
"177407",13,"4.775","2021-05-09 10:15:00"
"177638",13,"4.55","2021-05-09 10:30:00"
"178696",13,"3.425","2021-03-31 14:00:00"
"178750",13,"4.55","2021-03-31 14:15:00"
"178804",13,"4.175","2021-03-31 14:30:00"
"178858",13,"4.475","2021-03-31 14:45:00"
"178912",13,"3.35","2021-03-31 15:00:00"
"179050",13,"1.925","2021-06-20 20:00:00"
"179159",13,"1.85","2021-06-20 20:15:00"
"178999",13,"2.45","2021-03-31 15:15:00"
"179115",13,"3.5","2021-03-31 15:30:00"
"179224",13,"2.375","2021-03-31 15:45:00"
"180384",13,"4.475","2021-05-09 14:00:00"
"180456",13,"4.325","2021-05-09 14:15:00"
"180513",13,"8.45","2021-02-26 12:45:00"
"180653",13,"6.35","2021-02-26 13:00:00"
"180537",13,"5","2021-05-09 14:30:00"
"180625",13,"4.175","2021-05-09 14:45:00"
"180708",13,"4.1","2021-05-09 15:00:00"
"180802",13,"4.475","2021-05-09 15:15:00"
"180884",13,"3.575","2021-05-09 15:30:00"
"181970",13,"0","2021-06-21 00:30:00"
"182079",13,"0","2021-06-21 00:45:00"
"182194",13,"5.675","2021-02-26 16:00:00"
"182302",13,"7.175","2021-02-26 16:15:00"
"182205",13,"2.75","2021-06-21 01:00:00"
"182315",13,"1.55","2021-06-21 01:15:00"
"182406",13,"0","2021-06-21 01:30:00"
"182425",13,"5.3","2021-02-26 16:30:00"
"182527",13,"3.05","2021-02-26 16:45:00"
"182632",13,"4.925","2021-02-26 17:00:00"
"183587",13,"1.625","2021-03-31 20:30:00"
"183641",13,"1.55","2021-03-31 20:45:00"
"183695",13,"0","2021-03-31 21:00:00"
"183749",13,"1.775","2021-03-31 21:15:00"
"185402",13,"0.8","2021-03-31 21:30:00"
"183899",13,"3.425","2021-05-09 16:30:00"
"183953",13,"0","2021-05-09 16:45:00"
"184007",13,"1.85","2021-05-09 17:00:00"
"184061",13,"0","2021-05-09 17:15:00"
"184115",13,"1.775","2021-05-09 17:30:00"
"185436",13,"6.575","2021-02-26 17:45:00"
"185627",13,"6.875","2021-02-26 18:00:00"
"185805",13,"5.9","2021-02-26 18:15:00"
"185591",13,"0","2021-06-21 05:00:00"
"185758",13,"0","2021-06-21 05:15:00"
"185534",13,"1.175","2021-03-31 21:45:00"
"185649",13,"0","2021-03-31 22:00:00"
"185806",13,"1.55","2021-03-31 22:15:00"
"185923",13,"1.4","2021-03-31 22:30:00"
"186041",13,"1.4","2021-03-31 22:45:00"
"186926",13,"2.525","2021-06-21 06:45:00"
"187070",13,"1.85","2021-06-21 07:00:00"
"188787",13,"2.6","2021-06-21 07:15:00"
"187261",13,"6.05","2021-02-26 20:30:00"
"187363",13,"5.45","2021-02-26 20:45:00"
"187332",13,"0","2021-04-01 01:00:00"
"187444",13,"0","2021-04-01 01:15:00"
"187467",13,"5.15","2021-02-26 21:00:00"
"187555",13,"4.625","2021-02-26 21:15:00"
"187675",13,"3.95","2021-02-26 21:30:00"
"188681",13,"1.25","2021-05-10 00:45:00"
"188735",13,"0","2021-05-10 01:00:00"
"191367",13,"0","2021-05-10 01:15:00"
"188841",13,"2.6","2021-06-21 07:30:00"
"188895",13,"1.85","2021-06-21 07:45:00"
"188949",13,"1.7000000000000002","2021-06-21 08:00:00"
"189003",13,"2.375","2021-06-21 08:15:00"
"189057",13,"3.8","2021-06-21 08:30:00"
"189111",13,"3.725","2021-06-21 08:45:00"
"189172",13,"3.05","2021-06-21 09:00:00"
"190233",13,"0","2021-04-01 04:00:00"
"190382",13,"0","2021-04-01 04:15:00"
"190530",13,"0","2021-04-01 04:30:00"
"190533",13,"3.725","2021-06-21 11:15:00"
"190676",13,"4.1","2021-06-21 11:30:00"
"190846",13,"4.325","2021-06-21 11:45:00"
"190686",13,"0","2021-04-01 04:45:00"
"190851",13,"0","2021-04-01 05:00:00"
"190986",13,"0","2021-04-01 05:15:00"
"190663",13,"3.725","2021-02-26 23:30:00"
"190820",13,"4.475","2021-02-26 23:45:00"
"190950",13,"4.55","2021-02-27 00:00:00"
"191478",13,"0","2021-04-01 06:15:00"
"191625",13,"0","2021-04-01 06:30:00"
"193801",13,"0","2021-04-01 06:45:00"
"191674",13,"0","2021-05-10 01:30:00"
"191863",13,"0","2021-05-10 01:45:00"
"191740",13,"6.8","2021-02-27 01:15:00"
"191923",13,"5.375","2021-02-27 01:30:00"
"191800",13,"4.4","2021-06-21 12:30:00"
"191927",13,"4.7","2021-06-21 12:45:00"
"192039",13,"4.7","2021-06-21 13:00:00"
"195203",13,"3.575","2021-02-27 02:30:00"
"195278",13,"3.275","2021-02-27 02:45:00"
"192667",13,"0","2021-05-10 02:45:00"
"192832",13,"0","2021-05-10 03:00:00"
"192694",13,"4.1","2021-06-21 14:30:00"
"192778",13,"3.95","2021-06-21 14:45:00"
"192857",13,"4.4","2021-06-21 15:00:00"
"192942",13,"3.95","2021-06-21 15:15:00"
"193016",13,"3.875","2021-06-21 15:30:00"
"193545",13,"2.075","2021-05-10 04:45:00"
"193599",13,"2.6","2021-05-10 05:00:00"
"193653",13,"2.675","2021-05-10 05:15:00"
"193707",13,"2.075","2021-05-10 05:30:00"
"193761",13,"1.7000000000000002","2021-05-10 05:45:00"
"196770",13,"1.25","2021-05-10 06:00:00"
"196869",13,"1.4","2021-05-10 06:15:00"
"193855",13,"0","2021-04-01 07:00:00"
"193909",13,"0","2021-04-01 07:15:00"
"193963",13,"0","2021-04-01 07:30:00"
"195176",13,"2.525","2021-06-21 18:15:00"
"195340",13,"2.45","2021-06-21 18:30:00"
"195478",13,"2.15","2021-06-21 18:45:00"
"195370",13,"4.1","2021-02-27 03:00:00"
"195455",13,"3.65","2021-02-27 03:15:00"
"195536",13,"2.975","2021-02-27 03:30:00"
"195623",13,"2.675","2021-06-21 19:00:00"
"195791",13,"2.9","2021-06-21 19:15:00"
"195627",13,"3.8","2021-02-27 03:45:00"
"195705",13,"3.875","2021-02-27 04:00:00"
"196923",13,"0","2021-05-10 06:30:00"
"196977",13,"0","2021-05-10 06:45:00"
"197031",13,"0","2021-05-10 07:00:00"
"197085",13,"0","2021-05-10 07:15:00"
"197139",13,"0","2021-05-10 07:30:00"
"197193",13,"0","2021-05-10 07:45:00"
"197247",13,"0","2021-05-10 08:00:00"
"197301",13,"0","2021-05-10 08:15:00"
"197355",13,"3.35","2021-05-10 08:30:00"
"197409",13,"3.05","2021-05-10 08:45:00"
"198529",13,"2.75","2021-04-01 14:45:00"
"198583",13,"2.9","2021-04-01 15:00:00"
"198637",13,"3.425","2021-04-01 15:15:00"
"198691",13,"3.275","2021-04-01 15:30:00"
"198745",13,"4.25","2021-04-01 15:45:00"
"200932",13,"3.425","2021-04-01 16:00:00"
"201029",13,"2.6","2021-04-01 16:15:00"
"198891",13,"3.05","2021-02-27 07:30:00"
"198945",13,"3.95","2021-02-27 07:45:00"
"198999",13,"4.1","2021-02-27 08:00:00"
"200135",13,"1.775","2021-06-21 22:45:00"
"200189",13,"0.8","2021-06-21 23:00:00"
"200243",13,"2.975","2021-06-21 23:15:00"
"200297",13,"2.3","2021-06-21 23:30:00"
"200351",13,"1.55","2021-06-21 23:45:00"
"200405",13,"1.175","2021-06-22 00:00:00"
"200459",13,"0","2021-06-22 00:15:00"
"200513",13,"0","2021-06-22 00:30:00"
"200567",13,"0","2021-06-22 00:45:00"
"200621",13,"0","2021-06-22 01:00:00"
"201413",13,"4.625","2021-05-10 12:15:00"
"201507",13,"4.475","2021-05-10 12:30:00"
"201616",13,"3.8","2021-05-10 12:45:00"
"201508",13,"0","2021-04-01 17:15:00"
"201615",13,"2.375","2021-04-01 17:30:00"
"201723",13,"4.4","2021-05-10 13:00:00"
"201827",13,"3.575","2021-05-10 13:15:00"
"201729",13,"2.825","2021-04-01 17:45:00"
"201836",13,"2.525","2021-04-01 18:00:00"
"201942",13,"3.05","2021-04-01 18:15:00"
"203565",13,"5","2021-02-27 15:15:00"
"203619",13,"4.7","2021-02-27 15:30:00"
"203673",13,"5.225","2021-02-27 15:45:00"
"203727",13,"5.15","2021-02-27 16:00:00"
"206781",13,"4.25","2021-02-27 16:15:00"
"203837",13,"1.55","2021-06-22 02:00:00"
"203891",13,"0","2021-06-22 02:15:00"
"203945",13,"0","2021-06-22 02:30:00"
"203999",13,"0","2021-06-22 02:45:00"
"204053",13,"0","2021-06-22 03:00:00"
"205149",13,"1.85","2021-04-01 22:15:00"
"205203",13,"1.55","2021-04-01 22:30:00"
"205257",13,"0","2021-04-01 22:45:00"
"205311",13,"0","2021-04-01 23:00:00"
"205365",13,"0","2021-04-01 23:15:00"
"205419",13,"1.85","2021-04-01 23:30:00"
"205473",13,"3.275","2021-04-01 23:45:00"
"205527",13,"2.525","2021-04-02 00:00:00"
"205582",13,"4.85","2021-04-02 00:15:00"
"205695",13,"4.55","2021-04-02 00:30:00"
"205795",13,"3.575","2021-04-02 00:45:00"
"206835",13,"4.775","2021-02-27 16:30:00"
"206889",13,"3.65","2021-02-27 16:45:00"
"206943",13,"11","2021-02-27 17:00:00"
"206997",13,"14","2021-02-27 17:15:00"
"207051",13,"2.375","2021-02-27 17:30:00"
"207105",13,"1.775","2021-02-27 17:45:00"
"207159",13,"1.25","2021-02-27 18:00:00"
"207213",13,"7.175","2021-02-27 18:15:00"
"207267",13,"7.4","2021-02-27 18:30:00"
"207321",13,"4.775","2021-02-27 18:45:00"
"208484",13,"3.425","2021-04-02 04:00:00"
"210861",13,"2.825","2021-02-27 21:15:00"
"209023",13,"1.4","2021-06-22 07:45:00"
"209168",13,"0","2021-06-22 08:00:00"
"209175",13,"2.15","2021-05-10 20:30:00"
"209329",13,"1.025","2021-05-10 20:45:00"
"209521",13,"0","2021-05-10 21:00:00"
"209203",13,"0","2021-04-02 05:15:00"
"209362",13,"0","2021-04-02 05:30:00"
"209515",13,"2.375","2021-04-02 05:45:00"
"209334",13,"0","2021-06-22 08:15:00"
"209479",13,"0.9500000000000001","2021-06-22 08:30:00"
"209597",13,"1.175","2021-06-22 08:45:00"
"215049",13,"5.975","2021-02-28 02:45:00"
"215103",13,"7.325","2021-02-28 03:00:00"
"215157",13,"7.025","2021-02-28 03:15:00"
"215211",13,"5.825","2021-02-28 03:30:00"
"215265",13,"6.05","2021-02-28 03:45:00"
"215319",13,"6.125","2021-02-28 04:00:00"
"215373",13,"4.55","2021-02-28 04:15:00"
"215427",13,"4.7","2021-02-28 04:30:00"
"215481",13,"5.075","2021-02-28 04:45:00"
"215535",13,"4.4","2021-02-28 05:00:00"
"216227",13,"5.9","2021-04-02 12:30:00"
"216281",13,"3.35","2021-04-02 12:45:00"
"216335",13,"4.025","2021-04-02 13:00:00"
"216389",13,"3.875","2021-04-02 13:15:00"
"216443",13,"3.725","2021-04-02 13:30:00"
"216497",13,"2.525","2021-04-02 13:45:00"
"216551",13,"3.725","2021-04-02 14:00:00"
"216605",13,"4.475","2021-04-02 14:15:00"
"216659",13,"3.875","2021-04-02 14:30:00"
"216713",13,"4.175","2021-04-02 14:45:00"
"217861",13,"0.88","2021-06-22 16:00:00"
"217915",13,"2.225","2021-06-22 16:15:00"
"217969",13,"1.775","2021-06-22 16:30:00"
"218023",13,"1.625","2021-06-22 16:45:00"
"218077",13,"2.15","2021-06-22 17:00:00"
"218131",13,"2.15","2021-06-22 17:15:00"
"218185",13,"1.775","2021-06-22 17:30:00"
"218239",13,"1.775","2021-06-22 17:45:00"
"218293",13,"2.225","2021-06-22 18:00:00"
"218347",13,"1.325","2021-06-22 18:15:00"
"219647",13,"4.175","2021-02-28 07:15:00"
"219737",13,"3.8","2021-02-28 07:30:00"
"219798",13,"2.075","2021-04-02 18:15:00"
"219928",13,"2.825","2021-04-02 18:30:00"
"219836",13,"4.775","2021-02-28 07:45:00"
"219924",13,"5.3","2021-02-28 08:00:00"
"220020",13,"4.925","2021-02-28 08:15:00"
"220046",13,"5.075","2021-04-02 18:45:00"
"220128",13,"5.525","2021-04-02 19:00:00"
"220240",13,"3.875","2021-04-02 19:15:00"
"220669",13,"7.325","2021-02-28 10:15:00"
"220723",13,"5.9","2021-02-28 10:30:00"
"220777",13,"6.725","2021-02-28 10:45:00"
"220863",13,"0","2021-05-11 10:00:00"
"220917",13,"0","2021-05-11 10:15:00"
"220971",13,"1.775","2021-05-11 10:30:00"
"221025",13,"1.85","2021-05-11 10:45:00"
"221079",13,"2.225","2021-05-11 11:00:00"
"221133",13,"3.65","2021-05-11 11:15:00"
"221187",13,"4.1","2021-05-11 11:30:00"
"221241",13,"3.05","2021-05-11 11:45:00"
"222396",13,"2.9","2021-06-22 23:00:00"
"222533",13,"2.675","2021-06-22 23:15:00"
"222642",13,"2.3","2021-06-22 23:30:00"
"222442",13,"6.125","2021-02-28 11:00:00"
"222530",13,"6.5","2021-02-28 11:15:00"
"222637",13,"5.9","2021-02-28 11:30:00"
"222746",13,"6.725","2021-02-28 11:45:00"
"222862",13,"6.95","2021-02-28 12:00:00"
"222797",13,"2.3","2021-06-22 23:45:00"
"222935",13,"3.275","2021-06-23 00:00:00"
"223853",13,"3.125","2021-04-02 21:15:00"
"223955",13,"2.975","2021-04-02 21:30:00"
"224050",13,"2.375","2021-04-02 21:45:00"
"224122",13,"3.125","2021-02-28 14:45:00"
"224158",13,"2.15","2021-04-02 22:00:00"
"224214",13,"5.675","2021-02-28 15:00:00"
"224278",13,"1.775","2021-04-02 22:15:00"
"224382",13,"0.88","2021-04-02 22:30:00"
"224441",13,"2.225","2021-04-02 22:45:00"
"224326",13,"6.95","2021-02-28 15:15:00"
"224879",13,"5.9","2021-02-28 15:30:00"
"225720",13,"4.25","2021-06-23 01:30:00"
"225933",13,"4.1","2021-06-23 01:45:00"
"226130",13,"3.95","2021-06-23 02:00:00"
"225753",13,"3.2","2021-02-28 17:00:00"
"225991",13,"4.55","2021-02-28 17:15:00"
"226218",13,"3.8","2021-02-28 17:30:00"
"225805",13,"2.9","2021-04-03 00:45:00"
"226001",13,"3.125","2021-04-03 01:00:00"
"226217",13,"3.05","2021-04-03 01:15:00"
"226076",13,"1.175","2021-05-11 16:30:00"
"226285",13,"0","2021-05-11 16:45:00"
"227472",13,"2.3","2021-05-11 18:15:00"
"227641",13,"1.925","2021-05-11 18:30:00"
"227793",13,"2.15","2021-05-11 18:45:00"
"227495",13,"3.95","2021-04-03 02:45:00"
"227695",13,"3.425","2021-04-03 03:00:00"
"227916",13,"3.275","2021-04-03 03:15:00"
"227528",13,"4.4","2021-06-23 03:30:00"
"227784",13,"4.325","2021-06-23 03:45:00"
"227992",13,"5.15","2021-06-23 04:00:00"
"227582",13,"3.5","2021-02-28 19:00:00"
"227848",13,"9.35","2021-02-28 19:15:00"
"228041",13,"5.975","2021-02-28 19:30:00"
"228974",13,"0","2021-04-03 05:30:00"
"229048",13,"0","2021-04-03 05:45:00"
"229127",13,"0","2021-04-03 06:00:00"
"229200",13,"0","2021-04-03 06:15:00"
"229268",13,"0","2021-04-03 06:30:00"
"229376",13,"1.7000000000000002","2021-05-11 19:45:00"
"229553",13,"3.275","2021-05-11 20:00:00"
"229345",13,"0","2021-04-03 06:45:00"
"229427",13,"0","2021-04-03 07:00:00"
"231117",13,"5.525","2021-02-28 23:00:00"
"231193",13,"5.375","2021-02-28 23:15:00"
"231273",13,"5.525","2021-02-28 23:30:00"
"231350",13,"6.5","2021-02-28 23:45:00"
"231427",13,"6.2","2021-03-01 00:00:00"
"231507",13,"7.325","2021-03-01 00:15:00"
"231580",13,"6.5","2021-03-01 00:30:00"
"234124",13,"5.375","2021-03-01 00:45:00"
"231592",13,"0","2021-05-11 22:45:00"
"231671",13,"2","2021-05-11 23:00:00"
"231725",13,"2","2021-05-11 23:15:00"
"188357",13,"4.4","2021-05-09 23:15:00"
"188411",13,"5.15","2021-05-09 23:30:00"
"188465",13,"3.575","2021-05-09 23:45:00"
"188519",13,"2.975","2021-05-10 00:00:00"
"188573",13,"1.925","2021-05-10 00:15:00"
"188627",13,"1.7000000000000002","2021-05-10 00:30:00"
"189831",13,"4.25","2021-02-26 22:15:00"
"189995",13,"5.15","2021-02-26 22:30:00"
"190163",13,"5.975","2021-02-26 22:45:00"
"189925",13,"0","2021-04-01 03:30:00"
"190068",13,"0","2021-04-01 03:45:00"
"190153",13,"4.175","2021-06-21 10:45:00"
"190369",13,"3.875","2021-06-21 11:00:00"
"190301",13,"4.55","2021-02-26 23:00:00"
"190462",13,"4.175","2021-02-26 23:15:00"
"191420",13,"4.925","2021-06-21 12:00:00"
"191612",13,"5.15","2021-06-21 12:15:00"
"191050",13,"3.275","2021-02-27 00:15:00"
"191161",13,"3.95","2021-02-27 00:30:00"
"191099",13,"0","2021-04-01 05:30:00"
"191207",13,"0","2021-04-01 05:45:00"
"191266",13,"4.25","2021-02-27 00:45:00"
"191313",13,"0","2021-04-01 06:00:00"
"191466",13,"5.225","2021-02-27 01:00:00"
"192065",13,"0","2021-05-10 02:00:00"
"192276",13,"0","2021-05-10 02:15:00"
"192485",13,"0","2021-05-10 02:30:00"
"192130",13,"6.575","2021-02-27 01:45:00"
"192320",13,"4.7","2021-02-27 02:00:00"
"192509",13,"3.5","2021-02-27 02:15:00"
"192148",13,"5.15","2021-06-21 13:15:00"
"192266",13,"5.075","2021-06-21 13:30:00"
"192387",13,"4.775","2021-06-21 13:45:00"
"192502",13,"3.95","2021-06-21 14:00:00"
"192606",13,"5.15","2021-06-21 14:15:00"
"192996",13,"2","2021-05-10 03:15:00"
"193154",13,"1.925","2021-05-10 03:30:00"
"193329",13,"2.3","2021-05-10 03:45:00"
"193095",13,"4.4","2021-06-21 15:45:00"
"193179",13,"4.175","2021-06-21 16:00:00"
"193248",13,"4.55","2021-06-21 16:15:00"
"194785",13,"4.325","2021-06-21 16:30:00"
"194839",13,"3.35","2021-06-21 16:45:00"
"193383",13,"1.775","2021-05-10 04:00:00"
"193437",13,"1.325","2021-05-10 04:15:00"
"193491",13,"2.375","2021-05-10 04:30:00"
"194017",13,"0","2021-04-01 07:45:00"
"194071",13,"0","2021-04-01 08:00:00"
"194125",13,"2.6","2021-04-01 08:15:00"
"194179",13,"3.35","2021-04-01 08:30:00"
"194233",13,"3.275","2021-04-01 08:45:00"
"194287",13,"3.575","2021-04-01 09:00:00"
"194341",13,"4.4","2021-04-01 09:15:00"
"194395",13,"5","2021-04-01 09:30:00"
"194449",13,"5.3","2021-04-01 09:45:00"
"194503",13,"5.375","2021-04-01 10:00:00"
"195786",13,"3.05","2021-02-27 04:15:00"
"195865",13,"3.05","2021-02-27 04:30:00"
"195939",13,"1.4","2021-02-27 04:45:00"
"195968",13,"3.725","2021-06-21 19:30:00"
"196123",13,"3.575","2021-06-21 19:45:00"
"196259",13,"3.575","2021-06-21 20:00:00"
"196022",13,"0","2021-02-27 05:00:00"
"196104",13,"1.55","2021-02-27 05:15:00"
"196196",13,"0","2021-02-27 05:30:00"
"196281",13,"1.625","2021-02-27 05:45:00"
"196360",13,"1.025","2021-02-27 06:00:00"
"197463",13,"2.825","2021-05-10 09:00:00"
"197517",13,"3.575","2021-05-10 09:15:00"
"197571",13,"3.65","2021-05-10 09:30:00"
"197625",13,"3.95","2021-05-10 09:45:00"
"197679",13,"3.425","2021-05-10 10:00:00"
"197733",13,"3.65","2021-05-10 10:15:00"
"200674",13,"3.2","2021-05-10 10:30:00"
"200782",13,"4.175","2021-05-10 10:45:00"
"197827",13,"6.275","2021-04-01 11:30:00"
"197881",13,"5","2021-04-01 11:45:00"
"199053",13,"4.85","2021-02-27 08:15:00"
"199107",13,"4.325","2021-02-27 08:30:00"
"199161",13,"5.15","2021-02-27 08:45:00"
"199215",13,"4.85","2021-02-27 09:00:00"
"199269",13,"6.425","2021-02-27 09:15:00"
"199323",13,"7.775","2021-02-27 09:30:00"
"199377",13,"6.425","2021-02-27 09:45:00"
"199431",13,"6.2","2021-02-27 10:00:00"
"199485",13,"6.725","2021-02-27 10:15:00"
"199539",13,"6.875","2021-02-27 10:30:00"
"200688",13,"0","2021-06-22 01:15:00"
"200797",13,"0","2021-06-22 01:30:00"
"203783",13,"1.85","2021-06-22 01:45:00"
"200895",13,"4.25","2021-05-10 11:00:00"
"201012",13,"3.875","2021-05-10 11:15:00"
"201122",13,"5.075","2021-05-10 11:30:00"
"201140",13,"2.15","2021-04-01 16:30:00"
"201252",13,"1.175","2021-04-01 16:45:00"
"201385",13,"0","2021-04-01 17:00:00"
"201226",13,"4.025","2021-05-10 11:45:00"
"201312",13,"4.625","2021-05-10 12:00:00"
"202478",13,"2.9","2021-05-10 14:45:00"
"202587",13,"3.875","2021-05-10 15:00:00"
"205634",13,"3.5","2021-05-10 15:15:00"
"202588",13,"4.25","2021-04-01 19:45:00"
"202663",13,"4.025","2021-04-01 20:00:00"
"202717",13,"3.5","2021-04-01 20:15:00"
"202771",13,"2.525","2021-04-01 20:30:00"
"204704",13,"2.6","2021-04-01 20:45:00"
"202863",13,"6.8","2021-02-27 12:00:00"
"202917",13,"7.1","2021-02-27 12:15:00"
"202971",13,"6.05","2021-02-27 12:30:00"
"204107",13,"0","2021-06-22 03:15:00"
"204161",13,"0","2021-06-22 03:30:00"
"204215",13,"0","2021-06-22 03:45:00"
"204269",13,"0","2021-06-22 04:00:00"
"204323",13,"0","2021-06-22 04:15:00"
"204377",13,"0","2021-06-22 04:30:00"
"204431",13,"0","2021-06-22 04:45:00"
"204485",13,"2","2021-06-22 05:00:00"
"204539",13,"0.8","2021-06-22 05:15:00"
"204593",13,"0","2021-06-22 05:30:00"
"205756",13,"2.6","2021-05-10 15:30:00"
"205859",13,"1.625","2021-05-10 15:45:00"
"205968",13,"2.225","2021-05-10 16:00:00"
"205906",13,"3.575","2021-04-02 01:00:00"
"207782",13,"2.525","2021-04-02 01:15:00"
"206029",13,"2.3","2021-05-10 16:15:00"
"206083",13,"2.15","2021-05-10 16:30:00"
"206137",13,"0","2021-05-10 16:45:00"
"206191",13,"0","2021-05-10 17:00:00"
"206245",13,"0","2021-05-10 17:15:00"
"207851",13,"2.225","2021-04-02 01:30:00"
"207905",13,"2.975","2021-04-02 01:45:00"
"207959",13,"3.65","2021-04-02 02:00:00"
"208013",13,"5.075","2021-04-02 02:15:00"
"208067",13,"5.225","2021-04-02 02:30:00"
"208121",13,"4.475","2021-04-02 02:45:00"
"208175",13,"2.6","2021-04-02 03:00:00"
"208229",13,"3.2","2021-04-02 03:15:00"
"208283",13,"3.35","2021-04-02 03:30:00"
"208367",13,"3.95","2021-04-02 03:45:00"
"209649",13,"0","2021-05-10 21:15:00"
"209745",13,"0","2021-05-10 21:30:00"
"209821",13,"0","2021-05-10 21:45:00"
"209709",13,"2.15","2021-06-22 09:00:00"
"209874",13,"3.05","2021-06-22 09:15:00"
"210038",13,"2.525","2021-06-22 09:30:00"
"209903",13,"0","2021-05-10 22:00:00"
"209972",13,"0","2021-05-10 22:15:00"
"210059",13,"0","2021-05-10 22:30:00"
"210143",13,"0","2021-05-10 22:45:00"
"210276",13,"0","2021-05-10 23:00:00"
"210649",13,"1.325","2021-05-10 23:45:00"
"210703",13,"1.55","2021-05-11 00:00:00"
"210757",13,"1.625","2021-05-11 00:15:00"
"212811",13,"2.075","2021-05-11 00:30:00"
"212865",13,"1.7000000000000002","2021-05-11 00:45:00"
"210915",13,"2.75","2021-02-27 21:30:00"
"210969",13,"2.3","2021-02-27 21:45:00"
"211023",13,"3.125","2021-02-27 22:00:00"
"211077",13,"3.95","2021-02-27 22:15:00"
"211131",13,"5.6","2021-02-27 22:30:00"
"211782",13,"6.95","2021-02-28 00:15:00"
"211941",13,"6.5","2021-02-28 00:30:00"
"211843",13,"0","2021-04-02 07:15:00"
"211924",13,"0","2021-04-02 07:30:00"
"212005",13,"0","2021-04-02 07:45:00"
"212096",13,"2.675","2021-04-02 08:00:00"
"212172",13,"3.275","2021-04-02 08:15:00"
"212085",13,"6.2","2021-02-28 00:45:00"
"212258",13,"5.75","2021-02-28 01:00:00"
"212423",13,"5.15","2021-02-28 01:15:00"
"215680",13,"5.6","2021-04-02 10:30:00"
"215761",13,"5.075","2021-04-02 10:45:00"
"212919",13,"1.4","2021-05-11 01:00:00"
"212973",13,"0","2021-05-11 01:15:00"
"213051",13,"0","2021-05-11 01:30:00"
"213236",13,"0","2021-05-11 01:45:00"
"213380",13,"0","2021-05-11 02:00:00"
"213169",13,"0.9500000000000001","2021-06-22 11:30:00"
"213247",13,"1.7000000000000002","2021-06-22 11:45:00"
"213332",13,"0.73","2021-06-22 12:00:00"
"213960",13,"2.075","2021-06-22 14:00:00"
"214033",13,"1.925","2021-06-22 14:15:00"
"214116",13,"2.525","2021-06-22 14:30:00"
"214089",13,"0","2021-05-11 03:00:00"
"214257",13,"0","2021-05-11 03:15:00"
"214440",13,"0","2021-05-11 03:30:00"
"214197",13,"0","2021-06-22 14:45:00"
"214275",13,"1.4","2021-06-22 15:00:00"
"214348",13,"2.075","2021-06-22 15:15:00"
"214428",13,"2.225","2021-06-22 15:30:00"
"217807",13,"0","2021-06-22 15:45:00"
"215589",13,"5","2021-02-28 05:15:00"
"215643",13,"5.3","2021-02-28 05:30:00"
"215775",13,"5.675","2021-02-28 05:45:00"
"215926",13,"4.55","2021-02-28 06:00:00"
"219237",13,"4.7","2021-02-28 06:15:00"
"215841",13,"6.275","2021-04-02 11:00:00"
"215928",13,"5.675","2021-04-02 11:15:00"
"216011",13,"5.225","2021-04-02 11:30:00"
"216065",13,"5.225","2021-04-02 11:45:00"
"216119",13,"4.7","2021-04-02 12:00:00"
"216173",13,"5.375","2021-04-02 12:15:00"
"217323",13,"0","2021-05-11 07:30:00"
"217377",13,"0","2021-05-11 07:45:00"
"217431",13,"0","2021-05-11 08:00:00"
"217485",13,"0","2021-05-11 08:15:00"
"217539",13,"0","2021-05-11 08:30:00"
"217593",13,"0","2021-05-11 08:45:00"
"217647",13,"0","2021-05-11 09:00:00"
"217701",13,"2.15","2021-05-11 09:15:00"
"217755",13,"2.225","2021-05-11 09:30:00"
"220809",13,"1.775","2021-05-11 09:45:00"
"219037",13,"2.225","2021-04-02 16:15:00"
"219091",13,"3.575","2021-04-02 16:30:00"
"219145",13,"2.75","2021-04-02 16:45:00"
"219204",13,"2.15","2021-04-02 17:00:00"
"219326",13,"2.9","2021-04-02 17:15:00"
"219340",13,"3.575","2021-02-28 06:30:00"
"219429",13,"2.825","2021-02-28 06:45:00"
"219532",13,"2.75","2021-02-28 07:00:00"
"219453",13,"2.525","2021-04-02 17:30:00"
"219557",13,"2.375","2021-04-02 17:45:00"
"219665",13,"2.525","2021-04-02 18:00:00"
"221295",13,"3.8","2021-05-11 12:00:00"
"221349",13,"4.175","2021-05-11 12:15:00"
"221403",13,"4.4","2021-05-11 12:30:00"
"221457",13,"3.2","2021-05-11 12:45:00"
"221511",13,"4.1","2021-05-11 13:00:00"
"221565",13,"3.425","2021-05-11 13:15:00"
"221619",13,"4.7","2021-05-11 13:30:00"
"221721",13,"3.425","2021-06-22 20:30:00"
"221797",13,"3.575","2021-06-22 20:45:00"
"221880",13,"2.75","2021-06-22 21:00:00"
"223002",13,"2.525","2021-04-02 20:00:00"
"223301",13,"1.775","2021-04-02 20:15:00"
"223472",13,"1.475","2021-04-02 20:30:00"
"223003",13,"5.75","2021-02-28 12:15:00"
"223120",13,"5","2021-02-28 12:30:00"
"223250",13,"5.6","2021-02-28 12:45:00"
"223072",13,"5.225","2021-06-23 00:15:00"
"223208",13,"5.3","2021-06-23 00:30:00"
"223346",13,"4.4","2021-06-23 00:45:00"
"223398",13,"6.125","2021-02-28 13:00:00"
"223509",13,"5.6","2021-02-28 13:15:00"
"224495",13,"1.925","2021-04-02 23:00:00"
"224549",13,"2","2021-04-02 23:15:00"
"224603",13,"1.625","2021-04-02 23:30:00"
"224657",13,"5.975","2021-04-02 23:45:00"
"224711",13,"3.5","2021-04-03 00:00:00"
"224765",13,"3.275","2021-04-03 00:15:00"
"225571",13,"2.975","2021-04-03 00:30:00"
"224835",13,"3.05","2021-05-11 14:30:00"
"224945",13,"2.9","2021-05-11 14:45:00"
"225038",13,"3.2","2021-05-11 15:00:00"
"226357",13,"4.4","2021-06-23 02:15:00"
"226580",13,"4.175","2021-06-23 02:30:00"
"226797",13,"4.325","2021-06-23 02:45:00"
"226429",13,"3.125","2021-04-03 01:30:00"
"226621",13,"2.975","2021-04-03 01:45:00"
"226438",13,"4.55","2021-02-28 17:45:00"
"226646",13,"4.325","2021-02-28 18:00:00"
"226518",13,"0","2021-05-11 17:00:00"
"226740",13,"0","2021-05-11 17:15:00"
"226926",13,"1.475","2021-05-11 17:30:00"
"228189",13,"4.325","2021-06-23 04:15:00"
"228035",13,"2.6","2021-04-03 03:30:00"
"228136",13,"1.85","2021-04-03 03:45:00"
"228260",13,"5.6","2021-02-28 19:45:00"
"228428",13,"5","2021-02-28 20:00:00"
"230212",13,"4.1","2021-02-28 20:15:00"
"228277",13,"0","2021-04-03 04:00:00"
"228407",13,"2.375","2021-04-03 04:15:00"
"228512",13,"2.45","2021-04-03 04:30:00"
"229506",13,"0","2021-04-03 07:15:00"
"229583",13,"0","2021-04-03 07:30:00"
"229660",13,"0","2021-04-03 07:45:00"
"229736",13,"2.825","2021-05-11 20:15:00"
"229865",13,"2.15","2021-05-11 20:30:00"
"230036",13,"2.3","2021-05-11 20:45:00"
"229735",13,"0","2021-04-03 08:00:00"
"229835",13,"0","2021-04-03 08:15:00"
"229914",13,"1.85","2021-04-03 08:30:00"
"229993",13,"3.125","2021-04-03 08:45:00"
"230069",13,"2.75","2021-04-03 09:00:00"
"230685",13,"1.775","2021-05-11 21:30:00"
"230848",13,"1.85","2021-05-11 21:45:00"
"231027",13,"1.85","2021-05-11 22:00:00"
"230736",13,"4.85","2021-02-28 21:45:00"
"230813",13,"3.725","2021-02-28 22:00:00"
"230896",13,"3.875","2021-02-28 22:15:00"
"230974",13,"4.7","2021-02-28 22:30:00"
"231050",13,"4.85","2021-02-28 22:45:00"
"231224",13,"1.175","2021-05-11 22:15:00"
"235803",13,"7.025","2021-06-23 10:15:00"
"235868",13,"7.7","2021-06-23 10:30:00"
"232817",13,"3.5","2021-04-03 09:45:00"
"232871",13,"3.425","2021-04-03 10:00:00"
"232925",13,"4.625","2021-04-03 10:15:00"
"232979",13,"4.475","2021-04-03 10:30:00"
"233033",13,"3.575","2021-04-03 10:45:00"
"233087",13,"3.725","2021-04-03 11:00:00"
"233141",13,"3.5","2021-04-03 11:15:00"
"233195",13,"4.25","2021-04-03 11:30:00"
"238205",13,"3.2","2021-03-01 07:15:00"
"238259",13,"2.975","2021-03-01 07:30:00"
"238313",13,"2.975","2021-03-01 07:45:00"
"238367",13,"4.55","2021-03-01 08:00:00"
"238421",13,"4.775","2021-03-01 08:15:00"
"238475",13,"5","2021-03-01 08:30:00"
"238529",13,"4.325","2021-03-01 08:45:00"
"238583",13,"4.025","2021-03-01 09:00:00"
"238637",13,"3.875","2021-03-01 09:15:00"
"238729",13,"4.775","2021-03-01 09:30:00"
"238814",13,"5.075","2021-03-01 09:45:00"
"239291",13,"0","2021-05-12 06:30:00"
"239345",13,"0","2021-05-12 06:45:00"
"239399",13,"0","2021-05-12 07:00:00"
"239453",13,"0","2021-05-12 07:15:00"
"239507",13,"0","2021-05-12 07:30:00"
"239561",13,"0","2021-05-12 07:45:00"
"239615",13,"0","2021-05-12 08:00:00"
"239669",13,"0","2021-05-12 08:15:00"
"239723",13,"2","2021-05-12 08:30:00"
"239777",13,"2.375","2021-05-12 08:45:00"
"240983",13,"4.4","2021-06-23 18:30:00"
"241059",13,"4.475","2021-06-23 18:45:00"
"241136",13,"4.475","2021-06-23 19:00:00"
"241221",13,"4.7","2021-06-23 19:15:00"
"243801",13,"5","2021-06-23 19:30:00"
"241301",13,"3.725","2021-04-03 21:15:00"
"241355",13,"3.725","2021-04-03 21:30:00"
"241409",13,"3.125","2021-04-03 21:45:00"
"241463",13,"2.9","2021-04-03 22:00:00"
"241517",13,"2.75","2021-04-03 22:15:00"
"241571",13,"2.75","2021-04-03 22:30:00"
"242695",13,"4.175","2021-05-12 13:00:00"
"242749",13,"5.375","2021-05-12 13:15:00"
"242907",13,"4.775","2021-03-01 10:30:00"
"242961",13,"3.65","2021-03-01 10:45:00"
"243015",13,"5.075","2021-03-01 11:00:00"
"243069",13,"4.7","2021-03-01 11:15:00"
"243123",13,"5.15","2021-03-01 11:30:00"
"243177",13,"5","2021-03-01 11:45:00"
"243231",13,"5","2021-03-01 12:00:00"
"243285",13,"5.225","2021-03-01 12:15:00"
"244395",13,"4.4","2021-06-23 22:15:00"
"244449",13,"5.15","2021-06-23 22:30:00"
"244503",13,"4.55","2021-06-23 22:45:00"
"244557",13,"4.775","2021-06-23 23:00:00"
"244611",13,"4.25","2021-06-23 23:15:00"
"244665",13,"4.475","2021-06-23 23:30:00"
"244719",13,"4.325","2021-06-23 23:45:00"
"244773",13,"5.15","2021-06-24 00:00:00"
"244899",13,"4.325","2021-05-12 13:30:00"
"245064",13,"3.2","2021-05-12 13:45:00"
"245229",13,"3.8","2021-05-12 14:00:00"
"246024",13,"3.125","2021-03-01 16:15:00"
"246236",13,"2.975","2021-03-01 16:30:00"
"246424",13,"4.4","2021-03-01 16:45:00"
"246302",13,"3.35","2021-05-12 15:30:00"
"246515",13,"3.05","2021-05-12 15:45:00"
"246444",13,"6.05","2021-06-24 01:00:00"
"246637",13,"4.625","2021-06-24 01:15:00"
"246479",13,"3.575","2021-04-04 01:45:00"
"246702",13,"4.55","2021-04-04 02:00:00"
"246905",13,"4.775","2021-04-04 02:15:00"
"247705",13,"3.575","2021-03-01 18:15:00"
"247916",13,"2.9","2021-03-01 18:30:00"
"247899",13,"2.225","2021-05-12 17:15:00"
"248107",13,"1.925","2021-05-12 17:30:00"
"248299",13,"0","2021-05-12 17:45:00"
"247980",13,"3.725","2021-06-24 02:45:00"
"248190",13,"3.425","2021-06-24 03:00:00"
"248428",13,"2.75","2021-06-24 03:15:00"
"248148",13,"2.975","2021-04-04 03:45:00"
"248369",13,"3.125","2021-04-04 04:00:00"
"250813",13,"3.2","2021-04-04 04:15:00"
"251052",13,"1.925","2021-06-24 04:45:00"
"251143",13,"0.58","2021-06-24 05:00:00"
"251256",13,"2.825","2021-06-24 05:15:00"
"248951",13,"4.925","2021-03-01 19:30:00"
"249130",13,"2.15","2021-03-01 19:45:00"
"249242",13,"2","2021-03-01 20:00:00"
"249034",13,"0","2021-05-12 18:45:00"
"249109",13,"0","2021-05-12 19:00:00"
"249194",13,"0","2021-05-12 19:15:00"
"249301",13,"0","2021-05-12 19:30:00"
"249392",13,"0","2021-05-12 19:45:00"
"250488",13,"1.25","2021-03-01 22:45:00"
"250592",13,"2.6","2021-03-01 23:00:00"
"250554",13,"0","2021-05-12 22:30:00"
"252801",13,"0","2021-05-12 22:45:00"
"250661",13,"2.675","2021-03-01 23:15:00"
"250715",13,"4.475","2021-03-01 23:30:00"
"250769",13,"4.475","2021-03-01 23:45:00"
"250867",13,"4.1","2021-04-04 04:30:00"
"250921",13,"3.575","2021-04-04 04:45:00"
"252135",13,"1.25","2021-06-24 07:15:00"
"252227",13,"0","2021-06-24 07:30:00"
"252331",13,"0","2021-06-24 07:45:00"
"252356",13,"3.8","2021-04-04 08:15:00"
"252485",13,"4.1","2021-04-04 08:30:00"
"252433",13,"0","2021-06-24 08:00:00"
"252518",13,"0","2021-06-24 08:15:00"
"252608",13,"0","2021-06-24 08:30:00"
"252663",13,"0","2021-06-24 08:45:00"
"252717",13,"2.6","2021-06-24 09:00:00"
"253714",13,"4.025","2021-03-02 00:00:00"
"253802",13,"2.9","2021-03-02 00:15:00"
"253828",13,"0","2021-05-13 03:00:00"
"253915",13,"2.9","2021-05-13 03:15:00"
"253931",13,"3.2","2021-03-02 00:30:00"
"208610",13,"3.8","2021-04-02 04:15:00"
"208741",13,"2.675","2021-04-02 04:30:00"
"208592",13,"0","2021-06-22 07:00:00"
"208732",13,"0","2021-06-22 07:15:00"
"208875",13,"0","2021-06-22 07:30:00"
"208782",13,"0","2021-05-10 20:00:00"
"208983",13,"0.9500000000000001","2021-05-10 20:15:00"
"208894",13,"2.9","2021-04-02 04:45:00"
"209041",13,"2.6","2021-04-02 05:00:00"
"210185",13,"3.05","2021-06-22 09:45:00"
"210269",13,"2.525","2021-06-22 10:00:00"
"210434",13,"0","2021-05-10 23:15:00"
"210577",13,"2.075","2021-05-10 23:30:00"
"210352",13,"2.075","2021-06-22 10:15:00"
"210433",13,"2.45","2021-06-22 10:30:00"
"210522",13,"1.925","2021-06-22 10:45:00"
"213013",13,"1.7000000000000002","2021-06-22 11:00:00"
"213096",13,"2","2021-06-22 11:15:00"
"211185",13,"6.575","2021-02-27 22:45:00"
"211239",13,"8.45","2021-02-27 23:00:00"
"211293",13,"8.15","2021-02-27 23:15:00"
"211347",13,"8","2021-02-27 23:30:00"
"211472",13,"7.7","2021-02-27 23:45:00"
"211624",13,"7.625","2021-02-28 00:00:00"
"211429",13,"2","2021-04-02 06:00:00"
"211510",13,"2.525","2021-04-02 06:15:00"
"211591",13,"2.9","2021-04-02 06:30:00"
"211680",13,"2.975","2021-04-02 06:45:00"
"211760",13,"2.6","2021-04-02 07:00:00"
"212252",13,"4.325","2021-04-02 08:30:00"
"212334",13,"4.175","2021-04-02 08:45:00"
"212412",13,"4.85","2021-04-02 09:00:00"
"212494",13,"4.7","2021-04-02 09:15:00"
"212572",13,"4.85","2021-04-02 09:30:00"
"212589",13,"4.55","2021-02-28 01:30:00"
"214833",13,"4.4","2021-02-28 01:45:00"
"212633",13,"5.375","2021-04-02 09:45:00"
"212687",13,"5.975","2021-04-02 10:00:00"
"212741",13,"5.375","2021-04-02 10:15:00"
"213416",13,"2.975","2021-06-22 12:15:00"
"213484",13,"2.75","2021-06-22 12:30:00"
"213564",13,"1.625","2021-06-22 12:45:00"
"213637",13,"1.625","2021-06-22 13:00:00"
"213722",13,"0","2021-06-22 13:15:00"
"213583",13,"0","2021-05-11 02:15:00"
"213746",13,"0","2021-05-11 02:30:00"
"213917",13,"0","2021-05-11 02:45:00"
"213802",13,"1.325","2021-06-22 13:30:00"
"213880",13,"1.325","2021-06-22 13:45:00"
"214513",13,"0","2021-05-11 03:45:00"
"214567",13,"0","2021-05-11 04:00:00"
"214621",13,"0","2021-05-11 04:15:00"
"214675",13,"0","2021-05-11 04:30:00"
"214729",13,"2","2021-05-11 04:45:00"
"216783",13,"1.925","2021-05-11 05:00:00"
"216837",13,"0","2021-05-11 05:15:00"
"214887",13,"5.45","2021-02-28 02:00:00"
"214941",13,"5.825","2021-02-28 02:15:00"
"214995",13,"7.475","2021-02-28 02:30:00"
"216767",13,"4.025","2021-04-02 15:00:00"
"218821",13,"2.6","2021-04-02 15:15:00"
"216891",13,"0","2021-05-11 05:30:00"
"216945",13,"0","2021-05-11 05:45:00"
"216999",13,"0","2021-05-11 06:00:00"
"217053",13,"0","2021-05-11 06:15:00"
"217107",13,"0","2021-05-11 06:30:00"
"217161",13,"0","2021-05-11 06:45:00"
"217215",13,"0","2021-05-11 07:00:00"
"217269",13,"0","2021-05-11 07:15:00"
"218401",13,"2.45","2021-06-22 18:30:00"
"218455",13,"2.6","2021-06-22 18:45:00"
"218509",13,"1.85","2021-06-22 19:00:00"
"218563",13,"2","2021-06-22 19:15:00"
"218617",13,"2","2021-06-22 19:30:00"
"218671",13,"3.275","2021-06-22 19:45:00"
"218725",13,"3.425","2021-06-22 20:00:00"
"218779",13,"3.575","2021-06-22 20:15:00"
"218875",13,"3.125","2021-04-02 15:30:00"
"218929",13,"4.175","2021-04-02 15:45:00"
"218983",13,"4.4","2021-04-02 16:00:00"
"220154",13,"6.125","2021-02-28 08:30:00"
"220260",13,"5.6","2021-02-28 08:45:00"
"220349",13,"3.5","2021-04-02 19:30:00"
"222730",13,"2.75","2021-04-02 19:45:00"
"220368",13,"4.925","2021-02-28 09:00:00"
"220453",13,"5.075","2021-02-28 09:15:00"
"220507",13,"4.625","2021-02-28 09:30:00"
"220561",13,"4.925","2021-02-28 09:45:00"
"220615",13,"6.05","2021-02-28 10:00:00"
"221744",13,"3.575","2021-05-11 13:45:00"
"221897",13,"3.8","2021-05-11 14:00:00"
"224781",13,"3.5","2021-05-11 14:15:00"
"221967",13,"2.75","2021-06-22 21:15:00"
"222049",13,"3.2","2021-06-22 21:30:00"
"222103",13,"3.2","2021-06-22 21:45:00"
"222157",13,"2.525","2021-06-22 22:00:00"
"222211",13,"2.075","2021-06-22 22:15:00"
"222265",13,"2.225","2021-06-22 22:30:00"
"222319",13,"2.825","2021-06-22 22:45:00"
"225336",13,"4.025","2021-06-23 01:00:00"
"225505",13,"4.4","2021-06-23 01:15:00"
"223585",13,"2.375","2021-04-02 20:45:00"
"223721",13,"2.225","2021-04-02 21:00:00"
"223611",13,"8.22","2021-02-28 13:30:00"
"223697",13,"6.95","2021-02-28 13:45:00"
"223795",13,"2.825","2021-02-28 14:00:00"
"223882",13,"2.525","2021-02-28 14:15:00"
"224000",13,"0","2021-02-28 14:30:00"
"224993",13,"5.225","2021-02-28 15:45:00"
"225109",13,"4.775","2021-02-28 16:00:00"
"225218",13,"3.8","2021-02-28 16:15:00"
"225144",13,"3.275","2021-05-11 15:15:00"
"225255",13,"2.825","2021-05-11 15:30:00"
"225356",13,"3.575","2021-02-28 16:30:00"
"225549",13,"3.275","2021-02-28 16:45:00"
"225422",13,"3.425","2021-05-11 15:45:00"
"225650",13,"3.05","2021-05-11 16:00:00"
"225840",13,"2.225","2021-05-11 16:15:00"
"227011",13,"4.4","2021-06-23 03:00:00"
"227255",13,"4.625","2021-06-23 03:15:00"
"226836",13,"3.95","2021-02-28 18:15:00"
"227062",13,"4.4","2021-02-28 18:30:00"
"227302",13,"3.425","2021-02-28 18:45:00"
"226872",13,"3.2","2021-04-03 02:00:00"
"227094",13,"2.9","2021-04-03 02:15:00"
"227304",13,"3.05","2021-04-03 02:30:00"
"227138",13,"2.75","2021-05-11 17:45:00"
"227319",13,"2.375","2021-05-11 18:00:00"
"228379",13,"4.325","2021-06-23 04:30:00"
"228523",13,"4.025","2021-06-23 04:45:00"
"228606",13,"2.525","2021-04-03 04:45:00"
"228811",13,"0.5","2021-04-03 05:00:00"
"228895",13,"0","2021-04-03 05:15:00"
"228666",13,"3.725","2021-06-23 05:00:00"
"228723",13,"3.2","2021-06-23 05:15:00"
"228777",13,"4.025","2021-06-23 05:30:00"
"228829",13,"0","2021-05-11 19:00:00"
"228993",13,"0","2021-05-11 19:15:00"
"229175",13,"0","2021-05-11 19:30:00"
"230326",13,"2.075","2021-05-11 21:00:00"
"230492",13,"1.925","2021-05-11 21:15:00"
"230164",13,"2.45","2021-04-03 09:15:00"
"230287",13,"2.525","2021-04-03 09:30:00"
"230348",13,"2.675","2021-02-28 20:30:00"
"230425",13,"2.825","2021-02-28 20:45:00"
"230508",13,"6.65","2021-02-28 21:00:00"
"230586",13,"7.325","2021-02-28 21:15:00"
"230657",13,"4.85","2021-02-28 21:30:00"
"231779",13,"2.15","2021-05-11 23:30:00"
"233833",13,"2.225","2021-05-11 23:45:00"
"231831",13,"4.4","2021-06-23 05:45:00"
"231885",13,"4.625","2021-06-23 06:00:00"
"231939",13,"4.625","2021-06-23 06:15:00"
"231993",13,"3.95","2021-06-23 06:30:00"
"232047",13,"4.1","2021-06-23 06:45:00"
"232101",13,"4.175","2021-06-23 07:00:00"
"232155",13,"4.325","2021-06-23 07:15:00"
"232209",13,"4.1","2021-06-23 07:30:00"
"233249",13,"3.2","2021-04-03 11:45:00"
"233303",13,"3.65","2021-04-03 12:00:00"
"233357",13,"3.35","2021-04-03 12:15:00"
"233411",13,"4.175","2021-04-03 12:30:00"
"233465",13,"3.65","2021-04-03 12:45:00"
"233519",13,"3.65","2021-04-03 13:00:00"
"233573",13,"4.775","2021-04-03 13:15:00"
"233627",13,"3.05","2021-04-03 13:30:00"
"233681",13,"3.425","2021-04-03 13:45:00"
"233735",13,"4.25","2021-04-03 14:00:00"
"234471",13,"2.525","2021-05-12 01:30:00"
"234633",13,"2.675","2021-05-12 01:45:00"
"234354",13,"4.55","2021-03-01 01:30:00"
"234432",13,"3.275","2021-03-01 01:45:00"
"234514",13,"1.475","2021-03-01 02:00:00"
"234594",13,"0","2021-03-01 02:15:00"
"234676",13,"0","2021-03-01 02:30:00"
"234743",13,"0","2021-03-01 02:45:00"
"234817",13,"0","2021-03-01 03:00:00"
"234902",13,"3.575","2021-03-01 03:15:00"
"235373",13,"4.85","2021-03-01 04:45:00"
"235449",13,"2.825","2021-03-01 05:00:00"
"235527",13,"2.75","2021-03-01 05:15:00"
"235589",13,"1.4","2021-05-12 03:15:00"
"235643",13,"0.65","2021-05-12 03:30:00"
"235697",13,"3.2","2021-05-12 03:45:00"
"235751",13,"2.3","2021-05-12 04:00:00"
"238701",13,"2.825","2021-05-12 04:15:00"
"235976",13,"7.625","2021-06-23 10:45:00"
"236082",13,"7.1","2021-06-23 11:00:00"
"236188",13,"7.55","2021-06-23 11:15:00"
"236724",13,"5.675","2021-04-03 16:15:00"
"236828",13,"4.4","2021-04-03 16:30:00"
"236924",13,"4.175","2021-04-03 16:45:00"
"236847",13,"7.925","2021-06-23 12:45:00"
"236962",13,"7.025","2021-06-23 13:00:00"
"237055",13,"7.85","2021-06-23 13:15:00"
"237052",13,"3.725","2021-04-03 17:00:00"
"237165",13,"5.6","2021-04-03 17:15:00"
"237158",13,"7.025","2021-06-23 13:30:00"
"237261",13,"7.325","2021-06-23 13:45:00"
"237761",13,"4.55","2021-04-03 18:45:00"
"239877",13,"3.5","2021-04-03 19:00:00"
"239964",13,"3.05","2021-04-03 19:15:00"
"237827",13,"2.15","2021-03-01 05:30:00"
"237881",13,"0","2021-03-01 05:45:00"
"237935",13,"0","2021-03-01 06:00:00"
"237989",13,"0","2021-03-01 06:15:00"
"238043",13,"0.8","2021-03-01 06:30:00"
"238097",13,"0","2021-03-01 06:45:00"
"238151",13,"0","2021-03-01 07:00:00"
"239978",13,"6.8","2021-06-23 15:15:00"
"240060",13,"7.175","2021-06-23 15:30:00"
"240134",13,"7.25","2021-06-23 15:45:00"
"240133",13,"2.9","2021-04-03 19:30:00"
"240305",13,"3.275","2021-04-03 19:45:00"
"240215",13,"6.725","2021-06-23 16:00:00"
"240291",13,"7.325","2021-06-23 16:15:00"
"240371",13,"6.95","2021-06-23 16:30:00"
"240450",13,"7.4","2021-06-23 16:45:00"
"240523",13,"6.95","2021-06-23 17:00:00"
"241625",13,"2.825","2021-04-03 22:45:00"
"241679",13,"2.75","2021-04-03 23:00:00"
"241733",13,"2.9","2021-04-03 23:15:00"
"244787",13,"3.2","2021-04-03 23:30:00"
"244932",13,"3.425","2021-04-03 23:45:00"
"241831",13,"2.375","2021-05-12 09:00:00"
"241885",13,"1.7000000000000002","2021-05-12 09:15:00"
"241939",13,"2.75","2021-05-12 09:30:00"
"241993",13,"2.75","2021-05-12 09:45:00"
"242047",13,"3.05","2021-05-12 10:00:00"
"243339",13,"4.775","2021-03-01 12:30:00"
"243393",13,"4.775","2021-03-01 12:45:00"
"243447",13,"4.55","2021-03-01 13:00:00"
"243501",13,"5.525","2021-03-01 13:15:00"
"243555",13,"5.225","2021-03-01 13:30:00"
"243609",13,"4.4","2021-03-01 13:45:00"
"243663",13,"4.775","2021-03-01 14:00:00"
"243717",13,"5.9","2021-03-01 14:15:00"
"243771",13,"6.35","2021-03-01 14:30:00"
"244894",13,"5.825","2021-03-01 14:45:00"
"245131",13,"4.325","2021-04-04 00:00:00"
"245296",13,"3.5","2021-04-04 00:15:00"
"245028",13,"14.15","2021-03-01 15:00:00"
"245168",13,"14.15","2021-03-01 15:15:00"
"245337",13,"9.2","2021-03-01 15:30:00"
"245369",13,"4.25","2021-05-12 14:15:00"
"245513",13,"4.775","2021-05-12 14:30:00"
"245585",13,"6.275","2021-03-01 15:45:00"
"245791",13,"4.4","2021-03-01 16:00:00"
"246668",13,"4.175","2021-03-01 17:00:00"
"246823",13,"4.1","2021-03-01 17:15:00"
"246755",13,"2.675","2021-05-12 16:00:00"
"246969",13,"3.125","2021-05-12 16:15:00"
"247203",13,"2.825","2021-05-12 16:30:00"
"246885",13,"5.075","2021-06-24 01:30:00"
"247070",13,"4.925","2021-06-24 01:45:00"
"247294",13,"5.3","2021-06-24 02:00:00"
"247117",13,"4.325","2021-04-04 02:30:00"
"247326",13,"4.325","2021-04-04 02:45:00"
"248122",13,"4.475","2021-03-01 18:45:00"
"248327",13,"6.275","2021-03-01 19:00:00"
"248810",13,"4.475","2021-03-01 19:15:00"
"248492",13,"0","2021-05-12 18:00:00"
"248875",13,"0","2021-05-12 18:15:00"
"248954",13,"0","2021-05-12 18:30:00"
"248529",13,"2.75","2021-06-24 03:30:00"
"248583",13,"3.35","2021-06-24 03:45:00"
"248637",13,"2.75","2021-06-24 04:00:00"
"248691",13,"2.525","2021-06-24 04:15:00"
"248745",13,"2.075","2021-06-24 04:30:00"
"249942",13,"2.525","2021-03-01 21:30:00"
"250048",13,"2.675","2021-03-01 21:45:00"
"250019",13,"0","2021-05-12 21:15:00"
"250108",13,"1.775","2021-05-12 21:30:00"
"250187",13,"2.825","2021-03-01 22:00:00"
"250280",13,"3.275","2021-03-01 22:15:00"
"250388",13,"2.9","2021-03-01 22:30:00"
"250209",13,"1.625","2021-05-12 21:45:00"
"250328",13,"0.9500000000000001","2021-05-12 22:00:00"
"250431",13,"0","2021-05-12 22:15:00"
"251590",13,"1.625","2021-06-24 06:00:00"
"251696",13,"1.925","2021-06-24 06:15:00"
"251811",13,"0","2021-06-24 06:30:00"
"251796",13,"2.375","2021-04-04 07:00:00"
"251901",13,"2.9","2021-04-04 07:15:00"
"251923",13,"0","2021-06-24 06:45:00"
"252026",13,"1.55","2021-06-24 07:00:00"
"252012",13,"3.275","2021-04-04 07:30:00"
"252119",13,"3.275","2021-04-04 07:45:00"
"252244",13,"3.125","2021-04-04 08:00:00"
"253179",13,"3.575","2021-05-13 00:30:00"
"253233",13,"3.65","2021-05-13 00:45:00"
"253287",13,"3.8","2021-05-13 01:00:00"
"253341",13,"2.975","2021-05-13 01:15:00"
"253985",13,"2.975","2021-03-02 00:45:00"
"254039",13,"3.2","2021-03-02 01:00:00"
"254093",13,"3.8","2021-03-02 01:15:00"
"254147",13,"2.825","2021-03-02 01:30:00"
"254201",13,"2.75","2021-03-02 01:45:00"
"259283",13,"3.65","2021-06-24 16:15:00"
"259337",13,"3.575","2021-06-24 16:30:00"
"259391",13,"2.225","2021-06-24 16:45:00"
"259445",13,"1.925","2021-06-24 17:00:00"
"259499",13,"0","2021-06-24 17:15:00"
"259553",13,"0","2021-06-24 17:30:00"
"259657",13,"0","2021-06-24 17:45:00"
"259765",13,"0","2021-06-24 18:00:00"
"259813",13,"7.4","2021-04-04 14:00:00"
"259925",13,"4.7","2021-04-04 14:15:00"
"260961",13,"5.15","2021-05-13 08:45:00"
"261015",13,"5.075","2021-05-13 09:00:00"
"261069",13,"6.2","2021-05-13 09:15:00"
"261123",13,"6.8","2021-05-13 09:30:00"
"261177",13,"4.55","2021-05-13 09:45:00"
"261231",13,"5.3","2021-05-13 10:00:00"
"261285",13,"5.45","2021-05-13 10:15:00"
"261339",13,"6.575","2021-05-13 10:30:00"
"261393",13,"5.975","2021-05-13 10:45:00"
"261447",13,"5.525","2021-05-13 11:00:00"
"262577",13,"4.925","2021-03-02 12:45:00"
"262631",13,"4.85","2021-03-02 13:00:00"
"262685",13,"6.125","2021-03-02 13:15:00"
"262739",13,"6.425","2021-03-02 13:30:00"
"265793",13,"5.3","2021-03-02 13:45:00"
"262823",13,"0","2021-06-24 18:45:00"
"262877",13,"0","2021-06-24 19:00:00"
"262931",13,"0","2021-06-24 19:15:00"
"262985",13,"0","2021-06-24 19:30:00"
"263039",13,"0","2021-06-24 19:45:00"
"264161",13,"5","2021-04-04 19:45:00"
"264278",13,"4.625","2021-04-04 20:00:00"
"264410",13,"5.75","2021-05-13 13:15:00"
"264486",13,"6.2","2021-05-13 13:30:00"
"264447",13,"6.5","2021-04-04 20:15:00"
"264648",13,"6.875","2021-04-04 20:30:00"
"264808",13,"6.275","2021-04-04 20:45:00"
"264555",13,"6.05","2021-05-13 13:45:00"
"264634",13,"5.75","2021-05-13 14:00:00"
"264712",13,"6.35","2021-05-13 14:15:00"
"266387",13,"9.43","2021-03-02 16:30:00"
"266479",13,"6.125","2021-03-02 16:45:00"
"266636",13,"5.825","2021-03-02 17:00:00"
"266687",13,"2.225","2021-06-25 00:00:00"
"266764",13,"2.075","2021-06-25 00:15:00"
"266820",13,"5.75","2021-03-02 17:15:00"
"267012",13,"3.8","2021-03-02 17:30:00"
"266841",13,"2.225","2021-06-25 00:30:00"
"266910",13,"2.225","2021-06-25 00:45:00"
"266986",13,"2.075","2021-06-25 01:00:00"
"268175",13,"5.075","2021-05-13 19:00:00"
"268229",13,"4.1","2021-05-13 19:15:00"
"268283",13,"3.2","2021-05-13 19:30:00"
"268337",13,"2.6","2021-05-13 19:45:00"
"268391",13,"3.125","2021-05-13 20:00:00"
"268445",13,"2.9","2021-05-13 20:15:00"
"268499",13,"3.2","2021-05-13 20:30:00"
"268553",13,"3.05","2021-05-13 20:45:00"
"268607",13,"3.275","2021-05-13 21:00:00"
"268661",13,"3.425","2021-05-13 21:15:00"
"269929",13,"0","2021-06-25 04:30:00"
"269983",13,"0","2021-06-25 04:45:00"
"270037",13,"0","2021-06-25 05:00:00"
"270091",13,"0","2021-06-25 05:15:00"
"270145",13,"0","2021-06-25 05:30:00"
"270199",13,"0","2021-06-25 05:45:00"
"270253",13,"0","2021-06-25 06:00:00"
"270307",13,"0","2021-06-25 06:15:00"
"270361",13,"0","2021-06-25 06:30:00"
"270415",13,"0","2021-06-25 06:45:00"
"271565",13,"3.8","2021-05-13 23:30:00"
"271666",13,"3.5","2021-05-13 23:45:00"
"271677",13,"3.8","2021-03-02 20:30:00"
"271775",13,"3.2","2021-03-02 20:45:00"
"271786",13,"3.8","2021-05-14 00:00:00"
"271910",13,"3.8","2021-05-14 00:15:00"
"272020",13,"3.275","2021-05-14 00:30:00"
"271870",13,"4.4","2021-03-02 21:00:00"
"271970",13,"4.925","2021-03-02 21:15:00"
"272070",13,"3.875","2021-03-02 21:30:00"
"272673",13,"3.35","2021-05-14 02:00:00"
"272741",13,"2.6","2021-05-14 02:15:00"
"274881",13,"0","2021-03-02 23:00:00"
"275087",13,"0","2021-03-02 23:15:00"
"272835",13,"5","2021-04-05 03:30:00"
"272889",13,"4.175","2021-04-05 03:45:00"
"272943",13,"3.2","2021-04-05 04:00:00"
"272997",13,"2.3","2021-04-05 04:15:00"
"273051",13,"3.275","2021-04-05 04:30:00"
"274188",13,"0","2021-04-05 06:30:00"
"274337",13,"2.675","2021-04-05 06:45:00"
"274494",13,"3.125","2021-04-05 07:00:00"
"274354",13,"2.375","2021-06-25 10:15:00"
"274508",13,"2.675","2021-06-25 10:30:00"
"274447",13,"0","2021-05-14 04:30:00"
"231407",13,"0","2021-05-11 22:30:00"
"232263",13,"3.875","2021-06-23 07:45:00"
"232317",13,"3.725","2021-06-23 08:00:00"
"232371",13,"4.85","2021-06-23 08:15:00"
"232425",13,"5.3","2021-06-23 08:30:00"
"232479",13,"5.3","2021-06-23 08:45:00"
"232533",13,"5.825","2021-06-23 09:00:00"
"232587",13,"6.2","2021-06-23 09:15:00"
"232641",13,"5.975","2021-06-23 09:30:00"
"232695",13,"6.875","2021-06-23 09:45:00"
"232749",13,"6.5","2021-06-23 10:00:00"
"235863",13,"3.35","2021-04-03 14:15:00"
"235972",13,"3.35","2021-04-03 14:30:00"
"236081",13,"3.125","2021-04-03 14:45:00"
"233887",13,"2.225","2021-05-12 00:00:00"
"233941",13,"2.975","2021-05-12 00:15:00"
"233995",13,"2.675","2021-05-12 00:30:00"
"234049",13,"3.2","2021-05-12 00:45:00"
"234120",13,"2.525","2021-05-12 01:00:00"
"234287",13,"2.3","2021-05-12 01:15:00"
"234207",13,"5","2021-03-01 01:00:00"
"234284",13,"5.15","2021-03-01 01:15:00"
"234844",13,"2.6","2021-05-12 02:00:00"
"235000",13,"2.15","2021-05-12 02:15:00"
"235178",13,"0","2021-05-12 02:30:00"
"234982",13,"3.875","2021-03-01 03:30:00"
"235058",13,"3.8","2021-03-01 03:45:00"
"235135",13,"5.15","2021-03-01 04:00:00"
"235214",13,"5.825","2021-03-01 04:15:00"
"235294",13,"4.55","2021-03-01 04:30:00"
"235352",13,"0","2021-05-12 02:45:00"
"235529",13,"0","2021-05-12 03:00:00"
"236191",13,"3.575","2021-04-03 15:00:00"
"236294",13,"3.125","2021-04-03 15:15:00"
"236301",13,"7.925","2021-06-23 11:30:00"
"236414",13,"8.15","2021-06-23 11:45:00"
"236509",13,"7.325","2021-06-23 12:00:00"
"236397",13,"4.55","2021-04-03 15:30:00"
"236518",13,"3.575","2021-04-03 15:45:00"
"236610",13,"5.675","2021-04-03 16:00:00"
"236633",13,"7.85","2021-06-23 12:15:00"
"236735",13,"8.08","2021-06-23 12:30:00"
"237279",13,"5.45","2021-04-03 17:30:00"
"237379",13,"6.275","2021-04-03 17:45:00"
"237472",13,"5.6","2021-04-03 18:00:00"
"237376",13,"6.95","2021-06-23 14:00:00"
"237493",13,"7.1","2021-06-23 14:15:00"
"237587",13,"7.25","2021-06-23 14:30:00"
"237600",13,"5.375","2021-04-03 18:15:00"
"237700",13,"5.15","2021-04-03 18:30:00"
"237703",13,"7.1","2021-06-23 14:45:00"
"239838",13,"7.7","2021-06-23 15:00:00"
"238834",13,"2.3","2021-05-12 04:30:00"
"238913",13,"2.45","2021-05-12 04:45:00"
"238967",13,"2.75","2021-05-12 05:00:00"
"242799",13,"5.15","2021-03-01 10:00:00"
"242853",13,"4.625","2021-03-01 10:15:00"
"239021",13,"2.3","2021-05-12 05:15:00"
"239075",13,"0","2021-05-12 05:30:00"
"239129",13,"0","2021-05-12 05:45:00"
"239183",13,"0","2021-05-12 06:00:00"
"239237",13,"0","2021-05-12 06:15:00"
"240475",13,"3.125","2021-04-03 20:00:00"
"240669",13,"3.05","2021-04-03 20:15:00"
"240833",13,"2.825","2021-04-03 20:30:00"
"240597",13,"7.625","2021-06-23 17:15:00"
"240676",13,"6.275","2021-06-23 17:30:00"
"240751",13,"5.6","2021-06-23 17:45:00"
"240837",13,"5.375","2021-06-23 18:00:00"
"240908",13,"4.4","2021-06-23 18:15:00"
"241034",13,"2.975","2021-04-03 20:45:00"
"241193",13,"3.5","2021-04-03 21:00:00"
"242101",13,"2.15","2021-05-12 10:15:00"
"242155",13,"2","2021-05-12 10:30:00"
"242209",13,"1.925","2021-05-12 10:45:00"
"242263",13,"2.525","2021-05-12 11:00:00"
"242317",13,"1.625","2021-05-12 11:15:00"
"242371",13,"2.225","2021-05-12 11:30:00"
"242425",13,"2.15","2021-05-12 11:45:00"
"242479",13,"2.3","2021-05-12 12:00:00"
"242533",13,"2","2021-05-12 12:15:00"
"242587",13,"0","2021-05-12 12:30:00"
"242641",13,"2.75","2021-05-12 12:45:00"
"243855",13,"4.775","2021-06-23 19:45:00"
"243909",13,"5.825","2021-06-23 20:00:00"
"243963",13,"5.3","2021-06-23 20:15:00"
"244017",13,"5.075","2021-06-23 20:30:00"
"244071",13,"4.625","2021-06-23 20:45:00"
"244125",13,"4.775","2021-06-23 21:00:00"
"244179",13,"4.85","2021-06-23 21:15:00"
"244233",13,"3.95","2021-06-23 21:30:00"
"244287",13,"4.4","2021-06-23 21:45:00"
"244341",13,"5.15","2021-06-23 22:00:00"
"245447",13,"4.925","2021-04-04 00:30:00"
"245592",13,"4.325","2021-04-04 00:45:00"
"245768",13,"4.925","2021-04-04 01:00:00"
"245673",13,"3.95","2021-05-12 14:45:00"
"245877",13,"3.2","2021-05-12 15:00:00"
"246081",13,"2.825","2021-05-12 15:15:00"
"245831",13,"4.55","2021-06-24 00:15:00"
"246034",13,"4.475","2021-06-24 00:30:00"
"246242",13,"5.225","2021-06-24 00:45:00"
"245996",13,"4.55","2021-04-04 01:15:00"
"246212",13,"3.575","2021-04-04 01:30:00"
"247050",13,"4.475","2021-03-01 17:30:00"
"247278",13,"4.55","2021-03-01 17:45:00"
"247457",13,"4.025","2021-03-01 18:00:00"
"247433",13,"3.2","2021-05-12 16:45:00"
"247666",13,"2.975","2021-05-12 17:00:00"
"247525",13,"3.8","2021-06-24 02:15:00"
"247699",13,"2.9","2021-06-24 02:30:00"
"247545",13,"3.425","2021-04-04 03:00:00"
"247744",13,"3.275","2021-04-04 03:15:00"
"247922",13,"3.65","2021-04-04 03:30:00"
"249375",13,"1.325","2021-03-01 20:15:00"
"249504",13,"0","2021-03-01 20:30:00"
"249483",13,"0","2021-05-12 20:00:00"
"249576",13,"0","2021-05-12 20:15:00"
"249632",13,"2","2021-03-01 20:45:00"
"249728",13,"1.7000000000000002","2021-03-01 21:00:00"
"249833",13,"2.975","2021-03-01 21:15:00"
"249683",13,"0","2021-05-12 20:30:00"
"249803",13,"0","2021-05-12 20:45:00"
"249905",13,"1.55","2021-05-12 21:00:00"
"250975",13,"3.5","2021-04-04 05:00:00"
"251043",13,"2.75","2021-04-04 05:15:00"
"251169",13,"2.3","2021-04-04 05:30:00"
"251268",13,"1.475","2021-04-04 05:45:00"
"251370",13,"2.6","2021-04-04 06:00:00"
"251373",13,"2.525","2021-06-24 05:30:00"
"251474",13,"2.45","2021-06-24 05:45:00"
"251486",13,"1.775","2021-04-04 06:15:00"
"251586",13,"2","2021-04-04 06:30:00"
"251695",13,"2.15","2021-04-04 06:45:00"
"255094",13,"4.55","2021-04-04 08:45:00"
"255207",13,"4.925","2021-04-04 09:00:00"
"255311",13,"5.375","2021-04-04 09:15:00"
"252771",13,"2.9","2021-06-24 09:15:00"
"254825",13,"2.75","2021-06-24 09:30:00"
"252855",13,"0.8","2021-05-12 23:00:00"
"252909",13,"0","2021-05-12 23:15:00"
"252963",13,"0","2021-05-12 23:30:00"
"253017",13,"0","2021-05-12 23:45:00"
"253071",13,"1.925","2021-05-13 00:00:00"
"253125",13,"2.45","2021-05-13 00:15:00"
"254255",13,"2.525","2021-03-02 02:00:00"
"254309",13,"1.625","2021-03-02 02:15:00"
"254363",13,"0","2021-03-02 02:30:00"
"254417",13,"0","2021-03-02 02:45:00"
"254471",13,"0","2021-03-02 03:00:00"
"254525",13,"0","2021-03-02 03:15:00"
"254579",13,"1.4","2021-03-02 03:30:00"
"254633",13,"0","2021-03-02 03:45:00"
"254687",13,"0","2021-03-02 04:00:00"
"254741",13,"0","2021-03-02 04:15:00"
"255398",13,"7.925","2021-04-04 09:30:00"
"255505",13,"7.4","2021-04-04 09:45:00"
"255599",13,"6.125","2021-04-04 10:00:00"
"255569",13,"4.4","2021-06-24 11:45:00"
"255662",13,"4.925","2021-06-24 12:00:00"
"255749",13,"5.075","2021-06-24 12:15:00"
"255745",13,"6.425","2021-04-04 10:15:00"
"255874",13,"6.65","2021-04-04 10:30:00"
"255832",13,"5.15","2021-06-24 12:30:00"
"255941",13,"4.25","2021-06-24 12:45:00"
"255986",13,"7.025","2021-04-04 10:45:00"
"256090",13,"7.1","2021-04-04 11:00:00"
"256214",13,"6.8","2021-04-04 11:15:00"
"256052",13,"5.6","2021-06-24 13:00:00"
"256150",13,"5","2021-06-24 13:15:00"
"256247",13,"5.75","2021-06-24 13:30:00"
"256323",13,"7.325","2021-04-04 11:30:00"
"256431",13,"5.225","2021-04-04 11:45:00"
"256360",13,"5.75","2021-06-24 13:45:00"
"258740",13,"5.375","2021-06-24 14:00:00"
"256989",13,"1.85","2021-05-13 04:15:00"
"257043",13,"0","2021-05-13 04:30:00"
"257097",13,"2.375","2021-05-13 04:45:00"
"257151",13,"0","2021-05-13 05:00:00"
"257205",13,"0","2021-05-13 05:15:00"
"257259",13,"0","2021-05-13 05:30:00"
"257313",13,"0","2021-05-13 05:45:00"
"257367",13,"0","2021-05-13 06:00:00"
"257421",13,"0","2021-05-13 06:15:00"
"257475",13,"0","2021-05-13 06:30:00"
"258173",13,"1.4","2021-03-02 06:15:00"
"258227",13,"0","2021-03-02 06:30:00"
"258281",13,"0","2021-03-02 06:45:00"
"258335",13,"1.475","2021-03-02 07:00:00"
"258389",13,"0.88","2021-03-02 07:15:00"
"258443",13,"1.625","2021-03-02 07:30:00"
"258497",13,"1.55","2021-03-02 07:45:00"
"258551",13,"2.3","2021-03-02 08:00:00"
"258605",13,"2.675","2021-03-02 08:15:00"
"258659",13,"2.825","2021-03-02 08:30:00"
"258717",13,"3.5","2021-03-02 08:45:00"
"259892",13,"0","2021-06-24 18:15:00"
"259996",13,"0","2021-06-24 18:30:00"
"260027",13,"5.975","2021-04-04 14:30:00"
"260081",13,"6.125","2021-04-04 14:45:00"
"260135",13,"5.075","2021-04-04 15:00:00"
"260189",13,"5.6","2021-04-04 15:15:00"
"260243",13,"5.75","2021-04-04 15:30:00"
"260297",13,"5.525","2021-04-04 15:45:00"
"260351",13,"5.525","2021-04-04 16:00:00"
"260405",13,"5.225","2021-04-04 16:15:00"
"261501",13,"6.575","2021-05-13 11:15:00"
"261555",13,"6.95","2021-05-13 11:30:00"
"261609",13,"6.725","2021-05-13 11:45:00"
"261663",13,"6.575","2021-05-13 12:00:00"
"261717",13,"6.125","2021-05-13 12:15:00"
"261771",13,"7.25","2021-05-13 12:30:00"
"264251",13,"6.425","2021-05-13 12:45:00"
"264328",13,"6.425","2021-05-13 13:00:00"
"261875",13,"3.575","2021-03-02 09:30:00"
"261929",13,"2.9","2021-03-02 09:45:00"
"261983",13,"3.425","2021-03-02 10:00:00"
"263093",13,"0","2021-06-24 20:00:00"
"263147",13,"0","2021-06-24 20:15:00"
"263201",13,"0","2021-06-24 20:30:00"
"263255",13,"0","2021-06-24 20:45:00"
"263309",13,"0","2021-06-24 21:00:00"
"263363",13,"0","2021-06-24 21:15:00"
"263417",13,"0","2021-06-24 21:30:00"
"263500",13,"0","2021-06-24 21:45:00"
"263609",13,"2.525","2021-06-24 22:00:00"
"263712",13,"2.375","2021-06-24 22:15:00"
"263789",13,"2.075","2021-06-24 22:30:00"
"264794",13,"6.575","2021-05-13 14:30:00"
"264892",13,"6.125","2021-05-13 14:45:00"
"264925",13,"8.37","2021-04-04 21:00:00"
"265028",13,"8.15","2021-04-04 21:15:00"
"265134",13,"7.925","2021-04-04 21:30:00"
"265002",13,"6.95","2021-05-13 15:00:00"
"265112",13,"6.2","2021-05-13 15:15:00"
"265215",13,"6.95","2021-05-13 15:30:00"
"265249",13,"5.9","2021-04-04 21:45:00"
"265351",13,"7.25","2021-04-04 22:00:00"
"265847",13,"6.35","2021-03-02 14:00:00"
"265901",13,"6.725","2021-03-02 14:15:00"
"265955",13,"5.525","2021-03-02 14:30:00"
"266009",13,"7.475","2021-03-02 14:45:00"
"266063",13,"6.8","2021-03-02 15:00:00"
"266117",13,"6.2","2021-03-02 15:15:00"
"266171",13,"6.95","2021-03-02 15:30:00"
"266225",13,"5.45","2021-03-02 15:45:00"
"266279",13,"6.275","2021-03-02 16:00:00"
"266333",13,"9.05","2021-03-02 16:15:00"
"267604",13,"1.625","2021-06-25 03:00:00"
"267659",13,"0","2021-06-25 03:15:00"
"267713",13,"0","2021-06-25 03:30:00"
"267767",13,"0","2021-06-25 03:45:00"
"269821",13,"0","2021-06-25 04:00:00"
"269875",13,"0","2021-06-25 04:15:00"
"267905",13,"5.375","2021-05-13 17:45:00"
"267959",13,"4.85","2021-05-13 18:00:00"
"268013",13,"4.4","2021-05-13 18:15:00"
"268067",13,"4.325","2021-05-13 18:30:00"
"268121",13,"5.15","2021-05-13 18:45:00"
"269241",13,"6.725","2021-04-05 00:45:00"
"269295",13,"7.175","2021-04-05 01:00:00"
"269349",13,"7.175","2021-04-05 01:15:00"
"269403",13,"7.1","2021-04-05 01:30:00"
"269457",13,"6.5","2021-04-05 01:45:00"
"269511",13,"7.1","2021-04-05 02:00:00"
"269565",13,"6.725","2021-04-05 02:15:00"
"269619",13,"7.925","2021-04-05 02:30:00"
"269673",13,"6.5","2021-04-05 02:45:00"
"269727",13,"5.6","2021-04-05 03:00:00"
"272781",13,"5.525","2021-04-05 03:15:00"
"270894",13,"3.575","2021-05-13 22:00:00"
"271007",13,"3.725","2021-05-13 22:15:00"
"271108",13,"3.575","2021-05-13 22:30:00"
"271156",13,"6.5","2021-03-02 19:15:00"
"271257",13,"5.15","2021-03-02 19:30:00"
"271221",13,"4.025","2021-05-13 22:45:00"
"271338",13,"4.475","2021-05-13 23:00:00"
"271447",13,"4.25","2021-05-13 23:15:00"
"271357",13,"3.575","2021-03-02 19:45:00"
"271460",13,"3.125","2021-03-02 20:00:00"
"271562",13,"3.95","2021-03-02 20:15:00"
"273105",13,"4.85","2021-04-05 04:45:00"
"273213",13,"4.325","2021-04-05 05:00:00"
"273188",13,"2.675","2021-05-14 02:30:00"
"273340",13,"2.525","2021-05-14 02:45:00"
"273483",13,"2.075","2021-05-14 03:00:00"
"273320",13,"0","2021-06-25 08:45:00"
"273477",13,"1.1","2021-06-25 09:00:00"
"273723",13,"0.65","2021-06-25 09:15:00"
"273416",13,"3.125","2021-04-05 05:15:00"
"273544",13,"2.45","2021-04-05 05:30:00"
"273668",13,"2.225","2021-04-05 05:45:00"
"274694",13,"2.075","2021-06-25 10:45:00"
"274594",13,"0","2021-05-14 04:45:00"
"274741",13,"0","2021-05-14 05:00:00"
"274657",13,"3.125","2021-04-05 07:15:00"
"274813",13,"3.05","2021-04-05 07:30:00"
"280141",13,"1.475","2021-03-03 05:15:00"
"280195",13,"0.43","2021-03-03 05:30:00"
"280249",13,"0.65","2021-03-03 05:45:00"
"280303",13,"1.7000000000000002","2021-03-03 06:00:00"
"280357",13,"1.7000000000000002","2021-03-03 06:15:00"
"280411",13,"1.55","2021-03-03 06:30:00"
"280465",13,"1.475","2021-03-03 06:45:00"
"280519",13,"1.775","2021-03-03 07:00:00"
"280573",13,"1.4","2021-03-03 07:15:00"
"280627",13,"1.325","2021-03-03 07:30:00"
"280681",13,"0","2021-03-03 07:45:00"
"281962",13,"0","2021-06-25 20:15:00"
"282114",13,"0","2021-06-25 20:30:00"
"282269",13,"0","2021-06-25 20:45:00"
"282085",13,"5.45","2021-04-05 13:00:00"
"282249",13,"6.2","2021-04-05 13:15:00"
"282262",13,"2.975","2021-05-14 14:45:00"
"282407",13,"5.675","2021-04-05 13:30:00"
"282424",13,"3.125","2021-05-14 15:00:00"
"282436",13,"1.775","2021-06-25 21:00:00"
"282565",13,"0","2021-05-14 15:15:00"
"282730",13,"0","2021-05-14 15:30:00"
"283015",13,"1.025","2021-06-25 21:45:00"
"283229",13,"0","2021-06-25 22:00:00"
"283427",13,"0","2021-06-25 22:15:00"
"283029",13,"2.45","2021-03-03 08:30:00"
"283245",13,"1.625","2021-03-03 08:45:00"
"283448",13,"1.325","2021-03-03 09:00:00"
"284819",13,"2.15","2021-05-14 16:30:00"
"284873",13,"2.15","2021-05-14 16:45:00"
"283514",13,"6.275","2021-04-05 15:00:00"
"283637",13,"7.55","2021-04-05 15:15:00"
"284545",13,"5.975","2021-03-03 11:45:00"
"284599",13,"5.45","2021-03-03 12:00:00"
"284653",13,"4.4","2021-03-03 12:15:00"
"284707",13,"5","2021-03-03 12:30:00"
"284761",13,"5.15","2021-03-03 12:45:00"
"284959",13,"2.825","2021-05-14 17:00:00"
"285058",13,"3.275","2021-05-14 17:15:00"
"285177",13,"3.5","2021-05-14 17:30:00"
"285181",13,"1.7000000000000002","2021-06-25 23:00:00"
"285263",13,"0","2021-06-25 23:15:00"
"285372",13,"1.7000000000000002","2021-06-25 23:30:00"
"286356",13,"2.825","2021-05-14 20:15:00"
"286452",13,"2.525","2021-05-14 20:30:00"
"286560",13,"2.675","2021-05-14 20:45:00"
"286608",13,"1.775","2021-06-26 02:15:00"
"286737",13,"0","2021-06-26 02:30:00"
"286832",13,"0","2021-06-26 02:45:00"
"288791",13,"1.175","2021-05-14 21:00:00"
"288845",13,"0","2021-05-14 21:15:00"
"286782",13,"3.725","2021-04-05 17:30:00"
"286900",13,"3.35","2021-04-05 17:45:00"
"286967",13,"3.875","2021-04-05 18:00:00"
"287898",13,"4.025","2021-03-03 15:00:00"
"287998",13,"5.3","2021-03-03 15:15:00"
"288099",13,"5.075","2021-03-03 15:30:00"
"288187",13,"6.05","2021-03-03 15:45:00"
"288286",13,"5.15","2021-03-03 16:00:00"
"288192",13,"3.425","2021-04-05 20:45:00"
"288312",13,"4.175","2021-04-05 21:00:00"
"288387",13,"8.22","2021-03-03 16:15:00"
"288467",13,"8","2021-03-03 16:30:00"
"289061",13,"1.55","2021-05-14 22:15:00"
"289115",13,"2.075","2021-05-14 22:30:00"
"289169",13,"2","2021-05-14 22:45:00"
"289223",13,"1.325","2021-05-14 23:00:00"
"289300",13,"0","2021-05-14 23:15:00"
"289405",13,"1.85","2021-05-14 23:30:00"
"289490",13,"1.7000000000000002","2021-05-14 23:45:00"
"289513",13,"2.075","2021-06-26 03:30:00"
"289611",13,"0","2021-06-26 03:45:00"
"289714",13,"0","2021-06-26 04:00:00"
"290891",13,"5.675","2021-03-03 18:15:00"
"290974",13,"5.225","2021-03-03 18:30:00"
"290843",13,"0","2021-06-26 07:15:00"
"291005",13,"0","2021-06-26 07:30:00"
"293815",13,"0","2021-06-26 07:45:00"
"291057",13,"4.625","2021-03-03 18:45:00"
"291111",13,"4.85","2021-03-03 19:00:00"
"291165",13,"5.3","2021-03-03 19:15:00"
"291219",13,"4.7","2021-03-03 19:30:00"
"291273",13,"4.85","2021-03-03 19:45:00"
"292371",13,"4.55","2021-04-06 00:30:00"
"292425",13,"3.95","2021-04-06 00:45:00"
"292479",13,"2.675","2021-04-06 01:00:00"
"292533",13,"3.2","2021-04-06 01:15:00"
"292587",13,"3.725","2021-04-06 01:30:00"
"292641",13,"3.125","2021-04-06 01:45:00"
"292695",13,"2.45","2021-04-06 02:00:00"
"292749",13,"2.525","2021-04-06 02:15:00"
"295803",13,"3.2","2021-04-06 02:30:00"
"295857",13,"5.375","2021-04-06 02:45:00"
"294031",13,"0","2021-06-26 08:45:00"
"294085",13,"3.2","2021-06-26 09:00:00"
"294139",13,"3.95","2021-06-26 09:15:00"
"294212",13,"4.1","2021-06-26 09:30:00"
"294295",13,"4.175","2021-06-26 09:45:00"
"294373",13,"3.95","2021-06-26 10:00:00"
"294441",13,"3.875","2021-06-26 10:15:00"
"294442",13,"3.35","2021-03-03 22:30:00"
"294625",13,"3.8","2021-03-03 22:45:00"
"294806",13,"3.65","2021-03-03 23:00:00"
"296376",13,"1.85","2021-04-06 05:00:00"
"296479",13,"0","2021-04-06 05:15:00"
"296582",13,"1.325","2021-04-06 05:30:00"
"296429",13,"2.825","2021-05-15 06:30:00"
"296553",13,"2.15","2021-05-15 06:45:00"
"296690",13,"0","2021-04-06 05:45:00"
"296794",13,"0","2021-04-06 06:00:00"
"296655",13,"1.925","2021-05-15 07:00:00"
"296772",13,"0","2021-05-15 07:15:00"
"296876",13,"1.1","2021-05-15 07:30:00"
"297841",13,"5.15","2021-06-26 12:30:00"
"297895",13,"5.675","2021-06-26 12:45:00"
"297949",13,"5.375","2021-06-26 13:00:00"
"253395",13,"3.125","2021-05-13 01:30:00"
"253449",13,"2.9","2021-05-13 01:45:00"
"253503",13,"2.9","2021-05-13 02:00:00"
"253557",13,"2.525","2021-05-13 02:15:00"
"253612",13,"0","2021-05-13 02:30:00"
"253698",13,"0","2021-05-13 02:45:00"
"257795",13,"0","2021-03-02 04:30:00"
"257849",13,"0","2021-03-02 04:45:00"
"254879",13,"2.375","2021-06-24 09:45:00"
"254933",13,"3.425","2021-06-24 10:00:00"
"254987",13,"4.1","2021-06-24 10:15:00"
"255041",13,"4.025","2021-06-24 10:30:00"
"255103",13,"3.95","2021-06-24 10:45:00"
"255208",13,"3.8","2021-06-24 11:00:00"
"255327",13,"4.1","2021-06-24 11:15:00"
"255446",13,"4.4","2021-06-24 11:30:00"
"256487",13,"6.2","2021-04-04 12:00:00"
"256541",13,"6.65","2021-04-04 12:15:00"
"256595",13,"6.125","2021-04-04 12:30:00"
"256649",13,"7.025","2021-04-04 12:45:00"
"256703",13,"6.2","2021-04-04 13:00:00"
"256757",13,"6.875","2021-04-04 13:15:00"
"259624",13,"6.875","2021-04-04 13:30:00"
"259720",13,"6.5","2021-04-04 13:45:00"
"256827",13,"1.925","2021-05-13 03:30:00"
"256881",13,"2.075","2021-05-13 03:45:00"
"256935",13,"1.925","2021-05-13 04:00:00"
"257529",13,"4.1","2021-05-13 06:45:00"
"257583",13,"5.825","2021-05-13 07:00:00"
"257637",13,"4.85","2021-05-13 07:15:00"
"257691",13,"4.025","2021-05-13 07:30:00"
"257745",13,"3.65","2021-05-13 07:45:00"
"257903",13,"0","2021-03-02 05:00:00"
"257957",13,"3.725","2021-03-02 05:15:00"
"258011",13,"3.125","2021-03-02 05:30:00"
"258065",13,"2.975","2021-03-02 05:45:00"
"258119",13,"3.35","2021-03-02 06:00:00"
"258819",13,"2.675","2021-03-02 09:00:00"
"261821",13,"2.825","2021-03-02 09:15:00"
"258851",13,"5.975","2021-06-24 14:15:00"
"258905",13,"5.375","2021-06-24 14:30:00"
"258959",13,"5","2021-06-24 14:45:00"
"259013",13,"4.85","2021-06-24 15:00:00"
"259067",13,"4.25","2021-06-24 15:15:00"
"259121",13,"3.875","2021-06-24 15:30:00"
"259175",13,"4.025","2021-06-24 15:45:00"
"259229",13,"3.35","2021-06-24 16:00:00"
"260459",13,"5.75","2021-04-04 16:30:00"
"260513",13,"5.825","2021-04-04 16:45:00"
"260567",13,"4.55","2021-04-04 17:00:00"
"260621",13,"4.625","2021-04-04 17:15:00"
"260675",13,"6.125","2021-04-04 17:30:00"
"260729",13,"4.775","2021-04-04 17:45:00"
"263446",13,"4.4","2021-04-04 18:00:00"
"263553",13,"4.175","2021-04-04 18:15:00"
"260799",13,"3.95","2021-05-13 08:00:00"
"260853",13,"4.175","2021-05-13 08:15:00"
"260907",13,"3.8","2021-05-13 08:30:00"
"262037",13,"2.825","2021-03-02 10:15:00"
"262091",13,"2.675","2021-03-02 10:30:00"
"262145",13,"2.6","2021-03-02 10:45:00"
"262199",13,"3.2","2021-03-02 11:00:00"
"262253",13,"3.275","2021-03-02 11:15:00"
"262307",13,"4.475","2021-03-02 11:30:00"
"262361",13,"4.025","2021-03-02 11:45:00"
"262415",13,"4.55","2021-03-02 12:00:00"
"262469",13,"4.925","2021-03-02 12:15:00"
"262523",13,"4.625","2021-03-02 12:30:00"
"263662",13,"5.675","2021-04-04 18:30:00"
"263809",13,"4.55","2021-04-04 18:45:00"
"263878",13,"2.525","2021-06-24 22:45:00"
"263952",13,"2.15","2021-06-24 23:00:00"
"263981",13,"4.925","2021-04-04 19:00:00"
"264053",13,"3.575","2021-04-04 19:15:00"
"264107",13,"4.55","2021-04-04 19:30:00"
"266446",13,"2.15","2021-06-24 23:15:00"
"266524",13,"2.15","2021-06-24 23:30:00"
"266602",13,"2.3","2021-06-24 23:45:00"
"265328",13,"6.05","2021-05-13 15:45:00"
"265430",13,"6.725","2021-05-13 16:00:00"
"265464",13,"7.925","2021-04-04 22:15:00"
"265563",13,"8.3","2021-04-04 22:30:00"
"268809",13,"8.3","2021-04-04 22:45:00"
"265548",13,"6.95","2021-05-13 16:15:00"
"265635",13,"6.35","2021-05-13 16:30:00"
"265689",13,"6.725","2021-05-13 16:45:00"
"265743",13,"5.825","2021-05-13 17:00:00"
"267797",13,"5.75","2021-05-13 17:15:00"
"267851",13,"5.675","2021-05-13 17:30:00"
"267072",13,"2.075","2021-06-25 01:15:00"
"267150",13,"2.75","2021-06-25 01:30:00"
"267187",13,"5.3","2021-03-02 17:45:00"
"267392",13,"8.08","2021-03-02 18:00:00"
"267555",13,"10.18","2021-03-02 18:15:00"
"267225",13,"3.65","2021-06-25 01:45:00"
"267290",13,"2.45","2021-06-25 02:00:00"
"267365",13,"2.3","2021-06-25 02:15:00"
"267451",13,"1.775","2021-06-25 02:30:00"
"267526",13,"2.075","2021-06-25 02:45:00"
"268715",13,"2.825","2021-05-13 21:30:00"
"268769",13,"3.35","2021-05-13 21:45:00"
"268863",13,"8.22","2021-04-04 23:00:00"
"268917",13,"7.85","2021-04-04 23:15:00"
"268971",13,"7.925","2021-04-04 23:30:00"
"269025",13,"6.8","2021-04-04 23:45:00"
"269079",13,"7.025","2021-04-05 00:00:00"
"269133",13,"7.025","2021-04-05 00:15:00"
"269187",13,"7.25","2021-04-05 00:30:00"
"270469",13,"0","2021-06-25 07:00:00"
"270523",13,"0","2021-06-25 07:15:00"
"270577",13,"0","2021-06-25 07:30:00"
"270631",13,"0","2021-06-25 07:45:00"
"270685",13,"0","2021-06-25 08:00:00"
"270739",13,"0","2021-06-25 08:15:00"
"273154",13,"0","2021-06-25 08:30:00"
"270833",13,"8.68","2021-03-02 18:30:00"
"270935",13,"8.45","2021-03-02 18:45:00"
"271035",13,"6.35","2021-03-02 19:00:00"
"272122",13,"2.975","2021-05-14 00:45:00"
"272233",13,"3.425","2021-05-14 01:00:00"
"272195",13,"2.075","2021-03-02 21:45:00"
"272299",13,"0","2021-03-02 22:00:00"
"272348",13,"3.425","2021-05-14 01:15:00"
"272471",13,"3.35","2021-05-14 01:30:00"
"272577",13,"2.825","2021-05-14 01:45:00"
"272392",13,"0","2021-03-02 22:15:00"
"272492",13,"1.1","2021-03-02 22:30:00"
"272601",13,"1.25","2021-03-02 22:45:00"
"273621",13,"2.15","2021-05-14 03:15:00"
"273774",13,"2.225","2021-05-14 03:30:00"
"273843",13,"0","2021-04-05 06:00:00"
"274005",13,"0","2021-04-05 06:15:00"
"273885",13,"2.45","2021-06-25 09:30:00"
"274024",13,"2","2021-06-25 09:45:00"
"274185",13,"2.3","2021-06-25 10:00:00"
"273939",13,"2.975","2021-05-14 03:45:00"
"274103",13,"2.075","2021-05-14 04:00:00"
"274252",13,"1.775","2021-05-14 04:15:00"
"275270",13,"0","2021-05-14 05:45:00"
"275432",13,"2.075","2021-05-14 06:00:00"
"275584",13,"1.025","2021-05-14 06:15:00"
"275303",13,"1.1","2021-03-02 23:30:00"
"275466",13,"0","2021-03-02 23:45:00"
"275615",13,"0","2021-03-03 00:00:00"
"275601",13,"2.075","2021-06-25 12:00:00"
"275744",13,"3.125","2021-06-25 12:15:00"
"275914",13,"3.275","2021-06-25 12:30:00"
"275763",13,"0","2021-05-14 06:30:00"
"275919",13,"0","2021-05-14 06:45:00"
"276331",13,"3.125","2021-03-03 01:30:00"
"276385",13,"2.75","2021-03-03 01:45:00"
"276439",13,"2.225","2021-03-03 02:00:00"
"276493",13,"2.225","2021-03-03 02:15:00"
"276547",13,"1.325","2021-03-03 02:30:00"
"276601",13,"1.325","2021-03-03 02:45:00"
"276655",13,"1.1","2021-03-03 03:00:00"
"276709",13,"0","2021-03-03 03:15:00"
"276763",13,"0","2021-03-03 03:30:00"
"279613",13,"1.7000000000000002","2021-03-03 03:45:00"
"277429",13,"2.9","2021-06-25 14:00:00"
"277552",13,"2.6","2021-06-25 14:15:00"
"277575",13,"3.875","2021-05-14 09:30:00"
"277672",13,"4.175","2021-05-14 09:45:00"
"277781",13,"3.65","2021-05-14 10:00:00"
"277667",13,"3.275","2021-06-25 14:30:00"
"277775",13,"1.7000000000000002","2021-06-25 14:45:00"
"277911",13,"2.3","2021-06-25 15:00:00"
"277906",13,"3.95","2021-05-14 10:15:00"
"278053",13,"4.4","2021-05-14 10:30:00"
"278215",13,"4.1","2021-05-14 10:45:00"
"278768",13,"5.15","2021-04-05 09:15:00"
"278887",13,"8.53","2021-04-05 09:30:00"
"278692",13,"6.125","2021-05-14 11:30:00"
"280794",13,"6.05","2021-05-14 11:45:00"
"280915",13,"4.175","2021-05-14 12:00:00"
"278854",13,"2.9","2021-06-25 16:30:00"
"278960",13,"3.125","2021-06-25 16:45:00"
"279068",13,"2.975","2021-06-25 17:00:00"
"279000",13,"8.3","2021-04-05 09:45:00"
"279102",13,"8.97","2021-04-05 10:00:00"
"279214",13,"8.15","2021-04-05 10:15:00"
"279678",13,"6.575","2021-04-05 11:45:00"
"279782",13,"6.05","2021-04-05 12:00:00"
"279741",13,"1.25","2021-03-03 04:00:00"
"279847",13,"0","2021-03-03 04:15:00"
"279949",13,"0","2021-03-03 04:30:00"
"279898",13,"7.025","2021-04-05 12:15:00"
"280002",13,"6.575","2021-04-05 12:30:00"
"281902",13,"6.35","2021-04-05 12:45:00"
"280033",13,"0","2021-03-03 04:45:00"
"280087",13,"1.025","2021-03-03 05:00:00"
"281342",13,"0","2021-06-25 19:00:00"
"281462",13,"0","2021-06-25 19:15:00"
"281559",13,"0","2021-06-25 19:30:00"
"281560",13,"4.625","2021-05-14 13:30:00"
"281661",13,"4.175","2021-05-14 13:45:00"
"281674",13,"0","2021-06-25 19:45:00"
"281795",13,"0","2021-06-25 20:00:00"
"281797",13,"3.5","2021-05-14 14:00:00"
"281951",13,"4.1","2021-05-14 14:15:00"
"282095",13,"2.75","2021-05-14 14:30:00"
"284968",13,"0","2021-06-25 22:30:00"
"285078",13,"1.7000000000000002","2021-06-25 22:45:00"
"283562",13,"2","2021-03-03 09:15:00"
"283666",13,"2.675","2021-03-03 09:30:00"
"283752",13,"5.825","2021-04-05 15:30:00"
"283854",13,"6.575","2021-04-05 15:45:00"
"283948",13,"5.75","2021-04-05 16:00:00"
"283773",13,"4.325","2021-03-03 09:45:00"
"283881",13,"4.55","2021-03-03 10:00:00"
"284000",13,"5.375","2021-03-03 10:15:00"
"285312",13,"2.45","2021-05-14 17:45:00"
"285410",13,"0.9500000000000001","2021-05-14 18:00:00"
"285505",13,"0","2021-06-25 23:45:00"
"285607",13,"0","2021-06-26 00:00:00"
"285500",13,"1.925","2021-05-14 18:15:00"
"285616",13,"2.525","2021-05-14 18:30:00"
"285710",13,"2.15","2021-05-14 18:45:00"
"285735",13,"0.8","2021-06-26 00:15:00"
"285837",13,"0","2021-06-26 00:30:00"
"285943",13,"0","2021-06-26 00:45:00"
"289257",13,"0","2021-06-26 03:00:00"
"289381",13,"2.15","2021-06-26 03:15:00"
"287057",13,"4.25","2021-04-05 18:15:00"
"287165",13,"3.275","2021-04-05 18:30:00"
"287054",13,"5.225","2021-03-03 13:00:00"
"287162",13,"5.15","2021-03-03 13:15:00"
"287265",13,"4.55","2021-03-03 13:30:00"
"287278",13,"3.125","2021-04-05 18:45:00"
"287396",13,"2.75","2021-04-05 19:00:00"
"287487",13,"2.6","2021-04-05 19:15:00"
"288443",13,"4.475","2021-04-05 21:15:00"
"288644",13,"4.475","2021-04-05 21:30:00"
"288777",13,"4.775","2021-04-05 21:45:00"
"288536",13,"6.575","2021-03-03 16:45:00"
"288612",13,"6.35","2021-03-03 17:00:00"
"288690",13,"5.975","2021-03-03 17:15:00"
"290650",13,"7.025","2021-03-03 17:30:00"
"290733",13,"5.3","2021-03-03 17:45:00"
"290812",13,"5.6","2021-03-03 18:00:00"
"288899",13,"0","2021-05-14 21:30:00"
"288953",13,"0.9500000000000001","2021-05-14 21:45:00"
"289007",13,"1.55","2021-05-14 22:00:00"
"290148",13,"0","2021-05-15 01:15:00"
"290272",13,"0","2021-05-15 01:30:00"
"292817",13,"2.75","2021-05-15 01:45:00"
"290329",13,"0","2021-06-26 05:30:00"
"290383",13,"1.4","2021-06-26 05:45:00"
"290437",13,"0","2021-06-26 06:00:00"
"290491",13,"0","2021-06-26 06:15:00"
"290545",13,"0","2021-06-26 06:30:00"
"290599",13,"0","2021-06-26 06:45:00"
"290678",13,"0","2021-06-26 07:00:00"
"291844",13,"2.975","2021-03-03 22:00:00"
"294244",13,"2.3","2021-03-03 22:15:00"
"291939",13,"6.2","2021-04-05 22:30:00"
"291993",13,"4.925","2021-04-05 22:45:00"
"292047",13,"4.925","2021-04-05 23:00:00"
"292101",13,"5.15","2021-04-05 23:15:00"
"292155",13,"4.55","2021-04-05 23:30:00"
"292209",13,"4.325","2021-04-05 23:45:00"
"292263",13,"3.8","2021-04-06 00:00:00"
"292317",13,"3.8","2021-04-06 00:15:00"
"293411",13,"2.225","2021-05-15 04:30:00"
"293465",13,"0","2021-05-15 04:45:00"
"293519",13,"0","2021-05-15 05:00:00"
"293573",13,"0","2021-05-15 05:15:00"
"293627",13,"2.45","2021-05-15 05:30:00"
"293681",13,"2.075","2021-05-15 05:45:00"
"293735",13,"2.15","2021-05-15 06:00:00"
"296330",13,"3.05","2021-05-15 06:15:00"
"293869",13,"0","2021-06-26 08:00:00"
"293923",13,"0","2021-06-26 08:15:00"
"293977",13,"0","2021-06-26 08:30:00"
"295191",13,"0","2021-03-04 00:00:00"
"295245",13,"0","2021-03-04 00:15:00"
"295299",13,"0","2021-03-04 00:30:00"
"295353",13,"0","2021-03-04 00:45:00"
"295407",13,"0","2021-03-04 01:00:00"
"295461",13,"5.375","2021-03-04 01:15:00"
"295515",13,"5.375","2021-03-04 01:30:00"
"295569",13,"2.9","2021-03-04 01:45:00"
"295623",13,"2.45","2021-03-04 02:00:00"
"295677",13,"2.75","2021-03-04 02:15:00"
"296908",13,"0.73","2021-04-06 06:15:00"
"297011",13,"0","2021-04-06 06:30:00"
"297107",13,"2.225","2021-04-06 06:45:00"
"296987",13,"0","2021-05-15 07:45:00"
"297108",13,"0","2021-05-15 08:00:00"
"297211",13,"1.85","2021-05-15 08:15:00"
"297219",13,"1.925","2021-04-06 07:00:00"
"300598",13,"2","2021-04-06 07:15:00"
"297275",13,"1.775","2021-05-15 08:30:00"
"298003",13,"5.225","2021-06-26 13:15:00"
"298057",13,"5.675","2021-06-26 13:30:00"
"298111",13,"5.6","2021-06-26 13:45:00"
"298165",13,"5.6","2021-06-26 14:00:00"
"298219",13,"6.5","2021-06-26 14:15:00"
"298273",13,"5.75","2021-06-26 14:30:00"
"298327",13,"5.75","2021-06-26 14:45:00"
"305651",13,"0","2021-05-15 19:30:00"
"305705",13,"0","2021-05-15 19:45:00"
"305759",13,"1.7000000000000002","2021-05-15 20:00:00"
"305837",13,"4.325","2021-03-04 12:15:00"
"305891",13,"3.65","2021-03-04 12:30:00"
"305945",13,"4.475","2021-03-04 12:45:00"
"305999",13,"4.925","2021-03-04 13:00:00"
"306053",13,"5.45","2021-03-04 13:15:00"
"306107",13,"5.825","2021-03-04 13:30:00"
"306161",13,"4.4","2021-03-04 13:45:00"
"306215",13,"3.35","2021-03-04 14:00:00"
"306893",13,"1.475","2021-06-26 22:00:00"
"306951",13,"1.1","2021-06-26 22:15:00"
"307029",13,"0","2021-06-26 22:30:00"
"307078",13,"3.2","2021-04-06 16:30:00"
"307237",13,"4.925","2021-04-06 16:45:00"
"307380",13,"3.8","2021-04-06 17:00:00"
"307116",13,"2.225","2021-06-26 22:45:00"
"307197",13,"2.3","2021-06-26 23:00:00"
"307281",13,"2.225","2021-06-26 23:15:00"
"307368",13,"2.075","2021-06-26 23:30:00"
"307439",13,"2","2021-06-26 23:45:00"
"308466",13,"3.275","2021-04-06 19:00:00"
"308573",13,"3.425","2021-04-06 19:15:00"
"308681",13,"3.35","2021-04-06 19:30:00"
"308550",13,"1.85","2021-05-15 20:45:00"
"308659",13,"3.05","2021-05-15 21:00:00"
"308769",13,"2.3","2021-05-15 21:15:00"
"308784",13,"3.65","2021-04-06 19:45:00"
"308886",13,"3.35","2021-04-06 20:00:00"
"308885",13,"2.375","2021-05-15 21:30:00"
"309010",13,"2.375","2021-05-15 21:45:00"
"309130",13,"2.45","2021-05-15 22:00:00"
"309971",13,"2","2021-03-04 17:30:00"
"310025",13,"0","2021-03-04 17:45:00"
"310079",13,"0.28","2021-03-04 18:00:00"
"310133",13,"0","2021-03-04 18:15:00"
"310187",13,"0","2021-03-04 18:30:00"
"310241",13,"2.375","2021-03-04 18:45:00"
"310295",13,"3.2","2021-03-04 19:00:00"
"310349",13,"3.725","2021-03-04 19:15:00"
"310403",13,"3.425","2021-03-04 19:30:00"
"310457",13,"3.65","2021-03-04 19:45:00"
"311609",13,"4.475","2021-04-07 00:45:00"
"311663",13,"5.3","2021-04-07 01:00:00"
"311717",13,"6.575","2021-04-07 01:15:00"
"311771",13,"5.375","2021-04-07 01:30:00"
"314600",13,"7.1","2021-04-07 01:45:00"
"311974",13,"1.7000000000000002","2021-06-27 02:30:00"
"312063",13,"1.175","2021-06-27 02:45:00"
"312169",13,"0","2021-06-27 03:00:00"
"311981",13,"2","2021-05-16 01:15:00"
"312109",13,"1.85","2021-05-16 01:30:00"
"312207",13,"1.55","2021-05-16 01:45:00"
"313386",13,"2","2021-05-16 05:15:00"
"315811",13,"1.925","2021-05-16 05:30:00"
"313377",13,"2.45","2021-06-27 05:00:00"
"313459",13,"2.075","2021-06-27 05:15:00"
"313513",13,"1.775","2021-06-27 05:30:00"
"313567",13,"0","2021-06-27 05:45:00"
"313621",13,"2.225","2021-06-27 06:00:00"
"313675",13,"2.375","2021-06-27 06:15:00"
"313729",13,"4.025","2021-06-27 06:30:00"
"316065",13,"2","2021-06-27 06:45:00"
"315041",13,"8.08","2021-04-07 02:45:00"
"315095",13,"6.725","2021-04-07 03:00:00"
"315149",13,"5","2021-04-07 03:15:00"
"315203",13,"6.575","2021-04-07 03:30:00"
"315257",13,"6.875","2021-04-07 03:45:00"
"315311",13,"6.875","2021-04-07 04:00:00"
"315365",13,"6.125","2021-04-07 04:15:00"
"315419",13,"7.625","2021-04-07 04:30:00"
"315473",13,"6.35","2021-04-07 04:45:00"
"315527",13,"6.125","2021-04-07 05:00:00"
"316156",13,"0","2021-06-27 07:00:00"
"316232",13,"0","2021-06-27 07:15:00"
"316303",13,"0","2021-06-27 07:30:00"
"316289",13,"0","2021-05-16 07:00:00"
"316448",13,"1.175","2021-05-16 07:15:00"
"316606",13,"1.475","2021-05-16 07:30:00"
"316383",13,"0","2021-06-27 07:45:00"
"316468",13,"0","2021-06-27 08:00:00"
"316555",13,"0","2021-06-27 08:15:00"
"316634",13,"0","2021-06-27 08:30:00"
"316704",13,"2.75","2021-06-27 08:45:00"
"317729",13,"2.6","2021-05-16 09:45:00"
"320783",13,"2.675","2021-05-16 10:00:00"
"317915",13,"4.925","2021-03-05 02:30:00"
"317969",13,"5.3","2021-03-05 02:45:00"
"318023",13,"5.3","2021-03-05 03:00:00"
"274843",13,"1.85","2021-06-25 11:00:00"
"275074",13,"0","2021-06-25 11:15:00"
"274927",13,"0","2021-05-14 05:15:00"
"275124",13,"0","2021-05-14 05:30:00"
"275054",13,"2.825","2021-04-05 07:45:00"
"277918",13,"3.65","2021-04-05 08:00:00"
"278093",13,"3.125","2021-04-05 08:15:00"
"275254",13,"2.375","2021-06-25 11:30:00"
"275417",13,"1.85","2021-06-25 11:45:00"
"275783",13,"0","2021-03-03 00:15:00"
"275940",13,"0","2021-03-03 00:30:00"
"276099",13,"1.7000000000000002","2021-03-03 00:45:00"
"276077",13,"3.35","2021-06-25 12:45:00"
"276196",13,"3.8","2021-06-25 13:00:00"
"276085",13,"0","2021-05-14 07:00:00"
"276821",13,"0","2021-05-14 07:15:00"
"276875",13,"0","2021-05-14 07:30:00"
"276218",13,"2.6","2021-03-03 01:00:00"
"276277",13,"3.05","2021-03-03 01:15:00"
"276936",13,"0","2021-05-14 07:45:00"
"277014",13,"0","2021-05-14 08:00:00"
"277040",13,"2.6","2021-06-25 13:15:00"
"277178",13,"3.05","2021-06-25 13:30:00"
"277310",13,"3.2","2021-06-25 13:45:00"
"277100",13,"0","2021-05-14 08:15:00"
"277188",13,"2.45","2021-05-14 08:30:00"
"277268",13,"3.5","2021-05-14 08:45:00"
"277377",13,"4.325","2021-05-14 09:00:00"
"277473",13,"3.95","2021-05-14 09:15:00"
"278074",13,"2.75","2021-06-25 15:15:00"
"278230",13,"2.975","2021-06-25 15:30:00"
"278386",13,"2.9","2021-06-25 15:45:00"
"278254",13,"3.875","2021-04-05 08:30:00"
"278418",13,"4.325","2021-04-05 08:45:00"
"278597",13,"4.775","2021-04-05 09:00:00"
"278387",13,"5.9","2021-05-14 11:00:00"
"278529",13,"5.9","2021-05-14 11:15:00"
"278545",13,"3.425","2021-06-25 16:00:00"
"278706",13,"2.9","2021-06-25 16:15:00"
"279166",13,"2.6","2021-06-25 17:15:00"
"279279",13,"2.15","2021-06-25 17:30:00"
"279328",13,"7.475","2021-04-05 10:30:00"
"279401",13,"7.175","2021-04-05 10:45:00"
"280813",13,"1.55","2021-06-25 17:45:00"
"280909",13,"1.7000000000000002","2021-06-25 18:00:00"
"281014",13,"1.55","2021-06-25 18:15:00"
"279455",13,"6.875","2021-04-05 11:00:00"
"279509",13,"6.95","2021-04-05 11:15:00"
"279583",13,"6.875","2021-04-05 11:30:00"
"280735",13,"0","2021-03-03 08:00:00"
"282772",13,"2.75","2021-03-03 08:15:00"
"281026",13,"5.075","2021-05-14 12:15:00"
"281133",13,"4.775","2021-05-14 12:30:00"
"281124",13,"1.4","2021-06-25 18:30:00"
"281222",13,"1.7000000000000002","2021-06-25 18:45:00"
"281252",13,"4.625","2021-05-14 12:45:00"
"281344",13,"3.65","2021-05-14 13:00:00"
"281442",13,"4.625","2021-05-14 13:15:00"
"282539",13,"5.75","2021-04-05 13:45:00"
"282698",13,"6.65","2021-04-05 14:00:00"
"282650",13,"1.925","2021-06-25 21:15:00"
"282811",13,"1.175","2021-06-25 21:30:00"
"282921",13,"0","2021-05-14 15:45:00"
"283121",13,"2.375","2021-05-14 16:00:00"
"283337",13,"2.45","2021-05-14 16:15:00"
"282935",13,"6.2","2021-04-05 14:15:00"
"283148",13,"6.65","2021-04-05 14:30:00"
"283361",13,"6.275","2021-04-05 14:45:00"
"284056",13,"4.175","2021-04-05 16:15:00"
"284155",13,"5.225","2021-04-05 16:30:00"
"284116",13,"5.15","2021-03-03 10:30:00"
"284228",13,"4.4","2021-03-03 10:45:00"
"284263",13,"4.625","2021-04-05 16:45:00"
"284371",13,"4.325","2021-04-05 17:00:00"
"286655",13,"3.2","2021-04-05 17:15:00"
"284336",13,"5.6","2021-03-03 11:00:00"
"284435",13,"5.45","2021-03-03 11:15:00"
"284491",13,"4.325","2021-03-03 11:30:00"
"285818",13,"0","2021-05-14 19:00:00"
"285927",13,"2.45","2021-05-14 19:15:00"
"286044",13,"0","2021-06-26 01:00:00"
"286155",13,"0","2021-06-26 01:15:00"
"286039",13,"1.85","2021-05-14 19:30:00"
"286148",13,"2.825","2021-05-14 19:45:00"
"286252",13,"2.3","2021-05-14 20:00:00"
"286274",13,"0","2021-06-26 01:30:00"
"286388",13,"0","2021-06-26 01:45:00"
"286499",13,"1.775","2021-06-26 02:00:00"
"287363",13,"5.6","2021-03-03 13:45:00"
"287488",13,"4.7","2021-03-03 14:00:00"
"287598",13,"2.75","2021-04-05 19:30:00"
"287695",13,"3.125","2021-04-05 19:45:00"
"287593",13,"5.825","2021-03-03 14:15:00"
"287711",13,"5.9","2021-03-03 14:30:00"
"287809",13,"5.375","2021-03-03 14:45:00"
"287814",13,"2.825","2021-04-05 20:00:00"
"287943",13,"2.6","2021-04-05 20:15:00"
"288064",13,"3.05","2021-04-05 20:30:00"
"289608",13,"2.225","2021-05-15 00:00:00"
"289721",13,"2.525","2021-05-15 00:15:00"
"289837",13,"1.4","2021-05-15 00:30:00"
"289815",13,"0","2021-06-26 04:15:00"
"289917",13,"0","2021-06-26 04:30:00"
"289951",13,"0","2021-05-15 00:45:00"
"290038",13,"0","2021-05-15 01:00:00"
"290045",13,"0.9500000000000001","2021-06-26 04:45:00"
"290150",13,"0.88","2021-06-26 05:00:00"
"290243",13,"0","2021-06-26 05:15:00"
"291327",13,"3.8","2021-03-03 20:00:00"
"291381",13,"4.625","2021-03-03 20:15:00"
"291435",13,"4.025","2021-03-03 20:30:00"
"291489",13,"4.625","2021-03-03 20:45:00"
"291543",13,"3.8","2021-03-03 21:00:00"
"291609",13,"3.275","2021-03-03 21:15:00"
"291686",13,"3.875","2021-03-03 21:30:00"
"291764",13,"3.35","2021-03-03 21:45:00"
"291734",13,"5.225","2021-04-05 22:00:00"
"291885",13,"5.9","2021-04-05 22:15:00"
"292871",13,"2.6","2021-05-15 02:00:00"
"292925",13,"1.925","2021-05-15 02:15:00"
"292979",13,"2.375","2021-05-15 02:30:00"
"293033",13,"2.45","2021-05-15 02:45:00"
"293087",13,"2.3","2021-05-15 03:00:00"
"293141",13,"2.375","2021-05-15 03:15:00"
"293195",13,"2.75","2021-05-15 03:30:00"
"293249",13,"3.125","2021-05-15 03:45:00"
"293303",13,"2","2021-05-15 04:00:00"
"293357",13,"2.225","2021-05-15 04:15:00"
"294514",13,"3.5","2021-06-26 10:30:00"
"294590",13,"4.25","2021-06-26 10:45:00"
"294671",13,"3.5","2021-06-26 11:00:00"
"294747",13,"3.575","2021-06-26 11:15:00"
"294826",13,"3.5","2021-06-26 11:30:00"
"294902",13,"3.725","2021-06-26 11:45:00"
"294976",13,"3.5","2021-06-26 12:00:00"
"297787",13,"4.625","2021-06-26 12:15:00"
"294992",13,"3.2","2021-03-03 23:15:00"
"295083",13,"2.75","2021-03-03 23:30:00"
"295137",13,"1.85","2021-03-03 23:45:00"
"295731",13,"2.15","2021-03-04 02:30:00"
"298785",13,"1.925","2021-03-04 02:45:00"
"295911",13,"4.775","2021-04-06 03:00:00"
"295965",13,"4.55","2021-04-06 03:15:00"
"296019",13,"4.775","2021-04-06 03:30:00"
"296073",13,"3.5","2021-04-06 03:45:00"
"296127",13,"2.975","2021-04-06 04:00:00"
"296181",13,"2.75","2021-04-06 04:15:00"
"296235",13,"3.2","2021-04-06 04:30:00"
"296289",13,"2.375","2021-04-06 04:45:00"
"297383",13,"4.025","2021-05-15 09:00:00"
"297437",13,"4.625","2021-05-15 09:15:00"
"297491",13,"4.1","2021-05-15 09:30:00"
"297545",13,"3.35","2021-05-15 09:45:00"
"297599",13,"3.35","2021-05-15 10:00:00"
"297653",13,"2.75","2021-05-15 10:15:00"
"297707",13,"3.575","2021-05-15 10:30:00"
"297761",13,"2.9","2021-05-15 10:45:00"
"299322",13,"4.325","2021-05-15 11:00:00"
"299424",13,"3.425","2021-05-15 11:15:00"
"298839",13,"0","2021-03-04 03:00:00"
"298893",13,"1.925","2021-03-04 03:15:00"
"298947",13,"1.925","2021-03-04 03:30:00"
"299001",13,"0","2021-03-04 03:45:00"
"299055",13,"0","2021-03-04 04:00:00"
"299109",13,"0","2021-03-04 04:15:00"
"299163",13,"0","2021-03-04 04:30:00"
"299217",13,"0","2021-03-04 04:45:00"
"299291",13,"2.075","2021-03-04 05:00:00"
"299401",13,"1.325","2021-03-04 05:15:00"
"299516",13,"0","2021-03-04 05:30:00"
"299950",13,"0","2021-03-04 06:30:00"
"300061",13,"0","2021-03-04 06:45:00"
"300157",13,"0","2021-03-04 07:00:00"
"300264",13,"2.375","2021-03-04 07:15:00"
"302106",13,"3.5","2021-03-04 07:30:00"
"300290",13,"3.125","2021-05-15 13:15:00"
"300355",13,"3.05","2021-05-15 13:30:00"
"300409",13,"4.025","2021-05-15 13:45:00"
"300463",13,"3.275","2021-05-15 14:00:00"
"300529",13,"3.8","2021-05-15 14:15:00"
"301153",13,"3.425","2021-04-06 08:45:00"
"301207",13,"3.95","2021-04-06 09:00:00"
"301261",13,"3.5","2021-04-06 09:15:00"
"301315",13,"4.7","2021-04-06 09:30:00"
"301369",13,"3.95","2021-04-06 09:45:00"
"301423",13,"5.9","2021-04-06 10:00:00"
"301477",13,"6.5","2021-04-06 10:15:00"
"301531",13,"5.975","2021-04-06 10:30:00"
"301585",13,"5.6","2021-04-06 10:45:00"
"301639",13,"5.6","2021-04-06 11:00:00"
"301693",13,"6.125","2021-04-06 11:15:00"
"302279",13,"3.2","2021-03-04 07:45:00"
"302478",13,"3.65","2021-03-04 08:00:00"
"302636",13,"3.8","2021-03-04 08:15:00"
"302518",13,"2","2021-06-26 18:15:00"
"302772",13,"2","2021-06-26 18:30:00"
"302782",13,"4.025","2021-04-06 12:45:00"
"302940",13,"4.4","2021-04-06 13:00:00"
"303035",13,"2.975","2021-05-15 16:30:00"
"303358",13,"2.3","2021-05-15 16:45:00"
"303629",13,"1.625","2021-05-15 17:00:00"
"303852",13,"2.225","2021-05-15 17:15:00"
"304081",13,"1.025","2021-05-15 17:30:00"
"303678",13,"3.65","2021-04-06 14:00:00"
"303881",13,"2.975","2021-04-06 14:15:00"
"303675",13,"4.55","2021-03-04 09:45:00"
"303953",13,"5","2021-03-04 10:00:00"
"304181",13,"5.975","2021-03-04 10:15:00"
"303814",13,"0","2021-06-26 19:30:00"
"303979",13,"0","2021-06-26 19:45:00"
"304135",13,"0","2021-06-26 20:00:00"
"304708",13,"4.775","2021-03-04 11:00:00"
"304863",13,"4.55","2021-03-04 11:15:00"
"305020",13,"8.53","2021-03-04 11:30:00"
"304821",13,"2.9","2021-04-06 15:15:00"
"305031",13,"3.2","2021-04-06 15:30:00"
"304771",13,"2.45","2021-05-15 18:15:00"
"305016",13,"2","2021-05-15 18:30:00"
"305264",13,"2.225","2021-05-15 18:45:00"
"304903",13,"1.85","2021-06-26 20:45:00"
"305226",13,"0","2021-06-26 21:00:00"
"305422",13,"0","2021-06-26 21:15:00"
"306269",13,"3.35","2021-03-04 14:15:00"
"306323",13,"4.55","2021-03-04 14:30:00"
"306377",13,"4.55","2021-03-04 14:45:00"
"306431",13,"4.625","2021-03-04 15:00:00"
"306485",13,"5.975","2021-03-04 15:15:00"
"306539",13,"6.425","2021-03-04 15:30:00"
"306593",13,"6.275","2021-03-04 15:45:00"
"306647",13,"5","2021-03-04 16:00:00"
"306701",13,"4.025","2021-03-04 16:15:00"
"306755",13,"3.125","2021-03-04 16:30:00"
"307960",13,"1.85","2021-06-27 01:15:00"
"308064",13,"2.225","2021-06-27 01:30:00"
"308168",13,"2.375","2021-06-27 01:45:00"
"308190",13,"4.1","2021-04-06 18:30:00"
"308340",13,"3.425","2021-04-06 18:45:00"
"308339",13,"1.85","2021-06-27 02:00:00"
"311858",13,"2.675","2021-06-27 02:15:00"
"308284",13,"1.925","2021-05-15 20:15:00"
"308442",13,"1.475","2021-05-15 20:30:00"
"309515",13,"1.625","2021-05-15 23:30:00"
"309569",13,"1.625","2021-05-15 23:45:00"
"309623",13,"0","2021-05-16 00:00:00"
"309677",13,"1.625","2021-05-16 00:15:00"
"309731",13,"2.075","2021-05-16 00:30:00"
"311785",13,"2.225","2021-05-16 00:45:00"
"311880",13,"2.15","2021-05-16 01:00:00"
"309809",13,"2.3","2021-03-04 16:45:00"
"309863",13,"2.6","2021-03-04 17:00:00"
"309917",13,"2.525","2021-03-04 17:15:00"
"311069",13,"5.75","2021-04-06 22:15:00"
"311123",13,"5.45","2021-04-06 22:30:00"
"311177",13,"5.3","2021-04-06 22:45:00"
"311231",13,"4.55","2021-04-06 23:00:00"
"311285",13,"4.475","2021-04-06 23:15:00"
"311339",13,"5.45","2021-04-06 23:30:00"
"311393",13,"5.75","2021-04-06 23:45:00"
"311447",13,"5.9","2021-04-07 00:00:00"
"311501",13,"5","2021-04-07 00:15:00"
"311555",13,"5.075","2021-04-07 00:30:00"
"312741",13,"1.925","2021-05-16 03:15:00"
"312799",13,"1.4","2021-05-16 03:30:00"
"312853",13,"1.925","2021-05-16 03:45:00"
"312907",13,"2.375","2021-05-16 04:00:00"
"312961",13,"2.975","2021-05-16 04:15:00"
"313069",13,"2.6","2021-05-16 04:30:00"
"313162",13,"2.15","2021-05-16 04:45:00"
"313269",13,"2.225","2021-05-16 05:00:00"
"313169",13,"2.15","2021-06-27 04:30:00"
"313278",13,"2.3","2021-06-27 04:45:00"
"314483",13,"4.025","2021-03-05 00:30:00"
"314562",13,"5.15","2021-03-05 00:45:00"
"314691",13,"8.08","2021-04-07 02:00:00"
"314830",13,"8.45","2021-04-07 02:15:00"
"314936",13,"7.775","2021-04-07 02:30:00"
"314684",13,"5.225","2021-03-05 01:00:00"
"314762",13,"5","2021-03-05 01:15:00"
"314873",13,"5.375","2021-03-05 01:30:00"
"314984",13,"4.7","2021-03-05 01:45:00"
"317798",13,"4.325","2021-03-05 02:00:00"
"317861",13,"4.7","2021-03-05 02:15:00"
"316774",13,"0.9500000000000001","2021-05-16 07:45:00"
"316918",13,"2","2021-05-16 08:00:00"
"316791",13,"3.2","2021-06-27 09:00:00"
"316878",13,"3.05","2021-06-27 09:15:00"
"316964",13,"3.275","2021-06-27 09:30:00"
"317042",13,"3.8","2021-06-27 09:45:00"
"317111",13,"3.95","2021-06-27 10:00:00"
"317104",13,"3.35","2021-05-16 08:15:00"
"317281",13,"3.125","2021-05-16 08:30:00"
"317448",13,"2.525","2021-05-16 08:45:00"
"318293",13,"5.3","2021-03-05 04:15:00"
"318077",13,"5.675","2021-03-05 03:15:00"
"318131",13,"5.675","2021-03-05 03:30:00"
"318185",13,"5.45","2021-03-05 03:45:00"
"318239",13,"5.075","2021-03-05 04:00:00"
"324017",13,"6.275","2021-04-07 13:00:00"
"324122",13,"6.125","2021-04-07 13:15:00"
"324117",13,"2.075","2021-06-27 19:45:00"
"324214",13,"2.825","2021-06-27 20:00:00"
"324326",13,"3.275","2021-06-27 20:15:00"
"324243",13,"5.75","2021-04-07 13:30:00"
"324344",13,"6.425","2021-04-07 13:45:00"
"324429",13,"5.75","2021-04-07 14:00:00"
"324465",13,"3.65","2021-06-27 20:30:00"
"326826",13,"4.625","2021-06-27 20:45:00"
"324831",13,"5.225","2021-03-05 11:15:00"
"324947",13,"5.375","2021-03-05 11:30:00"
"325031",13,"5.525","2021-03-05 11:45:00"
"325134",13,"5.75","2021-03-05 12:00:00"
"325252",13,"7.7","2021-03-05 12:15:00"
"325176",13,"3.125","2021-05-16 15:30:00"
"325277",13,"1.925","2021-05-16 15:45:00"
"325384",13,"1.7000000000000002","2021-05-16 16:00:00"
"325493",13,"2.375","2021-05-16 16:15:00"
"325583",13,"2.45","2021-05-16 16:30:00"
"326507",13,"4.4","2021-03-05 14:30:00"
"326561",13,"4.325","2021-03-05 14:45:00"
"326615",13,"4.55","2021-03-05 15:00:00"
"326669",13,"3.875","2021-03-05 15:15:00"
"326723",13,"4.775","2021-03-05 15:30:00"
"326777",13,"5.75","2021-03-05 15:45:00"
"329110",13,"5.075","2021-03-05 16:00:00"
"329206",13,"4.475","2021-03-05 16:15:00"
"326939",13,"4.85","2021-06-27 21:00:00"
"327043",13,"5.975","2021-06-27 21:15:00"
"327145",13,"5.225","2021-06-27 21:30:00"
"328139",13,"6.125","2021-06-27 23:30:00"
"328248",13,"5.825","2021-06-27 23:45:00"
"328351",13,"5.375","2021-06-28 00:00:00"
"328316",13,"5.075","2021-04-07 19:15:00"
"328413",13,"5.3","2021-04-07 19:30:00"
"328515",13,"3.95","2021-04-07 19:45:00"
"328464",13,"5.45","2021-06-28 00:15:00"
"328582",13,"5","2021-06-28 00:30:00"
"328671",13,"5.075","2021-06-28 00:45:00"
"328627",13,"3.725","2021-04-07 20:00:00"
"330821",13,"4.1","2021-04-07 20:15:00"
"329987",13,"0","2021-05-16 22:30:00"
"330092",13,"2.375","2021-05-16 22:45:00"
"330038",13,"3.2","2021-03-05 18:15:00"
"330168",13,"3.35","2021-03-05 18:30:00"
"330273",13,"2.975","2021-03-05 18:45:00"
"330198",13,"1.85","2021-05-16 23:00:00"
"330305",13,"1.925","2021-05-16 23:15:00"
"330409",13,"1.625","2021-05-16 23:30:00"
"330386",13,"2.825","2021-03-05 19:00:00"
"330488",13,"2.6","2021-03-05 19:15:00"
"330582",13,"2.375","2021-03-05 19:30:00"
"331037",13,"9.35","2021-04-07 21:15:00"
"331091",13,"9.58","2021-04-07 21:30:00"
"331145",13,"10.25","2021-04-07 21:45:00"
"331199",13,"9.72","2021-04-07 22:00:00"
"331253",13,"7.175","2021-04-07 22:15:00"
"331307",13,"8.08","2021-04-07 22:30:00"
"331361",13,"8.83","2021-04-07 22:45:00"
"331415",13,"9.2","2021-04-07 23:00:00"
"331469",13,"8.45","2021-04-07 23:15:00"
"331542",13,"9.43","2021-04-07 23:30:00"
"333220",13,"0","2021-05-17 01:30:00"
"333307",13,"2.375","2021-05-17 01:45:00"
"333415",13,"2.45","2021-05-17 02:00:00"
"333326",13,"0","2021-03-05 21:00:00"
"333435",13,"0","2021-03-05 21:15:00"
"333520",13,"2.225","2021-05-17 02:15:00"
"333636",13,"2.6","2021-05-17 02:30:00"
"333744",13,"1.025","2021-05-17 02:45:00"
"333548",13,"0.73","2021-03-05 21:30:00"
"333643",13,"3.2","2021-03-05 21:45:00"
"333751",13,"0","2021-03-05 22:00:00"
"334847",13,"6.575","2021-04-08 01:00:00"
"334901",13,"6.875","2021-04-08 01:15:00"
"334955",13,"5.75","2021-04-08 01:30:00"
"335009",13,"5","2021-04-08 01:45:00"
"335063",13,"5.3","2021-04-08 02:00:00"
"335117",13,"5.075","2021-04-08 02:15:00"
"335171",13,"4.7","2021-04-08 02:30:00"
"335225",13,"5.3","2021-04-08 02:45:00"
"335279",13,"5.825","2021-04-08 03:00:00"
"335333",13,"5.9","2021-04-08 03:15:00"
"335387",13,"5.6","2021-04-08 03:30:00"
"336615",13,"3.65","2021-06-28 09:45:00"
"336669",13,"3.2","2021-06-28 10:00:00"
"336723",13,"3.875","2021-06-28 10:15:00"
"336777",13,"5.3","2021-06-28 10:30:00"
"340831",13,"5.3","2021-06-28 10:45:00"
"336833",13,"1.775","2021-05-17 04:45:00"
"336887",13,"2.225","2021-05-17 05:00:00"
"336941",13,"1.85","2021-05-17 05:15:00"
"336995",13,"1.925","2021-05-17 05:30:00"
"337049",13,"1.7000000000000002","2021-05-17 05:45:00"
"338251",13,"7.4","2021-04-08 07:30:00"
"338305",13,"7.25","2021-04-08 07:45:00"
"338359",13,"6.125","2021-04-08 08:00:00"
"338413",13,"6.8","2021-04-08 08:15:00"
"338467",13,"6.5","2021-04-08 08:30:00"
"338521",13,"6.875","2021-04-08 08:45:00"
"338575",13,"7.475","2021-04-08 09:00:00"
"338629",13,"7.175","2021-04-08 09:15:00"
"338683",13,"8.6","2021-04-08 09:30:00"
"338737",13,"8.22","2021-04-08 09:45:00"
"339805",13,"1.55","2021-05-17 09:15:00"
"339859",13,"2.225","2021-05-17 09:30:00"
"339913",13,"2.15","2021-05-17 09:45:00"
"339967",13,"0","2021-05-17 10:00:00"
"340021",13,"0","2021-05-17 10:15:00"
"340075",13,"2.225","2021-05-17 10:30:00"
"340129",13,"2.675","2021-05-17 10:45:00"
"340183",13,"2.45","2021-05-17 11:00:00"
"340237",13,"3.5","2021-05-17 11:15:00"
"340291",13,"2.6","2021-05-17 11:30:00"
"341555",13,"9.43","2021-04-08 11:15:00"
"341623",13,"7.475","2021-04-08 11:30:00"
"341698",13,"8.22","2021-04-08 11:45:00"
"341724",13,"5.75","2021-06-28 13:00:00"
"341882",13,"5.3","2021-06-28 13:15:00"
"342042",13,"5.45","2021-06-28 13:30:00"
"297329",13,"3.275","2021-05-15 08:45:00"
"298381",13,"5.825","2021-06-26 15:00:00"
"298435",13,"5","2021-06-26 15:15:00"
"298489",13,"5.675","2021-06-26 15:30:00"
"298543",13,"4.925","2021-06-26 15:45:00"
"298597",13,"3.95","2021-06-26 16:00:00"
"298651",13,"3.425","2021-06-26 16:15:00"
"298705",13,"2.9","2021-06-26 16:30:00"
"298759",13,"2.15","2021-06-26 16:45:00"
"301813",13,"2.45","2021-06-26 17:00:00"
"301867",13,"2.3","2021-06-26 17:15:00"
"299526",13,"4.325","2021-05-15 11:30:00"
"299651",13,"3.65","2021-05-15 11:45:00"
"299756",13,"3.575","2021-05-15 12:00:00"
"299608",13,"0","2021-03-04 05:45:00"
"299717",13,"0","2021-03-04 06:00:00"
"299837",13,"0","2021-03-04 06:15:00"
"299853",13,"3.425","2021-05-15 12:15:00"
"299957",13,"2.75","2021-05-15 12:30:00"
"300062",13,"2.825","2021-05-15 12:45:00"
"300182",13,"2.9","2021-05-15 13:00:00"
"300638",13,"3.425","2021-05-15 14:30:00"
"300722",13,"3.95","2021-05-15 14:45:00"
"300734",13,"0","2021-04-06 07:30:00"
"300839",13,"2.675","2021-04-06 07:45:00"
"300957",13,"2.525","2021-04-06 08:00:00"
"300833",13,"3.125","2021-05-15 15:00:00"
"300930",13,"3.425","2021-05-15 15:15:00"
"301981",13,"3.275","2021-05-15 15:30:00"
"301045",13,"2.675","2021-04-06 08:15:00"
"301099",13,"3.05","2021-04-06 08:30:00"
"301747",13,"4.925","2021-04-06 11:30:00"
"302072",13,"7.925","2021-04-06 11:45:00"
"301921",13,"1.25","2021-06-26 17:30:00"
"301982",13,"2.075","2021-06-26 17:45:00"
"302216",13,"2.075","2021-06-26 18:00:00"
"302226",13,"3.65","2021-05-15 15:45:00"
"302457",13,"3.2","2021-05-15 16:00:00"
"302699",13,"3.125","2021-05-15 16:15:00"
"302255",13,"5.075","2021-04-06 12:00:00"
"302415",13,"4.325","2021-04-06 12:15:00"
"302631",13,"5","2021-04-06 12:30:00"
"302836",13,"4.1","2021-03-04 08:30:00"
"303023",13,"4.55","2021-03-04 08:45:00"
"303170",13,"4.325","2021-03-04 09:00:00"
"303072",13,"1.7000000000000002","2021-06-26 18:45:00"
"303343",13,"0","2021-06-26 19:00:00"
"303611",13,"0","2021-06-26 19:15:00"
"303118",13,"2.975","2021-04-06 13:15:00"
"303284",13,"4.475","2021-04-06 13:30:00"
"303490",13,"4.175","2021-04-06 13:45:00"
"303337",13,"5.525","2021-03-04 09:15:00"
"303497",13,"4.925","2021-03-04 09:30:00"
"304123",13,"3.35","2021-04-06 14:30:00"
"304348",13,"4.175","2021-04-06 14:45:00"
"304571",13,"3.5","2021-04-06 15:00:00"
"304300",13,"0","2021-05-15 17:45:00"
"304522",13,"2.375","2021-05-15 18:00:00"
"304399",13,"0.8","2021-06-26 20:15:00"
"304651",13,"0","2021-06-26 20:30:00"
"304374",13,"5.675","2021-03-04 10:30:00"
"304545",13,"5.75","2021-03-04 10:45:00"
"305158",13,"5.9","2021-03-04 11:45:00"
"305783",13,"6.425","2021-03-04 12:00:00"
"305278",13,"3.125","2021-04-06 15:45:00"
"305441",13,"2.6","2021-04-06 16:00:00"
"305592",13,"3.35","2021-04-06 16:15:00"
"305434",13,"1.925","2021-05-15 19:00:00"
"305587",13,"0","2021-05-15 19:15:00"
"306785",13,"1.475","2021-06-26 21:30:00"
"306839",13,"0","2021-06-26 21:45:00"
"307561",13,"2.6","2021-04-06 17:15:00"
"307719",13,"4.025","2021-04-06 17:30:00"
"307516",13,"2.6","2021-06-27 00:00:00"
"307600",13,"2.3","2021-06-27 00:15:00"
"307675",13,"0","2021-06-27 00:30:00"
"307780",13,"0","2021-06-27 00:45:00"
"307871",13,"0","2021-06-27 01:00:00"
"307833",13,"3.5","2021-04-06 17:45:00"
"307971",13,"4.325","2021-04-06 18:00:00"
"308083",13,"4.175","2021-04-06 18:15:00"
"308980",13,"3.65","2021-04-06 20:15:00"
"309078",13,"3.125","2021-04-06 20:30:00"
"309168",13,"3.2","2021-04-06 20:45:00"
"309245",13,"2.9","2021-05-15 22:15:00"
"309299",13,"2.3","2021-05-15 22:30:00"
"310799",13,"3.275","2021-04-06 21:00:00"
"310853",13,"3.5","2021-04-06 21:15:00"
"309353",13,"2.375","2021-05-15 22:45:00"
"309407",13,"2.525","2021-05-15 23:00:00"
"309461",13,"2","2021-05-15 23:15:00"
"310511",13,"3.425","2021-03-04 20:00:00"
"310565",13,"5.075","2021-03-04 20:15:00"
"310619",13,"4.025","2021-03-04 20:30:00"
"310673",13,"3.575","2021-03-04 20:45:00"
"310727",13,"3.425","2021-03-04 21:00:00"
"313781",13,"4.475","2021-03-04 21:15:00"
"313835",13,"4.55","2021-03-04 21:30:00"
"313889",13,"4.325","2021-03-04 21:45:00"
"310907",13,"3.425","2021-04-06 21:30:00"
"310961",13,"3.05","2021-04-06 21:45:00"
"311015",13,"3.575","2021-04-06 22:00:00"
"312299",13,"0","2021-06-27 03:15:00"
"312398",13,"0","2021-06-27 03:30:00"
"312304",13,"0","2021-05-16 02:00:00"
"312416",13,"0","2021-05-16 02:15:00"
"312502",13,"0","2021-05-16 02:30:00"
"312580",13,"2.075","2021-05-16 02:45:00"
"312662",13,"1.775","2021-05-16 03:00:00"
"312549",13,"0","2021-06-27 03:45:00"
"312716",13,"0","2021-06-27 04:00:00"
"313045",13,"2","2021-06-27 04:15:00"
"313943",13,"4.4","2021-03-04 22:00:00"
"313997",13,"4.7","2021-03-04 22:15:00"
"314051",13,"4.55","2021-03-04 22:30:00"
"314105",13,"3.875","2021-03-04 22:45:00"
"314159",13,"4.775","2021-03-04 23:00:00"
"314213",13,"5.075","2021-03-04 23:15:00"
"314267",13,"4.4","2021-03-04 23:30:00"
"314321",13,"4.25","2021-03-04 23:45:00"
"314375",13,"4.475","2021-03-05 00:00:00"
"314429",13,"5.6","2021-03-05 00:15:00"
"315581",13,"5.15","2021-04-07 05:15:00"
"315635",13,"5.825","2021-04-07 05:30:00"
"315689",13,"6.575","2021-04-07 05:45:00"
"315743",13,"6.875","2021-04-07 06:00:00"
"318797",13,"5.75","2021-04-07 06:15:00"
"315865",13,"2.075","2021-05-16 05:45:00"
"315919",13,"2","2021-05-16 06:00:00"
"315973",13,"1.925","2021-05-16 06:15:00"
"316027",13,"1.55","2021-05-16 06:30:00"
"316105",13,"1.325","2021-05-16 06:45:00"
"317191",13,"3.2","2021-06-27 10:15:00"
"317268",13,"2.075","2021-06-27 10:30:00"
"317352",13,"4.325","2021-06-27 10:45:00"
"317428",13,"4.7","2021-06-27 11:00:00"
"317504",13,"4.175","2021-06-27 11:15:00"
"319622",13,"4.175","2021-06-27 11:30:00"
"319701",13,"4.475","2021-06-27 11:45:00"
"317567",13,"2.6","2021-05-16 09:00:00"
"317621",13,"2","2021-05-16 09:15:00"
"317675",13,"2.6","2021-05-16 09:30:00"
"318851",13,"5.6","2021-04-07 06:30:00"
"318905",13,"4.85","2021-04-07 06:45:00"
"318959",13,"5.15","2021-04-07 07:00:00"
"319013",13,"4.925","2021-04-07 07:15:00"
"319067",13,"5","2021-04-07 07:30:00"
"319121",13,"5.3","2021-04-07 07:45:00"
"319175",13,"6.575","2021-04-07 08:00:00"
"319229",13,"6.575","2021-04-07 08:15:00"
"319283",13,"7.55","2021-04-07 08:30:00"
"319337",13,"6.2","2021-04-07 08:45:00"
"320019",13,"5.45","2021-06-27 12:45:00"
"320095",13,"6.125","2021-06-27 13:00:00"
"320182",13,"4.7","2021-06-27 13:15:00"
"320241",13,"5.075","2021-06-27 13:30:00"
"320295",13,"6.5","2021-06-27 13:45:00"
"320349",13,"6.125","2021-06-27 14:00:00"
"320403",13,"4.4","2021-06-27 14:15:00"
"320457",13,"5.6","2021-06-27 14:30:00"
"320511",13,"7.25","2021-06-27 14:45:00"
"320565",13,"7.475","2021-06-27 15:00:00"
"321107",13,"3.5","2021-05-16 11:30:00"
"321161",13,"3.2","2021-05-16 11:45:00"
"321215",13,"2.975","2021-05-16 12:00:00"
"321269",13,"3.2","2021-05-16 12:15:00"
"321323",13,"2.9","2021-05-16 12:30:00"
"321377",13,"2.975","2021-05-16 12:45:00"
"321431",13,"4.1","2021-05-16 13:00:00"
"321485",13,"2.075","2021-05-16 13:15:00"
"321539",13,"3.05","2021-05-16 13:30:00"
"321593",13,"2.3","2021-05-16 13:45:00"
"322265",13,"5.075","2021-03-05 08:45:00"
"322319",13,"4.7","2021-03-05 09:00:00"
"322373",13,"4.25","2021-03-05 09:15:00"
"322427",13,"5.75","2021-03-05 09:30:00"
"322481",13,"5.225","2021-03-05 09:45:00"
"322535",13,"4.1","2021-03-05 10:00:00"
"322589",13,"3.725","2021-03-05 10:15:00"
"322643",13,"4.85","2021-03-05 10:30:00"
"322697",13,"4.175","2021-03-05 10:45:00"
"322751",13,"4.175","2021-03-05 11:00:00"
"323477",13,"5.9","2021-04-07 11:45:00"
"323581",13,"6.65","2021-04-07 12:00:00"
"323578",13,"0","2021-06-27 18:30:00"
"323673",13,"3.575","2021-06-27 18:45:00"
"323778",13,"1.925","2021-06-27 19:00:00"
"323706",13,"6.35","2021-04-07 12:15:00"
"323809",13,"5.825","2021-04-07 12:30:00"
"323917",13,"6.575","2021-04-07 12:45:00"
"323891",13,"2.075","2021-06-27 19:15:00"
"324006",13,"2.3","2021-06-27 19:30:00"
"325359",13,"8.15","2021-03-05 12:30:00"
"325470",13,"7.775","2021-03-05 12:45:00"
"325859",13,"7.625","2021-03-05 13:00:00"
"325637",13,"1.775","2021-05-16 16:45:00"
"325691",13,"1.25","2021-05-16 17:00:00"
"325745",13,"0","2021-05-16 17:15:00"
"325799",13,"1.475","2021-05-16 17:30:00"
"325860",13,"1.325","2021-05-16 17:45:00"
"325968",13,"1.1","2021-05-16 18:00:00"
"326063",13,"0","2021-05-16 18:15:00"
"327146",13,"8.15","2021-04-07 16:15:00"
"327244",13,"8","2021-04-07 16:30:00"
"327263",13,"5.525","2021-06-27 21:45:00"
"327385",13,"5.075","2021-06-27 22:00:00"
"327338",13,"8.15","2021-04-07 16:45:00"
"327452",13,"8.37","2021-04-07 17:00:00"
"327574",13,"7.775","2021-04-07 17:15:00"
"327483",13,"6.725","2021-06-27 22:15:00"
"327581",13,"7.625","2021-06-27 22:30:00"
"327713",13,"6.125","2021-06-27 22:45:00"
"328725",13,"5.3","2021-06-28 01:00:00"
"328779",13,"4.85","2021-06-28 01:15:00"
"328889",13,"0","2021-05-16 19:45:00"
"328943",13,"0","2021-05-16 20:00:00"
"328997",13,"2.075","2021-05-16 20:15:00"
"329085",13,"1.775","2021-05-16 20:30:00"
"329213",13,"1.55","2021-05-16 20:45:00"
"329310",13,"0","2021-05-16 21:00:00"
"329322",13,"5.3","2021-03-05 16:30:00"
"329425",13,"4.1","2021-03-05 16:45:00"
"330522",13,"0","2021-05-16 23:45:00"
"332807",13,"0","2021-05-17 00:00:00"
"330641",13,"2.45","2021-03-05 19:45:00"
"330695",13,"0","2021-03-05 20:00:00"
"330749",13,"0","2021-03-05 20:15:00"
"333102",13,"0","2021-03-05 20:30:00"
"333202",13,"0","2021-03-05 20:45:00"
"330875",13,"4.325","2021-04-07 20:30:00"
"330929",13,"4.55","2021-04-07 20:45:00"
"330983",13,"6.35","2021-04-07 21:00:00"
"332103",13,"2.975","2021-06-28 02:45:00"
"332157",13,"2.825","2021-06-28 03:00:00"
"332211",13,"3.5","2021-06-28 03:15:00"
"332265",13,"3.5","2021-06-28 03:30:00"
"332319",13,"2.9","2021-06-28 03:45:00"
"332373",13,"3.2","2021-06-28 04:00:00"
"332427",13,"2.525","2021-06-28 04:15:00"
"332481",13,"2.975","2021-06-28 04:30:00"
"332535",13,"2.225","2021-06-28 04:45:00"
"332589",13,"2.975","2021-06-28 05:00:00"
"333841",13,"2.375","2021-05-17 03:00:00"
"333948",13,"2.45","2021-05-17 03:15:00"
"333871",13,"0","2021-03-05 22:15:00"
"333978",13,"0","2021-03-05 22:30:00"
"334061",13,"2.15","2021-05-17 03:30:00"
"334168",13,"2.225","2021-05-17 03:45:00"
"334274",13,"2.525","2021-05-17 04:00:00"
"334088",13,"0","2021-03-05 22:45:00"
"334192",13,"2.15","2021-03-05 23:00:00"
"334298",13,"0","2021-03-05 23:15:00"
"335441",13,"4.775","2021-04-08 03:45:00"
"335495",13,"5.15","2021-04-08 04:00:00"
"335549",13,"5","2021-04-08 04:15:00"
"335603",13,"5","2021-04-08 04:30:00"
"335657",13,"5.075","2021-04-08 04:45:00"
"335711",13,"4.25","2021-04-08 05:00:00"
"335765",13,"4.925","2021-04-08 05:15:00"
"335967",13,"2.9","2021-06-28 06:45:00"
"336021",13,"3.5","2021-06-28 07:00:00"
"337103",13,"1.1","2021-05-17 06:00:00"
"337157",13,"1.325","2021-05-17 06:15:00"
"337211",13,"1.625","2021-05-17 06:30:00"
"337265",13,"1.4","2021-05-17 06:45:00"
"337319",13,"0","2021-05-17 07:00:00"
"337373",13,"0","2021-05-17 07:15:00"
"337427",13,"0","2021-05-17 07:30:00"
"337481",13,"0","2021-05-17 07:45:00"
"337535",13,"0","2021-05-17 08:00:00"
"337589",13,"0","2021-05-17 08:15:00"
"337643",13,"0","2021-05-17 08:30:00"
"341148",13,"9.05","2021-04-08 10:00:00"
"341225",13,"7.775","2021-04-08 10:15:00"
"341305",13,"7.775","2021-04-08 10:30:00"
"338883",13,"3.95","2021-03-06 01:30:00"
"338937",13,"4.1","2021-03-06 01:45:00"
"338991",13,"3.125","2021-03-06 02:00:00"
"339045",13,"1.325","2021-03-06 02:15:00"
"339099",13,"0","2021-03-06 02:30:00"
"339153",13,"2.975","2021-03-06 02:45:00"
"339207",13,"2.675","2021-03-06 03:00:00"
"340345",13,"2.825","2021-05-17 11:45:00"
"340399",13,"2.9","2021-05-17 12:00:00"
"340453",13,"3.125","2021-05-17 12:15:00"
"340507",13,"3.95","2021-05-17 12:30:00"
"340561",13,"4.55","2021-05-17 12:45:00"
"340615",13,"2.525","2021-05-17 13:00:00"
"340669",13,"4.25","2021-05-17 13:15:00"
"340723",13,"8.08","2021-05-17 13:30:00"
"340777",13,"6.65","2021-05-17 13:45:00"
"343054",13,"6.35","2021-05-17 14:00:00"
"343180",13,"6.65","2021-05-17 14:15:00"
"341783",13,"8.6","2021-04-08 12:00:00"
"341862",13,"7.925","2021-04-08 12:15:00"
"341942",13,"7.475","2021-04-08 12:30:00"
"342025",13,"7.25","2021-04-08 12:45:00"
"342097",13,"7.625","2021-04-08 13:00:00"
"347559",13,"1.85","2021-05-17 22:00:00"
"347613",13,"0","2021-05-17 22:15:00"
"347667",13,"0","2021-05-17 22:30:00"
"347721",13,"0","2021-05-17 22:45:00"
"347775",13,"0","2021-05-17 23:00:00"
"347935",13,"2.975","2021-03-06 11:00:00"
"347989",13,"4.325","2021-03-06 11:15:00"
"348043",13,"3.725","2021-03-06 11:30:00"
"348097",13,"3.8","2021-03-06 11:45:00"
"348151",13,"3.725","2021-03-06 12:00:00"
"348745",13,"6.425","2021-03-06 14:45:00"
"351832",13,"7.1","2021-03-06 15:00:00"
"351948",13,"5.825","2021-03-06 15:15:00"
"348843",13,"5.3","2021-04-08 19:30:00"
"348897",13,"5.6","2021-04-08 19:45:00"
"348951",13,"5","2021-04-08 20:00:00"
"349005",13,"4.85","2021-04-08 20:15:00"
"349085",13,"4.175","2021-04-08 20:30:00"
"349231",13,"4.4","2021-04-08 20:45:00"
"349151",13,"6.875","2021-06-28 20:00:00"
"349295",13,"5.75","2021-06-28 20:15:00"
"349502",13,"6.8","2021-06-28 20:30:00"
"350496",13,"0","2021-05-18 01:15:00"
"350674",13,"1.85","2021-05-18 01:30:00"
"350828",13,"0","2021-05-18 01:45:00"
"350473",13,"8.3","2021-04-08 22:45:00"
"350627",13,"7.7","2021-04-08 23:00:00"
"350797",13,"7.1","2021-04-08 23:15:00"
"350544",13,"7.1","2021-06-28 22:00:00"
"350704",13,"8.22","2021-06-28 22:15:00"
"350855",13,"7.85","2021-06-28 22:30:00"
"351009",13,"6.2","2021-06-28 22:45:00"
"351173",13,"6.125","2021-06-28 23:00:00"
"352053",13,"5.075","2021-03-06 15:30:00"
"352155",13,"4.4","2021-03-06 15:45:00"
"352132",13,"2","2021-05-18 04:30:00"
"352246",13,"3.05","2021-05-18 04:45:00"
"352259",13,"4.4","2021-03-06 16:00:00"
"352377",13,"4.25","2021-03-06 16:15:00"
"352493",13,"3.8","2021-03-06 16:30:00"
"352342",13,"3.425","2021-05-18 05:00:00"
"352449",13,"3.65","2021-05-18 05:15:00"
"352537",13,"2.525","2021-05-18 05:30:00"
"353662",13,"1.925","2021-05-18 07:45:00"
"353758",13,"1.925","2021-05-18 08:00:00"
"353826",13,"2.675","2021-03-06 18:45:00"
"353943",13,"2.6","2021-03-06 19:00:00"
"353883",13,"1.775","2021-05-18 08:15:00"
"355827",13,"2.375","2021-05-18 08:30:00"
"355881",13,"2.45","2021-05-18 08:45:00"
"354033",13,"3.5","2021-03-06 19:15:00"
"354130",13,"3.05","2021-03-06 19:30:00"
"356762",13,"2.375","2021-03-06 19:45:00"
"355233",13,"7.625","2021-06-29 02:30:00"
"355287",13,"7.7","2021-06-29 02:45:00"
"355341",13,"6.2","2021-06-29 03:00:00"
"355395",13,"5.6","2021-06-29 03:15:00"
"355449",13,"6.275","2021-06-29 03:30:00"
"355503",13,"6.425","2021-06-29 03:45:00"
"355557",13,"7.1","2021-06-29 04:00:00"
"355611",13,"5.75","2021-06-29 04:15:00"
"355665",13,"5","2021-06-29 04:30:00"
"355719",13,"4.7","2021-06-29 04:45:00"
"356313",13,"2.525","2021-05-18 10:45:00"
"356367",13,"2.9","2021-05-18 11:00:00"
"356421",13,"3.05","2021-05-18 11:15:00"
"356475",13,"3.2","2021-05-18 11:30:00"
"356529",13,"3.425","2021-05-18 11:45:00"
"356583",13,"2.9","2021-05-18 12:00:00"
"356637",13,"3.35","2021-05-18 12:15:00"
"356711",13,"2.975","2021-05-18 12:30:00"
"356808",13,"3.2","2021-05-18 12:45:00"
"357397",13,"3.425","2021-05-18 13:00:00"
"357552",13,"3.05","2021-05-18 13:15:00"
"358029",13,"0","2021-03-06 23:00:00"
"358208",13,"0","2021-03-06 23:15:00"
"358384",13,"0","2021-03-06 23:30:00"
"358128",13,"3.35","2021-05-18 14:00:00"
"358284",13,"3.8","2021-05-18 14:15:00"
"358445",13,"5.825","2021-05-18 14:30:00"
"358550",13,"3.2","2021-06-29 06:15:00"
"358866",13,"4.025","2021-06-29 06:30:00"
"359049",13,"3.95","2021-06-29 06:45:00"
"358631",13,"3.275","2021-05-18 14:45:00"
"358783",13,"4.025","2021-05-18 15:00:00"
"359852",13,"1.55","2021-05-18 17:15:00"
"359952",13,"2.375","2021-05-18 17:30:00"
"359832",13,"4.475","2021-04-09 07:00:00"
"360026",13,"2","2021-04-09 07:15:00"
"360132",13,"3.275","2021-04-09 07:30:00"
"360127",13,"4.925","2021-06-29 08:15:00"
"360230",13,"5.075","2021-06-29 08:30:00"
"360245",13,"2.825","2021-04-09 07:45:00"
"360351",13,"3.35","2021-04-09 08:00:00"
"360457",13,"3.725","2021-04-09 08:15:00"
"360915",13,"0","2021-03-07 00:30:00"
"361029",13,"1.325","2021-03-07 00:45:00"
"360885",13,"2","2021-05-18 17:45:00"
"360979",13,"1.925","2021-05-18 18:00:00"
"361076",13,"2.3","2021-05-18 18:15:00"
"361156",13,"0","2021-03-07 01:00:00"
"361267",13,"0","2021-03-07 01:15:00"
"361368",13,"3.125","2021-03-07 01:30:00"
"361175",13,"2.225","2021-05-18 18:30:00"
"361280",13,"1.7000000000000002","2021-05-18 18:45:00"
"361394",13,"1.85","2021-05-18 19:00:00"
"363695",13,"7.325","2021-06-29 12:45:00"
"363812",13,"6.5","2021-06-29 13:00:00"
"363696",13,"4.625","2021-04-09 10:15:00"
"363796",13,"5.525","2021-04-09 10:30:00"
"318347",13,"5.75","2021-03-05 04:30:00"
"318401",13,"3.8","2021-03-05 04:45:00"
"318455",13,"3.575","2021-03-05 05:00:00"
"318509",13,"3.725","2021-03-05 05:15:00"
"318563",13,"3.875","2021-03-05 05:30:00"
"318617",13,"5.15","2021-03-05 05:45:00"
"318671",13,"7.025","2021-03-05 06:00:00"
"318725",13,"6.95","2021-03-05 06:15:00"
"318779",13,"7.1","2021-03-05 06:30:00"
"319391",13,"6.875","2021-04-07 09:00:00"
"319445",13,"7.325","2021-04-07 09:15:00"
"319499",13,"6.425","2021-04-07 09:30:00"
"319553",13,"6.425","2021-04-07 09:45:00"
"319667",13,"7.325","2021-04-07 10:00:00"
"319811",13,"7.85","2021-04-07 10:15:00"
"319789",13,"4.1","2021-06-27 12:00:00"
"319865",13,"5.075","2021-06-27 12:15:00"
"319941",13,"5.825","2021-06-27 12:30:00"
"319998",13,"7.175","2021-04-07 10:30:00"
"320161",13,"6.65","2021-04-07 10:45:00"
"320619",13,"7.625","2021-06-27 15:15:00"
"320673",13,"5.525","2021-06-27 15:30:00"
"320727",13,"5.375","2021-06-27 15:45:00"
"322781",13,"5.525","2021-06-27 16:00:00"
"322835",13,"5.075","2021-06-27 16:15:00"
"320837",13,"2.525","2021-05-16 10:15:00"
"320891",13,"2.975","2021-05-16 10:30:00"
"320945",13,"2.825","2021-05-16 10:45:00"
"320999",13,"3.425","2021-05-16 11:00:00"
"321053",13,"3.575","2021-05-16 11:15:00"
"321647",13,"0","2021-05-16 14:00:00"
"321701",13,"0","2021-05-16 14:15:00"
"321755",13,"3.275","2021-05-16 14:30:00"
"321833",13,"4.925","2021-03-05 06:45:00"
"321887",13,"4.175","2021-03-05 07:00:00"
"321941",13,"3.95","2021-03-05 07:15:00"
"321995",13,"4.475","2021-03-05 07:30:00"
"322049",13,"4.775","2021-03-05 07:45:00"
"322103",13,"5.45","2021-03-05 08:00:00"
"322157",13,"5.375","2021-03-05 08:15:00"
"322211",13,"4.925","2021-03-05 08:30:00"
"322889",13,"4.475","2021-06-27 16:30:00"
"322943",13,"5.375","2021-06-27 16:45:00"
"322997",13,"4.1","2021-06-27 17:00:00"
"323051",13,"3.05","2021-06-27 17:15:00"
"323134",13,"2.9","2021-06-27 17:30:00"
"323153",13,"6.8","2021-04-07 11:00:00"
"323266",13,"6.725","2021-04-07 11:15:00"
"323377",13,"6.05","2021-04-07 11:30:00"
"323244",13,"2.375","2021-06-27 17:45:00"
"323351",13,"3.2","2021-06-27 18:00:00"
"323467",13,"2.375","2021-06-27 18:15:00"
"324516",13,"6.5","2021-04-07 14:15:00"
"324579",13,"5.675","2021-04-07 14:30:00"
"324633",13,"6.875","2021-04-07 14:45:00"
"324687",13,"6.8","2021-04-07 15:00:00"
"324741",13,"5.3","2021-04-07 15:15:00"
"326817",13,"7.625","2021-04-07 15:30:00"
"326919",13,"6.725","2021-04-07 15:45:00"
"327032",13,"6.5","2021-04-07 16:00:00"
"324836",13,"3.125","2021-05-16 14:45:00"
"324935",13,"2.45","2021-05-16 15:00:00"
"325070",13,"3.5","2021-05-16 15:15:00"
"325967",13,"7.025","2021-03-05 13:15:00"
"326088",13,"6.2","2021-03-05 13:30:00"
"326193",13,"6.95","2021-03-05 13:45:00"
"326174",13,"1.25","2021-05-16 18:30:00"
"326277",13,"0","2021-05-16 18:45:00"
"326395",13,"0","2021-05-16 19:00:00"
"326305",13,"5.075","2021-03-05 14:00:00"
"326404",13,"4.1","2021-03-05 14:15:00"
"328781",13,"0","2021-05-16 19:15:00"
"328835",13,"0","2021-05-16 19:30:00"
"327671",13,"7.475","2021-04-07 17:30:00"
"327752",13,"7.7","2021-04-07 17:45:00"
"327869",13,"6.05","2021-06-27 23:00:00"
"328019",13,"5.15","2021-06-27 23:15:00"
"327833",13,"7.25","2021-04-07 18:00:00"
"327920",13,"6.275","2021-04-07 18:15:00"
"328000",13,"6.275","2021-04-07 18:30:00"
"328104",13,"5.375","2021-04-07 18:45:00"
"328204",13,"4.4","2021-04-07 19:00:00"
"329426",13,"1.625","2021-05-16 21:15:00"
"329549",13,"0","2021-05-16 21:30:00"
"329519",13,"3.425","2021-03-05 17:00:00"
"329632",13,"4.625","2021-03-05 17:15:00"
"329742",13,"4.25","2021-03-05 17:30:00"
"329651",13,"0","2021-05-16 21:45:00"
"329757",13,"0","2021-05-16 22:00:00"
"329864",13,"0","2021-05-16 22:15:00"
"329852",13,"3.8","2021-03-05 17:45:00"
"329943",13,"3.275","2021-03-05 18:00:00"
"331623",13,"4.85","2021-06-28 01:30:00"
"331708",13,"2.825","2021-06-28 01:45:00"
"331806",13,"2.525","2021-06-28 02:00:00"
"331648",13,"8.97","2021-04-07 23:45:00"
"331777",13,"6.8","2021-04-08 00:00:00"
"331878",13,"5.825","2021-04-08 00:15:00"
"331918",13,"2.075","2021-06-28 02:15:00"
"332023",13,"2.15","2021-06-28 02:30:00"
"331991",13,"6.275","2021-04-08 00:30:00"
"334793",13,"5.75","2021-04-08 00:45:00"
"332643",13,"3.35","2021-06-28 05:15:00"
"332697",13,"5.45","2021-06-28 05:30:00"
"332751",13,"5.45","2021-06-28 05:45:00"
"335805",13,"4.1","2021-06-28 06:00:00"
"335859",13,"4.175","2021-06-28 06:15:00"
"335913",13,"2.825","2021-06-28 06:30:00"
"332861",13,"0.9500000000000001","2021-05-17 00:15:00"
"332915",13,"0","2021-05-17 00:30:00"
"332969",13,"1.775","2021-05-17 00:45:00"
"333023",13,"1.925","2021-05-17 01:00:00"
"333097",13,"1.925","2021-05-17 01:15:00"
"334368",13,"2.225","2021-05-17 04:15:00"
"334472",13,"2.3","2021-05-17 04:30:00"
"334411",13,"0","2021-03-05 23:30:00"
"334505",13,"2.075","2021-03-05 23:45:00"
"334559",13,"0","2021-03-06 00:00:00"
"334613",13,"0","2021-03-06 00:15:00"
"334667",13,"0","2021-03-06 00:30:00"
"334721",13,"0","2021-03-06 00:45:00"
"334775",13,"0","2021-03-06 01:00:00"
"338829",13,"4.25","2021-03-06 01:15:00"
"336075",13,"3.425","2021-06-28 07:15:00"
"336129",13,"2.75","2021-06-28 07:30:00"
"336183",13,"3.125","2021-06-28 07:45:00"
"336237",13,"3.8","2021-06-28 08:00:00"
"336291",13,"4.625","2021-06-28 08:15:00"
"336345",13,"4.1","2021-06-28 08:30:00"
"336399",13,"3.125","2021-06-28 08:45:00"
"336453",13,"3.05","2021-06-28 09:00:00"
"336507",13,"3.725","2021-06-28 09:15:00"
"336561",13,"4.1","2021-06-28 09:30:00"
"337697",13,"0","2021-05-17 08:45:00"
"337751",13,"0","2021-05-17 09:00:00"
"337819",13,"4.925","2021-04-08 05:30:00"
"337873",13,"4.1","2021-04-08 05:45:00"
"337927",13,"5.525","2021-04-08 06:00:00"
"337981",13,"7.25","2021-04-08 06:15:00"
"338035",13,"7.025","2021-04-08 06:30:00"
"338089",13,"5.075","2021-04-08 06:45:00"
"338143",13,"5.075","2021-04-08 07:00:00"
"338197",13,"5.825","2021-04-08 07:15:00"
"339261",13,"2.3","2021-03-06 03:15:00"
"339315",13,"0","2021-03-06 03:30:00"
"339369",13,"1.625","2021-03-06 03:45:00"
"339423",13,"1.7000000000000002","2021-03-06 04:00:00"
"339477",13,"2.375","2021-03-06 04:15:00"
"339531",13,"2.075","2021-03-06 04:30:00"
"339585",13,"2","2021-03-06 04:45:00"
"339639",13,"2.75","2021-03-06 05:00:00"
"339693",13,"2.825","2021-03-06 05:15:00"
"339747",13,"2.45","2021-03-06 05:30:00"
"340885",13,"3.65","2021-06-28 11:00:00"
"340939",13,"4.025","2021-06-28 11:15:00"
"340993",13,"5.075","2021-06-28 11:30:00"
"341047",13,"4.025","2021-06-28 11:45:00"
"341101",13,"4.775","2021-06-28 12:00:00"
"341199",13,"4.7","2021-06-28 12:15:00"
"341359",13,"5.6","2021-06-28 12:30:00"
"341526",13,"5.375","2021-06-28 12:45:00"
"341390",13,"7.625","2021-04-08 10:45:00"
"341469",13,"7.4","2021-04-08 11:00:00"
"342570",13,"7.175","2021-04-08 14:30:00"
"344817",13,"6.95","2021-04-08 14:45:00"
"344871",13,"6.875","2021-04-08 15:00:00"
"342749",13,"6.2","2021-06-28 15:00:00"
"345803",13,"7.85","2021-06-28 15:15:00"
"342801",13,"2.375","2021-03-06 05:45:00"
"342855",13,"2.375","2021-03-06 06:00:00"
"342909",13,"2.45","2021-03-06 06:15:00"
"342982",13,"1.775","2021-03-06 06:30:00"
"343077",13,"0","2021-03-06 06:45:00"
"343172",13,"1.025","2021-03-06 07:00:00"
"343816",13,"0","2021-03-06 08:30:00"
"343946",13,"0","2021-03-06 08:45:00"
"343826",13,"6.95","2021-05-17 15:45:00"
"343917",13,"6.425","2021-05-17 16:00:00"
"344028",13,"7.7","2021-05-17 16:15:00"
"344144",13,"7.175","2021-05-17 16:30:00"
"344249",13,"6.575","2021-05-17 16:45:00"
"344053",13,"0","2021-03-06 09:00:00"
"344151",13,"1.625","2021-03-06 09:15:00"
"344262",13,"0.73","2021-03-06 09:30:00"
"344749",13,"2.525","2021-05-17 18:15:00"
"346803",13,"2.225","2021-05-17 18:30:00"
"344925",13,"7.175","2021-04-08 15:15:00"
"344979",13,"6.575","2021-04-08 15:30:00"
"345033",13,"5.45","2021-04-08 15:45:00"
"345087",13,"5.75","2021-04-08 16:00:00"
"345141",13,"5.675","2021-04-08 16:15:00"
"345195",13,"6.875","2021-04-08 16:30:00"
"345249",13,"5.825","2021-04-08 16:45:00"
"345857",13,"6.65","2021-06-28 15:30:00"
"345911",13,"5.825","2021-06-28 15:45:00"
"345965",13,"6.5","2021-06-28 16:00:00"
"346019",13,"7.775","2021-06-28 16:15:00"
"346073",13,"6.8","2021-06-28 16:30:00"
"346127",13,"7.325","2021-06-28 16:45:00"
"346181",13,"7.775","2021-06-28 17:00:00"
"346235",13,"6.575","2021-06-28 17:15:00"
"346289",13,"6.575","2021-06-28 17:30:00"
"346343",13,"7.325","2021-06-28 17:45:00"
"346397",13,"8.75","2021-06-28 18:00:00"
"347019",13,"2.075","2021-05-17 19:30:00"
"347073",13,"2.375","2021-05-17 19:45:00"
"347127",13,"2.225","2021-05-17 20:00:00"
"347181",13,"1.625","2021-05-17 20:15:00"
"347235",13,"0","2021-05-17 20:30:00"
"347289",13,"2.3","2021-05-17 20:45:00"
"347343",13,"1.925","2021-05-17 21:00:00"
"347397",13,"1.625","2021-05-17 21:15:00"
"347451",13,"1.625","2021-05-17 21:30:00"
"347505",13,"2.15","2021-05-17 21:45:00"
"349262",13,"0","2021-05-17 23:15:00"
"349397",13,"0","2021-05-17 23:30:00"
"349556",13,"0","2021-05-17 23:45:00"
"349383",13,"3.8","2021-04-08 21:00:00"
"349536",13,"4.325","2021-04-08 21:15:00"
"349698",13,"6.65","2021-06-28 20:45:00"
"349892",13,"6.575","2021-06-28 21:00:00"
"349706",13,"2.6","2021-05-18 00:00:00"
"349854",13,"2.45","2021-05-18 00:15:00"
"350995",13,"0","2021-05-18 02:00:00"
"351165",13,"0","2021-05-18 02:15:00"
"350972",13,"6.8","2021-04-08 23:30:00"
"351124",13,"6.425","2021-04-08 23:45:00"
"351284",13,"4.625","2021-06-28 23:15:00"
"351427",13,"4.625","2021-06-28 23:30:00"
"351279",13,"0","2021-05-18 02:30:00"
"351367",13,"2.3","2021-05-18 02:45:00"
"351454",13,"2.375","2021-05-18 03:00:00"
"352637",13,"2.375","2021-03-06 16:45:00"
"352771",13,"3.65","2021-03-06 17:00:00"
"352630",13,"1.7000000000000002","2021-05-18 05:45:00"
"352767",13,"0","2021-05-18 06:00:00"
"352784",13,"6.2","2021-04-09 00:00:00"
"353033",13,"5.975","2021-04-09 00:15:00"
"353310",13,"5.9","2021-04-09 00:30:00"
"352886",13,"0","2021-05-18 06:15:00"
"353000",13,"0","2021-05-18 06:30:00"
"353129",13,"0","2021-05-18 06:45:00"
"354005",13,"5","2021-04-09 01:15:00"
"354129",13,"4.4","2021-04-09 01:30:00"
"354193",13,"2.825","2021-04-09 01:45:00"
"354247",13,"2.75","2021-04-09 02:00:00"
"354301",13,"2.675","2021-04-09 02:15:00"
"354355",13,"3.2","2021-04-09 02:30:00"
"354409",13,"3.05","2021-04-09 02:45:00"
"354519",13,"5.15","2021-04-09 03:00:00"
"354632",13,"5.975","2021-04-09 03:15:00"
"354770",13,"4.4","2021-04-09 03:30:00"
"354864",13,"1.925","2021-04-09 03:45:00"
"355773",13,"4.025","2021-06-29 05:00:00"
"357481",13,"4.4","2021-06-29 05:15:00"
"355935",13,"0","2021-05-18 09:00:00"
"355989",13,"2.75","2021-05-18 09:15:00"
"356043",13,"2.75","2021-05-18 09:30:00"
"356097",13,"2.75","2021-05-18 09:45:00"
"356151",13,"2.525","2021-05-18 10:00:00"
"356205",13,"2.375","2021-05-18 10:15:00"
"356259",13,"2.3","2021-05-18 10:30:00"
"357688",13,"0","2021-03-06 22:30:00"
"357872",13,"0","2021-03-06 22:45:00"
"357818",13,"2.45","2021-05-18 13:30:00"
"357976",13,"3.875","2021-05-18 13:45:00"
"357658",13,"4.25","2021-06-29 05:30:00"
"357952",13,"3.65","2021-06-29 05:45:00"
"358249",13,"3.35","2021-06-29 06:00:00"
"358231",13,"2.9","2021-04-09 05:15:00"
"358499",13,"3.125","2021-04-09 05:30:00"
"359274",13,"2.825","2021-05-18 16:00:00"
"359388",13,"2.825","2021-05-18 16:15:00"
"359436",13,"3.875","2021-04-09 06:30:00"
"359630",13,"4.85","2021-04-09 06:45:00"
"359524",13,"2","2021-05-18 16:30:00"
"359639",13,"2.15","2021-05-18 16:45:00"
"359741",13,"1.85","2021-05-18 17:00:00"
"359628",13,"4.1","2021-06-29 07:30:00"
"359855",13,"4.4","2021-06-29 07:45:00"
"360017",13,"4.4","2021-06-29 08:00:00"
"361477",13,"0.5","2021-03-07 01:45:00"
"361571",13,"1.025","2021-03-07 02:00:00"
"361502",13,"1.85","2021-05-18 19:15:00"
"361616",13,"1.925","2021-05-18 19:30:00"
"361694",13,"0.9500000000000001","2021-03-07 02:15:00"
"361811",13,"1.625","2021-03-07 02:30:00"
"361907",13,"2","2021-03-07 02:45:00"
"361716",13,"2.15","2021-05-18 19:45:00"
"361816",13,"2.45","2021-05-18 20:00:00"
"361935",13,"2.525","2021-05-18 20:15:00"
"362555",13,"2","2021-03-07 04:15:00"
"362585",13,"2.075","2021-05-18 21:45:00"
"363879",13,"5.525","2021-04-09 10:45:00"
"363968",13,"6.275","2021-04-09 11:00:00"
"364053",13,"5.675","2021-04-09 11:15:00"
"363959",13,"5.75","2021-06-29 13:15:00"
"364115",13,"5.975","2021-06-29 13:30:00"
"364260",13,"6.2","2021-06-29 13:45:00"
"368090",13,"4.55","2021-06-29 17:00:00"
"368248",13,"4.55","2021-06-29 17:15:00"
"368409",13,"3.125","2021-06-29 17:30:00"
"368146",13,"4.325","2021-04-09 17:15:00"
"368226",13,"5.9","2021-04-09 17:30:00"
"368307",13,"4.55","2021-04-09 17:45:00"
"368389",13,"2.75","2021-04-09 18:00:00"
"368468",13,"2.75","2021-04-09 18:15:00"
"368527",13,"3.425","2021-06-29 17:45:00"
"368581",13,"3.35","2021-06-29 18:00:00"
"368635",13,"3.5","2021-06-29 18:15:00"
"369147",13,"1.925","2021-05-19 04:30:00"
"369201",13,"2.225","2021-05-19 04:45:00"
"369255",13,"1.475","2021-05-19 05:00:00"
"369309",13,"0","2021-05-19 05:15:00"
"369363",13,"1.475","2021-05-19 05:30:00"
"369417",13,"0","2021-05-19 05:45:00"
"369471",13,"0","2021-05-19 06:00:00"
"369525",13,"0","2021-05-19 06:15:00"
"369579",13,"0","2021-05-19 06:30:00"
"369633",13,"0","2021-05-19 06:45:00"
"370959",13,"3.275","2021-06-29 21:00:00"
"371134",13,"2.975","2021-06-29 21:15:00"
"371008",13,"2.225","2021-04-09 19:15:00"
"371151",13,"2.375","2021-04-09 19:30:00"
"371321",13,"3.275","2021-04-09 19:45:00"
"371126",13,"3.5","2021-03-07 12:15:00"
"371262",13,"1.775","2021-03-07 12:30:00"
"371422",13,"1.4","2021-03-07 12:45:00"
"371317",13,"3.575","2021-06-29 21:30:00"
"371470",13,"3.8","2021-06-29 21:45:00"
"371623",13,"3.8","2021-06-29 22:00:00"
"371955",13,"12.05","2021-03-07 13:30:00"
"372098",13,"13.85","2021-03-07 13:45:00"
"372274",13,"8.9","2021-03-07 14:00:00"
"372108",13,"2.975","2021-06-29 22:45:00"
"372255",13,"2.9","2021-06-29 23:00:00"
"372378",13,"2.675","2021-06-29 23:15:00"
"372294",13,"2.975","2021-04-09 21:15:00"
"372410",13,"2.9","2021-04-09 21:30:00"
"373821",13,"6.35","2021-03-07 14:15:00"
"373881",13,"6.65","2021-03-07 14:30:00"
"373389",13,"3.125","2021-05-19 10:15:00"
"373443",13,"4.025","2021-05-19 10:30:00"
"373497",13,"3.275","2021-05-19 10:45:00"
"373551",13,"3.425","2021-05-19 11:00:00"
"373605",13,"3.8","2021-05-19 11:15:00"
"373659",13,"4.175","2021-05-19 11:30:00"
"373713",13,"3.5","2021-05-19 11:45:00"
"373767",13,"3.125","2021-05-19 12:00:00"
"375113",13,"4.025","2021-05-19 12:15:00"
"375330",13,"2.225","2021-05-19 12:30:00"
"374682",13,"6.275","2021-03-07 16:00:00"
"374886",13,"6.275","2021-03-07 16:15:00"
"375087",13,"5.15","2021-03-07 16:30:00"
"374825",13,"2.225","2021-06-30 01:30:00"
"375009",13,"2.15","2021-06-30 01:45:00"
"374823",13,"1.775","2021-04-09 23:45:00"
"374968",13,"1.925","2021-04-10 00:00:00"
"375160",13,"1.625","2021-04-10 00:15:00"
"375353",13,"1.7000000000000002","2021-04-10 00:30:00"
"375627",13,"1.775","2021-04-10 00:45:00"
"376358",13,"3.2","2021-05-19 14:00:00"
"376511",13,"2.975","2021-05-19 14:15:00"
"376546",13,"2.6","2021-06-30 03:15:00"
"376809",13,"0","2021-06-30 03:30:00"
"377117",13,"2.225","2021-06-30 03:45:00"
"376628",13,"1.475","2021-04-10 02:15:00"
"376808",13,"1.4","2021-04-10 02:30:00"
"376965",13,"2.9","2021-04-10 02:45:00"
"376679",13,"4.025","2021-05-19 14:30:00"
"376850",13,"3.2","2021-05-19 14:45:00"
"377024",13,"1.625","2021-05-19 15:00:00"
"377875",13,"3.35","2021-05-19 17:00:00"
"377982",13,"3.875","2021-05-19 17:15:00"
"378104",13,"3.95","2021-05-19 17:30:00"
"378079",13,"1.1","2021-04-10 04:15:00"
"378188",13,"1.4","2021-04-10 04:30:00"
"378295",13,"1.625","2021-04-10 04:45:00"
"378210",13,"3.125","2021-05-19 17:45:00"
"378315",13,"3.35","2021-05-19 18:00:00"
"378409",13,"1.775","2021-04-10 05:00:00"
"378522",13,"1.7000000000000002","2021-04-10 05:15:00"
"379083",13,"2.3","2021-05-19 19:45:00"
"379190",13,"2.15","2021-05-19 20:00:00"
"379146",13,"0","2021-04-10 06:45:00"
"379274",13,"0","2021-04-10 07:00:00"
"379433",13,"0.28","2021-04-10 07:15:00"
"379302",13,"0","2021-05-19 20:15:00"
"379465",13,"1.4","2021-05-19 20:30:00"
"379643",13,"0","2021-05-19 20:45:00"
"379673",13,"0","2021-04-10 07:30:00"
"379924",13,"0","2021-04-10 07:45:00"
"380240",13,"2.6","2021-03-07 20:00:00"
"380382",13,"2.9","2021-03-07 20:15:00"
"380302",13,"1.25","2021-06-30 05:15:00"
"380415",13,"2.15","2021-06-30 05:30:00"
"380505",13,"2.075","2021-03-07 20:30:00"
"380608",13,"0","2021-03-07 20:45:00"
"380708",13,"0.58","2021-03-07 21:00:00"
"380519",13,"2.375","2021-06-30 05:45:00"
"380627",13,"1.925","2021-06-30 06:00:00"
"380742",13,"2.225","2021-06-30 06:15:00"
"381364",13,"1.475","2021-03-07 22:30:00"
"381471",13,"0","2021-03-07 22:45:00"
"381578",13,"0","2021-03-07 23:00:00"
"381384",13,"1.85","2021-06-30 07:45:00"
"381492",13,"2","2021-06-30 08:00:00"
"381599",13,"0","2021-06-30 08:15:00"
"381690",13,"0","2021-03-07 23:15:00"
"382722",13,"0","2021-03-07 23:30:00"
"381705",13,"0","2021-06-30 08:30:00"
"342227",13,"6.8","2021-06-28 13:45:00"
"342380",13,"6.725","2021-06-28 14:00:00"
"342177",13,"7.1","2021-04-08 13:15:00"
"342255",13,"7.1","2021-04-08 13:30:00"
"342338",13,"7.025","2021-04-08 13:45:00"
"342420",13,"6.5","2021-04-08 14:00:00"
"342493",13,"7.025","2021-04-08 14:15:00"
"342568",13,"6.725","2021-06-28 14:15:00"
"342641",13,"6.125","2021-06-28 14:30:00"
"342695",13,"6.65","2021-06-28 14:45:00"
"343264",13,"0","2021-03-06 07:15:00"
"343385",13,"0","2021-03-06 07:30:00"
"343302",13,"6.35","2021-05-17 14:30:00"
"343399",13,"5.525","2021-05-17 14:45:00"
"343480",13,"0","2021-03-06 07:45:00"
"343588",13,"0","2021-03-06 08:00:00"
"343697",13,"0","2021-03-06 08:15:00"
"343522",13,"7.1","2021-05-17 15:00:00"
"343627",13,"6.125","2021-05-17 15:15:00"
"343728",13,"5.75","2021-05-17 15:30:00"
"344358",13,"5.825","2021-05-17 17:00:00"
"344451",13,"5.375","2021-05-17 17:15:00"
"344369",13,"2.3","2021-03-06 09:45:00"
"344490",13,"2.375","2021-03-06 10:00:00"
"344574",13,"4.925","2021-05-17 17:30:00"
"344641",13,"3.5","2021-05-17 17:45:00"
"344695",13,"2.75","2021-05-17 18:00:00"
"344592",13,"1.85","2021-03-06 10:15:00"
"347827",13,"3.125","2021-03-06 10:30:00"
"347881",13,"3.05","2021-03-06 10:45:00"
"345303",13,"5.6","2021-04-08 17:00:00"
"345357",13,"5.675","2021-04-08 17:15:00"
"345411",13,"4.325","2021-04-08 17:30:00"
"345465",13,"4.325","2021-04-08 17:45:00"
"345519",13,"4.325","2021-04-08 18:00:00"
"345573",13,"4.25","2021-04-08 18:15:00"
"345627",13,"4.1","2021-04-08 18:30:00"
"345681",13,"4.325","2021-04-08 18:45:00"
"345735",13,"4.55","2021-04-08 19:00:00"
"348786",13,"4.7","2021-04-08 19:15:00"
"346451",13,"7.325","2021-06-28 18:15:00"
"346505",13,"6.725","2021-06-28 18:30:00"
"346559",13,"7.1","2021-06-28 18:45:00"
"346613",13,"6.575","2021-06-28 19:00:00"
"346667",13,"6.275","2021-06-28 19:15:00"
"346721",13,"6.65","2021-06-28 19:30:00"
"346775",13,"5.9","2021-06-28 19:45:00"
"346857",13,"2.375","2021-05-17 18:45:00"
"346911",13,"1.625","2021-05-17 19:00:00"
"346965",13,"1.775","2021-05-17 19:15:00"
"348205",13,"2.975","2021-03-06 12:15:00"
"348259",13,"2.825","2021-03-06 12:30:00"
"348313",13,"3.05","2021-03-06 12:45:00"
"348367",13,"3.875","2021-03-06 13:00:00"
"348421",13,"3.275","2021-03-06 13:15:00"
"348475",13,"2.9","2021-03-06 13:30:00"
"348529",13,"3.125","2021-03-06 13:45:00"
"348583",13,"5.375","2021-03-06 14:00:00"
"348637",13,"2.9","2021-03-06 14:15:00"
"348691",13,"5.375","2021-03-06 14:30:00"
"349685",13,"7.025","2021-04-08 21:30:00"
"349836",13,"7.4","2021-04-08 21:45:00"
"349977",13,"7.775","2021-04-08 22:00:00"
"350012",13,"1.775","2021-05-18 00:30:00"
"350162",13,"2.075","2021-05-18 00:45:00"
"350332",13,"1.625","2021-05-18 01:00:00"
"350143",13,"8.45","2021-04-08 22:15:00"
"350301",13,"8.75","2021-04-08 22:30:00"
"350079",13,"6.425","2021-06-28 21:15:00"
"350221",13,"6.8","2021-06-28 21:30:00"
"350400",13,"6.8","2021-06-28 21:45:00"
"351542",13,"0","2021-05-18 03:15:00"
"351629",13,"0","2021-05-18 03:30:00"
"351567",13,"5.225","2021-06-28 23:45:00"
"351693",13,"6.5","2021-06-29 00:00:00"
"351747",13,"6.875","2021-06-29 00:15:00"
"354461",13,"5.675","2021-06-29 00:30:00"
"354554",13,"5.825","2021-06-29 00:45:00"
"354659",13,"5.375","2021-06-29 01:00:00"
"351807",13,"0","2021-05-18 03:45:00"
"351907",13,"2.225","2021-05-18 04:00:00"
"352002",13,"1.85","2021-05-18 04:15:00"
"352914",13,"4.1","2021-03-06 17:15:00"
"353095",13,"4.1","2021-03-06 17:30:00"
"353220",13,"4.325","2021-03-06 17:45:00"
"353270",13,"2.075","2021-05-18 07:00:00"
"353414",13,"2.075","2021-05-18 07:15:00"
"353549",13,"2.075","2021-05-18 07:30:00"
"353349",13,"3.875","2021-03-06 18:00:00"
"353467",13,"4.325","2021-03-06 18:15:00"
"353621",13,"3.5","2021-03-06 18:30:00"
"353571",13,"5.375","2021-04-09 00:45:00"
"353842",13,"5.075","2021-04-09 01:00:00"
"354738",13,"5.975","2021-06-29 01:15:00"
"354859",13,"8.15","2021-06-29 01:30:00"
"354974",13,"4.1","2021-04-09 04:00:00"
"355084",13,"3.65","2021-04-09 04:15:00"
"354965",13,"7.25","2021-06-29 01:45:00"
"355071",13,"6.35","2021-06-29 02:00:00"
"355174",13,"6.5","2021-06-29 02:15:00"
"357367",13,"3.875","2021-04-09 04:30:00"
"357664",13,"3.65","2021-04-09 04:45:00"
"357870",13,"3.725","2021-04-09 05:00:00"
"356879",13,"2.525","2021-03-06 20:00:00"
"356933",13,"2.075","2021-03-06 20:15:00"
"356987",13,"3.2","2021-03-06 20:30:00"
"357041",13,"4.475","2021-03-06 20:45:00"
"357095",13,"3.05","2021-03-06 21:00:00"
"357149",13,"2.45","2021-03-06 21:15:00"
"357203",13,"2","2021-03-06 21:30:00"
"357257",13,"0","2021-03-06 21:45:00"
"357311",13,"0","2021-03-06 22:00:00"
"357446",13,"0","2021-03-06 22:15:00"
"358563",13,"0","2021-03-06 23:45:00"
"358725",13,"1.7000000000000002","2021-03-07 00:00:00"
"360797",13,"1.4","2021-03-07 00:15:00"
"358823",13,"5","2021-04-09 05:45:00"
"359056",13,"4.925","2021-04-09 06:00:00"
"359241",13,"4.1","2021-04-09 06:15:00"
"358912",13,"2.975","2021-05-18 15:15:00"
"359026",13,"3.05","2021-05-18 15:30:00"
"359138",13,"3.575","2021-05-18 15:45:00"
"359240",13,"3.275","2021-06-29 07:00:00"
"359430",13,"3.95","2021-06-29 07:15:00"
"360340",13,"5.6","2021-06-29 08:45:00"
"360450",13,"5.525","2021-06-29 09:00:00"
"360553",13,"5.375","2021-06-29 09:15:00"
"360571",13,"3.725","2021-04-09 08:30:00"
"360675",13,"3.725","2021-04-09 08:45:00"
"360664",13,"6.725","2021-06-29 09:30:00"
"362799",13,"8.15","2021-06-29 09:45:00"
"360759",13,"3.875","2021-04-09 09:00:00"
"363338",13,"4.1","2021-04-09 09:15:00"
"363452",13,"4.925","2021-04-09 09:30:00"
"362012",13,"2.075","2021-03-07 03:00:00"
"362122",13,"2.45","2021-03-07 03:15:00"
"362048",13,"2.6","2021-05-18 20:30:00"
"362152",13,"2.45","2021-05-18 20:45:00"
"362244",13,"2.375","2021-05-18 21:00:00"
"362354",13,"2.45","2021-05-18 21:15:00"
"362475",13,"2.3","2021-05-18 21:30:00"
"362247",13,"0","2021-03-07 03:30:00"
"362353",13,"0","2021-03-07 03:45:00"
"362447",13,"1.475","2021-03-07 04:00:00"
"363015",13,"7.25","2021-06-29 10:45:00"
"363069",13,"8.37","2021-06-29 11:00:00"
"363123",13,"6.35","2021-06-29 11:15:00"
"363177",13,"6.425","2021-06-29 11:30:00"
"363231",13,"6.725","2021-06-29 11:45:00"
"363285",13,"6.125","2021-06-29 12:00:00"
"363396",13,"7.1","2021-06-29 12:15:00"
"363510",13,"6.65","2021-06-29 12:30:00"
"363542",13,"5.225","2021-04-09 09:45:00"
"363612",13,"4.775","2021-04-09 10:00:00"
"364136",13,"5.825","2021-04-09 11:30:00"
"364217",13,"6.725","2021-04-09 11:45:00"
"364307",13,"6.275","2021-04-09 12:00:00"
"364417",13,"6.05","2021-06-29 14:00:00"
"364537",13,"7.175","2021-06-29 14:15:00"
"364382",13,"6.575","2021-04-09 12:15:00"
"364475",13,"5.975","2021-04-09 12:30:00"
"364569",13,"6.95","2021-04-09 12:45:00"
"364623",13,"6.95","2021-04-09 13:00:00"
"364677",13,"6.05","2021-04-09 13:15:00"
"365283",13,"1.925","2021-05-19 00:30:00"
"365383",13,"2","2021-05-19 00:45:00"
"365482",13,"2.225","2021-05-19 01:00:00"
"365494",13,"0","2021-03-07 05:15:00"
"365592",13,"0","2021-03-07 05:30:00"
"365599",13,"2.3","2021-05-19 01:15:00"
"365712",13,"2.525","2021-05-19 01:30:00"
"365694",13,"0","2021-03-07 05:45:00"
"365811",13,"0","2021-03-07 06:00:00"
"365922",13,"0","2021-03-07 06:15:00"
"366417",13,"1.25","2021-03-07 07:45:00"
"366471",13,"0","2021-03-07 08:00:00"
"366525",13,"0","2021-03-07 08:15:00"
"366579",13,"1.925","2021-03-07 08:30:00"
"366633",13,"2","2021-03-07 08:45:00"
"366687",13,"2.375","2021-03-07 09:00:00"
"366741",13,"2.45","2021-03-07 09:15:00"
"369795",13,"2.45","2021-03-07 09:30:00"
"366825",13,"7.325","2021-06-29 14:30:00"
"366879",13,"7.175","2021-06-29 14:45:00"
"366940",13,"6.35","2021-06-29 15:00:00"
"367059",13,"6.5","2021-06-29 15:15:00"
"367164",13,"5.825","2021-06-29 15:30:00"
"367145",13,"6.05","2021-04-09 14:15:00"
"367231",13,"6.2","2021-04-09 14:30:00"
"367301",13,"5.375","2021-06-29 15:45:00"
"367445",13,"5.6","2021-06-29 16:00:00"
"367603",13,"5.6","2021-06-29 16:15:00"
"367326",13,"6.65","2021-04-09 14:45:00"
"367411",13,"6.65","2021-04-09 15:00:00"
"367494",13,"6.275","2021-04-09 15:15:00"
"368689",13,"3.575","2021-06-29 18:30:00"
"368743",13,"3.275","2021-06-29 18:45:00"
"369937",13,"3.05","2021-06-29 19:00:00"
"370045",13,"2.975","2021-06-29 19:15:00"
"370149",13,"3.275","2021-06-29 19:30:00"
"368823",13,"2.15","2021-05-19 03:00:00"
"368877",13,"1.85","2021-05-19 03:15:00"
"368931",13,"1.475","2021-05-19 03:30:00"
"368985",13,"1.25","2021-05-19 03:45:00"
"369039",13,"1.775","2021-05-19 04:00:00"
"369093",13,"1.7000000000000002","2021-05-19 04:15:00"
"369687",13,"0","2021-05-19 07:00:00"
"369741",13,"0","2021-05-19 07:15:00"
"369849",13,"1.175","2021-03-07 09:45:00"
"369904",13,"1.925","2021-03-07 10:00:00"
"370012",13,"2.3","2021-03-07 10:15:00"
"370121",13,"2.225","2021-03-07 10:30:00"
"370221",13,"2.9","2021-03-07 10:45:00"
"370262",13,"2.6","2021-06-29 19:45:00"
"370350",13,"3.275","2021-06-29 20:00:00"
"371487",13,"5","2021-04-09 20:00:00"
"371642",13,"3.275","2021-04-09 20:15:00"
"371610",13,"4.325","2021-03-07 13:00:00"
"371761",13,"4.775","2021-03-07 13:15:00"
"371783",13,"3.95","2021-06-29 22:15:00"
"371930",13,"3.35","2021-06-29 22:30:00"
"371814",13,"3.425","2021-04-09 20:30:00"
"371959",13,"3.95","2021-04-09 20:45:00"
"372121",13,"2.75","2021-04-09 21:00:00"
"372954",13,"0","2021-05-19 08:15:00"
"373011",13,"2.075","2021-05-19 08:30:00"
"374459",13,"1.55","2021-04-09 23:00:00"
"374568",13,"2","2021-04-09 23:15:00"
"374696",13,"0","2021-04-09 23:30:00"
"373065",13,"2.15","2021-05-19 08:45:00"
"373119",13,"2.6","2021-05-19 09:00:00"
"373173",13,"2.6","2021-05-19 09:15:00"
"373227",13,"2.15","2021-05-19 09:30:00"
"373281",13,"1.625","2021-05-19 09:45:00"
"373335",13,"2.375","2021-05-19 10:00:00"
"374039",13,"4.55","2021-03-07 14:45:00"
"374135",13,"2.6","2021-03-07 15:00:00"
"374244",13,"3.65","2021-03-07 15:15:00"
"374132",13,"2.825","2021-06-30 00:15:00"
"374239",13,"2.6","2021-06-30 00:30:00"
"374351",13,"5.975","2021-03-07 15:30:00"
"374470",13,"5.75","2021-03-07 15:45:00"
"374348",13,"2.075","2021-06-30 00:45:00"
"374452",13,"2.075","2021-06-30 01:00:00"
"374639",13,"2.525","2021-06-30 01:15:00"
"375830",13,"2.825","2021-05-19 13:15:00"
"376005",13,"2.45","2021-05-19 13:30:00"
"376192",13,"3.575","2021-05-19 13:45:00"
"375806",13,"1.775","2021-04-10 01:00:00"
"375948",13,"1.475","2021-04-10 01:15:00"
"376097",13,"1.55","2021-04-10 01:30:00"
"375907",13,"4.325","2021-03-07 17:15:00"
"376219",13,"3.8","2021-03-07 17:30:00"
"376515",13,"3.125","2021-03-07 17:45:00"
"376259",13,"1.55","2021-04-10 01:45:00"
"376441",13,"1.7000000000000002","2021-04-10 02:00:00"
"376801",13,"3.425","2021-03-07 18:00:00"
"377094",13,"3.425","2021-03-07 18:15:00"
"377405",13,"3.575","2021-03-07 18:30:00"
"377148",13,"1.775","2021-04-10 03:00:00"
"377347",13,"1.475","2021-04-10 03:15:00"
"377199",13,"2.975","2021-05-19 15:15:00"
"377333",13,"2.525","2021-05-19 15:30:00"
"377387",13,"2.15","2021-06-30 04:00:00"
"379463",13,"2.975","2021-06-30 04:15:00"
"379722",13,"2.45","2021-06-30 04:30:00"
"378422",13,"2.6","2021-05-19 18:15:00"
"378525",13,"2.3","2021-05-19 18:30:00"
"378646",13,"2.45","2021-05-19 18:45:00"
"378618",13,"1.325","2021-04-10 05:30:00"
"378728",13,"0","2021-04-10 05:45:00"
"378837",13,"0","2021-04-10 06:00:00"
"378751",13,"2.825","2021-05-19 19:00:00"
"378856",13,"2.675","2021-05-19 19:15:00"
"378969",13,"2.45","2021-05-19 19:30:00"
"378941",13,"0.65","2021-04-10 06:15:00"
"379044",13,"0.9500000000000001","2021-04-10 06:30:00"
"380816",13,"0.73","2021-03-07 21:15:00"
"380928",13,"0","2021-03-07 21:30:00"
"381038",13,"0","2021-03-07 21:45:00"
"380851",13,"1.925","2021-06-30 06:30:00"
"380954",13,"2.525","2021-06-30 06:45:00"
"381058",13,"2.15","2021-06-30 07:00:00"
"381141",13,"1.625","2021-03-07 22:00:00"
"381253",13,"1.55","2021-03-07 22:15:00"
"381174",13,"1.925","2021-06-30 07:15:00"
"381278",13,"2.225","2021-06-30 07:30:00"
"381819",13,"2.45","2021-05-19 21:30:00"
"381873",13,"2.225","2021-05-19 21:45:00"
"381927",13,"0","2021-05-19 22:00:00"
"381981",13,"0","2021-05-19 22:15:00"
"382035",13,"0.73","2021-05-19 22:30:00"
"382089",13,"0","2021-05-19 22:45:00"
"381767",13,"0","2021-06-30 08:45:00"
"382918",13,"0","2021-03-07 23:45:00"
"383102",13,"2.225","2021-03-08 00:00:00"
"383418",13,"2.3","2021-03-08 00:15:00"
"383159",13,"0","2021-05-20 01:30:00"
"383316",13,"0","2021-05-20 01:45:00"
"383392",13,"4.025","2021-06-30 09:45:00"
"383546",13,"3.575","2021-06-30 10:00:00"
"383304",13,"2.825","2021-04-10 09:15:00"
"383526",13,"3.275","2021-04-10 09:30:00"
"383674",13,"4.625","2021-04-10 09:45:00"
"388037",13,"4.25","2021-06-30 15:30:00"
"388191",13,"2.75","2021-06-30 15:45:00"
"387987",13,"0","2021-03-08 05:30:00"
"388169",13,"0","2021-03-08 05:45:00"
"388330",13,"0","2021-03-08 06:00:00"
"388021",13,"4.1","2021-04-10 15:00:00"
"388180",13,"3.95","2021-04-10 15:15:00"
"388333",13,"4.25","2021-04-10 15:30:00"
"388367",13,"2.75","2021-06-30 16:00:00"
"388544",13,"0.275","2021-06-30 16:15:00"
"388705",13,"0","2021-06-30 16:30:00"
"388977",13,"4.1","2021-04-10 16:30:00"
"389151",13,"3.575","2021-04-10 16:45:00"
"389179",13,"0","2021-06-30 17:15:00"
"389349",13,"0.425","2021-06-30 17:30:00"
"389509",13,"1.25","2021-06-30 17:45:00"
"389291",13,"0","2021-03-08 07:30:00"
"389443",13,"0","2021-03-08 07:45:00"
"389306",13,"4.85","2021-04-10 17:00:00"
"389475",13,"5.225","2021-04-10 17:15:00"
"389648",13,"5","2021-04-10 17:30:00"
"390735",13,"2.75","2021-05-20 11:00:00"
"393789",13,"2.825","2021-05-20 11:15:00"
"390833",13,"3.95","2021-04-10 17:45:00"
"390887",13,"3.8","2021-04-10 18:00:00"
"390941",13,"3.05","2021-04-10 18:15:00"
"390995",13,"3.2","2021-04-10 18:30:00"
"391049",13,"2.975","2021-04-10 18:45:00"
"391103",13,"2.6","2021-04-10 19:00:00"
"391157",13,"2.975","2021-04-10 19:15:00"
"392846",13,"0","2021-06-30 20:30:00"
"392945",13,"0","2021-06-30 20:45:00"
"393043",13,"1.4","2021-06-30 21:00:00"
"392924",13,"4.325","2021-03-08 11:15:00"
"393044",13,"3.425","2021-03-08 11:30:00"
"393122",13,"3.95","2021-03-08 11:45:00"
"393170",13,"2.075","2021-06-30 21:15:00"
"393270",13,"0","2021-06-30 21:30:00"
"393248",13,"3.425","2021-03-08 12:00:00"
"393357",13,"3.875","2021-03-08 12:15:00"
"393843",13,"2.6","2021-05-20 11:30:00"
"393897",13,"3.35","2021-05-20 11:45:00"
"393951",13,"3.35","2021-05-20 12:00:00"
"394005",13,"3.65","2021-05-20 12:15:00"
"394059",13,"3.425","2021-05-20 12:30:00"
"394113",13,"3.5","2021-05-20 12:45:00"
"394167",13,"3.35","2021-05-20 13:00:00"
"394221",13,"3.2","2021-05-20 13:15:00"
"394275",13,"2.6","2021-05-20 13:30:00"
"394329",13,"3.05","2021-05-20 13:45:00"
"394383",13,"3.05","2021-05-20 14:00:00"
"395075",13,"1.625","2021-04-10 23:30:00"
"395129",13,"1.4","2021-04-10 23:45:00"
"395183",13,"0.88","2021-04-11 00:00:00"
"395237",13,"0","2021-04-11 00:15:00"
"395291",13,"0","2021-04-11 00:30:00"
"395345",13,"0","2021-04-11 00:45:00"
"395399",13,"0","2021-04-11 01:00:00"
"395453",13,"0","2021-04-11 01:15:00"
"395507",13,"0","2021-04-11 01:30:00"
"395561",13,"0","2021-04-11 01:45:00"
"396178",13,"2.825","2021-06-30 23:45:00"
"396279",13,"2.75","2021-07-01 00:00:00"
"396376",13,"2.3","2021-07-01 00:15:00"
"396399",13,"3.575","2021-03-08 14:30:00"
"396517",13,"2.825","2021-03-08 14:45:00"
"396687",13,"2.975","2021-03-08 15:00:00"
"396486",13,"3.05","2021-07-01 00:30:00"
"396624",13,"2.6","2021-07-01 00:45:00"
"396646",13,"4.1","2021-05-20 16:00:00"
"396786",13,"3.5","2021-05-20 16:15:00"
"396994",13,"3.05","2021-05-20 16:30:00"
"397849",13,"1.775","2021-03-08 16:45:00"
"398006",13,"4.775","2021-03-08 17:00:00"
"398005",13,"2.675","2021-07-01 03:00:00"
"398177",13,"2","2021-07-01 03:15:00"
"401817",13,"2.75","2021-07-01 03:30:00"
"398122",13,"2.225","2021-05-20 18:15:00"
"398244",13,"2.3","2021-05-20 18:30:00"
"398341",13,"2.45","2021-05-20 18:45:00"
"398172",13,"1.475","2021-03-08 17:15:00"
"398322",13,"2.075","2021-03-08 17:30:00"
"398439",13,"2.375","2021-03-08 17:45:00"
"398885",13,"1.7000000000000002","2021-04-11 03:15:00"
"398939",13,"1.025","2021-04-11 03:30:00"
"398993",13,"1.55","2021-04-11 03:45:00"
"399047",13,"1.775","2021-04-11 04:00:00"
"399101",13,"1.4","2021-04-11 04:15:00"
"399155",13,"1.175","2021-04-11 04:30:00"
"399209",13,"0.8","2021-04-11 04:45:00"
"399263",13,"2.375","2021-04-11 05:00:00"
"399317",13,"2.225","2021-04-11 05:15:00"
"399371",13,"2.3","2021-04-11 05:30:00"
"400682",13,"1.175","2021-03-08 19:15:00"
"400769",13,"0","2021-03-08 19:30:00"
"400696",13,"0","2021-05-20 23:15:00"
"400817",13,"2.15","2021-05-20 23:30:00"
"400918",13,"2.525","2021-05-20 23:45:00"
"400885",13,"0","2021-03-08 19:45:00"
"401009",13,"1.85","2021-03-08 20:00:00"
"401120",13,"2.15","2021-03-08 20:15:00"
"401010",13,"1.475","2021-05-21 00:00:00"
"401115",13,"2.075","2021-05-21 00:15:00"
"401206",13,"2.75","2021-05-21 00:30:00"
"404787",13,"1.175","2021-03-08 22:30:00"
"404841",13,"2.825","2021-03-08 22:45:00"
"401871",13,"2.9","2021-07-01 03:45:00"
"401925",13,"3.275","2021-07-01 04:00:00"
"401979",13,"4.1","2021-07-01 04:15:00"
"402033",13,"4.85","2021-07-01 04:30:00"
"402087",13,"6.275","2021-07-01 04:45:00"
"402141",13,"6.725","2021-07-01 05:00:00"
"402195",13,"5.525","2021-07-01 05:15:00"
"402249",13,"5.525","2021-07-01 05:30:00"
"403397",13,"2.075","2021-04-11 10:15:00"
"403451",13,"2.825","2021-04-11 10:30:00"
"403505",13,"3.65","2021-04-11 10:45:00"
"403559",13,"4.25","2021-04-11 11:00:00"
"403613",13,"4.4","2021-04-11 11:15:00"
"403667",13,"5.225","2021-04-11 11:30:00"
"403721",13,"5.075","2021-04-11 11:45:00"
"403775",13,"4.25","2021-04-11 12:00:00"
"403813",13,"1.925","2021-05-21 01:15:00"
"403867",13,"1.7000000000000002","2021-05-21 01:30:00"
"403921",13,"2.6","2021-05-21 01:45:00"
"405057",13,"2","2021-03-08 23:45:00"
"405111",13,"1.4","2021-03-09 00:00:00"
"405165",13,"0","2021-03-09 00:15:00"
"405219",13,"0","2021-03-09 00:30:00"
"405273",13,"2.75","2021-03-09 00:45:00"
"405327",13,"2.75","2021-03-09 01:00:00"
"405381",13,"2.15","2021-03-09 01:15:00"
"405435",13,"1.85","2021-03-09 01:30:00"
"405489",13,"1.85","2021-03-09 01:45:00"
"405543",13,"1.025","2021-03-09 02:00:00"
"406113",13,"4.175","2021-07-01 09:30:00"
"406167",13,"4.025","2021-07-01 09:45:00"
"406221",13,"4.025","2021-07-01 10:00:00"
"406275",13,"4.7","2021-07-01 10:15:00"
"406329",13,"6.2","2021-07-01 10:30:00"
"406383",13,"7.175","2021-07-01 10:45:00"
"406437",13,"6.575","2021-07-01 11:00:00"
"406491",13,"8.68","2021-07-01 11:15:00"
"406545",13,"9.35","2021-07-01 11:30:00"
"406599",13,"9.87","2021-07-01 11:45:00"
"407099",13,"6.95","2021-04-11 13:30:00"
"407153",13,"5.825","2021-04-11 13:45:00"
"407207",13,"3.8","2021-04-11 14:00:00"
"407261",13,"4.25","2021-04-11 14:15:00"
"407315",13,"3.875","2021-04-11 14:30:00"
"407369",13,"4.925","2021-04-11 14:45:00"
"407423",13,"5","2021-04-11 15:00:00"
"407477",13,"3.8","2021-04-11 15:15:00"
"407531",13,"3.65","2021-04-11 15:30:00"
"407585",13,"3.05","2021-04-11 15:45:00"
"408217",13,"0","2021-05-21 07:45:00"
"408271",13,"1.175","2021-05-21 08:00:00"
"408325",13,"1.175","2021-05-21 08:15:00"
"408379",13,"1.55","2021-05-21 08:30:00"
"408433",13,"0","2021-05-21 08:45:00"
"408487",13,"1.925","2021-05-21 09:00:00"
"408541",13,"1.7000000000000002","2021-05-21 09:15:00"
"408595",13,"0","2021-05-21 09:30:00"
"408649",13,"0","2021-05-21 09:45:00"
"408703",13,"1.925","2021-05-21 10:00:00"
"409923",13,"9.2","2021-07-01 13:15:00"
"409977",13,"8.75","2021-07-01 13:30:00"
"410031",13,"7.175","2021-07-01 13:45:00"
"410085",13,"6.95","2021-07-01 14:00:00"
"410139",13,"8.75","2021-07-01 14:15:00"
"410193",13,"7.475","2021-07-01 14:30:00"
"410247",13,"7.7","2021-07-01 14:45:00"
"410301",13,"8.83","2021-07-01 15:00:00"
"410355",13,"7.025","2021-07-01 15:15:00"
"410409",13,"7.475","2021-07-01 15:30:00"
"410463",13,"7.025","2021-07-01 15:45:00"
"411071",13,"3.05","2021-04-11 18:00:00"
"411125",13,"2.3","2021-04-11 18:15:00"
"411179",13,"2.45","2021-04-11 18:30:00"
"411233",13,"2.9","2021-04-11 18:45:00"
"411287",13,"2.225","2021-04-11 19:00:00"
"411341",13,"1.625","2021-04-11 19:15:00"
"411395",13,"3.275","2021-04-11 19:30:00"
"411449",13,"2.75","2021-04-11 19:45:00"
"411503",13,"2.15","2021-04-11 20:00:00"
"411557",13,"2.15","2021-04-11 20:15:00"
"413168",13,"0.88","2021-03-09 08:30:00"
"413322",13,"2.225","2021-03-09 08:45:00"
"413480",13,"1.4","2021-03-09 09:00:00"
"413472",13,"4.25","2021-07-01 18:30:00"
"413610",13,"4.775","2021-07-01 18:45:00"
"413627",13,"2.3","2021-03-09 09:15:00"
"413753",13,"2.825","2021-03-09 09:30:00"
"413889",13,"2.375","2021-03-09 09:45:00"
"413747",13,"4.7","2021-07-01 19:00:00"
"413878",13,"4.7","2021-07-01 19:15:00"
"414006",13,"4.775","2021-07-01 19:30:00"
"414427",13,"4.025","2021-07-01 20:15:00"
"414558",13,"3.95","2021-07-01 20:30:00"
"414679",13,"4.55","2021-07-01 20:45:00"
"414671",13,"4.25","2021-03-09 11:15:00"
"414799",13,"4.4","2021-03-09 11:30:00"
"414668",13,"2.225","2021-04-11 23:00:00"
"414963",13,"2.3","2021-04-11 23:15:00"
"415233",13,"2.075","2021-04-11 23:30:00"
"414805",13,"5.375","2021-07-01 21:00:00"
"414951",13,"5.45","2021-07-01 21:15:00"
"415096",13,"4.85","2021-07-01 21:30:00"
"416163",13,"4.55","2021-07-01 22:15:00"
"416321",13,"4.025","2021-07-01 22:30:00"
"416523",13,"3.275","2021-07-01 22:45:00"
"416168",13,"8.97","2021-03-09 13:00:00"
"416320",13,"5.15","2021-03-09 13:15:00"
"416485",13,"5.75","2021-03-09 13:30:00"
"416355",13,"7.4","2021-05-21 16:00:00"
"416471",13,"7.025","2021-05-21 16:15:00"
"416642",13,"3.725","2021-03-09 13:45:00"
"416801",13,"7.025","2021-03-09 14:00:00"
"417172",13,"4.4","2021-05-21 17:15:00"
"417278",13,"0","2021-04-12 02:15:00"
"417369",13,"4.4","2021-05-21 17:30:00"
"417515",13,"0","2021-04-12 02:30:00"
"417727",13,"0","2021-04-12 02:45:00"
"417581",13,"4.025","2021-05-21 17:45:00"
"417802",13,"3.875","2021-05-21 18:00:00"
"417610",13,"6.125","2021-03-09 15:00:00"
"417832",13,"7.925","2021-03-09 15:15:00"
"418025",13,"6.05","2021-03-09 15:30:00"
"418253",13,"6.35","2021-03-09 15:45:00"
"418484",13,"6.95","2021-03-09 16:00:00"
"418608",13,"1.7000000000000002","2021-04-12 03:45:00"
"418813",13,"2","2021-04-12 04:00:00"
"419013",13,"1.775","2021-04-12 04:15:00"
"418677",13,"2.825","2021-05-21 19:00:00"
"418893",13,"2.45","2021-05-21 19:15:00"
"418714",13,"2.375","2021-07-02 01:30:00"
"418930",13,"3.125","2021-07-02 01:45:00"
"419963",13,"3.35","2021-07-02 02:45:00"
"420071",13,"3.65","2021-07-02 03:00:00"
"420178",13,"2.3","2021-07-02 03:15:00"
"419987",13,"3.425","2021-05-21 20:15:00"
"420095",13,"3.125","2021-05-21 20:30:00"
"420203",13,"2.75","2021-05-21 20:45:00"
"420306",13,"2.375","2021-07-02 03:30:00"
"420340",13,"2.6","2021-05-21 21:00:00"
"420478",13,"2.45","2021-05-21 21:15:00"
"420638",13,"2.3","2021-05-21 21:30:00"
"421747",13,"4.025","2021-03-09 19:15:00"
"421928",13,"3.125","2021-03-09 19:30:00"
"422163",13,"2.45","2021-03-09 19:45:00"
"421874",13,"1.25","2021-07-02 05:45:00"
"422100",13,"0","2021-07-02 06:00:00"
"421933",13,"3.5","2021-05-21 23:15:00"
"422132",13,"4.1","2021-05-21 23:30:00"
"422333",13,"2.45","2021-03-09 20:00:00"
"422343",13,"0","2021-04-12 07:30:00"
"423781",13,"3.875","2021-05-22 00:15:00"
"423835",13,"4.25","2021-05-22 00:30:00"
"422781",13,"0","2021-04-12 08:00:00"
"422957",13,"0","2021-04-12 08:15:00"
"382143",13,"0","2021-05-19 23:00:00"
"382197",13,"0","2021-05-19 23:15:00"
"382251",13,"0","2021-05-19 23:30:00"
"382305",13,"0","2021-05-19 23:45:00"
"385791",13,"0","2021-05-20 02:00:00"
"385845",13,"0","2021-05-20 02:15:00"
"385899",13,"0","2021-05-20 02:30:00"
"383612",13,"0","2021-03-08 00:30:00"
"383786",13,"0","2021-03-08 00:45:00"
"383722",13,"3.875","2021-06-30 10:15:00"
"383877",13,"3.35","2021-06-30 10:30:00"
"384025",13,"3.8","2021-06-30 10:45:00"
"383833",13,"4.55","2021-04-10 10:00:00"
"383996",13,"4.775","2021-04-10 10:15:00"
"384155",13,"3.65","2021-04-10 10:30:00"
"383961",13,"3.05","2021-03-08 01:00:00"
"384117",13,"2.675","2021-03-08 01:15:00"
"384252",13,"3.725","2021-03-08 01:30:00"
"384191",13,"3.575","2021-06-30 11:00:00"
"384358",13,"3.875","2021-06-30 11:15:00"
"384339",13,"4.175","2021-04-10 10:45:00"
"384494",13,"5.75","2021-04-10 11:00:00"
"384418",13,"4.55","2021-03-08 01:45:00"
"384587",13,"4.175","2021-03-08 02:00:00"
"385176",13,"6.05","2021-04-10 12:00:00"
"385314",13,"5.9","2021-04-10 12:15:00"
"385215",13,"0","2021-03-08 03:00:00"
"385403",13,"0.9500000000000001","2021-03-08 03:15:00"
"385563",13,"0","2021-03-08 03:30:00"
"385473",13,"3.875","2021-06-30 13:00:00"
"385623",13,"3.875","2021-06-30 13:15:00"
"385477",13,"5.225","2021-04-10 12:30:00"
"385643",13,"5.45","2021-04-10 12:45:00"
"386804",13,"5.825","2021-04-10 13:00:00"
"386223",13,"0","2021-05-20 04:00:00"
"386277",13,"0","2021-05-20 04:15:00"
"386331",13,"0","2021-05-20 04:30:00"
"386385",13,"0","2021-05-20 04:45:00"
"386439",13,"0","2021-05-20 05:00:00"
"386493",13,"0","2021-05-20 05:15:00"
"386547",13,"0","2021-05-20 05:30:00"
"386601",13,"0","2021-05-20 05:45:00"
"386655",13,"0","2021-05-20 06:00:00"
"386709",13,"0","2021-05-20 06:15:00"
"386789",13,"0","2021-05-20 06:30:00"
"389817",13,"0","2021-05-20 06:45:00"
"389871",13,"0","2021-05-20 07:00:00"
"386932",13,"11.37","2021-04-10 13:15:00"
"387065",13,"4.7","2021-04-10 13:30:00"
"387198",13,"5.675","2021-06-30 14:15:00"
"387329",13,"4.025","2021-06-30 14:30:00"
"387210",13,"0","2021-03-08 04:15:00"
"387382",13,"0","2021-03-08 04:30:00"
"387511",13,"0","2021-03-08 04:45:00"
"388481",13,"0","2021-03-08 06:15:00"
"388645",13,"2.6","2021-03-08 06:30:00"
"388489",13,"5.075","2021-04-10 15:45:00"
"388647",13,"4.625","2021-04-10 16:00:00"
"388807",13,"3.425","2021-04-10 16:15:00"
"388862",13,"1.7000000000000002","2021-06-30 16:45:00"
"389009",13,"0","2021-06-30 17:00:00"
"388806",13,"2.15","2021-03-08 06:45:00"
"388984",13,"2.15","2021-03-08 07:00:00"
"389134",13,"1.925","2021-03-08 07:15:00"
"389658",13,"0","2021-06-30 18:00:00"
"391384",13,"1.1","2021-06-30 18:15:00"
"391555",13,"0","2021-06-30 18:30:00"
"389604",13,"2.375","2021-03-08 08:00:00"
"389709",13,"2.3","2021-03-08 08:15:00"
"389763",13,"2.6","2021-03-08 08:30:00"
"389925",13,"0","2021-05-20 07:15:00"
"389979",13,"0","2021-05-20 07:30:00"
"390033",13,"0","2021-05-20 07:45:00"
"390087",13,"0","2021-05-20 08:00:00"
"390141",13,"0","2021-05-20 08:15:00"
"391211",13,"2.3","2021-04-10 19:30:00"
"391265",13,"2.525","2021-04-10 19:45:00"
"391345",13,"2.15","2021-04-10 20:00:00"
"391444",13,"2.45","2021-03-08 08:45:00"
"391594",13,"2.6","2021-03-08 09:00:00"
"391740",13,"3.2","2021-03-08 09:15:00"
"391510",13,"2.825","2021-04-10 20:15:00"
"391650",13,"3.05","2021-04-10 20:30:00"
"391773",13,"1.175","2021-06-30 18:45:00"
"391949",13,"0","2021-06-30 19:00:00"
"392292",13,"2.225","2021-04-10 21:30:00"
"392454",13,"2.3","2021-04-10 21:45:00"
"392600",13,"2.15","2021-04-10 22:00:00"
"392601",13,"0","2021-06-30 20:00:00"
"392731",13,"0","2021-06-30 20:15:00"
"392707",13,"3.8","2021-03-08 10:45:00"
"392811",13,"4.175","2021-03-08 11:00:00"
"394805",13,"1.25","2021-04-10 22:15:00"
"394859",13,"1.325","2021-04-10 22:30:00"
"393381",13,"0.43","2021-06-30 21:45:00"
"393477",13,"0","2021-06-30 22:00:00"
"393583",13,"1.55","2021-06-30 22:15:00"
"393468",13,"2.525","2021-03-08 12:30:00"
"393584",13,"1.4","2021-03-08 12:45:00"
"393672",13,"2.45","2021-03-08 13:00:00"
"393711",13,"2.675","2021-06-30 22:30:00"
"395791",13,"2.6","2021-06-30 22:45:00"
"395831",13,"2.9","2021-03-08 13:15:00"
"395926",13,"2.525","2021-03-08 13:30:00"
"395615",13,"0","2021-04-11 02:00:00"
"395669",13,"0","2021-04-11 02:15:00"
"395723",13,"0","2021-04-11 02:30:00"
"395777",13,"2.15","2021-04-11 02:45:00"
"398831",13,"2","2021-04-11 03:00:00"
"395887",13,"2.75","2021-06-30 23:00:00"
"395979",13,"2.525","2021-06-30 23:15:00"
"396066",13,"2.675","2021-06-30 23:30:00"
"396082",13,"2.75","2021-03-08 13:45:00"
"396177",13,"2.525","2021-03-08 14:00:00"
"396292",13,"2.675","2021-03-08 14:15:00"
"396840",13,"3.35","2021-03-08 15:15:00"
"396981",13,"2.525","2021-03-08 15:30:00"
"396783",13,"3.875","2021-07-01 01:00:00"
"396933",13,"4.1","2021-07-01 01:15:00"
"397086",13,"4.025","2021-07-01 01:30:00"
"397145",13,"3.5","2021-03-08 15:45:00"
"397160",13,"2.825","2021-05-20 16:45:00"
"397233",13,"3.8","2021-07-01 01:45:00"
"397385",13,"4.475","2021-07-01 02:00:00"
"397532",13,"4.625","2021-07-01 02:15:00"
"398449",13,"2.375","2021-05-20 19:00:00"
"398517",13,"2.375","2021-05-20 19:15:00"
"400146",13,"2.15","2021-03-08 18:00:00"
"400240",13,"1.025","2021-03-08 18:15:00"
"398571",13,"2.075","2021-05-20 19:30:00"
"398625",13,"1.925","2021-05-20 19:45:00"
"398679",13,"1.7000000000000002","2021-05-20 20:00:00"
"398733",13,"0","2021-05-20 20:15:00"
"399787",13,"0","2021-05-20 20:30:00"
"400003",13,"0","2021-05-20 21:30:00"
"400057",13,"0","2021-05-20 21:45:00"
"400145",13,"0","2021-05-20 22:00:00"
"400267",13,"1.55","2021-05-20 22:15:00"
"400380",13,"1.025","2021-05-20 22:30:00"
"400338",13,"1.1","2021-03-08 18:30:00"
"400456",13,"1.325","2021-03-08 18:45:00"
"400565",13,"1.55","2021-03-08 19:00:00"
"400482",13,"0","2021-05-20 22:45:00"
"400591",13,"0","2021-05-20 23:00:00"
"401239",13,"0.43","2021-03-08 20:30:00"
"401332",13,"1.85","2021-03-08 20:45:00"
"401335",13,"2.525","2021-05-21 00:45:00"
"401439",13,"0","2021-05-21 01:00:00"
"401448",13,"1.85","2021-03-08 21:00:00"
"401517",13,"2.225","2021-03-08 21:15:00"
"401571",13,"2.9","2021-03-08 21:30:00"
"401625",13,"1.4","2021-03-08 21:45:00"
"401679",13,"0.65","2021-03-08 22:00:00"
"401733",13,"0.8","2021-03-08 22:15:00"
"402857",13,"2.225","2021-04-11 07:45:00"
"402911",13,"1.55","2021-04-11 08:00:00"
"402965",13,"0","2021-04-11 08:15:00"
"403019",13,"0","2021-04-11 08:30:00"
"403073",13,"1.7000000000000002","2021-04-11 08:45:00"
"403127",13,"2.375","2021-04-11 09:00:00"
"403181",13,"2.15","2021-04-11 09:15:00"
"403235",13,"1.775","2021-04-11 09:30:00"
"403289",13,"1.1","2021-04-11 09:45:00"
"403343",13,"2.45","2021-04-11 10:00:00"
"404515",13,"0","2021-05-21 04:30:00"
"404569",13,"0","2021-05-21 04:45:00"
"404623",13,"0","2021-05-21 05:00:00"
"404677",13,"2.45","2021-05-21 05:15:00"
"404731",13,"0.43","2021-05-21 05:30:00"
"407785",13,"0","2021-05-21 05:45:00"
"407839",13,"0","2021-05-21 06:00:00"
"407893",13,"0","2021-05-21 06:15:00"
"404895",13,"3.05","2021-03-08 23:00:00"
"404949",13,"2.75","2021-03-08 23:15:00"
"405003",13,"2.75","2021-03-08 23:30:00"
"405597",13,"0","2021-03-09 02:15:00"
"405651",13,"0","2021-03-09 02:30:00"
"405705",13,"0","2021-03-09 02:45:00"
"405759",13,"0","2021-03-09 03:00:00"
"408813",13,"0","2021-03-09 03:15:00"
"405843",13,"0","2021-07-01 08:15:00"
"405897",13,"2.075","2021-07-01 08:30:00"
"405951",13,"2.825","2021-07-01 08:45:00"
"406005",13,"3.8","2021-07-01 09:00:00"
"406059",13,"2.9","2021-07-01 09:15:00"
"407639",13,"3.05","2021-04-11 16:00:00"
"407693",13,"2.6","2021-04-11 16:15:00"
"407747",13,"3.05","2021-04-11 16:30:00"
"410801",13,"2.225","2021-04-11 16:45:00"
"410855",13,"2.45","2021-04-11 17:00:00"
"407947",13,"2.525","2021-05-21 06:30:00"
"408001",13,"0","2021-05-21 06:45:00"
"408055",13,"0","2021-05-21 07:00:00"
"408109",13,"0","2021-05-21 07:15:00"
"408163",13,"1.85","2021-05-21 07:30:00"
"408757",13,"3.275","2021-05-21 10:15:00"
"411811",13,"4.775","2021-05-21 10:30:00"
"408867",13,"0","2021-03-09 03:30:00"
"408921",13,"0","2021-03-09 03:45:00"
"408975",13,"0","2021-03-09 04:00:00"
"409029",13,"0","2021-03-09 04:15:00"
"409083",13,"0","2021-03-09 04:30:00"
"409137",13,"0","2021-03-09 04:45:00"
"409191",13,"0","2021-03-09 05:00:00"
"409245",13,"0","2021-03-09 05:15:00"
"410517",13,"6.875","2021-07-01 16:00:00"
"410571",13,"7.55","2021-07-01 16:15:00"
"410625",13,"7.025","2021-07-01 16:30:00"
"410679",13,"6.125","2021-07-01 16:45:00"
"410733",13,"5.15","2021-07-01 17:00:00"
"412629",13,"4.625","2021-07-01 17:15:00"
"412770",13,"4.925","2021-07-01 17:30:00"
"410909",13,"2.45","2021-04-11 17:15:00"
"410963",13,"2.675","2021-04-11 17:30:00"
"411017",13,"2.675","2021-04-11 17:45:00"
"412189",13,"5.75","2021-05-21 12:15:00"
"412243",13,"7.475","2021-05-21 12:30:00"
"412297",13,"8.9","2021-05-21 12:45:00"
"412351",13,"8","2021-05-21 13:00:00"
"412405",13,"10.18","2021-05-21 13:15:00"
"412459",13,"7.625","2021-05-21 13:30:00"
"412513",13,"7.775","2021-05-21 13:45:00"
"412567",13,"7.4","2021-05-21 14:00:00"
"412668",13,"7.85","2021-05-21 14:15:00"
"412969",13,"6.8","2021-05-21 14:30:00"
"412777",13,"0.28","2021-03-09 08:00:00"
"412961",13,"0.88","2021-03-09 08:15:00"
"412940",13,"4.625","2021-07-01 17:45:00"
"413078",13,"3.5","2021-07-01 18:00:00"
"413269",13,"5.15","2021-07-01 18:15:00"
"413239",13,"6.2","2021-05-21 14:45:00"
"415783",13,"6.65","2021-05-21 15:00:00"
"413209",13,"2.3","2021-04-11 21:45:00"
"413494",13,"2.225","2021-04-11 22:00:00"
"413773",13,"0.5","2021-04-11 22:15:00"
"414931",13,"11.3","2021-03-09 11:45:00"
"415055",13,"6.5","2021-03-09 12:00:00"
"415189",13,"4.25","2021-03-09 12:15:00"
"415228",13,"4.625","2021-07-01 21:45:00"
"415984",13,"4.25","2021-07-01 22:00:00"
"415868",13,"1.85","2021-03-09 12:30:00"
"416015",13,"8.9","2021-03-09 12:45:00"
"415313",13,"2.225","2021-04-11 23:45:00"
"415367",13,"2.225","2021-04-12 00:00:00"
"416675",13,"3.725","2021-07-01 23:00:00"
"416839",13,"3.575","2021-07-01 23:15:00"
"416653",13,"6.8","2021-05-21 16:30:00"
"416814",13,"6.65","2021-05-21 16:45:00"
"416982",13,"5.15","2021-05-21 17:00:00"
"416962",13,"7.25","2021-03-09 14:15:00"
"417202",13,"9.35","2021-03-09 14:30:00"
"417410",13,"5.9","2021-03-09 14:45:00"
"417009",13,"4.1","2021-07-01 23:30:00"
"417194",13,"3.425","2021-07-01 23:45:00"
"417411",13,"3.875","2021-07-02 00:00:00"
"417661",13,"3.875","2021-07-02 00:15:00"
"417870",13,"3.725","2021-07-02 00:30:00"
"417954",13,"0","2021-04-12 03:00:00"
"418168",13,"1.475","2021-04-12 03:15:00"
"418363",13,"1.7000000000000002","2021-04-12 03:30:00"
"418053",13,"3.35","2021-05-21 18:15:00"
"418271",13,"2.6","2021-05-21 18:30:00"
"418455",13,"2.225","2021-05-21 18:45:00"
"418055",13,"3.125","2021-07-02 00:45:00"
"418270",13,"2.6","2021-07-02 01:00:00"
"418497",13,"2.6","2021-07-02 01:15:00"
"419447",13,"1.925","2021-04-12 05:00:00"
"419501",13,"0","2021-04-12 05:15:00"
"419555",13,"0","2021-04-12 05:30:00"
"419197",13,"3.575","2021-05-21 19:30:00"
"419809",13,"3.65","2021-05-21 19:45:00"
"419882",13,"3.125","2021-05-21 20:00:00"
"419609",13,"0","2021-04-12 05:45:00"
"419663",13,"0","2021-04-12 06:00:00"
"419717",13,"0","2021-04-12 06:15:00"
"419771",13,"0","2021-04-12 06:30:00"
"421708",13,"0","2021-04-12 06:45:00"
"420489",13,"2.075","2021-07-02 03:45:00"
"420645",13,"0","2021-07-02 04:00:00"
"420596",13,"5.45","2021-03-09 17:30:00"
"420756",13,"6.05","2021-03-09 17:45:00"
"420887",13,"6.8","2021-03-09 18:00:00"
"420805",13,"2.9","2021-05-21 21:45:00"
"420985",13,"4.1","2021-05-21 22:00:00"
"421137",13,"3.125","2021-05-21 22:15:00"
"420822",13,"2.375","2021-07-02 04:15:00"
"420965",13,"2.45","2021-07-02 04:30:00"
"421124",13,"2.45","2021-07-02 04:45:00"
"421907",13,"0","2021-04-12 07:00:00"
"422115",13,"0","2021-04-12 07:15:00"
"422311",13,"4.1","2021-05-21 23:45:00"
"422368",13,"0","2021-07-02 06:15:00"
"422544",13,"2.675","2021-03-09 20:15:00"
"362687",13,"1.925","2021-05-18 22:00:00"
"364797",13,"1.775","2021-05-18 22:15:00"
"364851",13,"2.075","2021-05-18 22:30:00"
"362667",13,"1.85","2021-03-07 04:30:00"
"362769",13,"0","2021-03-07 04:45:00"
"365376",13,"0","2021-03-07 05:00:00"
"362853",13,"7.025","2021-06-29 10:00:00"
"362907",13,"6.875","2021-06-29 10:15:00"
"362961",13,"8","2021-06-29 10:30:00"
"364731",13,"7.025","2021-04-09 13:30:00"
"366937",13,"7.475","2021-04-09 13:45:00"
"367010",13,"6.2","2021-04-09 14:00:00"
"364905",13,"2.375","2021-05-18 22:45:00"
"364959",13,"2.45","2021-05-18 23:00:00"
"365013",13,"2.45","2021-05-18 23:15:00"
"365067",13,"2.075","2021-05-18 23:30:00"
"365121",13,"1.7000000000000002","2021-05-18 23:45:00"
"365175",13,"1.7000000000000002","2021-05-19 00:00:00"
"365229",13,"1.7000000000000002","2021-05-19 00:15:00"
"365812",13,"2.225","2021-05-19 01:45:00"
"365917",13,"0.9500000000000001","2021-05-19 02:00:00"
"366016",13,"0","2021-05-19 02:15:00"
"366038",13,"0","2021-03-07 06:30:00"
"366129",13,"0","2021-03-07 06:45:00"
"366236",13,"0","2021-03-07 07:00:00"
"366142",13,"0","2021-05-19 02:30:00"
"366246",13,"0","2021-05-19 02:45:00"
"366309",13,"1.025","2021-03-07 07:15:00"
"366363",13,"0.73","2021-03-07 07:30:00"
"367577",13,"5.975","2021-04-09 15:30:00"
"367657",13,"5.675","2021-04-09 15:45:00"
"367785",13,"4.475","2021-06-29 16:30:00"
"367941",13,"5.675","2021-06-29 16:45:00"
"367730",13,"5.45","2021-04-09 16:00:00"
"367809",13,"5.6","2021-04-09 16:15:00"
"367891",13,"5.75","2021-04-09 16:30:00"
"367974",13,"5.075","2021-04-09 16:45:00"
"368057",13,"3.95","2021-04-09 17:00:00"
"370353",13,"2.375","2021-03-07 11:00:00"
"370453",13,"3.275","2021-03-07 11:15:00"
"370481",13,"3.275","2021-06-29 20:15:00"
"370623",13,"3.275","2021-06-29 20:30:00"
"370791",13,"3.2","2021-06-29 20:45:00"
"370529",13,"2.45","2021-04-09 18:30:00"
"370703",13,"2.375","2021-04-09 18:45:00"
"370856",13,"1.925","2021-04-09 19:00:00"
"370633",13,"3.425","2021-03-07 11:30:00"
"370793",13,"5","2021-03-07 11:45:00"
"370946",13,"5.225","2021-03-07 12:00:00"
"372487",13,"2.375","2021-06-29 23:30:00"
"373935",13,"2.3","2021-06-29 23:45:00"
"374010",13,"2.975","2021-06-30 00:00:00"
"372513",13,"2.825","2021-04-09 21:45:00"
"372567",13,"2.45","2021-04-09 22:00:00"
"372633",13,"2.225","2021-04-09 22:15:00"
"372639",13,"0.43","2021-05-19 07:30:00"
"372738",13,"0","2021-05-19 07:45:00"
"372846",13,"0","2021-05-19 08:00:00"
"372749",13,"1.925","2021-04-09 22:30:00"
"372857",13,"1.625","2021-04-09 22:45:00"
"375218",13,"2.45","2021-06-30 02:00:00"
"375419",13,"2.9","2021-06-30 02:15:00"
"375642",13,"2.825","2021-06-30 02:30:00"
"375360",13,"3.125","2021-03-07 16:45:00"
"375578",13,"2.825","2021-03-07 17:00:00"
"375506",13,"4.4","2021-05-19 12:45:00"
"375670",13,"4.025","2021-05-19 13:00:00"
"375910",13,"2.75","2021-06-30 02:45:00"
"376221",13,"3.05","2021-06-30 03:00:00"
"379301",13,"4.025","2021-03-07 18:45:00"
"379507",13,"3.275","2021-03-07 19:00:00"
"377507",13,"2.825","2021-05-19 15:45:00"
"377629",13,"3.05","2021-05-19 16:00:00"
"377685",13,"2.225","2021-05-19 16:15:00"
"377508",13,"1.25","2021-04-10 03:30:00"
"377876",13,"1.175","2021-04-10 03:45:00"
"377986",13,"1.55","2021-04-10 04:00:00"
"377739",13,"2.9","2021-05-19 16:30:00"
"377793",13,"2.525","2021-05-19 16:45:00"
"379698",13,"2.375","2021-03-07 19:15:00"
"379876",13,"2.75","2021-03-07 19:30:00"
"380078",13,"2.9","2021-03-07 19:45:00"
"379816",13,"0","2021-05-19 21:00:00"
"380061",13,"2.45","2021-05-19 21:15:00"
"379960",13,"2","2021-06-30 04:45:00"
"380165",13,"1.7000000000000002","2021-06-30 05:00:00"
"380127",13,"0","2021-04-10 08:00:00"
"382515",13,"0","2021-04-10 08:15:00"
"382687",13,"0","2021-04-10 08:30:00"
"382359",13,"0","2021-05-20 00:00:00"
"382413",13,"0","2021-05-20 00:15:00"
"382467",13,"0","2021-05-20 00:30:00"
"382522",13,"0","2021-05-20 00:45:00"
"382680",13,"0","2021-05-20 01:00:00"
"382908",13,"0","2021-05-20 01:15:00"
"382744",13,"0","2021-06-30 09:00:00"
"382997",13,"4.1","2021-06-30 09:15:00"
"383176",13,"4.475","2021-06-30 09:30:00"
"382883",13,"2.825","2021-04-10 08:45:00"
"383095",13,"3.2","2021-04-10 09:00:00"
"384517",13,"4.325","2021-06-30 11:30:00"
"384665",13,"3.8","2021-06-30 11:45:00"
"384812",13,"3.2","2021-06-30 12:00:00"
"384679",13,"5.15","2021-04-10 11:15:00"
"384834",13,"6.8","2021-04-10 11:30:00"
"384981",13,"6.95","2021-04-10 11:45:00"
"384747",13,"3.725","2021-03-08 02:15:00"
"384916",13,"2.375","2021-03-08 02:30:00"
"385057",13,"1.625","2021-03-08 02:45:00"
"385000",13,"3.2","2021-06-30 12:15:00"
"385156",13,"3.425","2021-06-30 12:30:00"
"385304",13,"2.375","2021-06-30 12:45:00"
"385731",13,"2.075","2021-03-08 03:45:00"
"387030",13,"1.925","2021-03-08 04:00:00"
"386812",13,"3.95","2021-06-30 13:30:00"
"386923",13,"4.025","2021-06-30 13:45:00"
"387044",13,"4.25","2021-06-30 14:00:00"
"385953",13,"0","2021-05-20 02:45:00"
"386007",13,"0","2021-05-20 03:00:00"
"386061",13,"0","2021-05-20 03:15:00"
"386115",13,"0","2021-05-20 03:30:00"
"386169",13,"0","2021-05-20 03:45:00"
"387221",13,"6.8","2021-04-10 13:45:00"
"387385",13,"4.4","2021-04-10 14:00:00"
"387548",13,"4.4","2021-04-10 14:15:00"
"387536",13,"0","2021-06-30 14:45:00"
"387713",13,"2.675","2021-06-30 15:00:00"
"387895",13,"3.425","2021-06-30 15:15:00"
"387665",13,"0","2021-03-08 05:00:00"
"387815",13,"0","2021-03-08 05:15:00"
"387702",13,"4.475","2021-04-10 14:30:00"
"387852",13,"4.4","2021-04-10 14:45:00"
"390195",13,"0","2021-05-20 08:30:00"
"390249",13,"1.175","2021-05-20 08:45:00"
"390303",13,"0","2021-05-20 09:00:00"
"390357",13,"0","2021-05-20 09:15:00"
"390411",13,"0","2021-05-20 09:30:00"
"390465",13,"2.075","2021-05-20 09:45:00"
"390519",13,"1.85","2021-05-20 10:00:00"
"390573",13,"1.475","2021-05-20 10:15:00"
"390627",13,"2.975","2021-05-20 10:30:00"
"390681",13,"3.65","2021-05-20 10:45:00"
"391910",13,"4.25","2021-03-08 09:30:00"
"392035",13,"3.65","2021-03-08 09:45:00"
"391791",13,"2.3","2021-04-10 20:45:00"
"391947",13,"0","2021-04-10 21:00:00"
"392131",13,"0","2021-04-10 21:15:00"
"392120",13,"0","2021-06-30 19:15:00"
"392270",13,"0","2021-06-30 19:30:00"
"392418",13,"0.65","2021-06-30 19:45:00"
"392213",13,"4.625","2021-03-08 10:00:00"
"392381",13,"4.25","2021-03-08 10:15:00"
"392536",13,"3.8","2021-03-08 10:30:00"
"394437",13,"2.45","2021-05-20 14:15:00"
"394491",13,"3.2","2021-05-20 14:30:00"
"394545",13,"2.075","2021-05-20 14:45:00"
"394599",13,"3.2","2021-05-20 15:00:00"
"394653",13,"3.425","2021-05-20 15:15:00"
"394707",13,"3.8","2021-05-20 15:30:00"
"394761",13,"3.725","2021-05-20 15:45:00"
"394913",13,"1.625","2021-04-10 22:45:00"
"394967",13,"1.55","2021-04-10 23:00:00"
"395021",13,"1.925","2021-04-10 23:15:00"
"397311",13,"4.25","2021-03-08 16:00:00"
"397483",13,"2.975","2021-03-08 16:15:00"
"397665",13,"1.475","2021-03-08 16:30:00"
"397339",13,"3.275","2021-05-20 17:00:00"
"397509",13,"3.125","2021-05-20 17:15:00"
"397687",13,"3.575","2021-07-01 02:30:00"
"397844",13,"2.825","2021-07-01 02:45:00"
"397652",13,"2.9","2021-05-20 17:30:00"
"397801",13,"3.05","2021-05-20 17:45:00"
"397968",13,"2.375","2021-05-20 18:00:00"
"399425",13,"2.3","2021-04-11 05:45:00"
"399479",13,"2.3","2021-04-11 06:00:00"
"399533",13,"2.3","2021-04-11 06:15:00"
"399587",13,"2","2021-04-11 06:30:00"
"399641",13,"1.625","2021-04-11 06:45:00"
"399695",13,"1.475","2021-04-11 07:00:00"
"399749",13,"1.475","2021-04-11 07:15:00"
"402803",13,"2","2021-04-11 07:30:00"
"399841",13,"0","2021-05-20 20:45:00"
"399895",13,"0","2021-05-20 21:00:00"
"399949",13,"0","2021-05-20 21:15:00"
"402303",13,"5.075","2021-07-01 05:45:00"
"402357",13,"4.025","2021-07-01 06:00:00"
"402411",13,"3.875","2021-07-01 06:15:00"
"402465",13,"3.725","2021-07-01 06:30:00"
"402519",13,"2.825","2021-07-01 06:45:00"
"402573",13,"2.3","2021-07-01 07:00:00"
"402627",13,"1.625","2021-07-01 07:15:00"
"402681",13,"1.1","2021-07-01 07:30:00"
"402735",13,"0","2021-07-01 07:45:00"
"405789",13,"0","2021-07-01 08:00:00"
"403975",13,"0","2021-05-21 02:00:00"
"404029",13,"0","2021-05-21 02:15:00"
"404083",13,"1.925","2021-05-21 02:30:00"
"404137",13,"0","2021-05-21 02:45:00"
"404191",13,"0","2021-05-21 03:00:00"
"404245",13,"2.975","2021-05-21 03:15:00"
"404299",13,"0","2021-05-21 03:30:00"
"404353",13,"0","2021-05-21 03:45:00"
"404407",13,"0","2021-05-21 04:00:00"
"404461",13,"0","2021-05-21 04:15:00"
"406653",13,"8.9","2021-07-01 12:00:00"
"406707",13,"9.72","2021-07-01 12:15:00"
"406761",13,"9.43","2021-07-01 12:30:00"
"409763",13,"8.37","2021-07-01 12:45:00"
"409842",13,"8.53","2021-07-01 13:00:00"
"406829",13,"4.1","2021-04-11 12:15:00"
"406883",13,"3.725","2021-04-11 12:30:00"
"406937",13,"5.45","2021-04-11 12:45:00"
"406991",13,"4.55","2021-04-11 13:00:00"
"407045",13,"3.275","2021-04-11 13:15:00"
"409299",13,"0","2021-03-09 05:30:00"
"409353",13,"0","2021-03-09 05:45:00"
"409407",13,"0","2021-03-09 06:00:00"
"409461",13,"0.9500000000000001","2021-03-09 06:15:00"
"409515",13,"0","2021-03-09 06:30:00"
"409569",13,"0","2021-03-09 06:45:00"
"409623",13,"1.1","2021-03-09 07:00:00"
"409677",13,"0","2021-03-09 07:15:00"
"409771",13,"0.88","2021-03-09 07:30:00"
"412617",13,"0.28","2021-03-09 07:45:00"
"411611",13,"2","2021-04-11 20:30:00"
"411665",13,"1.925","2021-04-11 20:45:00"
"411719",13,"1.55","2021-04-11 21:00:00"
"411773",13,"1.85","2021-04-11 21:15:00"
"412930",13,"1.7000000000000002","2021-04-11 21:30:00"
"411865",13,"4.475","2021-05-21 10:45:00"
"411919",13,"5","2021-05-21 11:00:00"
"411973",13,"5.075","2021-05-21 11:15:00"
"412027",13,"5.825","2021-05-21 11:30:00"
"412081",13,"4.475","2021-05-21 11:45:00"
"412135",13,"6.35","2021-05-21 12:00:00"
"414073",13,"0","2021-04-11 22:30:00"
"414392",13,"0","2021-04-11 22:45:00"
"414020",13,"3.275","2021-03-09 10:00:00"
"414149",13,"3.2","2021-03-09 10:15:00"
"414151",13,"4.325","2021-07-01 19:45:00"
"414273",13,"4.025","2021-07-01 20:00:00"
"414274",13,"3.05","2021-03-09 10:30:00"
"414398",13,"3.725","2021-03-09 10:45:00"
"414534",13,"3.125","2021-03-09 11:00:00"
"415421",13,"0","2021-04-12 00:15:00"
"415475",13,"2.3","2021-04-12 00:30:00"
"415529",13,"1.4","2021-04-12 00:45:00"
"415583",13,"1.85","2021-04-12 01:00:00"
"415637",13,"1.85","2021-04-12 01:15:00"
"415691",13,"0","2021-04-12 01:30:00"
"415745",13,"0","2021-04-12 01:45:00"
"417031",13,"0","2021-04-12 02:00:00"
"415867",13,"6.575","2021-05-21 15:15:00"
"416016",13,"6.95","2021-05-21 15:30:00"
"416179",13,"6.2","2021-05-21 15:45:00"
"418689",13,"7.4","2021-03-09 16:15:00"
"418917",13,"4.25","2021-03-09 16:30:00"
"419103",13,"3.875","2021-03-09 16:45:00"
"419213",13,"2.375","2021-04-12 04:30:00"
"419362",13,"2.075","2021-04-12 04:45:00"
"419123",13,"2.975","2021-07-02 02:00:00"
"419323",13,"3.05","2021-07-02 02:15:00"
"419852",13,"3.125","2021-07-02 02:30:00"
"420231",13,"5.075","2021-03-09 17:00:00"
"420400",13,"4.4","2021-03-09 17:15:00"
"421062",13,"8.3","2021-03-09 18:15:00"
"421217",13,"9.35","2021-03-09 18:30:00"
"421288",13,"2.9","2021-07-02 05:00:00"
"421450",13,"2.675","2021-07-02 05:15:00"
"421661",13,"2.15","2021-07-02 05:30:00"
"421320",13,"3.575","2021-05-21 22:30:00"
"421474",13,"3.575","2021-05-21 22:45:00"
"421379",13,"7.55","2021-03-09 18:45:00"
"421549",13,"3.8","2021-03-09 19:00:00"
"421668",13,"3.875","2021-05-21 23:00:00"
"423473",13,"2.075","2021-04-12 09:45:00"
"423527",13,"2","2021-04-12 10:00:00"
"423079",13,"0","2021-04-12 08:30:00"
"423198",13,"0","2021-04-12 08:45:00"
"423306",13,"0","2021-04-12 09:00:00"
"423365",13,"1.175","2021-04-12 09:15:00"
"423419",13,"1.625","2021-04-12 09:30:00"
"423581",13,"2.3","2021-04-12 10:15:00"
"423635",13,"2.9","2021-04-12 10:30:00"
"423689",13,"2.075","2021-04-12 10:45:00"
"424966",13,"1.325","2021-03-09 23:00:00"
"425147",13,"0","2021-03-09 23:15:00"
"425415",13,"0","2021-03-09 23:30:00"
"425131",13,"3.05","2021-05-22 02:45:00"
"425315",13,"5.6","2021-05-22 03:00:00"
"425278",13,"0","2021-07-02 09:15:00"
"425489",13,"0","2021-07-02 09:30:00"
"425461",13,"2.45","2021-04-12 11:45:00"
"423930",13,"0","2021-07-02 07:15:00"
"424053",13,"0","2021-07-02 07:30:00"
"423060",13,"3.125","2021-03-09 21:00:00"
"423156",13,"1.625","2021-03-09 21:15:00"
"423265",13,"3.05","2021-03-09 21:30:00"
"429830",13,"1.925","2021-03-10 04:45:00"
"430040",13,"2.15","2021-03-10 05:00:00"
"430282",13,"0","2021-03-10 05:15:00"
"429902",13,"4.325","2021-05-22 07:45:00"
"430108",13,"5.975","2021-05-22 08:00:00"
"430288",13,"4.775","2021-05-22 08:15:00"
"430308",13,"2.075","2021-04-12 18:00:00"
"430495",13,"2.375","2021-04-12 18:15:00"
"430703",13,"2.15","2021-04-12 18:30:00"
"430473",13,"2.45","2021-07-02 15:00:00"
"430775",13,"3.125","2021-07-02 15:15:00"
"430931",13,"0","2021-03-10 06:00:00"
"431155",13,"0","2021-03-10 06:15:00"
"431343",13,"0","2021-03-10 06:30:00"
"430984",13,"2.075","2021-07-02 15:30:00"
"431214",13,"3.725","2021-07-02 15:45:00"
"431386",13,"1.625","2021-07-02 16:00:00"
"431366",13,"2","2021-04-12 19:15:00"
"431505",13,"1.85","2021-04-12 19:30:00"
"431633",13,"2.825","2021-04-12 19:45:00"
"431496",13,"0","2021-03-10 06:45:00"
"432776",13,"0","2021-03-10 07:00:00"
"432515",13,"2.375","2021-07-02 18:00:00"
"432680",13,"1.85","2021-07-02 18:15:00"
"432840",13,"2.15","2021-07-02 18:30:00"
"432778",13,"2.075","2021-04-12 22:30:00"
"432930",13,"2.15","2021-04-12 22:45:00"
"433159",13,"2.3","2021-04-12 23:00:00"
"433040",13,"1.7000000000000002","2021-07-02 18:45:00"
"433250",13,"1.925","2021-07-02 19:00:00"
"433056",13,"0","2021-03-10 07:15:00"
"433241",13,"0","2021-03-10 07:30:00"
"433495",13,"1.925","2021-03-10 07:45:00"
"433776",13,"5.45","2021-05-22 11:00:00"
"433967",13,"5.45","2021-05-22 11:15:00"
"434157",13,"6.875","2021-05-22 11:30:00"
"433826",13,"0","2021-04-12 23:45:00"
"433997",13,"0","2021-04-13 00:00:00"
"434236",13,"0","2021-04-13 00:15:00"
"434055",13,"1.175","2021-07-02 20:00:00"
"434250",13,"2.525","2021-07-02 20:15:00"
"434480",13,"2.825","2021-07-02 20:30:00"
"434368",13,"6.8","2021-05-22 11:45:00"
"434604",13,"5.675","2021-05-22 12:00:00"
"435290",13,"3.8","2021-05-22 13:15:00"
"435420",13,"3.575","2021-05-22 13:30:00"
"435514",13,"3.575","2021-05-22 13:45:00"
"435552",13,"5","2021-03-10 10:45:00"
"435662",13,"5.3","2021-03-10 11:00:00"
"435725",13,"5.15","2021-03-10 11:15:00"
"435621",13,"4.475","2021-05-22 14:00:00"
"437969",13,"3.95","2021-05-22 14:15:00"
"435779",13,"5.45","2021-03-10 11:30:00"
"436682",13,"4.625","2021-03-10 11:45:00"
"436541",13,"0","2021-04-13 01:45:00"
"436790",13,"0","2021-04-13 02:00:00"
"436515",13,"2.9","2021-07-02 23:45:00"
"436616",13,"2.675","2021-07-03 00:00:00"
"436754",13,"2.825","2021-07-03 00:15:00"
"436829",13,"4.625","2021-03-10 12:00:00"
"436960",13,"5.3","2021-03-10 12:15:00"
"437079",13,"4.175","2021-03-10 12:30:00"
"436880",13,"2.975","2021-07-03 00:30:00"
"437035",13,"2.9","2021-07-03 00:45:00"
"438065",13,"3.2","2021-04-13 03:30:00"
"438260",13,"2.675","2021-04-13 03:45:00"
"438466",13,"3.5","2021-04-13 04:00:00"
"438187",13,"3.875","2021-05-22 14:30:00"
"438403",13,"4.925","2021-05-22 14:45:00"
"438572",13,"5.75","2021-05-22 15:00:00"
"438269",13,"4.325","2021-03-10 15:15:00"
"438373",13,"5","2021-03-10 15:30:00"
"438518",13,"6.05","2021-03-10 15:45:00"
"438630",13,"5.375","2021-03-10 16:00:00"
"440955",13,"5","2021-03-10 16:15:00"
"439723",13,"4.625","2021-05-22 18:30:00"
"439777",13,"4.7","2021-05-22 18:45:00"
"439969",13,"2.075","2021-07-03 02:30:00"
"440023",13,"2.15","2021-07-03 02:45:00"
"440077",13,"2.525","2021-07-03 03:00:00"
"440131",13,"2.525","2021-07-03 03:15:00"
"440185",13,"2.825","2021-07-03 03:30:00"
"440239",13,"2.075","2021-07-03 03:45:00"
"440293",13,"1.625","2021-07-03 04:00:00"
"440347",13,"0","2021-07-03 04:15:00"
"440407",13,"0","2021-07-03 04:30:00"
"440502",13,"0","2021-07-03 04:45:00"
"440591",13,"2.75","2021-07-03 05:00:00"
"440687",13,"3.05","2021-07-03 05:15:00"
"440680",13,"4.25","2021-04-13 06:15:00"
"440809",13,"4.025","2021-04-13 06:30:00"
"440777",13,"3.05","2021-07-03 05:30:00"
"440890",13,"2.675","2021-07-03 05:45:00"
"441038",13,"2.525","2021-07-03 06:00:00"
"442453",13,"6.05","2021-04-13 09:15:00"
"442598",13,"5.825","2021-04-13 09:30:00"
"442657",13,"5.6","2021-04-13 09:45:00"
"442742",13,"6.2","2021-04-13 10:00:00"
"442856",13,"5","2021-04-13 10:15:00"
"445819",13,"5.225","2021-04-13 10:30:00"
"442780",13,"4.175","2021-05-22 19:00:00"
"442884",13,"5.375","2021-05-22 19:15:00"
"442939",13,"5.45","2021-05-22 19:30:00"
"442993",13,"5","2021-05-22 19:45:00"
"443047",13,"4.7","2021-05-22 20:00:00"
"444319",13,"0","2021-07-03 08:45:00"
"444373",13,"0","2021-07-03 09:00:00"
"444427",13,"0","2021-07-03 09:15:00"
"444481",13,"0","2021-07-03 09:30:00"
"444535",13,"0","2021-07-03 09:45:00"
"444589",13,"1.625","2021-07-03 10:00:00"
"444651",13,"1.475","2021-07-03 10:15:00"
"444747",13,"0","2021-07-03 10:30:00"
"444748",13,"0","2021-03-10 21:00:00"
"444845",13,"0","2021-03-10 21:15:00"
"444937",13,"0","2021-03-10 21:30:00"
"444864",13,"0","2021-07-03 10:45:00"
"448436",13,"1.775","2021-07-03 11:00:00"
"444993",13,"0","2021-03-10 21:45:00"
"445047",13,"0","2021-03-10 22:00:00"
"445101",13,"0","2021-03-10 22:15:00"
"445155",13,"0","2021-03-10 22:30:00"
"445209",13,"0","2021-03-10 22:45:00"
"445263",13,"0","2021-03-10 23:00:00"
"445317",13,"0","2021-03-10 23:15:00"
"446352",13,"1.625","2021-05-23 00:45:00"
"446428",13,"3.05","2021-05-23 01:00:00"
"446504",13,"2.825","2021-05-23 01:15:00"
"446617",13,"5.225","2021-04-13 12:00:00"
"446782",13,"4.775","2021-04-13 12:15:00"
"446589",13,"1.925","2021-05-23 01:30:00"
"446664",13,"3.35","2021-05-23 01:45:00"
"446750",13,"3.65","2021-05-23 02:00:00"
"446827",13,"3.125","2021-05-23 02:15:00"
"446906",13,"2.675","2021-05-23 02:30:00"
"447413",13,"6.275","2021-04-13 13:15:00"
"447467",13,"3.95","2021-04-13 13:30:00"
"447521",13,"3.35","2021-04-13 13:45:00"
"447575",13,"3.35","2021-04-13 14:00:00"
"447660",13,"4.625","2021-04-13 14:15:00"
"447772",13,"4.475","2021-04-13 14:30:00"
"447875",13,"5.225","2021-04-13 14:45:00"
"447859",13,"0","2021-03-11 02:00:00"
"447965",13,"0","2021-03-11 02:15:00"
"448019",13,"0","2021-03-11 02:30:00"
"449156",13,"2","2021-07-03 13:15:00"
"449243",13,"2.975","2021-07-03 13:30:00"
"449325",13,"3.2","2021-07-03 13:45:00"
"449408",13,"3.05","2021-07-03 14:00:00"
"449483",13,"3.05","2021-07-03 14:15:00"
"449534",13,"0","2021-03-11 06:00:00"
"451585",13,"0","2021-03-11 06:15:00"
"449561",13,"4.25","2021-07-03 14:30:00"
"449615",13,"4.325","2021-07-03 14:45:00"
"449669",13,"4.325","2021-07-03 15:00:00"
"450315",13,"3.5","2021-05-23 06:30:00"
"450369",13,"2.9","2021-05-23 06:45:00"
"450423",13,"3.425","2021-05-23 07:00:00"
"450477",13,"3.2","2021-05-23 07:15:00"
"450684",13,"6.425","2021-05-23 07:30:00"
"450531",13,"3.65","2021-04-13 15:00:00"
"450585",13,"3.95","2021-04-13 15:15:00"
"450639",13,"3.95","2021-04-13 15:30:00"
"450738",13,"3.95","2021-04-13 15:45:00"
"450878",13,"4.55","2021-04-13 16:00:00"
"451029",13,"4.85","2021-04-13 16:15:00"
"451933",13,"6.65","2021-04-13 19:30:00"
"452045",13,"0","2021-03-11 07:15:00"
"452099",13,"0","2021-03-11 07:30:00"
"452153",13,"0","2021-03-11 07:45:00"
"452207",13,"1.1","2021-03-11 08:00:00"
"452261",13,"0","2021-03-11 08:15:00"
"452318",13,"2.6","2021-03-11 08:30:00"
"452423",13,"2.75","2021-03-11 08:45:00"
"452416",13,"3.275","2021-07-03 15:45:00"
"452528",13,"3.125","2021-07-03 16:00:00"
"452620",13,"2.675","2021-07-03 16:15:00"
"453116",13,"3.05","2021-03-11 10:15:00"
"453283",13,"3.2","2021-03-11 10:30:00"
"455801",13,"4.25","2021-03-11 10:45:00"
"453205",13,"1.1","2021-07-03 17:45:00"
"453284",13,"0.73","2021-07-03 18:00:00"
"453371",13,"1.55","2021-07-03 18:15:00"
"453425",13,"2.15","2021-07-03 18:30:00"
"453523",13,"2.3","2021-07-03 18:45:00"
"453548",13,"7.625","2021-04-13 19:45:00"
"453685",13,"7.325","2021-04-13 20:00:00"
"454843",13,"5.225","2021-05-23 11:00:00"
"454951",13,"6.95","2021-05-23 11:15:00"
"455062",13,"5.975","2021-05-23 11:30:00"
"454883",13,"6.875","2021-04-13 22:15:00"
"454989",13,"7.025","2021-04-13 22:30:00"
"455088",13,"7.625","2021-04-13 22:45:00"
"455157",13,"6.275","2021-05-23 11:45:00"
"455264",13,"8","2021-05-23 12:00:00"
"455206",13,"7.925","2021-04-13 23:00:00"
"455334",13,"7.25","2021-04-13 23:15:00"
"455855",13,"3.425","2021-03-11 11:00:00"
"455909",13,"3.2","2021-03-11 11:15:00"
"455963",13,"5.3","2021-03-11 11:30:00"
"456017",13,"4.25","2021-03-11 11:45:00"
"456071",13,"4.625","2021-03-11 12:00:00"
"456125",13,"4.85","2021-03-11 12:15:00"
"456179",13,"4.775","2021-03-11 12:30:00"
"456233",13,"5","2021-03-11 12:45:00"
"456287",13,"6.95","2021-03-11 13:00:00"
"456341",13,"7.85","2021-03-11 13:15:00"
"456965",13,"2.3","2021-07-03 21:00:00"
"457019",13,"0","2021-07-03 21:15:00"
"457073",13,"0","2021-07-03 21:30:00"
"457127",13,"0","2021-07-03 21:45:00"
"457200",13,"2.375","2021-07-03 22:00:00"
"457308",13,"2.75","2021-07-03 22:15:00"
"457412",13,"2.675","2021-07-03 22:30:00"
"457399",13,"5.825","2021-04-14 00:45:00"
"457505",13,"5.75","2021-04-14 01:00:00"
"457612",13,"5.975","2021-04-14 01:15:00"
"458024",13,"2.525","2021-07-04 00:00:00"
"458181",13,"2.6","2021-07-04 00:15:00"
"458298",13,"2.6","2021-07-04 00:30:00"
"458201",13,"8","2021-05-23 13:30:00"
"458442",13,"8.22","2021-05-23 13:45:00"
"458542",13,"7.925","2021-05-23 14:00:00"
"458376",13,"5.3","2021-04-14 02:45:00"
"458533",13,"4.4","2021-04-14 03:00:00"
"458441",13,"2.525","2021-07-04 00:45:00"
"460829",13,"1.85","2021-07-04 01:00:00"
"460883",13,"1.7000000000000002","2021-07-04 01:15:00"
"459710",13,"5.45","2021-05-23 17:30:00"
"459819",13,"5.375","2021-05-23 17:45:00"
"422547",13,"3.8","2021-05-22 00:00:00"
"422553",13,"0","2021-04-12 07:45:00"
"422754",13,"3.125","2021-03-09 20:30:00"
"422902",13,"2.75","2021-03-09 20:45:00"
"422585",13,"1.775","2021-07-02 06:30:00"
"422791",13,"1.925","2021-07-02 06:45:00"
"422956",13,"1.7000000000000002","2021-07-02 07:00:00"
"423743",13,"2.3","2021-04-12 11:00:00"
"425047",13,"1.85","2021-04-12 11:15:00"
"425232",13,"2.225","2021-04-12 11:30:00"
"423909",13,"4.925","2021-05-22 00:45:00"
"424009",13,"3.875","2021-05-22 01:00:00"
"424125",13,"2.675","2021-05-22 01:15:00"
"424169",13,"2.675","2021-03-09 21:45:00"
"424320",13,"2","2021-03-09 22:00:00"
"424513",13,"0","2021-03-09 22:15:00"
"424307",13,"2.3","2021-05-22 01:30:00"
"424452",13,"1.1","2021-05-22 01:45:00"
"424190",13,"0","2021-07-02 07:45:00"
"424351",13,"0","2021-07-02 08:00:00"
"424499",13,"0","2021-07-02 08:15:00"
"424655",13,"0","2021-03-09 22:30:00"
"424794",13,"0","2021-03-09 22:45:00"
"424611",13,"12.05","2021-05-22 02:00:00"
"424771",13,"11.23","2021-05-22 02:15:00"
"424929",13,"5.3","2021-05-22 02:30:00"
"424689",13,"0","2021-07-02 08:30:00"
"424869",13,"0","2021-07-02 08:45:00"
"425040",13,"0","2021-07-02 09:00:00"
"425642",13,"0","2021-03-09 23:45:00"
"425828",13,"0","2021-03-10 00:00:00"
"425539",13,"5.825","2021-05-22 03:15:00"
"425777",13,"4.175","2021-05-22 03:30:00"
"425968",13,"4.85","2021-05-22 03:45:00"
"425703",13,"0","2021-07-02 09:45:00"
"425955",13,"0","2021-07-02 10:00:00"
"426151",13,"2.6","2021-07-02 10:15:00"
"425869",13,"3.95","2021-04-12 12:15:00"
"426110",13,"2","2021-04-12 12:30:00"
"426325",13,"3.125","2021-04-12 12:45:00"
"426713",13,"0","2021-03-10 01:00:00"
"426906",13,"0","2021-03-10 01:15:00"
"426631",13,"3.725","2021-05-22 04:30:00"
"426875",13,"5.6","2021-05-22 04:45:00"
"427807",13,"4.775","2021-05-22 05:00:00"
"426797",13,"3.2","2021-07-02 11:00:00"
"427016",13,"2.825","2021-07-02 11:15:00"
"427174",13,"2.975","2021-07-02 11:30:00"
"426919",13,"4.025","2021-04-12 13:30:00"
"427111",13,"4.1","2021-04-12 13:45:00"
"427308",13,"3.95","2021-04-12 14:00:00"
"427089",13,"0","2021-03-10 01:30:00"
"427236",13,"0","2021-03-10 01:45:00"
"427355",13,"0","2021-03-10 02:00:00"
"427839",13,"3.275","2021-07-02 11:45:00"
"427985",13,"3.35","2021-07-02 12:00:00"
"427423",13,"3.725","2021-04-12 14:15:00"
"427499",13,"3.425","2021-04-12 14:30:00"
"427834",13,"0","2021-03-10 02:15:00"
"428012",13,"0","2021-03-10 02:30:00"
"427553",13,"3.575","2021-04-12 14:45:00"
"427607",13,"3.2","2021-04-12 15:00:00"
"427661",13,"2.825","2021-04-12 15:15:00"
"427715",13,"3.8","2021-04-12 15:30:00"
"427769",13,"2.3","2021-04-12 15:45:00"
"427921",13,"3.125","2021-05-22 05:15:00"
"428068",13,"0","2021-05-22 05:30:00"
"428194",13,"0","2021-05-22 05:45:00"
"428187",13,"2.975","2021-07-02 12:15:00"
"428357",13,"3.725","2021-07-02 12:30:00"
"428532",13,"3.95","2021-07-02 12:45:00"
"428183",13,"0","2021-03-10 02:45:00"
"428326",13,"0.43","2021-03-10 03:00:00"
"428551",13,"0","2021-03-10 03:15:00"
"428370",13,"0","2021-05-22 06:00:00"
"428542",13,"0","2021-05-22 06:15:00"
"428614",13,"4.025","2021-04-12 16:00:00"
"428836",13,"3.425","2021-04-12 16:15:00"
"429043",13,"3.2","2021-04-12 16:30:00"
"428760",13,"3.05","2021-07-02 13:00:00"
"428976",13,"3.275","2021-07-02 13:15:00"
"428742",13,"0","2021-03-10 03:30:00"
"428951",13,"0","2021-03-10 03:45:00"
"429171",13,"2.075","2021-03-10 04:00:00"
"428747",13,"3.575","2021-05-22 06:30:00"
"428960",13,"3.725","2021-05-22 06:45:00"
"429187",13,"4.475","2021-05-22 07:00:00"
"429252",13,"1.7000000000000002","2021-04-12 16:45:00"
"429432",13,"2.225","2021-04-12 17:00:00"
"429659",13,"1.625","2021-04-12 17:15:00"
"429189",13,"3.8","2021-07-02 13:30:00"
"429424",13,"2.825","2021-07-02 13:45:00"
"429585",13,"3.275","2021-07-02 14:00:00"
"430497",13,"0","2021-03-10 05:30:00"
"430700",13,"0","2021-03-10 05:45:00"
"430523",13,"3.2","2021-05-22 08:30:00"
"430720",13,"3.275","2021-05-22 08:45:00"
"430959",13,"2","2021-04-12 18:45:00"
"431161",13,"1.85","2021-04-12 19:00:00"
"430871",13,"2.825","2021-05-22 09:00:00"
"431057",13,"3.5","2021-05-22 09:15:00"
"431272",13,"4.55","2021-05-22 09:30:00"
"432163",13,"1.475","2021-04-12 21:15:00"
"432236",13,"0","2021-04-12 21:30:00"
"432276",13,"2.75","2021-07-02 17:30:00"
"432382",13,"2.825","2021-07-02 17:45:00"
"432379",13,"1.925","2021-04-12 21:45:00"
"432494",13,"1.85","2021-04-12 22:00:00"
"432614",13,"1.925","2021-04-12 22:15:00"
"432594",13,"4.55","2021-05-22 09:45:00"
"432908",13,"4.625","2021-05-22 10:00:00"
"433161",13,"4.025","2021-05-22 10:15:00"
"433323",13,"4.625","2021-05-22 10:30:00"
"433519",13,"4.625","2021-05-22 10:45:00"
"433434",13,"2","2021-04-12 23:15:00"
"433627",13,"1.775","2021-04-12 23:30:00"
"433433",13,"2.6","2021-07-02 19:15:00"
"433610",13,"2.45","2021-07-02 19:30:00"
"433813",13,"1.85","2021-07-02 19:45:00"
"433746",13,"1.625","2021-03-10 08:00:00"
"434021",13,"1.925","2021-03-10 08:15:00"
"434897",13,"3.95","2021-03-10 09:15:00"
"435021",13,"3.95","2021-03-10 09:30:00"
"435133",13,"4.1","2021-03-10 09:45:00"
"434853",13,"0","2021-04-13 01:00:00"
"436221",13,"0","2021-04-13 01:15:00"
"436394",13,"0","2021-04-13 01:30:00"
"435177",13,"3.35","2021-05-22 13:00:00"
"435243",13,"4.85","2021-03-10 10:00:00"
"435334",13,"4.325","2021-03-10 10:15:00"
"435431",13,"4.4","2021-03-10 10:30:00"
"435835",13,"2.975","2021-07-02 21:15:00"
"435889",13,"2.975","2021-07-02 21:30:00"
"435943",13,"2.6","2021-07-02 21:45:00"
"435997",13,"1.925","2021-07-02 22:00:00"
"436051",13,"1.85","2021-07-02 22:15:00"
"436105",13,"2.675","2021-07-02 22:30:00"
"436187",13,"3.275","2021-07-02 22:45:00"
"436272",13,"2.975","2021-07-02 23:00:00"
"436344",13,"2.45","2021-07-02 23:15:00"
"436427",13,"2.75","2021-07-02 23:30:00"
"439807",13,"2.825","2021-07-03 01:45:00"
"439861",13,"2.525","2021-07-03 02:00:00"
"439915",13,"2.3","2021-07-03 02:15:00"
"437723",13,"3.725","2021-04-13 03:00:00"
"437864",13,"3.875","2021-04-13 03:15:00"
"437744",13,"3.125","2021-03-10 14:00:00"
"437827",13,"4.7","2021-03-10 14:15:00"
"437939",13,"3.95","2021-03-10 14:30:00"
"438051",13,"4.925","2021-03-10 14:45:00"
"438156",13,"4.1","2021-03-10 15:00:00"
"439222",13,"3.65","2021-04-13 05:30:00"
"440427",13,"3.2","2021-04-13 05:45:00"
"440547",13,"4.025","2021-04-13 06:00:00"
"439279",13,"5.3","2021-05-22 16:30:00"
"439345",13,"4.625","2021-05-22 16:45:00"
"439399",13,"4.925","2021-05-22 17:00:00"
"439453",13,"6.65","2021-05-22 17:15:00"
"439507",13,"6.725","2021-05-22 17:30:00"
"439561",13,"4.775","2021-05-22 17:45:00"
"439615",13,"5.675","2021-05-22 18:00:00"
"439669",13,"4.025","2021-05-22 18:15:00"
"440938",13,"5.075","2021-04-13 06:45:00"
"441069",13,"4.925","2021-04-13 07:00:00"
"441187",13,"5","2021-04-13 07:15:00"
"441168",13,"5.15","2021-03-10 16:30:00"
"441269",13,"4.1","2021-03-10 16:45:00"
"441356",13,"3.2","2021-03-10 17:00:00"
"441223",13,"2.6","2021-07-03 06:15:00"
"443833",13,"2.375","2021-07-03 06:30:00"
"441360",13,"5.225","2021-04-13 07:30:00"
"441510",13,"5.225","2021-04-13 07:45:00"
"442007",13,"0","2021-03-10 19:00:00"
"442083",13,"2.15","2021-03-10 19:15:00"
"442172",13,"2.45","2021-03-10 19:30:00"
"442161",13,"6.5","2021-04-13 08:45:00"
"442321",13,"5.975","2021-04-13 09:00:00"
"442248",13,"2.45","2021-03-10 19:45:00"
"442334",13,"2.45","2021-03-10 20:00:00"
"442426",13,"2.975","2021-03-10 20:15:00"
"442511",13,"2.45","2021-03-10 20:30:00"
"442600",13,"1.625","2021-03-10 20:45:00"
"443101",13,"5","2021-05-22 20:15:00"
"443155",13,"4.475","2021-05-22 20:30:00"
"443209",13,"6.05","2021-05-22 20:45:00"
"443263",13,"5.825","2021-05-22 21:00:00"
"443317",13,"7.475","2021-05-22 21:15:00"
"443371",13,"5.825","2021-05-22 21:30:00"
"443425",13,"2.75","2021-05-22 21:45:00"
"443479",13,"0","2021-05-22 22:00:00"
"443533",13,"0","2021-05-22 22:15:00"
"443587",13,"4.1","2021-05-22 22:30:00"
"443641",13,"3.575","2021-05-22 22:45:00"
"445371",13,"0","2021-03-10 23:30:00"
"445425",13,"0","2021-03-10 23:45:00"
"445479",13,"0","2021-03-11 00:00:00"
"445533",13,"0","2021-03-11 00:15:00"
"445587",13,"0","2021-03-11 00:30:00"
"445641",13,"0","2021-03-11 00:45:00"
"445695",13,"0","2021-03-11 01:00:00"
"445749",13,"0","2021-03-11 01:15:00"
"447646",13,"0","2021-03-11 01:30:00"
"447750",13,"0","2021-03-11 01:45:00"
"446961",13,"5.525","2021-04-13 12:30:00"
"447143",13,"5.675","2021-04-13 12:45:00"
"447324",13,"5.45","2021-04-13 13:00:00"
"446982",13,"1.7000000000000002","2021-05-23 02:45:00"
"447051",13,"3.275","2021-05-23 03:00:00"
"447135",13,"4.475","2021-05-23 03:15:00"
"447212",13,"5","2021-05-23 03:30:00"
"447289",13,"4.175","2021-05-23 03:45:00"
"447370",13,"3.05","2021-05-23 04:00:00"
"449829",13,"2.675","2021-05-23 04:15:00"
"449883",13,"3.275","2021-05-23 04:30:00"
"448073",13,"0","2021-03-11 02:45:00"
"448127",13,"0","2021-03-11 03:00:00"
"448181",13,"0","2021-03-11 03:15:00"
"448235",13,"0","2021-03-11 03:30:00"
"448289",13,"0","2021-03-11 03:45:00"
"448343",13,"0","2021-03-11 04:00:00"
"448398",13,"0","2021-03-11 04:15:00"
"448545",13,"0","2021-03-11 04:30:00"
"448522",13,"2.6","2021-07-03 11:15:00"
"448597",13,"2.825","2021-07-03 11:30:00"
"448677",13,"3.425","2021-07-03 11:45:00"
"449723",13,"4.475","2021-07-03 15:15:00"
"449777",13,"3.425","2021-07-03 15:30:00"
"449937",13,"2.825","2021-05-23 04:45:00"
"449991",13,"4.625","2021-05-23 05:00:00"
"450045",13,"3.275","2021-05-23 05:15:00"
"450099",13,"3.65","2021-05-23 05:30:00"
"450153",13,"3.425","2021-05-23 05:45:00"
"450207",13,"3.5","2021-05-23 06:00:00"
"450261",13,"3.65","2021-05-23 06:15:00"
"450776",13,"3.65","2021-05-23 07:45:00"
"450859",13,"4.325","2021-05-23 08:00:00"
"450944",13,"4.475","2021-05-23 08:15:00"
"451025",13,"4.7","2021-05-23 08:30:00"
"453534",13,"4.325","2021-05-23 08:45:00"
"451115",13,"4.775","2021-04-13 16:30:00"
"451169",13,"5","2021-04-13 16:45:00"
"451223",13,"7.025","2021-04-13 17:00:00"
"451277",13,"8","2021-04-13 17:15:00"
"451331",13,"6.575","2021-04-13 17:30:00"
"452527",13,"2.825","2021-03-11 09:00:00"
"452651",13,"3.2","2021-03-11 09:15:00"
"452768",13,"3.275","2021-03-11 09:30:00"
"452724",13,"0","2021-07-03 16:30:00"
"452823",13,"2.675","2021-07-03 16:45:00"
"452886",13,"2.9","2021-03-11 09:45:00"
"452993",13,"2.825","2021-03-11 10:00:00"
"452923",13,"1.25","2021-07-03 17:00:00"
"453032",13,"1.775","2021-07-03 17:15:00"
"453127",13,"0","2021-07-03 17:30:00"
"454213",13,"6.275","2021-05-23 09:45:00"
"454373",13,"6.05","2021-05-23 10:00:00"
"454504",13,"6.2","2021-05-23 10:15:00"
"454328",13,"6.875","2021-04-13 21:00:00"
"454469",13,"8.15","2021-04-13 21:15:00"
"454622",13,"6.425","2021-05-23 10:30:00"
"454742",13,"4.4","2021-05-23 10:45:00"
"454559",13,"7.625","2021-04-13 21:30:00"
"454666",13,"7.1","2021-04-13 21:45:00"
"454776",13,"7.025","2021-04-13 22:00:00"
"455368",13,"6.275","2021-05-23 12:15:00"
"455474",13,"5.9","2021-05-23 12:30:00"
"455585",13,"6.425","2021-05-23 12:45:00"
"455440",13,"8.53","2021-04-13 23:30:00"
"455547",13,"6.875","2021-04-13 23:45:00"
"455648",13,"6.8","2021-04-14 00:00:00"
"455692",13,"8.37","2021-05-23 13:00:00"
"455773",13,"7.85","2021-05-23 13:15:00"
"457177",13,"5.375","2021-04-14 00:15:00"
"457288",13,"5.525","2021-04-14 00:30:00"
"457525",13,"2.225","2021-07-03 22:45:00"
"457632",13,"2.15","2021-07-03 23:00:00"
"457707",13,"2.45","2021-07-03 23:15:00"
"457748",13,"5.075","2021-04-14 01:30:00"
"457858",13,"5.3","2021-04-14 01:45:00"
"457817",13,"2.525","2021-07-03 23:30:00"
"457923",13,"2.6","2021-07-03 23:45:00"
"457972",13,"5.6","2021-04-14 02:00:00"
"458081",13,"5.525","2021-04-14 02:15:00"
"458236",13,"5.975","2021-04-14 02:30:00"
"459220",13,"6.575","2021-04-14 04:45:00"
"461418",13,"5.9","2021-04-14 05:00:00"
"459255",13,"5.975","2021-05-23 15:30:00"
"459313",13,"6.65","2021-05-23 15:45:00"
"459367",13,"6.5","2021-05-23 16:00:00"
"459421",13,"6.35","2021-05-23 16:15:00"
"459475",13,"6.5","2021-05-23 16:30:00"
"459529",13,"7.4","2021-05-23 16:45:00"
"459583",13,"7.025","2021-05-23 17:00:00"
"459766",13,"8.15","2021-03-11 15:30:00"
"459871",13,"7.625","2021-03-11 15:45:00"
"459935",13,"9.2","2021-03-11 16:00:00"
"459989",13,"7.4","2021-03-11 16:15:00"
"460043",13,"7.1","2021-03-11 16:30:00"
"460097",13,"7.4","2021-03-11 16:45:00"
"460151",13,"7.175","2021-03-11 17:00:00"
"465071",13,"2.525","2021-07-04 06:45:00"
"465125",13,"2.675","2021-07-04 07:00:00"
"465179",13,"2.45","2021-07-04 07:15:00"
"465233",13,"2.375","2021-07-04 07:30:00"
"465287",13,"2","2021-07-04 07:45:00"
"465341",13,"1.85","2021-07-04 08:00:00"
"465395",13,"2.15","2021-07-04 08:15:00"
"465449",13,"2.3","2021-07-04 08:30:00"
"465503",13,"2.825","2021-07-04 08:45:00"
"465557",13,"3.8","2021-07-04 09:00:00"
"465611",13,"4.85","2021-07-04 09:15:00"
"466760",13,"5.975","2021-04-14 14:00:00"
"468062",13,"5.825","2021-04-14 14:15:00"
"466933",13,"2.3","2021-05-23 23:15:00"
"466987",13,"3.575","2021-05-23 23:30:00"
"467041",13,"4.7","2021-05-23 23:45:00"
"467095",13,"0.88","2021-05-24 00:00:00"
"467149",13,"4.475","2021-05-24 00:15:00"
"467203",13,"4.1","2021-05-24 00:30:00"
"467257",13,"3.8","2021-05-24 00:45:00"
"469051",13,"5.15","2021-04-14 15:45:00"
"469229",13,"4.325","2021-04-14 16:00:00"
"469469",13,"5.675","2021-04-14 16:15:00"
"469188",13,"5.375","2021-07-04 12:00:00"
"469342",13,"4.4","2021-07-04 12:15:00"
"469320",13,"1.925","2021-03-12 03:30:00"
"469580",13,"1.25","2021-03-12 03:45:00"
"469742",13,"1.175","2021-03-12 04:00:00"
"469470",13,"3.875","2021-07-04 12:30:00"
"469554",13,"4.925","2021-07-04 12:45:00"
"469653",13,"5.075","2021-07-04 13:00:00"
"470658",13,"4.475","2021-04-14 18:15:00"
"470731",13,"4.25","2021-04-14 18:30:00"
"472785",13,"3.875","2021-04-14 18:45:00"
"470905",13,"4.25","2021-05-24 03:45:00"
"470959",13,"4.7","2021-05-24 04:00:00"
"471013",13,"3.575","2021-05-24 04:15:00"
"471067",13,"3.65","2021-05-24 04:30:00"
"471121",13,"4.625","2021-05-24 04:45:00"
"471175",13,"4.55","2021-05-24 05:00:00"
"471229",13,"3.8","2021-05-24 05:15:00"
"471827",13,"1.55","2021-03-12 06:45:00"
"471898",13,"2.375","2021-03-12 07:00:00"
"471966",13,"2","2021-03-12 07:15:00"
"472036",13,"1.625","2021-03-12 07:30:00"
"472117",13,"0.9500000000000001","2021-03-12 07:45:00"
"472094",13,"3.125","2021-05-24 06:45:00"
"472251",13,"3.125","2021-05-24 07:00:00"
"472377",13,"2.975","2021-05-24 07:15:00"
"472198",13,"1.625","2021-03-12 08:00:00"
"472284",13,"1.775","2021-03-12 08:15:00"
"472382",13,"2.15","2021-03-12 08:30:00"
"473564",13,"7.4","2021-04-14 21:30:00"
"473668",13,"6.425","2021-04-14 21:45:00"
"473775",13,"6.35","2021-04-14 22:00:00"
"473667",13,"5.3","2021-07-04 15:45:00"
"473776",13,"4.475","2021-07-04 16:00:00"
"473890",13,"4.4","2021-07-04 16:15:00"
"473877",13,"5.6","2021-04-14 22:15:00"
"473979",13,"5.675","2021-04-14 22:30:00"
"474006",13,"4.025","2021-07-04 16:30:00"
"474149",13,"3.875","2021-07-04 16:45:00"
"475133",13,"3.35","2021-05-24 08:45:00"
"475219",13,"3.275","2021-05-24 09:00:00"
"475311",13,"3.875","2021-05-24 09:15:00"
"475138",13,"5.45","2021-03-12 10:30:00"
"475273",13,"4.7","2021-03-12 10:45:00"
"475417",13,"4.625","2021-03-12 11:00:00"
"475399",13,"3.35","2021-05-24 09:30:00"
"475488",13,"5","2021-05-24 09:45:00"
"475540",13,"5.75","2021-03-12 11:15:00"
"475667",13,"4.775","2021-03-12 11:30:00"
"476852",13,"4.925","2021-04-15 00:45:00"
"477019",13,"6.35","2021-04-15 01:00:00"
"477140",13,"5.975","2021-04-15 01:15:00"
"476880",13,"6.05","2021-03-12 13:45:00"
"477040",13,"5.975","2021-03-12 14:00:00"
"477155",13,"5.375","2021-03-12 14:15:00"
"477243",13,"8","2021-04-15 01:30:00"
"477297",13,"5.825","2021-04-15 01:45:00"
"479911",13,"5.9","2021-03-12 14:30:00"
"480057",13,"6.95","2021-03-12 14:45:00"
"477833",13,"2.975","2021-07-04 20:15:00"
"477912",13,"2.45","2021-07-04 20:30:00"
"477992",13,"2.525","2021-07-04 20:45:00"
"478080",13,"3.2","2021-07-04 21:00:00"
"478167",13,"3.875","2021-07-04 21:15:00"
"479223",13,"5.9","2021-04-15 04:00:00"
"479304",13,"6.95","2021-04-15 04:15:00"
"478233",13,"3.5","2021-07-04 21:30:00"
"478311",13,"3.275","2021-07-04 21:45:00"
"478365",13,"3.425","2021-07-04 22:00:00"
"479659",13,"4.025","2021-05-24 15:15:00"
"479787",13,"3.5","2021-05-24 15:30:00"
"479664",13,"5.225","2021-04-15 05:15:00"
"479756",13,"5.525","2021-04-15 05:30:00"
"479856",13,"5.3","2021-04-15 05:45:00"
"479996",13,"4.925","2021-04-15 06:00:00"
"480145",13,"4.475","2021-04-15 06:15:00"
"479928",13,"3.95","2021-05-24 15:45:00"
"480122",13,"5.075","2021-05-24 16:00:00"
"480298",13,"5","2021-05-24 16:15:00"
"481183",13,"3.5","2021-03-12 16:45:00"
"481291",13,"2.675","2021-03-12 17:00:00"
"482857",13,"5.375","2021-04-15 08:45:00"
"482989",13,"5.3","2021-04-15 09:00:00"
"481389",13,"2","2021-03-12 17:15:00"
"481443",13,"1.7000000000000002","2021-03-12 17:30:00"
"481497",13,"1.175","2021-03-12 17:45:00"
"481551",13,"2.3","2021-03-12 18:00:00"
"481605",13,"3.05","2021-03-12 18:15:00"
"482769",13,"2.3","2021-07-05 04:30:00"
"483402",13,"2.3","2021-07-05 04:45:00"
"483590",13,"2.9","2021-07-05 05:00:00"
"483025",13,"1.7000000000000002","2021-05-24 17:45:00"
"425660",13,"2.9","2021-04-12 12:00:00"
"426047",13,"0","2021-03-10 00:15:00"
"426251",13,"0","2021-03-10 00:30:00"
"426485",13,"0","2021-03-10 00:45:00"
"426194",13,"4.4","2021-05-22 04:00:00"
"426388",13,"3.125","2021-05-22 04:15:00"
"426365",13,"3.95","2021-07-02 10:30:00"
"426585",13,"3.65","2021-07-02 10:45:00"
"426533",13,"5","2021-04-12 13:00:00"
"426725",13,"5.9","2021-04-12 13:15:00"
"429384",13,"1.85","2021-03-10 04:15:00"
"429616",13,"1.925","2021-03-10 04:30:00"
"429423",13,"7.4","2021-05-22 07:15:00"
"429682",13,"7.85","2021-05-22 07:30:00"
"429889",13,"2.525","2021-04-12 17:30:00"
"430094",13,"2.225","2021-04-12 17:45:00"
"429800",13,"2.3","2021-07-02 14:15:00"
"430006",13,"2.075","2021-07-02 14:30:00"
"430232",13,"0","2021-07-02 14:45:00"
"431569",13,"0","2021-07-02 16:15:00"
"431825",13,"0","2021-07-02 16:30:00"
"431687",13,"2.225","2021-04-12 20:00:00"
"431741",13,"2.525","2021-04-12 20:15:00"
"431822",13,"2.825","2021-04-12 20:30:00"
"431934",13,"3.05","2021-04-12 20:45:00"
"432044",13,"2.525","2021-04-12 21:00:00"
"431929",13,"3.05","2021-07-02 16:45:00"
"432035",13,"2.75","2021-07-02 17:00:00"
"432129",13,"3.35","2021-07-02 17:15:00"
"434265",13,"2.225","2021-03-10 08:30:00"
"434474",13,"3.35","2021-03-10 08:45:00"
"434679",13,"2.75","2021-03-10 09:00:00"
"434453",13,"0","2021-04-13 00:30:00"
"434651",13,"0","2021-04-13 00:45:00"
"434689",13,"2.75","2021-07-02 20:45:00"
"435781",13,"2.9","2021-07-02 21:00:00"
"434851",13,"5.75","2021-05-22 12:15:00"
"434969",13,"6.95","2021-05-22 12:30:00"
"435070",13,"5.45","2021-05-22 12:45:00"
"437084",13,"2.6","2021-04-13 02:15:00"
"437342",13,"2.825","2021-04-13 02:30:00"
"437565",13,"3.275","2021-04-13 02:45:00"
"437204",13,"6.65","2021-03-10 12:45:00"
"437347",13,"5.15","2021-03-10 13:00:00"
"437184",13,"2.825","2021-07-03 01:00:00"
"437315",13,"2.675","2021-07-03 01:15:00"
"437437",13,"2.9","2021-07-03 01:30:00"
"437495",13,"3.95","2021-03-10 13:15:00"
"437581",13,"4.025","2021-03-10 13:30:00"
"437659",13,"4.4","2021-03-10 13:45:00"
"438671",13,"3.875","2021-04-13 04:15:00"
"438786",13,"4.625","2021-04-13 04:30:00"
"438895",13,"4.4","2021-04-13 04:45:00"
"438741",13,"5.225","2021-05-22 15:15:00"
"438848",13,"5.375","2021-05-22 15:30:00"
"438998",13,"3.2","2021-04-13 05:00:00"
"439118",13,"3.95","2021-04-13 05:15:00"
"438957",13,"4.7","2021-05-22 15:45:00"
"439056",13,"4.55","2021-05-22 16:00:00"
"439165",13,"4.4","2021-05-22 16:15:00"
"441434",13,"4.025","2021-03-10 17:15:00"
"441525",13,"2.9","2021-03-10 17:30:00"
"441612",13,"3.275","2021-03-10 17:45:00"
"441686",13,"2","2021-03-10 18:00:00"
"441763",13,"0.35000000000000003","2021-03-10 18:15:00"
"441670",13,"6.8","2021-04-13 08:00:00"
"441837",13,"6.5","2021-04-13 08:15:00"
"442002",13,"6.8","2021-04-13 08:30:00"
"441847",13,"1.25","2021-03-10 18:30:00"
"441926",13,"1.625","2021-03-10 18:45:00"
"443695",13,"3.875","2021-05-22 23:00:00"
"443749",13,"4.025","2021-05-22 23:15:00"
"443887",13,"3.2","2021-07-03 06:45:00"
"443941",13,"3.125","2021-07-03 07:00:00"
"443995",13,"3.275","2021-07-03 07:15:00"
"444049",13,"2.9","2021-07-03 07:30:00"
"444103",13,"2.825","2021-07-03 07:45:00"
"444157",13,"2.6","2021-07-03 08:00:00"
"444211",13,"2.3","2021-07-03 08:15:00"
"444265",13,"1.7000000000000002","2021-07-03 08:30:00"
"445873",13,"6.425","2021-04-13 10:45:00"
"445987",13,"5.225","2021-04-13 11:00:00"
"445936",13,"4.175","2021-05-22 23:30:00"
"446011",13,"3.65","2021-05-22 23:45:00"
"446089",13,"4.775","2021-05-23 00:00:00"
"446145",13,"4.85","2021-04-13 11:15:00"
"446292",13,"5.225","2021-04-13 11:30:00"
"446450",13,"5.525","2021-04-13 11:45:00"
"446177",13,"4.925","2021-05-23 00:15:00"
"446264",13,"3.125","2021-05-23 00:30:00"
"448718",13,"0","2021-03-11 04:45:00"
"448858",13,"0","2021-03-11 05:00:00"
"448758",13,"3.05","2021-07-03 12:00:00"
"448851",13,"3.275","2021-07-03 12:15:00"
"448934",13,"2.525","2021-07-03 12:30:00"
"449009",13,"2.3","2021-07-03 12:45:00"
"449083",13,"2.825","2021-07-03 13:00:00"
"449030",13,"0","2021-03-11 05:15:00"
"449209",13,"0","2021-03-11 05:30:00"
"449364",13,"0","2021-03-11 05:45:00"
"451385",13,"6.5","2021-04-13 17:45:00"
"451439",13,"5.075","2021-04-13 18:00:00"
"451512",13,"6.425","2021-04-13 18:15:00"
"451602",13,"5.675","2021-04-13 18:30:00"
"451688",13,"6.425","2021-04-13 18:45:00"
"451722",13,"0","2021-03-11 06:30:00"
"451891",13,"0","2021-03-11 06:45:00"
"451991",13,"0","2021-03-11 07:00:00"
"451776",13,"6.2","2021-04-13 19:00:00"
"451854",13,"6.35","2021-04-13 19:15:00"
"453704",13,"1.85","2021-07-03 19:00:00"
"453860",13,"2","2021-07-03 19:15:00"
"453991",13,"1.925","2021-07-03 19:30:00"
"453718",13,"5.225","2021-05-23 09:00:00"
"453866",13,"4.4","2021-05-23 09:15:00"
"454060",13,"4.25","2021-05-23 09:30:00"
"453849",13,"7.175","2021-04-13 20:15:00"
"454006",13,"7.4","2021-04-13 20:30:00"
"454162",13,"6.8","2021-04-13 20:45:00"
"454178",13,"1.775","2021-07-03 19:45:00"
"454337",13,"2.525","2021-07-03 20:00:00"
"456395",13,"7.925","2021-03-11 13:30:00"
"456449",13,"7.175","2021-03-11 13:45:00"
"456503",13,"7.55","2021-03-11 14:00:00"
"456557",13,"6.875","2021-03-11 14:15:00"
"456611",13,"7.55","2021-03-11 14:30:00"
"456665",13,"8","2021-03-11 14:45:00"
"456719",13,"7.325","2021-03-11 15:00:00"
"456773",13,"7.625","2021-03-11 15:15:00"
"456803",13,"2.6","2021-07-03 20:15:00"
"456857",13,"2.75","2021-07-03 20:30:00"
"456911",13,"2.675","2021-07-03 20:45:00"
"458651",13,"8.45","2021-05-23 14:15:00"
"458770",13,"8.15","2021-05-23 14:30:00"
"458637",13,"5.075","2021-04-14 03:15:00"
"458737",13,"5","2021-04-14 03:30:00"
"458846",13,"5.525","2021-04-14 03:45:00"
"458883",13,"6.125","2021-05-23 14:45:00"
"458988",13,"6.425","2021-05-23 15:00:00"
"459138",13,"6.575","2021-05-23 15:15:00"
"458952",13,"5.225","2021-04-14 04:00:00"
"459046",13,"5.75","2021-04-14 04:15:00"
"459128",13,"6.575","2021-04-14 04:30:00"
"463790",13,"3.875","2021-03-11 20:00:00"
"463853",13,"3.425","2021-03-11 20:15:00"
"460937",13,"2.45","2021-07-04 01:30:00"
"460991",13,"2.45","2021-07-04 01:45:00"
"461045",13,"2.375","2021-07-04 02:00:00"
"461099",13,"2.3","2021-07-04 02:15:00"
"461153",13,"1.925","2021-07-04 02:30:00"
"461207",13,"2.3","2021-07-04 02:45:00"
"461261",13,"1.625","2021-07-04 03:00:00"
"462001",13,"1.7000000000000002","2021-07-04 05:00:00"
"462109",13,"2.525","2021-07-04 05:15:00"
"461994",13,"5.3","2021-04-14 06:15:00"
"462102",13,"5.375","2021-04-14 06:30:00"
"462193",13,"5.15","2021-04-14 06:45:00"
"462247",13,"4.7","2021-04-14 07:00:00"
"462301",13,"4.55","2021-04-14 07:15:00"
"462355",13,"5","2021-04-14 07:30:00"
"462409",13,"4.55","2021-04-14 07:45:00"
"462463",13,"4.4","2021-04-14 08:00:00"
"462961",13,"4.325","2021-05-23 18:45:00"
"463015",13,"3.8","2021-05-23 19:00:00"
"463069",13,"3.575","2021-05-23 19:15:00"
"463123",13,"3.575","2021-05-23 19:30:00"
"463177",13,"3.425","2021-05-23 19:45:00"
"463231",13,"3.875","2021-05-23 20:00:00"
"463285",13,"3.575","2021-05-23 20:15:00"
"463339",13,"3.275","2021-05-23 20:30:00"
"463393",13,"3.5","2021-05-23 20:45:00"
"463447",13,"3.95","2021-05-23 21:00:00"
"464069",13,"2.45","2021-03-11 21:15:00"
"464123",13,"2.675","2021-03-11 21:30:00"
"464177",13,"2.825","2021-03-11 21:45:00"
"464231",13,"2.525","2021-03-11 22:00:00"
"464285",13,"2.9","2021-03-11 22:15:00"
"464339",13,"2.825","2021-03-11 22:30:00"
"464393",13,"2.6","2021-03-11 22:45:00"
"464447",13,"2.675","2021-03-11 23:00:00"
"464501",13,"2.675","2021-03-11 23:15:00"
"464555",13,"2.675","2021-03-11 23:30:00"
"465665",13,"6.05","2021-07-04 09:30:00"
"465719",13,"5.75","2021-07-04 09:45:00"
"465773",13,"5","2021-07-04 10:00:00"
"468064",13,"4.625","2021-07-04 10:15:00"
"468217",13,"4.7","2021-07-04 10:30:00"
"465895",13,"7.775","2021-04-14 10:00:00"
"465949",13,"7.775","2021-04-14 10:15:00"
"466003",13,"7.475","2021-04-14 10:30:00"
"466057",13,"8","2021-04-14 10:45:00"
"466111",13,"8.08","2021-04-14 11:00:00"
"467311",13,"3.5","2021-05-24 01:00:00"
"467365",13,"3.125","2021-05-24 01:15:00"
"467419",13,"2.45","2021-05-24 01:30:00"
"467473",13,"2.9","2021-05-24 01:45:00"
"467527",13,"3.125","2021-05-24 02:00:00"
"467612",13,"3.275","2021-05-24 02:15:00"
"467715",13,"2.375","2021-05-24 02:30:00"
"467820",13,"2.6","2021-05-24 02:45:00"
"467755",13,"0","2021-03-12 01:00:00"
"467860",13,"0","2021-03-12 01:15:00"
"468072",13,"0","2021-03-12 01:30:00"
"468561",13,"1.25","2021-03-12 02:15:00"
"468732",13,"1.625","2021-03-12 02:30:00"
"468897",13,"2","2021-03-12 02:45:00"
"468682",13,"5.525","2021-04-14 15:15:00"
"468872",13,"4.625","2021-04-14 15:30:00"
"468725",13,"5.075","2021-07-04 11:15:00"
"468862",13,"4.325","2021-07-04 11:30:00"
"469017",13,"5.075","2021-07-04 11:45:00"
"469050",13,"2.075","2021-03-12 03:00:00"
"469187",13,"1.85","2021-03-12 03:15:00"
"470073",13,"5.225","2021-04-14 17:00:00"
"470216",13,"5.375","2021-04-14 17:15:00"
"470347",13,"5.525","2021-04-14 17:30:00"
"470367",13,"4.25","2021-07-04 14:30:00"
"473169",13,"4.775","2021-07-04 14:45:00"
"473291",13,"5.225","2021-07-04 15:00:00"
"470470",13,"4.925","2021-04-14 17:45:00"
"470556",13,"5.375","2021-04-14 18:00:00"
"470494",13,"1.25","2021-03-12 04:45:00"
"470627",13,"1.775","2021-03-12 05:00:00"
"471351",13,"1.475","2021-03-12 05:15:00"
"472481",13,"2.3","2021-03-12 08:45:00"
"472606",13,"2.45","2021-03-12 09:00:00"
"472493",13,"3.125","2021-05-24 07:30:00"
"472584",13,"3.65","2021-05-24 07:45:00"
"472661",13,"2.3","2021-03-12 09:15:00"
"472715",13,"3.2","2021-03-12 09:30:00"
"472769",13,"4.775","2021-03-12 09:45:00"
"472839",13,"4.025","2021-04-14 19:00:00"
"472893",13,"4.7","2021-04-14 19:15:00"
"472947",13,"4.1","2021-04-14 19:30:00"
"474069",13,"5.75","2021-04-14 22:45:00"
"474156",13,"6.425","2021-04-14 23:00:00"
"474242",13,"3.95","2021-04-14 23:15:00"
"474285",13,"3.5","2021-07-04 17:00:00"
"474339",13,"3.65","2021-07-04 17:15:00"
"474393",13,"3.05","2021-07-04 17:30:00"
"476047",13,"5.15","2021-04-14 23:30:00"
"476198",13,"5.075","2021-04-14 23:45:00"
"474447",13,"3.275","2021-07-04 17:45:00"
"474501",13,"3.575","2021-07-04 18:00:00"
"475586",13,"6.2","2021-05-24 10:00:00"
"475684",13,"7.4","2021-05-24 10:15:00"
"475809",13,"6.275","2021-05-24 10:30:00"
"475757",13,"5.15","2021-03-12 11:45:00"
"475854",13,"3.95","2021-03-12 12:00:00"
"475933",13,"6.275","2021-03-12 12:15:00"
"475972",13,"5.075","2021-05-24 10:45:00"
"476134",13,"5.825","2021-05-24 11:00:00"
"476067",13,"5.225","2021-03-12 12:30:00"
"476244",13,"4.325","2021-03-12 12:45:00"
"476393",13,"7.625","2021-03-12 13:00:00"
"477351",13,"6.275","2021-04-15 02:00:00"
"477405",13,"7.325","2021-04-15 02:15:00"
"477459",13,"6.875","2021-04-15 02:30:00"
"477534",13,"6.2","2021-04-15 02:45:00"
"477675",13,"6.05","2021-04-15 03:00:00"
"477571",13,"2.225","2021-07-04 19:30:00"
"477660",13,"2.9","2021-07-04 19:45:00"
"477747",13,"2.675","2021-07-04 20:00:00"
"477817",13,"6.125","2021-04-15 03:15:00"
"477983",13,"6.65","2021-04-15 03:30:00"
"478116",13,"6.5","2021-04-15 03:45:00"
"478957",13,"3.575","2021-05-24 13:15:00"
"479011",13,"4.925","2021-05-24 13:30:00"
"479065",13,"5.075","2021-05-24 13:45:00"
"479119",13,"5.825","2021-05-24 14:00:00"
"479173",13,"4.625","2021-05-24 14:15:00"
"479245",13,"4.925","2021-05-24 14:30:00"
"479402",13,"4.25","2021-05-24 14:45:00"
"479554",13,"4.1","2021-05-24 15:00:00"
"479386",13,"6.275","2021-04-15 04:30:00"
"479465",13,"6.275","2021-04-15 04:45:00"
"479553",13,"4.7","2021-04-15 05:00:00"
"480863",13,"3.425","2021-04-15 07:30:00"
"481004",13,"4.025","2021-04-15 07:45:00"
"480839",13,"3.95","2021-03-12 16:00:00"
"480964",13,"2.9","2021-03-12 16:15:00"
"481079",13,"4.325","2021-03-12 16:30:00"
"480914",13,"2.975","2021-05-24 17:00:00"
"482842",13,"2.525","2021-05-24 17:15:00"
"482929",13,"1.475","2021-05-24 17:30:00"
"481107",13,"4.4","2021-04-15 08:00:00"
"481221",13,"4.55","2021-04-15 08:15:00"
"481328",13,"5.3","2021-04-15 08:30:00"
"482229",13,"3.05","2021-07-05 02:00:00"
"482283",13,"2.675","2021-07-05 02:15:00"
"482337",13,"2.675","2021-07-05 02:30:00"
"482391",13,"2.525","2021-07-05 02:45:00"
"482445",13,"2.6","2021-07-05 03:00:00"
"483115",13,"2.3","2021-05-24 18:00:00"
"483123",13,"5.3","2021-04-15 09:15:00"
"483279",13,"5.975","2021-04-15 09:30:00"
"483475",13,"6.2","2021-04-15 09:45:00"
"483205",13,"2.675","2021-05-24 18:15:00"
"483303",13,"2.45","2021-05-24 18:30:00"
"483425",13,"1.775","2021-05-24 18:45:00"
"488351",13,"1.85","2021-05-25 00:15:00"
"488517",13,"2.15","2021-05-25 00:30:00"
"488676",13,"1.55","2021-03-13 02:00:00"
"488840",13,"1.85","2021-03-13 02:15:00"
"489026",13,"1.55","2021-03-13 02:30:00"
"488738",13,"3.425","2021-04-15 16:45:00"
"488893",13,"2","2021-04-15 17:00:00"
"489047",13,"1.55","2021-04-15 17:15:00"
"488674",13,"1.775","2021-05-25 00:45:00"
"488835",13,"0.58","2021-05-25 01:00:00"
"488965",13,"1.325","2021-05-25 01:15:00"
"490119",13,"3.425","2021-07-05 10:45:00"
"490173",13,"3.5","2021-07-05 11:00:00"
"490227",13,"3.2","2021-07-05 11:15:00"
"490281",13,"3.575","2021-07-05 11:30:00"
"490335",13,"3.875","2021-07-05 11:45:00"
"490389",13,"3.875","2021-07-05 12:00:00"
"490443",13,"4.475","2021-07-05 12:15:00"
"490497",13,"3.5","2021-07-05 12:30:00"
"490551",13,"3.2","2021-07-05 12:45:00"
"490605",13,"2.975","2021-07-05 13:00:00"
"491720",13,"2","2021-04-15 19:15:00"
"491903",13,"4.4","2021-04-15 19:30:00"
"492077",13,"4.475","2021-04-15 19:45:00"
"491761",13,"2.15","2021-05-25 04:00:00"
"491882",13,"2.9","2021-05-25 04:15:00"
"492017",13,"2.975","2021-05-25 04:30:00"
"491950",13,"1.925","2021-03-13 06:00:00"
"492171",13,"2.75","2021-03-13 06:15:00"
"492126",13,"2.9","2021-05-25 04:45:00"
"492235",13,"3.2","2021-05-25 05:00:00"
"493456",13,"2.15","2021-04-15 21:15:00"
"493617",13,"2.375","2021-04-15 21:30:00"
"493505",13,"1.625","2021-03-13 07:45:00"
"493645",13,"1.4","2021-03-13 08:00:00"
"493838",13,"1.925","2021-03-13 08:15:00"
"493727",13,"2.525","2021-07-05 15:15:00"
"493835",13,"2.375","2021-07-05 15:30:00"
"493813",13,"2.45","2021-04-15 21:45:00"
"493994",13,"2.525","2021-04-15 22:00:00"
"494188",13,"2","2021-04-15 22:15:00"
"495007",13,"1.55","2021-05-25 08:00:00"
"495061",13,"1.55","2021-05-25 08:15:00"
"495115",13,"0","2021-05-25 08:30:00"
"495169",13,"1.775","2021-05-25 08:45:00"
"495223",13,"2","2021-05-25 09:00:00"
"495277",13,"2.6","2021-05-25 09:15:00"
"495331",13,"2.975","2021-05-25 09:30:00"
"495385",13,"3.05","2021-05-25 09:45:00"
"495439",13,"3.35","2021-05-25 10:00:00"
"495493",13,"2.525","2021-05-25 10:15:00"
"496061",13,"4.7","2021-03-13 10:15:00"
"496115",13,"4.475","2021-03-13 10:30:00"
"496169",13,"5","2021-03-13 10:45:00"
"496223",13,"4.25","2021-03-13 11:00:00"
"496294",13,"4.625","2021-03-13 11:15:00"
"496412",13,"4.175","2021-03-13 11:30:00"
"496543",13,"3.95","2021-03-13 11:45:00"
"496634",13,"3.35","2021-03-13 12:00:00"
"496710",13,"5.825","2021-04-15 23:15:00"
"496819",13,"5.075","2021-04-15 23:30:00"
"498271",13,"2.9","2021-04-16 03:00:00"
"500461",13,"2.975","2021-04-16 03:15:00"
"498441",13,"2.15","2021-07-05 21:30:00"
"498495",13,"2.075","2021-07-05 21:45:00"
"498549",13,"2.375","2021-07-05 22:00:00"
"498603",13,"2.075","2021-07-05 22:15:00"
"498657",13,"1.925","2021-07-05 22:30:00"
"498711",13,"1.625","2021-07-05 22:45:00"
"498765",13,"1.775","2021-07-05 23:00:00"
"499929",13,"2","2021-07-05 23:15:00"
"499982",13,"5.225","2021-03-13 14:15:00"
"500093",13,"4.775","2021-03-13 14:30:00"
"500048",13,"2.3","2021-07-05 23:30:00"
"500158",13,"2.15","2021-07-05 23:45:00"
"500207",13,"5.825","2021-03-13 14:45:00"
"500318",13,"3.725","2021-03-13 15:00:00"
"500438",13,"3.725","2021-03-13 15:15:00"
"500254",13,"2.225","2021-07-06 00:00:00"
"500365",13,"2.675","2021-07-06 00:15:00"
"500520",13,"3.05","2021-07-06 00:30:00"
"501222",13,"3.8","2021-03-13 16:30:00"
"501382",13,"2.525","2021-03-13 16:45:00"
"501126",13,"3.2","2021-04-16 04:15:00"
"501282",13,"2.75","2021-04-16 04:30:00"
"501437",13,"3.2","2021-04-16 04:45:00"
"501186",13,"2.45","2021-07-06 01:30:00"
"501349",13,"2.975","2021-07-06 01:45:00"
"501516",13,"1.475","2021-07-06 02:00:00"
"501530",13,"3.8","2021-03-13 17:00:00"
"501675",13,"3.875","2021-03-13 17:15:00"
"501875",13,"3.875","2021-03-13 17:30:00"
"502669",13,"0","2021-04-16 07:15:00"
"502745",13,"0","2021-04-16 07:30:00"
"502839",13,"0","2021-04-16 07:45:00"
"504235",13,"0","2021-04-16 08:00:00"
"504289",13,"1.85","2021-04-16 08:15:00"
"502897",13,"1.175","2021-05-25 16:45:00"
"502951",13,"1.925","2021-05-25 17:00:00"
"503005",13,"1.7000000000000002","2021-05-25 17:15:00"
"503059",13,"1.7000000000000002","2021-05-25 17:30:00"
"503113",13,"1.7000000000000002","2021-05-25 17:45:00"
"504389",13,"2.45","2021-04-16 08:30:00"
"504545",13,"2.825","2021-04-16 08:45:00"
"459637",13,"7.175","2021-05-23 17:15:00"
"460205",13,"7.925","2021-03-11 17:15:00"
"460259",13,"5.6","2021-03-11 17:30:00"
"460313",13,"5.525","2021-03-11 17:45:00"
"460367",13,"5.9","2021-03-11 18:00:00"
"460421",13,"4.55","2021-03-11 18:15:00"
"460475",13,"4.775","2021-03-11 18:30:00"
"460529",13,"3.575","2021-03-11 18:45:00"
"460583",13,"3.725","2021-03-11 19:00:00"
"460637",13,"3.65","2021-03-11 19:15:00"
"460691",13,"3.725","2021-03-11 19:30:00"
"460745",13,"4.1","2021-03-11 19:45:00"
"461315",13,"0.9500000000000001","2021-07-04 03:15:00"
"461391",13,"1.775","2021-07-04 03:30:00"
"461479",13,"1.925","2021-07-04 03:45:00"
"461578",13,"1.85","2021-07-04 04:00:00"
"461671",13,"2.3","2021-07-04 04:15:00"
"461553",13,"6.65","2021-04-14 05:15:00"
"461679",13,"6.2","2021-04-14 05:30:00"
"461774",13,"5.45","2021-04-14 05:45:00"
"461790",13,"1.775","2021-07-04 04:30:00"
"461880",13,"3.8","2021-04-14 06:00:00"
"461899",13,"1.475","2021-07-04 04:45:00"
"462517",13,"6.575","2021-04-14 08:15:00"
"462571",13,"6.875","2021-04-14 08:30:00"
"462625",13,"7.4","2021-04-14 08:45:00"
"462679",13,"7.85","2021-04-14 09:00:00"
"462733",13,"8.53","2021-04-14 09:15:00"
"465787",13,"6.8","2021-04-14 09:30:00"
"465841",13,"7.1","2021-04-14 09:45:00"
"462799",13,"4.85","2021-05-23 18:00:00"
"462853",13,"5","2021-05-23 18:15:00"
"462907",13,"4.475","2021-05-23 18:30:00"
"463501",13,"4.025","2021-05-23 21:15:00"
"463555",13,"4.925","2021-05-23 21:30:00"
"463609",13,"4.625","2021-05-23 21:45:00"
"463663",13,"4.025","2021-05-23 22:00:00"
"463717",13,"3.875","2021-05-23 22:15:00"
"463789",13,"2.975","2021-05-23 22:30:00"
"466825",13,"4.4","2021-05-23 22:45:00"
"466879",13,"4.4","2021-05-23 23:00:00"
"463907",13,"2.975","2021-03-11 20:30:00"
"463961",13,"2.6","2021-03-11 20:45:00"
"464015",13,"2.375","2021-03-11 21:00:00"
"464609",13,"2.6","2021-03-11 23:45:00"
"464663",13,"2.525","2021-03-12 00:00:00"
"464717",13,"2.075","2021-03-12 00:15:00"
"464771",13,"2.15","2021-03-12 00:30:00"
"467638",13,"1.475","2021-03-12 00:45:00"
"464801",13,"3.575","2021-07-04 05:30:00"
"464855",13,"3.65","2021-07-04 05:45:00"
"464909",13,"3.125","2021-07-04 06:00:00"
"464963",13,"3.125","2021-07-04 06:15:00"
"465017",13,"2.525","2021-07-04 06:30:00"
"466165",13,"7.7","2021-04-14 11:15:00"
"466219",13,"6.5","2021-04-14 11:30:00"
"466273",13,"8.83","2021-04-14 11:45:00"
"466327",13,"7.025","2021-04-14 12:00:00"
"466381",13,"7.175","2021-04-14 12:15:00"
"466435",13,"6.35","2021-04-14 12:30:00"
"466489",13,"5.375","2021-04-14 12:45:00"
"466543",13,"6.575","2021-04-14 13:00:00"
"466598",13,"6.35","2021-04-14 13:15:00"
"466652",13,"6.125","2021-04-14 13:30:00"
"466706",13,"5.525","2021-04-14 13:45:00"
"467968",13,"2.9","2021-05-24 03:00:00"
"470797",13,"2.375","2021-05-24 03:15:00"
"470851",13,"3.2","2021-05-24 03:30:00"
"468244",13,"0.43","2021-03-12 01:45:00"
"468384",13,"0","2021-03-12 02:00:00"
"468219",13,"5.375","2021-04-14 14:30:00"
"468382",13,"6.2","2021-04-14 14:45:00"
"468530",13,"5.6","2021-04-14 15:00:00"
"468403",13,"5","2021-07-04 10:45:00"
"468562",13,"4.925","2021-07-04 11:00:00"
"469645",13,"5.45","2021-04-14 16:30:00"
"469937",13,"5.825","2021-04-14 16:45:00"
"469780",13,"4.4","2021-07-04 13:15:00"
"469884",13,"5.825","2021-07-04 13:30:00"
"469984",13,"1.7000000000000002","2021-03-12 04:15:00"
"470246",13,"0","2021-03-12 04:30:00"
"469956",13,"5.15","2021-07-04 13:45:00"
"470099",13,"4.4","2021-07-04 14:00:00"
"470228",13,"4.025","2021-07-04 14:15:00"
"471283",13,"3.725","2021-05-24 05:30:00"
"471359",13,"2.9","2021-05-24 05:45:00"
"471515",13,"2.825","2021-05-24 06:00:00"
"471437",13,"2.075","2021-03-12 05:30:00"
"471516",13,"2.975","2021-03-12 05:45:00"
"471696",13,"2.9","2021-05-24 06:15:00"
"471867",13,"2.75","2021-05-24 06:30:00"
"471589",13,"2.525","2021-03-12 06:00:00"
"471665",13,"1.775","2021-03-12 06:15:00"
"471748",13,"1.7000000000000002","2021-03-12 06:30:00"
"473001",13,"5.075","2021-04-14 19:45:00"
"473055",13,"4.775","2021-04-14 20:00:00"
"473109",13,"4.925","2021-04-14 20:15:00"
"473194",13,"5.3","2021-04-14 20:30:00"
"473288",13,"5.675","2021-04-14 20:45:00"
"473411",13,"5","2021-07-04 15:15:00"
"473551",13,"5.3","2021-07-04 15:30:00"
"473390",13,"6.35","2021-04-14 21:00:00"
"473472",13,"6.125","2021-04-14 21:15:00"
"474555",13,"4.175","2021-07-04 18:15:00"
"474609",13,"3.725","2021-07-04 18:30:00"
"474663",13,"3.875","2021-07-04 18:45:00"
"474717",13,"3.575","2021-07-04 19:00:00"
"474771",13,"3.275","2021-07-04 19:15:00"
"474830",13,"4.175","2021-03-12 10:00:00"
"474991",13,"5.75","2021-03-12 10:15:00"
"474884",13,"4.925","2021-05-24 08:00:00"
"474962",13,"3.8","2021-05-24 08:15:00"
"475049",13,"3.2","2021-05-24 08:30:00"
"476298",13,"5.15","2021-05-24 11:15:00"
"476446",13,"5.825","2021-05-24 11:30:00"
"476622",13,"4.925","2021-05-24 11:45:00"
"476368",13,"4.475","2021-04-15 00:00:00"
"476536",13,"5","2021-04-15 00:15:00"
"476691",13,"5.675","2021-04-15 00:30:00"
"476556",13,"7.175","2021-03-12 13:15:00"
"476707",13,"7.25","2021-03-12 13:30:00"
"476794",13,"6.725","2021-05-24 12:00:00"
"476942",13,"5.45","2021-05-24 12:15:00"
"478419",13,"2.975","2021-07-04 22:15:00"
"478473",13,"2.525","2021-07-04 22:30:00"
"478527",13,"2.375","2021-07-04 22:45:00"
"478581",13,"2.525","2021-07-04 23:00:00"
"478635",13,"2.525","2021-07-04 23:15:00"
"478689",13,"2.6","2021-07-04 23:30:00"
"478743",13,"2.15","2021-07-04 23:45:00"
"478795",13,"5.525","2021-05-24 12:30:00"
"478849",13,"5.375","2021-05-24 12:45:00"
"478903",13,"3.2","2021-05-24 13:00:00"
"480204",13,"4.25","2021-03-12 15:00:00"
"480304",13,"4.55","2021-04-15 06:30:00"
"480358",13,"6.35","2021-03-12 15:15:00"
"480444",13,"4.775","2021-04-15 06:45:00"
"480579",13,"3.95","2021-04-15 07:00:00"
"480701",13,"4.475","2021-04-15 07:15:00"
"480503",13,"4.55","2021-03-12 15:30:00"
"480660",13,"4.4","2021-03-12 15:45:00"
"480515",13,"4.175","2021-05-24 16:30:00"
"480764",13,"3.275","2021-05-24 16:45:00"
"481659",13,"3.2","2021-03-12 18:30:00"
"481724",13,"2.375","2021-03-12 18:45:00"
"481895",13,"2.75","2021-03-12 19:00:00"
"481733",13,"2.225","2021-07-05 00:00:00"
"481811",13,"2.6","2021-07-05 00:15:00"
"481890",13,"3.05","2021-07-05 00:30:00"
"481959",13,"2.45","2021-07-05 00:45:00"
"482013",13,"2.375","2021-07-05 01:00:00"
"482067",13,"1.925","2021-07-05 01:15:00"
"482121",13,"2.975","2021-07-05 01:30:00"
"482175",13,"3.875","2021-07-05 01:45:00"
"483545",13,"2.225","2021-05-24 19:00:00"
"483676",13,"2.3","2021-05-24 19:15:00"
"483800",13,"2.15","2021-05-24 19:30:00"
"483660",13,"4.7","2021-04-15 10:00:00"
"483869",13,"5.075","2021-04-15 10:15:00"
"483764",13,"2.75","2021-07-05 05:15:00"
"483960",13,"2.675","2021-07-05 05:30:00"
"483922",13,"1.85","2021-05-24 19:45:00"
"484041",13,"1.85","2021-05-24 20:00:00"
"484615",13,"5.525","2021-04-15 11:15:00"
"484769",13,"5.75","2021-04-15 11:30:00"
"484676",13,"2.15","2021-07-05 06:30:00"
"484852",13,"1.55","2021-07-05 06:45:00"
"484888",13,"5.3","2021-04-15 11:45:00"
"485001",13,"5.75","2021-04-15 12:00:00"
"485103",13,"4.85","2021-04-15 12:15:00"
"484951",13,"2.75","2021-05-24 21:30:00"
"486842",13,"2.75","2021-05-24 21:45:00"
"486973",13,"2.225","2021-05-24 22:00:00"
"485692",13,"1.7000000000000002","2021-07-05 08:00:00"
"485819",13,"1.625","2021-07-05 08:15:00"
"485985",13,"1.475","2021-07-05 08:30:00"
"485746",13,"1.7000000000000002","2021-03-12 20:00:00"
"485847",13,"1.7000000000000002","2021-03-12 20:15:00"
"485924",13,"2.6","2021-03-12 20:30:00"
"486003",13,"2.675","2021-03-12 20:45:00"
"486080",13,"1.4","2021-03-12 21:00:00"
"486157",13,"1.775","2021-03-12 21:15:00"
"486243",13,"1.925","2021-03-12 21:30:00"
"487237",13,"2.075","2021-03-12 23:45:00"
"487416",13,"1.7000000000000002","2021-03-13 00:00:00"
"486850",13,"3.2","2021-04-15 13:30:00"
"486941",13,"3.95","2021-04-15 13:45:00"
"487077",13,"2.45","2021-05-24 22:15:00"
"487196",13,"2.45","2021-05-24 22:30:00"
"487044",13,"2.525","2021-04-15 14:00:00"
"487147",13,"2.975","2021-04-15 14:15:00"
"487285",13,"3.725","2021-04-15 14:30:00"
"487928",13,"3.125","2021-04-15 15:30:00"
"488106",13,"3.35","2021-04-15 15:45:00"
"488044",13,"0","2021-03-13 01:00:00"
"488150",13,"1.7000000000000002","2021-05-25 00:00:00"
"488216",13,"0","2021-03-13 01:15:00"
"488238",13,"2.75","2021-04-15 16:00:00"
"488385",13,"2.3","2021-04-15 16:15:00"
"488572",13,"1.85","2021-04-15 16:30:00"
"488380",13,"0","2021-03-13 01:30:00"
"488515",13,"0","2021-03-13 01:45:00"
"489607",13,"1.85","2021-05-25 02:15:00"
"490849",13,"1.625","2021-05-25 02:30:00"
"489713",13,"2.3","2021-07-05 09:30:00"
"489820",13,"3.125","2021-07-05 09:45:00"
"489848",13,"1.7000000000000002","2021-03-13 04:00:00"
"489949",13,"0","2021-03-13 04:15:00"
"489932",13,"3.2","2021-07-05 10:00:00"
"490011",13,"3.425","2021-07-05 10:15:00"
"490065",13,"4.1","2021-07-05 10:30:00"
"491036",13,"0","2021-05-25 02:45:00"
"491180",13,"1.325","2021-05-25 03:00:00"
"491332",13,"1.625","2021-05-25 03:15:00"
"491351",13,"1.925","2021-04-15 18:45:00"
"491537",13,"1.85","2021-04-15 19:00:00"
"491419",13,"1.7000000000000002","2021-03-13 05:15:00"
"491586",13,"1.4","2021-03-13 05:30:00"
"491759",13,"1.7000000000000002","2021-03-13 05:45:00"
"491473",13,"1.55","2021-05-25 03:30:00"
"491621",13,"1.625","2021-05-25 03:45:00"
"492807",13,"2.675","2021-04-15 20:30:00"
"493027",13,"2.45","2021-04-15 20:45:00"
"493231",13,"1.925","2021-04-15 21:00:00"
"493051",13,"2.9","2021-03-13 07:15:00"
"493308",13,"2.075","2021-03-13 07:30:00"
"493084",13,"3.2","2021-07-05 14:30:00"
"493377",13,"3.35","2021-07-05 14:45:00"
"493556",13,"2.675","2021-07-05 15:00:00"
"493156",13,"2.675","2021-05-25 06:30:00"
"493286",13,"2.75","2021-05-25 06:45:00"
"494791",13,"2.6","2021-05-25 07:00:00"
"494469",13,"2.75","2021-07-05 17:00:00"
"494523",13,"1.55","2021-07-05 17:15:00"
"494577",13,"1.7000000000000002","2021-07-05 17:30:00"
"494631",13,"1.775","2021-07-05 17:45:00"
"494685",13,"1.625","2021-07-05 18:00:00"
"494739",13,"1.7000000000000002","2021-07-05 18:15:00"
"496375",13,"1.475","2021-07-05 18:30:00"
"496609",13,"1.55","2021-07-05 18:45:00"
"494845",13,"2.9","2021-05-25 07:15:00"
"494899",13,"2.45","2021-05-25 07:30:00"
"494953",13,"2.075","2021-05-25 07:45:00"
"496834",13,"1.55","2021-07-05 19:00:00"
"497074",13,"1.55","2021-07-05 19:15:00"
"496833",13,"4.4","2021-03-13 12:15:00"
"496991",13,"4.775","2021-03-13 12:30:00"
"497110",13,"3.575","2021-03-13 12:45:00"
"496944",13,"4.25","2021-04-15 23:45:00"
"497099",13,"3.875","2021-04-16 00:00:00"
"497230",13,"4.025","2021-04-16 00:15:00"
"497250",13,"4.7","2021-03-13 13:00:00"
"497371",13,"4.475","2021-03-13 13:15:00"
"497849",13,"2.675","2021-04-16 01:45:00"
"497935",13,"2.3","2021-04-16 02:00:00"
"497907",13,"1.175","2021-07-05 20:15:00"
"498045",13,"1.175","2021-07-05 20:30:00"
"498185",13,"1.625","2021-07-05 20:45:00"
"498027",13,"3.05","2021-04-16 02:15:00"
"498119",13,"0","2021-04-16 02:30:00"
"498200",13,"2.525","2021-04-16 02:45:00"
"498333",13,"4.55","2021-07-05 21:00:00"
"498387",13,"3.05","2021-07-05 21:15:00"
"499357",13,"3.725","2021-05-25 14:15:00"
"499411",13,"2.6","2021-05-25 14:30:00"
"499465",13,"2.975","2021-05-25 14:45:00"
"499519",13,"1.4","2021-05-25 15:00:00"
"499573",13,"2","2021-05-25 15:15:00"
"499627",13,"2.225","2021-05-25 15:30:00"
"499681",13,"3.2","2021-05-25 15:45:00"
"499735",13,"2.375","2021-05-25 16:00:00"
"502710",13,"2.525","2021-05-25 16:15:00"
"502840",13,"2.15","2021-05-25 16:30:00"
"501622",13,"2.975","2021-04-16 05:00:00"
"501785",13,"2.675","2021-04-16 05:15:00"
"501935",13,"2","2021-04-16 05:30:00"
"501676",13,"1.925","2021-07-06 02:15:00"
"501822",13,"1.7000000000000002","2021-07-06 02:30:00"
"501980",13,"1.475","2021-07-06 02:45:00"
"502042",13,"3.125","2021-03-13 17:45:00"
"502183",13,"2.6","2021-03-13 18:00:00"
"503789",13,"2.525","2021-03-13 18:15:00"
"503167",13,"2","2021-05-25 18:00:00"
"503221",13,"2.15","2021-05-25 18:15:00"
"503275",13,"1.7000000000000002","2021-05-25 18:30:00"
"503329",13,"1.625","2021-05-25 18:45:00"
"503383",13,"1.625","2021-05-25 19:00:00"
"503437",13,"1.4","2021-05-25 19:15:00"
"503491",13,"1.25","2021-05-25 19:30:00"
"503545",13,"1.175","2021-05-25 19:45:00"
"503599",13,"2","2021-05-25 20:00:00"
"503653",13,"2.075","2021-05-25 20:15:00"
"503707",13,"2.375","2021-05-25 20:30:00"
"504566",13,"2.45","2021-03-13 20:30:00"
"504714",13,"2.3","2021-03-13 20:45:00"
"504865",13,"3.425","2021-03-13 21:00:00"
"504660",13,"2.675","2021-04-16 09:00:00"
"504781",13,"3.125","2021-04-16 09:15:00"
"504915",13,"4.175","2021-04-16 09:30:00"
"504824",13,"1.55","2021-07-06 04:15:00"
"504993",13,"1.7000000000000002","2021-07-06 04:30:00"
"505151",13,"2.075","2021-07-06 04:45:00"
"509871",13,"1.775","2021-07-06 08:45:00"
"509925",13,"1.925","2021-07-06 09:00:00"
"510015",13,"1.925","2021-07-06 09:15:00"
"510051",13,"2.675","2021-05-26 01:45:00"
"510120",13,"2.6","2021-05-26 02:00:00"
"510200",13,"2.375","2021-05-26 02:15:00"
"510204",13,"2.3","2021-07-06 09:30:00"
"510353",13,"2.975","2021-07-06 09:45:00"
"510291",13,"2.9","2021-05-26 02:30:00"
"510370",13,"2.825","2021-05-26 02:45:00"
"511573",13,"4.25","2021-07-06 12:00:00"
"511627",13,"3.95","2021-07-06 12:15:00"
"511681",13,"4.55","2021-07-06 12:30:00"
"511735",13,"4.325","2021-07-06 12:45:00"
"514789",13,"4.475","2021-07-06 13:00:00"
"511829",13,"2.825","2021-04-16 17:15:00"
"511883",13,"1.55","2021-04-16 17:30:00"
"511937",13,"2.45","2021-04-16 17:45:00"
"511991",13,"2.675","2021-04-16 18:00:00"
"512045",13,"2.3","2021-04-16 18:15:00"
"512099",13,"2.75","2021-04-16 18:30:00"
"513279",13,"1.7000000000000002","2021-05-26 07:00:00"
"513361",13,"2","2021-05-26 07:15:00"
"513451",13,"1.625","2021-05-26 07:30:00"
"513529",13,"1.925","2021-05-26 07:45:00"
"513597",13,"2","2021-05-26 08:00:00"
"513682",13,"1.325","2021-03-14 05:30:00"
"513835",13,"0","2021-03-14 05:45:00"
"513684",13,"1.925","2021-05-26 08:15:00"
"513763",13,"1.475","2021-05-26 08:30:00"
"514951",13,"4.55","2021-07-06 13:45:00"
"515005",13,"5.6","2021-07-06 14:00:00"
"515059",13,"4.625","2021-07-06 14:15:00"
"515113",13,"6.125","2021-07-06 14:30:00"
"515167",13,"5.075","2021-07-06 14:45:00"
"515221",13,"4.25","2021-07-06 15:00:00"
"515275",13,"4.325","2021-07-06 15:15:00"
"515329",13,"3.8","2021-07-06 15:30:00"
"515383",13,"4.325","2021-07-06 15:45:00"
"515437",13,"4.1","2021-07-06 16:00:00"
"515963",13,"2.75","2021-04-16 22:30:00"
"516017",13,"2.225","2021-04-16 22:45:00"
"516071",13,"2.225","2021-04-16 23:00:00"
"516125",13,"1.7000000000000002","2021-04-16 23:15:00"
"516179",13,"3.275","2021-04-16 23:30:00"
"516233",13,"3.35","2021-04-16 23:45:00"
"516287",13,"2.075","2021-04-17 00:00:00"
"516341",13,"0","2021-04-17 00:15:00"
"516395",13,"2.45","2021-04-17 00:30:00"
"516449",13,"2.6","2021-04-17 00:45:00"
"517515",13,"4.175","2021-03-14 11:30:00"
"517618",13,"5","2021-03-14 11:45:00"
"517717",13,"4.325","2021-03-14 12:00:00"
"517835",13,"4.55","2021-03-14 12:15:00"
"517925",13,"4.325","2021-03-14 12:30:00"
"517754",13,"2.375","2021-05-26 11:15:00"
"517852",13,"2.3","2021-05-26 11:30:00"
"517994",13,"2.45","2021-05-26 11:45:00"
"520664",13,"5.225","2021-03-14 12:45:00"
"520826",13,"4.175","2021-03-14 13:00:00"
"519290",13,"4.175","2021-07-06 18:45:00"
"519397",13,"4.325","2021-07-06 19:00:00"
"519508",13,"4.4","2021-07-06 19:15:00"
"519297",13,"3.2","2021-04-17 03:30:00"
"519404",13,"2.975","2021-04-17 03:45:00"
"519511",13,"3.05","2021-04-17 04:00:00"
"519630",13,"4.85","2021-07-06 19:30:00"
"519738",13,"3.95","2021-07-06 19:45:00"
"519605",13,"2.15","2021-04-17 04:15:00"
"519713",13,"1.775","2021-04-17 04:30:00"
"520893",13,"2.975","2021-03-14 13:15:00"
"520947",13,"3.95","2021-03-14 13:30:00"
"521001",13,"3.5","2021-03-14 13:45:00"
"521055",13,"3.5","2021-03-14 14:00:00"
"521109",13,"5.225","2021-03-14 14:15:00"
"521163",13,"3.95","2021-03-14 14:30:00"
"521217",13,"3.275","2021-03-14 14:45:00"
"521271",13,"3.2","2021-03-14 15:00:00"
"521325",13,"3.5","2021-03-14 15:15:00"
"521379",13,"3.275","2021-03-14 15:30:00"
"521433",13,"2.225","2021-03-14 15:45:00"
"522571",13,"1.625","2021-05-26 19:00:00"
"522649",13,"1.625","2021-05-26 19:15:00"
"522760",13,"1.4","2021-05-26 19:30:00"
"522787",13,"5.9","2021-07-06 22:30:00"
"523072",13,"4.025","2021-07-06 22:45:00"
"523180",13,"4.025","2021-07-06 23:00:00"
"522895",13,"0.65","2021-05-26 19:45:00"
"523280",13,"1.55","2021-05-26 20:00:00"
"522973",13,"0","2021-04-17 07:30:00"
"523077",13,"0","2021-04-17 07:45:00"
"524230",13,"2.825","2021-07-07 00:30:00"
"524454",13,"2.75","2021-07-07 00:45:00"
"524655",13,"3.275","2021-07-07 01:00:00"
"524420",13,"3.5","2021-04-17 09:15:00"
"524641",13,"4.475","2021-04-17 09:30:00"
"524861",13,"3.575","2021-04-17 09:45:00"
"524510",13,"1.475","2021-05-26 21:30:00"
"524703",13,"1.625","2021-05-26 21:45:00"
"524897",13,"1.1","2021-05-26 22:00:00"
"524687",13,"2.975","2021-03-14 19:00:00"
"524907",13,"2.75","2021-03-14 19:15:00"
"525113",13,"2.45","2021-03-14 19:30:00"
"526086",13,"2.525","2021-07-07 02:30:00"
"526281",13,"2.675","2021-07-07 02:45:00"
"526103",13,"5","2021-04-17 11:15:00"
"526296",13,"3.95","2021-04-17 11:30:00"
"482499",13,"2.15","2021-07-05 03:15:00"
"482553",13,"2.3","2021-07-05 03:30:00"
"482607",13,"2.45","2021-07-05 03:45:00"
"482661",13,"2.375","2021-07-05 04:00:00"
"482715",13,"2.45","2021-07-05 04:15:00"
"484070",13,"5.3","2021-04-15 10:30:00"
"484243",13,"6.275","2021-04-15 10:45:00"
"484412",13,"5.675","2021-04-15 11:00:00"
"484161",13,"1.325","2021-05-24 20:15:00"
"484278",13,"1.7000000000000002","2021-05-24 20:30:00"
"484426",13,"2.975","2021-05-24 20:45:00"
"484160",13,"2.6","2021-07-05 05:45:00"
"484357",13,"2.15","2021-07-05 06:00:00"
"484512",13,"1.85","2021-07-05 06:15:00"
"484574",13,"3.125","2021-05-24 21:00:00"
"484735",13,"2.9","2021-05-24 21:15:00"
"485035",13,"1.55","2021-07-05 07:00:00"
"485184",13,"3.875","2021-04-15 12:30:00"
"485224",13,"1.175","2021-07-05 07:15:00"
"485267",13,"4.325","2021-04-15 12:45:00"
"485344",13,"5.15","2021-04-15 13:00:00"
"486781",13,"4.175","2021-04-15 13:15:00"
"485405",13,"1.925","2021-07-05 07:30:00"
"485543",13,"1.85","2021-07-05 07:45:00"
"485497",13,"2.6","2021-03-12 19:15:00"
"485581",13,"2.375","2021-03-12 19:30:00"
"485661",13,"1.475","2021-03-12 19:45:00"
"486166",13,"1.325","2021-07-05 08:45:00"
"486316",13,"1.775","2021-07-05 09:00:00"
"489587",13,"1.85","2021-07-05 09:15:00"
"486324",13,"2.225","2021-03-12 21:45:00"
"486394",13,"2.225","2021-03-12 22:00:00"
"486469",13,"2.375","2021-03-12 22:15:00"
"486523",13,"2.3","2021-03-12 22:30:00"
"486577",13,"2.3","2021-03-12 22:45:00"
"486631",13,"2","2021-03-12 23:00:00"
"486685",13,"2.15","2021-03-12 23:15:00"
"486739",13,"2.6","2021-03-12 23:30:00"
"487346",13,"2.525","2021-05-24 22:45:00"
"487533",13,"2.525","2021-05-24 23:00:00"
"487683",13,"2.525","2021-05-24 23:15:00"
"487421",13,"3.575","2021-04-15 14:45:00"
"487569",13,"4.1","2021-04-15 15:00:00"
"487753",13,"3.5","2021-04-15 15:15:00"
"487585",13,"2.075","2021-03-13 00:15:00"
"487734",13,"1.775","2021-03-13 00:30:00"
"487881",13,"0","2021-03-13 00:45:00"
"487850",13,"1.925","2021-05-24 23:30:00"
"488006",13,"1.85","2021-05-24 23:45:00"
"489202",13,"2.975","2021-04-15 17:30:00"
"489382",13,"2.825","2021-04-15 17:45:00"
"489174",13,"0.9500000000000001","2021-03-13 02:45:00"
"489321",13,"0","2021-03-13 03:00:00"
"489170",13,"1.85","2021-05-25 01:30:00"
"489329",13,"2.15","2021-05-25 01:45:00"
"489477",13,"2.15","2021-05-25 02:00:00"
"489481",13,"2.525","2021-03-13 03:15:00"
"489606",13,"1.85","2021-03-13 03:30:00"
"489738",13,"2.15","2021-03-13 03:45:00"
"490659",13,"3.275","2021-07-05 13:15:00"
"490713",13,"2.675","2021-07-05 13:30:00"
"490767",13,"3.5","2021-07-05 13:45:00"
"492648",13,"3.125","2021-07-05 14:00:00"
"492827",13,"3.425","2021-07-05 14:15:00"
"490883",13,"3.575","2021-04-15 18:00:00"
"491027",13,"2.675","2021-04-15 18:15:00"
"491178",13,"2.75","2021-04-15 18:30:00"
"490922",13,"0","2021-03-13 04:30:00"
"491076",13,"1.1","2021-03-13 04:45:00"
"491262",13,"2.3","2021-03-13 05:00:00"
"492286",13,"3.875","2021-04-15 20:00:00"
"492535",13,"3.65","2021-04-15 20:15:00"
"492358",13,"2.375","2021-03-13 06:30:00"
"492583",13,"2.15","2021-03-13 06:45:00"
"492825",13,"3.125","2021-03-13 07:00:00"
"492356",13,"2.975","2021-05-25 05:15:00"
"492460",13,"2.825","2021-05-25 05:30:00"
"492591",13,"2.525","2021-05-25 05:45:00"
"492802",13,"1.85","2021-05-25 06:00:00"
"492969",13,"1.925","2021-05-25 06:15:00"
"493944",13,"2.15","2021-07-05 15:45:00"
"494074",13,"2.225","2021-07-05 16:00:00"
"494180",13,"3.275","2021-07-05 16:15:00"
"494051",13,"2.45","2021-03-13 08:30:00"
"494272",13,"2.75","2021-03-13 08:45:00"
"494297",13,"2.75","2021-07-05 16:30:00"
"494409",13,"2.15","2021-07-05 16:45:00"
"494397",13,"2.45","2021-04-15 22:30:00"
"496385",13,"4.325","2021-04-15 22:45:00"
"496526",13,"4.325","2021-04-15 23:00:00"
"495547",13,"2.225","2021-05-25 10:30:00"
"495601",13,"3.125","2021-05-25 10:45:00"
"495655",13,"3.65","2021-05-25 11:00:00"
"495709",13,"3.95","2021-05-25 11:15:00"
"495763",13,"4.325","2021-05-25 11:30:00"
"495791",13,"3.35","2021-03-13 09:00:00"
"495845",13,"4.625","2021-03-13 09:15:00"
"495899",13,"4.625","2021-03-13 09:30:00"
"495953",13,"4.925","2021-03-13 09:45:00"
"496007",13,"4.85","2021-03-13 10:00:00"
"497373",13,"3.8","2021-04-16 00:30:00"
"497482",13,"3.425","2021-04-16 00:45:00"
"497351",13,"1.25","2021-07-05 19:30:00"
"497615",13,"1.25","2021-07-05 19:45:00"
"497757",13,"1.25","2021-07-05 20:00:00"
"497522",13,"5.75","2021-03-13 13:30:00"
"499817",13,"5.15","2021-03-13 13:45:00"
"499881",13,"4.475","2021-03-13 14:00:00"
"497594",13,"2.825","2021-04-16 01:00:00"
"497682",13,"3.05","2021-04-16 01:15:00"
"497767",13,"3.05","2021-04-16 01:30:00"
"498817",13,"4.55","2021-05-25 11:45:00"
"498871",13,"4.625","2021-05-25 12:00:00"
"498925",13,"3.575","2021-05-25 12:15:00"
"498979",13,"3.575","2021-05-25 12:30:00"
"499033",13,"3.5","2021-05-25 12:45:00"
"499087",13,"3.125","2021-05-25 13:00:00"
"499141",13,"4.175","2021-05-25 13:15:00"
"499195",13,"4.025","2021-05-25 13:30:00"
"499249",13,"3.8","2021-05-25 13:45:00"
"499303",13,"3.575","2021-05-25 14:00:00"
"500595",13,"5","2021-03-13 15:30:00"
"500722",13,"3.35","2021-03-13 15:45:00"
"500622",13,"2.9","2021-04-16 03:30:00"
"500813",13,"2.9","2021-04-16 03:45:00"
"500964",13,"2.9","2021-04-16 04:00:00"
"500701",13,"2.3","2021-07-06 00:45:00"
"500861",13,"1.325","2021-07-06 01:00:00"
"500885",13,"2.75","2021-03-13 16:00:00"
"501007",13,"2.75","2021-07-06 01:15:00"
"501076",13,"3.95","2021-03-13 16:15:00"
"502095",13,"1.625","2021-04-16 05:45:00"
"502247",13,"2.15","2021-04-16 06:00:00"
"502389",13,"2.15","2021-04-16 06:15:00"
"502168",13,"1.85","2021-07-06 03:00:00"
"502324",13,"2.225","2021-07-06 03:15:00"
"502430",13,"2.225","2021-07-06 03:30:00"
"502494",13,"2","2021-04-16 06:30:00"
"502561",13,"1.4","2021-04-16 06:45:00"
"502615",13,"0","2021-04-16 07:00:00"
"504336",13,"1.7000000000000002","2021-07-06 03:45:00"
"504548",13,"1.4","2021-07-06 04:00:00"
"503761",13,"2","2021-05-25 20:45:00"
"506815",13,"2.225","2021-05-25 21:00:00"
"503843",13,"1.1","2021-03-13 18:30:00"
"503897",13,"0","2021-03-13 18:45:00"
"503951",13,"3.425","2021-03-13 19:00:00"
"504005",13,"2.825","2021-03-13 19:15:00"
"504059",13,"1.55","2021-03-13 19:30:00"
"504113",13,"4.175","2021-03-13 19:45:00"
"504167",13,"4.7","2021-03-13 20:00:00"
"504415",13,"2.525","2021-03-13 20:15:00"
"505421",13,"3.725","2021-04-16 10:15:00"
"505585",13,"3.35","2021-04-16 10:30:00"
"505721",13,"3.575","2021-04-16 10:45:00"
"505639",13,"1.25","2021-07-06 05:30:00"
"505804",13,"0.73","2021-07-06 05:45:00"
"505957",13,"0","2021-07-06 06:00:00"
"505857",13,"2.3","2021-03-13 22:30:00"
"505998",13,"2.15","2021-03-13 22:45:00"
"505879",13,"3.2","2021-04-16 11:00:00"
"506057",13,"3.125","2021-04-16 11:15:00"
"506601",13,"0.9500000000000001","2021-07-06 07:30:00"
"506655",13,"0.8","2021-07-06 07:45:00"
"506709",13,"0.8","2021-07-06 08:00:00"
"506763",13,"1.175","2021-07-06 08:15:00"
"509817",13,"1.325","2021-07-06 08:30:00"
"506869",13,"2.975","2021-05-25 21:15:00"
"506923",13,"2.975","2021-05-25 21:30:00"
"506977",13,"2.375","2021-05-25 21:45:00"
"507031",13,"2.45","2021-05-25 22:00:00"
"507085",13,"2.975","2021-05-25 22:15:00"
"507733",13,"1.325","2021-05-26 01:15:00"
"509970",13,"1.775","2021-05-26 01:30:00"
"507837",13,"3.05","2021-03-13 23:00:00"
"507940",13,"2.45","2021-03-13 23:15:00"
"508056",13,"2.75","2021-03-13 23:30:00"
"508051",13,"2.75","2021-04-16 13:00:00"
"508133",13,"2.75","2021-04-16 13:15:00"
"508189",13,"3.275","2021-03-13 23:45:00"
"508288",13,"3.5","2021-03-14 00:00:00"
"508803",13,"7.775","2021-04-16 14:45:00"
"508892",13,"4.55","2021-04-16 15:00:00"
"508972",13,"4.25","2021-04-16 15:15:00"
"508970",13,"3.2","2021-03-14 01:30:00"
"509117",13,"3.05","2021-03-14 01:45:00"
"509265",13,"2","2021-03-14 02:00:00"
"509058",13,"4.1","2021-04-16 15:30:00"
"509143",13,"4.7","2021-04-16 15:45:00"
"509225",13,"3.275","2021-04-16 16:00:00"
"509310",13,"2.675","2021-04-16 16:15:00"
"509376",13,"3.05","2021-04-16 16:30:00"
"510452",13,"2.675","2021-05-26 03:00:00"
"510530",13,"2.525","2021-05-26 03:15:00"
"510610",13,"2.525","2021-05-26 03:30:00"
"510519",13,"2.825","2021-07-06 10:00:00"
"510658",13,"2.825","2021-07-06 10:15:00"
"510826",13,"3.65","2021-07-06 10:30:00"
"510701",13,"2.45","2021-05-26 03:45:00"
"510780",13,"2.3","2021-05-26 04:00:00"
"510864",13,"2.225","2021-05-26 04:15:00"
"510938",13,"2.075","2021-05-26 04:30:00"
"511019",13,"1.7000000000000002","2021-05-26 04:45:00"
"512153",13,"2.525","2021-04-16 18:45:00"
"512207",13,"2.225","2021-04-16 19:00:00"
"512261",13,"2.3","2021-04-16 19:15:00"
"512315",13,"2.525","2021-04-16 19:30:00"
"512369",13,"2.45","2021-04-16 19:45:00"
"512423",13,"2.45","2021-04-16 20:00:00"
"512477",13,"2.15","2021-04-16 20:15:00"
"512531",13,"0","2021-04-16 20:30:00"
"512585",13,"0","2021-04-16 20:45:00"
"512639",13,"0","2021-04-16 21:00:00"
"513850",13,"0.9500000000000001","2021-05-26 08:45:00"
"513924",13,"0.9500000000000001","2021-05-26 09:00:00"
"514006",13,"1.025","2021-05-26 09:15:00"
"514010",13,"1.475","2021-03-14 06:00:00"
"514142",13,"1.775","2021-03-14 06:15:00"
"514242",13,"1.85","2021-03-14 06:30:00"
"514094",13,"1.85","2021-05-26 09:30:00"
"514195",13,"1.7000000000000002","2021-05-26 09:45:00"
"514349",13,"1.85","2021-03-14 06:45:00"
"514453",13,"2.225","2021-03-14 07:00:00"
"515491",13,"4.1","2021-07-06 16:15:00"
"515545",13,"4.925","2021-07-06 16:30:00"
"515599",13,"4.925","2021-07-06 16:45:00"
"515653",13,"6.575","2021-07-06 17:00:00"
"515707",13,"5.225","2021-07-06 17:15:00"
"515768",13,"4.325","2021-07-06 17:30:00"
"518694",13,"3.575","2021-07-06 17:45:00"
"515801",13,"0","2021-04-16 21:45:00"
"515855",13,"0","2021-04-16 22:00:00"
"515909",13,"0","2021-04-16 22:15:00"
"516921",13,"3.05","2021-03-14 08:45:00"
"516975",13,"4.625","2021-03-14 09:00:00"
"517029",13,"5.15","2021-03-14 09:15:00"
"517083",13,"5.75","2021-03-14 09:30:00"
"517137",13,"5.75","2021-03-14 09:45:00"
"517191",13,"5.225","2021-03-14 10:00:00"
"517245",13,"4.925","2021-03-14 10:15:00"
"517299",13,"5.15","2021-03-14 10:30:00"
"517353",13,"5.45","2021-03-14 10:45:00"
"517407",13,"5.6","2021-03-14 11:00:00"
"517461",13,"4.475","2021-03-14 11:15:00"
"518601",13,"3.125","2021-05-26 14:30:00"
"518776",13,"3.35","2021-05-26 14:45:00"
"518958",13,"1.85","2021-05-26 15:00:00"
"518856",13,"4.1","2021-07-06 18:00:00"
"519032",13,"4.775","2021-07-06 18:15:00"
"519178",13,"4.475","2021-07-06 18:30:00"
"518993",13,"2.075","2021-04-17 03:00:00"
"519146",13,"2.225","2021-04-17 03:15:00"
"519163",13,"2","2021-05-26 15:15:00"
"521811",13,"2.15","2021-05-26 15:30:00"
"520374",13,"3.425","2021-07-06 21:15:00"
"520476",13,"3.5","2021-07-06 21:30:00"
"520582",13,"3.575","2021-07-06 21:45:00"
"520487",13,"0","2021-04-17 06:15:00"
"520597",13,"0","2021-04-17 06:30:00"
"520724",13,"4.925","2021-07-06 22:00:00"
"522579",13,"5.15","2021-07-06 22:15:00"
"520719",13,"0","2021-04-17 06:45:00"
"522728",13,"0","2021-04-17 07:00:00"
"522849",13,"0","2021-04-17 07:15:00"
"522027",13,"0","2021-05-26 16:30:00"
"522081",13,"2.75","2021-05-26 16:45:00"
"522135",13,"2.45","2021-05-26 17:00:00"
"522189",13,"1.85","2021-05-26 17:15:00"
"522243",13,"2.45","2021-05-26 17:30:00"
"522297",13,"2.825","2021-05-26 17:45:00"
"522351",13,"2.225","2021-05-26 18:00:00"
"522405",13,"2.075","2021-05-26 18:15:00"
"522459",13,"2.075","2021-05-26 18:30:00"
"522513",13,"2.15","2021-05-26 18:45:00"
"523573",13,"4.4","2021-07-06 23:45:00"
"523790",13,"3.425","2021-07-07 00:00:00"
"524027",13,"3.2","2021-07-07 00:15:00"
"523991",13,"2.675","2021-04-17 08:45:00"
"524187",13,"3.8","2021-04-17 09:00:00"
"524095",13,"1.7000000000000002","2021-05-26 21:00:00"
"524288",13,"1.475","2021-05-26 21:15:00"
"524261",13,"2.9","2021-03-14 18:30:00"
"524466",13,"2.3","2021-03-14 18:45:00"
"525395",13,"3.875","2021-07-07 01:45:00"
"525664",13,"3.575","2021-07-07 02:00:00"
"525862",13,"3.2","2021-07-07 02:15:00"
"525426",13,"4.7","2021-04-17 10:30:00"
"525627",13,"4.025","2021-04-17 10:45:00"
"525868",13,"4.55","2021-04-17 11:00:00"
"525566",13,"1.85","2021-05-26 22:45:00"
"525744",13,"1.4","2021-05-26 23:00:00"
"525931",13,"1.1","2021-05-26 23:15:00"
"525766",13,"2.975","2021-03-14 20:15:00"
"526912",13,"3.2","2021-04-17 11:45:00"
"526155",13,"2","2021-05-26 23:30:00"
"526383",13,"2.075","2021-05-26 23:45:00"
"526493",13,"1.7000000000000002","2021-05-27 00:00:00"
"526376",13,"1.25","2021-03-14 21:00:00"
"526482",13,"1.175","2021-03-14 21:15:00"
"526596",13,"1.85","2021-03-14 21:30:00"
"531442",13,"2.6","2021-05-27 05:45:00"
"531667",13,"2.675","2021-05-27 06:00:00"
"531738",13,"3.35","2021-04-17 17:15:00"
"531913",13,"3.125","2021-04-17 17:30:00"
"531878",13,"5.45","2021-03-15 03:45:00"
"532083",13,"4.4","2021-03-15 04:00:00"
"532013",13,"2.3","2021-07-07 09:15:00"
"532257",13,"3.275","2021-07-07 09:30:00"
"533213",13,"4.25","2021-07-07 10:30:00"
"533406",13,"4.325","2021-07-07 10:45:00"
"533190",13,"0","2021-04-17 19:00:00"
"533412",13,"2.45","2021-04-17 19:15:00"
"533630",13,"2.15","2021-04-17 19:30:00"
"533341",13,"3.575","2021-03-15 05:30:00"
"533555",13,"3.125","2021-03-15 05:45:00"
"533734",13,"3.125","2021-03-15 06:00:00"
"533544",13,"1.475","2021-05-27 08:15:00"
"533763",13,"2.45","2021-05-27 08:30:00"
"533944",13,"2.3","2021-05-27 08:45:00"
"534857",13,"2.525","2021-04-17 21:00:00"
"534965",13,"2.6","2021-04-17 21:15:00"
"535065",13,"4.4","2021-04-17 21:30:00"
"534896",13,"0","2021-03-15 07:30:00"
"535009",13,"2.15","2021-03-15 07:45:00"
"535117",13,"2.3","2021-03-15 08:00:00"
"535169",13,"4.775","2021-04-17 21:45:00"
"535269",13,"4.025","2021-04-17 22:00:00"
"535236",13,"2.6","2021-03-15 08:15:00"
"535342",13,"2.75","2021-03-15 08:30:00"
"536469",13,"1.775","2021-04-18 00:45:00"
"536565",13,"1.85","2021-04-18 01:00:00"
"536665",13,"1.85","2021-04-18 01:15:00"
"536533",13,"4.175","2021-03-15 11:15:00"
"536653",13,"3.8","2021-03-15 11:30:00"
"536753",13,"3.275","2021-03-15 11:45:00"
"538795",13,"1.925","2021-04-18 01:30:00"
"538849",13,"0","2021-04-18 01:45:00"
"536811",13,"4.925","2021-07-07 12:15:00"
"536865",13,"5.525","2021-07-07 12:30:00"
"536919",13,"4.55","2021-07-07 12:45:00"
"538054",13,"2.45","2021-07-07 15:30:00"
"538159",13,"3.95","2021-07-07 15:45:00"
"538264",13,"3.125","2021-07-07 16:00:00"
"538218",13,"3.725","2021-05-27 12:45:00"
"538318",13,"2.6","2021-05-27 13:00:00"
"538382",13,"2.375","2021-07-07 16:15:00"
"538476",13,"2.75","2021-07-07 16:30:00"
"538422",13,"2.75","2021-05-27 13:15:00"
"538549",13,"2.975","2021-05-27 13:30:00"
"538617",13,"2.825","2021-05-27 13:45:00"
"539715",13,"0","2021-04-18 04:00:00"
"539817",13,"0","2021-04-18 04:15:00"
"539938",13,"0","2021-04-18 04:30:00"
"539866",13,"4.175","2021-03-15 14:00:00"
"539968",13,"2","2021-03-15 14:15:00"
"540041",13,"0","2021-04-18 04:45:00"
"540147",13,"0","2021-04-18 05:00:00"
"540089",13,"2.525","2021-03-15 14:30:00"
"540185",13,"4.55","2021-03-15 14:45:00"
"540299",13,"4.85","2021-03-15 15:00:00"
"540779",13,"9.05","2021-03-15 16:30:00"
"543031",13,"9.95","2021-03-15 16:45:00"
"541006",13,"3.05","2021-05-27 14:45:00"
"541102",13,"4.925","2021-05-27 15:00:00"
"540990",13,"1.55","2021-07-07 17:30:00"
"541109",13,"1.625","2021-07-07 17:45:00"
"541210",13,"3.05","2021-05-27 15:15:00"
"541309",13,"3.5","2021-05-27 15:30:00"
"541422",13,"2.9","2021-05-27 15:45:00"
"542436",13,"2.375","2021-05-27 18:00:00"
"542531",13,"1.25","2021-05-27 18:15:00"
"542636",13,"0","2021-05-27 18:30:00"
"542476",13,"1.175","2021-07-07 21:00:00"
"542595",13,"2.825","2021-07-07 21:15:00"
"544836",13,"3.5","2021-07-07 21:30:00"
"542697",13,"2","2021-05-27 18:45:00"
"542751",13,"2","2021-05-27 19:00:00"
"544824",13,"1.55","2021-05-27 19:15:00"
"542875",13,"0","2021-04-18 06:30:00"
"542929",13,"0","2021-04-18 06:45:00"
"543040",13,"0","2021-04-18 07:00:00"
"544240",13,"4.25","2021-04-18 09:45:00"
"544350",13,"4.625","2021-04-18 10:00:00"
"544456",13,"4.625","2021-04-18 10:15:00"
"544311",13,"2.075","2021-03-15 19:45:00"
"544424",13,"2","2021-03-15 20:00:00"
"544561",13,"4.025","2021-04-18 10:30:00"
"546793",13,"4.325","2021-04-18 10:45:00"
"544529",13,"1.775","2021-03-15 20:15:00"
"544632",13,"1.625","2021-03-15 20:30:00"
"544697",13,"1.85","2021-03-15 20:45:00"
"545863",13,"2.225","2021-05-27 21:30:00"
"545960",13,"2.375","2021-05-27 21:45:00"
"546070",13,"2.45","2021-05-27 22:00:00"
"545856",13,"2.825","2021-07-08 00:00:00"
"545975",13,"2.9","2021-07-08 00:15:00"
"546079",13,"2.9","2021-07-08 00:30:00"
"546189",13,"2.075","2021-05-27 22:15:00"
"546309",13,"1.7000000000000002","2021-05-27 22:30:00"
"546179",13,"2.975","2021-07-08 00:45:00"
"546272",13,"2.9","2021-07-08 01:00:00"
"547399",13,"3.425","2021-04-18 12:15:00"
"547507",13,"3.35","2021-04-18 12:30:00"
"547611",13,"3.2","2021-04-18 12:45:00"
"547537",13,"0","2021-03-15 22:45:00"
"547642",13,"0","2021-03-15 23:00:00"
"547741",13,"0","2021-03-15 23:15:00"
"547731",13,"2.525","2021-04-18 13:00:00"
"547837",13,"4.775","2021-04-18 13:15:00"
"547851",13,"0.8","2021-03-15 23:30:00"
"547966",13,"0","2021-03-15 23:45:00"
"548070",13,"0","2021-03-16 00:00:00"
"548625",13,"0","2021-03-16 01:30:00"
"548726",13,"1.7000000000000002","2021-03-16 01:45:00"
"548684",13,"3.65","2021-04-18 15:00:00"
"548765",13,"1.925","2021-04-18 15:15:00"
"505040",13,"2.975","2021-03-13 21:15:00"
"505191",13,"2.3","2021-03-13 21:30:00"
"505081",13,"4.475","2021-04-16 09:45:00"
"505258",13,"3.425","2021-04-16 10:00:00"
"505314",13,"1.775","2021-07-06 05:00:00"
"505467",13,"1.7000000000000002","2021-07-06 05:15:00"
"505360",13,"2.75","2021-03-13 21:45:00"
"505520",13,"2.675","2021-03-13 22:00:00"
"505682",13,"2.45","2021-03-13 22:15:00"
"506111",13,"0","2021-07-06 06:15:00"
"506209",13,"1.25","2021-07-06 06:30:00"
"506173",13,"3.2","2021-04-16 11:30:00"
"506276",13,"2.225","2021-04-16 11:45:00"
"506372",13,"2.675","2021-04-16 12:00:00"
"506334",13,"1.55","2021-07-06 06:45:00"
"506451",13,"1.175","2021-07-06 07:00:00"
"506547",13,"1.25","2021-07-06 07:15:00"
"506472",13,"3.125","2021-04-16 12:15:00"
"507838",13,"2.75","2021-04-16 12:30:00"
"507949",13,"2.6","2021-04-16 12:45:00"
"507139",13,"2.675","2021-05-25 22:30:00"
"507193",13,"2.15","2021-05-25 22:45:00"
"507247",13,"1.325","2021-05-25 23:00:00"
"507301",13,"1.325","2021-05-25 23:15:00"
"507355",13,"0","2021-05-25 23:30:00"
"507409",13,"1.025","2021-05-25 23:45:00"
"507463",13,"1.925","2021-05-26 00:00:00"
"507517",13,"1.925","2021-05-26 00:15:00"
"507571",13,"1.25","2021-05-26 00:30:00"
"507625",13,"1.325","2021-05-26 00:45:00"
"507679",13,"1.325","2021-05-26 01:00:00"
"508249",13,"2.675","2021-04-16 13:30:00"
"508368",13,"2.975","2021-04-16 13:45:00"
"508476",13,"3.575","2021-04-16 14:00:00"
"508389",13,"3.575","2021-03-14 00:15:00"
"508493",13,"3.2","2021-03-14 00:30:00"
"508583",13,"5.15","2021-03-14 00:45:00"
"508604",13,"3.2","2021-04-16 14:15:00"
"508690",13,"8.75","2021-04-16 14:30:00"
"508713",13,"5.15","2021-03-14 01:00:00"
"508823",13,"4.4","2021-03-14 01:15:00"
"509463",13,"3.575","2021-03-14 02:15:00"
"509571",13,"1.775","2021-03-14 02:30:00"
"509625",13,"2.675","2021-03-14 02:45:00"
"509454",13,"3.2","2021-04-16 16:45:00"
"509530",13,"3.05","2021-04-16 17:00:00"
"509679",13,"2.375","2021-03-14 03:00:00"
"509733",13,"3.2","2021-03-14 03:15:00"
"512787",13,"1.7000000000000002","2021-03-14 03:30:00"
"512841",13,"1.775","2021-03-14 03:45:00"
"512895",13,"1.1","2021-03-14 04:00:00"
"510999",13,"3.725","2021-07-06 10:45:00"
"511150",13,"3.2","2021-07-06 11:00:00"
"511105",13,"1.25","2021-05-26 05:00:00"
"511185",13,"1.4","2021-05-26 05:15:00"
"511263",13,"1.1","2021-05-26 05:30:00"
"511336",13,"1.325","2021-05-26 05:45:00"
"511412",13,"1.1","2021-05-26 06:00:00"
"511334",13,"4.25","2021-07-06 11:15:00"
"511465",13,"4.7","2021-07-06 11:30:00"
"511519",13,"4.85","2021-07-06 11:45:00"
"512693",13,"0","2021-04-16 21:15:00"
"512747",13,"0","2021-04-16 21:30:00"
"512949",13,"1.175","2021-03-14 04:15:00"
"513003",13,"2.225","2021-03-14 04:30:00"
"513055",13,"1.325","2021-05-26 06:15:00"
"513128",13,"1.4","2021-05-26 06:30:00"
"513199",13,"1.325","2021-05-26 06:45:00"
"513194",13,"1.925","2021-03-14 04:45:00"
"513354",13,"1.85","2021-03-14 05:00:00"
"513506",13,"2.075","2021-03-14 05:15:00"
"514318",13,"1.775","2021-05-26 10:00:00"
"514425",13,"1.4","2021-05-26 10:15:00"
"514529",13,"1.1","2021-05-26 10:30:00"
"514567",13,"3.5","2021-03-14 07:15:00"
"514651",13,"2.75","2021-03-14 07:30:00"
"514705",13,"2.675","2021-03-14 07:45:00"
"517542",13,"0.8","2021-05-26 10:45:00"
"517637",13,"1.1","2021-05-26 11:00:00"
"514759",13,"3.5","2021-03-14 08:00:00"
"514843",13,"4.025","2021-07-06 13:15:00"
"514897",13,"4.55","2021-07-06 13:30:00"
"516503",13,"1.85","2021-04-17 01:00:00"
"516557",13,"2.75","2021-04-17 01:15:00"
"516611",13,"2.3","2021-04-17 01:30:00"
"516665",13,"1.475","2021-04-17 01:45:00"
"516719",13,"1.625","2021-04-17 02:00:00"
"516773",13,"2.6","2021-04-17 02:15:00"
"518728",13,"2.9","2021-04-17 02:30:00"
"518857",13,"2.75","2021-04-17 02:45:00"
"516813",13,"3.725","2021-03-14 08:15:00"
"516867",13,"3.575","2021-03-14 08:30:00"
"518055",13,"2.15","2021-05-26 12:00:00"
"518109",13,"2.15","2021-05-26 12:15:00"
"518163",13,"2.225","2021-05-26 12:30:00"
"518217",13,"2","2021-05-26 12:45:00"
"518271",13,"2.525","2021-05-26 13:00:00"
"518325",13,"2.075","2021-05-26 13:15:00"
"518379",13,"3.05","2021-05-26 13:30:00"
"518433",13,"2.675","2021-05-26 13:45:00"
"518487",13,"3.575","2021-05-26 14:00:00"
"518541",13,"2.45","2021-05-26 14:15:00"
"519835",13,"3.875","2021-07-06 20:00:00"
"519941",13,"3.5","2021-07-06 20:15:00"
"520037",13,"3.65","2021-07-06 20:30:00"
"519832",13,"0","2021-04-17 04:45:00"
"519942",13,"0","2021-04-17 05:00:00"
"520061",13,"0","2021-04-17 05:15:00"
"520158",13,"4.1","2021-07-06 20:45:00"
"520266",13,"3.65","2021-07-06 21:00:00"
"520157",13,"0","2021-04-17 05:30:00"
"520265",13,"0","2021-04-17 05:45:00"
"520373",13,"0","2021-04-17 06:00:00"
"521487",13,"4.55","2021-03-14 16:00:00"
"521541",13,"6.275","2021-03-14 16:15:00"
"521595",13,"5.225","2021-03-14 16:30:00"
"521649",13,"5.6","2021-03-14 16:45:00"
"521703",13,"5.075","2021-03-14 17:00:00"
"521757",13,"4.625","2021-03-14 17:15:00"
"523366",13,"3.95","2021-03-14 17:30:00"
"521865",13,"1.475","2021-05-26 15:45:00"
"521919",13,"1.325","2021-05-26 16:00:00"
"521973",13,"1.025","2021-05-26 16:15:00"
"523275",13,"0","2021-04-17 08:00:00"
"523543",13,"0","2021-04-17 08:15:00"
"523787",13,"2.9","2021-04-17 08:30:00"
"523234",13,"4.25","2021-07-06 23:15:00"
"523356",13,"4.925","2021-07-06 23:30:00"
"523481",13,"1.85","2021-05-26 20:15:00"
"523673",13,"1.85","2021-05-26 20:30:00"
"523875",13,"1.775","2021-05-26 20:45:00"
"523579",13,"2.975","2021-03-14 17:45:00"
"523773",13,"3.575","2021-03-14 18:00:00"
"523977",13,"3.5","2021-03-14 18:15:00"
"524906",13,"2.975","2021-07-07 01:15:00"
"525119",13,"3.65","2021-07-07 01:30:00"
"525071",13,"3.125","2021-04-17 10:00:00"
"525237",13,"4.025","2021-04-17 10:15:00"
"525123",13,"2.15","2021-05-26 22:15:00"
"525361",13,"1.85","2021-05-26 22:30:00"
"525327",13,"3.5","2021-03-14 19:45:00"
"525528",13,"2.525","2021-03-14 20:00:00"
"526595",13,"1.85","2021-05-27 00:15:00"
"526697",13,"1.625","2021-05-27 00:30:00"
"526710",13,"1.625","2021-03-14 21:45:00"
"527340",13,"2.225","2021-03-14 22:00:00"
"526813",13,"2.525","2021-07-07 03:00:00"
"526911",13,"2.45","2021-07-07 03:15:00"
"527029",13,"2.075","2021-07-07 03:30:00"
"527013",13,"3.65","2021-04-17 12:00:00"
"527187",13,"3.425","2021-04-17 12:15:00"
"527574",13,"2.6","2021-03-14 22:15:00"
"527791",13,"3.95","2021-03-14 22:30:00"
"527991",13,"3.05","2021-03-14 22:45:00"
"527748",13,"1.55","2021-05-27 01:30:00"
"527992",13,"3.725","2021-04-17 13:15:00"
"528236",13,"4.175","2021-04-17 13:30:00"
"528439",13,"4.7","2021-04-17 13:45:00"
"527950",13,"1.325","2021-05-27 01:45:00"
"528167",13,"1.475","2021-05-27 02:00:00"
"528420",13,"1.7000000000000002","2021-05-27 02:15:00"
"528559",13,"1.925","2021-07-07 05:30:00"
"528633",13,"4.85","2021-03-14 23:30:00"
"528775",13,"1.85","2021-07-07 05:45:00"
"528864",13,"6.65","2021-03-14 23:45:00"
"529084",13,"7.625","2021-03-15 00:00:00"
"529271",13,"5.975","2021-03-15 00:15:00"
"529020",13,"1.7000000000000002","2021-07-07 06:00:00"
"529239",13,"1.85","2021-07-07 06:15:00"
"529058",13,"3.875","2021-04-17 14:30:00"
"529317",13,"3.8","2021-04-17 14:45:00"
"529512",13,"4.85","2021-04-17 15:00:00"
"529758",13,"7.175","2021-04-17 15:15:00"
"529962",13,"5.225","2021-04-17 15:30:00"
"530163",13,"5.6","2021-04-17 15:45:00"
"530127",13,"3.275","2021-03-15 01:15:00"
"530308",13,"3.425","2021-03-15 01:30:00"
"530116",13,"2.15","2021-07-07 07:15:00"
"530785",13,"2","2021-07-07 07:30:00"
"530313",13,"2.15","2021-05-27 04:30:00"
"530481",13,"2.15","2021-05-27 04:45:00"
"530839",13,"2","2021-07-07 07:45:00"
"530905",13,"1.55","2021-07-07 08:00:00"
"531049",13,"1.475","2021-07-07 08:15:00"
"531077",13,"4.025","2021-04-17 16:30:00"
"531296",13,"4.625","2021-04-17 16:45:00"
"531502",13,"2.75","2021-04-17 17:00:00"
"531260",13,"1.925","2021-07-07 08:30:00"
"531467",13,"1.85","2021-07-07 08:45:00"
"531715",13,"1.55","2021-07-07 09:00:00"
"531282",13,"2.825","2021-03-15 03:00:00"
"531500",13,"5.825","2021-03-15 03:15:00"
"531652",13,"6.05","2021-03-15 03:30:00"
"532435",13,"3.95","2021-07-07 09:45:00"
"532661",13,"3.95","2021-07-07 10:00:00"
"533001",13,"3.95","2021-07-07 10:15:00"
"532794",13,"2.15","2021-04-17 18:30:00"
"532973",13,"1.7000000000000002","2021-04-17 18:45:00"
"532883",13,"3.875","2021-03-15 05:00:00"
"533080",13,"4.025","2021-03-15 05:15:00"
"532894",13,"1.7000000000000002","2021-05-27 07:30:00"
"533116",13,"0","2021-05-27 07:45:00"
"533322",13,"1.775","2021-05-27 08:00:00"
"534264",13,"5","2021-07-07 11:45:00"
"534458",13,"4.775","2021-07-07 12:00:00"
"534343",13,"0","2021-04-17 20:15:00"
"534539",13,"0","2021-04-17 20:30:00"
"534696",13,"2.6","2021-04-17 20:45:00"
"534594",13,"0","2021-03-15 07:00:00"
"534782",13,"0.9500000000000001","2021-03-15 07:15:00"
"534598",13,"3.5","2021-05-27 09:30:00"
"534753",13,"2.75","2021-05-27 09:45:00"
"537016",13,"2.45","2021-05-27 10:00:00"
"535931",13,"1.025","2021-04-17 23:30:00"
"536032",13,"0","2021-04-17 23:45:00"
"536139",13,"1.4","2021-04-18 00:00:00"
"535992",13,"3.2","2021-03-15 10:00:00"
"536099",13,"3.125","2021-03-15 10:15:00"
"536199",13,"3.8","2021-03-15 10:30:00"
"536250",13,"0","2021-04-18 00:15:00"
"536356",13,"2.075","2021-04-18 00:30:00"
"536313",13,"4.325","2021-03-15 10:45:00"
"536410",13,"3.5","2021-03-15 11:00:00"
"537506",13,"2.6","2021-07-07 14:15:00"
"537610",13,"3.35","2021-07-07 14:30:00"
"537714",13,"3.2","2021-07-07 14:45:00"
"537689",13,"3.425","2021-05-27 11:30:00"
"537791",13,"2.975","2021-05-27 11:45:00"
"537828",13,"2.6","2021-07-07 15:00:00"
"537940",13,"3.2","2021-07-07 15:15:00"
"537882",13,"3.5","2021-05-27 12:00:00"
"538001",13,"2.9","2021-05-27 12:15:00"
"538103",13,"2.9","2021-05-27 12:30:00"
"539187",13,"0","2021-04-18 02:45:00"
"539287",13,"0","2021-04-18 03:00:00"
"539409",13,"0","2021-04-18 03:15:00"
"539326",13,"4.775","2021-03-15 12:45:00"
"539420",13,"4.1","2021-03-15 13:00:00"
"539516",13,"0","2021-04-18 03:30:00"
"539624",13,"0","2021-04-18 03:45:00"
"539531",13,"3.65","2021-03-15 13:15:00"
"539639",13,"3.05","2021-03-15 13:30:00"
"539764",13,"4.325","2021-03-15 13:45:00"
"541217",13,"1.325","2021-07-07 18:00:00"
"541333",13,"1.775","2021-07-07 18:15:00"
"541437",13,"1.55","2021-07-07 18:30:00"
"541548",13,"2.45","2021-05-27 16:00:00"
"541649",13,"3.125","2021-05-27 16:15:00"
"541527",13,"1.775","2021-07-07 18:45:00"
"541642",13,"1.7000000000000002","2021-07-07 19:00:00"
"541735",13,"1.775","2021-07-07 19:15:00"
"541846",13,"1.775","2021-07-07 19:30:00"
"541953",13,"1.775","2021-07-07 19:45:00"
"543151",13,"0","2021-04-18 07:15:00"
"543255",13,"0","2021-04-18 07:30:00"
"543136",13,"8.3","2021-03-15 17:00:00"
"543248",13,"6.425","2021-03-15 17:15:00"
"543377",13,"4.475","2021-03-15 17:30:00"
"543338",13,"0","2021-04-18 07:45:00"
"543447",13,"1.55","2021-04-18 08:00:00"
"543581",13,"2.45","2021-04-18 08:15:00"
"543481",13,"3.275","2021-03-15 17:45:00"
"543570",13,"5.15","2021-03-15 18:00:00"
"543667",13,"3.725","2021-03-15 18:15:00"
"544751",13,"1.625","2021-03-15 21:00:00"
"546897",13,"0.88","2021-03-15 21:15:00"
"544956",13,"1.7000000000000002","2021-05-27 19:30:00"
"545059",13,"2.075","2021-05-27 19:45:00"
"544928",13,"2.975","2021-07-07 21:45:00"
"545039",13,"2.45","2021-07-07 22:00:00"
"545142",13,"1.475","2021-07-07 22:15:00"
"545243",13,"1.4","2021-07-07 22:30:00"
"545330",13,"1.775","2021-07-07 22:45:00"
"546400",13,"1.025","2021-05-27 22:45:00"
"546508",13,"0.88","2021-05-27 23:00:00"
"546620",13,"1.175","2021-05-27 23:15:00"
"546399",13,"2.675","2021-07-08 01:15:00"
"546507",13,"2.675","2021-07-08 01:30:00"
"546611",13,"2.3","2021-07-08 01:45:00"
"546723",13,"1.325","2021-05-27 23:30:00"
"546777",13,"1.325","2021-05-27 23:45:00"
"548781",13,"2.45","2021-07-08 02:00:00"
"548835",13,"1.925","2021-07-08 02:15:00"
"547937",13,"3.275","2021-04-18 13:30:00"
"548048",13,"2.75","2021-04-18 13:45:00"
"548152",13,"4.55","2021-04-18 14:00:00"
"548181",13,"0","2021-03-16 00:15:00"
"548273",13,"2.45","2021-03-16 00:30:00"
"548280",13,"3.725","2021-04-18 14:15:00"
"548437",13,"2.3","2021-04-18 14:30:00"
"548568",13,"2.75","2021-04-18 14:45:00"
"548348",13,"0","2021-03-16 00:45:00"
"548438",13,"0","2021-03-16 01:00:00"
"548938",13,"0.73","2021-05-28 00:00:00"
"549046",13,"1.4","2021-05-28 00:15:00"
"549154",13,"1.325","2021-05-28 00:30:00"
"548941",13,"1.625","2021-07-08 02:30:00"
"549049",13,"1.7000000000000002","2021-07-08 02:45:00"
"549157",13,"0","2021-07-08 03:00:00"
"554671",13,"1.925","2021-07-08 09:00:00"
"554899",13,"2.45","2021-07-08 09:15:00"
"554749",13,"0","2021-03-16 08:30:00"
"554946",13,"0","2021-03-16 08:45:00"
"554967",13,"1.7000000000000002","2021-05-28 07:00:00"
"555065",13,"3.5","2021-04-18 22:30:00"
"555117",13,"2","2021-07-08 09:30:00"
"555161",13,"4.775","2021-03-16 09:00:00"
"555293",13,"3.05","2021-07-08 09:45:00"
"555540",13,"3.05","2021-07-08 10:00:00"
"555905",13,"2","2021-04-18 23:30:00"
"556076",13,"2.675","2021-04-18 23:45:00"
"556538",13,"4.7","2021-03-16 10:30:00"
"556649",13,"2","2021-07-08 11:00:00"
"556675",13,"4.7","2021-03-16 10:45:00"
"556753",13,"4.625","2021-03-16 11:00:00"
"557331",13,"4.175","2021-03-16 11:15:00"
"556779",13,"1.475","2021-07-08 11:15:00"
"557524",13,"2.15","2021-07-08 11:30:00"
"557970",13,"3.8","2021-04-19 04:00:00"
"558191",13,"3.575","2021-04-19 04:15:00"
"558389",13,"2.9","2021-04-19 04:30:00"
"558060",13,"2.525","2021-07-08 12:15:00"
"558253",13,"2.675","2021-07-08 12:30:00"
"558317",13,"1.25","2021-05-28 09:15:00"
"558578",13,"2.45","2021-05-28 09:30:00"
"558512",13,"4.4","2021-03-16 13:00:00"
"558709",13,"4.775","2021-03-16 13:15:00"
"559695",13,"3.275","2021-05-28 11:00:00"
"559837",13,"4.325","2021-05-28 11:15:00"
"559999",13,"4.625","2021-05-28 11:30:00"
"559845",13,"3.65","2021-07-08 14:45:00"
"560009",13,"3.05","2021-07-08 15:00:00"
"560177",13,"3.725","2021-07-08 15:15:00"
"559939",13,"4.85","2021-03-16 15:00:00"
"560072",13,"4.175","2021-03-16 15:15:00"
"560174",13,"5.3","2021-05-28 11:45:00"
"560336",13,"6.875","2021-05-28 12:00:00"
"561221",13,"0","2021-04-19 07:15:00"
"561280",13,"0","2021-04-19 07:30:00"
"561368",13,"2.675","2021-04-19 07:45:00"
"561467",13,"2.45","2021-04-19 08:00:00"
"561590",13,"3.425","2021-04-19 08:15:00"
"561542",13,"5.75","2021-03-16 16:15:00"
"561650",13,"6.05","2021-03-16 16:30:00"
"561711",13,"3.35","2021-04-19 08:30:00"
"561811",13,"3.2","2021-04-19 08:45:00"
"561909",13,"2.75","2021-04-19 09:00:00"
"562805",13,"2.525","2021-07-08 16:00:00"
"562859",13,"0","2021-07-08 16:15:00"
"562913",13,"0","2021-07-08 16:30:00"
"562967",13,"0","2021-07-08 16:45:00"
"563021",13,"2","2021-07-08 17:00:00"
"563093",13,"2.525","2021-07-08 17:15:00"
"563212",13,"1.25","2021-07-08 17:30:00"
"563308",13,"1.475","2021-07-08 17:45:00"
"563315",13,"5.15","2021-05-28 14:15:00"
"563433",13,"6.35","2021-05-28 14:30:00"
"563538",13,"7.775","2021-05-28 14:45:00"
"564463",13,"2.375","2021-07-08 20:30:00"
"566527",13,"2.75","2021-07-08 20:45:00"
"566606",13,"2.45","2021-07-08 21:00:00"
"564611",13,"6.425","2021-05-28 17:30:00"
"564665",13,"7.475","2021-05-28 17:45:00"
"564719",13,"6.275","2021-05-28 18:00:00"
"564773",13,"7.025","2021-05-28 18:15:00"
"567827",13,"6.2","2021-05-28 18:30:00"
"564923",13,"5.9","2021-04-19 10:30:00"
"564977",13,"5.75","2021-04-19 10:45:00"
"565710",13,"3.05","2021-03-16 20:45:00"
"565876",13,"2.15","2021-03-16 21:00:00"
"565733",13,"4.4","2021-04-19 13:45:00"
"565801",13,"4.175","2021-04-19 14:00:00"
"565892",13,"4.625","2021-04-19 14:15:00"
"568626",13,"3.125","2021-04-19 14:30:00"
"568729",13,"3.65","2021-04-19 14:45:00"
"565989",13,"1.475","2021-03-16 21:15:00"
"566043",13,"1.55","2021-03-16 21:30:00"
"566097",13,"3.8","2021-03-16 21:45:00"
"567239",13,"2.45","2021-07-08 23:00:00"
"567308",13,"2.6","2021-07-08 23:15:00"
"567387",13,"2.675","2021-07-08 23:30:00"
"567474",13,"2.75","2021-07-08 23:45:00"
"567533",13,"2.825","2021-07-09 00:00:00"
"567587",13,"2.75","2021-07-09 00:15:00"
"567641",13,"1.925","2021-07-09 00:30:00"
"567695",13,"2.075","2021-07-09 00:45:00"
"567749",13,"2.3","2021-07-09 01:00:00"
"569803",13,"1.85","2021-07-09 01:15:00"
"569003",13,"3.35","2021-04-19 15:30:00"
"569057",13,"4.1","2021-04-19 15:45:00"
"569111",13,"3.725","2021-04-19 16:00:00"
"569165",13,"3.5","2021-04-19 16:15:00"
"569219",13,"2.75","2021-04-19 16:30:00"
"569273",13,"2.225","2021-04-19 16:45:00"
"569327",13,"3.275","2021-04-19 17:00:00"
"569381",13,"2.75","2021-04-19 17:15:00"
"569435",13,"1.775","2021-04-19 17:30:00"
"569489",13,"0","2021-04-19 17:45:00"
"569543",13,"0","2021-04-19 18:00:00"
"570181",13,"2.375","2021-07-09 03:00:00"
"570235",13,"2","2021-07-09 03:15:00"
"570289",13,"1.85","2021-07-09 03:30:00"
"570343",13,"2","2021-07-09 03:45:00"
"570397",13,"1.925","2021-07-09 04:00:00"
"525982",13,"2.975","2021-03-14 20:30:00"
"526187",13,"2.45","2021-03-14 20:45:00"
"527117",13,"1.625","2021-05-27 00:45:00"
"527309",13,"1.325","2021-05-27 01:00:00"
"527505",13,"1.175","2021-05-27 01:15:00"
"527155",13,"2.45","2021-07-07 03:45:00"
"527292",13,"2.6","2021-07-07 04:00:00"
"527350",13,"3.95","2021-04-17 12:30:00"
"527558",13,"4.7","2021-04-17 12:45:00"
"527767",13,"4.1","2021-04-17 13:00:00"
"527507",13,"2.9","2021-07-07 04:15:00"
"527705",13,"3.05","2021-07-07 04:30:00"
"527931",13,"2.675","2021-07-07 04:45:00"
"528129",13,"2.6","2021-07-07 05:00:00"
"528362",13,"1.7000000000000002","2021-07-07 05:15:00"
"528200",13,"2.975","2021-03-14 23:00:00"
"528386",13,"4.4","2021-03-14 23:15:00"
"528651",13,"3.5","2021-04-17 14:00:00"
"528866",13,"4.4","2021-04-17 14:15:00"
"528623",13,"2.3","2021-05-27 02:30:00"
"528825",13,"2.525","2021-05-27 02:45:00"
"529019",13,"2.525","2021-05-27 03:00:00"
"529229",13,"2.45","2021-05-27 03:15:00"
"529468",13,"2.3","2021-05-27 03:30:00"
"529465",13,"4.4","2021-03-15 00:30:00"
"529662",13,"4.025","2021-03-15 00:45:00"
"529882",13,"3.35","2021-03-15 01:00:00"
"529466",13,"1.55","2021-07-07 06:30:00"
"529694",13,"1.7000000000000002","2021-07-07 06:45:00"
"529910",13,"1.625","2021-07-07 07:00:00"
"529679",13,"2.15","2021-05-27 03:45:00"
"529880",13,"2.15","2021-05-27 04:00:00"
"530100",13,"2.075","2021-05-27 04:15:00"
"530394",13,"5.225","2021-04-17 16:00:00"
"530912",13,"4.325","2021-04-17 16:15:00"
"530474",13,"3.05","2021-03-15 01:45:00"
"530587",13,"1.55","2021-03-15 02:00:00"
"530698",13,"1.925","2021-03-15 02:15:00"
"530600",13,"2.225","2021-05-27 05:00:00"
"530992",13,"2.3","2021-05-27 05:15:00"
"531216",13,"2.525","2021-05-27 05:30:00"
"530755",13,"2.75","2021-03-15 02:30:00"
"531045",13,"1.625","2021-03-15 02:45:00"
"531869",13,"2.3","2021-05-27 06:15:00"
"532068",13,"2.15","2021-05-27 06:30:00"
"532270",13,"2.075","2021-05-27 06:45:00"
"532123",13,"3.35","2021-04-17 17:45:00"
"532361",13,"2.9","2021-04-17 18:00:00"
"532598",13,"2.825","2021-04-17 18:15:00"
"532301",13,"4.475","2021-03-15 04:15:00"
"532507",13,"4.25","2021-03-15 04:30:00"
"532681",13,"4.1","2021-03-15 04:45:00"
"532483",13,"1.925","2021-05-27 07:00:00"
"532699",13,"1.025","2021-05-27 07:15:00"
"533620",13,"4.25","2021-07-07 11:00:00"
"533816",13,"4.175","2021-07-07 11:15:00"
"534048",13,"4.025","2021-07-07 11:30:00"
"533885",13,"1.775","2021-04-17 19:45:00"
"534093",13,"0","2021-04-17 20:00:00"
"533983",13,"3.125","2021-03-15 06:15:00"
"534173",13,"3.05","2021-03-15 06:30:00"
"534400",13,"2","2021-03-15 06:45:00"
"534164",13,"1.925","2021-05-27 09:00:00"
"534373",13,"2.9","2021-05-27 09:15:00"
"535382",13,"3.575","2021-04-17 22:15:00"
"535482",13,"4.25","2021-04-17 22:30:00"
"535590",13,"3.05","2021-04-17 22:45:00"
"535460",13,"3.725","2021-03-15 08:45:00"
"535568",13,"2.75","2021-03-15 09:00:00"
"535671",13,"2.675","2021-03-15 09:15:00"
"535704",13,"1.325","2021-04-17 23:00:00"
"535820",13,"1.475","2021-04-17 23:15:00"
"535772",13,"2.675","2021-03-15 09:30:00"
"535868",13,"2.9","2021-03-15 09:45:00"
"536979",13,"5.675","2021-07-07 13:00:00"
"537079",13,"3.575","2021-07-07 13:15:00"
"537144",13,"2.75","2021-05-27 10:15:00"
"537255",13,"2.975","2021-05-27 10:30:00"
"537175",13,"3.875","2021-07-07 13:30:00"
"537284",13,"4.4","2021-07-07 13:45:00"
"537396",13,"3.35","2021-07-07 14:00:00"
"537353",13,"3.125","2021-05-27 10:45:00"
"537466",13,"3.125","2021-05-27 11:00:00"
"537577",13,"3.275","2021-05-27 11:15:00"
"540783",13,"3.2","2021-07-07 16:45:00"
"540837",13,"1.775","2021-07-07 17:00:00"
"540900",13,"1.55","2021-07-07 17:15:00"
"538671",13,"2.675","2021-05-27 14:00:00"
"538725",13,"2.975","2021-05-27 14:15:00"
"538779",13,"2.825","2021-05-27 14:30:00"
"538903",13,"0","2021-04-18 02:00:00"
"538975",13,"1.325","2021-04-18 02:15:00"
"539090",13,"1.175","2021-04-18 02:30:00"
"538989",13,"3.425","2021-03-15 12:00:00"
"539093",13,"3.8","2021-03-15 12:15:00"
"539210",13,"3.8","2021-03-15 12:30:00"
"540260",13,"0","2021-04-18 05:15:00"
"540364",13,"0","2021-04-18 05:30:00"
"540484",13,"0","2021-04-18 05:45:00"
"540406",13,"4.175","2021-03-15 15:15:00"
"540506",13,"4.1","2021-03-15 15:30:00"
"540596",13,"0","2021-04-18 06:00:00"
"542821",13,"0","2021-04-18 06:15:00"
"540616",13,"3.275","2021-03-15 15:45:00"
"540671",13,"6.8","2021-03-15 16:00:00"
"540725",13,"10.48","2021-03-15 16:15:00"
"541772",13,"2.975","2021-05-27 16:30:00"
"541878",13,"2.6","2021-05-27 16:45:00"
"541987",13,"2.9","2021-05-27 17:00:00"
"542044",13,"1.7000000000000002","2021-07-07 20:00:00"
"542161",13,"1.475","2021-07-07 20:15:00"
"542271",13,"1.325","2021-07-07 20:30:00"
"542102",13,"1.85","2021-05-27 17:15:00"
"542209",13,"0.8","2021-05-27 17:30:00"
"542319",13,"2.15","2021-05-27 17:45:00"
"542364",13,"1.325","2021-07-07 20:45:00"
"543694",13,"2.225","2021-04-18 08:30:00"
"543802",13,"3.275","2021-04-18 08:45:00"
"543898",13,"3.725","2021-04-18 09:00:00"
"543782",13,"3.2","2021-03-15 18:30:00"
"543900",13,"3.275","2021-03-15 18:45:00"
"544011",13,"4.775","2021-04-18 09:15:00"
"544132",13,"4.4","2021-04-18 09:30:00"
"544004",13,"3.125","2021-03-15 19:00:00"
"544100",13,"2.375","2021-03-15 19:15:00"
"544204",13,"2.45","2021-03-15 19:30:00"
"545166",13,"1.475","2021-05-27 20:00:00"
"545300",13,"2.9","2021-05-27 20:15:00"
"545434",13,"2.975","2021-05-27 20:30:00"
"545421",13,"2.15","2021-07-07 23:00:00"
"545530",13,"2","2021-07-07 23:15:00"
"545539",13,"2.525","2021-05-27 20:45:00"
"545645",13,"1.325","2021-05-27 21:00:00"
"545754",13,"2.15","2021-05-27 21:15:00"
"545642",13,"2.45","2021-07-07 23:30:00"
"545749",13,"2.225","2021-07-07 23:45:00"
"546847",13,"4.175","2021-04-18 11:00:00"
"546953",13,"3.8","2021-04-18 11:15:00"
"547059",13,"3.575","2021-04-18 11:30:00"
"547010",13,"0","2021-03-15 21:30:00"
"547104",13,"0","2021-03-15 21:45:00"
"547205",13,"0","2021-03-15 22:00:00"
"547185",13,"3.5","2021-04-18 11:45:00"
"547301",13,"3.275","2021-04-18 12:00:00"
"547306",13,"0","2021-03-15 22:15:00"
"547423",13,"0","2021-03-15 22:30:00"
"549266",13,"1.625","2021-05-28 00:45:00"
"549377",13,"1.4","2021-05-28 01:00:00"
"549261",13,"2","2021-07-08 03:15:00"
"549366",13,"1.85","2021-07-08 03:30:00"
"549471",13,"2.075","2021-07-08 03:45:00"
"549549",13,"1.85","2021-07-08 04:00:00"
"549657",13,"1.925","2021-07-08 04:15:00"
"549502",13,"0.88","2021-05-28 01:15:00"
"549627",13,"1.175","2021-05-28 01:30:00"
"549729",13,"1.775","2021-05-28 01:45:00"
"550308",13,"1.25","2021-07-08 05:45:00"
"550410",13,"1.175","2021-07-08 06:00:00"
"550543",13,"1.625","2021-07-08 06:15:00"
"550384",13,"2","2021-05-28 03:15:00"
"550470",13,"2.225","2021-05-28 03:30:00"
"550571",13,"1.475","2021-05-28 03:45:00"
"550651",13,"1.625","2021-07-08 06:30:00"
"552827",13,"1.4","2021-07-08 06:45:00"
"550684",13,"1.7000000000000002","2021-05-28 04:00:00"
"550749",13,"1.475","2021-05-28 04:15:00"
"551303",13,"1.85","2021-03-16 03:15:00"
"551425",13,"1.475","2021-03-16 03:30:00"
"551526",13,"2.225","2021-03-16 03:45:00"
"551509",13,"3.725","2021-04-18 16:45:00"
"551631",13,"3.725","2021-04-18 17:00:00"
"551752",13,"2.45","2021-04-18 17:15:00"
"551621",13,"2.825","2021-03-16 04:00:00"
"551715",13,"1.625","2021-03-16 04:15:00"
"551857",13,"2.525","2021-04-18 17:30:00"
"551952",13,"2.9","2021-04-18 17:45:00"
"552485",13,"1.925","2021-03-16 06:00:00"
"552593",13,"1.85","2021-03-16 06:15:00"
"552607",13,"1.475","2021-04-18 19:15:00"
"552683",13,"0","2021-04-18 19:30:00"
"552737",13,"0","2021-04-18 19:45:00"
"552896",13,"2.225","2021-04-18 20:00:00"
"553161",13,"2.75","2021-04-18 20:15:00"
"553357",13,"3.05","2021-04-18 20:30:00"
"552832",13,"1.475","2021-05-28 04:30:00"
"552987",13,"1.475","2021-05-28 04:45:00"
"553212",13,"1.325","2021-05-28 05:00:00"
"553645",13,"0","2021-03-16 07:15:00"
"553841",13,"0","2021-03-16 07:30:00"
"553604",13,"1.55","2021-07-08 07:45:00"
"553804",13,"1.475","2021-07-08 08:00:00"
"553905",13,"1.775","2021-05-28 05:45:00"
"554105",13,"2.45","2021-05-28 06:00:00"
"554312",13,"1.475","2021-05-28 06:15:00"
"554027",13,"3.2","2021-04-18 21:15:00"
"554245",13,"2.825","2021-04-18 21:30:00"
"554443",13,"2.75","2021-04-18 21:45:00"
"555369",13,"4.4","2021-03-16 09:15:00"
"555571",13,"3.95","2021-03-16 09:30:00"
"555201",13,"1.775","2021-05-28 07:15:00"
"555417",13,"1.775","2021-05-28 07:30:00"
"555616",13,"2","2021-05-28 07:45:00"
"555291",13,"3.05","2021-04-18 22:45:00"
"555498",13,"2.825","2021-04-18 23:00:00"
"555728",13,"2.525","2021-04-18 23:15:00"
"555807",13,"4.55","2021-03-16 09:45:00"
"556093",13,"5.9","2021-03-16 10:00:00"
"556380",13,"5.75","2021-03-16 10:15:00"
"556817",13,"3.2","2021-04-19 00:45:00"
"556871",13,"3.35","2021-04-19 01:00:00"
"556925",13,"3.95","2021-04-19 01:15:00"
"556979",13,"3.95","2021-04-19 01:30:00"
"557033",13,"2.825","2021-04-19 01:45:00"
"557087",13,"3.425","2021-04-19 02:00:00"
"557141",13,"4.25","2021-04-19 02:15:00"
"557195",13,"3.425","2021-04-19 02:30:00"
"557252",13,"3.35","2021-04-19 02:45:00"
"557365",13,"3.05","2021-04-19 03:00:00"
"558459",13,"2.15","2021-07-08 12:45:00"
"558716",13,"3.125","2021-07-08 13:00:00"
"558900",13,"2.9","2021-07-08 13:15:00"
"558582",13,"2.45","2021-04-19 04:45:00"
"558780",13,"2.375","2021-04-19 05:00:00"
"558792",13,"4.025","2021-05-28 09:45:00"
"558991",13,"4.325","2021-05-28 10:00:00"
"559156",13,"2.375","2021-05-28 10:15:00"
"558950",13,"4.1","2021-03-16 13:30:00"
"559114",13,"4.55","2021-03-16 13:45:00"
"559256",13,"4.325","2021-03-16 14:00:00"
"560235",13,"4.1","2021-03-16 15:30:00"
"561316",13,"4.25","2021-03-16 15:45:00"
"561442",13,"5.9","2021-03-16 16:00:00"
"560343",13,"3.8","2021-07-08 15:30:00"
"560444",13,"2.975","2021-07-08 15:45:00"
"560451",13,"5.525","2021-05-28 12:15:00"
"560531",13,"6.875","2021-05-28 12:30:00"
"560585",13,"5.45","2021-05-28 12:45:00"
"560639",13,"4.85","2021-05-28 13:00:00"
"560693",13,"5.075","2021-05-28 13:15:00"
"561752",13,"5.45","2021-03-16 16:45:00"
"561858",13,"5.825","2021-03-16 17:00:00"
"561962",13,"5.225","2021-03-16 17:15:00"
"562022",13,"3.575","2021-04-19 09:15:00"
"562129",13,"5.3","2021-04-19 09:30:00"
"562082",13,"5.6","2021-03-16 17:30:00"
"562190",13,"5.6","2021-03-16 17:45:00"
"562241",13,"4.7","2021-04-19 09:45:00"
"564815",13,"5.075","2021-04-19 10:00:00"
"564869",13,"5.975","2021-04-19 10:15:00"
"563398",13,"1.1","2021-07-08 18:00:00"
"563517",13,"1.1","2021-07-08 18:15:00"
"563654",13,"6.95","2021-05-28 15:00:00"
"563752",13,"5.9","2021-05-28 15:15:00"
"563619",13,"0","2021-07-08 18:30:00"
"563735",13,"0","2021-07-08 18:45:00"
"563834",13,"2.225","2021-07-08 19:00:00"
"563870",13,"6.35","2021-05-28 15:30:00"
"563986",13,"6.05","2021-05-28 15:45:00"
"564096",13,"10.85","2021-05-28 16:00:00"
"565031",13,"6.35","2021-04-19 11:00:00"
"565085",13,"5.6","2021-04-19 11:15:00"
"565139",13,"5.15","2021-04-19 11:30:00"
"565193",13,"4.85","2021-04-19 11:45:00"
"565247",13,"5.75","2021-04-19 12:00:00"
"565301",13,"5.225","2021-04-19 12:15:00"
"565355",13,"4.55","2021-04-19 12:30:00"
"565415",13,"4.4","2021-04-19 12:45:00"
"565497",13,"3.725","2021-04-19 13:00:00"
"565573",13,"2.9","2021-04-19 13:15:00"
"565652",13,"5.075","2021-04-19 13:30:00"
"566673",13,"2","2021-03-16 23:45:00"
"566843",13,"0","2021-03-17 00:00:00"
"567023",13,"0","2021-03-17 00:15:00"
"566853",13,"2.225","2021-07-08 21:45:00"
"566928",13,"2.6","2021-07-08 22:00:00"
"567004",13,"2.225","2021-07-08 22:15:00"
"567085",13,"2.375","2021-07-08 22:30:00"
"567162",13,"2.45","2021-07-08 22:45:00"
"567204",13,"0","2021-03-17 00:30:00"
"567396",13,"0","2021-03-17 00:45:00"
"568421",13,"5","2021-05-28 21:15:00"
"568475",13,"5.525","2021-05-28 21:30:00"
"568529",13,"4.55","2021-05-28 21:45:00"
"568583",13,"3.5","2021-05-28 22:00:00"
"568662",13,"6.05","2021-05-28 22:15:00"
"568770",13,"4.925","2021-05-28 22:30:00"
"568885",13,"6.2","2021-05-28 22:45:00"
"571649",13,"5.525","2021-05-28 23:00:00"
"568834",13,"3.8","2021-04-19 15:00:00"
"568939",13,"3.125","2021-04-19 15:15:00"
"570721",13,"2.075","2021-07-09 05:30:00"
"570775",13,"2.375","2021-07-09 05:45:00"
"570799",13,"0","2021-03-17 01:00:00"
"570451",13,"2.225","2021-07-09 04:15:00"
"570505",13,"1.85","2021-07-09 04:30:00"
"570559",13,"1.475","2021-07-09 04:45:00"
"570613",13,"1.1","2021-07-09 05:00:00"
"570667",13,"1.4","2021-07-09 05:15:00"
"576066",13,"8.45","2021-05-29 05:30:00"
"576218",13,"7.1","2021-05-29 05:45:00"
"576389",13,"7.025","2021-05-29 06:00:00"
"576528",13,"0","2021-03-17 08:15:00"
"576694",13,"3.275","2021-03-17 08:30:00"
"576562",13,"3.5","2021-04-20 02:30:00"
"576749",13,"3.5","2021-04-20 02:45:00"
"576550",13,"6.875","2021-05-29 06:15:00"
"576687",13,"7.475","2021-05-29 06:30:00"
"578508",13,"7.7","2021-05-29 08:15:00"
"578747",13,"7.475","2021-05-29 08:30:00"
"577801",13,"2.825","2021-07-09 10:30:00"
"577855",13,"2.975","2021-07-09 10:45:00"
"577909",13,"3.2","2021-07-09 11:00:00"
"577963",13,"2.9","2021-07-09 11:15:00"
"578017",13,"4.175","2021-07-09 11:30:00"
"578071",13,"4.55","2021-07-09 11:45:00"
"578125",13,"5.225","2021-07-09 12:00:00"
"578179",13,"5.225","2021-07-09 12:15:00"
"579558",13,"8.9","2021-05-29 09:30:00"
"579804",13,"9.2","2021-05-29 09:45:00"
"579642",13,"0","2021-04-20 05:45:00"
"579822",13,"0","2021-04-20 06:00:00"
"579730",13,"4.925","2021-07-09 15:00:00"
"581827",13,"4.925","2021-07-09 15:15:00"
"581881",13,"4.625","2021-07-09 15:30:00"
"579984",13,"2.525","2021-03-17 12:00:00"
"580134",13,"3.95","2021-03-17 12:15:00"
"580471",13,"9.72","2021-05-29 10:45:00"
"580659",13,"11.98","2021-05-29 11:00:00"
"580767",13,"0","2021-04-20 07:30:00"
"580799",13,"4.7","2021-03-17 13:15:00"
"580800",13,"12.73","2021-05-29 11:15:00"
"580933",13,"5","2021-03-17 13:30:00"
"581084",13,"3.95","2021-03-17 13:45:00"
"581233",13,"4.475","2021-03-17 14:00:00"
"580958",13,"12.42","2021-05-29 11:30:00"
"581119",13,"13.78","2021-05-29 11:45:00"
"581270",13,"12.73","2021-05-29 12:00:00"
"582043",13,"4.4","2021-07-09 16:15:00"
"582097",13,"3.95","2021-07-09 16:30:00"
"582151",13,"4.175","2021-07-09 16:45:00"
"582205",13,"4.25","2021-07-09 17:00:00"
"582259",13,"3.575","2021-07-09 17:15:00"
"582313",13,"3.425","2021-07-09 17:30:00"
"582367",13,"3.125","2021-07-09 17:45:00"
"582421",13,"2.975","2021-07-09 18:00:00"
"582475",13,"2.75","2021-07-09 18:15:00"
"582529",13,"2.825","2021-07-09 18:30:00"
"583733",13,"5.75","2021-04-20 10:30:00"
"583904",13,"5.375","2021-04-20 10:45:00"
"584052",13,"5.075","2021-04-20 11:00:00"
"584087",13,"3.425","2021-03-17 16:45:00"
"584247",13,"2.9","2021-03-17 17:00:00"
"584405",13,"2.15","2021-03-17 17:15:00"
"584225",13,"5.45","2021-04-20 11:15:00"
"584398",13,"5.45","2021-04-20 11:30:00"
"584186",13,"8.53","2021-05-29 15:00:00"
"584338",13,"6.725","2021-05-29 15:15:00"
"584488",13,"9.72","2021-05-29 15:30:00"
"585452",13,"3.35","2021-03-17 18:45:00"
"585612",13,"1.625","2021-03-17 19:00:00"
"585721",13,"1.1","2021-03-17 19:15:00"
"585710",13,"5.3","2021-04-20 13:30:00"
"586351",13,"5","2021-04-20 13:45:00"
"586561",13,"4.4","2021-04-20 14:00:00"
"586416",13,"0","2021-03-17 19:30:00"
"586617",13,"0","2021-03-17 19:45:00"
"585907",13,"1.925","2021-07-09 20:15:00"
"585961",13,"1.55","2021-07-09 20:30:00"
"587197",13,"2.225","2021-07-09 23:15:00"
"587411",13,"2.675","2021-07-09 23:30:00"
"587608",13,"1.625","2021-07-09 23:45:00"
"587234",13,"4.175","2021-04-20 14:45:00"
"587404",13,"4.325","2021-04-20 15:00:00"
"587647",13,"3.575","2021-04-20 15:15:00"
"587475",13,"0","2021-03-17 20:45:00"
"587688",13,"0","2021-03-17 21:00:00"
"587832",13,"1.775","2021-07-10 00:00:00"
"588085",13,"1.625","2021-07-10 00:15:00"
"588740",13,"2.9","2021-03-17 22:30:00"
"588906",13,"1.55","2021-03-17 22:45:00"
"589062",13,"0","2021-03-17 23:00:00"
"589223",13,"2.225","2021-05-29 21:00:00"
"589359",13,"2.15","2021-05-29 21:15:00"
"589192",13,"3.2","2021-04-20 17:30:00"
"589369",13,"3.05","2021-04-20 17:45:00"
"589228",13,"0","2021-03-17 23:15:00"
"589400",13,"0","2021-03-17 23:30:00"
"590580",13,"2.6","2021-04-20 20:00:00"
"590767",13,"2.45","2021-04-20 20:15:00"
"590695",13,"2.675","2021-05-29 23:30:00"
"590846",13,"0","2021-05-29 23:45:00"
"590733",13,"1.925","2021-07-10 01:15:00"
"590881",13,"1.625","2021-07-10 01:30:00"
"591027",13,"1.775","2021-07-10 01:45:00"
"590962",13,"5.3","2021-04-20 20:30:00"
"591099",13,"5.075","2021-04-20 20:45:00"
"591286",13,"2.9","2021-04-20 21:00:00"
"592177",13,"1.325","2021-07-10 03:45:00"
"592340",13,"1.7000000000000002","2021-07-10 04:00:00"
"592537",13,"0","2021-07-10 04:15:00"
"592161",13,"0","2021-05-30 01:15:00"
"592514",13,"0","2021-05-30 01:30:00"
"592768",13,"2.225","2021-05-30 01:45:00"
"592432",13,"0","2021-03-18 01:15:00"
"592627",13,"0","2021-03-18 01:30:00"
"592761",13,"0","2021-07-10 04:30:00"
"592950",13,"0","2021-07-10 04:45:00"
"548521",13,"0","2021-03-16 01:15:00"
"549768",13,"2.15","2021-07-08 04:30:00"
"549866",13,"1.775","2021-07-08 04:45:00"
"549986",13,"1.925","2021-07-08 05:00:00"
"549849",13,"1.7000000000000002","2021-05-28 02:00:00"
"549944",13,"1.625","2021-05-28 02:15:00"
"550095",13,"1.925","2021-07-08 05:15:00"
"550202",13,"1.775","2021-07-08 05:30:00"
"550052",13,"1.4","2021-05-28 02:30:00"
"550161",13,"1.4","2021-05-28 02:45:00"
"550268",13,"1.475","2021-05-28 03:00:00"
"550850",13,"1.85","2021-03-16 02:00:00"
"550944",13,"1.55","2021-03-16 02:15:00"
"551033",13,"1.175","2021-03-16 02:30:00"
"550888",13,"3.425","2021-04-18 15:30:00"
"551029",13,"2.45","2021-04-18 15:45:00"
"551176",13,"3.35","2021-04-18 16:00:00"
"551121",13,"1.25","2021-03-16 02:45:00"
"551204",13,"1.475","2021-03-16 03:00:00"
"551300",13,"7.85","2021-04-18 16:15:00"
"551395",13,"6.35","2021-04-18 16:30:00"
"551825",13,"0","2021-03-16 04:30:00"
"551947",13,"2.675","2021-03-16 04:45:00"
"552050",13,"2.45","2021-03-16 05:00:00"
"552066",13,"2.9","2021-04-18 18:00:00"
"552179",13,"2.3","2021-04-18 18:15:00"
"552287",13,"2.225","2021-04-18 18:30:00"
"552144",13,"2.15","2021-03-16 05:15:00"
"552260",13,"2","2021-03-16 05:30:00"
"552363",13,"2","2021-03-16 05:45:00"
"552397",13,"1.7000000000000002","2021-04-18 18:45:00"
"552494",13,"1.475","2021-04-18 19:00:00"
"552980",13,"2.3","2021-03-16 06:30:00"
"553205",13,"1.55","2021-03-16 06:45:00"
"553396",13,"0","2021-03-16 07:00:00"
"552985",13,"1.85","2021-07-08 07:00:00"
"553171",13,"2.6","2021-07-08 07:15:00"
"553395",13,"1.775","2021-07-08 07:30:00"
"553442",13,"1.55","2021-05-28 05:15:00"
"553615",13,"1.925","2021-05-28 05:30:00"
"553610",13,"3.575","2021-04-18 20:45:00"
"553807",13,"3.575","2021-04-18 21:00:00"
"554012",13,"1.1","2021-07-08 08:15:00"
"554232",13,"1.325","2021-07-08 08:30:00"
"554479",13,"1.325","2021-07-08 08:45:00"
"554060",13,"0","2021-03-16 07:45:00"
"554274",13,"0","2021-03-16 08:00:00"
"554476",13,"0","2021-03-16 08:15:00"
"554526",13,"0.5","2021-05-28 06:30:00"
"554715",13,"1.1","2021-05-28 06:45:00"
"554650",13,"2.975","2021-04-18 22:00:00"
"554846",13,"3.425","2021-04-18 22:15:00"
"555787",13,"1.925","2021-05-28 08:00:00"
"555981",13,"2.075","2021-05-28 08:15:00"
"556154",13,"1.625","2021-05-28 08:30:00"
"555790",13,"2.6","2021-07-08 10:15:00"
"556064",13,"2.225","2021-07-08 10:30:00"
"556376",13,"2.15","2021-07-08 10:45:00"
"556326",13,"1.1","2021-05-28 08:45:00"
"556568",13,"0.88","2021-05-28 09:00:00"
"556240",13,"2.15","2021-04-19 00:00:00"
"556413",13,"2.75","2021-04-19 00:15:00"
"556606",13,"2.9","2021-04-19 00:30:00"
"557519",13,"3.725","2021-04-19 03:15:00"
"557681",13,"3.65","2021-04-19 03:30:00"
"557827",13,"4.025","2021-04-19 03:45:00"
"557493",13,"4.475","2021-03-16 11:30:00"
"557654",13,"3.65","2021-03-16 11:45:00"
"557793",13,"3.8","2021-03-16 12:00:00"
"557688",13,"1.775","2021-07-08 11:45:00"
"557874",13,"2.825","2021-07-08 12:00:00"
"557954",13,"4.85","2021-03-16 12:15:00"
"558101",13,"4.4","2021-03-16 12:30:00"
"558307",13,"4.7","2021-03-16 12:45:00"
"559086",13,"2.825","2021-07-08 13:30:00"
"559230",13,"2.525","2021-07-08 13:45:00"
"559360",13,"4.025","2021-05-28 10:30:00"
"559532",13,"4.025","2021-05-28 10:45:00"
"559422",13,"4.4","2021-03-16 14:15:00"
"559584",13,"5.225","2021-03-16 14:30:00"
"559763",13,"3.425","2021-03-16 14:45:00"
"559382",13,"3.35","2021-07-08 14:00:00"
"559534",13,"4.625","2021-07-08 14:15:00"
"559678",13,"4.325","2021-07-08 14:30:00"
"560747",13,"4.475","2021-05-28 13:30:00"
"563098",13,"5.675","2021-05-28 13:45:00"
"563195",13,"5.825","2021-05-28 14:00:00"
"560789",13,"2.525","2021-04-19 05:15:00"
"560843",13,"2.15","2021-04-19 05:30:00"
"560897",13,"1.775","2021-04-19 05:45:00"
"560951",13,"2.75","2021-04-19 06:00:00"
"561005",13,"2.15","2021-04-19 06:15:00"
"561059",13,"0.9500000000000001","2021-04-19 06:30:00"
"561113",13,"0","2021-04-19 06:45:00"
"561167",13,"0","2021-04-19 07:00:00"
"562287",13,"4.7","2021-03-16 18:00:00"
"562341",13,"4.55","2021-03-16 18:15:00"
"562395",13,"2.975","2021-03-16 18:30:00"
"562449",13,"2.675","2021-03-16 18:45:00"
"562503",13,"2.225","2021-03-16 19:00:00"
"562557",13,"3.875","2021-03-16 19:15:00"
"562611",13,"2.525","2021-03-16 19:30:00"
"562665",13,"3.275","2021-03-16 19:45:00"
"562719",13,"3.725","2021-03-16 20:00:00"
"562773",13,"3.125","2021-03-16 20:15:00"
"565534",13,"2.9","2021-03-16 20:30:00"
"563933",13,"2.225","2021-07-08 19:15:00"
"564041",13,"2.675","2021-07-08 19:30:00"
"564194",13,"8.22","2021-05-28 16:15:00"
"564317",13,"7.925","2021-05-28 16:30:00"
"564147",13,"2.9","2021-07-08 19:45:00"
"564249",13,"3.05","2021-07-08 20:00:00"
"564358",13,"2.675","2021-07-08 20:15:00"
"564428",13,"7.025","2021-05-28 16:45:00"
"564503",13,"7.25","2021-05-28 17:00:00"
"564557",13,"7.175","2021-05-28 17:15:00"
"566151",13,"5.825","2021-03-16 22:00:00"
"566205",13,"6.2","2021-03-16 22:15:00"
"566259",13,"4.475","2021-03-16 22:30:00"
"566313",13,"3.725","2021-03-16 22:45:00"
"566367",13,"5.15","2021-03-16 23:00:00"
"566421",13,"3.8","2021-03-16 23:15:00"
"566521",13,"2.6","2021-03-16 23:30:00"
"566693",13,"2.075","2021-07-08 21:15:00"
"566770",13,"2.9","2021-07-08 21:30:00"
"567881",13,"5.45","2021-05-28 18:45:00"
"567935",13,"5.225","2021-05-28 19:00:00"
"567989",13,"4.025","2021-05-28 19:15:00"
"568043",13,"3.275","2021-05-28 19:30:00"
"568097",13,"3.65","2021-05-28 19:45:00"
"568151",13,"4.1","2021-05-28 20:00:00"
"568205",13,"4.625","2021-05-28 20:15:00"
"568259",13,"4.4","2021-05-28 20:30:00"
"568313",13,"5.3","2021-05-28 20:45:00"
"568367",13,"6.125","2021-05-28 21:00:00"
"569597",13,"0","2021-04-19 18:15:00"
"569651",13,"0","2021-04-19 18:30:00"
"569705",13,"0","2021-04-19 18:45:00"
"569759",13,"0","2021-04-19 19:00:00"
"571832",13,"0","2021-04-19 19:15:00"
"569857",13,"1.85","2021-07-09 01:30:00"
"569911",13,"2.3","2021-07-09 01:45:00"
"569965",13,"2.375","2021-07-09 02:00:00"
"570019",13,"2.525","2021-07-09 02:15:00"
"570073",13,"2.6","2021-07-09 02:30:00"
"570127",13,"2.3","2021-07-09 02:45:00"
"571231",13,"2.375","2021-03-17 03:00:00"
"571285",13,"1.475","2021-03-17 03:15:00"
"571339",13,"0","2021-03-17 03:30:00"
"571393",13,"0","2021-03-17 03:45:00"
"571447",13,"0","2021-03-17 04:00:00"
"571501",13,"0","2021-03-17 04:15:00"
"571555",13,"0","2021-03-17 04:30:00"
"571615",13,"0","2021-03-17 04:45:00"
"571693",13,"0","2021-03-17 05:00:00"
"571780",13,"0","2021-03-17 05:15:00"
"572256",13,"5.825","2021-04-19 20:00:00"
"572431",13,"4.475","2021-04-19 20:15:00"
"572541",13,"3.2","2021-04-19 20:30:00"
"572341",13,"7.55","2021-05-29 00:30:00"
"572422",13,"4.7","2021-05-29 00:45:00"
"572525",13,"2.825","2021-05-29 01:00:00"
"572614",13,"3.65","2021-05-29 01:15:00"
"572737",13,"3.425","2021-05-29 01:30:00"
"572655",13,"2.6","2021-04-19 20:45:00"
"572761",13,"0","2021-04-19 21:00:00"
"573369",13,"3.35","2021-05-29 03:00:00"
"573470",13,"3.2","2021-05-29 03:15:00"
"573589",13,"3.275","2021-05-29 03:30:00"
"573432",13,"5.675","2021-04-19 22:30:00"
"573535",13,"5.75","2021-04-19 22:45:00"
"573623",13,"5.075","2021-04-19 23:00:00"
"573677",13,"6.05","2021-04-19 23:15:00"
"573731",13,"5.9","2021-04-19 23:30:00"
"574807",13,"5.6","2021-04-19 23:45:00"
"573829",13,"2.225","2021-07-09 06:00:00"
"573883",13,"1.925","2021-07-09 06:15:00"
"573937",13,"1.7000000000000002","2021-07-09 06:30:00"
"574531",13,"3.2","2021-07-09 09:15:00"
"574585",13,"3.35","2021-07-09 09:30:00"
"574639",13,"3.8","2021-07-09 09:45:00"
"574693",13,"3.575","2021-07-09 10:00:00"
"574747",13,"3.05","2021-07-09 10:15:00"
"574888",13,"3.95","2021-05-29 03:45:00"
"575040",13,"4.4","2021-05-29 04:00:00"
"574969",13,"4.325","2021-04-20 00:00:00"
"575147",13,"7.175","2021-04-20 00:15:00"
"575745",13,"5.3","2021-04-20 01:15:00"
"575922",13,"4.625","2021-04-20 01:30:00"
"575749",13,"7.25","2021-05-29 05:00:00"
"575903",13,"6.725","2021-05-29 05:15:00"
"576048",13,"0","2021-03-17 07:30:00"
"576219",13,"0","2021-03-17 07:45:00"
"576353",13,"0","2021-03-17 08:00:00"
"576070",13,"4.625","2021-04-20 01:45:00"
"576237",13,"6.35","2021-04-20 02:00:00"
"576405",13,"5.075","2021-04-20 02:15:00"
"577370",13,"3.125","2021-04-20 03:45:00"
"577547",13,"2.675","2021-04-20 04:00:00"
"577356",13,"8.08","2021-05-29 07:30:00"
"577524",13,"9.5","2021-05-29 07:45:00"
"577687",13,"9.95","2021-05-29 08:00:00"
"577651",13,"2.825","2021-03-17 10:00:00"
"578568",13,"2.075","2021-03-17 10:15:00"
"578757",13,"1.1","2021-03-17 10:30:00"
"577709",13,"1.925","2021-04-20 04:15:00"
"578553",13,"1.55","2021-04-20 04:30:00"
"578758",13,"0","2021-04-20 04:45:00"
"578971",13,"0","2021-04-20 05:00:00"
"579251",13,"0","2021-04-20 05:15:00"
"579448",13,"0","2021-04-20 05:30:00"
"578965",13,"6.95","2021-05-29 08:45:00"
"579166",13,"8.3","2021-05-29 09:00:00"
"579359",13,"8.53","2021-05-29 09:15:00"
"579268",13,"4.1","2021-07-09 14:30:00"
"579520",13,"5.15","2021-07-09 14:45:00"
"579387",13,"0","2021-03-17 11:15:00"
"579644",13,"2.6","2021-03-17 11:30:00"
"579821",13,"4.25","2021-03-17 11:45:00"
"580962",13,"0","2021-04-20 07:45:00"
"581134",13,"1.025","2021-04-20 08:00:00"
"581303",13,"2.075","2021-04-20 08:15:00"
"581394",13,"3.65","2021-03-17 14:15:00"
"581584",13,"3.95","2021-03-17 14:30:00"
"581444",13,"11.68","2021-05-29 12:15:00"
"581606",13,"11.68","2021-05-29 12:30:00"
"581456",13,"3.275","2021-04-20 08:30:00"
"581608",13,"3.2","2021-04-20 08:45:00"
"582583",13,"3.5","2021-07-09 18:45:00"
"582637",13,"3.425","2021-07-09 19:00:00"
"582691",13,"3.125","2021-07-09 19:15:00"
"582832",13,"2.75","2021-07-09 19:30:00"
"585799",13,"3.05","2021-07-09 19:45:00"
"585853",13,"2.675","2021-07-09 20:00:00"
"583224",13,"10.25","2021-05-29 13:30:00"
"583372",13,"9.8","2021-05-29 13:45:00"
"583247",13,"4.775","2021-04-20 09:45:00"
"583388",13,"4.4","2021-04-20 10:00:00"
"584612",13,"2.675","2021-03-17 17:30:00"
"584807",13,"3.5","2021-03-17 17:45:00"
"584617",13,"7.625","2021-05-29 15:45:00"
"584745",13,"6.125","2021-05-29 16:00:00"
"584550",13,"5.6","2021-04-20 11:45:00"
"584731",13,"5.375","2021-04-20 12:00:00"
"584858",13,"3.8","2021-05-29 16:15:00"
"585020",13,"3.95","2021-05-29 16:30:00"
"585161",13,"2.3","2021-05-29 16:45:00"
"586015",13,"2.525","2021-07-09 20:45:00"
"586069",13,"2.825","2021-07-09 21:00:00"
"586123",13,"2.075","2021-07-09 21:15:00"
"586177",13,"2.75","2021-07-09 21:30:00"
"586231",13,"2.825","2021-07-09 21:45:00"
"586285",13,"2.825","2021-07-09 22:00:00"
"586385",13,"3.125","2021-07-09 22:15:00"
"586557",13,"2.45","2021-07-09 22:30:00"
"586709",13,"1.25","2021-05-29 17:45:00"
"586934",13,"1.625","2021-05-29 18:00:00"
"587831",13,"1.475","2021-05-29 19:00:00"
"588040",13,"1.625","2021-05-29 19:15:00"
"587852",13,"2.15","2021-04-20 15:30:00"
"588053",13,"3.65","2021-04-20 15:45:00"
"588211",13,"4.625","2021-04-20 16:00:00"
"587894",13,"0","2021-03-17 21:15:00"
"588097",13,"0","2021-03-17 21:30:00"
"588242",13,"0","2021-03-17 21:45:00"
"588351",13,"3.65","2021-04-20 16:15:00"
"588538",13,"2.75","2021-04-20 16:30:00"
"589514",13,"2.075","2021-05-29 21:30:00"
"589713",13,"0","2021-05-29 21:45:00"
"589767",13,"0.88","2021-05-29 22:00:00"
"589571",13,"2.825","2021-04-20 18:00:00"
"589781",13,"1.775","2021-04-20 18:15:00"
"589835",13,"2.75","2021-04-20 18:30:00"
"589545",13,"0","2021-03-17 23:45:00"
"589681",13,"0","2021-03-18 00:00:00"
"591742",13,"0","2021-03-18 00:15:00"
"589957",13,"1.325","2021-05-29 22:15:00"
"590079",13,"2.15","2021-05-29 22:30:00"
"591014",13,"0","2021-05-30 00:00:00"
"591194",13,"0","2021-05-30 00:15:00"
"591388",13,"0","2021-05-30 00:30:00"
"591188",13,"1.85","2021-07-10 02:00:00"
"591305",13,"1.7000000000000002","2021-07-10 02:15:00"
"591421",13,"1.325","2021-07-10 02:30:00"
"591535",13,"1.25","2021-07-10 02:45:00"
"591642",13,"1.325","2021-07-10 03:00:00"
"591496",13,"3.2","2021-04-20 21:15:00"
"591739",13,"2.975","2021-04-20 21:30:00"
"592009",13,"2.525","2021-04-20 21:45:00"
"592702",13,"3.35","2021-04-20 22:30:00"
"592941",13,"2.225","2021-04-20 22:45:00"
"593868",13,"3.725","2021-04-20 23:00:00"
"592842",13,"1.4","2021-03-18 01:45:00"
"593797",13,"0","2021-07-10 05:00:00"
"593886",13,"0.88","2021-07-10 05:15:00"
"594000",13,"1.625","2021-07-10 05:30:00"
"594052",13,"6.125","2021-04-20 23:15:00"
"594193",13,"6.125","2021-04-20 23:30:00"
"594189",13,"2.075","2021-07-10 05:45:00"
"594339",13,"1.55","2021-07-10 06:00:00"
"594268",13,"3.65","2021-05-30 03:15:00"
"594410",13,"6.95","2021-05-30 03:30:00"
"594582",13,"11","2021-05-30 03:45:00"
"599394",13,"4.775","2021-05-30 09:45:00"
"599617",13,"5.45","2021-05-30 10:00:00"
"599383",13,"3.8","2021-07-10 12:00:00"
"599593",13,"3.65","2021-07-10 12:15:00"
"599814",13,"3.125","2021-07-10 12:30:00"
"599615",13,"0","2021-04-21 06:15:00"
"599819",13,"0","2021-04-21 06:30:00"
"599859",13,"5.525","2021-05-30 10:15:00"
"600089",13,"3.2","2021-05-30 10:30:00"
"600275",13,"2.9","2021-05-30 10:45:00"
"600565",13,"3.35","2021-03-18 10:45:00"
"600754",13,"4.25","2021-03-18 11:00:00"
"600654",13,"2.9","2021-07-10 13:30:00"
"600870",13,"3.2","2021-07-10 13:45:00"
"600707",13,"0","2021-04-21 07:30:00"
"600932",13,"0","2021-04-21 07:45:00"
"600934",13,"4.325","2021-05-30 11:30:00"
"600953",13,"5.075","2021-03-18 11:15:00"
"601100",13,"6.425","2021-05-30 11:45:00"
"601798",13,"4.4","2021-05-30 12:00:00"
"602497",13,"2.6","2021-07-10 15:15:00"
"602648",13,"1.85","2021-07-10 15:30:00"
"602787",13,"2.9","2021-07-10 15:45:00"
"602786",13,"5.45","2021-04-21 09:45:00"
"602942",13,"8","2021-04-21 10:00:00"
"603096",13,"6.575","2021-04-21 10:15:00"
"602916",13,"1.85","2021-07-10 16:00:00"
"603054",13,"2.225","2021-07-10 16:15:00"
"602853",13,"5","2021-05-30 13:30:00"
"603067",13,"6.275","2021-05-30 13:45:00"
"603228",13,"4.85","2021-05-30 14:00:00"
"604495",13,"6.5","2021-04-21 12:00:00"
"604646",13,"6.05","2021-04-21 12:15:00"
"604819",13,"7.775","2021-04-21 12:30:00"
"604428",13,"2.15","2021-05-30 15:30:00"
"604612",13,"0","2021-05-30 15:45:00"
"604746",13,"3.125","2021-05-30 16:00:00"
"604529",13,"2.9","2021-03-18 15:15:00"
"604832",13,"3.275","2021-03-18 15:30:00"
"605065",13,"3.125","2021-03-18 15:45:00"
"604535",13,"1.7000000000000002","2021-07-10 18:00:00"
"604844",13,"1.775","2021-07-10 18:15:00"
"604954",13,"3.05","2021-05-30 16:15:00"
"605493",13,"1.775","2021-03-18 17:15:00"
"605547",13,"0","2021-03-18 17:30:00"
"605601",13,"2.075","2021-03-18 17:45:00"
"605655",13,"1.925","2021-03-18 18:00:00"
"605709",13,"0","2021-03-18 18:15:00"
"605763",13,"3.2","2021-03-18 18:30:00"
"608817",13,"2.45","2021-03-18 18:45:00"
"608871",13,"2.375","2021-03-18 19:00:00"
"605831",13,"4.925","2021-04-21 13:00:00"
"605885",13,"5.975","2021-04-21 13:15:00"
"607037",13,"2.075","2021-07-10 20:00:00"
"607091",13,"1.625","2021-07-10 20:15:00"
"607145",13,"0.9500000000000001","2021-07-10 20:30:00"
"607199",13,"0","2021-07-10 20:45:00"
"607253",13,"2.15","2021-07-10 21:00:00"
"607346",13,"4.55","2021-05-30 16:45:00"
"607457",13,"3.05","2021-05-30 17:00:00"
"607341",13,"2.225","2021-07-10 21:15:00"
"607446",13,"2.225","2021-07-10 21:30:00"
"607548",13,"2.675","2021-07-10 21:45:00"
"608627",13,"3.2","2021-05-30 20:30:00"
"608681",13,"2.975","2021-05-30 20:45:00"
"608735",13,"0","2021-05-30 21:00:00"
"611789",13,"0","2021-05-30 21:15:00"
"611843",13,"2","2021-05-30 21:30:00"
"608925",13,"1.325","2021-03-18 19:15:00"
"608979",13,"0","2021-03-18 19:30:00"
"609033",13,"0","2021-03-18 19:45:00"
"609087",13,"0","2021-03-18 20:00:00"
"609141",13,"0","2021-03-18 20:15:00"
"610343",13,"3.425","2021-04-21 20:00:00"
"610397",13,"2.45","2021-04-21 20:15:00"
"610451",13,"1.7000000000000002","2021-04-21 20:30:00"
"610505",13,"2.15","2021-04-21 20:45:00"
"610559",13,"0","2021-04-21 21:00:00"
"610613",13,"0","2021-04-21 21:15:00"
"610667",13,"0","2021-04-21 21:30:00"
"610721",13,"0","2021-04-21 21:45:00"
"610775",13,"0","2021-04-21 22:00:00"
"613829",13,"0","2021-04-21 22:15:00"
"612059",13,"3.425","2021-05-30 22:30:00"
"612113",13,"2.6","2021-05-30 22:45:00"
"612167",13,"2.45","2021-05-30 23:00:00"
"612221",13,"3.425","2021-05-30 23:15:00"
"612275",13,"3.425","2021-05-30 23:30:00"
"612329",13,"3.725","2021-05-30 23:45:00"
"612383",13,"3.425","2021-05-31 00:00:00"
"612437",13,"3.2","2021-05-31 00:15:00"
"612491",13,"0","2021-05-31 00:30:00"
"612545",13,"0","2021-05-31 00:45:00"
"613707",13,"3.875","2021-03-19 03:30:00"
"613761",13,"2.225","2021-03-19 03:45:00"
"613883",13,"2.6","2021-04-21 22:30:00"
"570853",13,"0","2021-03-17 01:15:00"
"570907",13,"0","2021-03-17 01:30:00"
"570961",13,"0","2021-03-17 01:45:00"
"571015",13,"3.575","2021-03-17 02:00:00"
"571069",13,"2.6","2021-03-17 02:15:00"
"571123",13,"3.125","2021-03-17 02:30:00"
"571177",13,"2.9","2021-03-17 02:45:00"
"571838",13,"8.3","2021-05-28 23:15:00"
"571983",13,"7.1","2021-05-28 23:30:00"
"572008",13,"0.28","2021-04-19 19:30:00"
"572104",13,"6.2","2021-04-19 19:45:00"
"571941",13,"0","2021-03-17 05:30:00"
"574927",13,"0","2021-03-17 05:45:00"
"575085",13,"0","2021-03-17 06:00:00"
"572089",13,"7.025","2021-05-28 23:45:00"
"572190",13,"7.1","2021-05-29 00:00:00"
"572267",13,"7.4","2021-05-29 00:15:00"
"572849",13,"2.075","2021-05-29 01:45:00"
"572939",13,"2.6","2021-05-29 02:00:00"
"573040",13,"2.75","2021-05-29 02:15:00"
"572880",13,"4.025","2021-04-19 21:15:00"
"572992",13,"4.025","2021-04-19 21:30:00"
"573101",13,"4.625","2021-04-19 21:45:00"
"573149",13,"3.275","2021-05-29 02:30:00"
"573255",13,"2.75","2021-05-29 02:45:00"
"573217",13,"3.425","2021-04-19 22:00:00"
"573325",13,"4.85","2021-04-19 22:15:00"
"573991",13,"1.85","2021-07-09 06:45:00"
"574045",13,"2.15","2021-07-09 07:00:00"
"574099",13,"2.075","2021-07-09 07:15:00"
"574153",13,"1.55","2021-07-09 07:30:00"
"574207",13,"1.4","2021-07-09 07:45:00"
"574261",13,"1.85","2021-07-09 08:00:00"
"574315",13,"2","2021-07-09 08:15:00"
"574369",13,"1.475","2021-07-09 08:30:00"
"574423",13,"1.775","2021-07-09 08:45:00"
"574477",13,"2.75","2021-07-09 09:00:00"
"575247",13,"0","2021-03-17 06:15:00"
"575395",13,"1.4","2021-03-17 06:30:00"
"575201",13,"5.3","2021-05-29 04:15:00"
"575401",13,"5.375","2021-05-29 04:30:00"
"575596",13,"5.525","2021-05-29 04:45:00"
"575285",13,"7.1","2021-04-20 00:30:00"
"575445",13,"6.575","2021-04-20 00:45:00"
"575583",13,"5.675","2021-04-20 01:00:00"
"575551",13,"1.625","2021-03-17 06:45:00"
"575718",13,"0","2021-03-17 07:00:00"
"575878",13,"0","2021-03-17 07:15:00"
"576863",13,"3.575","2021-03-17 08:45:00"
"577026",13,"3.8","2021-03-17 09:00:00"
"577180",13,"3.35","2021-03-17 09:15:00"
"576843",13,"7.325","2021-05-29 06:45:00"
"577007",13,"8.15","2021-05-29 07:00:00"
"577188",13,"7.925","2021-05-29 07:15:00"
"576909",13,"3.275","2021-04-20 03:00:00"
"577068",13,"3.05","2021-04-20 03:15:00"
"577215",13,"2.75","2021-04-20 03:30:00"
"577350",13,"3.425","2021-03-17 09:30:00"
"577490",13,"3.35","2021-03-17 09:45:00"
"578233",13,"4.7","2021-07-09 12:30:00"
"578287",13,"4.775","2021-07-09 12:45:00"
"578341",13,"4.625","2021-07-09 13:00:00"
"578395",13,"3.875","2021-07-09 13:15:00"
"578449",13,"4.55","2021-07-09 13:30:00"
"578651",13,"3.875","2021-07-09 13:45:00"
"578857",13,"4.1","2021-07-09 14:00:00"
"579050",13,"5.825","2021-07-09 14:15:00"
"578995",13,"2.525","2021-03-17 10:45:00"
"579165",13,"2","2021-03-17 11:00:00"
"579979",13,"0","2021-04-20 06:15:00"
"580163",13,"0","2021-04-20 06:30:00"
"580315",13,"0","2021-04-20 06:45:00"
"579968",13,"8.22","2021-05-29 10:00:00"
"580124",13,"9.58","2021-05-29 10:15:00"
"580295",13,"8.75","2021-05-29 10:30:00"
"580296",13,"4.25","2021-03-17 12:30:00"
"580448",13,"4.7","2021-03-17 12:45:00"
"580600",13,"6.8","2021-03-17 13:00:00"
"580470",13,"0","2021-04-20 07:00:00"
"580622",13,"0","2021-04-20 07:15:00"
"581736",13,"3.65","2021-03-17 14:45:00"
"582948",13,"0","2021-03-17 15:00:00"
"583101",13,"2.825","2021-03-17 15:15:00"
"581756",13,"11.08","2021-05-29 12:45:00"
"582841",13,"10.85","2021-05-29 13:00:00"
"583029",13,"10.7","2021-05-29 13:15:00"
"582736",13,"2.825","2021-04-20 09:00:00"
"582919",13,"3.05","2021-04-20 09:15:00"
"583092",13,"3.575","2021-04-20 09:30:00"
"581935",13,"4.4","2021-07-09 15:45:00"
"581989",13,"4.25","2021-07-09 16:00:00"
"583270",13,"3.5","2021-03-17 15:30:00"
"583469",13,"3.8","2021-03-17 15:45:00"
"583526",13,"12.05","2021-05-29 14:00:00"
"583566",13,"5.15","2021-04-20 10:15:00"
"583624",13,"3.5","2021-03-17 16:00:00"
"583767",13,"3.35","2021-03-17 16:15:00"
"583918",13,"3.575","2021-03-17 16:30:00"
"583686",13,"8.9","2021-05-29 14:15:00"
"583858",13,"10.48","2021-05-29 14:30:00"
"584039",13,"10.25","2021-05-29 14:45:00"
"584935",13,"5.45","2021-04-20 12:15:00"
"585079",13,"6.2","2021-04-20 12:30:00"
"585266",13,"5.525","2021-04-20 12:45:00"
"584969",13,"2.225","2021-03-17 18:00:00"
"585149",13,"0","2021-03-17 18:15:00"
"585300",13,"0","2021-03-17 18:30:00"
"585331",13,"0.8","2021-05-29 17:00:00"
"585507",13,"1.175","2021-05-29 17:15:00"
"586485",13,"2.225","2021-05-29 17:30:00"
"585418",13,"5.15","2021-04-20 13:00:00"
"585578",13,"4.925","2021-04-20 13:15:00"
"586756",13,"2.525","2021-07-09 22:45:00"
"586965",13,"1.7000000000000002","2021-07-09 23:00:00"
"586806",13,"4.025","2021-04-20 14:15:00"
"587018",13,"3.95","2021-04-20 14:30:00"
"586828",13,"0","2021-03-17 20:00:00"
"587047",13,"0","2021-03-17 20:15:00"
"587236",13,"0","2021-03-17 20:30:00"
"587170",13,"2.525","2021-05-29 18:15:00"
"587398",13,"2.675","2021-05-29 18:30:00"
"587610",13,"2","2021-05-29 18:45:00"
"588261",13,"1.325","2021-05-29 19:30:00"
"588425",13,"0.8","2021-05-29 19:45:00"
"588580",13,"1.4","2021-05-29 20:00:00"
"588420",13,"0","2021-03-17 22:00:00"
"588577",13,"2.15","2021-03-17 22:15:00"
"588706",13,"3.05","2021-04-20 16:45:00"
"588867",13,"3.5","2021-04-20 17:00:00"
"589045",13,"2.9","2021-04-20 17:15:00"
"588739",13,"1.625","2021-05-29 20:15:00"
"588896",13,"1.625","2021-05-29 20:30:00"
"589049",13,"1.7000000000000002","2021-05-29 20:45:00"
"589894",13,"2.6","2021-04-20 18:45:00"
"589997",13,"2.675","2021-04-20 19:00:00"
"590109",13,"2.75","2021-04-20 19:15:00"
"590250",13,"2.675","2021-04-20 19:30:00"
"590401",13,"2.75","2021-04-20 19:45:00"
"590233",13,"1.625","2021-05-29 22:45:00"
"590372",13,"1.25","2021-05-29 23:00:00"
"590524",13,"2.525","2021-05-29 23:15:00"
"590255",13,"0","2021-07-10 00:30:00"
"590446",13,"1.7000000000000002","2021-07-10 00:45:00"
"590592",13,"1.475","2021-07-10 01:00:00"
"591593",13,"1.85","2021-05-30 00:45:00"
"591822",13,"0","2021-05-30 01:00:00"
"591859",13,"1.4","2021-07-10 03:15:00"
"592020",13,"1.625","2021-07-10 03:30:00"
"591948",13,"0","2021-03-18 00:30:00"
"592105",13,"0","2021-03-18 00:45:00"
"592257",13,"0","2021-03-18 01:00:00"
"592305",13,"2.675","2021-04-20 22:00:00"
"592516",13,"2.525","2021-04-20 22:15:00"
"593947",13,"0","2021-05-30 02:45:00"
"594101",13,"2.9","2021-05-30 03:00:00"
"593415",13,"0","2021-03-18 03:00:00"
"593469",13,"0","2021-03-18 03:15:00"
"593523",13,"0","2021-03-18 03:30:00"
"593577",13,"0","2021-03-18 03:45:00"
"593631",13,"1.4","2021-03-18 04:00:00"
"593685",13,"1.475","2021-03-18 04:15:00"
"593739",13,"0","2021-03-18 04:30:00"
"595548",13,"0","2021-03-18 04:45:00"
"595030",13,"2.225","2021-07-10 07:00:00"
"595180",13,"2","2021-07-10 07:15:00"
"595323",13,"1.625","2021-07-10 07:30:00"
"595091",13,"3.875","2021-05-30 04:30:00"
"595245",13,"3.5","2021-05-30 04:45:00"
"595431",13,"4.25","2021-05-30 05:00:00"
"595125",13,"3.8","2021-04-21 01:00:00"
"595303",13,"3.2","2021-04-21 01:15:00"
"595447",13,"4.325","2021-04-21 01:30:00"
"595491",13,"2","2021-07-10 07:45:00"
"595692",13,"2.225","2021-07-10 08:00:00"
"596016",13,"7.85","2021-05-30 05:45:00"
"596203",13,"4.85","2021-05-30 06:00:00"
"596442",13,"5","2021-05-30 06:15:00"
"596086",13,"3.35","2021-04-21 02:15:00"
"596300",13,"3.8","2021-04-21 02:30:00"
"596516",13,"3.275","2021-04-21 02:45:00"
"596266",13,"0","2021-03-18 05:30:00"
"596448",13,"1.025","2021-03-18 05:45:00"
"596645",13,"0.73","2021-03-18 06:00:00"
"596580",13,"1.55","2021-07-10 09:00:00"
"596801",13,"1.7000000000000002","2021-07-10 09:15:00"
"597025",13,"6.275","2021-05-30 07:00:00"
"597196",13,"6.575","2021-05-30 07:15:00"
"597913",13,"5.15","2021-05-30 07:30:00"
"597279",13,"0","2021-03-18 07:00:00"
"597333",13,"1.475","2021-03-18 07:15:00"
"597387",13,"1.475","2021-03-18 07:30:00"
"597441",13,"1.925","2021-03-18 07:45:00"
"597495",13,"2","2021-03-18 08:00:00"
"597549",13,"1.925","2021-03-18 08:15:00"
"597603",13,"0","2021-03-18 08:30:00"
"598205",13,"2.375","2021-07-10 10:15:00"
"598357",13,"2.45","2021-07-10 10:30:00"
"598277",13,"0","2021-04-21 04:15:00"
"598425",13,"0","2021-04-21 04:30:00"
"598574",13,"0","2021-04-21 04:45:00"
"598561",13,"6.125","2021-05-30 08:30:00"
"598732",13,"6.65","2021-05-30 08:45:00"
"598549",13,"2.9","2021-07-10 10:45:00"
"598686",13,"4.025","2021-07-10 11:00:00"
"598833",13,"3.725","2021-07-10 11:15:00"
"599906",13,"4.85","2021-03-18 10:00:00"
"600112",13,"4.925","2021-03-18 10:15:00"
"600357",13,"4.325","2021-03-18 10:30:00"
"599998",13,"3.2","2021-07-10 12:45:00"
"600205",13,"2.75","2021-07-10 13:00:00"
"600439",13,"3.125","2021-07-10 13:15:00"
"600043",13,"0","2021-04-21 06:45:00"
"600260",13,"0","2021-04-21 07:00:00"
"600457",13,"0","2021-04-21 07:15:00"
"600472",13,"2.75","2021-05-30 11:00:00"
"600706",13,"3.125","2021-05-30 11:15:00"
"601521",13,"5.15","2021-03-18 12:45:00"
"601575",13,"5.225","2021-03-18 13:00:00"
"601629",13,"3.275","2021-03-18 13:15:00"
"601683",13,"4.025","2021-03-18 13:30:00"
"601737",13,"3.875","2021-03-18 13:45:00"
"603317",13,"4.925","2021-03-18 14:00:00"
"603540",13,"4.625","2021-03-18 14:15:00"
"601954",13,"3.95","2021-05-30 12:15:00"
"602116",13,"0","2021-05-30 12:30:00"
"602281",13,"0","2021-05-30 12:45:00"
"603216",13,"2.525","2021-07-10 16:30:00"
"603261",13,"6.725","2021-04-21 10:30:00"
"603403",13,"0","2021-05-30 14:15:00"
"603607",13,"3.5","2021-05-30 14:30:00"
"603788",13,"2.825","2021-05-30 14:45:00"
"603469",13,"7.625","2021-04-21 10:45:00"
"603669",13,"7.625","2021-04-21 11:00:00"
"603926",13,"6.65","2021-04-21 11:15:00"
"603432",13,"2","2021-07-10 16:45:00"
"603649",13,"2.075","2021-07-10 17:00:00"
"603836",13,"1.775","2021-07-10 17:15:00"
"604975",13,"6.5","2021-04-21 12:45:00"
"605082",13,"1.7000000000000002","2021-07-10 18:30:00"
"605096",13,"3.725","2021-05-30 16:30:00"
"605203",13,"2.825","2021-03-18 16:00:00"
"605277",13,"3.2","2021-03-18 16:15:00"
"605216",13,"1.7000000000000002","2021-07-10 18:45:00"
"606692",13,"1.925","2021-07-10 19:00:00"
"605331",13,"2.9","2021-03-18 16:30:00"
"605385",13,"1.325","2021-03-18 16:45:00"
"605439",13,"1.85","2021-03-18 17:00:00"
"606479",13,"5.225","2021-04-21 16:00:00"
"606533",13,"4.175","2021-04-21 16:15:00"
"606587",13,"2.15","2021-04-21 16:30:00"
"606670",13,"2.075","2021-04-21 16:45:00"
"606781",13,"3.275","2021-04-21 17:00:00"
"606796",13,"2","2021-07-10 19:15:00"
"606897",13,"2.375","2021-07-10 19:30:00"
"606983",13,"2.375","2021-07-10 19:45:00"
"606898",13,"3.95","2021-04-21 17:15:00"
"609803",13,"4.175","2021-04-21 17:30:00"
"609857",13,"4.475","2021-04-21 17:45:00"
"608107",13,"2.675","2021-05-30 18:30:00"
"608182",13,"2.75","2021-05-30 18:45:00"
"608265",13,"2.525","2021-05-30 19:00:00"
"608256",13,"0","2021-07-10 23:15:00"
"610793",13,"2.075","2021-07-10 23:30:00"
"608352",13,"3.725","2021-05-30 19:15:00"
"608411",13,"4.25","2021-05-30 19:30:00"
"608465",13,"3.425","2021-05-30 19:45:00"
"608519",13,"3.2","2021-05-30 20:00:00"
"608573",13,"3.05","2021-05-30 20:15:00"
"609735",13,"2.675","2021-03-18 23:00:00"
"612627",13,"3.65","2021-03-18 23:15:00"
"612741",13,"4.1","2021-03-18 23:30:00"
"609911",13,"4.1","2021-04-21 18:00:00"
"609965",13,"2.525","2021-04-21 18:15:00"
"610019",13,"1.025","2021-04-21 18:30:00"
"610073",13,"0","2021-04-21 18:45:00"
"610127",13,"1.7000000000000002","2021-04-21 19:00:00"
"610181",13,"0","2021-04-21 19:15:00"
"610235",13,"2.75","2021-04-21 19:30:00"
"610289",13,"3.575","2021-04-21 19:45:00"
"611387",13,"2.3","2021-07-11 02:15:00"
"611441",13,"2.75","2021-07-11 02:30:00"
"611495",13,"2.75","2021-07-11 02:45:00"
"611549",13,"2.525","2021-07-11 03:00:00"
"611603",13,"2.6","2021-07-11 03:15:00"
"611657",13,"2.375","2021-07-11 03:30:00"
"611711",13,"1.625","2021-07-11 03:45:00"
"611765",13,"2.075","2021-07-11 04:00:00"
"611897",13,"2.3","2021-05-30 21:45:00"
"611951",13,"1.25","2021-05-30 22:00:00"
"612005",13,"2.525","2021-05-30 22:15:00"
"613167",13,"5.3","2021-03-19 01:00:00"
"613221",13,"6.275","2021-03-19 01:15:00"
"613275",13,"6.725","2021-03-19 01:30:00"
"613937",13,"4.1","2021-04-21 22:45:00"
"613991",13,"4.7","2021-04-21 23:00:00"
"614045",13,"4.325","2021-04-21 23:15:00"
"614099",13,"5","2021-04-21 23:30:00"
"614153",13,"6.725","2021-04-21 23:45:00"
"614207",13,"6.125","2021-04-22 00:00:00"
"614261",13,"6.35","2021-04-22 00:15:00"
"619221",13,"5.75","2021-03-19 08:45:00"
"619417",13,"5.6","2021-03-19 09:00:00"
"619305",13,"2.975","2021-07-11 10:45:00"
"619381",13,"2.675","2021-07-11 11:00:00"
"619456",13,"3.05","2021-07-11 11:15:00"
"619535",13,"2.975","2021-07-11 11:30:00"
"619612",13,"2.15","2021-07-11 11:45:00"
"619595",13,"6.725","2021-03-19 09:15:00"
"619755",13,"7.4","2021-03-19 09:30:00"
"619925",13,"7.775","2021-03-19 09:45:00"
"620710",13,"7.325","2021-03-19 12:30:00"
"620794",13,"7.4","2021-03-19 12:45:00"
"620870",13,"6.65","2021-03-19 13:00:00"
"622813",13,"7.475","2021-03-19 13:15:00"
"622867",13,"7.85","2021-03-19 13:30:00"
"620935",13,"3.275","2021-04-22 08:00:00"
"621048",13,"3.875","2021-04-22 08:15:00"
"621225",13,"2.375","2021-04-22 08:30:00"
"621204",13,"0","2021-05-31 07:15:00"
"621284",13,"0","2021-05-31 07:30:00"
"622384",13,"1.475","2021-05-31 11:00:00"
"623926",13,"0","2021-05-31 11:15:00"
"624191",13,"3.125","2021-05-31 11:30:00"
"622475",13,"7.55","2021-04-22 10:30:00"
"622529",13,"6.725","2021-04-22 10:45:00"
"622583",13,"7.4","2021-04-22 11:00:00"
"622637",13,"8.45","2021-04-22 11:15:00"
"622691",13,"7.475","2021-04-22 11:30:00"
"622745",13,"7.775","2021-04-22 11:45:00"
"623821",13,"8.53","2021-04-22 12:00:00"
"624006",13,"7.025","2021-04-22 12:15:00"
"624179",13,"6.275","2021-04-22 12:30:00"
"624345",13,"8.08","2021-04-22 12:45:00"
"624509",13,"8.37","2021-04-22 13:00:00"
"624489",13,"2.9","2021-05-31 11:45:00"
"624771",13,"3.125","2021-05-31 12:00:00"
"624576",13,"2.525","2021-07-11 17:15:00"
"624740",13,"1.7000000000000002","2021-07-11 17:30:00"
"624690",13,"7.625","2021-04-22 13:15:00"
"624878",13,"6.575","2021-04-22 13:30:00"
"625854",13,"5.75","2021-03-19 17:00:00"
"626030",13,"6.2","2021-03-19 17:15:00"
"626246",13,"4.775","2021-03-19 17:30:00"
"625980",13,"6.275","2021-04-22 15:45:00"
"626096",13,"4.625","2021-04-22 16:00:00"
"626082",13,"3.35","2021-05-31 13:30:00"
"626272",13,"3.425","2021-05-31 13:45:00"
"626405",13,"4.4","2021-05-31 14:00:00"
"626217",13,"5.9","2021-04-22 16:15:00"
"626331",13,"5.6","2021-04-22 16:30:00"
"626844",13,"4.7","2021-04-22 16:45:00"
"627490",13,"1.775","2021-07-11 19:00:00"
"627684",13,"1.4","2021-07-11 19:15:00"
"627792",13,"2.9","2021-07-11 19:30:00"
"627554",13,"3.5","2021-04-22 19:00:00"
"627626",13,"4.4","2021-04-22 19:15:00"
"627706",13,"4.1","2021-04-22 19:30:00"
"627820",13,"3.875","2021-04-22 19:45:00"
"627938",13,"3.65","2021-04-22 20:00:00"
"627894",13,"2.525","2021-07-11 19:45:00"
"627981",13,"2.675","2021-07-11 20:00:00"
"628539",13,"2.375","2021-07-11 21:30:00"
"628599",13,"1.925","2021-07-11 21:45:00"
"628653",13,"1.775","2021-07-11 22:00:00"
"628707",13,"1.475","2021-07-11 22:15:00"
"628761",13,"1.775","2021-07-11 22:30:00"
"631161",13,"2.075","2021-07-11 22:45:00"
"631277",13,"2.9","2021-07-11 23:00:00"
"628893",13,"2.9","2021-05-31 16:15:00"
"628947",13,"3.575","2021-05-31 16:30:00"
"630163",13,"3.95","2021-03-19 19:30:00"
"630217",13,"4.325","2021-03-19 19:45:00"
"630271",13,"4.325","2021-03-19 20:00:00"
"630325",13,"4.55","2021-03-19 20:15:00"
"630379",13,"4.025","2021-03-19 20:30:00"
"630433",13,"3.2","2021-03-19 20:45:00"
"630487",13,"3.05","2021-03-19 21:00:00"
"630541",13,"3.725","2021-03-19 21:15:00"
"630595",13,"4.325","2021-03-19 21:30:00"
"630649",13,"5.15","2021-03-19 21:45:00"
"631930",13,"2.225","2021-07-12 00:30:00"
"632023",13,"2.225","2021-07-12 00:45:00"
"632129",13,"2.6","2021-07-12 01:00:00"
"632125",13,"4.85","2021-04-23 01:00:00"
"632229",13,"4.175","2021-04-23 01:15:00"
"632242",13,"2.225","2021-07-12 01:15:00"
"632355",13,"2.225","2021-07-12 01:30:00"
"632332",13,"3.5","2021-04-23 01:30:00"
"632440",13,"3.65","2021-04-23 01:45:00"
"634109",13,"3.8","2021-04-23 02:00:00"
"633579",13,"0","2021-05-31 23:45:00"
"633686",13,"0.5","2021-06-01 00:00:00"
"633795",13,"1.1","2021-06-01 00:15:00"
"633618",13,"6.5","2021-03-19 22:45:00"
"633725",13,"9.28","2021-03-19 23:00:00"
"633840",13,"8.45","2021-03-19 23:15:00"
"633932",13,"1.025","2021-06-01 00:30:00"
"634156",13,"0","2021-06-01 00:45:00"
"634046",13,"7.025","2021-03-19 23:30:00"
"634223",13,"7.625","2021-03-19 23:45:00"
"634667",13,"0","2021-04-23 02:45:00"
"634818",13,"0","2021-04-23 03:00:00"
"635010",13,"0","2021-04-23 03:15:00"
"634753",13,"2.225","2021-07-12 04:30:00"
"634899",13,"2.075","2021-07-12 04:45:00"
"634917",13,"7.625","2021-03-20 00:45:00"
"635073",13,"7.1","2021-03-20 01:00:00"
"635055",13,"2","2021-07-12 05:00:00"
"635235",13,"1.85","2021-07-12 05:15:00"
"635401",13,"1.775","2021-07-12 05:30:00"
"636333",13,"0","2021-07-12 07:00:00"
"636425",13,"1.55","2021-07-12 07:15:00"
"636358",13,"3.35","2021-04-23 05:15:00"
"636480",13,"2.525","2021-04-23 05:30:00"
"636581",13,"2.45","2021-04-23 05:45:00"
"636527",13,"1.775","2021-07-12 07:30:00"
"636638",13,"1.7000000000000002","2021-07-12 07:45:00"
"636968",13,"1.7000000000000002","2021-07-12 08:00:00"
"636687",13,"3.8","2021-04-23 06:00:00"
"636741",13,"3.2","2021-04-23 06:15:00"
"637005",13,"2.525","2021-04-23 06:30:00"
"637548",13,"2.3","2021-07-12 09:00:00"
"637701",13,"2.3","2021-07-12 09:15:00"
"637440",13,"0","2021-06-01 02:15:00"
"593054",13,"0","2021-03-18 02:00:00"
"593175",13,"0","2021-03-18 02:15:00"
"592990",13,"2.525","2021-05-30 02:00:00"
"593138",13,"2.15","2021-05-30 02:15:00"
"593240",13,"0","2021-05-30 02:30:00"
"593287",13,"0","2021-03-18 02:30:00"
"593361",13,"0","2021-03-18 02:45:00"
"594362",13,"6.875","2021-04-20 23:45:00"
"594512",13,"4.025","2021-04-21 00:00:00"
"594668",13,"3.875","2021-04-21 00:15:00"
"594523",13,"2.3","2021-07-10 06:15:00"
"594679",13,"1.775","2021-07-10 06:30:00"
"594840",13,"1.85","2021-07-10 06:45:00"
"594749",13,"6.425","2021-05-30 04:00:00"
"594907",13,"5.15","2021-05-30 04:15:00"
"594839",13,"3.725","2021-04-21 00:30:00"
"594963",13,"3.575","2021-04-21 00:45:00"
"595620",13,"5.525","2021-05-30 05:15:00"
"595808",13,"7.1","2021-05-30 05:30:00"
"595648",13,"3.875","2021-04-21 01:45:00"
"595856",13,"3.575","2021-04-21 02:00:00"
"595792",13,"1.55","2021-03-18 05:00:00"
"596001",13,"1.775","2021-03-18 05:15:00"
"595944",13,"1.925","2021-07-10 08:15:00"
"596133",13,"1.775","2021-07-10 08:30:00"
"596335",13,"1.775","2021-07-10 08:45:00"
"596647",13,"4.325","2021-05-30 06:30:00"
"596825",13,"5.45","2021-05-30 06:45:00"
"596771",13,"3.65","2021-04-21 03:00:00"
"596976",13,"4.325","2021-04-21 03:15:00"
"597157",13,"3.575","2021-04-21 03:30:00"
"596877",13,"0","2021-03-18 06:15:00"
"597080",13,"0","2021-03-18 06:30:00"
"597219",13,"0","2021-03-18 06:45:00"
"597043",13,"2","2021-07-10 09:30:00"
"597868",13,"2.3","2021-07-10 09:45:00"
"598029",13,"2.75","2021-07-10 10:00:00"
"597657",13,"3.275","2021-03-18 08:45:00"
"597711",13,"4.1","2021-03-18 09:00:00"
"597765",13,"3.2","2021-03-18 09:15:00"
"599465",13,"4.175","2021-03-18 09:30:00"
"599671",13,"4.775","2021-03-18 09:45:00"
"597964",13,"2","2021-04-21 03:45:00"
"598111",13,"0.28","2021-04-21 04:00:00"
"598077",13,"8.3","2021-05-30 07:45:00"
"598242",13,"10.85","2021-05-30 08:00:00"
"598409",13,"5.525","2021-05-30 08:15:00"
"598758",13,"0","2021-04-21 05:00:00"
"598934",13,"0","2021-04-21 05:15:00"
"598887",13,"5.6","2021-05-30 09:00:00"
"599050",13,"6.575","2021-05-30 09:15:00"
"599217",13,"6.425","2021-05-30 09:30:00"
"598999",13,"4.1","2021-07-10 11:30:00"
"599154",13,"3.2","2021-07-10 11:45:00"
"599099",13,"0","2021-04-21 05:30:00"
"599239",13,"0","2021-04-21 05:45:00"
"599392",13,"0","2021-04-21 06:00:00"
"601132",13,"0","2021-04-21 08:00:00"
"601877",13,"0","2021-04-21 08:15:00"
"601251",13,"4.475","2021-03-18 11:30:00"
"601305",13,"5.45","2021-03-18 11:45:00"
"601079",13,"2.975","2021-07-10 14:00:00"
"601813",13,"3.125","2021-07-10 14:15:00"
"602002",13,"3.425","2021-07-10 14:30:00"
"601359",13,"5.225","2021-03-18 12:00:00"
"601413",13,"5.3","2021-03-18 12:15:00"
"601467",13,"5.75","2021-03-18 12:30:00"
"602021",13,"0","2021-04-21 08:30:00"
"602203",13,"2","2021-04-21 08:45:00"
"602351",13,"2.825","2021-04-21 09:00:00"
"602140",13,"2.45","2021-07-10 14:45:00"
"602312",13,"1.7000000000000002","2021-07-10 15:00:00"
"602436",13,"1.625","2021-05-30 13:00:00"
"602627",13,"2.825","2021-05-30 13:15:00"
"602507",13,"4.325","2021-04-21 09:15:00"
"602641",13,"4.625","2021-04-21 09:30:00"
"603794",13,"5.15","2021-03-18 14:30:00"
"603997",13,"3.575","2021-03-18 14:45:00"
"604225",13,"2.975","2021-03-18 15:00:00"
"604024",13,"2.75","2021-05-30 15:00:00"
"604248",13,"0","2021-05-30 15:15:00"
"604061",13,"2","2021-07-10 17:30:00"
"604266",13,"1.7000000000000002","2021-07-10 17:45:00"
"604138",13,"7.625","2021-04-21 11:30:00"
"604340",13,"7.925","2021-04-21 11:45:00"
"605939",13,"7.1","2021-04-21 13:30:00"
"605993",13,"6.125","2021-04-21 13:45:00"
"606047",13,"7.175","2021-04-21 14:00:00"
"606101",13,"6.575","2021-04-21 14:15:00"
"606155",13,"5.825","2021-04-21 14:30:00"
"606209",13,"4.325","2021-04-21 14:45:00"
"606263",13,"5.525","2021-04-21 15:00:00"
"606317",13,"4.325","2021-04-21 15:15:00"
"606371",13,"5","2021-04-21 15:30:00"
"606425",13,"3.65","2021-04-21 15:45:00"
"607644",13,"2.375","2021-07-10 22:00:00"
"607750",13,"2.45","2021-07-10 22:15:00"
"607576",13,"4.025","2021-05-30 17:15:00"
"607691",13,"3.95","2021-05-30 17:30:00"
"607799",13,"4.925","2021-05-30 17:45:00"
"607859",13,"2.075","2021-07-10 22:30:00"
"607967",13,"2","2021-07-10 22:45:00"
"608087",13,"1.7000000000000002","2021-07-10 23:00:00"
"607909",13,"3.05","2021-05-30 18:00:00"
"608015",13,"3.275","2021-05-30 18:15:00"
"609195",13,"3.425","2021-03-18 20:30:00"
"609249",13,"4.55","2021-03-18 20:45:00"
"609303",13,"4.1","2021-03-18 21:00:00"
"609357",13,"1.1","2021-03-18 21:15:00"
"609411",13,"0","2021-03-18 21:30:00"
"609465",13,"2.675","2021-03-18 21:45:00"
"609519",13,"1.775","2021-03-18 22:00:00"
"609573",13,"2","2021-03-18 22:15:00"
"609627",13,"0","2021-03-18 22:30:00"
"609681",13,"0","2021-03-18 22:45:00"
"610847",13,"2.45","2021-07-10 23:45:00"
"610901",13,"2.9","2021-07-11 00:00:00"
"610955",13,"1.85","2021-07-11 00:15:00"
"611009",13,"3.05","2021-07-11 00:30:00"
"611063",13,"2.675","2021-07-11 00:45:00"
"611117",13,"2.375","2021-07-11 01:00:00"
"611171",13,"3.725","2021-07-11 01:15:00"
"611225",13,"3.2","2021-07-11 01:30:00"
"611279",13,"1.55","2021-07-11 01:45:00"
"611333",13,"1.7000000000000002","2021-07-11 02:00:00"
"612599",13,"0","2021-05-31 01:00:00"
"612682",13,"0","2021-05-31 01:15:00"
"612793",13,"0","2021-05-31 01:30:00"
"612847",13,"3.875","2021-03-18 23:45:00"
"612951",13,"5.375","2021-03-19 00:00:00"
"612906",13,"1.55","2021-05-31 01:45:00"
"615747",13,"0","2021-05-31 02:00:00"
"613005",13,"5.525","2021-03-19 00:15:00"
"613059",13,"5.15","2021-03-19 00:30:00"
"613113",13,"4.925","2021-03-19 00:45:00"
"614315",13,"4.775","2021-04-22 00:30:00"
"614369",13,"5","2021-04-22 00:45:00"
"614423",13,"4.925","2021-04-22 01:00:00"
"614477",13,"4.175","2021-04-22 01:15:00"
"614531",13,"4.25","2021-04-22 01:30:00"
"614585",13,"4.1","2021-04-22 01:45:00"
"614639",13,"3.65","2021-04-22 02:00:00"
"614693",13,"3.05","2021-04-22 02:15:00"
"614747",13,"4.1","2021-04-22 02:30:00"
"617801",13,"1.55","2021-04-22 02:45:00"
"615359",13,"2.075","2021-07-11 06:45:00"
"615413",13,"2.3","2021-07-11 07:00:00"
"615467",13,"2.225","2021-07-11 07:15:00"
"615540",13,"2.3","2021-07-11 07:30:00"
"615648",13,"2.075","2021-07-11 07:45:00"
"615583",13,"3.35","2021-03-19 04:00:00"
"615691",13,"4.025","2021-03-19 04:15:00"
"615821",13,"2.975","2021-03-19 04:30:00"
"615841",13,"2","2021-07-11 08:00:00"
"616000",13,"1.775","2021-07-11 08:15:00"
"616163",13,"1.4","2021-07-11 08:30:00"
"616423",13,"2.3","2021-05-31 03:15:00"
"616555",13,"1.775","2021-05-31 03:30:00"
"616681",13,"0","2021-05-31 03:45:00"
"616741",13,"4.85","2021-03-19 06:15:00"
"616862",13,"4.625","2021-03-19 06:30:00"
"616786",13,"0","2021-05-31 04:00:00"
"616890",13,"0","2021-05-31 04:15:00"
"617012",13,"0","2021-05-31 04:30:00"
"616962",13,"4.4","2021-03-19 06:45:00"
"617049",13,"4.55","2021-03-19 07:00:00"
"617123",13,"4.775","2021-03-19 07:15:00"
"617679",13,"0","2021-05-31 06:00:00"
"617733",13,"0","2021-05-31 06:15:00"
"620969",13,"0","2021-05-31 06:30:00"
"621050",13,"0","2021-05-31 06:45:00"
"621122",13,"0","2021-05-31 07:00:00"
"617855",13,"1.625","2021-04-22 03:00:00"
"617909",13,"0","2021-04-22 03:15:00"
"617963",13,"2.15","2021-04-22 03:30:00"
"618017",13,"2.975","2021-04-22 03:45:00"
"618071",13,"2.525","2021-04-22 04:00:00"
"618665",13,"1.85","2021-04-22 06:45:00"
"618719",13,"1.625","2021-04-22 07:00:00"
"618773",13,"2.15","2021-04-22 07:15:00"
"618791",13,"1.1","2021-07-11 08:45:00"
"618845",13,"1.175","2021-07-11 09:00:00"
"618899",13,"1.025","2021-07-11 09:15:00"
"618953",13,"1.175","2021-07-11 09:30:00"
"619007",13,"1.7000000000000002","2021-07-11 09:45:00"
"619078",13,"2.45","2021-07-11 10:00:00"
"619150",13,"2.825","2021-07-11 10:15:00"
"619233",13,"2.525","2021-07-11 10:30:00"
"620219",13,"7.925","2021-03-19 10:30:00"
"620273",13,"7.625","2021-03-19 10:45:00"
"620327",13,"8.08","2021-03-19 11:00:00"
"620381",13,"8.22","2021-03-19 11:15:00"
"620435",13,"6.425","2021-03-19 11:30:00"
"620489",13,"7.85","2021-03-19 11:45:00"
"620554",13,"8","2021-03-19 12:00:00"
"620631",13,"7.625","2021-03-19 12:15:00"
"620671",13,"2.45","2021-04-22 07:30:00"
"620834",13,"3.65","2021-04-22 07:45:00"
"621757",13,"0","2021-05-31 09:00:00"
"621835",13,"0","2021-05-31 09:15:00"
"621912",13,"0","2021-05-31 09:30:00"
"621988",13,"0","2021-05-31 09:45:00"
"622064",13,"2.6","2021-05-31 10:00:00"
"622144",13,"2.375","2021-05-31 10:15:00"
"622225",13,"2.6","2021-05-31 10:30:00"
"622301",13,"2.375","2021-05-31 10:45:00"
"622268",13,"7.25","2021-04-22 10:00:00"
"622421",13,"6.875","2021-04-22 10:15:00"
"623508",13,"1.85","2021-07-11 15:15:00"
"623591",13,"2.825","2021-07-11 15:30:00"
"623670",13,"4.4","2021-07-11 15:45:00"
"623747",13,"3.575","2021-07-11 16:00:00"
"623880",13,"3.125","2021-07-11 16:15:00"
"623879",13,"6.8","2021-03-19 15:00:00"
"624172",13,"6.875","2021-03-19 15:15:00"
"624465",13,"5.6","2021-03-19 15:30:00"
"624035",13,"3.2","2021-07-11 16:30:00"
"624234",13,"2.525","2021-07-11 16:45:00"
"624402",13,"2.525","2021-07-11 17:00:00"
"625227",13,"5.3","2021-03-19 16:15:00"
"625447",13,"5.975","2021-03-19 16:30:00"
"625641",13,"5","2021-03-19 16:45:00"
"625397",13,"5.675","2021-04-22 14:30:00"
"625526",13,"5.825","2021-04-22 14:45:00"
"625647",13,"2.225","2021-05-31 13:00:00"
"625844",13,"4.175","2021-05-31 13:15:00"
"625648",13,"5.525","2021-04-22 15:00:00"
"625762",13,"4.4","2021-04-22 15:15:00"
"625876",13,"4.025","2021-04-22 15:30:00"
"626915",13,"4.175","2021-04-22 17:00:00"
"627004",13,"4.475","2021-04-22 17:15:00"
"627081",13,"4.625","2021-04-22 17:30:00"
"627148",13,"2.225","2021-07-11 18:30:00"
"627318",13,"1.925","2021-07-11 18:45:00"
"627162",13,"4.475","2021-04-22 17:45:00"
"627239",13,"4.175","2021-04-22 18:00:00"
"627320",13,"2.9","2021-04-22 18:15:00"
"627404",13,"2.825","2021-04-22 18:30:00"
"627478",13,"2.825","2021-04-22 18:45:00"
"629001",13,"1.85","2021-05-31 16:45:00"
"629055",13,"3.575","2021-05-31 17:00:00"
"629109",13,"2.75","2021-05-31 17:15:00"
"629163",13,"2.3","2021-05-31 17:30:00"
"629217",13,"2","2021-05-31 17:45:00"
"629271",13,"1.1","2021-05-31 18:00:00"
"629325",13,"0","2021-05-31 18:15:00"
"629379",13,"1.7000000000000002","2021-05-31 18:30:00"
"629433",13,"2.075","2021-05-31 18:45:00"
"629497",13,"0","2021-05-31 19:00:00"
"630703",13,"4.775","2021-03-19 22:00:00"
"630757",13,"5.525","2021-03-19 22:15:00"
"633504",13,"5.825","2021-03-19 22:30:00"
"630905",13,"1.85","2021-04-22 21:45:00"
"630959",13,"1.925","2021-04-22 22:00:00"
"631013",13,"2","2021-04-22 22:15:00"
"631067",13,"2.375","2021-04-22 22:30:00"
"631150",13,"2.3","2021-04-22 22:45:00"
"631246",13,"2.675","2021-04-22 23:00:00"
"631359",13,"3.5","2021-04-22 23:15:00"
"632463",13,"2.45","2021-07-12 01:45:00"
"632517",13,"3.125","2021-07-12 02:00:00"
"632571",13,"2.975","2021-07-12 02:15:00"
"632625",13,"2.9","2021-07-12 02:30:00"
"632679",13,"2.525","2021-07-12 02:45:00"
"632733",13,"1.85","2021-07-12 03:00:00"
"633858",13,"2.075","2021-07-12 03:15:00"
"633999",13,"2.15","2021-07-12 03:30:00"
"632811",13,"0","2021-05-31 20:30:00"
"632865",13,"0","2021-05-31 20:45:00"
"632919",13,"0","2021-05-31 21:00:00"
"634234",13,"1.85","2021-07-12 03:45:00"
"634431",13,"2.3","2021-07-12 04:00:00"
"634593",13,"2.525","2021-07-12 04:15:00"
"634348",13,"4.175","2021-04-23 02:15:00"
"634502",13,"3.275","2021-04-23 02:30:00"
"636783",13,"0","2021-06-01 01:00:00"
"636837",13,"0","2021-06-01 01:15:00"
"636891",13,"0.9500000000000001","2021-06-01 01:30:00"
"634427",13,"8.83","2021-03-20 00:00:00"
"634588",13,"8","2021-03-20 00:15:00"
"634758",13,"8.37","2021-03-20 00:30:00"
"635739",13,"3.65","2021-03-20 02:00:00"
"635872",13,"7.175","2021-03-20 02:15:00"
"635965",13,"3.65","2021-04-23 04:45:00"
"636163",13,"3.5","2021-04-23 05:00:00"
"635897",13,"2.3","2021-07-12 06:15:00"
"636050",13,"1.7000000000000002","2021-07-12 06:30:00"
"636200",13,"1.85","2021-07-12 06:45:00"
"636025",13,"5.675","2021-03-20 02:30:00"
"636178",13,"6.125","2021-03-20 02:45:00"
"638629",13,"5.975","2021-03-20 03:00:00"
"637017",13,"1.4","2021-06-01 01:45:00"
"637275",13,"1.025","2021-06-01 02:00:00"
"637605",13,"0","2021-06-01 02:30:00"
"637835",13,"0","2021-06-01 02:45:00"
"637919",13,"2.525","2021-04-23 08:00:00"
"638115",13,"2.675","2021-04-23 08:15:00"
"637830",13,"2.675","2021-07-12 09:30:00"
"637942",13,"2.825","2021-07-12 09:45:00"
"638045",13,"2.675","2021-07-12 10:00:00"
"642382",13,"3.05","2021-04-23 15:15:00"
"642486",13,"2.075","2021-04-23 15:30:00"
"644793",13,"2.075","2021-04-23 15:45:00"
"642514",13,"4.625","2021-07-12 16:00:00"
"642595",13,"4.475","2021-07-12 16:15:00"
"642649",13,"3.2","2021-07-12 16:30:00"
"642703",13,"3.8","2021-07-12 16:45:00"
"642757",13,"2","2021-07-12 17:00:00"
"644967",13,"1.7000000000000002","2021-07-12 17:15:00"
"645070",13,"1.1","2021-07-12 17:30:00"
"643452",13,"0","2021-06-01 08:30:00"
"643554",13,"0","2021-06-01 08:45:00"
"643637",13,"7.4","2021-03-20 08:15:00"
"643756",13,"7.775","2021-03-20 08:30:00"
"643849",13,"7.1","2021-03-20 08:45:00"
"643658",13,"2.45","2021-06-01 09:00:00"
"643755",13,"1.925","2021-06-01 09:15:00"
"643878",13,"2.075","2021-06-01 09:30:00"
"643959",13,"7.325","2021-03-20 09:00:00"
"644082",13,"7.1","2021-03-20 09:15:00"
"645011",13,"1.85","2021-04-23 16:30:00"
"645112",13,"1.85","2021-04-23 16:45:00"
"645219",13,"0","2021-04-23 17:00:00"
"645184",13,"1.325","2021-07-12 17:45:00"
"645275",13,"1.475","2021-07-12 18:00:00"
"645394",13,"1.7000000000000002","2021-07-12 18:15:00"
"645332",13,"0","2021-04-23 17:15:00"
"645440",13,"0","2021-04-23 17:30:00"
"645501",13,"1.625","2021-07-12 18:30:00"
"645605",13,"1.7000000000000002","2021-07-12 18:45:00"
"646916",13,"2.75","2021-07-12 20:15:00"
"647170",13,"2.675","2021-07-12 20:30:00"
"647358",13,"1.475","2021-07-12 20:45:00"
"647031",13,"2.75","2021-06-01 12:15:00"
"647264",13,"3.05","2021-06-01 12:30:00"
"647446",13,"2.375","2021-06-01 12:45:00"
"647091",13,"5.375","2021-03-20 13:30:00"
"647432",13,"6.2","2021-03-20 13:45:00"
"647071",13,"0","2021-04-23 19:45:00"
"647242",13,"0","2021-04-23 20:00:00"
"647435",13,"0","2021-04-23 20:15:00"
"647989",13,"7.025","2021-03-20 14:30:00"
"648101",13,"5.675","2021-03-20 14:45:00"
"648051",13,"2.375","2021-06-01 13:45:00"
"648161",13,"2.6","2021-06-01 14:00:00"
"650252",13,"0","2021-07-12 21:45:00"
"650521",13,"0","2021-07-12 22:00:00"
"650720",13,"2.9","2021-07-12 22:15:00"
"648215",13,"5.6","2021-03-20 15:00:00"
"648312",13,"6.425","2021-03-20 15:15:00"
"648415",13,"5.75","2021-03-20 15:30:00"
"649616",13,"2.45","2021-06-01 16:15:00"
"649700",13,"2.825","2021-06-01 16:30:00"
"649777",13,"2.3","2021-06-01 16:45:00"
"649729",13,"0","2021-04-23 23:00:00"
"649902",13,"0","2021-04-23 23:15:00"
"649856",13,"2.45","2021-06-01 17:00:00"
"649936",13,"2.225","2021-06-01 17:15:00"
"650019",13,"2.075","2021-06-01 17:30:00"
"650098",13,"0","2021-06-01 17:45:00"
"650187",13,"0","2021-06-01 18:00:00"
"651202",13,"1.85","2021-07-12 23:00:00"
"651305",13,"2.225","2021-07-12 23:15:00"
"651421",13,"2.075","2021-07-12 23:30:00"
"651269",13,"0","2021-04-24 00:45:00"
"654402",13,"0","2021-04-24 01:00:00"
"654488",13,"0","2021-04-24 01:15:00"
"651502",13,"1.775","2021-07-12 23:45:00"
"651586",13,"1.925","2021-07-13 00:00:00"
"651530",13,"4.4","2021-03-20 18:15:00"
"651684",13,"5.9","2021-03-20 18:30:00"
"651855",13,"3.125","2021-03-20 18:45:00"
"653319",13,"0","2021-06-01 22:00:00"
"653373",13,"0.43","2021-06-01 22:15:00"
"653427",13,"0","2021-06-01 22:30:00"
"653481",13,"0","2021-06-01 22:45:00"
"653535",13,"0","2021-06-01 23:00:00"
"653589",13,"0","2021-06-01 23:15:00"
"653643",13,"0","2021-06-01 23:30:00"
"653697",13,"0","2021-06-01 23:45:00"
"653751",13,"0","2021-06-02 00:00:00"
"656805",13,"0","2021-06-02 00:15:00"
"655061",13,"0","2021-04-24 02:15:00"
"655115",13,"0","2021-04-24 02:30:00"
"655169",13,"0","2021-04-24 02:45:00"
"655223",13,"0","2021-04-24 03:00:00"
"655294",13,"0","2021-04-24 03:15:00"
"655462",13,"0","2021-04-24 03:30:00"
"655620",13,"0","2021-04-24 03:45:00"
"655506",13,"1.625","2021-03-20 22:15:00"
"655583",13,"1.7000000000000002","2021-03-20 22:30:00"
"656732",13,"2.6","2021-03-21 02:00:00"
"657372",13,"2.3","2021-03-21 02:15:00"
"656859",13,"0","2021-06-02 00:30:00"
"656913",13,"0","2021-06-02 00:45:00"
"656967",13,"0","2021-06-02 01:00:00"
"657021",13,"0","2021-06-02 01:15:00"
"657075",13,"0","2021-06-02 01:30:00"
"657129",13,"0","2021-06-02 01:45:00"
"657183",13,"0","2021-06-02 02:00:00"
"657237",13,"0","2021-06-02 02:15:00"
"657636",13,"0","2021-06-02 03:00:00"
"657935",13,"0","2021-06-02 03:15:00"
"658239",13,"0","2021-06-02 03:30:00"
"658065",13,"1.1","2021-03-21 03:15:00"
"658226",13,"0","2021-03-21 03:30:00"
"658391",13,"0","2021-03-21 03:45:00"
"658017",13,"0","2021-04-24 06:30:00"
"658202",13,"0","2021-04-24 06:45:00"
"658367",13,"0","2021-04-24 07:00:00"
"658491",13,"2.15","2021-07-13 08:00:00"
"658790",13,"1.7000000000000002","2021-07-13 08:15:00"
"659406",13,"2.45","2021-04-24 08:30:00"
"659559",13,"2.45","2021-04-24 08:45:00"
"659718",13,"2.75","2021-04-24 09:00:00"
"659771",13,"0","2021-03-21 05:45:00"
"659888",13,"0","2021-03-21 06:00:00"
"660022",13,"1.175","2021-03-21 06:15:00"
"659877",13,"3.425","2021-04-24 09:15:00"
"660011",13,"3.875","2021-04-24 09:30:00"
"659942",13,"2","2021-07-13 09:15:00"
"613329",13,"5.6","2021-03-19 01:45:00"
"613383",13,"6.275","2021-03-19 02:00:00"
"613437",13,"6.275","2021-03-19 02:15:00"
"613491",13,"5.375","2021-03-19 02:30:00"
"613545",13,"4.475","2021-03-19 02:45:00"
"613599",13,"4.025","2021-03-19 03:00:00"
"613653",13,"3.875","2021-03-19 03:15:00"
"614819",13,"1.55","2021-07-11 04:15:00"
"614873",13,"2","2021-07-11 04:30:00"
"614927",13,"2.15","2021-07-11 04:45:00"
"614981",13,"2.225","2021-07-11 05:00:00"
"615035",13,"2.375","2021-07-11 05:15:00"
"615089",13,"2","2021-07-11 05:30:00"
"615143",13,"2.45","2021-07-11 05:45:00"
"615197",13,"2.525","2021-07-11 06:00:00"
"615251",13,"2.45","2021-07-11 06:15:00"
"615305",13,"2","2021-07-11 06:30:00"
"615924",13,"0","2021-05-31 02:15:00"
"616097",13,"0","2021-05-31 02:30:00"
"616234",13,"0","2021-05-31 02:45:00"
"615975",13,"3.125","2021-03-19 04:45:00"
"616131",13,"4.025","2021-03-19 05:00:00"
"616330",13,"4.55","2021-03-19 05:15:00"
"616337",13,"1.85","2021-05-31 03:00:00"
"616462",13,"4.475","2021-03-19 05:30:00"
"616550",13,"4.7","2021-03-19 05:45:00"
"616633",13,"4.775","2021-03-19 06:00:00"
"617181",13,"0","2021-05-31 04:45:00"
"617301",13,"0","2021-05-31 05:00:00"
"617209",13,"4.625","2021-03-19 07:30:00"
"617314",13,"4.85","2021-03-19 07:45:00"
"617408",13,"0","2021-05-31 05:15:00"
"617515",13,"0","2021-05-31 05:30:00"
"617617",13,"1.25","2021-05-31 05:45:00"
"617422",13,"4.85","2021-03-19 08:00:00"
"617533",13,"5.3","2021-03-19 08:15:00"
"619049",13,"6.425","2021-03-19 08:30:00"
"618125",13,"2.15","2021-04-22 04:15:00"
"618179",13,"0","2021-04-22 04:30:00"
"618233",13,"0","2021-04-22 04:45:00"
"618287",13,"1.175","2021-04-22 05:00:00"
"618341",13,"0.65","2021-04-22 05:15:00"
"618395",13,"0.5","2021-04-22 05:30:00"
"618449",13,"0","2021-04-22 05:45:00"
"618503",13,"1.925","2021-04-22 06:00:00"
"618557",13,"1.625","2021-04-22 06:15:00"
"618611",13,"1.55","2021-04-22 06:30:00"
"619692",13,"2.45","2021-07-11 12:00:00"
"619776",13,"3.35","2021-07-11 12:15:00"
"619854",13,"2.9","2021-07-11 12:30:00"
"619934",13,"2.825","2021-07-11 12:45:00"
"620014",13,"2.6","2021-07-11 13:00:00"
"620078",13,"8.9","2021-03-19 10:00:00"
"620165",13,"8.53","2021-03-19 10:15:00"
"620112",13,"1.925","2021-07-11 13:15:00"
"622972",13,"4.925","2021-07-11 13:30:00"
"623039",13,"3.725","2021-07-11 13:45:00"
"621395",13,"3.125","2021-04-22 08:45:00"
"621557",13,"2.9","2021-04-22 09:00:00"
"621363",13,"0","2021-05-31 07:45:00"
"621441",13,"0","2021-05-31 08:00:00"
"621519",13,"3.575","2021-05-31 08:15:00"
"621604",13,"1.85","2021-05-31 08:30:00"
"621680",13,"0","2021-05-31 08:45:00"
"621744",13,"5.525","2021-04-22 09:15:00"
"621918",13,"5.975","2021-04-22 09:30:00"
"622100",13,"7.25","2021-04-22 09:45:00"
"622927",13,"7.325","2021-03-19 13:45:00"
"623124",13,"6.05","2021-03-19 14:00:00"
"623282",13,"7.025","2021-03-19 14:15:00"
"623118",13,"2.075","2021-07-11 14:00:00"
"623201",13,"3.5","2021-07-11 14:15:00"
"623281",13,"4.025","2021-07-11 14:30:00"
"623352",13,"4.25","2021-07-11 14:45:00"
"623424",13,"2.825","2021-07-11 15:00:00"
"623473",13,"7.175","2021-03-19 14:30:00"
"623640",13,"6.2","2021-03-19 14:45:00"
"624762",13,"5.975","2021-03-19 15:45:00"
"625015",13,"5.75","2021-03-19 16:00:00"
"624901",13,"3.125","2021-07-11 17:45:00"
"626809",13,"3.05","2021-07-11 18:00:00"
"626972",13,"2.375","2021-07-11 18:15:00"
"625036",13,"6.575","2021-04-22 13:45:00"
"625162",13,"6.575","2021-04-22 14:00:00"
"625285",13,"8.68","2021-04-22 14:15:00"
"625091",13,"3.425","2021-05-31 12:15:00"
"625277",13,"4.175","2021-05-31 12:30:00"
"625450",13,"3.5","2021-05-31 12:45:00"
"629486",13,"5.3","2021-03-19 17:45:00"
"629591",13,"4.475","2021-03-19 18:00:00"
"626461",13,"3.875","2021-05-31 14:15:00"
"626515",13,"3.65","2021-05-31 14:30:00"
"626569",13,"3.425","2021-05-31 14:45:00"
"626623",13,"3.425","2021-05-31 15:00:00"
"626677",13,"2.9","2021-05-31 15:15:00"
"626731",13,"2.375","2021-05-31 15:30:00"
"628785",13,"3.275","2021-05-31 15:45:00"
"628839",13,"2.825","2021-05-31 16:00:00"
"628095",13,"4.1","2021-04-22 20:15:00"
"628225",13,"3.2","2021-04-22 20:30:00"
"628050",13,"2.225","2021-07-11 20:15:00"
"628150",13,"1.55","2021-07-11 20:30:00"
"628247",13,"2.3","2021-07-11 20:45:00"
"628345",13,"2.375","2021-07-11 21:00:00"
"628347",13,"3.35","2021-04-22 20:45:00"
"628433",13,"2.15","2021-07-11 21:15:00"
"628474",13,"3.8","2021-04-22 21:00:00"
"630797",13,"2.225","2021-04-22 21:15:00"
"630851",13,"2","2021-04-22 21:30:00"
"629612",13,"1.55","2021-05-31 19:15:00"
"629734",13,"1.4","2021-05-31 19:30:00"
"629858",13,"0","2021-05-31 19:45:00"
"629679",13,"4.025","2021-03-19 18:15:00"
"629780",13,"3.875","2021-03-19 18:30:00"
"629881",13,"3.425","2021-03-19 18:45:00"
"629955",13,"0","2021-05-31 20:00:00"
"630062",13,"0","2021-05-31 20:15:00"
"630001",13,"3.875","2021-03-19 19:00:00"
"630107",13,"2.15","2021-03-19 19:15:00"
"631384",13,"3.05","2021-07-11 23:15:00"
"631475",13,"2.675","2021-07-11 23:30:00"
"631579",13,"2.375","2021-07-11 23:45:00"
"631487",13,"3.95","2021-04-22 23:30:00"
"631596",13,"3.725","2021-04-22 23:45:00"
"631697",13,"4.025","2021-04-23 00:00:00"
"631694",13,"2.075","2021-07-12 00:00:00"
"631820",13,"1.85","2021-07-12 00:15:00"
"631787",13,"5.075","2021-04-23 00:15:00"
"631895",13,"5.15","2021-04-23 00:30:00"
"632011",13,"4.7","2021-04-23 00:45:00"
"632973",13,"0","2021-05-31 21:15:00"
"633027",13,"0","2021-05-31 21:30:00"
"633081",13,"2.075","2021-05-31 21:45:00"
"633135",13,"1.55","2021-05-31 22:00:00"
"633189",13,"0","2021-05-31 22:15:00"
"633243",13,"2","2021-05-31 22:30:00"
"633297",13,"1.175","2021-05-31 22:45:00"
"633351",13,"0","2021-05-31 23:00:00"
"633405",13,"0","2021-05-31 23:15:00"
"633475",13,"0","2021-05-31 23:30:00"
"635164",13,"0","2021-04-23 03:30:00"
"635315",13,"0","2021-04-23 03:45:00"
"635244",13,"7.025","2021-03-20 01:15:00"
"635406",13,"6.2","2021-03-20 01:30:00"
"635579",13,"4.7","2021-03-20 01:45:00"
"635466",13,"0","2021-04-23 04:00:00"
"635621",13,"0","2021-04-23 04:15:00"
"635786",13,"1.925","2021-04-23 04:30:00"
"635558",13,"2.225","2021-07-12 05:45:00"
"635712",13,"2.675","2021-07-12 06:00:00"
"638038",13,"0","2021-06-01 03:00:00"
"638186",13,"2.45","2021-07-12 10:15:00"
"638268",13,"0","2021-06-01 03:15:00"
"638544",13,"1.625","2021-06-01 03:30:00"
"638823",13,"3.05","2021-06-01 03:45:00"
"638258",13,"3.275","2021-04-23 08:30:00"
"638395",13,"3.875","2021-04-23 08:45:00"
"638539",13,"6.725","2021-04-23 09:00:00"
"638326",13,"2.9","2021-07-12 10:30:00"
"638456",13,"3.125","2021-07-12 10:45:00"
"639007",13,"6.425","2021-04-23 09:45:00"
"639167",13,"4.7","2021-04-23 10:00:00"
"639336",13,"4.85","2021-04-23 10:15:00"
"639105",13,"4.175","2021-07-12 11:45:00"
"639276",13,"4.775","2021-07-12 12:00:00"
"639457",13,"4.775","2021-07-12 12:15:00"
"639503",13,"5.375","2021-04-23 10:30:00"
"639645",13,"3.8","2021-04-23 10:45:00"
"639760",13,"4.625","2021-04-23 11:00:00"
"640806",13,"4.925","2021-07-12 12:30:00"
"640938",13,"4.85","2021-07-12 12:45:00"
"640647",13,"6.05","2021-03-20 07:00:00"
"640701",13,"5.15","2021-03-20 07:15:00"
"640755",13,"5.15","2021-03-20 07:30:00"
"643396",13,"6.35","2021-03-20 07:45:00"
"643524",13,"5.975","2021-03-20 08:00:00"
"641035",13,"4.775","2021-04-23 11:45:00"
"641160",13,"4.775","2021-04-23 12:00:00"
"641269",13,"4.7","2021-04-23 12:15:00"
"641047",13,"4.925","2021-07-12 13:00:00"
"641139",13,"4.925","2021-07-12 13:15:00"
"641245",13,"4.775","2021-07-12 13:30:00"
"641837",13,"3.05","2021-04-23 14:00:00"
"641947",13,"4.25","2021-04-23 14:15:00"
"642065",13,"3.125","2021-04-23 14:30:00"
"641865",13,"5.15","2021-07-12 14:30:00"
"641971",13,"4.475","2021-07-12 14:45:00"
"642070",13,"4.4","2021-07-12 15:00:00"
"642158",13,"2.45","2021-04-23 14:45:00"
"642266",13,"2.9","2021-04-23 15:00:00"
"642194",13,"5","2021-07-12 15:15:00"
"642299",13,"5.15","2021-07-12 15:30:00"
"642401",13,"4.325","2021-07-12 15:45:00"
"643983",13,"2.375","2021-06-01 09:45:00"
"644078",13,"2.525","2021-06-01 10:00:00"
"645748",13,"2.9","2021-06-01 10:15:00"
"645879",13,"3.575","2021-06-01 10:30:00"
"646006",13,"3.5","2021-06-01 10:45:00"
"644187",13,"6.875","2021-03-20 09:30:00"
"644241",13,"6.425","2021-03-20 09:45:00"
"644295",13,"6.2","2021-03-20 10:00:00"
"644349",13,"6.575","2021-03-20 10:15:00"
"644403",13,"7.7","2021-03-20 10:30:00"
"644457",13,"7.1","2021-03-20 10:45:00"
"645554",13,"0","2021-04-23 17:45:00"
"645652",13,"0","2021-04-23 18:00:00"
"645783",13,"0","2021-04-23 18:15:00"
"645714",13,"1.7000000000000002","2021-07-12 19:00:00"
"645867",13,"1.925","2021-07-12 19:15:00"
"646063",13,"2","2021-07-12 19:30:00"
"645977",13,"0","2021-04-23 18:30:00"
"646166",13,"0","2021-04-23 18:45:00"
"646126",13,"3.425","2021-06-01 11:00:00"
"646312",13,"3.425","2021-06-01 11:15:00"
"646489",13,"3.5","2021-06-01 11:30:00"
"648819",13,"0","2021-04-23 20:30:00"
"648873",13,"2.675","2021-04-23 20:45:00"
"647535",13,"1.475","2021-07-12 21:00:00"
"647666",13,"1.625","2021-07-12 21:15:00"
"647847",13,"1.475","2021-07-12 21:30:00"
"647679",13,"6.8","2021-03-20 14:00:00"
"647866",13,"5.9","2021-03-20 14:15:00"
"647873",13,"3.275","2021-06-01 13:30:00"
"647594",13,"3.125","2021-06-01 13:00:00"
"647743",13,"2.9","2021-06-01 13:15:00"
"648927",13,"2.975","2021-04-23 21:00:00"
"648981",13,"0","2021-04-23 21:15:00"
"649035",13,"0","2021-04-23 21:30:00"
"649089",13,"0","2021-04-23 21:45:00"
"649157",13,"0","2021-04-23 22:00:00"
"649305",13,"0","2021-04-23 22:15:00"
"649444",13,"0","2021-04-23 22:30:00"
"649577",13,"0","2021-04-23 22:45:00"
"649349",13,"1.1","2021-06-01 15:30:00"
"649437",13,"2.15","2021-06-01 15:45:00"
"649528",13,"2.525","2021-06-01 16:00:00"
"650772",13,"0","2021-04-24 00:15:00"
"651029",13,"2.375","2021-04-24 00:30:00"
"650891",13,"2.975","2021-07-12 22:30:00"
"651056",13,"2.225","2021-07-12 22:45:00"
"651080",13,"9.5","2021-03-20 17:45:00"
"651344",13,"6.95","2021-03-20 18:00:00"
"651155",13,"0","2021-06-01 19:30:00"
"652833",13,"0","2021-06-01 19:45:00"
"652289",13,"2.975","2021-07-13 02:15:00"
"653809",13,"3.125","2021-07-13 02:30:00"
"652347",13,"2.15","2021-03-20 19:30:00"
"652401",13,"1.1","2021-03-20 19:45:00"
"652455",13,"1.175","2021-03-20 20:00:00"
"652509",13,"3.125","2021-03-20 20:15:00"
"652563",13,"2.6","2021-03-20 20:30:00"
"652617",13,"1.625","2021-03-20 20:45:00"
"652671",13,"1.4","2021-03-20 21:00:00"
"652725",13,"1.325","2021-03-20 21:15:00"
"653863",13,"2.75","2021-07-13 02:45:00"
"653917",13,"2.9","2021-07-13 03:00:00"
"653971",13,"2.675","2021-07-13 03:15:00"
"654031",13,"2.375","2021-07-13 03:30:00"
"654085",13,"1.625","2021-07-13 03:45:00"
"654139",13,"1.475","2021-07-13 04:00:00"
"654193",13,"0","2021-07-13 04:15:00"
"654247",13,"1.775","2021-07-13 04:30:00"
"654301",13,"2.15","2021-07-13 04:45:00"
"654355",13,"2.9","2021-07-13 05:00:00"
"654431",13,"3.125","2021-07-13 05:15:00"
"655683",13,"1.85","2021-03-20 22:45:00"
"655778",13,"1.55","2021-03-20 23:00:00"
"655845",13,"1.625","2021-03-20 23:15:00"
"655735",13,"0","2021-04-24 04:00:00"
"655905",13,"0","2021-04-24 04:15:00"
"656073",13,"0","2021-04-24 04:30:00"
"655935",13,"2.15","2021-03-20 23:30:00"
"656013",13,"2.3","2021-03-20 23:45:00"
"656099",13,"2.3","2021-03-21 00:00:00"
"656177",13,"1.925","2021-03-21 00:15:00"
"656257",13,"1.925","2021-03-21 00:30:00"
"657291",13,"0","2021-06-02 02:30:00"
"657368",13,"0","2021-06-02 02:45:00"
"657563",13,"2.225","2021-03-21 02:30:00"
"657732",13,"1.325","2021-03-21 02:45:00"
"657899",13,"0","2021-03-21 03:00:00"
"657660",13,"0","2021-04-24 06:00:00"
"657828",13,"0","2021-04-24 06:15:00"
"657640",13,"2.825","2021-07-13 07:15:00"
"657949",13,"2.675","2021-07-13 07:30:00"
"658203",13,"2.45","2021-07-13 07:45:00"
"659071",13,"2","2021-04-24 08:00:00"
"659243",13,"2.45","2021-04-24 08:15:00"
"659072",13,"2","2021-07-13 08:30:00"
"659367",13,"1.925","2021-07-13 08:45:00"
"659648",13,"1.325","2021-07-13 09:00:00"
"659399",13,"0","2021-06-02 04:30:00"
"659729",13,"0.5","2021-06-02 04:45:00"
"660193",13,"2.45","2021-07-13 09:30:00"
"660375",13,"2.75","2021-07-13 09:45:00"
"660699",13,"4.25","2021-07-13 11:15:00"
"660753",13,"4.55","2021-07-13 11:30:00"
"660831",13,"0","2021-03-21 07:00:00"
"660885",13,"1.1","2021-03-21 07:15:00"
"660939",13,"0","2021-03-21 07:30:00"
"660993",13,"2","2021-03-21 07:45:00"
"661047",13,"2.75","2021-03-21 08:00:00"
"661101",13,"2.75","2021-03-21 08:15:00"
"661155",13,"2.525","2021-03-21 08:30:00"
"661209",13,"3.35","2021-03-21 08:45:00"
"666140",13,"3.725","2021-03-21 16:00:00"
"668829",13,"3.35","2021-03-21 16:15:00"
"668883",13,"3.575","2021-03-21 16:30:00"
"666193",13,"3.05","2021-04-24 16:45:00"
"666247",13,"3.275","2021-04-24 17:00:00"
"666301",13,"2.6","2021-04-24 17:15:00"
"666355",13,"0","2021-04-24 17:30:00"
"666409",13,"0","2021-04-24 17:45:00"
"666463",13,"0","2021-04-24 18:00:00"
"666517",13,"1.25","2021-04-24 18:15:00"
"666571",13,"1.325","2021-04-24 18:30:00"
"667698",13,"2.15","2021-07-13 18:00:00"
"667799",13,"2.225","2021-07-13 18:15:00"
"667864",13,"2.825","2021-06-02 12:15:00"
"667963",13,"3.275","2021-06-02 12:30:00"
"668076",13,"2.9","2021-06-02 12:45:00"
"667900",13,"2.075","2021-07-13 18:30:00"
"668015",13,"2.075","2021-07-13 18:45:00"
"668116",13,"1.925","2021-07-13 19:00:00"
"668191",13,"2.9","2021-06-02 13:00:00"
"668302",13,"3.425","2021-06-02 13:15:00"
"668937",13,"5.975","2021-03-21 16:45:00"
"668991",13,"5.15","2021-03-21 17:00:00"
"669045",13,"3.725","2021-03-21 17:15:00"
"669099",13,"2.45","2021-03-21 17:30:00"
"669153",13,"3.35","2021-03-21 17:45:00"
"669207",13,"4.625","2021-03-21 18:00:00"
"669261",13,"3.05","2021-03-21 18:15:00"
"669315",13,"3.35","2021-03-21 18:30:00"
"669369",13,"2.75","2021-03-21 18:45:00"
"669423",13,"3.8","2021-03-21 19:00:00"
"670597",13,"2.675","2021-04-24 23:15:00"
"670651",13,"0","2021-04-24 23:30:00"
"670705",13,"0","2021-04-24 23:45:00"
"670759",13,"0","2021-04-25 00:00:00"
"673813",13,"0","2021-04-25 00:15:00"
"670829",13,"4.1","2021-06-02 14:15:00"
"670883",13,"4.175","2021-06-02 14:30:00"
"670937",13,"4.55","2021-06-02 14:45:00"
"670991",13,"4.55","2021-06-02 15:00:00"
"671045",13,"3.65","2021-06-02 15:15:00"
"672168",13,"1.55","2021-07-13 23:00:00"
"672274",13,"2.15","2021-07-13 23:15:00"
"672345",13,"2.45","2021-07-13 23:30:00"
"674801",13,"1.1","2021-06-02 18:45:00"
"674855",13,"0","2021-06-02 19:00:00"
"672399",13,"2.525","2021-07-13 23:45:00"
"672453",13,"2.15","2021-07-14 00:00:00"
"672507",13,"2.6","2021-07-14 00:15:00"
"672561",13,"2.375","2021-07-14 00:30:00"
"672615",13,"2.675","2021-07-14 00:45:00"
"673719",13,"0","2021-03-22 01:00:00"
"673783",13,"0","2021-03-22 01:15:00"
"676112",13,"0","2021-03-22 01:30:00"
"673867",13,"0","2021-04-25 00:30:00"
"673921",13,"0","2021-04-25 00:45:00"
"673975",13,"0","2021-04-25 01:00:00"
"674029",13,"0","2021-04-25 01:15:00"
"674083",13,"0","2021-04-25 01:30:00"
"674137",13,"0","2021-04-25 01:45:00"
"674191",13,"0","2021-04-25 02:00:00"
"674245",13,"0","2021-04-25 02:15:00"
"674909",13,"0","2021-06-02 19:15:00"
"674963",13,"0","2021-06-02 19:30:00"
"675017",13,"0","2021-06-02 19:45:00"
"675071",13,"0","2021-06-02 20:00:00"
"675125",13,"0","2021-06-02 20:15:00"
"675179",13,"0","2021-06-02 20:30:00"
"675233",13,"0.65","2021-06-02 20:45:00"
"675287",13,"0","2021-06-02 21:00:00"
"675341",13,"0","2021-06-02 21:15:00"
"675395",13,"0.65","2021-06-02 21:30:00"
"675449",13,"0","2021-06-02 21:45:00"
"676614",13,"2.45","2021-03-22 03:00:00"
"676686",13,"2","2021-03-22 03:15:00"
"676766",13,"0","2021-03-22 03:30:00"
"676842",13,"0","2021-03-22 03:45:00"
"676909",13,"1.475","2021-03-22 04:00:00"
"676880",13,"2.45","2021-07-14 04:00:00"
"677056",13,"1.325","2021-07-14 04:15:00"
"677163",13,"2.45","2021-07-14 04:30:00"
"676989",13,"2.45","2021-03-22 04:15:00"
"677076",13,"2.375","2021-03-22 04:30:00"
"678271",13,"2.375","2021-04-25 07:00:00"
"678325",13,"1.55","2021-04-25 07:15:00"
"678379",13,"0","2021-04-25 07:30:00"
"678433",13,"0","2021-04-25 07:45:00"
"678487",13,"0","2021-04-25 08:00:00"
"678541",13,"0","2021-04-25 08:15:00"
"678595",13,"0","2021-04-25 08:30:00"
"678649",13,"0","2021-04-25 08:45:00"
"678703",13,"0","2021-04-25 09:00:00"
"678757",13,"2.9","2021-04-25 09:15:00"
"680021",13,"0","2021-03-22 07:30:00"
"680166",13,"0","2021-03-22 07:45:00"
"680011",13,"0","2021-06-03 03:00:00"
"680210",13,"0","2021-06-03 03:15:00"
"680368",13,"0","2021-06-03 03:30:00"
"680118",13,"0","2021-07-14 06:45:00"
"680275",13,"0","2021-07-14 07:00:00"
"680332",13,"2.975","2021-03-22 08:00:00"
"680473",13,"2.075","2021-03-22 08:15:00"
"680645",13,"2.525","2021-03-22 08:30:00"
"681485",13,"1.7000000000000002","2021-07-14 09:30:00"
"681559",13,"2.075","2021-07-14 09:45:00"
"681613",13,"3.275","2021-07-14 10:00:00"
"681667",13,"3.725","2021-07-14 10:15:00"
"681721",13,"2.9","2021-07-14 10:30:00"
"681775",13,"4.175","2021-07-14 10:45:00"
"637146",13,"0","2021-04-23 06:45:00"
"637287",13,"0","2021-04-23 07:00:00"
"637100",13,"1.85","2021-07-12 08:15:00"
"637219",13,"1.85","2021-07-12 08:30:00"
"637382",13,"1.1","2021-07-12 08:45:00"
"637445",13,"0","2021-04-23 07:15:00"
"637596",13,"0.35000000000000003","2021-04-23 07:30:00"
"637745",13,"1.025","2021-04-23 07:45:00"
"638588",13,"4.55","2021-07-12 11:00:00"
"638741",13,"3.95","2021-07-12 11:15:00"
"638922",13,"3.65","2021-07-12 11:30:00"
"638682",13,"6.275","2021-04-23 09:15:00"
"638853",13,"7.1","2021-04-23 09:30:00"
"638960",13,"6.125","2021-03-20 03:15:00"
"639249",13,"6.425","2021-03-20 03:30:00"
"639114",13,"3.35","2021-06-01 04:00:00"
"639421",13,"2.75","2021-06-01 04:15:00"
"639522",13,"5.825","2021-03-20 03:45:00"
"639741",13,"7.1","2021-03-20 04:00:00"
"639882",13,"5.6","2021-03-20 04:15:00"
"639724",13,"2.675","2021-06-01 04:30:00"
"639849",13,"1.7000000000000002","2021-06-01 04:45:00"
"639952",13,"0","2021-06-01 05:00:00"
"640844",13,"4.7","2021-04-23 11:15:00"
"640930",13,"4.7","2021-04-23 11:30:00"
"639996",13,"6.425","2021-03-20 04:30:00"
"640099",13,"5.975","2021-03-20 04:45:00"
"640208",13,"5.075","2021-03-20 05:00:00"
"640063",13,"0","2021-06-01 05:15:00"
"640171",13,"0","2021-06-01 05:30:00"
"642809",13,"0","2021-06-01 05:45:00"
"640269",13,"5.075","2021-03-20 05:15:00"
"640323",13,"5.6","2021-03-20 05:30:00"
"640377",13,"6.2","2021-03-20 05:45:00"
"640431",13,"6.2","2021-03-20 06:00:00"
"640485",13,"6.425","2021-03-20 06:15:00"
"640539",13,"5.75","2021-03-20 06:30:00"
"640593",13,"5.525","2021-03-20 06:45:00"
"641354",13,"4.775","2021-07-12 13:45:00"
"641377",13,"4.475","2021-04-23 12:30:00"
"641657",13,"3.95","2021-07-12 14:00:00"
"641765",13,"4.85","2021-07-12 14:15:00"
"641453",13,"5.375","2021-04-23 12:45:00"
"641522",13,"4.625","2021-04-23 13:00:00"
"641576",13,"4.25","2021-04-23 13:15:00"
"641630",13,"4.55","2021-04-23 13:30:00"
"641722",13,"4.25","2021-04-23 13:45:00"
"642863",13,"0","2021-06-01 06:00:00"
"642917",13,"0","2021-06-01 06:15:00"
"642971",13,"0","2021-06-01 06:30:00"
"643025",13,"0","2021-06-01 06:45:00"
"643079",13,"0","2021-06-01 07:00:00"
"643133",13,"0","2021-06-01 07:15:00"
"643187",13,"0","2021-06-01 07:30:00"
"643241",13,"0","2021-06-01 07:45:00"
"643295",13,"0","2021-06-01 08:00:00"
"643355",13,"0","2021-06-01 08:15:00"
"644511",13,"8","2021-03-20 11:00:00"
"644565",13,"6.95","2021-03-20 11:15:00"
"644619",13,"7.625","2021-03-20 11:30:00"
"644673",13,"7.025","2021-03-20 11:45:00"
"644727",13,"7.1","2021-03-20 12:00:00"
"646121",13,"6.5","2021-03-20 12:15:00"
"646333",13,"6.95","2021-03-20 12:30:00"
"644847",13,"2.975","2021-04-23 16:00:00"
"644902",13,"2.75","2021-04-23 16:15:00"
"646386",13,"1.475","2021-07-12 19:45:00"
"646678",13,"1.55","2021-07-12 20:00:00"
"646346",13,"0","2021-04-23 19:00:00"
"646604",13,"0","2021-04-23 19:15:00"
"646885",13,"0","2021-04-23 19:30:00"
"646502",13,"6.275","2021-03-20 12:45:00"
"646708",13,"6.05","2021-03-20 13:00:00"
"646892",13,"6.425","2021-03-20 13:15:00"
"646642",13,"3.05","2021-06-01 11:45:00"
"646847",13,"3.725","2021-06-01 12:00:00"
"648271",13,"2.525","2021-06-01 14:15:00"
"648387",13,"2.825","2021-06-01 14:30:00"
"648487",13,"1.625","2021-06-01 14:45:00"
"648533",13,"5.225","2021-03-20 15:45:00"
"648591",13,"4.625","2021-03-20 16:00:00"
"648645",13,"4.4","2021-03-20 16:15:00"
"649175",13,"2.15","2021-06-01 15:00:00"
"649260",13,"2.375","2021-06-01 15:15:00"
"648699",13,"5.075","2021-03-20 16:30:00"
"648753",13,"3.425","2021-03-20 16:45:00"
"650068",13,"0","2021-04-23 23:30:00"
"650239",13,"0","2021-04-23 23:45:00"
"650485",13,"2.375","2021-04-24 00:00:00"
"650246",13,"3.65","2021-03-20 17:00:00"
"650527",13,"3.5","2021-03-20 17:15:00"
"650827",13,"6.275","2021-03-20 17:30:00"
"650330",13,"0","2021-06-01 18:15:00"
"650467",13,"0","2021-06-01 18:30:00"
"650605",13,"0","2021-06-01 18:45:00"
"650763",13,"0.58","2021-06-01 19:00:00"
"650931",13,"0","2021-06-01 19:15:00"
"651669",13,"1.775","2021-07-13 00:15:00"
"651747",13,"2","2021-07-13 00:30:00"
"651824",13,"2.375","2021-07-13 00:45:00"
"651905",13,"3.05","2021-07-13 01:00:00"
"651983",13,"2.75","2021-07-13 01:15:00"
"652030",13,"3.575","2021-03-20 19:00:00"
"652227",13,"2.6","2021-03-20 19:15:00"
"652063",13,"2.075","2021-07-13 01:30:00"
"652131",13,"0","2021-07-13 01:45:00"
"652207",13,"0","2021-07-13 02:00:00"
"652779",13,"1.625","2021-03-20 21:30:00"
"655344",13,"1.325","2021-03-20 21:45:00"
"655422",13,"1.4","2021-03-20 22:00:00"
"652887",13,"0","2021-06-01 20:00:00"
"652941",13,"0","2021-06-01 20:15:00"
"652995",13,"0","2021-06-01 20:30:00"
"653049",13,"0","2021-06-01 20:45:00"
"653103",13,"0","2021-06-01 21:00:00"
"653157",13,"0","2021-06-01 21:15:00"
"653211",13,"0","2021-06-01 21:30:00"
"653265",13,"0.43","2021-06-01 21:45:00"
"654551",13,"0","2021-07-13 05:30:00"
"654631",13,"3.05","2021-07-13 05:45:00"
"654605",13,"0","2021-04-24 01:30:00"
"654838",13,"0","2021-04-24 01:45:00"
"654945",13,"0","2021-04-24 02:00:00"
"654685",13,"3.2","2021-07-13 06:00:00"
"654756",13,"2","2021-07-13 06:15:00"
"654853",13,"2.375","2021-07-13 06:30:00"
"654959",13,"1.775","2021-07-13 06:45:00"
"657362",13,"2.525","2021-07-13 07:00:00"
"656234",13,"0","2021-04-24 04:45:00"
"656388",13,"0","2021-04-24 05:00:00"
"656338",13,"0.88","2021-03-21 00:45:00"
"656418",13,"0","2021-03-21 01:00:00"
"656490",13,"0","2021-03-21 01:15:00"
"656573",13,"3.35","2021-03-21 01:30:00"
"656646",13,"3.575","2021-03-21 01:45:00"
"656568",13,"0","2021-04-24 05:15:00"
"656736",13,"0","2021-04-24 05:30:00"
"657502",13,"0","2021-04-24 05:45:00"
"658531",13,"0.5","2021-06-02 03:45:00"
"658825",13,"0.65","2021-06-02 04:00:00"
"659093",13,"0.73","2021-06-02 04:15:00"
"658588",13,"1.4","2021-03-21 04:00:00"
"658757",13,"0","2021-03-21 04:15:00"
"658529",13,"0","2021-04-24 07:15:00"
"658702",13,"0","2021-04-24 07:30:00"
"658865",13,"0","2021-04-24 07:45:00"
"658930",13,"0","2021-03-21 04:30:00"
"659088",13,"0","2021-03-21 04:45:00"
"659227",13,"0","2021-03-21 05:00:00"
"660176",13,"0","2021-03-21 06:30:00"
"660307",13,"0.43","2021-03-21 06:45:00"
"660139",13,"3.8","2021-04-24 09:45:00"
"660273",13,"3.875","2021-04-24 10:00:00"
"661451",13,"3.95","2021-04-24 10:15:00"
"660429",13,"2.6","2021-07-13 10:00:00"
"660483",13,"2.525","2021-07-13 10:15:00"
"660537",13,"2.75","2021-07-13 10:30:00"
"660591",13,"3.05","2021-07-13 10:45:00"
"660645",13,"3.5","2021-07-13 11:00:00"
"661741",13,"4.925","2021-04-24 11:00:00"
"661866",13,"4.85","2021-04-24 11:15:00"
"661965",13,"4.85","2021-04-24 11:30:00"
"661982",13,"4.55","2021-03-21 11:00:00"
"662073",13,"4.55","2021-03-21 11:15:00"
"662089",13,"4.55","2021-04-24 11:45:00"
"662167",13,"3.8","2021-04-24 12:00:00"
"662221",13,"4.25","2021-04-24 12:15:00"
"662299",13,"5.075","2021-04-24 12:30:00"
"662408",13,"3.65","2021-04-24 12:45:00"
"662906",13,"4.85","2021-07-13 13:00:00"
"663081",13,"4.925","2021-07-13 13:15:00"
"663272",13,"4.7","2021-07-13 13:30:00"
"662979",13,"0","2021-06-02 05:00:00"
"663151",13,"0","2021-06-02 05:15:00"
"663336",13,"0","2021-06-02 05:30:00"
"663097",13,"2.225","2021-04-24 14:15:00"
"663210",13,"2.45","2021-04-24 14:30:00"
"663347",13,"2.075","2021-04-24 14:45:00"
"663438",13,"5.225","2021-07-13 13:45:00"
"663535",13,"4.4","2021-07-13 14:00:00"
"663864",13,"4.325","2021-07-13 14:45:00"
"663984",13,"3.725","2021-07-13 15:00:00"
"664112",13,"0","2021-06-02 07:15:00"
"664226",13,"0.65","2021-06-02 07:30:00"
"664088",13,"3.2","2021-07-13 15:15:00"
"664190",13,"3.35","2021-07-13 15:30:00"
"664299",13,"3.95","2021-07-13 15:45:00"
"664333",13,"1.4","2021-06-02 07:45:00"
"664438",13,"0.73","2021-06-02 08:00:00"
"664533",13,"0.28","2021-06-02 08:15:00"
"664965",13,"5","2021-03-21 12:15:00"
"665019",13,"5","2021-03-21 12:30:00"
"665073",13,"5.075","2021-03-21 12:45:00"
"665127",13,"4.175","2021-03-21 13:00:00"
"665181",13,"5.6","2021-03-21 13:15:00"
"665235",13,"4.7","2021-03-21 13:30:00"
"665289",13,"3.725","2021-03-21 13:45:00"
"665343",13,"4.1","2021-03-21 14:00:00"
"665397",13,"4.325","2021-03-21 14:15:00"
"665488",13,"7.025","2021-03-21 14:30:00"
"666625",13,"0","2021-04-24 18:45:00"
"666679",13,"0","2021-04-24 19:00:00"
"666733",13,"0","2021-04-24 19:15:00"
"669673",13,"0","2021-04-24 19:30:00"
"669772",13,"0","2021-04-24 19:45:00"
"666874",13,"3.125","2021-07-13 16:30:00"
"667059",13,"3.575","2021-07-13 16:45:00"
"667211",13,"2.525","2021-07-13 17:00:00"
"666924",13,"0.88","2021-06-02 09:45:00"
"667001",13,"1.7000000000000002","2021-06-02 10:00:00"
"667077",13,"0","2021-06-02 10:15:00"
"668220",13,"1.925","2021-07-13 19:15:00"
"668324",13,"1.925","2021-07-13 19:30:00"
"668417",13,"2.6","2021-07-13 19:45:00"
"668535",13,"2.075","2021-07-13 20:00:00"
"668642",13,"2.15","2021-07-13 20:15:00"
"668426",13,"3.35","2021-06-02 13:30:00"
"668524",13,"3.575","2021-06-02 13:45:00"
"668633",13,"3.125","2021-06-02 14:00:00"
"668697",13,"2.45","2021-07-13 20:30:00"
"668751",13,"2.525","2021-07-13 20:45:00"
"670057",13,"0","2021-04-24 20:45:00"
"670111",13,"0","2021-04-24 21:00:00"
"670165",13,"0","2021-04-24 21:15:00"
"670219",13,"0","2021-04-24 21:30:00"
"670273",13,"2.75","2021-04-24 21:45:00"
"670327",13,"3.35","2021-04-24 22:00:00"
"670381",13,"2.45","2021-04-24 22:15:00"
"670435",13,"2.675","2021-04-24 22:30:00"
"670489",13,"2.375","2021-04-24 22:45:00"
"670543",13,"2.75","2021-04-24 23:00:00"
"671637",13,"2.225","2021-07-13 21:45:00"
"671739",13,"2.3","2021-07-13 22:00:00"
"671803",13,"0","2021-06-02 17:30:00"
"671898",13,"0","2021-06-02 17:45:00"
"671843",13,"2.075","2021-07-13 22:15:00"
"671968",13,"1.7000000000000002","2021-07-13 22:30:00"
"672068",13,"2","2021-07-13 22:45:00"
"672018",13,"0.65","2021-06-02 18:00:00"
"672125",13,"0.88","2021-06-02 18:15:00"
"672241",13,"0.73","2021-06-02 18:30:00"
"673179",13,"2.45","2021-03-21 22:30:00"
"673233",13,"1.625","2021-03-21 22:45:00"
"673287",13,"1.625","2021-03-21 23:00:00"
"673341",13,"0","2021-03-21 23:15:00"
"673395",13,"0","2021-03-21 23:30:00"
"673449",13,"0","2021-03-21 23:45:00"
"673503",13,"0","2021-03-22 00:00:00"
"673557",13,"0","2021-03-22 00:15:00"
"673611",13,"0","2021-03-22 00:30:00"
"673665",13,"0","2021-03-22 00:45:00"
"675546",13,"1.325","2021-06-02 22:00:00"
"675669",13,"0","2021-06-02 22:15:00"
"675769",13,"2.825","2021-07-14 02:15:00"
"675878",13,"2.675","2021-07-14 02:30:00"
"675770",13,"0","2021-06-02 22:30:00"
"675877",13,"0","2021-06-02 22:45:00"
"675981",13,"0","2021-06-02 23:00:00"
"675990",13,"2.45","2021-07-14 02:45:00"
"676178",13,"2.45","2021-07-14 03:00:00"
"676360",13,"2.45","2021-07-14 03:15:00"
"677186",13,"1.925","2021-03-22 04:45:00"
"677309",13,"2.45","2021-03-22 05:00:00"
"677416",13,"2.45","2021-03-22 05:15:00"
"677256",13,"2.375","2021-07-14 04:45:00"
"677363",13,"1.85","2021-07-14 05:00:00"
"677479",13,"1.4","2021-07-14 05:15:00"
"677511",13,"2.45","2021-03-22 05:30:00"
"677615",13,"1.925","2021-03-22 05:45:00"
"677595",13,"1.85","2021-07-14 05:30:00"
"677695",13,"2.15","2021-07-14 05:45:00"
"681811",13,"2.225","2021-04-25 09:30:00"
"681865",13,"2.375","2021-04-25 09:45:00"
"678881",13,"0","2021-06-02 23:45:00"
"678935",13,"0","2021-06-03 00:00:00"
"678989",13,"0","2021-06-03 00:15:00"
"679043",13,"0","2021-06-03 00:30:00"
"679097",13,"0","2021-06-03 00:45:00"
"679151",13,"0","2021-06-03 01:00:00"
"679205",13,"0","2021-06-03 01:15:00"
"679284",13,"0.58","2021-06-03 01:30:00"
"680433",13,"0","2021-07-14 07:15:00"
"680574",13,"0","2021-07-14 07:30:00"
"680709",13,"0","2021-07-14 07:45:00"
"680565",13,"1.475","2021-06-03 03:45:00"
"683256",13,"1.55","2021-06-03 04:00:00"
"680769",13,"2.9","2021-03-22 08:45:00"
"680817",13,"1.55","2021-07-14 08:00:00"
"680920",13,"1.7000000000000002","2021-07-14 08:15:00"
"681027",13,"2.075","2021-07-14 08:30:00"
"682081",13,"2.9","2021-04-25 10:45:00"
"682135",13,"3.35","2021-04-25 11:00:00"
"682189",13,"3.875","2021-04-25 11:15:00"
"683386",13,"3.875","2021-07-14 11:00:00"
"683515",13,"3.65","2021-07-14 11:15:00"
"681919",13,"1.325","2021-04-25 10:00:00"
"681973",13,"3.2","2021-04-25 10:15:00"
"682027",13,"2.375","2021-04-25 10:30:00"
"687129",13,"3.275","2021-04-25 17:45:00"
"687283",13,"3.875","2021-04-25 18:00:00"
"687438",13,"2.375","2021-04-25 18:15:00"
"687246",13,"3.5","2021-03-22 18:00:00"
"687324",13,"2.675","2021-03-22 18:15:00"
"687405",13,"2.375","2021-03-22 18:30:00"
"687521",13,"2.75","2021-03-22 18:45:00"
"687667",13,"1.775","2021-03-22 19:00:00"
"687595",13,"3.725","2021-04-25 18:30:00"
"689276",13,"2.75","2021-04-25 18:45:00"
"688753",13,"1.925","2021-06-03 11:15:00"
"688807",13,"2.075","2021-06-03 11:30:00"
"688861",13,"1.925","2021-06-03 11:45:00"
"688915",13,"2.675","2021-06-03 12:00:00"
"688969",13,"2.975","2021-06-03 12:15:00"
"689023",13,"2.975","2021-06-03 12:30:00"
"689077",13,"2.15","2021-06-03 12:45:00"
"689131",13,"3.575","2021-06-03 13:00:00"
"691797",13,"2.45","2021-06-03 13:15:00"
"691851",13,"3.35","2021-06-03 13:30:00"
"689882",13,"0","2021-04-25 19:45:00"
"690037",13,"2","2021-04-25 20:00:00"
"690084",13,"2","2021-03-22 21:15:00"
"690224",13,"1.85","2021-03-22 21:30:00"
"690058",13,"2.525","2021-07-14 18:30:00"
"690196",13,"2.45","2021-07-14 18:45:00"
"690410",13,"2.525","2021-07-14 19:00:00"
"690243",13,"2.45","2021-04-25 20:15:00"
"690382",13,"1.025","2021-04-25 20:30:00"
"690537",13,"2.075","2021-04-25 20:45:00"
"691477",13,"1.775","2021-03-22 23:45:00"
"691571",13,"2.15","2021-03-23 00:00:00"
"691673",13,"1.625","2021-03-23 00:15:00"
"691593",13,"2.675","2021-04-25 22:45:00"
"691697",13,"2.375","2021-04-25 23:00:00"
"693106",13,"2.375","2021-04-25 23:15:00"
"693066",13,"0","2021-03-23 00:30:00"
"693187",13,"0","2021-03-23 00:45:00"
"691905",13,"2.675","2021-06-03 13:45:00"
"691959",13,"3.5","2021-06-03 14:00:00"
"693284",13,"2.375","2021-04-25 23:30:00"
"693420",13,"3.425","2021-04-25 23:45:00"
"693605",13,"2.825","2021-04-26 00:00:00"
"693362",13,"0","2021-03-23 01:00:00"
"693510",13,"0","2021-03-23 01:15:00"
"693670",13,"0","2021-03-23 01:30:00"
"693364",13,"2.9","2021-07-14 21:45:00"
"693514",13,"2.525","2021-07-14 22:00:00"
"693672",13,"2.15","2021-07-14 22:15:00"
"693766",13,"2.375","2021-04-26 00:15:00"
"693916",13,"2","2021-04-26 00:30:00"
"694809",13,"2.45","2021-04-26 02:00:00"
"694976",13,"0","2021-04-26 02:15:00"
"695147",13,"0","2021-04-26 02:30:00"
"694898",13,"0","2021-03-23 03:30:00"
"695034",13,"1.325","2021-03-23 03:45:00"
"695187",13,"0","2021-03-23 04:00:00"
"695158",13,"1.925","2021-07-15 00:15:00"
"695310",13,"1.7000000000000002","2021-07-15 00:30:00"
"696984",13,"0.58","2021-07-15 00:45:00"
"695315",13,"1.85","2021-04-26 02:45:00"
"695457",13,"0","2021-04-26 03:00:00"
"696417",13,"0","2021-06-03 20:45:00"
"696471",13,"0","2021-06-03 21:00:00"
"696525",13,"0","2021-06-03 21:15:00"
"696579",13,"1.4","2021-06-03 21:30:00"
"696633",13,"1.4","2021-06-03 21:45:00"
"696687",13,"0","2021-06-03 22:00:00"
"696741",13,"2.225","2021-06-03 22:15:00"
"699795",13,"2.375","2021-06-03 22:30:00"
"696875",13,"1.025","2021-03-23 05:30:00"
"696929",13,"0.9500000000000001","2021-03-23 05:45:00"
"697069",13,"0","2021-03-23 06:00:00"
"698272",13,"2.375","2021-07-15 02:45:00"
"698416",13,"2.225","2021-07-15 03:00:00"
"698568",13,"2","2021-07-15 03:15:00"
"698356",13,"0","2021-04-26 06:00:00"
"698541",13,"2.375","2021-04-26 06:15:00"
"698676",13,"2.375","2021-04-26 06:30:00"
"698358",13,"0","2021-03-23 08:00:00"
"698500",13,"2.825","2021-03-23 08:15:00"
"698694",13,"3.5","2021-03-23 08:30:00"
"698722",13,"2.15","2021-07-15 03:30:00"
"698905",13,"2.225","2021-07-15 03:45:00"
"699067",13,"2.075","2021-07-15 04:00:00"
"699779",13,"0","2021-04-26 08:30:00"
"701103",13,"1.55","2021-04-26 08:45:00"
"701241",13,"1.85","2021-04-26 09:00:00"
"699849",13,"2.9","2021-06-03 22:45:00"
"699903",13,"2.75","2021-06-03 23:00:00"
"699957",13,"2.75","2021-06-03 23:15:00"
"700011",13,"2.375","2021-06-03 23:30:00"
"700065",13,"2.525","2021-06-03 23:45:00"
"700119",13,"1.85","2021-06-04 00:00:00"
"700173",13,"1.55","2021-06-04 00:15:00"
"701405",13,"2.9","2021-04-26 09:15:00"
"701557",13,"3.05","2021-04-26 09:30:00"
"701584",13,"2.3","2021-07-15 06:00:00"
"701768",13,"1.55","2021-07-15 06:15:00"
"701913",13,"0","2021-07-15 06:30:00"
"701638",13,"2.9","2021-03-23 11:45:00"
"701777",13,"3.725","2021-03-23 12:00:00"
"701957",13,"3.725","2021-03-23 12:15:00"
"701703",13,"2.825","2021-04-26 09:45:00"
"701877",13,"3.05","2021-04-26 10:00:00"
"702031",13,"1.7000000000000002","2021-04-26 10:15:00"
"702435",13,"2.675","2021-03-23 13:00:00"
"702580",13,"3.125","2021-03-23 13:15:00"
"702749",13,"3.65","2021-03-23 13:30:00"
"702518",13,"2.3","2021-04-26 11:00:00"
"702723",13,"2.45","2021-04-26 11:15:00"
"702872",13,"1.175","2021-04-26 11:30:00"
"702873",13,"2.375","2021-07-15 08:00:00"
"703028",13,"1.85","2021-07-15 08:15:00"
"702921",13,"3.275","2021-03-23 13:45:00"
"703080",13,"3.05","2021-03-23 14:00:00"
"703240",13,"4.175","2021-03-23 14:15:00"
"704091",13,"0","2021-06-04 04:30:00"
"704145",13,"0","2021-06-04 04:45:00"
"704199",13,"0","2021-06-04 05:00:00"
"704253",13,"1.475","2021-06-04 05:15:00"
"704307",13,"0","2021-06-04 05:30:00"
"704361",13,"0","2021-06-04 05:45:00"
"704415",13,"0","2021-06-04 06:00:00"
"704469",13,"0","2021-06-04 06:15:00"
"704523",13,"1.25","2021-06-04 06:30:00"
"704588",13,"2","2021-06-04 06:45:00"
"705197",13,"3.95","2021-03-23 16:15:00"
"705300",13,"3.725","2021-03-23 16:30:00"
"659429",13,"0","2021-03-21 05:15:00"
"659613",13,"0","2021-03-21 05:30:00"
"661263",13,"5","2021-03-21 09:00:00"
"661317",13,"3.95","2021-03-21 09:15:00"
"661371",13,"2.6","2021-03-21 09:30:00"
"661425",13,"3.5","2021-03-21 09:45:00"
"661506",13,"3.425","2021-03-21 10:00:00"
"661560",13,"4.175","2021-04-24 10:30:00"
"661648",13,"5.15","2021-04-24 10:45:00"
"661651",13,"3.575","2021-03-21 10:15:00"
"661770",13,"4.025","2021-03-21 10:30:00"
"661865",13,"3.875","2021-03-21 10:45:00"
"662304",13,"4.7","2021-07-13 11:45:00"
"662411",13,"4.7","2021-07-13 12:00:00"
"662518",13,"4.925","2021-07-13 12:15:00"
"662517",13,"4.175","2021-04-24 13:00:00"
"662607",13,"3.275","2021-04-24 13:15:00"
"662717",13,"3.125","2021-04-24 13:30:00"
"662643",13,"5.45","2021-07-13 12:30:00"
"662745",13,"4.7","2021-07-13 12:45:00"
"662836",13,"2.825","2021-04-24 13:45:00"
"662946",13,"4.25","2021-04-24 14:00:00"
"665483",13,"3.875","2021-04-24 15:00:00"
"665587",13,"2.675","2021-04-24 15:15:00"
"663465",13,"0.28","2021-06-02 05:45:00"
"663585",13,"0","2021-06-02 06:00:00"
"663644",13,"4.4","2021-07-13 14:15:00"
"663691",13,"0","2021-06-02 06:15:00"
"663753",13,"4.325","2021-07-13 14:30:00"
"663797",13,"0","2021-06-02 06:30:00"
"663902",13,"0","2021-06-02 06:45:00"
"663999",13,"0","2021-06-02 07:00:00"
"664407",13,"4.4","2021-07-13 16:00:00"
"664528",13,"3.65","2021-07-13 16:15:00"
"664587",13,"0","2021-06-02 08:30:00"
"664641",13,"0.43","2021-06-02 08:45:00"
"664695",13,"0.73","2021-06-02 09:00:00"
"664749",13,"0","2021-06-02 09:15:00"
"666837",13,"0.43","2021-06-02 09:30:00"
"664803",13,"5","2021-03-21 11:30:00"
"664857",13,"4.25","2021-03-21 11:45:00"
"664911",13,"4.175","2021-03-21 12:00:00"
"665600",13,"5.525","2021-03-21 14:45:00"
"665687",13,"5.75","2021-03-21 15:00:00"
"665806",13,"6.65","2021-03-21 15:15:00"
"665717",13,"2.825","2021-04-24 15:30:00"
"665813",13,"0","2021-04-24 15:45:00"
"665914",13,"2.525","2021-04-24 16:00:00"
"665921",13,"4.025","2021-03-21 15:30:00"
"666025",13,"3.35","2021-03-21 15:45:00"
"666026",13,"2.75","2021-04-24 16:15:00"
"666127",13,"2.825","2021-04-24 16:30:00"
"667164",13,"2.075","2021-06-02 10:30:00"
"667245",13,"0.65","2021-06-02 10:45:00"
"667350",13,"2.45","2021-07-13 17:15:00"
"667485",13,"2.6","2021-07-13 17:30:00"
"667586",13,"2.6","2021-07-13 17:45:00"
"667336",13,"1.85","2021-06-02 11:00:00"
"667414",13,"3.275","2021-06-02 11:15:00"
"667521",13,"2","2021-06-02 11:30:00"
"667632",13,"2.975","2021-06-02 11:45:00"
"667733",13,"3.5","2021-06-02 12:00:00"
"669477",13,"2.825","2021-03-21 19:15:00"
"669531",13,"0","2021-03-21 19:30:00"
"669585",13,"2.75","2021-03-21 19:45:00"
"669639",13,"0","2021-03-21 20:00:00"
"669724",13,"0","2021-03-21 20:15:00"
"669867",13,"0","2021-03-21 20:30:00"
"672801",13,"0","2021-03-21 20:45:00"
"672855",13,"0","2021-03-21 21:00:00"
"669858",13,"3.725","2021-04-24 20:00:00"
"669949",13,"3.425","2021-04-24 20:15:00"
"670003",13,"1.55","2021-04-24 20:30:00"
"671099",13,"3.575","2021-06-02 15:30:00"
"671153",13,"4.1","2021-06-02 15:45:00"
"671207",13,"3.725","2021-06-02 16:00:00"
"671261",13,"2.825","2021-06-02 16:15:00"
"671353",13,"2.525","2021-06-02 16:30:00"
"671320",13,"2.675","2021-07-13 21:00:00"
"671441",13,"2.375","2021-07-13 21:15:00"
"671540",13,"2.45","2021-07-13 21:30:00"
"671454",13,"2.3","2021-06-02 16:45:00"
"671571",13,"2.45","2021-06-02 17:00:00"
"671691",13,"1.475","2021-06-02 17:15:00"
"672669",13,"2.225","2021-07-14 01:00:00"
"672723",13,"2.525","2021-07-14 01:15:00"
"672777",13,"3.05","2021-07-14 01:30:00"
"675560",13,"2.525","2021-07-14 01:45:00"
"675655",13,"2.225","2021-07-14 02:00:00"
"672909",13,"0","2021-03-21 21:15:00"
"672963",13,"0","2021-03-21 21:30:00"
"673017",13,"0","2021-03-21 21:45:00"
"673071",13,"0","2021-03-21 22:00:00"
"673125",13,"2.225","2021-03-21 22:15:00"
"674299",13,"0","2021-04-25 02:30:00"
"674353",13,"0","2021-04-25 02:45:00"
"674407",13,"0","2021-04-25 03:00:00"
"674461",13,"0","2021-04-25 03:15:00"
"674515",13,"0","2021-04-25 03:30:00"
"674569",13,"0","2021-04-25 03:45:00"
"674623",13,"0","2021-04-25 04:00:00"
"674677",13,"0","2021-04-25 04:15:00"
"674731",13,"0","2021-04-25 04:30:00"
"677785",13,"0","2021-04-25 04:45:00"
"676130",13,"0","2021-06-02 23:15:00"
"678827",13,"0","2021-06-02 23:30:00"
"676211",13,"2.225","2021-03-22 01:45:00"
"676281",13,"1.925","2021-03-22 02:00:00"
"676365",13,"0","2021-03-22 02:15:00"
"676453",13,"0","2021-03-22 02:30:00"
"676533",13,"0","2021-03-22 02:45:00"
"676510",13,"2.825","2021-07-14 03:30:00"
"676692",13,"2.675","2021-07-14 03:45:00"
"677749",13,"2.225","2021-07-14 06:00:00"
"679806",13,"2.225","2021-07-14 06:15:00"
"679971",13,"2.45","2021-07-14 06:30:00"
"677839",13,"0","2021-04-25 05:00:00"
"677893",13,"0","2021-04-25 05:15:00"
"677947",13,"0","2021-04-25 05:30:00"
"678001",13,"0","2021-04-25 05:45:00"
"678055",13,"2.3","2021-04-25 06:00:00"
"678109",13,"2.375","2021-04-25 06:15:00"
"678163",13,"2","2021-04-25 06:30:00"
"678217",13,"2.375","2021-04-25 06:45:00"
"679271",13,"0.73","2021-03-22 06:00:00"
"679391",13,"0","2021-03-22 06:15:00"
"679486",13,"1.25","2021-03-22 06:30:00"
"679380",13,"0","2021-06-03 01:45:00"
"679501",13,"0","2021-06-03 02:00:00"
"679594",13,"0","2021-06-03 02:15:00"
"679608",13,"1.775","2021-03-22 06:45:00"
"679711",13,"0","2021-03-22 07:00:00"
"679851",13,"0","2021-03-22 07:15:00"
"679707",13,"0","2021-06-03 02:30:00"
"679863",13,"0","2021-06-03 02:45:00"
"680882",13,"2.6","2021-03-22 09:00:00"
"680991",13,"3.35","2021-03-22 09:15:00"
"681098",13,"3.575","2021-03-22 09:30:00"
"681139",13,"2","2021-07-14 08:45:00"
"681251",13,"2.075","2021-07-14 09:00:00"
"681380",13,"2.6","2021-07-14 09:15:00"
"681190",13,"2.975","2021-03-22 09:45:00"
"681298",13,"3.05","2021-03-22 10:00:00"
"681401",13,"2.9","2021-03-22 10:15:00"
"681505",13,"4.175","2021-03-22 10:30:00"
"682825",13,"4.175","2021-03-22 10:45:00"
"682621",13,"4.55","2021-04-25 13:15:00"
"682675",13,"3.425","2021-04-25 13:30:00"
"682729",13,"2.225","2021-04-25 13:45:00"
"685783",13,"3.05","2021-04-25 14:00:00"
"685837",13,"2.15","2021-04-25 14:15:00"
"682879",13,"4.25","2021-03-22 11:00:00"
"682933",13,"5","2021-03-22 11:15:00"
"682987",13,"4.325","2021-03-22 11:30:00"
"683041",13,"5.9","2021-03-22 11:45:00"
"683095",13,"4.4","2021-03-22 12:00:00"
"683667",13,"5.15","2021-03-22 13:30:00"
"683805",13,"5.3","2021-03-22 13:45:00"
"683931",13,"4.475","2021-03-22 14:00:00"
"683927",13,"3.275","2021-07-14 12:00:00"
"684067",13,"3.425","2021-07-14 12:15:00"
"684187",13,"3.875","2021-07-14 12:30:00"
"684057",13,"4.25","2021-03-22 14:15:00"
"684208",13,"5.225","2021-03-22 14:30:00"
"684331",13,"4.85","2021-07-14 12:45:00"
"684447",13,"6.275","2021-07-14 13:00:00"
"684802",13,"0","2021-06-03 05:30:00"
"684991",13,"0","2021-06-03 05:45:00"
"685162",13,"0","2021-06-03 06:00:00"
"684978",13,"5.525","2021-07-14 14:30:00"
"685055",13,"4.625","2021-07-14 14:45:00"
"685131",13,"4.85","2021-07-14 15:00:00"
"685221",13,"4.4","2021-07-14 15:15:00"
"687522",13,"4.175","2021-07-14 15:30:00"
"685285",13,"0","2021-06-03 06:15:00"
"685339",13,"0.5","2021-06-03 06:30:00"
"686053",13,"0","2021-04-25 15:15:00"
"686107",13,"1.175","2021-04-25 15:30:00"
"686161",13,"2.075","2021-04-25 15:45:00"
"686264",13,"3.725","2021-04-25 16:00:00"
"686374",13,"3.575","2021-04-25 16:15:00"
"686305",13,"4.475","2021-03-22 15:30:00"
"686412",13,"4.925","2021-03-22 15:45:00"
"686495",13,"3.35","2021-04-25 16:30:00"
"686593",13,"4.025","2021-04-25 16:45:00"
"687706",13,"4.175","2021-07-14 15:45:00"
"687812",13,"3.95","2021-07-14 16:00:00"
"687921",13,"4.325","2021-07-14 16:15:00"
"687767",13,"0","2021-03-22 19:15:00"
"687873",13,"1.7000000000000002","2021-03-22 19:30:00"
"687970",13,"1.025","2021-03-22 19:45:00"
"689324",13,"0","2021-03-22 20:00:00"
"689434",13,"3.05","2021-03-22 20:15:00"
"688017",13,"4.175","2021-07-14 16:30:00"
"688071",13,"3.35","2021-07-14 16:45:00"
"688126",13,"3.275","2021-07-14 17:00:00"
"689160",13,"3.275","2021-07-14 17:15:00"
"689317",13,"3.425","2021-07-14 17:30:00"
"689520",13,"1.025","2021-07-14 17:45:00"
"689451",13,"2","2021-04-25 19:00:00"
"689577",13,"2.3","2021-04-25 19:15:00"
"689725",13,"2.225","2021-04-25 19:30:00"
"689620",13,"2.45","2021-03-22 20:30:00"
"689759",13,"2.45","2021-03-22 20:45:00"
"689909",13,"2.15","2021-03-22 21:00:00"
"689710",13,"2.15","2021-07-14 18:00:00"
"689902",13,"2.225","2021-07-14 18:15:00"
"691040",13,"2.525","2021-07-14 20:00:00"
"692827",13,"2.3","2021-07-14 20:15:00"
"691053",13,"0","2021-04-25 21:30:00"
"691159",13,"2.375","2021-04-25 21:45:00"
"691268",13,"3.275","2021-04-25 22:00:00"
"691135",13,"0","2021-03-22 23:00:00"
"691244",13,"0","2021-03-22 23:15:00"
"691353",13,"2.6","2021-03-22 23:30:00"
"691374",13,"3.5","2021-04-25 22:15:00"
"691466",13,"2.3","2021-04-25 22:30:00"
"692607",13,"0","2021-06-03 17:00:00"
"692661",13,"0","2021-06-03 17:15:00"
"692715",13,"0","2021-06-03 17:30:00"
"692769",13,"1.7000000000000002","2021-06-03 17:45:00"
"695823",13,"0","2021-06-03 18:00:00"
"692881",13,"1.775","2021-07-14 20:30:00"
"692935",13,"0","2021-07-14 20:45:00"
"692989",13,"2.75","2021-07-14 21:00:00"
"693049",13,"2.3","2021-07-14 21:15:00"
"693197",13,"2.75","2021-07-14 21:30:00"
"694204",13,"1.625","2021-07-14 23:00:00"
"694414",13,"0","2021-07-14 23:15:00"
"694605",13,"0","2021-07-14 23:30:00"
"694523",13,"2.45","2021-04-26 01:30:00"
"694671",13,"1.775","2021-04-26 01:45:00"
"694592",13,"0","2021-03-23 03:00:00"
"694733",13,"0","2021-03-23 03:15:00"
"694804",13,"1.55","2021-07-14 23:45:00"
"694977",13,"2.075","2021-07-15 00:00:00"
"695877",13,"0","2021-06-03 18:15:00"
"695931",13,"0.43","2021-06-03 18:30:00"
"695985",13,"0","2021-06-03 18:45:00"
"696039",13,"0","2021-06-03 19:00:00"
"696093",13,"0","2021-06-03 19:15:00"
"696147",13,"0","2021-06-03 19:30:00"
"696201",13,"0","2021-06-03 19:45:00"
"696255",13,"0","2021-06-03 20:00:00"
"696309",13,"0","2021-06-03 20:15:00"
"696363",13,"0","2021-06-03 20:30:00"
"697645",13,"1.85","2021-07-15 01:45:00"
"697784",13,"2.675","2021-07-15 02:00:00"
"697945",13,"2.9","2021-07-15 02:15:00"
"697703",13,"0","2021-04-26 05:00:00"
"697879",13,"0","2021-04-26 05:15:00"
"698030",13,"0","2021-04-26 05:30:00"
"698116",13,"2.525","2021-07-15 02:30:00"
"698191",13,"0","2021-04-26 05:45:00"
"698017",13,"0","2021-03-23 07:30:00"
"698180",13,"0","2021-03-23 07:45:00"
"699180",13,"4.175","2021-03-23 09:15:00"
"699334",13,"3.95","2021-03-23 09:30:00"
"700793",13,"3.875","2021-03-23 09:45:00"
"699509",13,"1.85","2021-07-15 04:45:00"
"699621",13,"1.325","2021-07-15 05:00:00"
"699724",13,"1.775","2021-07-15 05:15:00"
"699587",13,"0.9500000000000001","2021-04-26 08:00:00"
"699707",13,"1.175","2021-04-26 08:15:00"
"701257",13,"2.3","2021-07-15 05:30:00"
"701400",13,"2.975","2021-07-15 05:45:00"
"703821",13,"0","2021-06-04 03:15:00"
"703875",13,"0","2021-06-04 03:30:00"
"700847",13,"3.575","2021-03-23 10:00:00"
"700901",13,"3.95","2021-03-23 10:15:00"
"700955",13,"4.25","2021-03-23 10:30:00"
"701026",13,"3.575","2021-03-23 10:45:00"
"701129",13,"6.125","2021-03-23 11:00:00"
"701298",13,"3.2","2021-03-23 11:15:00"
"701484",13,"3.425","2021-03-23 11:30:00"
"703039",13,"3.875","2021-04-26 11:45:00"
"703195",13,"3.5","2021-04-26 12:00:00"
"703325",13,"6.05","2021-04-26 12:15:00"
"703202",13,"1.625","2021-07-15 08:30:00"
"703342",13,"1.4","2021-07-15 08:45:00"
"703443",13,"1.625","2021-07-15 09:00:00"
"704643",13,"3.425","2021-03-23 14:30:00"
"704764",13,"5","2021-03-23 14:45:00"
"703444",13,"4.1","2021-04-26 12:30:00"
"703541",13,"4.475","2021-04-26 12:45:00"
"704688",13,"0","2021-06-04 07:00:00"
"704794",13,"0","2021-06-04 07:15:00"
"704865",13,"3.125","2021-03-23 15:00:00"
"704966",13,"2.3","2021-03-23 15:15:00"
"705035",13,"5.525","2021-03-23 15:30:00"
"704911",13,"0","2021-06-04 07:30:00"
"708195",13,"1.85","2021-06-04 07:45:00"
"708308",13,"1.775","2021-06-04 08:00:00"
"705402",13,"2.75","2021-03-23 16:45:00"
"705483",13,"7.175","2021-04-26 13:45:00"
"705583",13,"5.225","2021-04-26 14:00:00"
"705500",13,"3.275","2021-03-23 17:00:00"
"705613",13,"3.35","2021-03-23 17:15:00"
"705698",13,"6.125","2021-04-26 14:15:00"
"705795",13,"5.825","2021-04-26 14:30:00"
"705899",13,"6.35","2021-04-26 14:45:00"
"711417",13,"4.775","2021-07-15 17:30:00"
"711471",13,"4.4","2021-07-15 17:45:00"
"711525",13,"4.475","2021-07-15 18:00:00"
"711579",13,"5","2021-07-15 18:15:00"
"711633",13,"5","2021-07-15 18:30:00"
"711687",13,"4.25","2021-07-15 18:45:00"
"711741",13,"3.575","2021-07-15 19:00:00"
"714795",13,"4.625","2021-07-15 19:15:00"
"711871",13,"0","2021-03-24 00:00:00"
"711925",13,"2.9","2021-03-24 00:15:00"
"712527",13,"2.375","2021-04-26 22:30:00"
"712677",13,"2.825","2021-04-26 22:45:00"
"712838",13,"2.675","2021-04-26 23:00:00"
"712774",13,"0","2021-03-24 03:15:00"
"712908",13,"0","2021-03-24 03:30:00"
"712768",13,"5.3","2021-06-04 12:45:00"
"712950",13,"4.85","2021-06-04 13:00:00"
"713023",13,"2.825","2021-04-26 23:15:00"
"713158",13,"3.2","2021-04-26 23:30:00"
"713320",13,"2.825","2021-04-26 23:45:00"
"714144",13,"2.3","2021-04-27 01:45:00"
"714246",13,"2.45","2021-04-27 02:00:00"
"714374",13,"2.375","2021-04-27 02:15:00"
"714438",13,"4.325","2021-06-04 16:00:00"
"714546",13,"4.7","2021-06-04 16:15:00"
"714486",13,"2.3","2021-04-27 02:30:00"
"714583",13,"2.075","2021-04-27 02:45:00"
"714667",13,"4.4","2021-06-04 16:30:00"
"714737",13,"4.7","2021-06-04 16:45:00"
"717109",13,"4.175","2021-06-04 17:00:00"
"716383",13,"0","2021-03-24 07:00:00"
"716437",13,"0","2021-03-24 07:15:00"
"716491",13,"0","2021-03-24 07:30:00"
"716545",13,"0","2021-03-24 07:45:00"
"716599",13,"2.825","2021-03-24 08:00:00"
"716653",13,"3.425","2021-03-24 08:15:00"
"716740",13,"2.9","2021-03-24 08:30:00"
"716841",13,"3.65","2021-03-24 08:45:00"
"719815",13,"4.25","2021-03-24 09:00:00"
"719869",13,"4.55","2021-03-24 09:15:00"
"717399",13,"2.375","2021-06-04 17:45:00"
"717523",13,"2","2021-06-04 18:00:00"
"717627",13,"2.675","2021-06-04 18:15:00"
"717669",13,"0","2021-04-27 05:45:00"
"717789",13,"0","2021-04-27 06:00:00"
"717728",13,"2.375","2021-06-04 18:30:00"
"717834",13,"2.75","2021-06-04 18:45:00"
"717902",13,"0","2021-04-27 06:15:00"
"717992",13,"0","2021-04-27 06:30:00"
"718094",13,"0","2021-04-27 06:45:00"
"718929",13,"3.65","2021-07-16 00:30:00"
"718983",13,"3.425","2021-07-16 00:45:00"
"719037",13,"3.05","2021-07-16 01:00:00"
"719091",13,"3.2","2021-07-16 01:15:00"
"719145",13,"2.675","2021-07-16 01:30:00"
"719199",13,"3.575","2021-07-16 01:45:00"
"719253",13,"3.8","2021-07-16 02:00:00"
"719307",13,"3.95","2021-07-16 02:15:00"
"719361",13,"4.4","2021-07-16 02:30:00"
"719415",13,"3.5","2021-07-16 02:45:00"
"719469",13,"3.725","2021-07-16 03:00:00"
"720625",13,"4.7","2021-03-24 12:45:00"
"720679",13,"3.275","2021-03-24 13:00:00"
"720733",13,"3.35","2021-03-24 13:15:00"
"723787",13,"4.1","2021-03-24 13:30:00"
"723841",13,"3.725","2021-03-24 13:45:00"
"720909",13,"0","2021-04-27 08:15:00"
"720963",13,"1.1","2021-04-27 08:30:00"
"721017",13,"1.925","2021-04-27 08:45:00"
"721071",13,"1.475","2021-04-27 09:00:00"
"721125",13,"1.925","2021-04-27 09:15:00"
"722357",13,"0.28","2021-06-05 00:15:00"
"722411",13,"0","2021-06-05 00:30:00"
"722465",13,"0","2021-06-05 00:45:00"
"722519",13,"0","2021-06-05 01:00:00"
"722573",13,"1.325","2021-06-05 01:15:00"
"722627",13,"1.325","2021-06-05 01:30:00"
"722681",13,"1.55","2021-06-05 01:45:00"
"722735",13,"1.55","2021-06-05 02:00:00"
"725789",13,"1.55","2021-06-05 02:15:00"
"725846",13,"1.175","2021-06-05 02:30:00"
"724057",13,"4.1","2021-03-24 14:45:00"
"724111",13,"4.625","2021-03-24 15:00:00"
"724165",13,"4.55","2021-03-24 15:15:00"
"724219",13,"5.3","2021-03-24 15:30:00"
"724273",13,"3.875","2021-03-24 15:45:00"
"724327",13,"2.75","2021-03-24 16:00:00"
"724381",13,"3.575","2021-03-24 16:15:00"
"724435",13,"3.425","2021-03-24 16:30:00"
"724489",13,"2.75","2021-03-24 16:45:00"
"724543",13,"3.65","2021-03-24 17:00:00"
"725151",13,"4.475","2021-04-27 14:00:00"
"725205",13,"4.925","2021-04-27 14:15:00"
"725259",13,"3.95","2021-04-27 14:30:00"
"725313",13,"4.475","2021-04-27 14:45:00"
"725367",13,"4.1","2021-04-27 15:00:00"
"725421",13,"4.925","2021-04-27 15:15:00"
"725475",13,"4.625","2021-04-27 15:30:00"
"725529",13,"3.65","2021-04-27 15:45:00"
"725583",13,"3.8","2021-04-27 16:00:00"
"725637",13,"2.675","2021-04-27 16:15:00"
"726824",13,"2.075","2021-06-05 04:45:00"
"726968",13,"1.175","2021-06-05 05:00:00"
"682243",13,"3.65","2021-04-25 11:30:00"
"682297",13,"3.8","2021-04-25 11:45:00"
"682351",13,"3.8","2021-04-25 12:00:00"
"682405",13,"5.075","2021-04-25 12:15:00"
"682459",13,"3.725","2021-04-25 12:30:00"
"682513",13,"3.725","2021-04-25 12:45:00"
"682567",13,"3.95","2021-04-25 13:00:00"
"683149",13,"3.875","2021-03-22 12:15:00"
"683204",13,"4.85","2021-03-22 12:30:00"
"683291",13,"4.475","2021-03-22 12:45:00"
"683432",13,"5.375","2021-03-22 13:00:00"
"683549",13,"4.25","2021-03-22 13:15:00"
"683547",13,"0","2021-06-03 04:15:00"
"683873",13,"0.9500000000000001","2021-06-03 04:30:00"
"684144",13,"0","2021-06-03 04:45:00"
"683666",13,"4.25","2021-07-14 11:30:00"
"683782",13,"3.95","2021-07-14 11:45:00"
"684417",13,"0","2021-06-03 05:00:00"
"684646",13,"0.9500000000000001","2021-06-03 05:15:00"
"684335",13,"4.925","2021-03-22 14:45:00"
"684482",13,"4.325","2021-03-22 15:00:00"
"686195",13,"5.975","2021-03-22 15:15:00"
"684583",13,"6.125","2021-07-14 13:15:00"
"684662",13,"6.5","2021-07-14 13:30:00"
"684740",13,"5.3","2021-07-14 13:45:00"
"684827",13,"6.125","2021-07-14 14:00:00"
"684896",13,"5.225","2021-07-14 14:15:00"
"685393",13,"0","2021-06-03 06:45:00"
"685447",13,"0.65","2021-06-03 07:00:00"
"685501",13,"0","2021-06-03 07:15:00"
"685555",13,"0.9500000000000001","2021-06-03 07:30:00"
"685609",13,"0.88","2021-06-03 07:45:00"
"685663",13,"0","2021-06-03 08:00:00"
"685717",13,"1.025","2021-06-03 08:15:00"
"685771",13,"0.9500000000000001","2021-06-03 08:30:00"
"685891",13,"2","2021-04-25 14:30:00"
"685945",13,"0","2021-04-25 14:45:00"
"685999",13,"0","2021-04-25 15:00:00"
"686508",13,"3.95","2021-03-22 16:00:00"
"686627",13,"4.25","2021-03-22 16:15:00"
"686727",13,"4.4","2021-03-22 16:30:00"
"686708",13,"2.525","2021-04-25 17:00:00"
"686822",13,"2.075","2021-04-25 17:15:00"
"686968",13,"2.15","2021-04-25 17:30:00"
"686829",13,"4.025","2021-03-22 16:45:00"
"686915",13,"3.65","2021-03-22 17:00:00"
"687001",13,"4.4","2021-03-22 17:15:00"
"687076",13,"5","2021-03-22 17:30:00"
"687160",13,"4.925","2021-03-22 17:45:00"
"688213",13,"0","2021-06-03 08:45:00"
"688267",13,"2.15","2021-06-03 09:00:00"
"688321",13,"2.375","2021-06-03 09:15:00"
"688375",13,"2.375","2021-06-03 09:30:00"
"688429",13,"2.375","2021-06-03 09:45:00"
"688483",13,"2","2021-06-03 10:00:00"
"688537",13,"2.6","2021-06-03 10:15:00"
"688591",13,"2.75","2021-06-03 10:30:00"
"688645",13,"2.15","2021-06-03 10:45:00"
"688699",13,"2.45","2021-06-03 11:00:00"
"690362",13,"1.625","2021-03-22 21:45:00"
"690518",13,"1.55","2021-03-22 22:00:00"
"690671",13,"0","2021-03-22 22:15:00"
"690583",13,"2.6","2021-07-14 19:15:00"
"690734",13,"2.225","2021-07-14 19:30:00"
"690886",13,"2.075","2021-07-14 19:45:00"
"690716",13,"2","2021-04-25 21:00:00"
"690862",13,"0","2021-04-25 21:15:00"
"690861",13,"0","2021-03-22 22:30:00"
"691007",13,"0","2021-03-22 22:45:00"
"692013",13,"3.05","2021-06-03 14:15:00"
"692067",13,"2.825","2021-06-03 14:30:00"
"692121",13,"2.45","2021-06-03 14:45:00"
"692175",13,"3.05","2021-06-03 15:00:00"
"692229",13,"2.75","2021-06-03 15:15:00"
"692283",13,"2.075","2021-06-03 15:30:00"
"692337",13,"0","2021-06-03 15:45:00"
"692391",13,"0.65","2021-06-03 16:00:00"
"692445",13,"2.3","2021-06-03 16:15:00"
"692499",13,"2.375","2021-06-03 16:30:00"
"692553",13,"0","2021-06-03 16:45:00"
"693839",13,"1.4","2021-03-23 01:45:00"
"693988",13,"0","2021-03-23 02:00:00"
"693838",13,"1.925","2021-07-14 22:30:00"
"694024",13,"1.925","2021-07-14 22:45:00"
"694072",13,"2.975","2021-04-26 00:45:00"
"694207",13,"2.15","2021-04-26 01:00:00"
"694365",13,"2.225","2021-04-26 01:15:00"
"694167",13,"0","2021-03-23 02:15:00"
"694304",13,"2","2021-03-23 02:30:00"
"694432",13,"1.925","2021-03-23 02:45:00"
"695354",13,"0","2021-03-23 04:15:00"
"695481",13,"0","2021-03-23 04:30:00"
"695558",13,"0","2021-04-26 03:15:00"
"695660",13,"0","2021-04-26 03:30:00"
"695753",13,"0","2021-04-26 03:45:00"
"695603",13,"0","2021-03-23 04:45:00"
"695704",13,"0","2021-03-23 05:00:00"
"696821",13,"0","2021-03-23 05:15:00"
"697030",13,"2.15","2021-04-26 04:00:00"
"697174",13,"2.3","2021-04-26 04:15:00"
"697155",13,"0.9500000000000001","2021-07-15 01:00:00"
"697348",13,"2.3","2021-07-15 01:15:00"
"697509",13,"2.825","2021-07-15 01:30:00"
"697231",13,"0","2021-03-23 06:15:00"
"697380",13,"0","2021-03-23 06:30:00"
"697328",13,"0","2021-04-26 04:30:00"
"697492",13,"0","2021-04-26 04:45:00"
"697540",13,"0","2021-03-23 06:45:00"
"697679",13,"0","2021-03-23 07:00:00"
"697851",13,"0","2021-03-23 07:15:00"
"698831",13,"2.225","2021-04-26 06:45:00"
"698993",13,"2.15","2021-04-26 07:00:00"
"698854",13,"4.025","2021-03-23 08:45:00"
"699018",13,"4.25","2021-03-23 09:00:00"
"699222",13,"2.3","2021-07-15 04:15:00"
"699374",13,"2.3","2021-07-15 04:30:00"
"699152",13,"1.925","2021-04-26 07:15:00"
"699342",13,"0","2021-04-26 07:30:00"
"699483",13,"0","2021-04-26 07:45:00"
"700227",13,"1.7000000000000002","2021-06-04 00:30:00"
"700281",13,"2.375","2021-06-04 00:45:00"
"700335",13,"2.675","2021-06-04 01:00:00"
"700389",13,"2.75","2021-06-04 01:15:00"
"700443",13,"2.225","2021-06-04 01:30:00"
"700497",13,"1.4","2021-06-04 01:45:00"
"700551",13,"1.325","2021-06-04 02:00:00"
"700605",13,"1.475","2021-06-04 02:15:00"
"700659",13,"1.4","2021-06-04 02:30:00"
"700713",13,"0.9500000000000001","2021-06-04 02:45:00"
"700767",13,"2.75","2021-06-04 03:00:00"
"702084",13,"0","2021-07-15 06:45:00"
"702239",13,"0","2021-07-15 07:00:00"
"702116",13,"3.2","2021-03-23 12:30:00"
"702276",13,"4.025","2021-03-23 12:45:00"
"702204",13,"1.7000000000000002","2021-04-26 10:30:00"
"702366",13,"2.15","2021-04-26 10:45:00"
"702410",13,"2.225","2021-07-15 07:15:00"
"702575",13,"3.5","2021-07-15 07:30:00"
"702707",13,"3.5","2021-07-15 07:45:00"
"703562",13,"1.4","2021-07-15 09:15:00"
"703665",13,"2.825","2021-07-15 09:30:00"
"703743",13,"3.5","2021-07-15 09:45:00"
"703654",13,"4.25","2021-04-26 13:00:00"
"705251",13,"4.1","2021-04-26 13:15:00"
"705358",13,"5.675","2021-04-26 13:30:00"
"706207",13,"3.725","2021-07-15 10:00:00"
"706330",13,"3.5","2021-07-15 10:15:00"
"703929",13,"1.85","2021-06-04 03:45:00"
"703983",13,"2.15","2021-06-04 04:00:00"
"704037",13,"1.775","2021-06-04 04:15:00"
"705722",13,"3.425","2021-03-23 17:30:00"
"705839",13,"2.075","2021-03-23 17:45:00"
"705937",13,"1.925","2021-03-23 18:00:00"
"706055",13,"5.975","2021-04-26 15:00:00"
"706276",13,"5.375","2021-04-26 15:15:00"
"706011",13,"1.925","2021-03-23 18:15:00"
"706088",13,"2.375","2021-03-23 18:30:00"
"706145",13,"2.075","2021-03-23 18:45:00"
"707791",13,"0","2021-03-23 19:00:00"
"707845",13,"1.775","2021-03-23 19:15:00"
"706914",13,"5.375","2021-04-26 16:45:00"
"706997",13,"5.3","2021-04-26 17:00:00"
"707089",13,"4.625","2021-04-26 17:15:00"
"707023",13,"4.025","2021-07-15 11:45:00"
"707148",13,"4.7","2021-07-15 12:00:00"
"707283",13,"5.525","2021-07-15 12:15:00"
"707185",13,"3.95","2021-04-26 17:30:00"
"707260",13,"4.1","2021-04-26 17:45:00"
"708790",13,"3.725","2021-04-26 18:00:00"
"707337",13,"4.325","2021-07-15 12:30:00"
"707391",13,"4.925","2021-07-15 12:45:00"
"708061",13,"3.125","2021-03-23 20:15:00"
"708115",13,"1.4","2021-03-23 20:30:00"
"708170",13,"1.55","2021-03-23 20:45:00"
"708268",13,"2.3","2021-03-23 21:00:00"
"708371",13,"1.775","2021-03-23 21:15:00"
"708413",13,"2.3","2021-06-04 08:15:00"
"708525",13,"2.45","2021-06-04 08:30:00"
"708644",13,"3.275","2021-06-04 08:45:00"
"708489",13,"2.15","2021-03-23 21:30:00"
"708591",13,"1.775","2021-03-23 21:45:00"
"709199",13,"0","2021-03-23 22:45:00"
"709360",13,"0","2021-03-23 23:00:00"
"709310",13,"1.775","2021-04-26 18:45:00"
"709462",13,"1.85","2021-04-26 19:00:00"
"709605",13,"2.15","2021-04-26 19:15:00"
"709589",13,"3.875","2021-06-04 10:15:00"
"709770",13,"3.725","2021-06-04 10:30:00"
"709530",13,"0","2021-03-23 23:15:00"
"709688",13,"0","2021-03-23 23:30:00"
"711817",13,"0","2021-03-23 23:45:00"
"710300",13,"3.05","2021-04-26 20:45:00"
"710402",13,"3.275","2021-04-26 21:00:00"
"710417",13,"4.775","2021-06-04 12:00:00"
"710509",13,"5.3","2021-06-04 12:15:00"
"712604",13,"5.45","2021-06-04 12:30:00"
"710525",13,"3.575","2021-04-26 21:15:00"
"710587",13,"3.275","2021-04-26 21:30:00"
"710641",13,"0","2021-04-26 21:45:00"
"710695",13,"0","2021-04-26 22:00:00"
"710749",13,"0","2021-04-26 22:15:00"
"711979",13,"2.225","2021-03-24 00:30:00"
"712033",13,"0","2021-03-24 00:45:00"
"712087",13,"2.675","2021-03-24 01:00:00"
"712141",13,"2.375","2021-03-24 01:15:00"
"712195",13,"3.125","2021-03-24 01:30:00"
"712249",13,"2.075","2021-03-24 01:45:00"
"712303",13,"2","2021-03-24 02:00:00"
"712357",13,"0","2021-03-24 02:15:00"
"712411",13,"0","2021-03-24 02:30:00"
"712469",13,"0","2021-03-24 02:45:00"
"712603",13,"0","2021-03-24 03:00:00"
"713615",13,"2.675","2021-04-27 00:30:00"
"713697",13,"2.6","2021-04-27 00:45:00"
"713808",13,"2.375","2021-04-27 01:00:00"
"713921",13,"4.55","2021-06-04 14:45:00"
"714027",13,"4.025","2021-06-04 15:00:00"
"713922",13,"2.45","2021-04-27 01:15:00"
"714032",13,"2.3","2021-04-27 01:30:00"
"714131",13,"3.65","2021-06-04 15:15:00"
"714245",13,"4.7","2021-06-04 15:30:00"
"714327",13,"4.1","2021-06-04 15:45:00"
"715281",13,"3.5","2021-07-15 21:30:00"
"715335",13,"5.675","2021-07-15 21:45:00"
"715389",13,"3.575","2021-07-15 22:00:00"
"715443",13,"2.675","2021-07-15 22:15:00"
"715497",13,"2.6","2021-07-15 22:30:00"
"715551",13,"3.05","2021-07-15 22:45:00"
"715605",13,"3.2","2021-07-15 23:00:00"
"715659",13,"3.05","2021-07-15 23:15:00"
"715713",13,"2.975","2021-07-15 23:30:00"
"715767",13,"2.675","2021-07-15 23:45:00"
"716937",13,"2.45","2021-04-27 03:45:00"
"716991",13,"2.15","2021-04-27 04:00:00"
"717045",13,"0","2021-04-27 04:15:00"
"717110",13,"0","2021-04-27 04:30:00"
"717236",13,"0","2021-04-27 04:45:00"
"717199",13,"3.425","2021-06-04 17:15:00"
"717298",13,"2.675","2021-06-04 17:30:00"
"717352",13,"0","2021-04-27 05:00:00"
"717453",13,"0","2021-04-27 05:15:00"
"717559",13,"0","2021-04-27 05:30:00"
"718547",13,"2.75","2021-06-04 20:30:00"
"718601",13,"2","2021-06-04 20:45:00"
"718655",13,"1.25","2021-06-04 21:00:00"
"718709",13,"2","2021-06-04 21:15:00"
"718763",13,"1.925","2021-06-04 21:30:00"
"721817",13,"1.4","2021-06-04 21:45:00"
"721871",13,"1.925","2021-06-04 22:00:00"
"718821",13,"3.425","2021-07-16 00:00:00"
"718875",13,"3.125","2021-07-16 00:15:00"
"720085",13,"4.55","2021-03-24 10:15:00"
"720139",13,"4.85","2021-03-24 10:30:00"
"720193",13,"5.075","2021-03-24 10:45:00"
"720247",13,"5.45","2021-03-24 11:00:00"
"720301",13,"4.925","2021-03-24 11:15:00"
"720355",13,"4.25","2021-03-24 11:30:00"
"720409",13,"4.175","2021-03-24 11:45:00"
"720463",13,"4.325","2021-03-24 12:00:00"
"720517",13,"4.4","2021-03-24 12:15:00"
"720571",13,"2.75","2021-03-24 12:30:00"
"721719",13,"3.125","2021-04-27 12:00:00"
"721773",13,"4.4","2021-04-27 12:15:00"
"724827",13,"4.85","2021-04-27 12:30:00"
"721925",13,"1.55","2021-06-04 22:15:00"
"721979",13,"1.25","2021-06-04 22:30:00"
"722033",13,"1.55","2021-06-04 22:45:00"
"722087",13,"0","2021-06-04 23:00:00"
"722141",13,"0","2021-06-04 23:15:00"
"722195",13,"0","2021-06-04 23:30:00"
"722249",13,"0","2021-06-04 23:45:00"
"722303",13,"1.1","2021-06-05 00:00:00"
"723441",13,"3.425","2021-07-16 07:30:00"
"723495",13,"3.2","2021-07-16 07:45:00"
"723549",13,"2.675","2021-07-16 08:00:00"
"723603",13,"2.225","2021-07-16 08:15:00"
"723657",13,"2.6","2021-07-16 08:30:00"
"723711",13,"1.775","2021-07-16 08:45:00"
"723765",13,"0","2021-07-16 09:00:00"
"726951",13,"2.15","2021-07-16 09:15:00"
"723895",13,"3.575","2021-03-24 14:00:00"
"723949",13,"3.725","2021-03-24 14:15:00"
"724003",13,"4.475","2021-03-24 14:30:00"
"725691",13,"3.5","2021-04-27 16:30:00"
"725745",13,"5","2021-04-27 16:45:00"
"725845",13,"2.375","2021-01-01 00:00:00"
"725946",13,"1.775","2021-01-01 00:15:00"
"726048",13,"0","2021-01-01 00:30:00"
"725961",13,"1.025","2021-06-05 02:45:00"
"726074",13,"0","2021-06-05 03:00:00"
"726177",13,"0","2021-06-05 03:15:00"
"726162",13,"0","2021-01-01 00:45:00"
"726269",13,"0.5","2021-01-01 01:00:00"
"727072",13,"1.85","2021-07-16 09:30:00"
"727205",13,"1.4","2021-07-16 09:45:00"
"727334",13,"1.1","2021-07-16 10:00:00"
"727145",13,"1.325","2021-01-01 02:45:00"
"727353",13,"0","2021-01-01 03:00:00"
"727505",13,"1.925","2021-01-01 03:15:00"
"727168",13,"1.55","2021-06-05 05:15:00"
"727339",13,"0","2021-06-05 05:30:00"
"727521",13,"1.925","2021-06-05 05:45:00"
"732369",13,"2.525","2021-07-16 15:15:00"
"732593",13,"2.225","2021-07-16 15:30:00"
"732820",13,"1.925","2021-07-16 15:45:00"
"732447",13,"0","2021-04-27 22:45:00"
"732792",13,"3.35","2021-04-27 23:00:00"
"733187",13,"3.05","2021-04-27 23:15:00"
"732576",13,"0","2021-01-01 06:30:00"
"732790",13,"0","2021-01-01 06:45:00"
"733003",13,"1.7000000000000002","2021-01-01 07:00:00"
"732805",13,"0","2021-03-25 01:00:00"
"732988",13,"0","2021-03-25 01:15:00"
"734187",13,"2.75","2021-06-05 09:15:00"
"734538",13,"4.475","2021-06-05 09:30:00"
"734186",13,"2.225","2021-07-16 17:15:00"
"734395",13,"1.4","2021-07-16 17:30:00"
"734319",13,"0","2021-04-28 00:00:00"
"734685",13,"0","2021-04-28 00:15:00"
"734992",13,"0","2021-04-28 00:30:00"
"734352",13,"0","2021-03-25 02:45:00"
"734561",13,"0","2021-03-25 03:00:00"
"734764",13,"0","2021-03-25 03:15:00"
"735576",13,"5.9","2021-06-05 11:00:00"
"735677",13,"7.55","2021-06-05 11:15:00"
"737015",13,"6.275","2021-06-05 11:30:00"
"735711",13,"0","2021-04-28 02:00:00"
"739648",13,"0","2021-04-28 02:15:00"
"735919",13,"0","2021-03-25 04:00:00"
"735973",13,"0","2021-03-25 04:15:00"
"736031",13,"0","2021-03-25 04:30:00"
"736093",13,"1.85","2021-07-16 18:30:00"
"736200",13,"1.775","2021-07-16 18:45:00"
"736697",13,"0","2021-03-25 06:00:00"
"736807",13,"0","2021-03-25 06:15:00"
"736919",13,"0","2021-03-25 06:30:00"
"736934",13,"4.475","2021-07-16 20:30:00"
"737061",13,"4.775","2021-07-16 20:45:00"
"737050",13,"0","2021-03-25 06:45:00"
"737173",13,"0","2021-03-25 07:00:00"
"737191",13,"6.05","2021-06-05 11:45:00"
"737334",13,"6.05","2021-06-05 12:00:00"
"742567",13,"0","2021-07-16 23:00:00"
"742673",13,"0","2021-07-16 23:15:00"
"738476",13,"4.175","2021-01-01 09:45:00"
"738596",13,"3.2","2021-01-01 10:00:00"
"738707",13,"3.125","2021-01-01 10:15:00"
"738501",13,"4.7","2021-06-05 14:15:00"
"738599",13,"4.775","2021-06-05 14:30:00"
"738704",13,"4.775","2021-06-05 14:45:00"
"738809",13,"4.4","2021-06-05 15:00:00"
"738929",13,"4.7","2021-06-05 15:15:00"
"739321",13,"3.35","2021-01-01 11:45:00"
"739375",13,"4.175","2021-01-01 12:00:00"
"739429",13,"3.05","2021-01-01 12:15:00"
"739483",13,"2.3","2021-01-01 12:30:00"
"739537",13,"3.65","2021-01-01 12:45:00"
"739591",13,"3.875","2021-01-01 13:00:00"
"739675",13,"5.225","2021-01-01 13:15:00"
"739770",13,"4.25","2021-01-01 13:30:00"
"739881",13,"3.35","2021-01-01 13:45:00"
"741378",13,"2.9","2021-01-01 14:00:00"
"741083",13,"2.075","2021-06-05 17:30:00"
"741137",13,"2.75","2021-06-05 17:45:00"
"741191",13,"2.225","2021-06-05 18:00:00"
"741245",13,"2.075","2021-06-05 18:15:00"
"741299",13,"2.15","2021-06-05 18:30:00"
"741381",13,"2.075","2021-06-05 18:45:00"
"741497",13,"2.3","2021-06-05 19:00:00"
"741584",13,"2.675","2021-06-05 19:15:00"
"741478",13,"2.975","2021-01-01 14:15:00"
"741607",13,"3.575","2021-01-01 14:30:00"
"741748",13,"5.3","2021-01-01 14:45:00"
"742783",13,"0","2021-07-16 23:30:00"
"742880",13,"1.775","2021-07-16 23:45:00"
"742980",13,"2.825","2021-07-17 00:00:00"
"742792",13,"3.5","2021-01-01 18:00:00"
"742918",13,"2.375","2021-01-01 18:15:00"
"743021",13,"2.075","2021-01-01 18:30:00"
"743059",13,"3.65","2021-07-17 00:15:00"
"743113",13,"3.8","2021-07-17 00:30:00"
"743167",13,"2.6","2021-07-17 00:45:00"
"743221",13,"4.025","2021-07-17 01:00:00"
"743275",13,"5","2021-07-17 01:15:00"
"744639",13,"1.625","2021-01-01 18:45:00"
"744928",13,"3.125","2021-01-01 19:00:00"
"744729",13,"0","2021-07-17 03:30:00"
"747790",13,"0","2021-07-17 03:45:00"
"744580",13,"4.25","2021-04-28 10:15:00"
"744749",13,"3.875","2021-04-28 10:30:00"
"744874",13,"3.875","2021-04-28 10:45:00"
"744743",13,"0","2021-06-05 21:15:00"
"744916",13,"0","2021-06-05 21:30:00"
"745036",13,"1.7000000000000002","2021-06-05 21:45:00"
"746243",13,"0","2021-01-01 20:45:00"
"746319",13,"0","2021-01-01 21:00:00"
"746241",13,"1.7000000000000002","2021-06-06 01:15:00"
"746909",13,"0","2021-06-06 01:30:00"
"746373",13,"0","2021-01-01 21:15:00"
"746427",13,"0","2021-01-01 21:30:00"
"746481",13,"0","2021-01-01 21:45:00"
"746535",13,"0","2021-01-01 22:00:00"
"746589",13,"0","2021-01-01 22:15:00"
"747681",13,"2.225","2021-06-06 03:45:00"
"747788",13,"1.925","2021-06-06 04:00:00"
"747931",13,"3.2","2021-04-28 13:30:00"
"748113",13,"4.325","2021-04-28 13:45:00"
"747912",13,"1.55","2021-06-06 04:15:00"
"748032",13,"1.175","2021-06-06 04:30:00"
"748156",13,"2","2021-06-06 04:45:00"
"747995",13,"2.975","2021-07-17 04:00:00"
"748210",13,"3.05","2021-07-17 04:15:00"
"748474",13,"2.3","2021-07-17 04:30:00"
"749301",13,"4.1","2021-07-17 06:00:00"
"749380",13,"3.95","2021-07-17 06:15:00"
"749493",13,"3.65","2021-07-17 06:30:00"
"705089",13,"6.125","2021-03-23 15:45:00"
"705143",13,"4.55","2021-03-23 16:00:00"
"706410",13,"4.025","2021-07-15 10:30:00"
"706517",13,"4.175","2021-07-15 10:45:00"
"706629",13,"4.025","2021-07-15 11:00:00"
"706421",13,"5.375","2021-04-26 15:30:00"
"706527",13,"5.075","2021-04-26 15:45:00"
"706635",13,"5.975","2021-04-26 16:00:00"
"706741",13,"4.175","2021-07-15 11:15:00"
"706883",13,"4.025","2021-07-15 11:30:00"
"706738",13,"5.675","2021-04-26 16:15:00"
"706825",13,"5.45","2021-04-26 16:30:00"
"707445",13,"4.7","2021-07-15 13:00:00"
"707499",13,"3.65","2021-07-15 13:15:00"
"707553",13,"4.25","2021-07-15 13:30:00"
"707607",13,"4.1","2021-07-15 13:45:00"
"707661",13,"3.575","2021-07-15 14:00:00"
"707715",13,"5.15","2021-07-15 14:15:00"
"707769",13,"4.7","2021-07-15 14:30:00"
"710823",13,"3.95","2021-07-15 14:45:00"
"707899",13,"1.625","2021-03-23 19:30:00"
"707953",13,"0","2021-03-23 19:45:00"
"708007",13,"0","2021-03-23 20:00:00"
"708791",13,"3.575","2021-06-04 09:00:00"
"708959",13,"3.95","2021-06-04 09:15:00"
"708714",13,"3.2","2021-03-23 22:00:00"
"708877",13,"1.475","2021-03-23 22:15:00"
"709042",13,"0","2021-03-23 22:30:00"
"708963",13,"3.875","2021-04-26 18:15:00"
"709115",13,"2.75","2021-04-26 18:30:00"
"709132",13,"3.575","2021-06-04 09:30:00"
"709270",13,"3.35","2021-06-04 09:45:00"
"709429",13,"3.8","2021-06-04 10:00:00"
"709754",13,"1.925","2021-04-26 19:30:00"
"709855",13,"0","2021-04-26 19:45:00"
"709884",13,"3.725","2021-06-04 10:45:00"
"709973",13,"3.575","2021-06-04 11:00:00"
"710068",13,"3.725","2021-06-04 11:15:00"
"709982",13,"1.925","2021-04-26 20:00:00"
"710099",13,"2.15","2021-04-26 20:15:00"
"710203",13,"2.375","2021-04-26 20:30:00"
"710184",13,"4.175","2021-06-04 11:30:00"
"710303",13,"5.225","2021-06-04 11:45:00"
"710877",13,"5.975","2021-07-15 15:00:00"
"710931",13,"6.875","2021-07-15 15:15:00"
"710985",13,"6.275","2021-07-15 15:30:00"
"711039",13,"4.475","2021-07-15 15:45:00"
"711093",13,"5.9","2021-07-15 16:00:00"
"711147",13,"6.125","2021-07-15 16:15:00"
"711201",13,"6.8","2021-07-15 16:30:00"
"711255",13,"5.825","2021-07-15 16:45:00"
"711309",13,"6.65","2021-07-15 17:00:00"
"711363",13,"5.45","2021-07-15 17:15:00"
"713055",13,"0","2021-03-24 03:45:00"
"713188",13,"0","2021-03-24 04:00:00"
"715789",13,"0","2021-03-24 04:15:00"
"713180",13,"4.925","2021-06-04 13:15:00"
"713332",13,"6.275","2021-06-04 13:30:00"
"713447",13,"4.625","2021-06-04 13:45:00"
"713425",13,"2.9","2021-04-27 00:00:00"
"713515",13,"2.6","2021-04-27 00:15:00"
"713576",13,"5.525","2021-06-04 14:00:00"
"713716",13,"3.875","2021-06-04 14:15:00"
"713819",13,"4.475","2021-06-04 14:30:00"
"714694",13,"2.375","2021-04-27 03:00:00"
"716776",13,"2.525","2021-04-27 03:15:00"
"716883",13,"2.375","2021-04-27 03:30:00"
"714849",13,"3.875","2021-07-15 19:30:00"
"714903",13,"3.95","2021-07-15 19:45:00"
"714957",13,"2.6","2021-07-15 20:00:00"
"715011",13,"2.45","2021-07-15 20:15:00"
"715065",13,"2.3","2021-07-15 20:30:00"
"715119",13,"2.825","2021-07-15 20:45:00"
"715173",13,"3.95","2021-07-15 21:00:00"
"715227",13,"3.875","2021-07-15 21:15:00"
"715843",13,"0","2021-03-24 04:30:00"
"715897",13,"0","2021-03-24 04:45:00"
"715951",13,"0","2021-03-24 05:00:00"
"716005",13,"0","2021-03-24 05:15:00"
"716059",13,"0","2021-03-24 05:30:00"
"716113",13,"0","2021-03-24 05:45:00"
"716167",13,"0","2021-03-24 06:00:00"
"716221",13,"0","2021-03-24 06:15:00"
"716275",13,"0","2021-03-24 06:30:00"
"716329",13,"0","2021-03-24 06:45:00"
"717946",13,"2.075","2021-06-04 19:00:00"
"718069",13,"3.05","2021-06-04 19:15:00"
"718174",13,"2.825","2021-06-04 19:30:00"
"718205",13,"0","2021-04-27 07:00:00"
"718321",13,"0","2021-04-27 07:15:00"
"718276",13,"2.9","2021-06-04 19:45:00"
"718381",13,"2.675","2021-06-04 20:00:00"
"718482",13,"2.675","2021-06-04 20:15:00"
"718436",13,"0","2021-04-27 07:30:00"
"720801",13,"0","2021-04-27 07:45:00"
"720855",13,"0","2021-04-27 08:00:00"
"719523",13,"4.475","2021-07-16 03:15:00"
"719577",13,"4.175","2021-07-16 03:30:00"
"719631",13,"2.45","2021-07-16 03:45:00"
"719685",13,"2.225","2021-07-16 04:00:00"
"719739",13,"2.6","2021-07-16 04:15:00"
"722793",13,"2.45","2021-07-16 04:30:00"
"722847",13,"2.525","2021-07-16 04:45:00"
"719923",13,"4.25","2021-03-24 09:30:00"
"719977",13,"4.85","2021-03-24 09:45:00"
"720031",13,"4.7","2021-03-24 10:00:00"
"721179",13,"2.075","2021-04-27 09:30:00"
"721233",13,"1.475","2021-04-27 09:45:00"
"721287",13,"2.9","2021-04-27 10:00:00"
"721341",13,"2.075","2021-04-27 10:15:00"
"721395",13,"4.4","2021-04-27 10:30:00"
"721449",13,"4.025","2021-04-27 10:45:00"
"721503",13,"3.95","2021-04-27 11:00:00"
"721557",13,"2.75","2021-04-27 11:15:00"
"721611",13,"4.025","2021-04-27 11:30:00"
"721665",13,"2.975","2021-04-27 11:45:00"
"722901",13,"1.925","2021-07-16 05:00:00"
"722955",13,"1.4","2021-07-16 05:15:00"
"723009",13,"2.45","2021-07-16 05:30:00"
"723063",13,"3.125","2021-07-16 05:45:00"
"723117",13,"2.6","2021-07-16 06:00:00"
"723171",13,"3.35","2021-07-16 06:15:00"
"723225",13,"2.6","2021-07-16 06:30:00"
"723279",13,"1.775","2021-07-16 06:45:00"
"723333",13,"1.325","2021-07-16 07:00:00"
"723387",13,"3.125","2021-07-16 07:15:00"
"724597",13,"2.525","2021-03-24 17:15:00"
"724651",13,"4.475","2021-03-24 17:30:00"
"724705",13,"3.125","2021-03-24 17:45:00"
"724759",13,"2.525","2021-03-24 18:00:00"
"728366",13,"1.775","2021-03-24 18:15:00"
"724881",13,"3.65","2021-04-27 12:45:00"
"724935",13,"3.575","2021-04-27 13:00:00"
"724989",13,"3.875","2021-04-27 13:15:00"
"725043",13,"3.5","2021-04-27 13:30:00"
"725097",13,"5","2021-04-27 13:45:00"
"726285",13,"0","2021-06-05 03:30:00"
"726378",13,"0","2021-06-05 03:45:00"
"726494",13,"0","2021-01-01 01:30:00"
"726602",13,"0","2021-01-01 01:45:00"
"726493",13,"0","2021-06-05 04:00:00"
"726601",13,"0","2021-06-05 04:15:00"
"726711",13,"1.925","2021-06-05 04:30:00"
"726708",13,"0","2021-01-01 02:00:00"
"726811",13,"0","2021-01-01 02:15:00"
"726981",13,"0","2021-01-01 02:30:00"
"727972",13,"1.325","2021-06-05 06:30:00"
"728115",13,"1.475","2021-06-05 06:45:00"
"730968",13,"0","2021-06-05 07:00:00"
"728113",13,"1.85","2021-01-01 04:00:00"
"728237",13,"1.625","2021-01-01 04:15:00"
"728385",13,"1.85","2021-01-01 04:30:00"
"728213",13,"1.775","2021-07-16 11:30:00"
"728346",13,"0.9500000000000001","2021-07-16 11:45:00"
"730923",13,"0","2021-01-01 04:45:00"
"731199",13,"0","2021-01-01 05:00:00"
"729039",13,"7.625","2021-03-24 19:45:00"
"729155",13,"5.975","2021-03-24 20:00:00"
"729245",13,"6.95","2021-03-24 20:15:00"
"729040",13,"1.25","2021-07-16 13:15:00"
"729140",13,"1.1","2021-07-16 13:30:00"
"730820",13,"0","2021-07-16 13:45:00"
"729299",13,"6.8","2021-03-24 20:30:00"
"729353",13,"8.3","2021-03-24 20:45:00"
"729407",13,"6.8","2021-03-24 21:00:00"
"729461",13,"5.825","2021-03-24 21:15:00"
"729515",13,"5.375","2021-03-24 21:30:00"
"730069",13,"1.625","2021-04-27 18:15:00"
"730123",13,"0","2021-04-27 18:30:00"
"730177",13,"2.675","2021-04-27 18:45:00"
"730231",13,"3.425","2021-04-27 19:00:00"
"730285",13,"1.7000000000000002","2021-04-27 19:15:00"
"730339",13,"0","2021-04-27 19:30:00"
"730393",13,"1.55","2021-04-27 19:45:00"
"730447",13,"1.4","2021-04-27 20:00:00"
"730501",13,"0","2021-04-27 20:15:00"
"730555",13,"0","2021-04-27 20:30:00"
"731384",13,"0","2021-06-05 07:15:00"
"731715",13,"1.175","2021-06-05 07:30:00"
"732042",13,"1.325","2021-06-05 07:45:00"
"731429",13,"0","2021-01-01 05:15:00"
"731607",13,"0","2021-01-01 05:30:00"
"731840",13,"0","2021-01-01 05:45:00"
"731448",13,"4.925","2021-03-24 23:30:00"
"731656",13,"2","2021-03-24 23:45:00"
"731849",13,"0","2021-03-25 00:00:00"
"731766",13,"0","2021-04-27 22:15:00"
"732066",13,"0","2021-04-27 22:30:00"
"733099",13,"2.075","2021-07-16 16:00:00"
"733310",13,"2.75","2021-07-16 16:15:00"
"733096",13,"1.325","2021-06-05 08:30:00"
"733442",13,"1.325","2021-06-05 08:45:00"
"733812",13,"2.525","2021-06-05 09:00:00"
"733258",13,"2.15","2021-01-01 07:15:00"
"733510",13,"2.975","2021-01-01 07:30:00"
"733213",13,"3.05","2021-03-25 01:30:00"
"733415",13,"2.75","2021-03-25 01:45:00"
"733629",13,"1.85","2021-03-25 02:00:00"
"734457",13,"1.775","2021-01-01 08:30:00"
"734708",13,"3.2","2021-01-01 08:45:00"
"734938",13,"2.3","2021-01-01 09:00:00"
"734657",13,"1.4","2021-07-16 17:45:00"
"734863",13,"1.175","2021-07-16 18:00:00"
"735039",13,"0","2021-07-16 18:15:00"
"734901",13,"4.625","2021-06-05 09:45:00"
"735126",13,"4.1","2021-06-05 10:00:00"
"735244",13,"4.25","2021-06-05 10:15:00"
"735811",13,"0","2021-03-25 03:30:00"
"735865",13,"0","2021-03-25 03:45:00"
"736143",13,"0","2021-03-25 04:45:00"
"736252",13,"0","2021-03-25 05:00:00"
"736311",13,"1.7000000000000002","2021-07-16 19:00:00"
"736398",13,"2.15","2021-07-16 19:15:00"
"736495",13,"2.15","2021-07-16 19:30:00"
"736369",13,"2.525","2021-03-25 05:15:00"
"736496",13,"2.375","2021-03-25 05:30:00"
"736584",13,"1.625","2021-03-25 05:45:00"
"736624",13,"2.375","2021-07-16 19:45:00"
"736726",13,"3.35","2021-07-16 20:00:00"
"736831",13,"3.275","2021-07-16 20:15:00"
"737943",13,"5.75","2021-06-05 13:00:00"
"738053",13,"5.6","2021-06-05 13:15:00"
"738173",13,"5.6","2021-06-05 13:30:00"
"737971",13,"0","2021-07-16 22:15:00"
"738077",13,"0","2021-07-16 22:30:00"
"738174",13,"0","2021-07-16 22:45:00"
"738279",13,"5.3","2021-06-05 13:45:00"
"738399",13,"4.7","2021-06-05 14:00:00"
"738818",13,"2.6","2021-01-01 10:30:00"
"738914",13,"3.125","2021-01-01 10:45:00"
"739023",13,"2.675","2021-01-01 11:00:00"
"739136",13,"2.825","2021-01-01 11:15:00"
"739246",13,"3.35","2021-01-01 11:30:00"
"739036",13,"4.25","2021-06-05 15:30:00"
"739139",13,"3.8","2021-06-05 15:45:00"
"739245",13,"3.35","2021-06-05 16:00:00"
"740813",13,"3.35","2021-06-05 16:15:00"
"740867",13,"3.425","2021-06-05 16:30:00"
"740445",13,"0","2021-04-28 05:15:00"
"740499",13,"0","2021-04-28 05:30:00"
"740553",13,"0","2021-04-28 05:45:00"
"740607",13,"0","2021-04-28 06:00:00"
"740661",13,"0","2021-04-28 06:15:00"
"740715",13,"0","2021-04-28 06:30:00"
"740769",13,"0","2021-04-28 06:45:00"
"740921",13,"2.975","2021-06-05 16:45:00"
"740975",13,"2.75","2021-06-05 17:00:00"
"741029",13,"0","2021-06-05 17:15:00"
"742131",13,"5.075","2021-01-01 15:30:00"
"742185",13,"5.825","2021-01-01 15:45:00"
"742239",13,"4.775","2021-01-01 16:00:00"
"742293",13,"5.075","2021-01-01 16:15:00"
"742347",13,"4.925","2021-01-01 16:30:00"
"742401",13,"4.85","2021-01-01 16:45:00"
"742455",13,"4.475","2021-01-01 17:00:00"
"742509",13,"4.625","2021-01-01 17:15:00"
"742577",13,"4.325","2021-01-01 17:30:00"
"742686",13,"3.725","2021-01-01 17:45:00"
"743838",13,"0","2021-04-28 08:15:00"
"743919",13,"0","2021-04-28 08:30:00"
"743999",13,"0","2021-04-28 08:45:00"
"744061",13,"0","2021-07-17 02:45:00"
"744234",13,"0","2021-07-17 03:00:00"
"744444",13,"0","2021-07-17 03:15:00"
"744079",13,"1.925","2021-04-28 09:00:00"
"744158",13,"1.925","2021-04-28 09:15:00"
"744236",13,"2.975","2021-04-28 09:30:00"
"744308",13,"3.575","2021-04-28 09:45:00"
"744383",13,"4.325","2021-04-28 10:00:00"
"745618",13,"1.4","2021-06-05 23:15:00"
"745690",13,"1.775","2021-06-05 23:30:00"
"745727",13,"3.575","2021-01-01 20:00:00"
"745904",13,"2.225","2021-01-01 20:15:00"
"746072",13,"1.85","2021-01-01 20:30:00"
"745772",13,"2.9","2021-06-05 23:45:00"
"745846",13,"3.2","2021-06-06 00:00:00"
"745923",13,"2.15","2021-06-06 00:15:00"
"746004",13,"1.775","2021-06-06 00:30:00"
"746083",13,"1.325","2021-06-06 00:45:00"
"746156",13,"1.775","2021-06-06 01:00:00"
"747140",13,"3.575","2021-04-28 12:15:00"
"747282",13,"3.275","2021-04-28 12:30:00"
"747244",13,"2.75","2021-06-06 02:30:00"
"747327",13,"2.375","2021-06-06 02:45:00"
"747411",13,"2.15","2021-06-06 03:00:00"
"747494",13,"1.25","2021-06-06 03:15:00"
"747574",13,"2.3","2021-06-06 03:30:00"
"747433",13,"4.475","2021-04-28 12:45:00"
"747595",13,"2.15","2021-04-28 13:00:00"
"747738",13,"3.575","2021-04-28 13:15:00"
"748700",13,"3.95","2021-04-28 14:45:00"
"748825",13,"3.425","2021-04-28 15:00:00"
"748910",13,"3.725","2021-04-28 15:15:00"
"749593",13,"3.5","2021-07-17 06:45:00"
"749690",13,"4.55","2021-07-17 07:00:00"
"749598",13,"7.25","2021-01-01 23:45:00"
"749716",13,"5.6","2021-01-02 00:00:00"
"749819",13,"2.9","2021-01-02 00:15:00"
"749805",13,"5.45","2021-07-17 07:15:00"
"749908",13,"3.65","2021-07-17 07:30:00"
"750018",13,"1.775","2021-07-17 07:45:00"
"754917",13,"2.9","2021-06-06 11:15:00"
"754971",13,"3.95","2021-06-06 11:30:00"
"755025",13,"3.05","2021-06-06 11:45:00"
"755079",13,"3.95","2021-06-06 12:00:00"
"755133",13,"3.8","2021-06-06 12:15:00"
"755187",13,"3.65","2021-06-06 12:30:00"
"755241",13,"3.2","2021-06-06 12:45:00"
"755295",13,"3.5","2021-06-06 13:00:00"
"755349",13,"3.875","2021-06-06 13:15:00"
"755403",13,"4.025","2021-06-06 13:30:00"
"755457",13,"3.125","2021-06-06 13:45:00"
"758781",13,"2.9","2021-06-06 15:15:00"
"758835",13,"3.875","2021-06-06 15:30:00"
"756171",13,"0","2021-04-28 22:30:00"
"756231",13,"0","2021-04-28 22:45:00"
"756271",13,"2.45","2021-07-17 13:00:00"
"756354",13,"2.6","2021-07-17 13:15:00"
"756428",13,"2.525","2021-07-17 13:30:00"
"756397",13,"0","2021-04-28 23:00:00"
"756598",13,"1.85","2021-04-28 23:15:00"
"756757",13,"1.85","2021-04-28 23:30:00"
"757522",13,"3.05","2021-07-17 16:30:00"
"757623",13,"2.9","2021-07-17 16:45:00"
"757677",13,"3.575","2021-07-17 17:00:00"
"757731",13,"3.2","2021-07-17 17:15:00"
"760211",13,"2.9","2021-07-17 17:30:00"
"760318",13,"1.925","2021-07-17 17:45:00"
"757857",13,"3.65","2021-01-02 08:45:00"
"757911",13,"4.025","2021-01-02 09:00:00"
"757965",13,"3.95","2021-01-02 09:15:00"
"758019",13,"4.7","2021-01-02 09:30:00"
"758073",13,"4.4","2021-01-02 09:45:00"
"759321",13,"3.725","2021-06-06 17:45:00"
"759375",13,"3.95","2021-06-06 18:00:00"
"759429",13,"3.65","2021-06-06 18:15:00"
"759483",13,"2.825","2021-06-06 18:30:00"
"759537",13,"2.825","2021-06-06 18:45:00"
"759591",13,"3.2","2021-06-06 19:00:00"
"759645",13,"5","2021-06-06 19:15:00"
"759699",13,"4.4","2021-06-06 19:30:00"
"759753",13,"4.625","2021-06-06 19:45:00"
"762876",13,"4.85","2021-06-06 20:00:00"
"761059",13,"0","2021-04-29 05:15:00"
"761151",13,"0","2021-04-29 05:30:00"
"761239",13,"0","2021-04-29 05:45:00"
"761072",13,"2.3","2021-07-17 19:30:00"
"761210",13,"3.05","2021-07-17 19:45:00"
"761325",13,"3.8","2021-07-17 20:00:00"
"762791",13,"0","2021-04-29 06:00:00"
"762863",13,"0","2021-04-29 06:15:00"
"761379",13,"2.675","2021-07-17 20:15:00"
"761433",13,"3.8","2021-07-17 20:30:00"
"762531",13,"2.75","2021-01-02 16:30:00"
"762585",13,"3.575","2021-01-02 16:45:00"
"762639",13,"5.6","2021-01-02 17:00:00"
"762693",13,"5.6","2021-01-02 17:15:00"
"762747",13,"3.65","2021-01-02 17:30:00"
"764367",13,"3.575","2021-01-02 17:45:00"
"764598",13,"3.95","2021-01-02 18:00:00"
"762948",13,"5.075","2021-06-06 20:15:00"
"763024",13,"4.325","2021-06-06 20:30:00"
"763101",13,"5.075","2021-06-06 20:45:00"
"763601",13,"6.95","2021-06-06 22:15:00"
"763710",13,"7.1","2021-06-06 22:30:00"
"763771",13,"1.25","2021-04-29 07:45:00"
"763877",13,"0","2021-04-29 08:00:00"
"763992",13,"0","2021-04-29 08:15:00"
"763811",13,"6.8","2021-06-06 22:45:00"
"763911",13,"7.475","2021-06-06 23:00:00"
"764020",13,"7.25","2021-06-06 23:15:00"
"764100",13,"0","2021-04-29 08:30:00"
"764197",13,"4.625","2021-04-29 08:45:00"
"764323",13,"4.4","2021-04-29 09:00:00"
"765341",13,"3.2","2021-01-02 20:15:00"
"765395",13,"3.35","2021-01-02 20:30:00"
"765449",13,"3.05","2021-01-02 20:45:00"
"765503",13,"3.425","2021-01-02 21:00:00"
"765557",13,"3.35","2021-01-02 21:15:00"
"765611",13,"3.725","2021-01-02 21:30:00"
"765665",13,"3.65","2021-01-02 21:45:00"
"765719",13,"3.65","2021-01-02 22:00:00"
"765773",13,"4.85","2021-01-02 22:15:00"
"767003",13,"6.35","2021-01-02 22:30:00"
"766928",13,"8","2021-04-29 11:00:00"
"767073",13,"7.475","2021-04-29 11:15:00"
"767208",13,"8.15","2021-04-29 11:30:00"
"767128",13,"6.2","2021-01-02 22:45:00"
"767266",13,"5.3","2021-01-02 23:00:00"
"767396",13,"4.475","2021-01-02 23:15:00"
"767353",13,"6.725","2021-04-29 11:45:00"
"767479",13,"7.625","2021-04-29 12:00:00"
"767540",13,"3.2","2021-01-02 23:30:00"
"767658",13,"3.05","2021-01-02 23:45:00"
"768737",13,"6.65","2021-04-29 14:15:00"
"768865",13,"6.5","2021-04-29 14:30:00"
"768999",13,"4.1","2021-04-29 14:45:00"
"768886",13,"4.925","2021-01-03 02:00:00"
"769020",13,"5.6","2021-01-03 02:15:00"
"769179",13,"6.5","2021-01-03 02:30:00"
"769068",13,"1.55","2021-06-07 02:45:00"
"769316",13,"0","2021-06-07 03:00:00"
"769160",13,"4.925","2021-04-29 15:00:00"
"770790",13,"6.2","2021-04-29 15:15:00"
"769806",13,"2.3","2021-06-07 04:00:00"
"769904",13,"3.95","2021-06-07 04:15:00"
"770027",13,"2.525","2021-07-18 04:30:00"
"770125",13,"2.675","2021-07-18 04:45:00"
"770233",13,"2.9","2021-07-18 05:00:00"
"770020",13,"2.9","2021-06-07 04:30:00"
"770138",13,"4.1","2021-06-07 04:45:00"
"770242",13,"3.125","2021-06-07 05:00:00"
"770323",13,"2.9","2021-07-18 05:15:00"
"770377",13,"2.9","2021-07-18 05:30:00"
"771410",13,"5.975","2021-04-29 16:45:00"
"771511",13,"6.05","2021-04-29 17:00:00"
"771618",13,"6.5","2021-04-29 17:15:00"
"771507",13,"6.05","2021-01-03 04:30:00"
"771617",13,"5.15","2021-01-03 04:45:00"
"771715",13,"4.475","2021-01-03 05:00:00"
"771736",13,"5.225","2021-04-29 17:30:00"
"771852",13,"5.6","2021-04-29 17:45:00"
"771815",13,"5.525","2021-01-03 05:15:00"
"726393",13,"0","2021-01-01 01:15:00"
"727487",13,"0","2021-07-16 10:15:00"
"727627",13,"1.4","2021-07-16 10:30:00"
"727697",13,"1.625","2021-01-01 03:30:00"
"727910",13,"1.775","2021-01-01 03:45:00"
"727675",13,"1.7000000000000002","2021-06-05 06:00:00"
"727804",13,"0.88","2021-06-05 06:15:00"
"727785",13,"0.58","2021-07-16 10:45:00"
"727929",13,"2.675","2021-07-16 11:00:00"
"728071",13,"1.4","2021-07-16 11:15:00"
"728505",13,"0","2021-03-24 18:30:00"
"728607",13,"0","2021-03-24 18:45:00"
"728716",13,"4.55","2021-03-24 19:00:00"
"728492",13,"2","2021-07-16 12:00:00"
"728608",13,"1.925","2021-07-16 12:15:00"
"728715",13,"0","2021-07-16 12:30:00"
"728824",13,"10.55","2021-03-24 19:15:00"
"728929",13,"7.175","2021-03-24 19:30:00"
"728823",13,"1.7000000000000002","2021-07-16 12:45:00"
"728934",13,"2","2021-07-16 13:00:00"
"729569",13,"5.825","2021-03-24 21:45:00"
"729623",13,"2.825","2021-03-24 22:00:00"
"729677",13,"3.5","2021-03-24 22:15:00"
"729731",13,"3.275","2021-03-24 22:30:00"
"730809",13,"2.75","2021-03-24 22:45:00"
"729799",13,"3.65","2021-04-27 17:00:00"
"729853",13,"3.5","2021-04-27 17:15:00"
"729907",13,"2.825","2021-04-27 17:30:00"
"729961",13,"3.575","2021-04-27 17:45:00"
"730015",13,"2.6","2021-04-27 18:00:00"
"730609",13,"0","2021-04-27 20:45:00"
"730663",13,"2.75","2021-04-27 21:00:00"
"730717",13,"2.75","2021-04-27 21:15:00"
"730771",13,"2.15","2021-04-27 21:30:00"
"731040",13,"0","2021-04-27 21:45:00"
"731419",13,"0","2021-04-27 22:00:00"
"731041",13,"2.9","2021-03-24 23:00:00"
"731220",13,"4.475","2021-03-24 23:15:00"
"731056",13,"0","2021-07-16 14:00:00"
"731276",13,"0.88","2021-07-16 14:15:00"
"731514",13,"1.625","2021-07-16 14:30:00"
"731881",13,"1.475","2021-07-16 14:45:00"
"732106",13,"2.225","2021-07-16 15:00:00"
"732093",13,"0","2021-01-01 06:00:00"
"732325",13,"0","2021-01-01 06:15:00"
"732130",13,"0","2021-03-25 00:15:00"
"732314",13,"0","2021-03-25 00:30:00"
"732543",13,"0","2021-03-25 00:45:00"
"732378",13,"1.1","2021-06-05 08:00:00"
"732721",13,"1.4","2021-06-05 08:15:00"
"733616",13,"3.125","2021-04-27 23:30:00"
"733956",13,"3.5","2021-04-27 23:45:00"
"733533",13,"2.975","2021-07-16 16:30:00"
"733723",13,"4.175","2021-07-16 16:45:00"
"733924",13,"4.55","2021-07-16 17:00:00"
"733904",13,"1.85","2021-03-25 02:15:00"
"734125",13,"0","2021-03-25 02:30:00"
"733754",13,"2.225","2021-01-01 07:45:00"
"733986",13,"2.45","2021-01-01 08:00:00"
"734224",13,"2.375","2021-01-01 08:15:00"
"738260",13,"2.375","2021-01-01 09:15:00"
"738362",13,"2.3","2021-01-01 09:30:00"
"735176",13,"0","2021-04-28 00:45:00"
"735277",13,"0","2021-04-28 01:00:00"
"735364",13,"5","2021-06-05 10:30:00"
"735462",13,"5.3","2021-06-05 10:45:00"
"735383",13,"0","2021-04-28 01:15:00"
"735498",13,"0","2021-04-28 01:30:00"
"735599",13,"0","2021-04-28 01:45:00"
"737260",13,"5.825","2021-07-16 21:00:00"
"737437",13,"6.275","2021-07-16 21:15:00"
"737587",13,"4.625","2021-07-16 21:30:00"
"737326",13,"0","2021-03-25 07:15:00"
"737487",13,"0","2021-03-25 07:30:00"
"737667",13,"0","2021-03-25 07:45:00"
"737507",13,"6.875","2021-06-05 12:15:00"
"737651",13,"5.675","2021-06-05 12:30:00"
"737833",13,"5.375","2021-06-05 12:45:00"
"737735",13,"4.775","2021-07-16 21:45:00"
"737866",13,"2.6","2021-07-16 22:00:00"
"739769",13,"0","2021-04-28 02:30:00"
"739874",13,"0","2021-04-28 02:45:00"
"739959",13,"3.125","2021-04-28 03:00:00"
"740013",13,"3.05","2021-04-28 03:15:00"
"740067",13,"0","2021-04-28 03:30:00"
"740121",13,"1.925","2021-04-28 03:45:00"
"740175",13,"0","2021-04-28 04:00:00"
"740229",13,"0","2021-04-28 04:15:00"
"740283",13,"0","2021-04-28 04:30:00"
"740337",13,"0","2021-04-28 04:45:00"
"740391",13,"0","2021-04-28 05:00:00"
"741678",13,"2.75","2021-06-05 19:30:00"
"741762",13,"1.925","2021-06-05 19:45:00"
"741913",13,"5.3","2021-01-01 15:00:00"
"742068",13,"5.45","2021-01-01 15:15:00"
"741830",13,"1.925","2021-06-05 20:00:00"
"741923",13,"2.525","2021-06-05 20:15:00"
"742004",13,"1.25","2021-06-05 20:30:00"
"744410",13,"0","2021-06-05 20:45:00"
"744560",13,"0","2021-06-05 21:00:00"
"743329",13,"4.25","2021-07-17 01:30:00"
"743398",13,"3.125","2021-07-17 01:45:00"
"743564",13,"2.525","2021-07-17 02:00:00"
"743443",13,"0","2021-04-28 07:00:00"
"743513",13,"0","2021-04-28 07:15:00"
"743594",13,"0","2021-04-28 07:30:00"
"743738",13,"0","2021-07-17 02:15:00"
"743895",13,"0","2021-07-17 02:30:00"
"743675",13,"1.025","2021-04-28 07:45:00"
"743755",13,"1.85","2021-04-28 08:00:00"
"745039",13,"3.725","2021-04-28 11:00:00"
"745198",13,"5.15","2021-04-28 11:15:00"
"745158",13,"2.45","2021-06-05 22:00:00"
"745289",13,"1.925","2021-06-05 22:15:00"
"745166",13,"2.675","2021-01-01 19:15:00"
"745379",13,"2.3","2021-01-01 19:30:00"
"745541",13,"4.025","2021-01-01 19:45:00"
"745377",13,"1.4","2021-06-05 22:30:00"
"745461",13,"2.525","2021-06-05 22:45:00"
"745539",13,"2.525","2021-06-05 23:00:00"
"746643",13,"2.975","2021-01-01 22:30:00"
"746697",13,"5.6","2021-01-01 22:45:00"
"746751",13,"4.925","2021-01-01 23:00:00"
"749379",13,"5.9","2021-01-01 23:15:00"
"749485",13,"7.025","2021-01-01 23:30:00"
"746795",13,"5.15","2021-04-28 11:30:00"
"746849",13,"3.875","2021-04-28 11:45:00"
"746977",13,"5.15","2021-04-28 12:00:00"
"746993",13,"1.775","2021-06-06 01:45:00"
"747072",13,"2.3","2021-06-06 02:00:00"
"747156",13,"2.75","2021-06-06 02:15:00"
"748296",13,"2.15","2021-06-06 05:00:00"
"748408",13,"2.6","2021-06-06 05:15:00"
"748249",13,"4.25","2021-04-28 14:00:00"
"748413",13,"4.25","2021-04-28 14:15:00"
"748556",13,"4.025","2021-04-28 14:30:00"
"748546",13,"2.45","2021-06-06 05:30:00"
"748671",13,"1.775","2021-06-06 05:45:00"
"750783",13,"1.775","2021-06-06 06:00:00"
"748751",13,"4.175","2021-07-17 04:45:00"
"748909",13,"2.6","2021-07-17 05:00:00"
"749931",13,"3.125","2021-01-02 00:30:00"
"750034",13,"3.5","2021-01-02 00:45:00"
"750127",13,"0","2021-07-17 08:00:00"
"752787",13,"0","2021-07-17 08:15:00"
"750148",13,"4.25","2021-01-02 01:00:00"
"750237",13,"5.75","2021-01-02 01:15:00"
"750291",13,"5.45","2021-01-02 01:30:00"
"750345",13,"6.5","2021-01-02 01:45:00"
"750399",13,"5.45","2021-01-02 02:00:00"
"750453",13,"5.375","2021-01-02 02:15:00"
"750999",13,"0","2021-06-06 07:00:00"
"751053",13,"2.45","2021-06-06 07:15:00"
"751112",13,"2.3","2021-06-06 07:30:00"
"751187",13,"1.55","2021-06-06 07:45:00"
"751273",13,"2","2021-06-06 08:00:00"
"751363",13,"1.775","2021-06-06 08:15:00"
"751436",13,"1.775","2021-06-06 08:30:00"
"751504",13,"3.425","2021-04-28 16:45:00"
"751605",13,"2.75","2021-04-28 17:00:00"
"752082",13,"1.475","2021-06-06 10:00:00"
"752171",13,"1.025","2021-06-06 10:15:00"
"752225",13,"2.75","2021-06-06 10:30:00"
"754809",13,"2.675","2021-06-06 10:45:00"
"754863",13,"2.075","2021-06-06 11:00:00"
"752307",13,"0","2021-04-28 18:30:00"
"752361",13,"2.075","2021-04-28 18:45:00"
"752415",13,"3.275","2021-04-28 19:00:00"
"752469",13,"0","2021-04-28 19:15:00"
"752523",13,"0","2021-04-28 19:30:00"
"753111",13,"2.075","2021-07-17 09:45:00"
"753165",13,"0.58","2021-07-17 10:00:00"
"753219",13,"0","2021-07-17 10:15:00"
"753273",13,"0","2021-07-17 10:30:00"
"753327",13,"0","2021-07-17 10:45:00"
"753381",13,"0","2021-07-17 11:00:00"
"753435",13,"1.325","2021-07-17 11:15:00"
"753489",13,"1.925","2021-07-17 11:30:00"
"753543",13,"2.225","2021-07-17 11:45:00"
"753597",13,"2.45","2021-07-17 12:00:00"
"754317",13,"3.95","2021-01-02 06:15:00"
"754371",13,"2.75","2021-01-02 06:30:00"
"754425",13,"2.825","2021-01-02 06:45:00"
"754479",13,"2.525","2021-01-02 07:00:00"
"754533",13,"2.525","2021-01-02 07:15:00"
"754587",13,"2.975","2021-01-02 07:30:00"
"754641",13,"3.05","2021-01-02 07:45:00"
"754695",13,"3.5","2021-01-02 08:00:00"
"754749",13,"4.7","2021-01-02 08:15:00"
"757803",13,"4.325","2021-01-02 08:30:00"
"756497",13,"2.525","2021-07-17 13:45:00"
"756573",13,"1.925","2021-07-17 14:00:00"
"756657",13,"1.925","2021-07-17 14:15:00"
"756738",13,"2.375","2021-07-17 14:30:00"
"756816",13,"1.85","2021-07-17 14:45:00"
"756918",13,"2.225","2021-04-28 23:45:00"
"757032",13,"1.925","2021-04-29 00:00:00"
"756894",13,"0","2021-07-17 15:00:00"
"757001",13,"0","2021-07-17 15:15:00"
"758127",13,"4.625","2021-01-02 10:00:00"
"758181",13,"4.1","2021-01-02 10:15:00"
"758235",13,"3.95","2021-01-02 10:30:00"
"758289",13,"4.4","2021-01-02 10:45:00"
"758343",13,"5.075","2021-01-02 11:00:00"
"758397",13,"3.575","2021-01-02 11:15:00"
"758451",13,"4.475","2021-01-02 11:30:00"
"758505",13,"4.775","2021-01-02 11:45:00"
"758559",13,"5.3","2021-01-02 12:00:00"
"758613",13,"3.8","2021-01-02 12:15:00"
"759873",13,"4.25","2021-04-29 01:45:00"
"759927",13,"3.275","2021-04-29 02:00:00"
"759981",13,"3.5","2021-04-29 02:15:00"
"760035",13,"5.15","2021-04-29 02:30:00"
"760089",13,"4.475","2021-04-29 02:45:00"
"760143",13,"4.175","2021-04-29 03:00:00"
"760198",13,"3.725","2021-04-29 03:15:00"
"760303",13,"2.225","2021-04-29 03:30:00"
"760427",13,"2","2021-07-17 18:00:00"
"760545",13,"1.775","2021-07-17 18:15:00"
"761487",13,"3.35","2021-07-17 20:45:00"
"761541",13,"2.975","2021-07-17 21:00:00"
"761595",13,"3.65","2021-07-17 21:15:00"
"761649",13,"2.825","2021-07-17 21:30:00"
"761799",13,"2.9","2021-07-17 21:45:00"
"761729",13,"3.5","2021-01-02 13:15:00"
"761809",13,"3.65","2021-01-02 13:30:00"
"761880",13,"2.525","2021-01-02 13:45:00"
"761967",13,"2.75","2021-01-02 14:00:00"
"762045",13,"2.9","2021-01-02 14:15:00"
"763059",13,"0","2021-04-29 06:30:00"
"763214",13,"1.325","2021-04-29 06:45:00"
"763370",13,"0","2021-04-29 07:00:00"
"763182",13,"6.875","2021-06-06 21:00:00"
"763267",13,"6.35","2021-06-06 21:15:00"
"763349",13,"7.775","2021-06-06 21:30:00"
"763430",13,"5.9","2021-06-06 21:45:00"
"763502",13,"5.375","2021-06-06 22:00:00"
"763548",13,"0","2021-04-29 07:15:00"
"763643",13,"0.28","2021-04-29 07:30:00"
"764726",13,"3.95","2021-01-02 18:15:00"
"764832",13,"2.075","2021-01-02 18:30:00"
"764924",13,"3.65","2021-01-02 18:45:00"
"765071",13,"8.9","2021-04-29 10:30:00"
"766837",13,"7.325","2021-04-29 10:45:00"
"765035",13,"3.125","2021-01-02 19:00:00"
"765125",13,"2.15","2021-01-02 19:15:00"
"765179",13,"3.65","2021-01-02 19:30:00"
"765233",13,"3.8","2021-01-02 19:45:00"
"765287",13,"3.2","2021-01-02 20:00:00"
"766459",13,"2.075","2021-07-18 01:15:00"
"766513",13,"2.525","2021-07-18 01:30:00"
"766567",13,"2.3","2021-07-18 01:45:00"
"766621",13,"2.525","2021-07-18 02:00:00"
"766675",13,"2.9","2021-07-18 02:15:00"
"766729",13,"3.05","2021-07-18 02:30:00"
"769036",13,"2.525","2021-07-18 02:45:00"
"769336",13,"2.6","2021-07-18 03:00:00"
"766968",13,"5","2021-06-07 00:45:00"
"767241",13,"3.125","2021-06-07 01:00:00"
"767511",13,"3.5","2021-06-07 01:15:00"
"768222",13,"6.65","2021-01-03 00:45:00"
"768352",13,"7.775","2021-01-03 01:00:00"
"768476",13,"6.8","2021-01-03 01:15:00"
"768289",13,"3.875","2021-06-07 02:00:00"
"768545",13,"4.325","2021-06-07 02:15:00"
"768794",13,"2.525","2021-06-07 02:30:00"
"768308",13,"7.025","2021-04-29 13:30:00"
"768437",13,"5.9","2021-04-29 13:45:00"
"768579",13,"4.85","2021-04-29 14:00:00"
"768620",13,"5.975","2021-01-03 01:30:00"
"768746",13,"4.85","2021-01-03 01:45:00"
"772438",13,"3.125","2021-06-07 05:15:00"
"772601",13,"2.675","2021-06-07 05:30:00"
"772758",13,"2.975","2021-06-07 05:45:00"
"770431",13,"3.575","2021-07-18 05:45:00"
"770485",13,"4.925","2021-07-18 06:00:00"
"770539",13,"4.625","2021-07-18 06:15:00"
"770593",13,"3.95","2021-07-18 06:30:00"
"770647",13,"2.975","2021-07-18 06:45:00"
"770701",13,"3.2","2021-07-18 07:00:00"
"770755",13,"3.275","2021-07-18 07:15:00"
"773433",13,"4.175","2021-07-18 07:30:00"
"771963",13,"5.225","2021-04-29 18:00:00"
"772049",13,"4.325","2021-04-29 18:15:00"
"772139",13,"0","2021-04-29 18:30:00"
"772052",13,"5.15","2021-01-03 05:45:00"
"772175",13,"5.225","2021-01-03 06:00:00"
"772274",13,"4.7","2021-01-03 06:15:00"
"772256",13,"3.125","2021-04-29 18:45:00"
"772377",13,"3.95","2021-04-29 19:00:00"
"772383",13,"4.625","2021-01-03 06:30:00"
"772537",13,"3.65","2021-01-03 06:45:00"
"772714",13,"6.35","2021-01-03 07:00:00"
"771923",13,"5.825","2021-01-03 05:30:00"
"773762",13,"4.775","2021-07-18 08:15:00"
"773862",13,"4.7","2021-07-18 08:30:00"
"773971",13,"4.025","2021-07-18 08:45:00"
"773857",13,"2.9","2021-06-07 09:00:00"
"773964",13,"2.45","2021-06-07 09:15:00"
"774068",13,"2.225","2021-06-07 09:30:00"
"774083",13,"5.075","2021-07-18 09:00:00"
"774187",13,"5.825","2021-07-18 09:15:00"
"774173",13,"1.775","2021-06-07 09:45:00"
"776636",13,"1.625","2021-06-07 10:00:00"
"778626",13,"7.55","2021-07-18 16:00:00"
"778699",13,"6.5","2021-07-18 16:15:00"
"778753",13,"5.675","2021-07-18 16:30:00"
"778895",13,"6.125","2021-04-30 01:00:00"
"778949",13,"5.75","2021-04-30 01:15:00"
"779003",13,"5.9","2021-04-30 01:30:00"
"779057",13,"6.8","2021-04-30 01:45:00"
"779111",13,"5.675","2021-04-30 02:00:00"
"779165",13,"4.925","2021-04-30 02:15:00"
"779219",13,"5","2021-04-30 02:30:00"
"779273",13,"4.925","2021-04-30 02:45:00"
"780767",13,"1.625","2021-06-07 15:15:00"
"780900",13,"0","2021-06-07 15:30:00"
"781070",13,"0","2021-06-07 15:45:00"
"781082",13,"5.15","2021-07-18 17:30:00"
"781204",13,"4.775","2021-07-18 17:45:00"
"781254",13,"0","2021-06-07 16:00:00"
"781382",13,"2.75","2021-06-07 16:15:00"
"781292",13,"5.3","2021-01-03 16:15:00"
"781449",13,"4.85","2021-01-03 16:30:00"
"782473",13,"0","2021-06-07 18:30:00"
"782584",13,"2.675","2021-06-07 18:45:00"
"782540",13,"3.275","2021-07-18 20:30:00"
"782639",13,"3.575","2021-07-18 20:45:00"
"782725",13,"3.35","2021-07-18 21:00:00"
"782696",13,"2.825","2021-06-07 19:00:00"
"784878",13,"2.675","2021-06-07 19:15:00"
"785060",13,"2.075","2021-06-07 19:30:00"
"782779",13,"3.275","2021-07-18 21:15:00"
"784604",13,"3.35","2021-07-18 21:30:00"
"783461",13,"4.55","2021-04-30 08:15:00"
"783515",13,"5.45","2021-04-30 08:30:00"
"783569",13,"6.575","2021-04-30 08:45:00"
"783623",13,"6.65","2021-04-30 09:00:00"
"783684",13,"8.53","2021-04-30 09:15:00"
"783794",13,"7.85","2021-04-30 09:30:00"
"786785",13,"9.58","2021-04-30 09:45:00"
"783931",13,"5.9","2021-01-03 17:30:00"
"783985",13,"5.75","2021-01-03 17:45:00"
"785231",13,"2.375","2021-06-07 19:45:00"
"785332",13,"1.625","2021-06-07 20:00:00"
"785435",13,"0","2021-06-07 20:15:00"
"785508",13,"2.825","2021-07-18 23:15:00"
"785619",13,"2.975","2021-07-18 23:30:00"
"785550",13,"3.125","2021-06-07 20:30:00"
"785654",13,"3.275","2021-06-07 20:45:00"
"785721",13,"2.75","2021-07-18 23:45:00"
"785825",13,"2.825","2021-07-19 00:00:00"
"785954",13,"3.275","2021-07-19 00:15:00"
"786306",13,"3.425","2021-06-07 22:15:00"
"786412",13,"3.425","2021-06-07 22:30:00"
"786518",13,"2.975","2021-06-07 22:45:00"
"786590",13,"4.025","2021-07-19 01:45:00"
"788806",13,"3.8","2021-07-19 02:00:00"
"786628",13,"2.675","2021-06-07 23:00:00"
"786693",13,"2.75","2021-06-07 23:15:00"
"786747",13,"0","2021-06-07 23:30:00"
"788843",13,"0","2021-06-07 23:45:00"
"788927",13,"4.025","2021-06-08 00:00:00"
"788011",13,"3.2","2021-01-03 22:30:00"
"788065",13,"4.1","2021-01-03 22:45:00"
"788119",13,"5.525","2021-01-03 23:00:00"
"788173",13,"4.7","2021-01-03 23:15:00"
"788227",13,"6.65","2021-01-03 23:30:00"
"788281",13,"6.425","2021-01-03 23:45:00"
"788335",13,"5.675","2021-01-04 00:00:00"
"788389",13,"6.05","2021-01-04 00:15:00"
"788443",13,"6.425","2021-01-04 00:30:00"
"788497",13,"8.6","2021-01-04 00:45:00"
"789818",13,"4.025","2021-07-19 04:15:00"
"789924",13,"4.4","2021-07-19 04:30:00"
"790033",13,"4.7","2021-07-19 04:45:00"
"789885",13,"2","2021-06-08 02:15:00"
"789994",13,"2.3","2021-06-08 02:30:00"
"790138",13,"4.025","2021-07-19 05:00:00"
"790248",13,"3.95","2021-07-19 05:15:00"
"790104",13,"1.7000000000000002","2021-06-08 02:45:00"
"790201",13,"2.15","2021-06-08 03:00:00"
"790318",13,"2.075","2021-06-08 03:15:00"
"791351",13,"7.25","2021-04-30 17:00:00"
"791405",13,"7.1","2021-04-30 17:15:00"
"791459",13,"6.95","2021-04-30 17:30:00"
"791513",13,"7.1","2021-04-30 17:45:00"
"791567",13,"6.95","2021-04-30 18:00:00"
"791621",13,"6.05","2021-04-30 18:15:00"
"791675",13,"5.75","2021-04-30 18:30:00"
"791729",13,"5","2021-04-30 18:45:00"
"794783",13,"5.15","2021-04-30 19:00:00"
"794837",13,"5.525","2021-04-30 19:15:00"
"794891",13,"4.55","2021-04-30 19:30:00"
"792898",13,"0","2021-06-08 06:00:00"
"792976",13,"2","2021-06-08 06:15:00"
"793057",13,"1.625","2021-06-08 06:30:00"
"793130",13,"2.3","2021-06-08 06:45:00"
"793216",13,"1.7000000000000002","2021-06-08 07:00:00"
"793294",13,"2.075","2021-06-08 07:15:00"
"748998",13,"3.35","2021-04-28 15:30:00"
"749082",13,"3.125","2021-04-28 15:45:00"
"749056",13,"2.975","2021-07-17 05:15:00"
"749193",13,"3.725","2021-07-17 05:30:00"
"749247",13,"3.2","2021-07-17 05:45:00"
"749169",13,"2.075","2021-04-28 16:00:00"
"751228",13,"2.6","2021-04-28 16:15:00"
"751366",13,"3.2","2021-04-28 16:30:00"
"750507",13,"5.075","2021-01-02 02:30:00"
"750561",13,"4.25","2021-01-02 02:45:00"
"750615",13,"4.325","2021-01-02 03:00:00"
"750669",13,"3.95","2021-01-02 03:15:00"
"750723",13,"3.425","2021-01-02 03:30:00"
"750777",13,"4.25","2021-01-02 03:45:00"
"753754",13,"4.4","2021-01-02 04:00:00"
"750837",13,"1.775","2021-06-06 06:15:00"
"750891",13,"0","2021-06-06 06:30:00"
"750945",13,"0","2021-06-06 06:45:00"
"751554",13,"1.925","2021-06-06 08:45:00"
"751652",13,"1.175","2021-06-06 09:00:00"
"751753",13,"1.325","2021-06-06 09:15:00"
"751729",13,"2.675","2021-04-28 17:15:00"
"751842",13,"1.175","2021-04-28 17:30:00"
"751950",13,"0","2021-04-28 17:45:00"
"751856",13,"2.45","2021-06-06 09:30:00"
"751965",13,"1.85","2021-06-06 09:45:00"
"752053",13,"1.85","2021-04-28 18:00:00"
"752253",13,"0","2021-04-28 18:15:00"
"752577",13,"0","2021-04-28 19:45:00"
"752631",13,"0","2021-04-28 20:00:00"
"752685",13,"0","2021-04-28 20:15:00"
"752739",13,"0","2021-04-28 20:30:00"
"755506",13,"0","2021-04-28 20:45:00"
"755610",13,"0","2021-04-28 21:00:00"
"752841",13,"0","2021-07-17 08:30:00"
"752895",13,"2.525","2021-07-17 08:45:00"
"752949",13,"1.7000000000000002","2021-07-17 09:00:00"
"753003",13,"0","2021-07-17 09:15:00"
"753057",13,"1.775","2021-07-17 09:30:00"
"753653",13,"1.775","2021-07-17 12:15:00"
"753757",13,"0","2021-07-17 12:30:00"
"753860",13,"0","2021-07-17 12:45:00"
"753866",13,"4.85","2021-01-02 04:15:00"
"753939",13,"5.375","2021-01-02 04:30:00"
"753993",13,"5.15","2021-01-02 04:45:00"
"754047",13,"5","2021-01-02 05:00:00"
"754101",13,"4.55","2021-01-02 05:15:00"
"754155",13,"4.55","2021-01-02 05:30:00"
"754209",13,"4.1","2021-01-02 05:45:00"
"754263",13,"3.725","2021-01-02 06:00:00"
"755542",13,"3.35","2021-06-06 14:00:00"
"755650",13,"4.625","2021-06-06 14:15:00"
"755707",13,"1.325","2021-04-28 21:15:00"
"755790",13,"1.925","2021-04-28 21:30:00"
"755799",13,"3.8","2021-06-06 14:30:00"
"755897",13,"3.425","2021-06-06 14:45:00"
"756000",13,"3.65","2021-06-06 15:00:00"
"755906",13,"2","2021-04-28 21:45:00"
"756063",13,"1.475","2021-04-28 22:00:00"
"756117",13,"0","2021-04-28 22:15:00"
"757093",13,"0","2021-07-17 15:30:00"
"757141",13,"1.925","2021-04-29 00:15:00"
"757197",13,"1.325","2021-07-17 15:45:00"
"757260",13,"0","2021-04-29 00:30:00"
"757370",13,"2.45","2021-04-29 00:45:00"
"757479",13,"3.05","2021-04-29 01:00:00"
"757306",13,"2.375","2021-07-17 16:00:00"
"757413",13,"2.225","2021-07-17 16:15:00"
"757586",13,"4.175","2021-04-29 01:15:00"
"759819",13,"4.85","2021-04-29 01:30:00"
"758667",13,"2.225","2021-01-02 12:30:00"
"758721",13,"2.375","2021-01-02 12:45:00"
"758775",13,"3.425","2021-01-02 13:00:00"
"758889",13,"9.35","2021-06-06 15:45:00"
"758943",13,"6.275","2021-06-06 16:00:00"
"758997",13,"7.325","2021-06-06 16:15:00"
"759051",13,"5.75","2021-06-06 16:30:00"
"759105",13,"5.525","2021-06-06 16:45:00"
"759159",13,"4.775","2021-06-06 17:00:00"
"759213",13,"4.25","2021-06-06 17:15:00"
"759267",13,"4.175","2021-06-06 17:30:00"
"760408",13,"2.675","2021-04-29 03:45:00"
"760506",13,"1.775","2021-04-29 04:00:00"
"760614",13,"0","2021-04-29 04:15:00"
"760651",13,"2.45","2021-07-17 18:30:00"
"760757",13,"2.525","2021-07-17 18:45:00"
"760864",13,"2.075","2021-07-17 19:00:00"
"760725",13,"0","2021-04-29 04:30:00"
"760835",13,"0","2021-04-29 04:45:00"
"760944",13,"0","2021-04-29 05:00:00"
"760969",13,"1.775","2021-07-17 19:15:00"
"761969",13,"2.825","2021-07-17 22:00:00"
"765811",13,"2.45","2021-07-17 22:15:00"
"765865",13,"2.525","2021-07-17 22:30:00"
"762099",13,"3.65","2021-01-02 14:30:00"
"762153",13,"2.45","2021-01-02 14:45:00"
"762207",13,"3.125","2021-01-02 15:00:00"
"762261",13,"3.2","2021-01-02 15:15:00"
"762315",13,"2.825","2021-01-02 15:30:00"
"762369",13,"3.125","2021-01-02 15:45:00"
"762423",13,"3.125","2021-01-02 16:00:00"
"762477",13,"1.925","2021-01-02 16:15:00"
"764127",13,"5.15","2021-06-06 23:30:00"
"764240",13,"4.175","2021-06-06 23:45:00"
"764343",13,"3.95","2021-06-07 00:00:00"
"764467",13,"5.825","2021-04-29 09:15:00"
"764611",13,"5.375","2021-04-29 09:30:00"
"764487",13,"4.325","2021-06-07 00:15:00"
"764646",13,"4.775","2021-06-07 00:30:00"
"764732",13,"5.45","2021-04-29 09:45:00"
"764843",13,"5.525","2021-04-29 10:00:00"
"764966",13,"6.2","2021-04-29 10:15:00"
"765919",13,"2.525","2021-07-17 22:45:00"
"765973",13,"2.225","2021-07-17 23:00:00"
"766027",13,"2.675","2021-07-17 23:15:00"
"766081",13,"2.525","2021-07-17 23:30:00"
"766135",13,"2.9","2021-07-17 23:45:00"
"766189",13,"3.35","2021-07-18 00:00:00"
"766243",13,"2.975","2021-07-18 00:15:00"
"766297",13,"3.275","2021-07-18 00:30:00"
"766351",13,"2.75","2021-07-18 00:45:00"
"766405",13,"2.675","2021-07-18 01:00:00"
"767797",13,"4.175","2021-06-07 01:30:00"
"768032",13,"3.95","2021-06-07 01:45:00"
"767617",13,"6.5","2021-04-29 12:15:00"
"767743",13,"6.5","2021-04-29 12:30:00"
"767883",13,"7.1","2021-04-29 12:45:00"
"767802",13,"3.425","2021-01-03 00:00:00"
"767944",13,"5","2021-01-03 00:15:00"
"768080",13,"6.35","2021-01-03 00:30:00"
"768030",13,"5.75","2021-04-29 13:00:00"
"768164",13,"5.9","2021-04-29 13:15:00"
"769354",13,"5.9","2021-01-03 02:45:00"
"770835",13,"6.425","2021-01-03 03:00:00"
"769496",13,"2.6","2021-07-18 03:15:00"
"769593",13,"2.525","2021-07-18 03:30:00"
"769471",13,"3.275","2021-06-07 03:15:00"
"769590",13,"3.05","2021-06-07 03:30:00"
"769695",13,"2.45","2021-06-07 03:45:00"
"769706",13,"2.9","2021-07-18 03:45:00"
"769809",13,"3.2","2021-07-18 04:00:00"
"769926",13,"2.75","2021-07-18 04:15:00"
"770891",13,"6.35","2021-04-29 15:30:00"
"770989",13,"6.65","2021-04-29 15:45:00"
"771094",13,"7.55","2021-04-29 16:00:00"
"770950",13,"9.35","2021-01-03 03:15:00"
"771060",13,"7.325","2021-01-03 03:30:00"
"771165",13,"6.125","2021-01-03 03:45:00"
"771203",13,"7.7","2021-04-29 16:15:00"
"771299",13,"7.175","2021-04-29 16:30:00"
"771288",13,"6.65","2021-01-03 04:00:00"
"771392",13,"7.325","2021-01-03 04:15:00"
"772542",13,"3.35","2021-04-29 19:15:00"
"772692",13,"2.675","2021-04-29 19:30:00"
"772837",13,"4.325","2021-04-29 19:45:00"
"772861",13,"7.25","2021-01-03 07:15:00"
"772977",13,"7.4","2021-01-03 07:30:00"
"772939",13,"2.825","2021-06-07 06:00:00"
"773021",13,"3.95","2021-06-07 06:15:00"
"773075",13,"4.475","2021-06-07 06:30:00"
"773129",13,"3.35","2021-06-07 06:45:00"
"773183",13,"3.8","2021-06-07 07:00:00"
"774241",13,"5.45","2021-07-18 09:30:00"
"774295",13,"5.9","2021-07-18 09:45:00"
"774349",13,"5.975","2021-07-18 10:00:00"
"774403",13,"5.9","2021-07-18 10:15:00"
"774457",13,"6.8","2021-07-18 10:30:00"
"774511",13,"6.875","2021-07-18 10:45:00"
"774565",13,"5.3","2021-07-18 11:00:00"
"774619",13,"6.425","2021-07-18 11:15:00"
"774673",13,"7.925","2021-07-18 11:30:00"
"774727",13,"7.025","2021-07-18 11:45:00"
"776780",13,"6.875","2021-07-18 12:00:00"
"775276",13,"0","2021-04-29 21:15:00"
"775367",13,"6.2","2021-04-29 21:30:00"
"775451",13,"5.975","2021-04-29 21:45:00"
"775529",13,"7.025","2021-04-29 22:00:00"
"775609",13,"5.9","2021-04-29 22:15:00"
"775625",13,"7.325","2021-01-03 09:00:00"
"775736",13,"7.625","2021-01-03 09:15:00"
"775854",13,"6.5","2021-01-03 09:30:00"
"775713",13,"5.675","2021-04-29 22:30:00"
"775812",13,"5.825","2021-04-29 22:45:00"
"775910",13,"6.725","2021-04-29 23:00:00"
"776482",13,"5.825","2021-01-03 11:00:00"
"776627",13,"7.25","2021-01-03 11:15:00"
"778787",13,"6.425","2021-04-30 00:30:00"
"778841",13,"5.825","2021-04-30 00:45:00"
"776735",13,"7.775","2021-01-03 11:30:00"
"776846",13,"6.875","2021-01-03 11:45:00"
"777019",13,"6.125","2021-01-03 12:00:00"
"776748",13,"2.3","2021-06-07 10:15:00"
"776882",13,"2.075","2021-06-07 10:30:00"
"777020",13,"2.45","2021-06-07 10:45:00"
"777481",13,"7.4","2021-07-18 13:15:00"
"777590",13,"6.8","2021-07-18 13:30:00"
"777689",13,"8","2021-07-18 13:45:00"
"777702",13,"4.025","2021-06-07 12:15:00"
"777809",13,"4.025","2021-06-07 12:30:00"
"777907",13,"3.725","2021-06-07 12:45:00"
"777798",13,"7.55","2021-07-18 14:00:00"
"777917",13,"8","2021-07-18 14:15:00"
"778014",13,"3.95","2021-06-07 13:00:00"
"778025",13,"8","2021-07-18 14:30:00"
"779327",13,"5.75","2021-04-30 03:00:00"
"779381",13,"4.7","2021-04-30 03:15:00"
"779435",13,"5.45","2021-04-30 03:30:00"
"779489",13,"6.125","2021-04-30 03:45:00"
"779544",13,"5.75","2021-04-30 04:00:00"
"779582",13,"5.675","2021-01-03 12:15:00"
"779709",13,"5.6","2021-01-03 12:30:00"
"779848",13,"7.475","2021-01-03 12:45:00"
"779642",13,"5.15","2021-04-30 04:15:00"
"779729",13,"4.55","2021-04-30 04:30:00"
"779814",13,"4.25","2021-04-30 04:45:00"
"780364",13,"4.025","2021-01-03 14:45:00"
"780467",13,"4.625","2021-01-03 15:00:00"
"780618",13,"4.7","2021-01-03 15:15:00"
"780469",13,"2.525","2021-06-07 14:45:00"
"780597",13,"0.43","2021-06-07 15:00:00"
"780596",13,"7.25","2021-07-18 16:45:00"
"780796",13,"5.6","2021-07-18 17:00:00"
"780940",13,"5.45","2021-07-18 17:15:00"
"780721",13,"6.575","2021-01-03 15:30:00"
"780943",13,"5.3","2021-01-03 15:45:00"
"781112",13,"4.475","2021-01-03 16:00:00"
"781927",13,"2.45","2021-06-07 17:15:00"
"782027",13,"2.6","2021-06-07 17:30:00"
"782008",13,"3.8","2021-07-18 19:15:00"
"782115",13,"3.725","2021-07-18 19:30:00"
"782215",13,"3.8","2021-07-18 19:45:00"
"782144",13,"2.3","2021-06-07 17:45:00"
"782250",13,"2.15","2021-06-07 18:00:00"
"782356",13,"1.325","2021-06-07 18:15:00"
"782327",13,"3.35","2021-07-18 20:00:00"
"782418",13,"3.5","2021-07-18 20:15:00"
"784039",13,"5.225","2021-01-03 18:00:00"
"784093",13,"4.925","2021-01-03 18:15:00"
"784147",13,"5.15","2021-01-03 18:30:00"
"784201",13,"6.2","2021-01-03 18:45:00"
"784255",13,"7.325","2021-01-03 19:00:00"
"784309",13,"7.325","2021-01-03 19:15:00"
"784363",13,"7.55","2021-01-03 19:30:00"
"784417",13,"9.43","2021-01-03 19:45:00"
"784471",13,"9.35","2021-01-03 20:00:00"
"784549",13,"8","2021-01-03 20:15:00"
"785775",13,"3.35","2021-06-07 21:00:00"
"785872",13,"2.15","2021-06-07 21:15:00"
"785968",13,"2.375","2021-06-07 21:30:00"
"786064",13,"3.275","2021-07-19 00:30:00"
"786171",13,"3.8","2021-07-19 00:45:00"
"786075",13,"2.825","2021-06-07 21:45:00"
"786184",13,"3.125","2021-06-07 22:00:00"
"786271",13,"4.025","2021-07-19 01:00:00"
"786363",13,"4.1","2021-07-19 01:15:00"
"786484",13,"4.175","2021-07-19 01:30:00"
"787379",13,"7.775","2021-04-30 12:30:00"
"787433",13,"8.75","2021-04-30 12:45:00"
"787487",13,"7.7","2021-04-30 13:00:00"
"787541",13,"8.15","2021-04-30 13:15:00"
"787595",13,"10.55","2021-04-30 13:30:00"
"787649",13,"8.15","2021-04-30 13:45:00"
"787703",13,"8.53","2021-04-30 14:00:00"
"787757",13,"9.5","2021-04-30 14:15:00"
"787903",13,"3.575","2021-01-03 22:00:00"
"787957",13,"3.575","2021-01-03 22:15:00"
"789273",13,"3.275","2021-07-19 03:00:00"
"789388",13,"3.875","2021-07-19 03:15:00"
"789244",13,"2.3","2021-06-08 00:45:00"
"789342",13,"1.1","2021-06-08 01:00:00"
"789453",13,"1.85","2021-06-08 01:15:00"
"789495",13,"3.65","2021-07-19 03:30:00"
"789604",13,"3.8","2021-07-19 03:45:00"
"789711",13,"3.95","2021-07-19 04:00:00"
"789560",13,"0","2021-06-08 01:30:00"
"789655",13,"1.775","2021-06-08 01:45:00"
"789772",13,"2.225","2021-06-08 02:00:00"
"790811",13,"8.15","2021-04-30 14:30:00"
"790865",13,"8","2021-04-30 14:45:00"
"790919",13,"7.55","2021-04-30 15:00:00"
"790973",13,"8.37","2021-04-30 15:15:00"
"791027",13,"8","2021-04-30 15:30:00"
"791081",13,"8.83","2021-04-30 15:45:00"
"791135",13,"6.65","2021-04-30 16:00:00"
"791189",13,"8.15","2021-04-30 16:15:00"
"791243",13,"8.83","2021-04-30 16:30:00"
"791297",13,"7.775","2021-04-30 16:45:00"
"792489",13,"0","2021-06-08 04:45:00"
"792573",13,"0","2021-06-08 05:00:00"
"792563",13,"6.275","2021-01-04 05:00:00"
"792704",13,"5.45","2021-01-04 05:15:00"
"792659",13,"0","2021-06-08 05:15:00"
"792741",13,"0","2021-06-08 05:30:00"
"793383",13,"3.125","2021-06-08 07:30:00"
"793462",13,"3.35","2021-06-08 07:45:00"
"793374",13,"4.1","2021-01-04 06:15:00"
"793540",13,"4.1","2021-01-04 06:30:00"
"798505",13,"2.75","2021-07-19 14:30:00"
"798559",13,"2.825","2021-07-19 14:45:00"
"798613",13,"2.975","2021-07-19 15:00:00"
"798667",13,"3.35","2021-07-19 15:15:00"
"798721",13,"3.425","2021-07-19 15:30:00"
"798775",13,"2.75","2021-07-19 15:45:00"
"799918",13,"2.225","2021-07-19 16:00:00"
"800111",13,"2.225","2021-07-19 16:15:00"
"798809",13,"4.55","2021-04-30 23:45:00"
"798885",13,"6.575","2021-05-01 00:00:00"
"798989",13,"5.6","2021-05-01 00:15:00"
"800345",13,"0.9500000000000001","2021-07-19 16:30:00"
"800554",13,"2.45","2021-07-19 16:45:00"
"800364",13,"5.9","2021-01-04 12:00:00"
"800570",13,"5.975","2021-01-04 12:15:00"
"800525",13,"4.4","2021-06-08 16:30:00"
"800734",13,"3.8","2021-06-08 16:45:00"
"800606",13,"3.95","2021-05-01 03:00:00"
"800811",13,"3.425","2021-05-01 03:15:00"
"801028",13,"3.575","2021-05-01 03:30:00"
"801787",13,"3.125","2021-07-19 18:15:00"
"801932",13,"2.45","2021-07-19 18:30:00"
"802042",13,"2.225","2021-07-19 18:45:00"
"801811",13,"6.125","2021-01-04 13:45:00"
"801950",13,"7.025","2021-01-04 14:00:00"
"802069",13,"6.725","2021-01-04 14:15:00"
"802163",13,"5.975","2021-01-04 14:30:00"
"802271",13,"7.925","2021-01-04 14:45:00"
"802384",13,"5.9","2021-01-04 15:00:00"
"802164",13,"3.275","2021-07-19 19:00:00"
"802272",13,"3.35","2021-07-19 19:15:00"
"802372",13,"2.9","2021-07-19 19:30:00"
"802815",13,"2.825","2021-06-08 18:15:00"
"802924",13,"3.275","2021-06-08 18:30:00"
"803003",13,"2.45","2021-06-08 18:45:00"
"803130",13,"3.125","2021-05-01 05:00:00"
"803243",13,"4.175","2021-05-01 05:15:00"
"803113",13,"3.5","2021-06-08 19:00:00"
"803209",13,"2.9","2021-06-08 19:15:00"
"803335",13,"3.2","2021-06-08 19:30:00"
"803340",13,"3.65","2021-05-01 05:30:00"
"803442",13,"2.75","2021-05-01 05:45:00"
"803566",13,"0","2021-05-01 06:00:00"
"804508",13,"2.975","2021-06-08 22:15:00"
"804609",13,"2.6","2021-06-08 22:30:00"
"804719",13,"2.825","2021-06-08 22:45:00"
"806884",13,"1.625","2021-06-08 23:00:00"
"807000",13,"1.775","2021-06-08 23:15:00"
"804753",13,"4.025","2021-05-01 08:45:00"
"806814",13,"4.625","2021-05-01 09:00:00"
"806922",13,"4.7","2021-05-01 09:15:00"
"804959",13,"2.45","2021-07-19 21:00:00"
"805013",13,"1.925","2021-07-19 21:15:00"
"806107",13,"2.225","2021-07-20 00:00:00"
"806222",13,"1.7000000000000002","2021-07-20 00:15:00"
"806325",13,"2.075","2021-07-20 00:30:00"
"806322",13,"4.7","2021-01-04 19:00:00"
"806436",13,"3.35","2021-01-04 19:15:00"
"806427",13,"1.85","2021-07-20 00:45:00"
"806534",13,"1.4","2021-07-20 01:00:00"
"808932",13,"1.625","2021-07-20 01:15:00"
"806547",13,"3.5","2021-01-04 19:30:00"
"806601",13,"2.45","2021-01-04 19:45:00"
"806655",13,"2.675","2021-01-04 20:00:00"
"807951",13,"2.3","2021-06-09 01:30:00"
"808068",13,"1.7000000000000002","2021-06-09 01:45:00"
"808106",13,"7.1","2021-05-01 12:00:00"
"808195",13,"6.575","2021-05-01 12:15:00"
"808207",13,"0","2021-06-09 02:00:00"
"808345",13,"1.325","2021-06-09 02:15:00"
"808455",13,"0.9500000000000001","2021-06-09 02:30:00"
"808281",13,"8.6","2021-05-01 12:30:00"
"808377",13,"5.075","2021-05-01 12:45:00"
"808478",13,"6.05","2021-05-01 13:00:00"
"809600",13,"0","2021-07-20 02:45:00"
"809694",13,"0","2021-07-20 03:00:00"
"809642",13,"5.45","2021-01-04 22:45:00"
"809750",13,"4.25","2021-01-04 23:00:00"
"809853",13,"3.425","2021-01-04 23:15:00"
"809819",13,"2.15","2021-07-20 03:15:00"
"809920",13,"2.9","2021-07-20 03:30:00"
"810039",13,"2.675","2021-07-20 03:45:00"
"809962",13,"3.725","2021-01-04 23:30:00"
"810064",13,"1.7000000000000002","2021-01-04 23:45:00"
"811221",13,"1.625","2021-06-09 04:30:00"
"811316",13,"0","2021-06-09 04:45:00"
"811424",13,"2.3","2021-06-09 05:00:00"
"811532",13,"2.75","2021-06-09 05:15:00"
"811656",13,"0","2021-06-09 05:30:00"
"811566",13,"6.875","2021-05-01 15:15:00"
"811659",13,"6.5","2021-05-01 15:30:00"
"811768",13,"5","2021-05-01 15:45:00"
"811886",13,"5.075","2021-05-01 16:00:00"
"811995",13,"4.1","2021-05-01 16:15:00"
"812951",13,"0","2021-01-05 02:00:00"
"813005",13,"1.775","2021-01-05 02:15:00"
"813059",13,"0","2021-01-05 02:30:00"
"813113",13,"0","2021-01-05 02:45:00"
"813167",13,"0","2021-01-05 03:00:00"
"813221",13,"1.325","2021-01-05 03:15:00"
"813275",13,"2.15","2021-01-05 03:30:00"
"813329",13,"2.525","2021-01-05 03:45:00"
"813383",13,"2.075","2021-01-05 04:00:00"
"813437",13,"3.275","2021-01-05 04:15:00"
"813847",13,"1.925","2021-07-20 05:45:00"
"814025",13,"1.325","2021-07-20 06:00:00"
"814225",13,"1.475","2021-07-20 06:15:00"
"814109",13,"2.6","2021-06-09 08:30:00"
"814262",13,"2.525","2021-06-09 08:45:00"
"814242",13,"3.575","2021-05-01 19:00:00"
"814386",13,"3.575","2021-05-01 19:15:00"
"814529",13,"3.35","2021-05-01 19:30:00"
"814403",13,"1.175","2021-07-20 06:30:00"
"814546",13,"1.475","2021-07-20 06:45:00"
"814703",13,"1.775","2021-07-20 07:00:00"
"815076",13,"3.8","2021-05-01 20:15:00"
"815224",13,"3.875","2021-05-01 20:30:00"
"815367",13,"3.875","2021-05-01 20:45:00"
"815199",13,"0","2021-07-20 07:45:00"
"815344",13,"0","2021-07-20 08:00:00"
"815496",13,"0","2021-07-20 08:15:00"
"815219",13,"4.175","2021-06-09 10:15:00"
"815406",13,"3.95","2021-06-09 10:30:00"
"815545",13,"3.65","2021-06-09 10:45:00"
"815564",13,"4.25","2021-05-01 21:00:00"
"815725",13,"3.875","2021-05-01 21:15:00"
"816688",13,"0","2021-05-01 22:45:00"
"817831",13,"0","2021-05-01 23:00:00"
"817886",13,"0","2021-05-01 23:15:00"
"816771",13,"2.825","2021-07-20 10:15:00"
"818146",13,"2.75","2021-07-20 10:30:00"
"818294",13,"1.85","2021-07-20 10:45:00"
"816923",13,"2.75","2021-01-05 06:30:00"
"816977",13,"2.75","2021-01-05 06:45:00"
"817031",13,"3.575","2021-01-05 07:00:00"
"817085",13,"4.1","2021-01-05 07:15:00"
"817139",13,"4.1","2021-01-05 07:30:00"
"818373",13,"4.25","2021-06-09 13:30:00"
"818532",13,"3.95","2021-06-09 13:45:00"
"818678",13,"5.75","2021-06-09 14:00:00"
"818456",13,"0","2021-07-20 11:00:00"
"818642",13,"3.35","2021-07-20 11:15:00"
"818858",13,"5.375","2021-06-09 14:15:00"
"819039",13,"4.4","2021-06-09 14:30:00"
"818790",13,"2.15","2021-05-02 00:45:00"
"818951",13,"0","2021-05-02 01:00:00"
"819105",13,"0","2021-05-02 01:15:00"
"820067",13,"1.175","2021-05-02 02:45:00"
"820197",13,"1.25","2021-05-02 03:00:00"
"773237",13,"6.725","2021-06-07 07:15:00"
"773291",13,"5.525","2021-06-07 07:30:00"
"773345",13,"4.85","2021-06-07 07:45:00"
"773418",13,"5.075","2021-06-07 08:00:00"
"773537",13,"2.825","2021-06-07 08:15:00"
"773533",13,"4.475","2021-07-18 07:45:00"
"773643",13,"3.35","2021-07-18 08:00:00"
"773644",13,"2.375","2021-06-07 08:30:00"
"773742",13,"3.275","2021-06-07 08:45:00"
"774815",13,"4.625","2021-04-29 20:00:00"
"774870",13,"4.775","2021-04-29 20:15:00"
"774964",13,"4.325","2021-04-29 20:30:00"
"774970",13,"7.025","2021-01-03 07:45:00"
"775073",13,"7.4","2021-01-03 08:00:00"
"775187",13,"7.1","2021-01-03 08:15:00"
"775078",13,"2.675","2021-04-29 20:45:00"
"775176",13,"1.775","2021-04-29 21:00:00"
"775310",13,"6.725","2021-01-03 08:30:00"
"775459",13,"6.65","2021-01-03 08:45:00"
"775956",13,"6.125","2021-01-03 09:45:00"
"776058",13,"6.125","2021-01-03 10:00:00"
"776034",13,"7.175","2021-04-29 23:15:00"
"776149",13,"5.825","2021-04-29 23:30:00"
"776161",13,"6.65","2021-01-03 10:15:00"
"776256",13,"5.9","2021-01-03 10:30:00"
"776369",13,"6.2","2021-01-03 10:45:00"
"776272",13,"5.75","2021-04-29 23:45:00"
"776374",13,"5.375","2021-04-30 00:00:00"
"776477",13,"6.35","2021-04-30 00:15:00"
"776983",13,"6.275","2021-07-18 12:15:00"
"777146",13,"5.675","2021-07-18 12:30:00"
"777162",13,"3.725","2021-06-07 11:00:00"
"777272",13,"3.5","2021-06-07 11:15:00"
"777372",13,"2.075","2021-06-07 11:30:00"
"777255",13,"6.35","2021-07-18 12:45:00"
"777371",13,"7.25","2021-07-18 13:00:00"
"777478",13,"5.375","2021-06-07 11:45:00"
"777586",13,"5.45","2021-06-07 12:00:00"
"778122",13,"3.425","2021-06-07 13:15:00"
"778245",13,"2.9","2021-06-07 13:30:00"
"778345",13,"3.125","2021-06-07 13:45:00"
"778134",13,"8.53","2021-07-18 14:45:00"
"778225",13,"8.68","2021-07-18 15:00:00"
"778342",13,"9.05","2021-07-18 15:15:00"
"778449",13,"3.2","2021-06-07 14:00:00"
"778590",13,"2.15","2021-06-07 14:15:00"
"780356",13,"2.3","2021-06-07 14:30:00"
"778454",13,"9.58","2021-07-18 15:30:00"
"778542",13,"8.68","2021-07-18 15:45:00"
"779906",13,"3.95","2021-04-30 05:00:00"
"782813",13,"3.35","2021-04-30 05:15:00"
"779959",13,"5.675","2021-01-03 13:00:00"
"780013",13,"5.45","2021-01-03 13:15:00"
"780067",13,"6.05","2021-01-03 13:30:00"
"780121",13,"5.825","2021-01-03 13:45:00"
"780175",13,"5.675","2021-01-03 14:00:00"
"780229",13,"5.75","2021-01-03 14:15:00"
"780283",13,"5.375","2021-01-03 14:30:00"
"781387",13,"3.35","2021-07-18 18:00:00"
"781553",13,"4.775","2021-07-18 18:15:00"
"781692",13,"4.55","2021-07-18 18:30:00"
"781555",13,"0","2021-06-07 16:30:00"
"781695",13,"2.225","2021-06-07 16:45:00"
"781802",13,"2.975","2021-06-07 17:00:00"
"781614",13,"5.075","2021-01-03 16:45:00"
"783757",13,"4.1","2021-01-03 17:00:00"
"783861",13,"4.475","2021-01-03 17:15:00"
"781801",13,"4.475","2021-07-18 18:45:00"
"781891",13,"3.725","2021-07-18 19:00:00"
"782867",13,"4.55","2021-04-30 05:30:00"
"782921",13,"4.475","2021-04-30 05:45:00"
"782975",13,"4.25","2021-04-30 06:00:00"
"783029",13,"4.475","2021-04-30 06:15:00"
"783083",13,"3.95","2021-04-30 06:30:00"
"783137",13,"3.65","2021-04-30 06:45:00"
"783191",13,"3.95","2021-04-30 07:00:00"
"783245",13,"3.575","2021-04-30 07:15:00"
"783299",13,"3.125","2021-04-30 07:30:00"
"783353",13,"3.125","2021-04-30 07:45:00"
"783407",13,"3.125","2021-04-30 08:00:00"
"784650",13,"7.625","2021-01-03 20:30:00"
"784780",13,"8","2021-01-03 20:45:00"
"784942",13,"7.1","2021-01-03 21:00:00"
"784713",13,"3.425","2021-07-18 21:45:00"
"784846",13,"2.675","2021-07-18 22:00:00"
"785004",13,"3.125","2021-07-18 22:15:00"
"785108",13,"5.45","2021-01-03 21:15:00"
"787795",13,"4.475","2021-01-03 21:30:00"
"787849",13,"3.125","2021-01-03 21:45:00"
"785166",13,"3.5","2021-07-18 22:30:00"
"785287",13,"3.125","2021-07-18 22:45:00"
"785402",13,"3.05","2021-07-18 23:00:00"
"786839",13,"8.75","2021-04-30 10:00:00"
"786893",13,"9.43","2021-04-30 10:15:00"
"786947",13,"9.87","2021-04-30 10:30:00"
"787001",13,"8.75","2021-04-30 10:45:00"
"787055",13,"9.5","2021-04-30 11:00:00"
"787109",13,"9.65","2021-04-30 11:15:00"
"787163",13,"9.65","2021-04-30 11:30:00"
"787217",13,"8.83","2021-04-30 11:45:00"
"787271",13,"9.2","2021-04-30 12:00:00"
"787325",13,"8.6","2021-04-30 12:15:00"
"788551",13,"7.475","2021-01-04 01:00:00"
"788605",13,"6.35","2021-01-04 01:15:00"
"788659",13,"6.35","2021-01-04 01:30:00"
"788713",13,"5.375","2021-01-04 01:45:00"
"788767",13,"7.4","2021-01-04 02:00:00"
"788937",13,"4.025","2021-07-19 02:15:00"
"789043",13,"3.275","2021-07-19 02:30:00"
"789168",13,"3.5","2021-07-19 02:45:00"
"789040",13,"3.575","2021-06-08 00:15:00"
"789126",13,"2.75","2021-06-08 00:30:00"
"790357",13,"3.5","2021-07-19 05:30:00"
"790462",13,"4.4","2021-07-19 05:45:00"
"790572",13,"4.55","2021-07-19 06:00:00"
"790428",13,"2.375","2021-06-08 03:30:00"
"790536",13,"0","2021-06-08 03:45:00"
"790689",13,"2.975","2021-07-19 06:15:00"
"790777",13,"2.675","2021-07-19 06:30:00"
"790633",13,"0","2021-06-08 04:00:00"
"790736",13,"0","2021-06-08 04:15:00"
"792402",13,"0","2021-06-08 04:30:00"
"791821",13,"7.25","2021-01-04 02:15:00"
"791875",13,"7.475","2021-01-04 02:30:00"
"791929",13,"6.2","2021-01-04 02:45:00"
"791983",13,"5.3","2021-01-04 03:00:00"
"792037",13,"5.9","2021-01-04 03:15:00"
"792091",13,"5.075","2021-01-04 03:30:00"
"792145",13,"4.325","2021-01-04 03:45:00"
"792199",13,"5","2021-01-04 04:00:00"
"792253",13,"5.525","2021-01-04 04:15:00"
"792313",13,"5.825","2021-01-04 04:30:00"
"792417",13,"5.525","2021-01-04 04:45:00"
"793542",13,"3.35","2021-06-08 08:00:00"
"793649",13,"3.95","2021-06-08 08:15:00"
"793710",13,"3.425","2021-07-19 06:45:00"
"793816",13,"3.5","2021-07-19 07:00:00"
"793924",13,"4.7","2021-07-19 07:15:00"
"793775",13,"4.025","2021-06-08 08:30:00"
"793884",13,"3.425","2021-06-08 08:45:00"
"793993",13,"4.55","2021-07-19 07:30:00"
"794047",13,"5.15","2021-07-19 07:45:00"
"794101",13,"2.825","2021-07-19 08:00:00"
"794695",13,"2.375","2021-07-19 10:45:00"
"794749",13,"3.95","2021-07-19 11:00:00"
"794945",13,"5.6","2021-04-30 19:45:00"
"794999",13,"6.2","2021-04-30 20:00:00"
"795052",13,"3.05","2021-06-08 09:00:00"
"795154",13,"3.2","2021-06-08 09:15:00"
"795283",13,"3.2","2021-06-08 09:30:00"
"795097",13,"5.9","2021-04-30 20:15:00"
"795198",13,"5.825","2021-04-30 20:30:00"
"795292",13,"6.575","2021-04-30 20:45:00"
"795893",13,"5.45","2021-04-30 22:00:00"
"796000",13,"5","2021-04-30 22:15:00"
"795981",13,"5.225","2021-06-08 11:15:00"
"796071",13,"6.5","2021-06-08 11:30:00"
"796161",13,"6.875","2021-06-08 11:45:00"
"796138",13,"4.475","2021-04-30 22:30:00"
"796241",13,"5.3","2021-04-30 22:45:00"
"796362",13,"4.7","2021-04-30 23:00:00"
"796274",13,"7.4","2021-06-08 12:00:00"
"796370",13,"6.35","2021-06-08 12:15:00"
"796940",13,"3.05","2021-07-19 12:00:00"
"797022",13,"2","2021-07-19 12:15:00"
"797039",13,"4.175","2021-01-04 06:45:00"
"797093",13,"5.375","2021-01-04 07:00:00"
"797147",13,"6.65","2021-01-04 07:15:00"
"797201",13,"7.1","2021-01-04 07:30:00"
"797255",13,"7.025","2021-01-04 07:45:00"
"797343",13,"6.5","2021-01-04 08:00:00"
"797431",13,"6.8","2021-01-04 08:15:00"
"797543",13,"6.65","2021-01-04 08:30:00"
"797998",13,"6.05","2021-01-04 10:00:00"
"798052",13,"5.825","2021-01-04 10:15:00"
"798106",13,"7.025","2021-01-04 10:30:00"
"798160",13,"6.875","2021-01-04 10:45:00"
"798214",13,"6.575","2021-01-04 11:00:00"
"798268",13,"7.025","2021-01-04 11:15:00"
"799873",13,"6.2","2021-01-04 11:30:00"
"800118",13,"4.925","2021-01-04 11:45:00"
"798397",13,"3.35","2021-07-19 14:00:00"
"798451",13,"3.275","2021-07-19 14:15:00"
"799578",13,"5.9","2021-06-08 15:15:00"
"799687",13,"5.45","2021-06-08 15:30:00"
"799640",13,"4.1","2021-05-01 01:45:00"
"799747",13,"4.55","2021-05-01 02:00:00"
"799871",13,"4.85","2021-06-08 15:45:00"
"800069",13,"4.775","2021-06-08 16:00:00"
"800279",13,"4.55","2021-06-08 16:15:00"
"799993",13,"3.5","2021-05-01 02:15:00"
"800192",13,"3.575","2021-05-01 02:30:00"
"800363",13,"4.1","2021-05-01 02:45:00"
"801363",13,"1.325","2021-07-19 17:45:00"
"801576",13,"3.125","2021-07-19 18:00:00"
"801452",13,"4.4","2021-01-04 13:15:00"
"801648",13,"5.15","2021-01-04 13:30:00"
"801657",13,"3.575","2021-06-08 17:45:00"
"801816",13,"3.575","2021-06-08 18:00:00"
"802781",13,"4.025","2021-05-01 04:15:00"
"802887",13,"2.975","2021-05-01 04:30:00"
"803024",13,"2.825","2021-05-01 04:45:00"
"803449",13,"3.125","2021-06-08 19:45:00"
"803541",13,"3.95","2021-06-08 20:00:00"
"803642",13,"3.95","2021-06-08 20:15:00"
"803751",13,"3.8","2021-06-08 20:30:00"
"803871",13,"3.95","2021-06-08 20:45:00"
"803680",13,"0","2021-05-01 06:15:00"
"803788",13,"0","2021-05-01 06:30:00"
"803886",13,"0","2021-05-01 06:45:00"
"803992",13,"0","2021-05-01 07:00:00"
"804113",13,"0","2021-05-01 07:15:00"
"805067",13,"2.075","2021-07-19 21:30:00"
"805121",13,"2.225","2021-07-19 21:45:00"
"805219",13,"0","2021-07-19 22:00:00"
"805264",13,"5.075","2021-01-04 16:30:00"
"805383",13,"5.45","2021-01-04 16:45:00"
"805320",13,"2.3","2021-07-19 22:15:00"
"805428",13,"2.3","2021-07-19 22:30:00"
"805485",13,"4.7","2021-01-04 17:00:00"
"805590",13,"4.625","2021-01-04 17:15:00"
"805686",13,"4.85","2021-01-04 17:30:00"
"806709",13,"2.975","2021-01-04 20:15:00"
"806763",13,"7.55","2021-01-04 20:30:00"
"808817",13,"8.15","2021-01-04 20:45:00"
"807022",13,"6.275","2021-05-01 09:30:00"
"807141",13,"7.175","2021-05-01 09:45:00"
"807099",13,"1.475","2021-06-08 23:30:00"
"807206",13,"0","2021-06-08 23:45:00"
"807255",13,"6.2","2021-05-01 10:00:00"
"807357",13,"5.525","2021-05-01 10:15:00"
"807462",13,"5.375","2021-05-01 10:30:00"
"809047",13,"2.15","2021-07-20 01:30:00"
"809150",13,"1.85","2021-07-20 01:45:00"
"809118",13,"6.575","2021-01-04 21:30:00"
"809234",13,"5.675","2021-01-04 21:45:00"
"809341",13,"5.975","2021-01-04 22:00:00"
"809248",13,"0","2021-07-20 02:00:00"
"809358",13,"0","2021-07-20 02:15:00"
"809479",13,"0","2021-07-20 02:30:00"
"809440",13,"5.225","2021-01-04 22:15:00"
"809532",13,"5.3","2021-01-04 22:30:00"
"810691",13,"1.925","2021-07-20 05:15:00"
"810746",13,"2.075","2021-07-20 05:30:00"
"810948",13,"1.25","2021-06-09 04:00:00"
"811100",13,"1.7000000000000002","2021-06-09 04:15:00"
"811036",13,"5.3","2021-05-01 14:00:00"
"811130",13,"5.975","2021-05-01 14:15:00"
"811230",13,"6.35","2021-05-01 14:30:00"
"811351",13,"5.225","2021-05-01 14:45:00"
"811459",13,"5.525","2021-05-01 15:00:00"
"812384",13,"1.925","2021-06-09 07:15:00"
"812503",13,"1.775","2021-06-09 07:30:00"
"812611",13,"2.825","2021-06-09 07:45:00"
"812732",13,"2","2021-06-09 08:00:00"
"813956",13,"2.75","2021-06-09 08:15:00"
"812648",13,"4.55","2021-05-01 17:45:00"
"812743",13,"3.65","2021-05-01 18:00:00"
"812789",13,"1.325","2021-01-05 01:15:00"
"812843",13,"0.9500000000000001","2021-01-05 01:30:00"
"812897",13,"0","2021-01-05 01:45:00"
"814429",13,"3.575","2021-06-09 09:00:00"
"814605",13,"4.025","2021-06-09 09:15:00"
"814744",13,"4.325","2021-06-09 09:30:00"
"814725",13,"3.875","2021-05-01 19:45:00"
"814889",13,"3.725","2021-05-01 20:00:00"
"814869",13,"1.475","2021-07-20 07:15:00"
"815035",13,"0","2021-07-20 07:30:00"
"814910",13,"4.25","2021-06-09 09:45:00"
"815046",13,"3.8","2021-06-09 10:00:00"
"816023",13,"3.575","2021-06-09 11:30:00"
"816186",13,"3.65","2021-06-09 11:45:00"
"816339",13,"2.375","2021-06-09 12:00:00"
"816379",13,"0","2021-05-01 22:15:00"
"816530",13,"0","2021-05-01 22:30:00"
"816491",13,"3.425","2021-07-20 09:45:00"
"816666",13,"3.5","2021-07-20 10:00:00"
"816506",13,"3.65","2021-06-09 12:15:00"
"816659",13,"3.8","2021-06-09 12:30:00"
"817914",13,"4.625","2021-06-09 12:45:00"
"817733",13,"5.675","2021-01-05 10:15:00"
"820787",13,"5.9","2021-01-05 10:30:00"
"820841",13,"4.925","2021-01-05 10:45:00"
"818030",13,"4.25","2021-06-09 13:00:00"
"818187",13,"4.25","2021-06-09 13:15:00"
"817987",13,"1.775","2021-05-01 23:30:00"
"818138",13,"3.875","2021-05-01 23:45:00"
"818296",13,"3.575","2021-05-02 00:00:00"
"818451",13,"2.675","2021-05-02 00:15:00"
"818602",13,"2.075","2021-05-02 00:30:00"
"819652",13,"2.3","2021-06-09 15:30:00"
"819813",13,"0","2021-06-09 15:45:00"
"819580",13,"0","2021-05-02 02:00:00"
"820123",13,"3.05","2021-07-20 13:30:00"
"820328",13,"4.175","2021-07-20 13:45:00"
"820345",13,"0","2021-05-02 03:15:00"
"823803",13,"0","2021-05-02 03:30:00"
"823857",13,"0","2021-05-02 03:45:00"
"820447",13,"0","2021-06-09 16:45:00"
"820548",13,"0.8","2021-06-09 17:00:00"
"825518",13,"0","2021-01-05 19:15:00"
"825629",13,"1.25","2021-01-05 19:30:00"
"827785",13,"0","2021-01-05 19:45:00"
"825721",13,"0","2021-05-02 07:45:00"
"825775",13,"0","2021-05-02 08:00:00"
"828829",13,"0","2021-05-02 08:15:00"
"825885",13,"2.675","2021-07-20 19:45:00"
"825985",13,"2.15","2021-07-20 20:00:00"
"826096",13,"2.6","2021-07-20 20:15:00"
"826004",13,"1.7000000000000002","2021-06-09 22:30:00"
"826111",13,"1.4","2021-06-09 22:45:00"
"827277",13,"1.925","2021-07-20 23:00:00"
"827379",13,"2.525","2021-07-20 23:15:00"
"827488",13,"2","2021-07-20 23:30:00"
"827420",13,"1.325","2021-06-10 01:45:00"
"827526",13,"1.55","2021-06-10 02:00:00"
"827603",13,"2.3","2021-07-20 23:45:00"
"827741",13,"2.075","2021-07-21 00:00:00"
"827622",13,"1.775","2021-06-10 02:15:00"
"827710",13,"1.625","2021-06-10 02:30:00"
"829313",13,"1.625","2021-06-10 02:45:00"
"828379",13,"6.275","2021-01-05 22:30:00"
"828433",13,"5.075","2021-01-05 22:45:00"
"828487",13,"5.9","2021-01-05 23:00:00"
"828541",13,"6.125","2021-01-05 23:15:00"
"828595",13,"6.95","2021-01-05 23:30:00"
"828649",13,"5.675","2021-01-05 23:45:00"
"828703",13,"4.475","2021-01-06 00:00:00"
"828757",13,"3.8","2021-01-06 00:15:00"
"831811",13,"3.8","2021-01-06 00:30:00"
"831865",13,"4.325","2021-01-06 00:45:00"
"829922",13,"1.7000000000000002","2021-07-21 01:00:00"
"830145",13,"0","2021-07-21 01:15:00"
"830362",13,"2.225","2021-06-10 04:15:00"
"830473",13,"3.575","2021-06-10 04:30:00"
"830382",13,"5.3","2021-05-02 11:45:00"
"830593",13,"5.375","2021-05-02 12:00:00"
"830199",13,"0","2021-07-21 01:30:00"
"830253",13,"0","2021-07-21 01:45:00"
"830307",13,"1.7000000000000002","2021-07-21 02:00:00"
"831659",13,"2.375","2021-07-21 04:15:00"
"831713",13,"1.625","2021-07-21 04:30:00"
"831767",13,"2","2021-07-21 04:45:00"
"834919",13,"2.15","2021-07-21 05:00:00"
"835030",13,"2.6","2021-07-21 05:15:00"
"831919",13,"5.075","2021-01-06 01:00:00"
"831973",13,"2.9","2021-01-06 01:15:00"
"832027",13,"4.025","2021-01-06 01:30:00"
"832081",13,"3.575","2021-01-06 01:45:00"
"832135",13,"3.125","2021-01-06 02:00:00"
"833146",13,"4.775","2021-05-02 13:30:00"
"833229",13,"4.4","2021-05-02 13:45:00"
"833307",13,"4.925","2021-05-02 14:00:00"
"833395",13,"5.15","2021-05-02 14:15:00"
"833474",13,"4.325","2021-05-02 14:30:00"
"833592",13,"2.975","2021-06-10 08:45:00"
"833789",13,"3.95","2021-06-10 09:00:00"
"833555",13,"4.625","2021-05-02 14:45:00"
"833631",13,"4.7","2021-05-02 15:00:00"
"833699",13,"3.875","2021-05-02 15:15:00"
"834945",13,"2.825","2021-01-06 05:30:00"
"835049",13,"2.3","2021-01-06 05:45:00"
"835137",13,"2.525","2021-07-21 05:30:00"
"835225",13,"2.9","2021-07-21 05:45:00"
"835163",13,"2.9","2021-01-06 06:00:00"
"835274",13,"3.575","2021-01-06 06:15:00"
"835371",13,"4.55","2021-01-06 06:30:00"
"835354",13,"2.9","2021-07-21 06:00:00"
"835468",13,"2.975","2021-07-21 06:15:00"
"835574",13,"2.825","2021-07-21 06:30:00"
"836631",13,"1.775","2021-07-21 08:45:00"
"836685",13,"1.775","2021-07-21 09:00:00"
"792818",13,"0","2021-06-08 05:45:00"
"792884",13,"4.85","2021-01-04 05:30:00"
"793054",13,"3.575","2021-01-04 05:45:00"
"793220",13,"3.65","2021-01-04 06:00:00"
"794155",13,"2.45","2021-07-19 08:15:00"
"794209",13,"2.525","2021-07-19 08:30:00"
"794263",13,"3.125","2021-07-19 08:45:00"
"794317",13,"3.575","2021-07-19 09:00:00"
"794371",13,"3.05","2021-07-19 09:15:00"
"794425",13,"3.5","2021-07-19 09:30:00"
"794479",13,"3.65","2021-07-19 09:45:00"
"794533",13,"3.2","2021-07-19 10:00:00"
"794587",13,"2.525","2021-07-19 10:15:00"
"794641",13,"2.3","2021-07-19 10:30:00"
"795393",13,"3.725","2021-06-08 09:45:00"
"795398",13,"6.125","2021-04-30 21:00:00"
"795525",13,"6.2","2021-04-30 21:15:00"
"795632",13,"5.975","2021-04-30 21:30:00"
"795750",13,"6.05","2021-04-30 21:45:00"
"795493",13,"6.125","2021-06-08 10:00:00"
"795585",13,"4.775","2021-06-08 10:15:00"
"795690",13,"4.475","2021-06-08 10:30:00"
"795786",13,"4.55","2021-06-08 10:45:00"
"795871",13,"5.825","2021-06-08 11:00:00"
"796519",13,"4.025","2021-04-30 23:15:00"
"796662",13,"4.775","2021-04-30 23:30:00"
"796449",13,"6.5","2021-06-08 12:30:00"
"796581",13,"7.325","2021-06-08 12:45:00"
"796721",13,"5.9","2021-06-08 13:00:00"
"796563",13,"2.675","2021-07-19 11:15:00"
"796748",13,"1.85","2021-07-19 11:30:00"
"796835",13,"1.325","2021-07-19 11:45:00"
"796858",13,"5.3","2021-06-08 13:15:00"
"796969",13,"5.45","2021-06-08 13:30:00"
"798928",13,"4.85","2021-06-08 13:45:00"
"797373",13,"2.825","2021-07-19 12:30:00"
"797493",13,"2.525","2021-07-19 12:45:00"
"797597",13,"2.675","2021-07-19 13:00:00"
"797659",13,"6.425","2021-01-04 08:45:00"
"797771",13,"6.425","2021-01-04 09:00:00"
"797836",13,"7.1","2021-01-04 09:15:00"
"797693",13,"2.9","2021-07-19 13:15:00"
"798289",13,"2.075","2021-07-19 13:30:00"
"798343",13,"1.85","2021-07-19 13:45:00"
"797890",13,"7.25","2021-01-04 09:30:00"
"797944",13,"6.2","2021-01-04 09:45:00"
"799035",13,"4.775","2021-06-08 14:00:00"
"799141",13,"5.225","2021-06-08 14:15:00"
"799104",13,"6.125","2021-05-01 00:30:00"
"799200",13,"5.15","2021-05-01 00:45:00"
"799260",13,"5.3","2021-06-08 14:30:00"
"799362",13,"5.15","2021-06-08 14:45:00"
"799470",13,"5.525","2021-06-08 15:00:00"
"799316",13,"4.1","2021-05-01 01:00:00"
"799425",13,"4.1","2021-05-01 01:15:00"
"799527",13,"3.95","2021-05-01 01:30:00"
"800761",13,"1.85","2021-07-19 17:00:00"
"800957",13,"2.225","2021-07-19 17:15:00"
"801130",13,"3.2","2021-07-19 17:30:00"
"800800",13,"5.9","2021-01-04 12:30:00"
"800977",13,"6.125","2021-01-04 12:45:00"
"801216",13,"4.625","2021-01-04 13:00:00"
"801042",13,"3.875","2021-06-08 17:00:00"
"801226",13,"3.05","2021-06-08 17:15:00"
"801437",13,"3.5","2021-06-08 17:30:00"
"801241",13,"3.425","2021-05-01 03:45:00"
"801443",13,"3.05","2021-05-01 04:00:00"
"802482",13,"2.45","2021-07-19 19:45:00"
"802579",13,"2.15","2021-07-19 20:00:00"
"802493",13,"6.725","2021-01-04 15:15:00"
"802612",13,"5.825","2021-01-04 15:30:00"
"802696",13,"1.925","2021-07-19 20:15:00"
"804828",13,"2.375","2021-07-19 20:30:00"
"804905",13,"2.825","2021-07-19 20:45:00"
"802711",13,"5.825","2021-01-04 15:45:00"
"804798",13,"6.5","2021-01-04 16:00:00"
"805154",13,"6.875","2021-01-04 16:15:00"
"803979",13,"4.175","2021-06-08 21:00:00"
"804074",13,"2.75","2021-06-08 21:15:00"
"804183",13,"0","2021-06-08 21:30:00"
"804291",13,"2.975","2021-06-08 21:45:00"
"804411",13,"2.525","2021-06-08 22:00:00"
"804221",13,"0","2021-05-01 07:30:00"
"804328",13,"0","2021-05-01 07:45:00"
"804424",13,"3.275","2021-05-01 08:00:00"
"804539",13,"2.975","2021-05-01 08:15:00"
"804658",13,"3.65","2021-05-01 08:30:00"
"805546",13,"2.075","2021-07-19 22:45:00"
"805666",13,"1.475","2021-07-19 23:00:00"
"805772",13,"1.55","2021-07-19 23:15:00"
"805796",13,"5","2021-01-04 17:45:00"
"805903",13,"4.775","2021-01-04 18:00:00"
"805873",13,"2.6","2021-07-19 23:30:00"
"805988",13,"2.6","2021-07-19 23:45:00"
"806014",13,"4.625","2021-01-04 18:15:00"
"806108",13,"4.475","2021-01-04 18:30:00"
"806208",13,"4.175","2021-01-04 18:45:00"
"807314",13,"0","2021-06-09 00:00:00"
"807420",13,"0","2021-06-09 00:15:00"
"807534",13,"0","2021-06-09 00:30:00"
"807569",13,"5.525","2021-05-01 10:45:00"
"807688",13,"5.3","2021-05-01 11:00:00"
"807634",13,"1.25","2021-06-09 00:45:00"
"807728",13,"0","2021-06-09 01:00:00"
"807830",13,"1.925","2021-06-09 01:15:00"
"807813",13,"7.625","2021-05-01 11:15:00"
"807908",13,"6.05","2021-05-01 11:30:00"
"808003",13,"5.675","2021-05-01 11:45:00"
"808567",13,"2","2021-06-09 02:45:00"
"808678",13,"2.825","2021-06-09 03:00:00"
"808588",13,"5.975","2021-05-01 13:15:00"
"808693",13,"5.675","2021-05-01 13:30:00"
"810960",13,"7.7","2021-05-01 13:45:00"
"808741",13,"3.125","2021-06-09 03:15:00"
"810777",13,"3.2","2021-06-09 03:30:00"
"810849",13,"1.25","2021-06-09 03:45:00"
"808901",13,"9.05","2021-01-04 21:00:00"
"809004",13,"11.75","2021-01-04 21:15:00"
"810147",13,"2.45","2021-07-20 04:00:00"
"810242",13,"2.6","2021-07-20 04:15:00"
"810176",13,"2","2021-01-05 00:00:00"
"810293",13,"2.3","2021-01-05 00:15:00"
"810397",13,"2.825","2021-01-05 00:30:00"
"810356",13,"2.525","2021-07-20 04:30:00"
"810455",13,"2.45","2021-07-20 04:45:00"
"810582",13,"2.375","2021-07-20 05:00:00"
"810502",13,"2.675","2021-01-05 00:45:00"
"810601",13,"1.85","2021-01-05 01:00:00"
"811763",13,"2.3","2021-06-09 05:45:00"
"811861",13,"2.6","2021-06-09 06:00:00"
"811968",13,"2.45","2021-06-09 06:15:00"
"812070",13,"2.15","2021-06-09 06:30:00"
"812190",13,"2.45","2021-06-09 06:45:00"
"812295",13,"2.525","2021-06-09 07:00:00"
"812108",13,"5.075","2021-05-01 16:30:00"
"812207",13,"4.925","2021-05-01 16:45:00"
"812312",13,"5.825","2021-05-01 17:00:00"
"812432",13,"5.45","2021-05-01 17:15:00"
"812540",13,"5.3","2021-05-01 17:30:00"
"813491",13,"4.475","2021-01-05 04:30:00"
"813545",13,"3.275","2021-01-05 04:45:00"
"813599",13,"3.65","2021-01-05 05:00:00"
"813653",13,"3.8","2021-01-05 05:15:00"
"813707",13,"3.425","2021-01-05 05:30:00"
"813761",13,"3.05","2021-01-05 05:45:00"
"816815",13,"2.9","2021-01-05 06:00:00"
"816869",13,"3.2","2021-01-05 06:15:00"
"813805",13,"2.75","2021-05-01 18:15:00"
"813939",13,"3.125","2021-05-01 18:30:00"
"814084",13,"3.275","2021-05-01 18:45:00"
"815661",13,"0","2021-07-20 08:30:00"
"815841",13,"0","2021-07-20 08:45:00"
"815710",13,"3.35","2021-06-09 11:00:00"
"815863",13,"3.5","2021-06-09 11:15:00"
"815888",13,"4.025","2021-05-01 21:30:00"
"816044",13,"3.725","2021-05-01 21:45:00"
"816197",13,"3.275","2021-05-01 22:00:00"
"816006",13,"3.2","2021-07-20 09:00:00"
"816178",13,"3.875","2021-07-20 09:15:00"
"816322",13,"3.275","2021-07-20 09:30:00"
"817193",13,"4.625","2021-01-05 07:45:00"
"817247",13,"4.925","2021-01-05 08:00:00"
"817301",13,"4.85","2021-01-05 08:15:00"
"817355",13,"5.3","2021-01-05 08:30:00"
"817409",13,"5.675","2021-01-05 08:45:00"
"817463",13,"4.85","2021-01-05 09:00:00"
"817517",13,"5.975","2021-01-05 09:15:00"
"817571",13,"5.825","2021-01-05 09:30:00"
"817625",13,"5.975","2021-01-05 09:45:00"
"817679",13,"6.35","2021-01-05 10:00:00"
"818773",13,"3.35","2021-07-20 11:30:00"
"818929",13,"5.225","2021-07-20 11:45:00"
"819084",13,"4.625","2021-07-20 12:00:00"
"819249",13,"4.85","2021-07-20 12:15:00"
"819468",13,"4.175","2021-07-20 12:30:00"
"819263",13,"0","2021-05-02 01:30:00"
"819391",13,"0","2021-05-02 01:45:00"
"819205",13,"4.7","2021-06-09 14:45:00"
"819346",13,"3.725","2021-06-09 15:00:00"
"819481",13,"2.15","2021-06-09 15:15:00"
"820475",13,"3.95","2021-07-20 14:00:00"
"820583",13,"4.325","2021-07-20 14:15:00"
"820683",13,"4.25","2021-07-20 14:30:00"
"820664",13,"0.28","2021-06-09 17:15:00"
"821819",13,"0","2021-06-09 17:30:00"
"821873",13,"1.625","2021-06-09 17:45:00"
"820743",13,"4.25","2021-07-20 14:45:00"
"821916",13,"5.675","2021-07-20 15:00:00"
"822026",13,"4.1","2021-07-20 15:15:00"
"820895",13,"5.375","2021-01-05 11:00:00"
"820949",13,"5.375","2021-01-05 11:15:00"
"821597",13,"3.875","2021-01-05 14:15:00"
"821651",13,"3.95","2021-01-05 14:30:00"
"821705",13,"4.325","2021-01-05 14:45:00"
"821759",13,"1.325","2021-01-05 15:00:00"
"824086",13,"1.4","2021-01-05 15:15:00"
"821964",13,"2","2021-06-09 18:00:00"
"822071",13,"2","2021-06-09 18:15:00"
"822176",13,"2.825","2021-06-09 18:30:00"
"822138",13,"4.1","2021-07-20 15:30:00"
"822245",13,"4.775","2021-07-20 15:45:00"
"822840",13,"0.9500000000000001","2021-06-09 20:00:00"
"822934",13,"0","2021-06-09 20:15:00"
"822889",13,"2.675","2021-07-20 17:15:00"
"822994",13,"3.425","2021-07-20 17:30:00"
"823098",13,"3.35","2021-07-20 17:45:00"
"823057",13,"0","2021-06-09 20:30:00"
"823159",13,"0","2021-06-09 20:45:00"
"823258",13,"0","2021-06-09 21:00:00"
"823212",13,"3.5","2021-07-20 18:00:00"
"823322",13,"2.825","2021-07-20 18:15:00"
"823911",13,"0","2021-05-02 04:00:00"
"823965",13,"0","2021-05-02 04:15:00"
"824021",13,"0","2021-05-02 04:30:00"
"824116",13,"0","2021-05-02 04:45:00"
"824232",13,"0","2021-05-02 05:00:00"
"824197",13,"2.225","2021-01-05 15:30:00"
"824289",13,"3.425","2021-01-05 15:45:00"
"824384",13,"0","2021-05-02 05:15:00"
"824519",13,"0","2021-05-02 05:30:00"
"824917",13,"0","2021-05-02 05:45:00"
"825031",13,"0","2021-05-02 06:00:00"
"825136",13,"0","2021-05-02 06:15:00"
"825127",13,"2.075","2021-01-05 18:30:00"
"825249",13,"2.15","2021-01-05 18:45:00"
"825390",13,"1.55","2021-01-05 19:00:00"
"825233",13,"0","2021-05-02 06:30:00"
"825312",13,"0","2021-05-02 06:45:00"
"825409",13,"0","2021-05-02 07:00:00"
"825503",13,"0","2021-05-02 07:15:00"
"825604",13,"0","2021-05-02 07:30:00"
"826749",13,"2.375","2021-07-20 21:45:00"
"826852",13,"1.475","2021-07-20 22:00:00"
"826961",13,"1.4","2021-07-20 22:15:00"
"826866",13,"0","2021-06-10 00:30:00"
"826974",13,"0","2021-06-10 00:45:00"
"827080",13,"0.8","2021-07-20 22:30:00"
"827187",13,"0","2021-07-20 22:45:00"
"827071",13,"2.45","2021-06-10 01:00:00"
"827180",13,"2.225","2021-06-10 01:15:00"
"827306",13,"2","2021-06-10 01:30:00"
"828883",13,"0","2021-05-02 08:30:00"
"828937",13,"2.45","2021-05-02 08:45:00"
"828991",13,"2.825","2021-05-02 09:00:00"
"829045",13,"2.225","2021-05-02 09:15:00"
"829099",13,"2.375","2021-05-02 09:30:00"
"829153",13,"3.65","2021-05-02 09:45:00"
"829207",13,"3.725","2021-05-02 10:00:00"
"829262",13,"4.175","2021-05-02 10:15:00"
"829404",13,"5.075","2021-05-02 10:30:00"
"829605",13,"5.3","2021-05-02 10:45:00"
"830448",13,"0.9500000000000001","2021-07-21 02:15:00"
"830649",13,"1.625","2021-07-21 02:30:00"
"830842",13,"1.775","2021-07-21 02:45:00"
"830594",13,"4.175","2021-06-10 04:45:00"
"830706",13,"4.475","2021-06-10 05:00:00"
"830826",13,"3.8","2021-06-10 05:15:00"
"830798",13,"4.55","2021-05-02 12:15:00"
"831008",13,"5","2021-05-02 12:30:00"
"832906",13,"4.775","2021-05-02 12:45:00"
"831043",13,"1.775","2021-07-21 03:00:00"
"831237",13,"0","2021-07-21 03:15:00"
"832189",13,"3.5","2021-01-06 02:15:00"
"832243",13,"2.975","2021-01-06 02:30:00"
"832297",13,"3.875","2021-01-06 02:45:00"
"832351",13,"3.575","2021-01-06 03:00:00"
"832405",13,"4.025","2021-01-06 03:15:00"
"832459",13,"4.1","2021-01-06 03:30:00"
"832513",13,"3.425","2021-01-06 03:45:00"
"832567",13,"1.925","2021-01-06 04:00:00"
"832621",13,"2.825","2021-01-06 04:15:00"
"832675",13,"3.05","2021-01-06 04:30:00"
"833778",13,"5.45","2021-05-02 15:30:00"
"833863",13,"2.9","2021-05-02 15:45:00"
"833938",13,"3.125","2021-05-02 16:00:00"
"833946",13,"2.75","2021-06-10 09:15:00"
"834064",13,"3.575","2021-06-10 09:30:00"
"834155",13,"4.325","2021-06-10 09:45:00"
"834036",13,"3.8","2021-05-02 16:15:00"
"834166",13,"4.625","2021-05-02 16:30:00"
"834284",13,"4.1","2021-06-10 10:00:00"
"834403",13,"3.5","2021-06-10 10:15:00"
"835475",13,"5.6","2021-01-06 06:45:00"
"835586",13,"4.775","2021-01-06 07:00:00"
"835686",13,"3.35","2021-01-06 07:15:00"
"835688",13,"2.525","2021-07-21 06:45:00"
"835776",13,"2.3","2021-07-21 07:00:00"
"835814",13,"4.775","2021-01-06 07:30:00"
"835905",13,"4.1","2021-01-06 07:45:00"
"835902",13,"3.275","2021-07-21 07:15:00"
"836011",13,"2.675","2021-07-21 07:30:00"
"836159",13,"2.75","2021-07-21 07:45:00"
"837193",13,"4.625","2021-06-10 13:45:00"
"836739",13,"2.675","2021-07-21 09:15:00"
"838086",13,"2.675","2021-07-21 09:30:00"
"838219",13,"2.975","2021-07-21 09:45:00"
"836923",13,"3.275","2021-06-10 12:30:00"
"836977",13,"2.9","2021-06-10 12:45:00"
"837031",13,"0","2021-06-10 13:00:00"
"837085",13,"2.525","2021-06-10 13:15:00"
"837139",13,"2.15","2021-06-10 13:30:00"
"842554",13,"0","2021-06-10 22:00:00"
"842688",13,"0","2021-06-10 22:15:00"
"842826",13,"0","2021-06-10 22:30:00"
"842763",13,"3.05","2021-07-21 15:00:00"
"842904",13,"1.325","2021-07-21 15:15:00"
"843029",13,"3.425","2021-07-21 15:30:00"
"842986",13,"0.28","2021-06-10 22:45:00"
"843112",13,"0.5","2021-06-10 23:00:00"
"843275",13,"1.025","2021-06-10 23:15:00"
"843188",13,"8.83","2021-01-06 17:00:00"
"843466",13,"7.025","2021-01-06 17:15:00"
"844387",13,"0","2021-07-21 17:30:00"
"844532",13,"0","2021-07-21 17:45:00"
"844687",13,"0","2021-07-21 18:00:00"
"844754",13,"0","2021-05-02 23:15:00"
"845005",13,"0","2021-05-02 23:30:00"
"844665",13,"6.425","2021-01-06 18:15:00"
"844944",13,"6.125","2021-01-06 18:30:00"
"845134",13,"0.88","2021-01-06 18:45:00"
"844616",13,"1.55","2021-06-11 01:15:00"
"844799",13,"0","2021-06-11 01:30:00"
"845785",13,"0","2021-06-11 01:45:00"
"845947",13,"0","2021-06-11 02:30:00"
"846001",13,"0","2021-06-11 02:45:00"
"846055",13,"0","2021-06-11 03:00:00"
"846174",13,"0","2021-06-11 03:15:00"
"846313",13,"1.1","2021-06-11 03:30:00"
"846290",13,"2.75","2021-01-06 19:30:00"
"846370",13,"3.125","2021-01-06 19:45:00"
"846453",13,"2.975","2021-01-06 20:00:00"
"846470",13,"1.475","2021-06-11 03:45:00"
"846629",13,"1.25","2021-06-11 04:00:00"
"846782",13,"0","2021-06-11 04:15:00"
"847162",13,"3.65","2021-01-06 21:30:00"
"847324",13,"4.175","2021-01-06 21:45:00"
"847161",13,"0","2021-05-03 03:00:00"
"847346",13,"1.925","2021-05-03 03:15:00"
"847493",13,"2.075","2021-05-03 03:30:00"
"847570",13,"2.9","2021-07-21 19:30:00"
"847906",13,"3.125","2021-07-21 19:45:00"
"848200",13,"2.825","2021-07-21 20:00:00"
"847492",13,"4.175","2021-01-06 22:00:00"
"847649",13,"4.025","2021-01-06 22:15:00"
"847814",13,"4.1","2021-01-06 22:30:00"
"848774",13,"0","2021-05-03 05:30:00"
"848881",13,"0","2021-05-03 05:45:00"
"848982",13,"0","2021-05-03 06:00:00"
"848875",13,"2.525","2021-07-21 20:45:00"
"849086",13,"2.15","2021-07-21 21:00:00"
"849257",13,"1.625","2021-07-21 21:15:00"
"849811",13,"0","2021-06-11 11:15:00"
"849865",13,"0","2021-06-11 11:30:00"
"849074",13,"0","2021-05-03 06:15:00"
"849145",13,"0","2021-05-03 06:30:00"
"850284",13,"1.85","2021-06-11 13:00:00"
"850386",13,"2.45","2021-06-11 13:15:00"
"850505",13,"1.25","2021-06-11 13:30:00"
"850646",13,"1.175","2021-06-11 13:45:00"
"850729",13,"3.125","2021-01-07 00:45:00"
"850881",13,"3.35","2021-01-07 01:00:00"
"851000",13,"2.975","2021-01-07 01:15:00"
"850810",13,"2.525","2021-06-11 14:00:00"
"850989",13,"2.375","2021-06-11 14:15:00"
"851124",13,"2.6","2021-06-11 14:30:00"
"852071",13,"1.85","2021-07-22 02:00:00"
"852125",13,"2","2021-07-22 02:15:00"
"852179",13,"2.075","2021-07-22 02:30:00"
"852233",13,"1.325","2021-07-22 02:45:00"
"852287",13,"0","2021-07-22 03:00:00"
"852428",13,"0","2021-07-22 03:15:00"
"852580",13,"0","2021-07-22 03:30:00"
"852380",13,"0","2021-05-03 08:00:00"
"852585",13,"0","2021-05-03 08:15:00"
"852732",13,"0","2021-05-03 08:30:00"
"853189",13,"1.4","2021-01-07 04:00:00"
"855150",13,"1.1","2021-01-07 04:15:00"
"855433",13,"0","2021-01-07 04:30:00"
"853283",13,"0","2021-05-03 09:30:00"
"853337",13,"2.825","2021-05-03 09:45:00"
"853391",13,"3.275","2021-05-03 10:00:00"
"853445",13,"3.2","2021-05-03 10:15:00"
"853499",13,"3.725","2021-05-03 10:30:00"
"853553",13,"4.025","2021-05-03 10:45:00"
"853607",13,"4.475","2021-05-03 11:00:00"
"855208",13,"2.15","2021-06-11 20:30:00"
"855370",13,"2.15","2021-06-11 20:45:00"
"854897",13,"0","2021-07-22 04:30:00"
"854951",13,"0","2021-07-22 04:45:00"
"855005",13,"1.25","2021-07-22 05:00:00"
"855072",13,"0","2021-07-22 05:15:00"
"855300",13,"0","2021-07-22 05:30:00"
"855183",13,"5.975","2021-05-03 12:00:00"
"855362",13,"4.625","2021-05-03 12:15:00"
"856354",13,"2","2021-06-11 22:15:00"
"856531",13,"2.675","2021-06-11 22:30:00"
"856740",13,"2.225","2021-06-11 22:45:00"
"856629",13,"1.775","2021-07-22 07:00:00"
"856833",13,"2.15","2021-07-22 07:15:00"
"857015",13,"2.075","2021-07-22 07:30:00"
"856773",13,"5.9","2021-05-03 13:45:00"
"857006",13,"5.3","2021-05-03 14:00:00"
"857324",13,"4.775","2021-05-03 14:15:00"
"856939",13,"2.225","2021-06-11 23:00:00"
"857141",13,"2.225","2021-06-11 23:15:00"
"857349",13,"2.375","2021-06-11 23:30:00"
"858019",13,"3.2","2021-01-07 07:15:00"
"858189",13,"2.975","2021-01-07 07:30:00"
"858341",13,"2.6","2021-01-07 07:45:00"
"858394",13,"2.675","2021-05-03 15:45:00"
"858569",13,"3.575","2021-05-03 16:00:00"
"858676",13,"4.25","2021-05-03 16:15:00"
"859544",13,"2.15","2021-06-12 01:00:00"
"859676",13,"2.525","2021-06-12 01:15:00"
"858486",13,"2.15","2021-01-07 08:00:00"
"858582",13,"2.075","2021-01-07 08:15:00"
"859146",13,"1.625","2021-05-03 17:45:00"
"859236",13,"1.475","2021-05-03 18:00:00"
"859317",13,"1.025","2021-05-03 18:15:00"
"859388",13,"1.4","2021-05-03 18:30:00"
"859463",13,"1.325","2021-05-03 18:45:00"
"859506",13,"2.675","2021-07-22 09:30:00"
"859677",13,"2.45","2021-07-22 09:45:00"
"859847",13,"2.15","2021-07-22 10:00:00"
"859543",13,"1.55","2021-05-03 19:00:00"
"859729",13,"0","2021-05-03 19:15:00"
"860809",13,"5.15","2021-07-22 12:00:00"
"860927",13,"5.15","2021-07-22 12:15:00"
"861033",13,"5.45","2021-07-22 12:30:00"
"861106",13,"0.8","2021-05-03 21:00:00"
"862821",13,"1.025","2021-05-03 21:15:00"
"861127",13,"4.85","2021-07-22 12:45:00"
"861229",13,"5.075","2021-07-22 13:00:00"
"863787",13,"4.55","2021-07-22 13:15:00"
"861392",13,"2.15","2021-06-12 03:30:00"
"861484",13,"2.225","2021-06-12 03:45:00"
"862587",13,"5.75","2021-01-07 12:30:00"
"862641",13,"4.85","2021-01-07 12:45:00"
"862695",13,"5.15","2021-01-07 13:00:00"
"862749",13,"7.25","2021-01-07 13:15:00"
"864392",13,"5.6","2021-01-07 13:30:00"
"862875",13,"1.4","2021-05-03 21:30:00"
"862929",13,"1.7000000000000002","2021-05-03 21:45:00"
"862983",13,"1.325","2021-05-03 22:00:00"
"863037",13,"1.4","2021-05-03 22:15:00"
"863091",13,"2.15","2021-05-03 22:30:00"
"864226",13,"5.375","2021-07-22 14:45:00"
"819756",13,"0","2021-05-02 02:15:00"
"819915",13,"0.9500000000000001","2021-05-02 02:30:00"
"819611",13,"4.625","2021-07-20 12:45:00"
"819766",13,"5.3","2021-07-20 13:00:00"
"819930",13,"3.875","2021-07-20 13:15:00"
"819977",13,"0","2021-06-09 16:00:00"
"820119",13,"0.73","2021-06-09 16:15:00"
"820279",13,"0","2021-06-09 16:30:00"
"821003",13,"5.825","2021-01-05 11:30:00"
"821057",13,"5.3","2021-01-05 11:45:00"
"821111",13,"5.075","2021-01-05 12:00:00"
"821165",13,"4.55","2021-01-05 12:15:00"
"821219",13,"5.75","2021-01-05 12:30:00"
"821273",13,"5.3","2021-01-05 12:45:00"
"821327",13,"4.775","2021-01-05 13:00:00"
"821381",13,"3.95","2021-01-05 13:15:00"
"821435",13,"3.65","2021-01-05 13:30:00"
"821489",13,"5.675","2021-01-05 13:45:00"
"821543",13,"4.475","2021-01-05 14:00:00"
"822292",13,"2.45","2021-06-09 18:45:00"
"822389",13,"1.925","2021-06-09 19:00:00"
"822360",13,"0","2021-07-20 16:00:00"
"822468",13,"0","2021-07-20 16:15:00"
"822560",13,"3.8","2021-07-20 16:30:00"
"822502",13,"2.675","2021-06-09 19:15:00"
"822618",13,"2.45","2021-06-09 19:30:00"
"822725",13,"2.45","2021-06-09 19:45:00"
"822674",13,"3.5","2021-07-20 16:45:00"
"822776",13,"3.2","2021-07-20 17:00:00"
"823372",13,"3.125","2021-06-09 21:15:00"
"823474",13,"3.05","2021-06-09 21:30:00"
"823433",13,"2.675","2021-07-20 18:30:00"
"823543",13,"2.375","2021-07-20 18:45:00"
"823645",13,"2.45","2021-07-20 19:00:00"
"823590",13,"2.825","2021-06-09 21:45:00"
"825793",13,"2","2021-06-09 22:00:00"
"825890",13,"0","2021-06-09 22:15:00"
"823715",13,"2.75","2021-07-20 19:15:00"
"823769",13,"2.375","2021-07-20 19:30:00"
"824370",13,"4.1","2021-01-05 16:00:00"
"824456",13,"3.35","2021-01-05 16:15:00"
"824549",13,"3.95","2021-01-05 16:30:00"
"824624",13,"4.85","2021-01-05 16:45:00"
"824687",13,"3.8","2021-01-05 17:00:00"
"824741",13,"3.725","2021-01-05 17:15:00"
"824795",13,"3.725","2021-01-05 17:30:00"
"824849",13,"3.2","2021-01-05 17:45:00"
"824914",13,"2.9","2021-01-05 18:00:00"
"825016",13,"2.825","2021-01-05 18:15:00"
"826200",13,"2.825","2021-07-20 20:30:00"
"826305",13,"2.975","2021-07-20 20:45:00"
"826412",13,"2.675","2021-07-20 21:00:00"
"826228",13,"2.225","2021-06-09 23:00:00"
"826332",13,"0","2021-06-09 23:15:00"
"826436",13,"0","2021-06-09 23:30:00"
"826541",13,"2.375","2021-07-20 21:15:00"
"826648",13,"2.9","2021-07-20 21:30:00"
"826529",13,"0","2021-06-09 23:45:00"
"826639",13,"0","2021-06-10 00:00:00"
"826754",13,"0","2021-06-10 00:15:00"
"827839",13,"0","2021-01-05 20:00:00"
"827893",13,"5.675","2021-01-05 20:15:00"
"827947",13,"5.15","2021-01-05 20:30:00"
"828001",13,"5.9","2021-01-05 20:45:00"
"828055",13,"5.375","2021-01-05 21:00:00"
"828109",13,"5","2021-01-05 21:15:00"
"828163",13,"4.25","2021-01-05 21:30:00"
"828217",13,"5.075","2021-01-05 21:45:00"
"828271",13,"4.85","2021-01-05 22:00:00"
"828325",13,"4.925","2021-01-05 22:15:00"
"829466",13,"1.925","2021-06-10 03:00:00"
"829609",13,"1.4","2021-06-10 03:15:00"
"829394",13,"2.45","2021-07-21 00:15:00"
"829534",13,"2.525","2021-07-21 00:30:00"
"829699",13,"2.15","2021-07-21 00:45:00"
"829763",13,"6.05","2021-05-02 11:00:00"
"829927",13,"5.45","2021-05-02 11:15:00"
"830053",13,"5.6","2021-05-02 11:30:00"
"829762",13,"1.55","2021-06-10 03:30:00"
"829879",13,"1.4","2021-06-10 03:45:00"
"830028",13,"0","2021-06-10 04:00:00"
"830943",13,"3.725","2021-06-10 05:30:00"
"831057",13,"2.3","2021-06-10 05:45:00"
"831154",13,"2.6","2021-06-10 06:00:00"
"831235",13,"2.3","2021-06-10 06:15:00"
"831309",13,"3.125","2021-06-10 06:30:00"
"831419",13,"0","2021-07-21 03:30:00"
"831551",13,"0","2021-07-21 03:45:00"
"831605",13,"1.85","2021-07-21 04:00:00"
"831388",13,"3.95","2021-06-10 06:45:00"
"831467",13,"4.025","2021-06-10 07:00:00"
"832789",13,"5","2021-06-10 07:15:00"
"832729",13,"1.925","2021-01-06 04:45:00"
"834783",13,"1.85","2021-01-06 05:00:00"
"834837",13,"2.6","2021-01-06 05:15:00"
"832843",13,"4.025","2021-06-10 07:30:00"
"832933",13,"4.325","2021-06-10 07:45:00"
"832987",13,"5.525","2021-05-02 13:00:00"
"833067",13,"4.325","2021-05-02 13:15:00"
"833112",13,"4.775","2021-06-10 08:00:00"
"833266",13,"4.025","2021-06-10 08:15:00"
"833419",13,"4.325","2021-06-10 08:30:00"
"834255",13,"3.65","2021-05-02 16:45:00"
"834347",13,"5.075","2021-05-02 17:00:00"
"834443",13,"4.25","2021-05-02 17:15:00"
"834491",13,"4.475","2021-06-10 10:30:00"
"834545",13,"5","2021-06-10 10:45:00"
"834599",13,"5.6","2021-06-10 11:00:00"
"834653",13,"5.975","2021-06-10 11:15:00"
"834707",13,"4.025","2021-06-10 11:30:00"
"834761",13,"4.1","2021-06-10 11:45:00"
"836815",13,"3.875","2021-06-10 12:00:00"
"836869",13,"3.2","2021-06-10 12:15:00"
"836012",13,"5.525","2021-01-06 08:00:00"
"836099",13,"4.55","2021-01-06 08:15:00"
"836182",13,"5.075","2021-01-06 08:30:00"
"836269",13,"7.1","2021-01-06 08:45:00"
"836354",13,"6.275","2021-01-06 09:00:00"
"836299",13,"2.825","2021-07-21 08:00:00"
"836454",13,"1.7000000000000002","2021-07-21 08:15:00"
"836577",13,"2.3","2021-07-21 08:30:00"
"836439",13,"7.775","2021-01-06 09:15:00"
"836516",13,"8.22","2021-01-06 09:30:00"
"838147",13,"8.15","2021-01-06 09:45:00"
"837733",13,"1.325","2021-06-10 16:15:00"
"840609",13,"0","2021-06-10 16:30:00"
"840701",13,"0.8","2021-06-10 16:45:00"
"837827",13,"3.65","2021-05-02 17:30:00"
"837881",13,"2.825","2021-05-02 17:45:00"
"837935",13,"1.925","2021-05-02 18:00:00"
"837989",13,"0","2021-05-02 18:15:00"
"838043",13,"0","2021-05-02 18:30:00"
"838176",13,"0","2021-05-02 18:45:00"
"838363",13,"0","2021-05-02 19:00:00"
"838778",13,"7.7","2021-01-06 10:30:00"
"838974",13,"7.025","2021-01-06 10:45:00"
"839169",13,"9.05","2021-01-06 11:00:00"
"838899",13,"3.8","2021-07-21 11:15:00"
"839015",13,"3.425","2021-07-21 11:30:00"
"839224",13,"0","2021-05-02 20:00:00"
"839409",13,"2.975","2021-05-02 20:15:00"
"839128",13,"0","2021-07-21 11:45:00"
"839241",13,"3.65","2021-07-21 12:00:00"
"839362",13,"3.95","2021-07-21 12:15:00"
"839749",13,"8.15","2021-01-06 11:45:00"
"839934",13,"8.68","2021-01-06 12:00:00"
"840078",13,"8.08","2021-01-06 12:15:00"
"840115",13,"0","2021-05-02 21:15:00"
"840253",13,"0","2021-05-02 21:30:00"
"840418",13,"0","2021-05-02 21:45:00"
"840209",13,"3.35","2021-07-21 13:45:00"
"840371",13,"2.9","2021-07-21 14:00:00"
"842310",13,"3.875","2021-07-21 14:15:00"
"840270",13,"6.875","2021-01-06 12:30:00"
"840424",13,"7.7","2021-01-06 12:45:00"
"840511",13,"7.775","2021-01-06 13:00:00"
"841057",13,"2.75","2021-06-10 17:45:00"
"841111",13,"1.025","2021-06-10 18:00:00"
"841165",13,"1.1","2021-06-10 18:15:00"
"841219",13,"0","2021-06-10 18:30:00"
"841273",13,"0","2021-06-10 18:45:00"
"841327",13,"0.9500000000000001","2021-06-10 19:00:00"
"841381",13,"1.475","2021-06-10 19:15:00"
"841435",13,"1.1","2021-06-10 19:30:00"
"841489",13,"0","2021-06-10 19:45:00"
"841543",13,"0","2021-06-10 20:00:00"
"842105",13,"7.7","2021-01-06 15:45:00"
"842210",13,"7.7","2021-01-06 16:00:00"
"842294",13,"0","2021-06-10 21:30:00"
"842417",13,"0","2021-06-10 21:45:00"
"842472",13,"4.475","2021-07-21 14:30:00"
"842626",13,"3.425","2021-07-21 14:45:00"
"842456",13,"8.75","2021-01-06 16:15:00"
"842675",13,"7.85","2021-01-06 16:30:00"
"842897",13,"8.75","2021-01-06 16:45:00"
"843768",13,"1.55","2021-06-11 00:00:00"
"843932",13,"0.9500000000000001","2021-06-11 00:15:00"
"844110",13,"0.28","2021-06-11 00:30:00"
"843792",13,"3.425","2021-01-06 17:30:00"
"844064",13,"5.15","2021-01-06 17:45:00"
"844374",13,"7.025","2021-01-06 18:00:00"
"844048",13,"2.9","2021-07-21 17:00:00"
"844223",13,"2.15","2021-07-21 17:15:00"
"844274",13,"1.4","2021-06-11 00:45:00"
"844445",13,"1.475","2021-06-11 01:00:00"
"845447",13,"0","2021-05-03 01:00:00"
"845501",13,"0","2021-05-03 01:15:00"
"845555",13,"0","2021-05-03 01:30:00"
"845609",13,"0","2021-05-03 01:45:00"
"845663",13,"0","2021-05-03 02:00:00"
"845717",13,"0","2021-05-03 02:15:00"
"845771",13,"0","2021-05-03 02:30:00"
"846969",13,"0","2021-05-03 02:45:00"
"845839",13,"0","2021-06-11 02:00:00"
"845893",13,"0","2021-06-11 02:15:00"
"847680",13,"0","2021-05-03 03:45:00"
"847835",13,"0","2021-05-03 04:00:00"
"847955",13,"0","2021-06-11 10:00:00"
"848264",13,"0","2021-06-11 10:15:00"
"847974",13,"4.175","2021-01-06 22:45:00"
"848161",13,"4.175","2021-01-06 23:00:00"
"848012",13,"0","2021-05-03 04:15:00"
"848168",13,"0","2021-05-03 04:30:00"
"848327",13,"0","2021-05-03 04:45:00"
"849231",13,"0","2021-05-03 06:45:00"
"849307",13,"0","2021-05-03 07:00:00"
"851289",13,"0","2021-05-03 07:15:00"
"849385",13,"2.825","2021-07-21 21:30:00"
"849439",13,"2.75","2021-07-21 21:45:00"
"849493",13,"2.3","2021-07-21 22:00:00"
"849547",13,"2.3","2021-07-21 22:15:00"
"849601",13,"0","2021-07-21 22:30:00"
"849655",13,"2.075","2021-07-21 22:45:00"
"849709",13,"2","2021-07-21 23:00:00"
"850864",13,"0.9500000000000001","2021-07-22 00:00:00"
"851164",13,"0","2021-07-22 00:15:00"
"851138",13,"2.6","2021-01-07 01:30:00"
"851275",13,"2.825","2021-01-07 01:45:00"
"851504",13,"2.675","2021-01-07 02:00:00"
"851407",13,"1.775","2021-06-11 14:45:00"
"851570",13,"1.4","2021-06-11 15:00:00"
"851350",13,"0","2021-07-22 00:30:00"
"851539",13,"0","2021-07-22 00:45:00"
"851694",13,"2.525","2021-07-22 01:00:00"
"852683",13,"0","2021-01-07 02:45:00"
"852848",13,"1.925","2021-01-07 03:00:00"
"852958",13,"2.15","2021-01-07 03:15:00"
"852722",13,"0","2021-07-22 03:45:00"
"854789",13,"0","2021-07-22 04:00:00"
"854843",13,"1.1","2021-07-22 04:15:00"
"852901",13,"0","2021-05-03 08:45:00"
"853008",13,"0","2021-05-03 09:00:00"
"853229",13,"0","2021-05-03 09:15:00"
"853056",13,"2.15","2021-01-07 03:30:00"
"853135",13,"1.85","2021-01-07 03:45:00"
"854269",13,"0","2021-06-11 18:00:00"
"854323",13,"0.35000000000000003","2021-06-11 18:15:00"
"854377",13,"2.3","2021-06-11 18:30:00"
"854431",13,"1.7000000000000002","2021-06-11 18:45:00"
"854485",13,"2.075","2021-06-11 19:00:00"
"854539",13,"2.3","2021-06-11 19:15:00"
"854593",13,"2","2021-06-11 19:30:00"
"854647",13,"2.225","2021-06-11 19:45:00"
"854701",13,"2.45","2021-06-11 20:00:00"
"854755",13,"2.375","2021-06-11 20:15:00"
"856024",13,"1.7000000000000002","2021-06-11 21:45:00"
"856163",13,"1.925","2021-06-11 22:00:00"
"856100",13,"1.55","2021-07-22 06:15:00"
"856265",13,"1.925","2021-07-22 06:30:00"
"856426",13,"0","2021-07-22 06:45:00"
"856266",13,"5.375","2021-05-03 13:15:00"
"856540",13,"5","2021-05-03 13:30:00"
"856527",13,"2.3","2021-01-07 05:30:00"
"856748",13,"2.75","2021-01-07 05:45:00"
"857613",13,"3.125","2021-01-07 06:45:00"
"857831",13,"3.5","2021-01-07 07:00:00"
"857646",13,"0","2021-07-22 08:15:00"
"857860",13,"1.625","2021-07-22 08:30:00"
"858997",13,"0","2021-07-22 08:45:00"
"858081",13,"3.875","2021-05-03 15:15:00"
"858235",13,"4.4","2021-05-03 15:30:00"
"858004",13,"2.3","2021-06-12 00:15:00"
"858148",13,"2.225","2021-06-12 00:30:00"
"858339",13,"2.45","2021-06-12 00:45:00"
"859832",13,"2.45","2021-06-12 01:30:00"
"859998",13,"2.15","2021-06-12 01:45:00"
"860198",13,"2.45","2021-06-12 02:00:00"
"859890",13,"0","2021-05-03 19:30:00"
"860070",13,"0","2021-05-03 19:45:00"
"860248",13,"0","2021-05-03 20:00:00"
"860001",13,"3.125","2021-07-22 10:15:00"
"860107",13,"4.4","2021-07-22 10:30:00"
"860251",13,"3.95","2021-07-22 10:45:00"
"860348",13,"4.55","2021-07-22 11:00:00"
"860458",13,"5.375","2021-07-22 11:15:00"
"861473",13,"4.4","2021-01-07 09:15:00"
"861589",13,"3.875","2021-01-07 09:30:00"
"861586",13,"2","2021-06-12 04:00:00"
"861686",13,"2","2021-06-12 04:15:00"
"861790",13,"2","2021-06-12 04:30:00"
"861707",13,"3.725","2021-01-07 09:45:00"
"861821",13,"5.3","2021-01-07 10:00:00"
"861945",13,"5.75","2021-01-07 10:15:00"
"861877",13,"1.85","2021-06-12 04:45:00"
"861985",13,"1.925","2021-06-12 05:00:00"
"862091",13,"1.625","2021-06-12 05:15:00"
"863145",13,"2.15","2021-05-03 22:45:00"
"863199",13,"1.625","2021-05-03 23:00:00"
"863253",13,"1.85","2021-05-03 23:15:00"
"863307",13,"1.55","2021-05-03 23:30:00"
"863361",13,"1.55","2021-05-03 23:45:00"
"863415",13,"1.775","2021-05-04 00:00:00"
"863469",13,"0","2021-05-04 00:15:00"
"864334",13,"5.15","2021-07-22 15:00:00"
"864570",13,"2.6","2021-06-12 06:45:00"
"864721",13,"2.075","2021-06-12 07:00:00"
"864553",13,"4.025","2021-01-07 13:45:00"
"864795",13,"4.25","2021-01-07 14:00:00"
"864911",13,"4.325","2021-07-22 16:00:00"
"865006",13,"5.9","2021-01-07 14:15:00"
"865057",13,"3.575","2021-07-22 16:15:00"
"869312",13,"4.475","2021-06-12 13:00:00"
"869483",13,"0","2021-06-12 13:15:00"
"869448",13,"3.425","2021-07-22 21:00:00"
"869626",13,"3.05","2021-07-22 21:15:00"
"869499",13,"0","2021-01-07 19:45:00"
"869656",13,"0","2021-01-07 20:00:00"
"869645",13,"1.25","2021-06-12 13:30:00"
"869791",13,"2.15","2021-06-12 13:45:00"
"869940",13,"2.675","2021-06-12 14:00:00"
"870819",13,"0","2021-05-04 06:30:00"
"870873",13,"0","2021-05-04 06:45:00"
"870927",13,"0","2021-05-04 07:00:00"
"870981",13,"1.7000000000000002","2021-05-04 07:15:00"
"871035",13,"0","2021-05-04 07:30:00"
"871089",13,"0","2021-05-04 07:45:00"
"871143",13,"0","2021-05-04 08:00:00"
"871197",13,"2.225","2021-05-04 08:15:00"
"871251",13,"2.15","2021-05-04 08:30:00"
"871339",13,"2.45","2021-05-04 08:45:00"
"873075",13,"1.475","2021-06-12 16:15:00"
"873129",13,"0","2021-06-12 16:30:00"
"873183",13,"0","2021-06-12 16:45:00"
"873276",13,"0","2021-06-12 17:00:00"
"873382",13,"0","2021-06-12 17:15:00"
"873239",13,"1.475","2021-01-07 22:45:00"
"873349",13,"2.675","2021-01-07 23:00:00"
"873448",13,"2.975","2021-01-07 23:15:00"
"873509",13,"1.7000000000000002","2021-06-12 17:30:00"
"873617",13,"1.925","2021-06-12 17:45:00"
"874665",13,"1.1","2021-01-08 02:45:00"
"874719",13,"0","2021-01-08 03:00:00"
"874773",13,"0","2021-01-08 03:15:00"
"877227",13,"0","2021-01-08 03:30:00"
"877360",13,"0","2021-01-08 03:45:00"
"874845",13,"3.425","2021-05-04 11:15:00"
"874899",13,"3.65","2021-05-04 11:30:00"
"874953",13,"3.35","2021-05-04 11:45:00"
"875007",13,"2.9","2021-05-04 12:00:00"
"875061",13,"3.875","2021-05-04 12:15:00"
"875785",13,"4.025","2021-07-23 04:15:00"
"875802",13,"4.7","2021-05-04 14:30:00"
"875892",13,"2.975","2021-07-23 04:30:00"
"875997",13,"2.825","2021-07-23 04:45:00"
"876089",13,"2.225","2021-07-23 05:00:00"
"875911",13,"3.5","2021-05-04 14:45:00"
"876022",13,"3.35","2021-05-04 15:00:00"
"876143",13,"4.25","2021-05-04 15:15:00"
"876198",13,"1.625","2021-07-23 05:15:00"
"876297",13,"1.7000000000000002","2021-07-23 05:30:00"
"876351",13,"0","2021-07-23 05:45:00"
"877483",13,"0","2021-06-12 22:00:00"
"877593",13,"0","2021-06-12 22:15:00"
"877460",13,"1.475","2021-01-08 04:00:00"
"877566",13,"3.05","2021-01-08 04:15:00"
"877696",13,"0","2021-06-12 22:30:00"
"877799",13,"0","2021-06-12 22:45:00"
"877887",13,"0","2021-06-12 23:00:00"
"877679",13,"2","2021-01-08 04:30:00"
"877792",13,"2.15","2021-01-08 04:45:00"
"877919",13,"1.925","2021-01-08 05:00:00"
"879033",13,"1.4","2021-05-04 16:45:00"
"879087",13,"3.35","2021-05-04 17:00:00"
"879141",13,"2.9","2021-05-04 17:15:00"
"879219",13,"2.6","2021-05-04 17:30:00"
"879336",13,"2.75","2021-05-04 17:45:00"
"879444",13,"2.375","2021-05-04 18:00:00"
"879552",13,"2.15","2021-05-04 18:15:00"
"879659",13,"2.225","2021-05-04 18:30:00"
"879491",13,"3.125","2021-07-23 08:30:00"
"879599",13,"2.825","2021-07-23 08:45:00"
"880755",13,"6.2","2021-07-23 12:15:00"
"883747",13,"4.4","2021-07-23 12:30:00"
"883850",13,"5.9","2021-07-23 12:45:00"
"880911",13,"0","2021-06-13 00:45:00"
"880965",13,"2.15","2021-06-13 01:00:00"
"881019",13,"2.45","2021-06-13 01:15:00"
"881073",13,"2","2021-06-13 01:30:00"
"881127",13,"1.7000000000000002","2021-06-13 01:45:00"
"881181",13,"1.175","2021-06-13 02:00:00"
"881235",13,"0","2021-06-13 02:15:00"
"837247",13,"3.35","2021-06-10 14:00:00"
"837301",13,"3.5","2021-06-10 14:15:00"
"837355",13,"3.05","2021-06-10 14:30:00"
"837409",13,"2.6","2021-06-10 14:45:00"
"837463",13,"2.45","2021-06-10 15:00:00"
"837517",13,"0","2021-06-10 15:15:00"
"837571",13,"0","2021-06-10 15:30:00"
"837625",13,"0","2021-06-10 15:45:00"
"837679",13,"2.375","2021-06-10 16:00:00"
"838390",13,"8","2021-01-06 10:00:00"
"838585",13,"7.1","2021-01-06 10:15:00"
"838327",13,"3.2","2021-07-21 10:00:00"
"838441",13,"2.825","2021-07-21 10:15:00"
"838553",13,"3.05","2021-07-21 10:30:00"
"838665",13,"3.275","2021-07-21 10:45:00"
"838777",13,"3.65","2021-07-21 11:00:00"
"838587",13,"0","2021-05-02 19:15:00"
"838810",13,"0","2021-05-02 19:30:00"
"839011",13,"1.4","2021-05-02 19:45:00"
"839378",13,"8.08","2021-01-06 11:15:00"
"839570",13,"8.08","2021-01-06 11:30:00"
"839491",13,"4.025","2021-07-21 12:30:00"
"839601",13,"3.35","2021-07-21 12:45:00"
"839616",13,"2.6","2021-05-02 20:30:00"
"839797",13,"0","2021-05-02 20:45:00"
"839943",13,"2.225","2021-05-02 21:00:00"
"839727",13,"3.8","2021-07-21 13:00:00"
"839871",13,"3.65","2021-07-21 13:15:00"
"840053",13,"3.05","2021-07-21 13:30:00"
"843181",13,"1.175","2021-05-02 22:00:00"
"843484",13,"0","2021-05-02 22:15:00"
"840565",13,"8","2021-01-06 13:15:00"
"840643",13,"7.925","2021-01-06 13:30:00"
"840766",13,"6.8","2021-01-06 13:45:00"
"840875",13,"5.75","2021-01-06 14:00:00"
"841781",13,"7.925","2021-01-06 14:15:00"
"840809",13,"1.775","2021-06-10 17:00:00"
"840916",13,"2.075","2021-06-10 17:15:00"
"841003",13,"2.75","2021-06-10 17:30:00"
"841597",13,"0","2021-06-10 20:15:00"
"841651",13,"0","2021-06-10 20:30:00"
"841705",13,"0","2021-06-10 20:45:00"
"841759",13,"0","2021-06-10 21:00:00"
"842172",13,"0","2021-06-10 21:15:00"
"841835",13,"8.53","2021-01-06 14:30:00"
"841889",13,"8.22","2021-01-06 14:45:00"
"841943",13,"5.9","2021-01-06 15:00:00"
"841997",13,"7.625","2021-01-06 15:15:00"
"842051",13,"9.12","2021-01-06 15:30:00"
"843201",13,"3.05","2021-07-21 15:45:00"
"843382",13,"2.825","2021-07-21 16:00:00"
"843451",13,"1.625","2021-06-10 23:30:00"
"843590",13,"0","2021-06-10 23:45:00"
"843565",13,"2.9","2021-07-21 16:15:00"
"843710",13,"3.125","2021-07-21 16:30:00"
"843881",13,"2.15","2021-07-21 16:45:00"
"843811",13,"2.675","2021-05-02 22:30:00"
"844108",13,"2.3","2021-05-02 22:45:00"
"844414",13,"0","2021-05-02 23:00:00"
"844889",13,"0","2021-07-21 18:15:00"
"845022",13,"0","2021-07-21 18:30:00"
"845163",13,"0","2021-05-02 23:45:00"
"845231",13,"0","2021-05-03 00:00:00"
"845285",13,"0","2021-05-03 00:15:00"
"846111",13,"4.55","2021-01-06 19:00:00"
"846199",13,"3.65","2021-01-06 19:15:00"
"845339",13,"0","2021-05-03 00:30:00"
"845393",13,"0","2021-05-03 00:45:00"
"846537",13,"3.35","2021-01-06 20:15:00"
"846618",13,"4.175","2021-01-06 20:30:00"
"846703",13,"3.425","2021-01-06 20:45:00"
"846829",13,"3.65","2021-01-06 21:00:00"
"846986",13,"4.475","2021-01-06 21:15:00"
"846747",13,"0","2021-07-21 18:45:00"
"846998",13,"2","2021-07-21 19:00:00"
"847272",13,"2.9","2021-07-21 19:15:00"
"847069",13,"2.075","2021-06-11 04:30:00"
"847351",13,"1.775","2021-06-11 04:45:00"
"847671",13,"1.475","2021-06-11 05:00:00"
"848487",13,"2.375","2021-07-21 20:15:00"
"848678",13,"2.15","2021-07-21 20:30:00"
"848344",13,"4.175","2021-01-06 23:15:00"
"848501",13,"3.425","2021-01-06 23:30:00"
"850197",13,"4.7","2021-01-06 23:45:00"
"848507",13,"0","2021-05-03 05:00:00"
"848636",13,"0","2021-05-03 05:15:00"
"848543",13,"0","2021-06-11 10:30:00"
"848726",13,"0","2021-06-11 10:45:00"
"848930",13,"0","2021-06-11 11:00:00"
"849763",13,"1.85","2021-07-21 23:15:00"
"850606",13,"1.625","2021-07-21 23:30:00"
"850750",13,"0.65","2021-07-21 23:45:00"
"849919",13,"0","2021-06-11 11:45:00"
"849973",13,"0","2021-06-11 12:00:00"
"850027",13,"1.925","2021-06-11 12:15:00"
"850096",13,"2.075","2021-06-11 12:30:00"
"850178",13,"1.55","2021-06-11 12:45:00"
"850306",13,"3.95","2021-01-07 00:00:00"
"850422",13,"4.175","2021-01-07 00:15:00"
"850540",13,"3.725","2021-01-07 00:30:00"
"851529",13,"0","2021-05-03 07:30:00"
"851760",13,"0","2021-05-03 07:45:00"
"851813",13,"2.825","2021-01-07 02:15:00"
"852490",13,"1.775","2021-01-07 02:30:00"
"851752",13,"2.225","2021-06-11 15:15:00"
"852372",13,"1.625","2021-06-11 15:30:00"
"853783",13,"1.325","2021-06-11 15:45:00"
"851900",13,"2.075","2021-07-22 01:15:00"
"851963",13,"1.7000000000000002","2021-07-22 01:30:00"
"852017",13,"2.525","2021-07-22 01:45:00"
"853661",13,"4.625","2021-05-03 11:15:00"
"853715",13,"4.7","2021-05-03 11:30:00"
"853769",13,"5.825","2021-05-03 11:45:00"
"853837",13,"1.7000000000000002","2021-06-11 16:00:00"
"853891",13,"1.475","2021-06-11 16:15:00"
"853945",13,"1.025","2021-06-11 16:30:00"
"853999",13,"1.025","2021-06-11 16:45:00"
"854053",13,"1.4","2021-06-11 17:00:00"
"854107",13,"1.4","2021-06-11 17:15:00"
"854161",13,"1.625","2021-06-11 17:30:00"
"854215",13,"0.9500000000000001","2021-06-11 17:45:00"
"855618",13,"1.25","2021-07-22 05:45:00"
"855855",13,"0","2021-07-22 06:00:00"
"855524",13,"4.925","2021-05-03 12:30:00"
"855691",13,"4.175","2021-05-03 12:45:00"
"855986",13,"5.3","2021-05-03 13:00:00"
"855562",13,"2.225","2021-06-11 21:00:00"
"855733",13,"2.15","2021-06-11 21:15:00"
"855861",13,"2.075","2021-06-11 21:30:00"
"855699",13,"1.25","2021-01-07 04:45:00"
"855958",13,"1.1","2021-01-07 05:00:00"
"856234",13,"0","2021-01-07 05:15:00"
"857000",13,"2.75","2021-01-07 06:00:00"
"857177",13,"2.375","2021-01-07 06:15:00"
"857405",13,"2.675","2021-01-07 06:30:00"
"857216",13,"2.075","2021-07-22 07:45:00"
"857386",13,"0.9500000000000001","2021-07-22 08:00:00"
"857558",13,"2.375","2021-06-11 23:45:00"
"857770",13,"2.525","2021-06-12 00:00:00"
"857527",13,"4.325","2021-05-03 14:30:00"
"857741",13,"5.45","2021-05-03 14:45:00"
"857927",13,"4.55","2021-05-03 15:00:00"
"858692",13,"2.675","2021-01-07 08:30:00"
"858777",13,"2.6","2021-01-07 08:45:00"
"861340",13,"2.675","2021-01-07 09:00:00"
"858795",13,"3.5","2021-05-03 16:30:00"
"858849",13,"3.575","2021-05-03 16:45:00"
"858908",13,"2.975","2021-05-03 17:00:00"
"858989",13,"3.05","2021-05-03 17:15:00"
"859064",13,"1.775","2021-05-03 17:30:00"
"859170",13,"1.775","2021-07-22 09:00:00"
"859312",13,"2.675","2021-07-22 09:15:00"
"860402",13,"2.45","2021-06-12 02:15:00"
"860599",13,"2","2021-06-12 02:30:00"
"860488",13,"0","2021-05-03 20:15:00"
"860709",13,"1.175","2021-05-03 20:30:00"
"860882",13,"1.4","2021-05-03 20:45:00"
"860569",13,"5","2021-07-22 11:30:00"
"860680",13,"5.3","2021-07-22 11:45:00"
"860800",13,"2.375","2021-06-12 02:45:00"
"860998",13,"2","2021-06-12 03:00:00"
"861251",13,"2.075","2021-06-12 03:15:00"
"862057",13,"5.375","2021-01-07 10:30:00"
"862159",13,"5.45","2021-01-07 10:45:00"
"862255",13,"5.3","2021-01-07 11:00:00"
"862206",13,"1.475","2021-06-12 05:30:00"
"864035",13,"1.475","2021-06-12 05:45:00"
"862317",13,"5.3","2021-01-07 11:15:00"
"862371",13,"3.95","2021-01-07 11:30:00"
"862425",13,"5.075","2021-01-07 11:45:00"
"862479",13,"4.475","2021-01-07 12:00:00"
"862533",13,"4.25","2021-01-07 12:15:00"
"863685",13,"0","2021-05-04 01:15:00"
"863739",13,"0","2021-05-04 01:30:00"
"866793",13,"0","2021-05-04 01:45:00"
"863841",13,"5.675","2021-07-22 13:30:00"
"863895",13,"5.375","2021-07-22 13:45:00"
"863949",13,"5.45","2021-07-22 14:00:00"
"864024",13,"5.9","2021-07-22 14:15:00"
"864128",13,"5.675","2021-07-22 14:30:00"
"864147",13,"1.775","2021-06-12 06:00:00"
"864265",13,"1.85","2021-06-12 06:15:00"
"864399",13,"2","2021-06-12 06:30:00"
"865198",13,"8.53","2021-01-07 14:30:00"
"865375",13,"6.275","2021-01-07 14:45:00"
"865527",13,"3.875","2021-01-07 15:00:00"
"865640",13,"3.275","2021-07-22 17:15:00"
"865790",13,"3.275","2021-07-22 17:30:00"
"865658",13,"2.6","2021-06-12 08:30:00"
"865828",13,"0.8","2021-06-12 08:45:00"
"865721",13,"2.225","2021-01-07 15:15:00"
"865883",13,"0","2021-01-07 15:30:00"
"866337",13,"3.2","2021-06-12 09:45:00"
"866446",13,"3.425","2021-06-12 10:00:00"
"866558",13,"2.825","2021-06-12 10:15:00"
"866557",13,"0","2021-01-07 17:00:00"
"866613",13,"1.7000000000000002","2021-01-07 17:15:00"
"866667",13,"2","2021-01-07 17:30:00"
"866721",13,"0","2021-01-07 17:45:00"
"866775",13,"0","2021-01-07 18:00:00"
"868553",13,"0","2021-01-07 18:15:00"
"866847",13,"0","2021-05-04 02:00:00"
"866901",13,"0","2021-05-04 02:15:00"
"866955",13,"0","2021-05-04 02:30:00"
"867549",13,"0","2021-05-04 05:15:00"
"867603",13,"0","2021-05-04 05:30:00"
"867657",13,"0","2021-05-04 05:45:00"
"867711",13,"0","2021-05-04 06:00:00"
"867765",13,"0","2021-05-04 06:15:00"
"867884",13,"2.9","2021-06-12 10:30:00"
"867992",13,"2.525","2021-06-12 10:45:00"
"868061",13,"3.65","2021-07-22 18:30:00"
"868148",13,"4.175","2021-07-22 18:45:00"
"868714",13,"0","2021-01-07 18:30:00"
"868869",13,"0","2021-01-07 18:45:00"
"868832",13,"2.225","2021-06-12 12:15:00"
"868989",13,"2.675","2021-06-12 12:30:00"
"869151",13,"2.675","2021-06-12 12:45:00"
"868952",13,"3.5","2021-07-22 20:15:00"
"869111",13,"3.275","2021-07-22 20:30:00"
"869289",13,"3.35","2021-07-22 20:45:00"
"869048",13,"0","2021-01-07 19:00:00"
"869193",13,"0","2021-01-07 19:15:00"
"869354",13,"0","2021-01-07 19:30:00"
"870284",13,"3.05","2021-07-22 22:15:00"
"871280",13,"2.3","2021-07-22 22:30:00"
"871382",13,"2.975","2021-07-22 22:45:00"
"870428",13,"2.975","2021-06-12 14:45:00"
"872805",13,"2.75","2021-06-12 15:00:00"
"872859",13,"2.45","2021-06-12 15:15:00"
"870531",13,"2.525","2021-01-07 21:30:00"
"870585",13,"2.675","2021-01-07 21:45:00"
"870639",13,"3.2","2021-01-07 22:00:00"
"870693",13,"3.5","2021-01-07 22:15:00"
"870747",13,"1.4","2021-01-07 22:30:00"
"871980",13,"4.4","2021-05-04 10:15:00"
"872038",13,"2.825","2021-07-23 00:15:00"
"872084",13,"4.25","2021-05-04 10:30:00"
"872150",13,"2.45","2021-07-23 00:30:00"
"872256",13,"2.975","2021-07-23 00:45:00"
"872198",13,"3.875","2021-05-04 10:45:00"
"874791",13,"3.425","2021-05-04 11:00:00"
"872325",13,"3.875","2021-07-23 01:00:00"
"872379",13,"3.875","2021-07-23 01:15:00"
"872433",13,"3.5","2021-07-23 01:30:00"
"873546",13,"1.85","2021-01-07 23:30:00"
"873654",13,"1.775","2021-01-07 23:45:00"
"873762",13,"0","2021-01-08 00:00:00"
"873708",13,"1.625","2021-06-12 18:00:00"
"873833",13,"0","2021-06-12 18:15:00"
"873941",13,"0","2021-06-12 18:30:00"
"873870",13,"0","2021-01-08 00:15:00"
"873975",13,"0","2021-01-08 00:30:00"
"874051",13,"0","2021-06-12 18:45:00"
"874159",13,"0","2021-06-12 19:00:00"
"875115",13,"4.925","2021-05-04 12:30:00"
"875169",13,"4.625","2021-05-04 12:45:00"
"875223",13,"4.475","2021-05-04 13:00:00"
"875277",13,"3.95","2021-05-04 13:15:00"
"875373",13,"4.85","2021-05-04 13:30:00"
"875479",13,"4.475","2021-05-04 13:45:00"
"875590",13,"5.45","2021-05-04 14:00:00"
"875704",13,"3.95","2021-05-04 14:15:00"
"875566",13,"2.15","2021-07-23 03:45:00"
"875662",13,"3.125","2021-07-23 04:00:00"
"879161",13,"2.675","2021-07-23 07:45:00"
"879274",13,"2.525","2021-07-23 08:00:00"
"879383",13,"2.45","2021-07-23 08:15:00"
"876885",13,"0","2021-06-12 20:00:00"
"876939",13,"2.225","2021-06-12 20:15:00"
"876993",13,"1.7000000000000002","2021-06-12 20:30:00"
"877047",13,"0","2021-06-12 20:45:00"
"877101",13,"0","2021-06-12 21:00:00"
"877176",13,"0","2021-06-12 21:15:00"
"877274",13,"0","2021-06-12 21:30:00"
"877367",13,"0","2021-06-12 21:45:00"
"880803",13,"1.325","2021-06-13 00:15:00"
"880857",13,"0","2021-06-13 00:30:00"
"878529",13,"1.55","2021-01-08 06:45:00"
"878583",13,"1.7000000000000002","2021-01-08 07:00:00"
"878637",13,"1.925","2021-01-08 07:15:00"
"878691",13,"2.225","2021-01-08 07:30:00"
"878745",13,"2.675","2021-01-08 07:45:00"
"878871",13,"2.375","2021-05-04 16:00:00"
"878925",13,"1.775","2021-05-04 16:15:00"
"878979",13,"1.55","2021-05-04 16:30:00"
"880298",13,"0.8","2021-05-04 20:00:00"
"882789",13,"0","2021-05-04 20:15:00"
"880249",13,"4.025","2021-07-23 10:15:00"
"880350",13,"4.25","2021-07-23 10:30:00"
"880431",13,"3.35","2021-07-23 10:45:00"
"880485",13,"3.575","2021-07-23 11:00:00"
"880539",13,"3.95","2021-07-23 11:15:00"
"881289",13,"1.4","2021-06-13 02:30:00"
"881894",13,"0","2021-06-13 04:00:00"
"882009",13,"0","2021-06-13 04:15:00"
"882119",13,"1.4","2021-06-13 04:30:00"
"881913",13,"3.2","2021-01-08 09:15:00"
"882010",13,"2.6","2021-01-08 09:30:00"
"882116",13,"2.3","2021-01-08 09:45:00"
"882216",13,"2.15","2021-06-13 04:45:00"
"884089",13,"0","2021-06-13 05:00:00"
"882231",13,"2","2021-01-08 10:00:00"
"882285",13,"3.35","2021-01-08 10:15:00"
"882339",13,"2.825","2021-01-08 10:30:00"
"887355",13,"1.925","2021-05-05 03:30:00"
"887409",13,"2.075","2021-05-05 03:45:00"
"887463",13,"2","2021-05-05 04:00:00"
"887517",13,"0.9500000000000001","2021-05-05 04:15:00"
"887571",13,"1.475","2021-05-05 04:30:00"
"887625",13,"1.625","2021-05-05 04:45:00"
"887679",13,"1.475","2021-05-05 05:00:00"
"887733",13,"0","2021-05-05 05:15:00"
"890787",13,"0","2021-05-05 05:30:00"
"890841",13,"0","2021-05-05 05:45:00"
"890895",13,"0","2021-05-05 06:00:00"
"889353",13,"3.05","2021-07-23 20:00:00"
"889530",13,"2.6","2021-07-23 20:15:00"
"889036",13,"4.925","2021-06-13 12:15:00"
"889090",13,"6.95","2021-06-13 12:30:00"
"889145",13,"6.425","2021-06-13 12:45:00"
"889199",13,"6.125","2021-06-13 13:00:00"
"889253",13,"5.75","2021-06-13 13:15:00"
"889307",13,"5.225","2021-06-13 13:30:00"
"889407",13,"5.075","2021-06-13 13:45:00"
"889547",13,"4.7","2021-06-13 14:00:00"
"890715",13,"3.125","2021-01-08 21:30:00"
"890769",13,"2.6","2021-01-08 21:45:00"
"893182",13,"2.6","2021-01-08 22:00:00"
"890949",13,"0","2021-05-05 06:15:00"
"891003",13,"0","2021-05-05 06:30:00"
"891057",13,"1.475","2021-05-05 06:45:00"
"891111",13,"0","2021-05-05 07:00:00"
"891165",13,"0","2021-05-05 07:15:00"
"891219",13,"0","2021-05-05 07:30:00"
"891273",13,"0","2021-05-05 07:45:00"
"892346",13,"5.45","2021-06-13 14:15:00"
"892405",13,"5.225","2021-06-13 14:30:00"
"892459",13,"5.45","2021-06-13 14:45:00"
"892513",13,"4.475","2021-06-13 15:00:00"
"892567",13,"4.925","2021-06-13 15:15:00"
"892621",13,"5.15","2021-06-13 15:30:00"
"892675",13,"4.925","2021-06-13 15:45:00"
"892729",13,"4.1","2021-06-13 16:00:00"
"892790",13,"4.55","2021-06-13 16:15:00"
"892889",13,"4.025","2021-06-13 16:30:00"
"894098",13,"0","2021-01-08 23:45:00"
"894201",13,"0","2021-01-09 00:00:00"
"894034",13,"2.6","2021-07-24 02:15:00"
"895833",13,"1.7000000000000002","2021-07-24 02:30:00"
"895887",13,"2.375","2021-07-24 02:45:00"
"894745",13,"4.475","2021-06-13 18:30:00"
"896799",13,"4.625","2021-06-13 18:45:00"
"894255",13,"0","2021-01-09 00:15:00"
"894309",13,"0","2021-01-09 00:30:00"
"894363",13,"0","2021-01-09 00:45:00"
"895029",13,"3.125","2021-05-05 11:15:00"
"895083",13,"3.575","2021-05-05 11:30:00"
"895137",13,"3.725","2021-05-05 11:45:00"
"895191",13,"4.1","2021-05-05 12:00:00"
"895245",13,"4.625","2021-05-05 12:15:00"
"895299",13,"4.85","2021-05-05 12:30:00"
"895353",13,"5.75","2021-05-05 12:45:00"
"895407",13,"4.775","2021-05-05 13:00:00"
"895461",13,"5.525","2021-05-05 13:15:00"
"895515",13,"6.425","2021-05-05 13:30:00"
"896751",13,"0","2021-07-24 06:45:00"
"899805",13,"0","2021-07-24 07:00:00"
"899859",13,"0","2021-07-24 07:15:00"
"896853",13,"4.1","2021-06-13 19:00:00"
"896984",13,"3.875","2021-06-13 19:15:00"
"897112",13,"4.775","2021-06-13 19:30:00"
"896953",13,"4.4","2021-05-05 15:00:00"
"897040",13,"4.85","2021-05-05 15:15:00"
"897134",13,"4.55","2021-05-05 15:30:00"
"897279",13,"4.625","2021-06-13 19:45:00"
"897385",13,"4.55","2021-06-13 20:00:00"
"898404",13,"1.7000000000000002","2021-05-05 19:00:00"
"898518",13,"1.775","2021-05-05 19:15:00"
"898610",13,"0","2021-01-09 03:00:00"
"898711",13,"2.3","2021-01-09 03:15:00"
"898752",13,"3.35","2021-06-13 22:15:00"
"898858",13,"3.2","2021-06-13 22:30:00"
"898822",13,"0","2021-01-09 03:30:00"
"898930",13,"0","2021-01-09 03:45:00"
"899034",13,"0","2021-01-09 04:00:00"
"900183",13,"0","2021-07-24 08:45:00"
"900237",13,"0","2021-07-24 09:00:00"
"900291",13,"0","2021-07-24 09:15:00"
"900345",13,"0","2021-07-24 09:30:00"
"900399",13,"2.525","2021-07-24 09:45:00"
"900453",13,"4.025","2021-07-24 10:00:00"
"900507",13,"3.2","2021-07-24 10:15:00"
"900561",13,"3.95","2021-07-24 10:30:00"
"900615",13,"4.925","2021-07-24 10:45:00"
"900669",13,"5.075","2021-07-24 11:00:00"
"901825",13,"5.225","2021-06-13 23:30:00"
"901879",13,"5.075","2021-06-13 23:45:00"
"901933",13,"4.625","2021-06-14 00:00:00"
"901987",13,"4.1","2021-06-14 00:15:00"
"902041",13,"4.775","2021-06-14 00:30:00"
"902095",13,"4.625","2021-06-14 00:45:00"
"902149",13,"5.975","2021-06-14 01:00:00"
"902203",13,"5.15","2021-06-14 01:15:00"
"904797",13,"3.65","2021-06-14 04:00:00"
"904851",13,"3.2","2021-06-14 04:15:00"
"903415",13,"4.625","2021-01-09 10:00:00"
"903469",13,"4.1","2021-01-09 10:15:00"
"903523",13,"3.575","2021-01-09 10:30:00"
"903577",13,"2.975","2021-01-09 10:45:00"
"903631",13,"3.05","2021-01-09 11:00:00"
"903685",13,"2.75","2021-01-09 11:15:00"
"903739",13,"4.025","2021-01-09 11:30:00"
"905067",13,"2.75","2021-06-14 05:15:00"
"905121",13,"3.125","2021-06-14 05:30:00"
"905175",13,"3.5","2021-06-14 05:45:00"
"905229",13,"3.5","2021-06-14 06:00:00"
"905283",13,"3.5","2021-06-14 06:15:00"
"905337",13,"2.375","2021-06-14 06:30:00"
"905391",13,"0","2021-06-14 06:45:00"
"905445",13,"0","2021-06-14 07:00:00"
"905499",13,"0","2021-06-14 07:15:00"
"905569",13,"0","2021-06-14 07:30:00"
"906629",13,"3.65","2021-07-24 17:00:00"
"906739",13,"2.9","2021-07-24 17:15:00"
"906847",13,"2.6","2021-07-24 17:30:00"
"906730",13,"3.725","2021-01-09 15:00:00"
"906837",13,"2.375","2021-01-09 15:15:00"
"906915",13,"1.775","2021-01-09 15:30:00"
"906993",13,"2.075","2021-07-24 17:45:00"
"907099",13,"2.075","2021-07-24 18:00:00"
"907015",13,"2.75","2021-01-09 15:45:00"
"907123",13,"2.15","2021-01-09 16:00:00"
"907667",13,"2.6","2021-07-24 20:15:00"
"907721",13,"2.45","2021-07-24 20:30:00"
"907775",13,"2.6","2021-07-24 20:45:00"
"909356",13,"0","2021-07-24 21:00:00"
"909473",13,"2.675","2021-07-24 21:15:00"
"863523",13,"0","2021-05-04 00:30:00"
"863577",13,"0","2021-05-04 00:45:00"
"863631",13,"0","2021-05-04 01:00:00"
"864496",13,"4.025","2021-07-22 15:15:00"
"864629",13,"4.85","2021-07-22 15:30:00"
"864764",13,"2.975","2021-07-22 15:45:00"
"864860",13,"2.225","2021-06-12 07:15:00"
"865004",13,"0","2021-06-12 07:30:00"
"865193",13,"3.425","2021-07-22 16:30:00"
"865351",13,"3.875","2021-07-22 16:45:00"
"865504",13,"3.275","2021-07-22 17:00:00"
"865165",13,"0","2021-06-12 07:45:00"
"865326",13,"1.55","2021-06-12 08:00:00"
"865490",13,"2.3","2021-06-12 08:15:00"
"865962",13,"2.825","2021-07-22 17:45:00"
"867834",13,"3.125","2021-07-22 18:00:00"
"867949",13,"3.125","2021-07-22 18:15:00"
"866002",13,"1.55","2021-06-12 09:00:00"
"866123",13,"1.775","2021-06-12 09:15:00"
"866244",13,"2","2021-06-12 09:30:00"
"866029",13,"0","2021-01-07 15:45:00"
"866128",13,"0","2021-01-07 16:00:00"
"866224",13,"0","2021-01-07 16:15:00"
"866346",13,"0","2021-01-07 16:30:00"
"866453",13,"0","2021-01-07 16:45:00"
"867009",13,"0","2021-05-04 02:45:00"
"867063",13,"0","2021-05-04 03:00:00"
"867117",13,"0","2021-05-04 03:15:00"
"867171",13,"0","2021-05-04 03:30:00"
"867225",13,"0","2021-05-04 03:45:00"
"867279",13,"0","2021-05-04 04:00:00"
"867333",13,"0","2021-05-04 04:15:00"
"867387",13,"0","2021-05-04 04:30:00"
"867441",13,"0","2021-05-04 04:45:00"
"867495",13,"0","2021-05-04 05:00:00"
"868108",13,"2.075","2021-06-12 11:00:00"
"868232",13,"2.375","2021-06-12 11:15:00"
"868343",13,"2.225","2021-06-12 11:30:00"
"868255",13,"4.775","2021-07-22 19:00:00"
"868360",13,"5","2021-07-22 19:15:00"
"868492",13,"4.55","2021-07-22 19:30:00"
"868458",13,"2.3","2021-06-12 11:45:00"
"868641",13,"2.45","2021-06-12 12:00:00"
"868649",13,"4.25","2021-07-22 19:45:00"
"868798",13,"4.25","2021-07-22 20:00:00"
"869784",13,"3.05","2021-07-22 21:30:00"
"869949",13,"3.275","2021-07-22 21:45:00"
"870139",13,"3.575","2021-07-22 22:00:00"
"869848",13,"0","2021-01-07 20:15:00"
"870008",13,"0","2021-01-07 20:30:00"
"870151",13,"2.675","2021-01-07 20:45:00"
"870094",13,"2.9","2021-06-12 14:15:00"
"870265",13,"2.75","2021-06-12 14:30:00"
"870323",13,"2.9","2021-01-07 21:00:00"
"870475",13,"2.525","2021-01-07 21:15:00"
"871489",13,"2.975","2021-07-22 23:00:00"
"871612",13,"3.65","2021-07-22 23:15:00"
"871452",13,"2.6","2021-05-04 09:00:00"
"871548",13,"1.925","2021-05-04 09:15:00"
"871655",13,"5.3","2021-05-04 09:30:00"
"871759",13,"4.475","2021-05-04 09:45:00"
"871870",13,"4.175","2021-05-04 10:00:00"
"871725",13,"2.975","2021-07-22 23:30:00"
"871829",13,"2.75","2021-07-22 23:45:00"
"871924",13,"2.825","2021-07-23 00:00:00"
"872487",13,"3.275","2021-07-23 01:45:00"
"872541",13,"3.35","2021-07-23 02:00:00"
"872595",13,"2.675","2021-07-23 02:15:00"
"872649",13,"2.225","2021-07-23 02:30:00"
"872703",13,"3.125","2021-07-23 02:45:00"
"872757",13,"2.675","2021-07-23 03:00:00"
"875350",13,"2.3","2021-07-23 03:15:00"
"875457",13,"2.375","2021-07-23 03:30:00"
"872913",13,"1.025","2021-06-12 15:30:00"
"872967",13,"0","2021-06-12 15:45:00"
"873021",13,"2.075","2021-06-12 16:00:00"
"874083",13,"1.85","2021-01-08 00:45:00"
"874190",13,"1.775","2021-01-08 01:00:00"
"874302",13,"2","2021-01-08 01:15:00"
"874261",13,"0","2021-06-12 19:15:00"
"874377",13,"0","2021-06-12 19:30:00"
"876831",13,"0","2021-06-12 19:45:00"
"874395",13,"0","2021-01-08 01:30:00"
"874449",13,"0","2021-01-08 01:45:00"
"874503",13,"2.075","2021-01-08 02:00:00"
"874557",13,"1.55","2021-01-08 02:15:00"
"874611",13,"0","2021-01-08 02:30:00"
"876244",13,"2.375","2021-05-04 15:30:00"
"878817",13,"2.75","2021-05-04 15:45:00"
"876405",13,"0","2021-07-23 06:00:00"
"876459",13,"0","2021-07-23 06:15:00"
"876513",13,"0","2021-07-23 06:30:00"
"876567",13,"2.15","2021-07-23 06:45:00"
"876621",13,"2.3","2021-07-23 07:00:00"
"876675",13,"3.05","2021-07-23 07:15:00"
"876729",13,"3.125","2021-07-23 07:30:00"
"878010",13,"0","2021-06-12 23:15:00"
"878013",13,"1.1","2021-01-08 05:15:00"
"878112",13,"0","2021-01-08 05:30:00"
"878220",13,"0","2021-01-08 05:45:00"
"878337",13,"0","2021-01-08 06:00:00"
"878127",13,"0","2021-06-12 23:30:00"
"878234",13,"2.825","2021-06-12 23:45:00"
"878334",13,"2.9","2021-06-13 00:00:00"
"878421",13,"1.925","2021-01-08 06:15:00"
"878475",13,"1.7000000000000002","2021-01-08 06:30:00"
"879756",13,"1.925","2021-05-04 18:45:00"
"879869",13,"1.625","2021-05-04 19:00:00"
"879708",13,"3.425","2021-07-23 09:00:00"
"879822",13,"3.575","2021-07-23 09:15:00"
"879929",13,"4.25","2021-07-23 09:30:00"
"879979",13,"1.325","2021-05-04 19:15:00"
"880089",13,"1.325","2021-05-04 19:30:00"
"880196",13,"1.325","2021-05-04 19:45:00"
"880036",13,"2.525","2021-07-23 09:45:00"
"880142",13,"2.675","2021-07-23 10:00:00"
"881351",13,"0","2021-06-13 02:45:00"
"881470",13,"0","2021-06-13 03:00:00"
"881378",13,"3.05","2021-01-08 08:00:00"
"881469",13,"2.675","2021-01-08 08:15:00"
"881565",13,"3.425","2021-01-08 08:30:00"
"881596",13,"0","2021-06-13 03:15:00"
"881684",13,"0","2021-06-13 03:30:00"
"881780",13,"0","2021-06-13 03:45:00"
"881687",13,"3.05","2021-01-08 08:45:00"
"881807",13,"2.6","2021-01-08 09:00:00"
"882843",13,"0","2021-05-04 20:30:00"
"882897",13,"0","2021-05-04 20:45:00"
"882951",13,"0","2021-05-04 21:00:00"
"883005",13,"0","2021-05-04 21:15:00"
"883059",13,"0","2021-05-04 21:30:00"
"883113",13,"2.3","2021-05-04 21:45:00"
"883167",13,"2.3","2021-05-04 22:00:00"
"883221",13,"2.825","2021-05-04 22:15:00"
"883275",13,"2.45","2021-05-04 22:30:00"
"883329",13,"2.6","2021-05-04 22:45:00"
"884061",13,"4.925","2021-07-23 13:30:00"
"884161",13,"5.975","2021-07-23 13:45:00"
"884254",13,"4.7","2021-07-23 14:00:00"
"884203",13,"0","2021-06-13 05:15:00"
"884314",13,"0","2021-06-13 05:30:00"
"884416",13,"0","2021-06-13 05:45:00"
"884375",13,"4.025","2021-07-23 14:15:00"
"884479",13,"3.95","2021-07-23 14:30:00"
"884535",13,"0","2021-06-13 06:00:00"
"884648",13,"0","2021-06-13 06:15:00"
"885132",13,"4.175","2021-07-23 16:00:00"
"885252",13,"4.25","2021-07-23 16:15:00"
"885343",13,"3.875","2021-07-23 16:30:00"
"885278",13,"0","2021-06-13 07:45:00"
"885388",13,"2.525","2021-06-13 08:00:00"
"885480",13,"2.525","2021-06-13 08:15:00"
"885475",13,"3.575","2021-07-23 16:45:00"
"887808",13,"3.8","2021-07-23 17:00:00"
"887953",13,"2.9","2021-07-23 17:15:00"
"885585",13,"2.675","2021-06-13 08:30:00"
"885639",13,"3.05","2021-06-13 08:45:00"
"886311",13,"7.7","2021-01-08 15:00:00"
"886365",13,"6.875","2021-01-08 15:15:00"
"886419",13,"6.725","2021-01-08 15:30:00"
"886473",13,"5.825","2021-01-08 15:45:00"
"886527",13,"6.95","2021-01-08 16:00:00"
"886581",13,"6.275","2021-01-08 16:15:00"
"886635",13,"7.25","2021-01-08 16:30:00"
"886689",13,"5.525","2021-01-08 16:45:00"
"886743",13,"6.575","2021-01-08 17:00:00"
"889385",13,"5.675","2021-01-08 17:15:00"
"889559",13,"6.275","2021-01-08 17:30:00"
"887886",13,"4.925","2021-06-13 09:45:00"
"887965",13,"4.925","2021-06-13 10:00:00"
"888050",13,"4.55","2021-06-13 10:15:00"
"888090",13,"2.675","2021-07-23 17:30:00"
"888168",13,"2.45","2021-07-23 17:45:00"
"888198",13,"5","2021-06-13 10:30:00"
"888327",13,"5.075","2021-06-13 10:45:00"
"888267",13,"2.675","2021-07-23 18:00:00"
"888348",13,"2.825","2021-07-23 18:15:00"
"888428",13,"3.8","2021-07-23 18:30:00"
"889647",13,"6.35","2021-01-08 17:45:00"
"889748",13,"5.525","2021-01-08 18:00:00"
"889678",13,"2.825","2021-07-23 20:30:00"
"889792",13,"3.05","2021-07-23 20:45:00"
"889899",13,"3.725","2021-07-23 21:00:00"
"889858",13,"6.05","2021-01-08 18:15:00"
"889951",13,"6.5","2021-01-08 18:30:00"
"890070",13,"5.675","2021-01-08 18:45:00"
"890009",13,"3.275","2021-07-23 21:15:00"
"890110",13,"3.05","2021-07-23 21:30:00"
"891327",13,"0","2021-05-05 08:00:00"
"891381",13,"0","2021-05-05 08:15:00"
"891435",13,"0","2021-05-05 08:30:00"
"891489",13,"1.025","2021-05-05 08:45:00"
"891543",13,"0","2021-05-05 09:00:00"
"891597",13,"0","2021-05-05 09:15:00"
"891651",13,"1.325","2021-05-05 09:30:00"
"891705",13,"1.85","2021-05-05 09:45:00"
"891759",13,"1.625","2021-05-05 10:00:00"
"894813",13,"2.75","2021-05-05 10:15:00"
"892967",13,"1.175","2021-07-24 00:30:00"
"893071",13,"0","2021-07-24 00:45:00"
"893012",13,"3.8","2021-06-13 16:45:00"
"893141",13,"4.025","2021-06-13 17:00:00"
"893337",13,"3.35","2021-06-13 17:15:00"
"893293",13,"2.525","2021-01-08 22:15:00"
"893422",13,"2.75","2021-01-08 22:30:00"
"893269",13,"2.375","2021-07-24 01:00:00"
"893457",13,"1.775","2021-07-24 01:15:00"
"893615",13,"0","2021-07-24 01:30:00"
"894417",13,"0","2021-01-09 01:00:00"
"894471",13,"0.88","2021-01-09 01:15:00"
"894525",13,"0","2021-01-09 01:30:00"
"894579",13,"0","2021-01-09 01:45:00"
"894633",13,"0","2021-01-09 02:00:00"
"894687",13,"0","2021-01-09 02:15:00"
"898201",13,"0","2021-01-09 02:30:00"
"898426",13,"0","2021-01-09 02:45:00"
"894867",13,"2.525","2021-05-05 10:30:00"
"894921",13,"2.825","2021-05-05 10:45:00"
"894975",13,"2.75","2021-05-05 11:00:00"
"896211",13,"0","2021-07-24 04:15:00"
"896265",13,"0","2021-07-24 04:30:00"
"896319",13,"0","2021-07-24 04:45:00"
"896373",13,"0","2021-07-24 05:00:00"
"896427",13,"2.15","2021-07-24 05:15:00"
"896481",13,"1.7000000000000002","2021-07-24 05:30:00"
"896535",13,"0","2021-07-24 05:45:00"
"896589",13,"0","2021-07-24 06:00:00"
"896643",13,"0","2021-07-24 06:15:00"
"896697",13,"0","2021-07-24 06:30:00"
"897931",13,"3.65","2021-06-13 21:00:00"
"898091",13,"3.65","2021-06-13 21:15:00"
"897941",13,"1.7000000000000002","2021-05-05 17:45:00"
"898020",13,"2.15","2021-05-05 18:00:00"
"898104",13,"1.925","2021-05-05 18:15:00"
"898203",13,"1.85","2021-05-05 18:30:00"
"898313",13,"1.625","2021-05-05 18:45:00"
"898288",13,"4.325","2021-06-13 21:30:00"
"898494",13,"3.95","2021-06-13 21:45:00"
"898638",13,"3.425","2021-06-13 22:00:00"
"899551",13,"2.975","2021-01-09 06:00:00"
"899605",13,"3.125","2021-01-09 06:15:00"
"899659",13,"2.75","2021-01-09 06:30:00"
"899713",13,"2.225","2021-01-09 06:45:00"
"899767",13,"2.75","2021-01-09 07:00:00"
"899913",13,"0","2021-07-24 07:30:00"
"899967",13,"0","2021-07-24 07:45:00"
"900021",13,"0","2021-07-24 08:00:00"
"900075",13,"0","2021-07-24 08:15:00"
"900129",13,"0","2021-07-24 08:30:00"
"901243",13,"2.225","2021-05-05 21:30:00"
"901297",13,"2.45","2021-05-05 21:45:00"
"901351",13,"2.75","2021-05-05 22:00:00"
"901405",13,"2.525","2021-05-05 22:15:00"
"901459",13,"2.525","2021-05-05 22:30:00"
"901513",13,"2.375","2021-05-05 22:45:00"
"901567",13,"2.3","2021-05-05 23:00:00"
"901621",13,"2.225","2021-05-05 23:15:00"
"901675",13,"2.45","2021-05-05 23:30:00"
"901729",13,"2.375","2021-05-05 23:45:00"
"902842",13,"3.95","2021-06-14 02:45:00"
"902942",13,"3.875","2021-06-14 03:00:00"
"902949",13,"3.5","2021-01-09 08:45:00"
"903061",13,"4.925","2021-01-09 09:00:00"
"903046",13,"3.8","2021-06-14 03:15:00"
"903152",13,"3.5","2021-06-14 03:30:00"
"903257",13,"3.425","2021-06-14 03:45:00"
"903172",13,"4.85","2021-01-09 09:15:00"
"903281",13,"4.1","2021-01-09 09:30:00"
"903361",13,"4.25","2021-01-09 09:45:00"
"904425",13,"3.875","2021-07-24 14:30:00"
"904479",13,"4.175","2021-07-24 14:45:00"
"904533",13,"4.7","2021-07-24 15:00:00"
"904587",13,"4.7","2021-07-24 15:15:00"
"904641",13,"4.85","2021-07-24 15:30:00"
"904695",13,"4.775","2021-07-24 15:45:00"
"904749",13,"4.55","2021-07-24 16:00:00"
"906264",13,"5.6","2021-07-24 16:15:00"
"904905",13,"3.275","2021-06-14 04:30:00"
"904959",13,"3.125","2021-06-14 04:45:00"
"905013",13,"2.825","2021-06-14 05:00:00"
"906063",13,"3.65","2021-01-09 13:00:00"
"906117",13,"3.8","2021-01-09 13:15:00"
"906171",13,"3.2","2021-01-09 13:30:00"
"906230",13,"3.275","2021-01-09 13:45:00"
"906339",13,"3.95","2021-01-09 14:00:00"
"906438",13,"4.475","2021-01-09 14:15:00"
"906374",13,"3.875","2021-07-24 16:30:00"
"906493",13,"3.65","2021-07-24 16:45:00"
"906534",13,"4.925","2021-01-09 14:30:00"
"906623",13,"4.475","2021-01-09 14:45:00"
"908216",13,"3.425","2021-06-14 09:00:00"
"908396",13,"5","2021-06-14 09:15:00"
"908540",13,"4.1","2021-06-14 09:30:00"
"907932",13,"4.175","2021-01-09 17:00:00"
"908014",13,"4.25","2021-01-09 17:15:00"
"908096",13,"4.775","2021-01-09 17:30:00"
"908170",13,"4.55","2021-01-09 17:45:00"
"908249",13,"5.6","2021-01-09 18:00:00"
"913297",13,"0","2021-06-14 18:45:00"
"913408",13,"0","2021-06-14 19:00:00"
"913467",13,"2.3","2021-07-25 03:15:00"
"913568",13,"2.075","2021-07-25 03:30:00"
"913687",13,"1.85","2021-07-25 03:45:00"
"913517",13,"0","2021-06-14 19:15:00"
"913616",13,"0.8","2021-06-14 19:30:00"
"913720",13,"0","2021-06-14 19:45:00"
"913783",13,"2.225","2021-07-25 04:00:00"
"913876",13,"1.25","2021-07-25 04:15:00"
"914871",13,"3.575","2021-01-10 02:00:00"
"914925",13,"5.15","2021-01-10 02:15:00"
"914979",13,"6.35","2021-01-10 02:30:00"
"915033",13,"5.3","2021-01-10 02:45:00"
"915087",13,"4.85","2021-01-10 03:00:00"
"915141",13,"5.225","2021-01-10 03:15:00"
"915195",13,"4.625","2021-01-10 03:30:00"
"915249",13,"3.5","2021-01-10 03:45:00"
"915303",13,"2","2021-01-10 04:00:00"
"915357",13,"2.3","2021-01-10 04:15:00"
"916583",13,"3.65","2021-07-25 09:45:00"
"916637",13,"2.525","2021-07-25 10:00:00"
"916691",13,"4.25","2021-07-25 10:15:00"
"916745",13,"5.375","2021-07-25 10:30:00"
"918799",13,"5.075","2021-07-25 10:45:00"
"916955",13,"2.15","2021-06-14 23:15:00"
"917009",13,"2.225","2021-06-14 23:30:00"
"917063",13,"2.375","2021-06-14 23:45:00"
"917117",13,"2.3","2021-06-15 00:00:00"
"917171",13,"2.675","2021-06-15 00:15:00"
"918221",13,"6.2","2021-01-10 08:15:00"
"918275",13,"5.225","2021-01-10 08:30:00"
"918329",13,"4.25","2021-01-10 08:45:00"
"918383",13,"4.85","2021-01-10 09:00:00"
"918437",13,"4.625","2021-01-10 09:15:00"
"918491",13,"4.625","2021-01-10 09:30:00"
"918545",13,"4.175","2021-01-10 09:45:00"
"918599",13,"4.25","2021-01-10 10:00:00"
"918653",13,"2.975","2021-01-10 10:15:00"
"918707",13,"3.35","2021-01-10 10:30:00"
"921825",13,"5.075","2021-07-25 15:30:00"
"921879",13,"4.925","2021-07-25 15:45:00"
"919873",13,"2.9","2021-06-15 03:30:00"
"919927",13,"2.3","2021-06-15 03:45:00"
"919981",13,"2.225","2021-06-15 04:00:00"
"920035",13,"1.925","2021-06-15 04:15:00"
"920089",13,"0","2021-06-15 04:30:00"
"920143",13,"0","2021-06-15 04:45:00"
"920197",13,"0","2021-06-15 05:00:00"
"920251",13,"0","2021-06-15 05:15:00"
"920923",13,"3.725","2021-01-10 11:30:00"
"920977",13,"3.8","2021-01-10 11:45:00"
"921031",13,"3.5","2021-01-10 12:00:00"
"921085",13,"3.65","2021-01-10 12:15:00"
"921139",13,"3.725","2021-01-10 12:30:00"
"921193",13,"3.35","2021-01-10 12:45:00"
"921247",13,"3.95","2021-01-10 13:00:00"
"921301",13,"3.5","2021-01-10 13:15:00"
"921355",13,"3.65","2021-01-10 13:30:00"
"921409",13,"4.25","2021-01-10 13:45:00"
"922635",13,"2.825","2021-07-25 19:15:00"
"922689",13,"2.375","2021-07-25 19:30:00"
"922743",13,"2.3","2021-07-25 19:45:00"
"924797",13,"2.225","2021-07-25 20:00:00"
"924851",13,"2.525","2021-07-25 20:15:00"
"922845",13,"0","2021-06-15 08:00:00"
"922899",13,"0","2021-06-15 08:15:00"
"922953",13,"0","2021-06-15 08:30:00"
"923007",13,"0","2021-06-15 08:45:00"
"923061",13,"0","2021-06-15 09:00:00"
"924273",13,"2.825","2021-01-10 17:45:00"
"924327",13,"2.825","2021-01-10 18:00:00"
"924381",13,"0","2021-01-10 18:15:00"
"924435",13,"0","2021-01-10 18:30:00"
"924489",13,"0","2021-01-10 18:45:00"
"924543",13,"0","2021-01-10 19:00:00"
"924597",13,"0","2021-01-10 19:15:00"
"924651",13,"0","2021-01-10 19:30:00"
"924705",13,"0","2021-01-10 19:45:00"
"924759",13,"3.125","2021-01-10 20:00:00"
"926813",13,"2.225","2021-01-10 20:15:00"
"925445",13,"0","2021-07-25 23:00:00"
"925499",13,"0","2021-07-25 23:15:00"
"925553",13,"0","2021-07-25 23:30:00"
"925607",13,"0","2021-07-25 23:45:00"
"925661",13,"0","2021-07-26 00:00:00"
"925715",13,"0","2021-07-26 00:15:00"
"925769",13,"2","2021-07-26 00:30:00"
"927823",13,"1.775","2021-07-26 00:45:00"
"925817",13,"3.2","2021-06-15 12:30:00"
"880593",13,"4.175","2021-07-23 11:30:00"
"880647",13,"4.925","2021-07-23 11:45:00"
"880701",13,"5.375","2021-07-23 12:00:00"
"882393",13,"2.375","2021-01-08 10:45:00"
"882447",13,"3.05","2021-01-08 11:00:00"
"882501",13,"4.025","2021-01-08 11:15:00"
"882555",13,"4.025","2021-01-08 11:30:00"
"882609",13,"4.1","2021-01-08 11:45:00"
"882663",13,"4.55","2021-01-08 12:00:00"
"882717",13,"4.475","2021-01-08 12:15:00"
"882771",13,"5.9","2021-01-08 12:30:00"
"885825",13,"6.95","2021-01-08 12:45:00"
"885879",13,"6.95","2021-01-08 13:00:00"
"883383",13,"2.3","2021-05-04 23:00:00"
"883437",13,"1.85","2021-05-04 23:15:00"
"883491",13,"1.85","2021-05-04 23:30:00"
"883545",13,"2.375","2021-05-04 23:45:00"
"883599",13,"2","2021-05-05 00:00:00"
"883653",13,"2","2021-05-05 00:15:00"
"883725",13,"1.85","2021-05-05 00:30:00"
"883837",13,"1.7000000000000002","2021-05-05 00:45:00"
"883917",13,"4.25","2021-07-23 13:00:00"
"883971",13,"5.45","2021-07-23 13:15:00"
"884579",13,"5.15","2021-07-23 14:45:00"
"884687",13,"4.475","2021-07-23 15:00:00"
"884794",13,"4.325","2021-07-23 15:15:00"
"884747",13,"0","2021-06-13 06:30:00"
"884850",13,"1.7000000000000002","2021-06-13 06:45:00"
"884957",13,"0","2021-06-13 07:00:00"
"884917",13,"4.475","2021-07-23 15:30:00"
"885015",13,"4.7","2021-07-23 15:45:00"
"885077",13,"1.1","2021-06-13 07:15:00"
"885174",13,"0","2021-06-13 07:30:00"
"885693",13,"3.05","2021-06-13 09:00:00"
"885747",13,"3.575","2021-06-13 09:15:00"
"887801",13,"4.1","2021-06-13 09:30:00"
"885933",13,"6.35","2021-01-08 13:15:00"
"885987",13,"7.175","2021-01-08 13:30:00"
"886041",13,"6.95","2021-01-08 13:45:00"
"886095",13,"7.7","2021-01-08 14:00:00"
"886149",13,"7.55","2021-01-08 14:15:00"
"886203",13,"6.875","2021-01-08 14:30:00"
"886257",13,"6.575","2021-01-08 14:45:00"
"886815",13,"1.55","2021-05-05 01:00:00"
"886869",13,"1.85","2021-05-05 01:15:00"
"886923",13,"1.625","2021-05-05 01:30:00"
"886977",13,"2.075","2021-05-05 01:45:00"
"887031",13,"2.3","2021-05-05 02:00:00"
"887085",13,"2.375","2021-05-05 02:15:00"
"887139",13,"2.15","2021-05-05 02:30:00"
"887193",13,"2.15","2021-05-05 02:45:00"
"887247",13,"2","2021-05-05 03:00:00"
"887301",13,"2","2021-05-05 03:15:00"
"888488",13,"5.225","2021-06-13 11:00:00"
"888644",13,"5.825","2021-06-13 11:15:00"
"888814",13,"5.825","2021-06-13 11:30:00"
"888510",13,"3.35","2021-07-23 18:45:00"
"888591",13,"4.175","2021-07-23 19:00:00"
"888678",13,"5.15","2021-07-23 19:15:00"
"888757",13,"3.425","2021-07-23 19:30:00"
"888834",13,"3.2","2021-07-23 19:45:00"
"888928",13,"5.075","2021-06-13 11:45:00"
"888982",13,"5.225","2021-06-13 12:00:00"
"890174",13,"4.85","2021-01-08 19:00:00"
"890229",13,"3.8","2021-01-08 19:15:00"
"890283",13,"4.7","2021-01-08 19:30:00"
"890337",13,"4.55","2021-01-08 19:45:00"
"890391",13,"3.875","2021-01-08 20:00:00"
"890445",13,"3.35","2021-01-08 20:15:00"
"890499",13,"2.9","2021-01-08 20:30:00"
"890553",13,"2.525","2021-01-08 20:45:00"
"890607",13,"3.125","2021-01-08 21:00:00"
"890661",13,"3.65","2021-01-08 21:15:00"
"891807",13,"3.275","2021-07-23 21:45:00"
"891861",13,"2.9","2021-07-23 22:00:00"
"891915",13,"3.5","2021-07-23 22:15:00"
"891969",13,"3.2","2021-07-23 22:30:00"
"892023",13,"3.125","2021-07-23 22:45:00"
"892077",13,"3.425","2021-07-23 23:00:00"
"892131",13,"2.9","2021-07-23 23:15:00"
"892185",13,"2.75","2021-07-23 23:30:00"
"892250",13,"2.6","2021-07-23 23:45:00"
"892332",13,"3.125","2021-07-24 00:00:00"
"892866",13,"2.9","2021-07-24 00:15:00"
"893539",13,"1.925","2021-01-08 22:45:00"
"893548",13,"3.8","2021-06-13 17:30:00"
"893672",13,"2.15","2021-01-08 23:00:00"
"893817",13,"1.925","2021-01-08 23:15:00"
"893960",13,"1.55","2021-01-08 23:30:00"
"893766",13,"1.925","2021-07-24 01:45:00"
"893897",13,"2.225","2021-07-24 02:00:00"
"893768",13,"3.5","2021-06-13 17:45:00"
"894003",13,"3.65","2021-06-13 18:00:00"
"894121",13,"3.95","2021-06-13 18:15:00"
"895569",13,"5.45","2021-05-05 13:45:00"
"895623",13,"4.775","2021-05-05 14:00:00"
"895677",13,"5.225","2021-05-05 14:15:00"
"895731",13,"4.85","2021-05-05 14:30:00"
"896872",13,"5","2021-05-05 14:45:00"
"895941",13,"3.2","2021-07-24 03:00:00"
"895995",13,"2.975","2021-07-24 03:15:00"
"896049",13,"2.9","2021-07-24 03:30:00"
"896103",13,"2.9","2021-07-24 03:45:00"
"896157",13,"0","2021-07-24 04:00:00"
"897213",13,"3.575","2021-05-05 15:45:00"
"897300",13,"2.3","2021-05-05 16:00:00"
"897416",13,"2.9","2021-05-05 16:15:00"
"897511",13,"3.35","2021-05-05 16:30:00"
"897594",13,"1.85","2021-05-05 16:45:00"
"897495",13,"3.875","2021-06-13 20:15:00"
"897643",13,"3.725","2021-06-13 20:30:00"
"897776",13,"3.5","2021-06-13 20:45:00"
"897685",13,"1.775","2021-05-05 17:00:00"
"897775",13,"0","2021-05-05 17:15:00"
"897858",13,"1.625","2021-05-05 17:30:00"
"898969",13,"3.95","2021-06-13 22:45:00"
"899074",13,"4.025","2021-06-13 23:00:00"
"899183",13,"4.55","2021-06-13 23:15:00"
"899145",13,"0","2021-01-09 04:15:00"
"899227",13,"2.45","2021-01-09 04:30:00"
"899281",13,"2.15","2021-01-09 04:45:00"
"899335",13,"2.525","2021-01-09 05:00:00"
"899389",13,"2.975","2021-01-09 05:15:00"
"899443",13,"3.05","2021-01-09 05:30:00"
"899497",13,"2.675","2021-01-09 05:45:00"
"900723",13,"5.675","2021-07-24 11:15:00"
"900777",13,"5.75","2021-07-24 11:30:00"
"903831",13,"5.45","2021-07-24 11:45:00"
"900811",13,"2","2021-05-05 19:30:00"
"900865",13,"1.625","2021-05-05 19:45:00"
"900919",13,"1.625","2021-05-05 20:00:00"
"900973",13,"1.25","2021-05-05 20:15:00"
"901027",13,"0","2021-05-05 20:30:00"
"901081",13,"0","2021-05-05 20:45:00"
"901135",13,"0.8","2021-05-05 21:00:00"
"901189",13,"0","2021-05-05 21:15:00"
"902301",13,"4.025","2021-06-14 01:30:00"
"902409",13,"3.425","2021-06-14 01:45:00"
"902295",13,"2.825","2021-01-09 07:15:00"
"902402",13,"2.75","2021-01-09 07:30:00"
"902517",13,"2.825","2021-01-09 07:45:00"
"902510",13,"2.9","2021-06-14 02:00:00"
"902605",13,"3.575","2021-06-14 02:15:00"
"902714",13,"3.8","2021-06-14 02:30:00"
"902639",13,"3.5","2021-01-09 08:00:00"
"902745",13,"3.2","2021-01-09 08:15:00"
"902833",13,"3.425","2021-01-09 08:30:00"
"903885",13,"5.225","2021-07-24 12:00:00"
"903939",13,"5.9","2021-07-24 12:15:00"
"903993",13,"6.575","2021-07-24 12:30:00"
"904047",13,"5.825","2021-07-24 12:45:00"
"904101",13,"5.975","2021-07-24 13:00:00"
"904155",13,"5","2021-07-24 13:15:00"
"904209",13,"4.7","2021-07-24 13:30:00"
"904263",13,"4.1","2021-07-24 13:45:00"
"904317",13,"4.625","2021-07-24 14:00:00"
"904371",13,"3.65","2021-07-24 14:15:00"
"905561",13,"0","2021-01-09 11:45:00"
"905662",13,"2.45","2021-01-09 12:00:00"
"905772",13,"2.375","2021-01-09 12:15:00"
"905686",13,"0","2021-06-14 07:45:00"
"905793",13,"0","2021-06-14 08:00:00"
"905908",13,"2.675","2021-06-14 08:15:00"
"905871",13,"2.45","2021-01-09 12:30:00"
"905974",13,"1.55","2021-01-09 12:45:00"
"906028",13,"3.05","2021-06-14 08:30:00"
"908042",13,"4.1","2021-06-14 08:45:00"
"907215",13,"1.925","2021-07-24 18:15:00"
"907289",13,"2.675","2021-07-24 18:30:00"
"907343",13,"3.275","2021-07-24 18:45:00"
"907224",13,"3.125","2021-01-09 16:15:00"
"907819",13,"4.625","2021-01-09 16:30:00"
"907873",13,"5.225","2021-01-09 16:45:00"
"907397",13,"3.05","2021-07-24 19:00:00"
"907451",13,"3.35","2021-07-24 19:15:00"
"907505",13,"2.375","2021-07-24 19:30:00"
"907559",13,"2.975","2021-07-24 19:45:00"
"907613",13,"3.5","2021-07-24 20:00:00"
"908736",13,"2.525","2021-01-09 19:30:00"
"908821",13,"2.6","2021-01-09 19:45:00"
"908906",13,"2.375","2021-01-09 20:00:00"
"908994",13,"2.6","2021-01-09 20:15:00"
"909081",13,"2.825","2021-01-09 20:30:00"
"909002",13,"3.725","2021-06-14 10:15:00"
"909136",13,"4.25","2021-06-14 10:30:00"
"909250",13,"4.4","2021-06-14 10:45:00"
"909179",13,"2.525","2021-01-09 20:45:00"
"910448",13,"2.3","2021-01-09 21:00:00"
"910622",13,"2.3","2021-01-09 21:15:00"
"909938",13,"2.975","2021-06-14 12:15:00"
"910031",13,"3.65","2021-06-14 12:30:00"
"910145",13,"3.95","2021-06-14 12:45:00"
"910081",13,"1.55","2021-07-24 22:45:00"
"910183",13,"0.58","2021-07-24 23:00:00"
"910289",13,"0","2021-07-24 23:15:00"
"910260",13,"4.025","2021-06-14 13:00:00"
"910469",13,"3.35","2021-06-14 13:15:00"
"910369",13,"0","2021-07-24 23:30:00"
"910436",13,"0","2021-07-24 23:45:00"
"911067",13,"1.85","2021-07-25 00:45:00"
"911197",13,"0","2021-07-25 01:00:00"
"911253",13,"2.225","2021-06-14 14:45:00"
"911419",13,"1.7000000000000002","2021-06-14 15:00:00"
"911574",13,"2.075","2021-06-14 15:15:00"
"911356",13,"2.3","2021-01-09 22:00:00"
"911472",13,"2.525","2021-01-09 22:15:00"
"911557",13,"2.675","2021-01-09 22:30:00"
"911342",13,"2","2021-07-25 01:15:00"
"912801",13,"3.5","2021-07-25 01:30:00"
"912855",13,"3.2","2021-07-25 01:45:00"
"912050",13,"2.15","2021-06-14 16:00:00"
"912210",13,"3.125","2021-06-14 16:15:00"
"912401",13,"2.75","2021-06-14 16:30:00"
"912209",13,"3.125","2021-01-10 00:30:00"
"912282",13,"3.95","2021-01-10 00:45:00"
"912357",13,"3.425","2021-01-10 01:00:00"
"912436",13,"3.35","2021-01-10 01:15:00"
"912510",13,"3.125","2021-01-10 01:30:00"
"914817",13,"3.95","2021-01-10 01:45:00"
"912551",13,"3.425","2021-06-14 16:45:00"
"912605",13,"3.275","2021-06-14 17:00:00"
"912659",13,"3.35","2021-06-14 17:15:00"
"913857",13,"1.925","2021-06-14 20:00:00"
"914000",13,"2.375","2021-06-14 20:15:00"
"913960",13,"2.15","2021-07-25 04:30:00"
"914054",13,"2.075","2021-07-25 04:45:00"
"914153",13,"2","2021-07-25 05:00:00"
"914115",13,"2.375","2021-06-14 20:30:00"
"914237",13,"1.7000000000000002","2021-06-14 20:45:00"
"914328",13,"1.7000000000000002","2021-06-14 21:00:00"
"914252",13,"2","2021-07-25 05:15:00"
"914389",13,"1.1","2021-07-25 05:30:00"
"915411",13,"2.225","2021-01-10 04:30:00"
"915465",13,"1.85","2021-01-10 04:45:00"
"915519",13,"2.375","2021-01-10 05:00:00"
"915573",13,"3.275","2021-01-10 05:15:00"
"915627",13,"2.6","2021-01-10 05:30:00"
"915681",13,"0","2021-01-10 05:45:00"
"915735",13,"2.6","2021-01-10 06:00:00"
"915881",13,"0","2021-07-25 06:30:00"
"915935",13,"1.7000000000000002","2021-07-25 06:45:00"
"917225",13,"2.375","2021-06-15 00:30:00"
"917279",13,"2.075","2021-06-15 00:45:00"
"917333",13,"2.225","2021-06-15 01:00:00"
"917387",13,"2.3","2021-06-15 01:15:00"
"917441",13,"2.825","2021-06-15 01:30:00"
"917495",13,"2.75","2021-06-15 01:45:00"
"917549",13,"2.75","2021-06-15 02:00:00"
"917603",13,"2.75","2021-06-15 02:15:00"
"917660",13,"2.15","2021-06-15 02:30:00"
"917792",13,"2.6","2021-06-15 02:45:00"
"918761",13,"3.575","2021-01-10 10:45:00"
"920767",13,"1.325","2021-01-10 11:00:00"
"920869",13,"3.8","2021-01-10 11:15:00"
"918853",13,"4.925","2021-07-25 11:00:00"
"918907",13,"5.225","2021-07-25 11:15:00"
"918961",13,"7.025","2021-07-25 11:30:00"
"919015",13,"5.525","2021-07-25 11:45:00"
"919069",13,"7.1","2021-07-25 12:00:00"
"919123",13,"7.775","2021-07-25 12:15:00"
"919177",13,"8.3","2021-07-25 12:30:00"
"920305",13,"2.225","2021-06-15 05:30:00"
"920359",13,"2.225","2021-06-15 05:45:00"
"920413",13,"2.3","2021-06-15 06:00:00"
"920467",13,"1.475","2021-06-15 06:15:00"
"920521",13,"0","2021-06-15 06:30:00"
"920575",13,"0","2021-06-15 06:45:00"
"920629",13,"0","2021-06-15 07:00:00"
"920683",13,"0","2021-06-15 07:15:00"
"920777",13,"0","2021-06-15 07:30:00"
"922791",13,"0","2021-06-15 07:45:00"
"922095",13,"3.8","2021-07-25 16:45:00"
"922149",13,"3.875","2021-07-25 17:00:00"
"922203",13,"3.275","2021-07-25 17:15:00"
"922257",13,"3.35","2021-07-25 17:30:00"
"922311",13,"2.45","2021-07-25 17:45:00"
"922365",13,"2.225","2021-07-25 18:00:00"
"922419",13,"2","2021-07-25 18:15:00"
"922473",13,"2.075","2021-07-25 18:30:00"
"922527",13,"2.375","2021-07-25 18:45:00"
"922581",13,"2.45","2021-07-25 19:00:00"
"923709",13,"2","2021-06-15 12:00:00"
"923763",13,"3.125","2021-06-15 12:15:00"
"923895",13,"5.525","2021-01-10 16:00:00"
"923949",13,"4.4","2021-01-10 16:15:00"
"924003",13,"5","2021-01-10 16:30:00"
"924057",13,"4.55","2021-01-10 16:45:00"
"924111",13,"4.25","2021-01-10 17:00:00"
"924165",13,"3.5","2021-01-10 17:15:00"
"924219",13,"3.275","2021-01-10 17:30:00"
"925979",13,"2.6","2021-06-15 13:15:00"
"926033",13,"3.35","2021-06-15 13:30:00"
"926087",13,"2.15","2021-06-15 13:45:00"
"925871",13,"4.025","2021-06-15 12:45:00"
"925925",13,"3.125","2021-06-15 13:00:00"
"926975",13,"0","2021-01-10 21:00:00"
"927029",13,"7.625","2021-01-10 21:15:00"
"927083",13,"5.225","2021-01-10 21:30:00"
"927137",13,"4.925","2021-01-10 21:45:00"
"927191",13,"6.2","2021-01-10 22:00:00"
"927245",13,"3.2","2021-01-10 22:15:00"
"927299",13,"3.725","2021-01-10 22:30:00"
"927353",13,"2.825","2021-01-10 22:45:00"
"927407",13,"4.25","2021-01-10 23:00:00"
"927461",13,"4.025","2021-01-10 23:15:00"
"932044",13,"2.675","2021-06-15 23:30:00"
"932128",13,"2.9","2021-06-15 23:45:00"
"932121",13,"0","2021-07-26 09:15:00"
"932337",13,"1.175","2021-07-26 09:30:00"
"932486",13,"2.525","2021-07-26 09:45:00"
"932252",13,"2.6","2021-06-16 00:00:00"
"932387",13,"2.45","2021-06-16 00:15:00"
"932556",13,"1.775","2021-06-16 00:30:00"
"932542",13,"2.975","2021-01-11 06:00:00"
"932628",13,"2.15","2021-01-11 06:15:00"
"932727",13,"0","2021-01-11 06:30:00"
"933621",13,"5.675","2021-01-11 09:15:00"
"933675",13,"7.4","2021-01-11 09:30:00"
"933729",13,"8.6","2021-01-11 09:45:00"
"933838",13,"6.125","2021-01-11 10:00:00"
"934005",13,"6.95","2021-01-11 10:15:00"
"934028",13,"0","2021-06-16 02:30:00"
"934151",13,"1.4","2021-06-16 02:45:00"
"934279",13,"1.775","2021-06-16 03:00:00"
"934181",13,"6.275","2021-01-11 10:30:00"
"934365",13,"6.5","2021-01-11 10:45:00"
"934904",13,"1.325","2021-06-16 04:00:00"
"935054",13,"3.275","2021-06-16 04:15:00"
"934962",13,"3.575","2021-07-26 11:45:00"
"935111",13,"5.15","2021-07-26 12:00:00"
"935278",13,"4.625","2021-07-26 12:15:00"
"935037",13,"4.775","2021-01-11 11:45:00"
"935223",13,"4.7","2021-01-11 12:00:00"
"935367",13,"5.225","2021-01-11 12:15:00"
"935192",13,"3.875","2021-06-16 04:30:00"
"935372",13,"3.65","2021-06-16 04:45:00"
"935529",13,"3.8","2021-06-16 05:00:00"
"937342",13,"6.2","2021-07-26 14:30:00"
"937553",13,"7.325","2021-07-26 14:45:00"
"936563",13,"3.5","2021-01-11 14:15:00"
"936686",13,"5.525","2021-01-11 14:30:00"
"936809",13,"5.225","2021-01-11 14:45:00"
"936673",13,"1.55","2021-06-16 06:30:00"
"936759",13,"0.58","2021-06-16 06:45:00"
"936863",13,"4.55","2021-01-11 15:00:00"
"936917",13,"4.175","2021-01-11 15:15:00"
"938067",13,"0","2021-06-16 07:45:00"
"938275",13,"0","2021-06-16 08:00:00"
"938387",13,"0","2021-06-16 08:15:00"
"938443",13,"5.525","2021-07-26 16:00:00"
"938547",13,"5.675","2021-07-26 16:15:00"
"938655",13,"5.075","2021-07-26 16:30:00"
"938506",13,"0","2021-06-16 08:30:00"
"938615",13,"0","2021-06-16 08:45:00"
"938724",13,"1.925","2021-06-16 09:00:00"
"938757",13,"4.925","2021-07-26 16:45:00"
"938860",13,"4.4","2021-07-26 17:00:00"
"938967",13,"4.85","2021-07-26 17:15:00"
"938841",13,"2.525","2021-06-16 09:15:00"
"938950",13,"1.475","2021-06-16 09:30:00"
"939056",13,"2.975","2021-07-26 17:30:00"
"939143",13,"1.85","2021-07-26 17:45:00"
"939090",13,"2.9","2021-06-16 09:45:00"
"939212",13,"3.2","2021-06-16 10:00:00"
"939302",13,"4.325","2021-06-16 10:15:00"
"940375",13,"0","2021-01-11 22:00:00"
"940429",13,"0","2021-01-11 22:15:00"
"940483",13,"0","2021-01-11 22:30:00"
"940537",13,"0","2021-01-11 22:45:00"
"940591",13,"0","2021-01-11 23:00:00"
"940645",13,"0","2021-01-11 23:15:00"
"940699",13,"0","2021-01-11 23:30:00"
"940753",13,"0","2021-01-11 23:45:00"
"942807",13,"0","2021-01-12 00:00:00"
"942861",13,"2.375","2021-01-12 00:15:00"
"941400",13,"3.575","2021-06-16 13:00:00"
"941476",13,"3.2","2021-06-16 13:15:00"
"941556",13,"4.1","2021-06-16 13:30:00"
"941609",13,"2.15","2021-07-26 20:45:00"
"941803",13,"1.7000000000000002","2021-07-26 21:00:00"
"941649",13,"3.5","2021-06-16 13:45:00"
"941715",13,"4.325","2021-06-16 14:00:00"
"941792",13,"3.8","2021-06-16 14:15:00"
"941863",13,"3.05","2021-06-16 14:30:00"
"941939",13,"2.6","2021-06-16 14:45:00"
"943023",13,"0","2021-01-12 01:00:00"
"943077",13,"0","2021-01-12 01:15:00"
"943131",13,"0","2021-01-12 01:30:00"
"943185",13,"0","2021-01-12 01:45:00"
"943239",13,"0","2021-01-12 02:00:00"
"943293",13,"0","2021-01-12 02:15:00"
"943347",13,"2.45","2021-01-12 02:30:00"
"943401",13,"3.05","2021-01-12 02:45:00"
"943455",13,"3.8","2021-01-12 03:00:00"
"943509",13,"4.1","2021-01-12 03:15:00"
"943563",13,"3.35","2021-01-12 03:30:00"
"944189",13,"2","2021-06-16 18:00:00"
"944243",13,"2.075","2021-06-16 18:15:00"
"944297",13,"2.075","2021-06-16 18:30:00"
"944351",13,"2.3","2021-06-16 18:45:00"
"944405",13,"1.625","2021-06-16 19:00:00"
"944459",13,"1.4","2021-06-16 19:15:00"
"944513",13,"0","2021-06-16 19:30:00"
"944664",13,"1.625","2021-06-16 19:45:00"
"944678",13,"2.225","2021-01-12 05:00:00"
"944759",13,"2.6","2021-01-12 05:15:00"
"945780",13,"0","2021-07-27 01:00:00"
"945875",13,"0","2021-07-27 01:15:00"
"945986",13,"1.55","2021-07-27 01:30:00"
"945970",13,"4.55","2021-01-12 08:15:00"
"946061",13,"4.925","2021-01-12 08:30:00"
"946119",13,"1.025","2021-07-27 01:45:00"
"946225",13,"2","2021-07-27 02:00:00"
"946331",13,"1.475","2021-07-27 02:15:00"
"946159",13,"4.4","2021-01-12 08:45:00"
"946260",13,"4.775","2021-01-12 09:00:00"
"946805",13,"5.225","2021-01-12 09:15:00"
"946859",13,"3.95","2021-01-12 09:30:00"
"946913",13,"4.4","2021-01-12 09:45:00"
"946967",13,"4.25","2021-01-12 10:00:00"
"947021",13,"4.775","2021-01-12 10:15:00"
"947075",13,"4.625","2021-01-12 10:30:00"
"947129",13,"5.45","2021-01-12 10:45:00"
"947184",13,"4.85","2021-01-12 11:00:00"
"947289",13,"3.875","2021-01-12 11:15:00"
"947403",13,"4.025","2021-01-12 11:30:00"
"947545",13,"2.675","2021-01-12 11:45:00"
"948519",13,"0.88","2021-07-27 07:45:00"
"908324",13,"5.15","2021-01-09 18:15:00"
"908404",13,"4.325","2021-01-09 18:30:00"
"908488",13,"4.325","2021-01-09 18:45:00"
"908575",13,"3.425","2021-01-09 19:00:00"
"908649",13,"3.05","2021-01-09 19:15:00"
"908708",13,"5","2021-06-14 09:45:00"
"908850",13,"4.7","2021-06-14 10:00:00"
"909359",13,"4.475","2021-06-14 11:00:00"
"909458",13,"3.65","2021-06-14 11:15:00"
"909564",13,"4.1","2021-06-14 11:30:00"
"909580",13,"2.825","2021-07-24 21:30:00"
"909679",13,"2.525","2021-07-24 21:45:00"
"909773",13,"2.225","2021-07-24 22:00:00"
"909685",13,"3.35","2021-06-14 11:45:00"
"909799",13,"3.5","2021-06-14 12:00:00"
"909863",13,"2.45","2021-07-24 22:15:00"
"909965",13,"2.3","2021-07-24 22:30:00"
"910601",13,"3.725","2021-06-14 13:30:00"
"910701",13,"3.125","2021-06-14 13:45:00"
"910842",13,"2.525","2021-06-14 14:00:00"
"910615",13,"0","2021-07-25 00:00:00"
"910774",13,"0","2021-07-25 00:15:00"
"910921",13,"0","2021-07-25 00:30:00"
"910868",13,"1.85","2021-01-09 21:30:00"
"911113",13,"0","2021-01-09 21:45:00"
"910977",13,"0","2021-06-14 14:15:00"
"911119",13,"3.425","2021-06-14 14:30:00"
"911639",13,"3.65","2021-01-09 22:45:00"
"911719",13,"4.475","2021-01-09 23:00:00"
"911735",13,"1.85","2021-06-14 15:30:00"
"911889",13,"3.65","2021-06-14 15:45:00"
"911800",13,"5.15","2021-01-09 23:15:00"
"911884",13,"4.1","2021-01-09 23:30:00"
"911964",13,"3.575","2021-01-09 23:45:00"
"912046",13,"2.9","2021-01-10 00:00:00"
"912123",13,"2.9","2021-01-10 00:15:00"
"912713",13,"2.6","2021-06-14 17:30:00"
"912767",13,"2.075","2021-06-14 17:45:00"
"912926",13,"1.625","2021-07-25 02:00:00"
"913017",13,"1.625","2021-07-25 02:15:00"
"912978",13,"1.175","2021-06-14 18:00:00"
"913086",13,"0","2021-06-14 18:15:00"
"913185",13,"0","2021-06-14 18:30:00"
"913147",13,"2.675","2021-07-25 02:30:00"
"913249",13,"2.375","2021-07-25 02:45:00"
"913346",13,"2.225","2021-07-25 03:00:00"
"914419",13,"0","2021-06-14 21:15:00"
"914537",13,"0","2021-06-14 21:30:00"
"914494",13,"0","2021-07-25 05:45:00"
"914602",13,"0","2021-07-25 06:00:00"
"915827",13,"0","2021-07-25 06:15:00"
"914631",13,"0","2021-06-14 21:45:00"
"914685",13,"0","2021-06-14 22:00:00"
"914739",13,"0","2021-06-14 22:15:00"
"916793",13,"0.73","2021-06-14 22:30:00"
"916847",13,"2","2021-06-14 22:45:00"
"916901",13,"2.45","2021-06-14 23:00:00"
"915989",13,"1.7000000000000002","2021-07-25 07:00:00"
"916043",13,"0","2021-07-25 07:15:00"
"916097",13,"0","2021-07-25 07:30:00"
"916151",13,"0","2021-07-25 07:45:00"
"916205",13,"0","2021-07-25 08:00:00"
"916259",13,"0","2021-07-25 08:15:00"
"916313",13,"0","2021-07-25 08:30:00"
"916367",13,"0","2021-07-25 08:45:00"
"916421",13,"0","2021-07-25 09:00:00"
"916475",13,"1.475","2021-07-25 09:15:00"
"916529",13,"3.35","2021-07-25 09:30:00"
"917676",13,"2.6","2021-01-10 06:15:00"
"917758",13,"2.675","2021-01-10 06:30:00"
"917845",13,"2.15","2021-01-10 06:45:00"
"917960",13,"2.6","2021-06-15 03:00:00"
"919819",13,"2.825","2021-06-15 03:15:00"
"917923",13,"2.975","2021-01-10 07:00:00"
"918003",13,"3.425","2021-01-10 07:15:00"
"918059",13,"4.475","2021-01-10 07:30:00"
"918113",13,"5.9","2021-01-10 07:45:00"
"918167",13,"5.675","2021-01-10 08:00:00"
"919231",13,"7.55","2021-07-25 12:45:00"
"919285",13,"6.8","2021-07-25 13:00:00"
"919339",13,"5.975","2021-07-25 13:15:00"
"919393",13,"4.925","2021-07-25 13:30:00"
"919447",13,"6.2","2021-07-25 13:45:00"
"919501",13,"5.975","2021-07-25 14:00:00"
"919555",13,"6.2","2021-07-25 14:15:00"
"919609",13,"5.6","2021-07-25 14:30:00"
"919663",13,"5.375","2021-07-25 14:45:00"
"919717",13,"4.325","2021-07-25 15:00:00"
"919771",13,"4.1","2021-07-25 15:15:00"
"921463",13,"3.125","2021-01-10 14:00:00"
"921517",13,"4.175","2021-01-10 14:15:00"
"921571",13,"3.125","2021-01-10 14:30:00"
"921625",13,"4.925","2021-01-10 14:45:00"
"921679",13,"5","2021-01-10 15:00:00"
"921733",13,"5.75","2021-01-10 15:15:00"
"923787",13,"5","2021-01-10 15:30:00"
"923841",13,"5.075","2021-01-10 15:45:00"
"921933",13,"4.475","2021-07-25 16:00:00"
"921987",13,"4.7","2021-07-25 16:15:00"
"922041",13,"3.575","2021-07-25 16:30:00"
"923115",13,"0","2021-06-15 09:15:00"
"923169",13,"0","2021-06-15 09:30:00"
"923223",13,"2.15","2021-06-15 09:45:00"
"923277",13,"2.375","2021-06-15 10:00:00"
"923331",13,"2.075","2021-06-15 10:15:00"
"923385",13,"2.075","2021-06-15 10:30:00"
"923439",13,"2.075","2021-06-15 10:45:00"
"923493",13,"2","2021-06-15 11:00:00"
"923547",13,"0.8","2021-06-15 11:15:00"
"923601",13,"1.7000000000000002","2021-06-15 11:30:00"
"923655",13,"0.28","2021-06-15 11:45:00"
"924905",13,"2.3","2021-07-25 20:30:00"
"924959",13,"2","2021-07-25 20:45:00"
"925013",13,"1.85","2021-07-25 21:00:00"
"925067",13,"2.075","2021-07-25 21:15:00"
"925121",13,"1.625","2021-07-25 21:30:00"
"925175",13,"1.1","2021-07-25 21:45:00"
"925229",13,"0.5","2021-07-25 22:00:00"
"925283",13,"0","2021-07-25 22:15:00"
"925337",13,"0","2021-07-25 22:30:00"
"925391",13,"0","2021-07-25 22:45:00"
"926519",13,"3.95","2021-06-15 15:45:00"
"926573",13,"3.875","2021-06-15 16:00:00"
"926627",13,"4.4","2021-06-15 16:15:00"
"926681",13,"3.95","2021-06-15 16:30:00"
"926735",13,"3.95","2021-06-15 16:45:00"
"928789",13,"3.725","2021-06-15 17:00:00"
"928843",13,"2.6","2021-06-15 17:15:00"
"928897",13,"2.6","2021-06-15 17:30:00"
"926867",13,"1.925","2021-01-10 20:30:00"
"926921",13,"0","2021-01-10 20:45:00"
"927515",13,"4.325","2021-01-10 23:30:00"
"927569",13,"2.15","2021-01-10 23:45:00"
"927623",13,"1.925","2021-01-11 00:00:00"
"927677",13,"5.15","2021-01-11 00:15:00"
"927731",13,"4.625","2021-01-11 00:30:00"
"929725",13,"3.725","2021-01-11 00:45:00"
"927877",13,"1.7000000000000002","2021-07-26 01:00:00"
"927931",13,"0","2021-07-26 01:15:00"
"927985",13,"0","2021-07-26 01:30:00"
"928039",13,"2.15","2021-07-26 01:45:00"
"928093",13,"2.6","2021-07-26 02:00:00"
"928687",13,"0","2021-07-26 04:45:00"
"928741",13,"0","2021-07-26 05:00:00"
"930795",13,"0","2021-07-26 05:15:00"
"928951",13,"2.975","2021-06-15 17:45:00"
"929005",13,"2.45","2021-06-15 18:00:00"
"929059",13,"2.075","2021-06-15 18:15:00"
"929113",13,"1.775","2021-06-15 18:30:00"
"929167",13,"0","2021-06-15 18:45:00"
"929221",13,"2.375","2021-06-15 19:00:00"
"929275",13,"2.075","2021-06-15 19:15:00"
"929833",13,"2.6","2021-06-15 21:30:00"
"931487",13,"2.525","2021-06-15 21:45:00"
"931567",13,"2.45","2021-06-15 22:00:00"
"929947",13,"3.35","2021-01-11 01:30:00"
"930001",13,"3.35","2021-01-11 01:45:00"
"930055",13,"3.275","2021-01-11 02:00:00"
"930109",13,"4.925","2021-01-11 02:15:00"
"930163",13,"4.175","2021-01-11 02:30:00"
"930217",13,"4.925","2021-01-11 02:45:00"
"930271",13,"4.25","2021-01-11 03:00:00"
"930325",13,"2.45","2021-01-11 03:15:00"
"930379",13,"2.75","2021-01-11 03:30:00"
"930433",13,"2.9","2021-01-11 03:45:00"
"930487",13,"3.8","2021-01-11 04:00:00"
"930541",13,"3.95","2021-01-11 04:15:00"
"930595",13,"3.425","2021-01-11 04:30:00"
"930649",13,"4.175","2021-01-11 04:45:00"
"930703",13,"3.8","2021-01-11 05:00:00"
"930757",13,"2.825","2021-01-11 05:15:00"
"932229",13,"3.575","2021-01-11 05:30:00"
"932394",13,"3.875","2021-01-11 05:45:00"
"931389",13,"2.3","2021-07-26 08:00:00"
"931460",13,"1.85","2021-07-26 08:15:00"
"931618",13,"0","2021-07-26 08:30:00"
"931646",13,"2.45","2021-06-15 22:15:00"
"931731",13,"2.525","2021-06-15 22:30:00"
"931781",13,"0","2021-07-26 08:45:00"
"931948",13,"0","2021-07-26 09:00:00"
"931814",13,"2.525","2021-06-15 22:45:00"
"931893",13,"2.525","2021-06-15 23:00:00"
"931970",13,"2.375","2021-06-15 23:15:00"
"933055",13,"2.525","2021-01-11 07:15:00"
"933160",13,"3.125","2021-01-11 07:30:00"
"933261",13,"3.125","2021-01-11 07:45:00"
"933238",13,"1.025","2021-06-16 02:00:00"
"933857",13,"1.925","2021-06-16 02:15:00"
"933351",13,"4.325","2021-01-11 08:00:00"
"933405",13,"3.8","2021-01-11 08:15:00"
"933459",13,"6.875","2021-01-11 08:30:00"
"933513",13,"5.975","2021-01-11 08:45:00"
"933567",13,"6.2","2021-01-11 09:00:00"
"934130",13,"3.35","2021-07-26 10:30:00"
"934283",13,"4.1","2021-07-26 10:45:00"
"934463",13,"4.625","2021-07-26 11:00:00"
"934439",13,"1.55","2021-06-16 03:15:00"
"934592",13,"1.475","2021-06-16 03:30:00"
"934740",13,"1.55","2021-06-16 03:45:00"
"934629",13,"4.025","2021-07-26 11:15:00"
"934791",13,"3.5","2021-07-26 11:30:00"
"934536",13,"7.025","2021-01-11 11:00:00"
"934710",13,"6.425","2021-01-11 11:15:00"
"934873",13,"5.75","2021-01-11 11:30:00"
"935857",13,"6.35","2021-01-11 13:00:00"
"935988",13,"5.525","2021-01-11 13:15:00"
"936117",13,"4.4","2021-01-11 13:30:00"
"936150",13,"2.525","2021-06-16 05:45:00"
"936386",13,"2.45","2021-06-16 06:00:00"
"936562",13,"2.45","2021-06-16 06:15:00"
"936183",13,"6.35","2021-07-26 13:45:00"
"936309",13,"7.475","2021-07-26 14:00:00"
"936459",13,"6.575","2021-07-26 14:15:00"
"936256",13,"4.1","2021-01-11 13:45:00"
"936409",13,"3.725","2021-01-11 14:00:00"
"937494",13,"3.65","2021-01-11 17:30:00"
"937598",13,"4.1","2021-01-11 17:45:00"
"937727",13,"4.625","2021-01-11 18:00:00"
"937746",13,"7.55","2021-07-26 15:00:00"
"937848",13,"4.1","2021-01-11 18:15:00"
"937957",13,"3.725","2021-01-11 18:30:00"
"938066",13,"3.125","2021-01-11 18:45:00"
"938182",13,"3.65","2021-01-11 19:00:00"
"937971",13,"6.2","2021-07-26 15:15:00"
"938170",13,"5.9","2021-07-26 15:30:00"
"938335",13,"5.45","2021-07-26 15:45:00"
"939254",13,"2.675","2021-07-26 18:00:00"
"939368",13,"2.525","2021-07-26 18:15:00"
"939486",13,"2","2021-07-26 18:30:00"
"939410",13,"5.15","2021-06-16 10:30:00"
"939514",13,"5.45","2021-06-16 10:45:00"
"939586",13,"2.45","2021-07-26 18:45:00"
"939690",13,"2.075","2021-07-26 19:00:00"
"939632",13,"5.15","2021-06-16 11:00:00"
"939731",13,"3.425","2021-06-16 11:15:00"
"940907",13,"3.575","2021-06-16 11:30:00"
"940819",13,"2.375","2021-07-26 19:15:00"
"940873",13,"3.05","2021-07-26 19:30:00"
"940970",13,"4.025","2021-07-26 19:45:00"
"940992",13,"3.5","2021-06-16 11:45:00"
"941069",13,"3.65","2021-06-16 12:00:00"
"941112",13,"3.65","2021-07-26 20:00:00"
"941284",13,"2.525","2021-07-26 20:15:00"
"941463",13,"2.975","2021-07-26 20:30:00"
"941163",13,"3.5","2021-06-16 12:15:00"
"941243",13,"3.275","2021-06-16 12:30:00"
"941319",13,"3.425","2021-06-16 12:45:00"
"941996",13,"2.15","2021-07-26 21:15:00"
"942158",13,"2.45","2021-07-26 21:30:00"
"942300",13,"2.525","2021-07-26 21:45:00"
"942018",13,"2.15","2021-06-16 15:00:00"
"942102",13,"0.65","2021-06-16 15:15:00"
"942185",13,"2.15","2021-06-16 15:30:00"
"942269",13,"4.775","2021-06-16 15:45:00"
"942356",13,"2.525","2021-06-16 16:00:00"
"942413",13,"2.15","2021-07-26 22:00:00"
"942467",13,"2.45","2021-07-26 22:15:00"
"943617",13,"3.575","2021-01-12 03:45:00"
"943671",13,"3.575","2021-01-12 04:00:00"
"943725",13,"3.65","2021-01-12 04:15:00"
"943779",13,"3.725","2021-01-12 04:30:00"
"944594",13,"2.975","2021-01-12 04:45:00"
"943919",13,"0","2021-06-16 16:45:00"
"943973",13,"0.9500000000000001","2021-06-16 17:00:00"
"944027",13,"0","2021-06-16 17:15:00"
"944081",13,"2.15","2021-06-16 17:30:00"
"944135",13,"1.55","2021-06-16 17:45:00"
"944824",13,"1.325","2021-06-16 20:00:00"
"944981",13,"0","2021-06-16 20:15:00"
"945087",13,"2.15","2021-06-16 20:30:00"
"944843",13,"2","2021-01-12 05:30:00"
"944921",13,"0","2021-01-12 05:45:00"
"945005",13,"3.2","2021-01-12 06:00:00"
"945157",13,"2.225","2021-01-12 06:15:00"
"945229",13,"2","2021-01-12 06:30:00"
"946385",13,"0","2021-07-27 02:30:00"
"946439",13,"0","2021-07-27 02:45:00"
"946493",13,"0","2021-07-27 03:00:00"
"946547",13,"0","2021-07-27 03:15:00"
"946601",13,"1.625","2021-07-27 03:30:00"
"946655",13,"1.55","2021-07-27 03:45:00"
"946709",13,"2","2021-07-27 04:00:00"
"946763",13,"2","2021-07-27 04:15:00"
"947266",13,"1.925","2021-07-27 04:30:00"
"947362",13,"2.45","2021-07-27 04:45:00"
"947454",13,"1.775","2021-07-27 05:00:00"
"947542",13,"0","2021-07-27 05:15:00"
"947670",13,"4.025","2021-01-12 12:00:00"
"947790",13,"4.325","2021-01-12 12:15:00"
"947628",13,"0","2021-07-27 05:30:00"
"947735",13,"1.925","2021-07-27 05:45:00"
"947833",13,"1.85","2021-07-27 06:00:00"
"947894",13,"2.825","2021-01-12 12:30:00"
"948573",13,"0","2021-07-27 08:00:00"
"948627",13,"1.85","2021-07-27 08:15:00"
"948681",13,"0","2021-07-27 08:30:00"
"948735",13,"0","2021-07-27 08:45:00"
"948885",13,"3.2","2021-01-12 14:15:00"
"948939",13,"2.225","2021-01-12 14:30:00"
"948993",13,"2","2021-01-12 14:45:00"
"949048",13,"2.6","2021-01-12 15:00:00"
"949153",13,"4.7","2021-01-12 15:15:00"
"953605",13,"3.575","2021-01-13 00:15:00"
"953709",13,"3.125","2021-01-13 00:30:00"
"953688",13,"3.8","2021-07-27 21:00:00"
"953791",13,"2.375","2021-07-27 21:15:00"
"953822",13,"2.075","2021-01-13 00:45:00"
"953923",13,"2.45","2021-01-13 01:00:00"
"954027",13,"0.58","2021-01-13 01:15:00"
"953908",13,"3.125","2021-07-27 21:30:00"
"954020",13,"4.7","2021-07-27 21:45:00"
"954134",13,"5.525","2021-07-27 22:00:00"
"954585",13,"3.275","2021-01-13 02:45:00"
"954639",13,"3.725","2021-01-13 03:00:00"
"954693",13,"3.65","2021-01-13 03:15:00"
"954747",13,"2.975","2021-01-13 03:30:00"
"955082",13,"3.575","2021-01-13 03:45:00"
"954921",13,"5.15","2021-07-27 23:30:00"
"954975",13,"6.5","2021-07-27 23:45:00"
"955029",13,"6.875","2021-07-28 00:00:00"
"955124",13,"7.175","2021-07-28 00:15:00"
"955216",13,"6.425","2021-07-28 00:30:00"
"956281",13,"2.825","2021-01-13 06:30:00"
"956378",13,"2.825","2021-01-13 06:45:00"
"956497",13,"2.825","2021-01-13 07:00:00"
"956418",13,"3.65","2021-07-28 03:15:00"
"956785",13,"4.475","2021-07-28 03:30:00"
"956839",13,"3.2","2021-07-28 03:45:00"
"956557",13,"3.2","2021-01-13 07:15:00"
"956611",13,"3.275","2021-01-13 07:30:00"
"956665",13,"3.875","2021-01-13 07:45:00"
"956719",13,"4.325","2021-01-13 08:00:00"
"956773",13,"5","2021-01-13 08:15:00"
"957433",13,"2.825","2021-07-28 06:30:00"
"957487",13,"2.9","2021-07-28 06:45:00"
"957541",13,"3.125","2021-07-28 07:00:00"
"957595",13,"3.35","2021-07-28 07:15:00"
"957649",13,"3.275","2021-07-28 07:30:00"
"957703",13,"3.575","2021-07-28 07:45:00"
"957757",13,"3.875","2021-07-28 08:00:00"
"958811",13,"3.65","2021-07-28 08:15:00"
"957827",13,"7.325","2021-01-13 08:30:00"
"957881",13,"8.08","2021-01-13 08:45:00"
"958973",13,"4.625","2021-07-28 09:00:00"
"959027",13,"4.625","2021-07-28 09:15:00"
"959081",13,"2.9","2021-07-28 09:30:00"
"959135",13,"3.65","2021-07-28 09:45:00"
"959189",13,"3.125","2021-07-28 10:00:00"
"959243",13,"4.025","2021-07-28 10:15:00"
"959297",13,"3.575","2021-07-28 10:30:00"
"959351",13,"4.625","2021-07-28 10:45:00"
"959405",13,"3.2","2021-07-28 11:00:00"
"959459",13,"3.875","2021-07-28 11:15:00"
"960771",13,"7.4","2021-01-13 17:30:00"
"960825",13,"6.575","2021-01-13 17:45:00"
"960879",13,"5.825","2021-01-13 18:00:00"
"960933",13,"4.85","2021-01-13 18:15:00"
"960987",13,"4.925","2021-01-13 18:30:00"
"961041",13,"5","2021-01-13 18:45:00"
"961095",13,"4.775","2021-01-13 19:00:00"
"961149",13,"5.675","2021-01-13 19:15:00"
"961203",13,"4.625","2021-01-13 19:30:00"
"961257",13,"4.775","2021-01-13 19:45:00"
"961851",13,"4.475","2021-01-13 22:30:00"
"961905",13,"3.65","2021-01-13 22:45:00"
"961959",13,"4.025","2021-01-13 23:00:00"
"962013",13,"3.5","2021-01-13 23:15:00"
"962067",13,"3.275","2021-01-13 23:30:00"
"962121",13,"4.4","2021-01-13 23:45:00"
"962175",13,"4.625","2021-01-14 00:00:00"
"962229",13,"3.95","2021-01-14 00:15:00"
"962283",13,"5.525","2021-01-14 00:30:00"
"962337",13,"4.55","2021-01-14 00:45:00"
"963525",13,"5.525","2021-01-14 06:15:00"
"963579",13,"7.325","2021-01-14 06:30:00"
"963633",13,"6.65","2021-01-14 06:45:00"
"963687",13,"6.575","2021-01-14 07:00:00"
"963741",13,"6.35","2021-01-14 07:15:00"
"963795",13,"6.725","2021-01-14 07:30:00"
"963849",13,"6.575","2021-01-14 07:45:00"
"963903",13,"5.825","2021-01-14 08:00:00"
"963957",13,"6.725","2021-01-14 08:15:00"
"964011",13,"7.7","2021-01-14 08:30:00"
"964605",13,"8.45","2021-01-14 11:15:00"
"964659",13,"8.15","2021-01-14 11:30:00"
"964713",13,"8","2021-01-14 11:45:00"
"964767",13,"7.475","2021-01-14 12:00:00"
"964821",13,"8.53","2021-01-14 12:15:00"
"964875",13,"6.725","2021-01-14 12:30:00"
"964929",13,"6.95","2021-01-14 12:45:00"
"964983",13,"7.625","2021-01-14 13:00:00"
"965037",13,"8","2021-01-14 13:15:00"
"965091",13,"6.575","2021-01-14 13:30:00"
"966279",13,"6.8","2021-01-14 19:00:00"
"966333",13,"4.625","2021-01-14 19:15:00"
"966387",13,"5.375","2021-01-14 19:30:00"
"966441",13,"5.75","2021-01-14 19:45:00"
"966495",13,"5","2021-01-14 20:00:00"
"966549",13,"5","2021-01-14 20:15:00"
"966603",13,"5.6","2021-01-14 20:30:00"
"966657",13,"7.1","2021-01-14 20:45:00"
"966711",13,"6.875","2021-01-14 21:00:00"
"966765",13,"12.2","2021-01-14 21:15:00"
"967359",13,"5.75","2021-01-15 00:00:00"
"967413",13,"5.525","2021-01-15 00:15:00"
"967467",13,"5.6","2021-01-15 00:30:00"
"967521",13,"5.075","2021-01-15 00:45:00"
"967575",13,"5.825","2021-01-15 01:00:00"
"967629",13,"5.75","2021-01-15 01:15:00"
"967683",13,"5.3","2021-01-15 01:30:00"
"967737",13,"7.25","2021-01-15 01:45:00"
"967791",13,"5.825","2021-01-15 02:00:00"
"967845",13,"4.175","2021-01-15 02:15:00"
"969033",13,"4.85","2021-01-15 07:45:00"
"969087",13,"4.55","2021-01-15 08:00:00"
"969141",13,"3.65","2021-01-15 08:15:00"
"969195",13,"4.775","2021-01-15 08:30:00"
"969249",13,"5.15","2021-01-15 08:45:00"
"969303",13,"6.5","2021-01-15 09:00:00"
"969357",13,"5.9","2021-01-15 09:15:00"
"969411",13,"6.05","2021-01-15 09:30:00"
"969465",13,"5.675","2021-01-15 09:45:00"
"969519",13,"4.7","2021-01-15 10:00:00"
"970707",13,"5.3","2021-01-15 15:30:00"
"970761",13,"5.075","2021-01-15 15:45:00"
"970815",13,"6.125","2021-01-15 16:00:00"
"970869",13,"5.825","2021-01-15 16:15:00"
"970923",13,"5.225","2021-01-15 16:30:00"
"970977",13,"5.15","2021-01-15 16:45:00"
"971031",13,"5.225","2021-01-15 17:00:00"
"971085",13,"5","2021-01-15 17:15:00"
"971139",13,"6.425","2021-01-15 17:30:00"
"971193",13,"6.2","2021-01-15 17:45:00"
"971247",13,"6.65","2021-01-15 18:00:00"
"971301",13,"5.225","2021-01-15 18:15:00"
"971355",13,"4.625","2021-01-15 18:30:00"
"971409",13,"4.55","2021-01-15 18:45:00"
"971463",13,"4.4","2021-01-15 19:00:00"
"971517",13,"5.525","2021-01-15 19:15:00"
"971571",13,"6.2","2021-01-15 19:30:00"
"971625",13,"5.525","2021-01-15 19:45:00"
"971679",13,"5.15","2021-01-15 20:00:00"
"971733",13,"4.7","2021-01-15 20:15:00"
"972327",13,"3.125","2021-01-15 23:00:00"
"972381",13,"5","2021-01-15 23:15:00"
"972435",13,"5","2021-01-15 23:30:00"
"972489",13,"5.15","2021-01-15 23:45:00"
"972543",13,"5.975","2021-01-16 00:00:00"
"972597",13,"5.75","2021-01-16 00:15:00"
"972651",13,"5.3","2021-01-16 00:30:00"
"972705",13,"3.875","2021-01-16 00:45:00"
"972759",13,"3.725","2021-01-16 01:00:00"
"972813",13,"3.95","2021-01-16 01:15:00"
"974001",13,"5.525","2021-01-16 06:45:00"
"974055",13,"4.925","2021-01-16 07:00:00"
"974109",13,"5.45","2021-01-16 07:15:00"
"974163",13,"5.675","2021-01-16 07:30:00"
"974217",13,"6.425","2021-01-16 07:45:00"
"974271",13,"5.375","2021-01-16 08:00:00"
"974325",13,"5.15","2021-01-16 08:15:00"
"974379",13,"5.075","2021-01-16 08:30:00"
"974433",13,"6.425","2021-01-16 08:45:00"
"974487",13,"6.575","2021-01-16 09:00:00"
"975675",13,"6.125","2021-01-16 14:30:00"
"975729",13,"4.85","2021-01-16 14:45:00"
"975783",13,"5.075","2021-01-16 15:00:00"
"975837",13,"4.1","2021-01-16 15:15:00"
"975891",13,"3.95","2021-01-16 15:30:00"
"975945",13,"4.1","2021-01-16 15:45:00"
"975999",13,"5.225","2021-01-16 16:00:00"
"976053",13,"4.25","2021-01-16 16:15:00"
"976107",13,"4.7","2021-01-16 16:30:00"
"976161",13,"3.65","2021-01-16 16:45:00"
"976755",13,"5","2021-01-16 19:30:00"
"976809",13,"4.625","2021-01-16 19:45:00"
"976863",13,"3.875","2021-01-16 20:00:00"
"976917",13,"3.35","2021-01-16 20:15:00"
"976971",13,"3.8","2021-01-16 20:30:00"
"977025",13,"1.775","2021-01-16 20:45:00"
"977079",13,"2.525","2021-01-16 21:00:00"
"977133",13,"2.6","2021-01-16 21:15:00"
"977187",13,"2.675","2021-01-16 21:30:00"
"977241",13,"0","2021-01-16 21:45:00"
"978429",13,"3.125","2021-01-17 03:15:00"
"978483",13,"5.075","2021-01-17 03:30:00"
"978537",13,"4.85","2021-01-17 03:45:00"
"978591",13,"5.975","2021-01-17 04:00:00"
"978645",13,"6.2","2021-01-17 04:15:00"
"978699",13,"7.55","2021-01-17 04:30:00"
"978753",13,"6.05","2021-01-17 04:45:00"
"978807",13,"6.575","2021-01-17 05:00:00"
"978861",13,"5.675","2021-01-17 05:15:00"
"978915",13,"4.625","2021-01-17 05:30:00"
"979509",13,"4.85","2021-01-17 08:15:00"
"979563",13,"5.15","2021-01-17 08:30:00"
"979617",13,"5.3","2021-01-17 08:45:00"
"979671",13,"5.75","2021-01-17 09:00:00"
"979725",13,"5.075","2021-01-17 09:15:00"
"979779",13,"5.225","2021-01-17 09:30:00"
"979833",13,"5.6","2021-01-17 09:45:00"
"979887",13,"5.975","2021-01-17 10:00:00"
"979941",13,"6.125","2021-01-17 10:15:00"
"979995",13,"6.425","2021-01-17 10:30:00"
"981183",13,"8.15","2021-01-17 16:00:00"
"981237",13,"6.275","2021-01-17 16:15:00"
"981291",13,"8.9","2021-01-17 16:30:00"
"981345",13,"7.55","2021-01-17 16:45:00"
"981399",13,"8.53","2021-01-17 17:00:00"
"981453",13,"5.75","2021-01-17 17:15:00"
"981507",13,"5.075","2021-01-17 17:30:00"
"981561",13,"3.2","2021-01-17 17:45:00"
"981615",13,"2.15","2021-01-17 18:00:00"
"981669",13,"1.25","2021-01-17 18:15:00"
"982803",13,"5.975","2021-01-17 23:30:00"
"982857",13,"4.7","2021-01-17 23:45:00"
"982911",13,"4.625","2021-01-18 00:00:00"
"982965",13,"3.95","2021-01-18 00:15:00"
"983019",13,"4.325","2021-01-18 00:30:00"
"983073",13,"3.2","2021-01-18 00:45:00"
"983127",13,"0","2021-01-18 01:00:00"
"983181",13,"0","2021-01-18 01:15:00"
"983235",13,"2.975","2021-01-18 01:30:00"
"983289",13,"3.125","2021-01-18 01:45:00"
"983343",13,"3.425","2021-01-18 02:00:00"
"983937",13,"2.525","2021-01-18 04:45:00"
"983991",13,"2.3","2021-01-18 05:00:00"
"984045",13,"2.375","2021-01-18 05:15:00"
"984099",13,"2.9","2021-01-18 05:30:00"
"984153",13,"2.75","2021-01-18 05:45:00"
"984207",13,"4.025","2021-01-18 06:00:00"
"984261",13,"4.325","2021-01-18 06:15:00"
"984315",13,"3.8","2021-01-18 06:30:00"
"984369",13,"3.725","2021-01-18 06:45:00"
"984423",13,"2.6","2021-01-18 07:00:00"
"985611",13,"5","2021-01-18 12:30:00"
"985665",13,"5.675","2021-01-18 12:45:00"
"985719",13,"3.875","2021-01-18 13:00:00"
"985773",13,"2.675","2021-01-18 13:15:00"
"985827",13,"4.25","2021-01-18 13:30:00"
"985881",13,"3.575","2021-01-18 13:45:00"
"985935",13,"3.125","2021-01-18 14:00:00"
"985989",13,"3.05","2021-01-18 14:15:00"
"986043",13,"4.1","2021-01-18 14:30:00"
"986097",13,"3.65","2021-01-18 14:45:00"
"986691",13,"0","2021-01-18 17:30:00"
"986745",13,"0","2021-01-18 17:45:00"
"986799",13,"0","2021-01-18 18:00:00"
"986853",13,"2.3","2021-01-18 18:15:00"
"986907",13,"1.925","2021-01-18 18:30:00"
"986961",13,"2.225","2021-01-18 18:45:00"
"987015",13,"2.375","2021-01-18 19:00:00"
"987069",13,"2.375","2021-01-18 19:15:00"
"987123",13,"2.45","2021-01-18 19:30:00"
"987177",13,"2.525","2021-01-18 19:45:00"
"988365",13,"2.975","2021-01-19 01:15:00"
"988419",13,"4.775","2021-01-19 01:30:00"
"988473",13,"4.925","2021-01-19 01:45:00"
"988527",13,"3.65","2021-01-19 02:00:00"
"988581",13,"3.575","2021-01-19 02:15:00"
"988635",13,"3.8","2021-01-19 02:30:00"
"988689",13,"3.125","2021-01-19 02:45:00"
"947948",13,"2.6","2021-07-27 06:15:00"
"948003",13,"4.175","2021-01-12 12:45:00"
"949072",13,"1.4","2021-07-27 09:00:00"
"949174",13,"0","2021-07-27 09:15:00"
"949291",13,"1.85","2021-07-27 09:30:00"
"949251",13,"6.725","2021-01-12 15:30:00"
"949355",13,"7.025","2021-01-12 15:45:00"
"949410",13,"2.45","2021-07-27 09:45:00"
"949504",13,"3.5","2021-07-27 10:00:00"
"949615",13,"2.9","2021-07-27 10:15:00"
"949464",13,"7.925","2021-01-12 16:00:00"
"949575",13,"6.725","2021-01-12 16:15:00"
"949679",13,"6.725","2021-01-12 16:30:00"
"950206",13,"6.575","2021-07-27 11:45:00"
"950318",13,"4.175","2021-07-27 12:00:00"
"950385",13,"2.525","2021-01-12 18:00:00"
"950506",13,"1.925","2021-01-12 18:15:00"
"950803",13,"0","2021-01-12 18:30:00"
"950420",13,"4.025","2021-07-27 12:15:00"
"950521",13,"3.5","2021-07-27 12:30:00"
"950599",13,"2.15","2021-07-27 12:45:00"
"950653",13,"2.225","2021-07-27 13:00:00"
"950707",13,"0","2021-07-27 13:15:00"
"950761",13,"2.675","2021-07-27 13:30:00"
"950937",13,"2.675","2021-07-27 13:45:00"
"951042",13,"4.325","2021-07-27 14:00:00"
"950857",13,"3.125","2021-01-12 18:45:00"
"950953",13,"2.525","2021-01-12 19:00:00"
"951064",13,"2.975","2021-01-12 19:15:00"
"951174",13,"4.4","2021-01-12 19:30:00"
"951284",13,"3.575","2021-01-12 19:45:00"
"951150",13,"7.4","2021-07-27 14:15:00"
"951255",13,"6.65","2021-07-27 14:30:00"
"951941",13,"1.775","2021-01-12 21:15:00"
"952024",13,"0.28","2021-01-12 21:30:00"
"952027",13,"6.425","2021-07-27 16:15:00"
"952134",13,"6.2","2021-07-27 16:30:00"
"952130",13,"0","2021-01-12 21:45:00"
"952223",13,"5.825","2021-07-27 16:45:00"
"952260",13,"0","2021-01-12 22:00:00"
"952352",13,"6.65","2021-07-27 17:00:00"
"952406",13,"5.6","2021-07-27 17:15:00"
"952460",13,"4.175","2021-07-27 17:30:00"
"952349",13,"3.5","2021-01-12 22:15:00"
"952622",13,"4.1","2021-01-12 22:30:00"
"952514",13,"5.3","2021-07-27 17:45:00"
"952617",13,"7.1","2021-07-27 18:00:00"
"952718",13,"1.925","2021-01-12 22:45:00"
"952775",13,"0","2021-01-12 23:00:00"
"953152",13,"2.675","2021-01-12 23:15:00"
"952787",13,"8.83","2021-07-27 18:15:00"
"952841",13,"8.45","2021-07-27 18:30:00"
"952895",13,"7.175","2021-07-27 18:45:00"
"954128",13,"4.775","2021-01-13 01:30:00"
"954231",13,"4.7","2021-01-13 01:45:00"
"954247",13,"5.6","2021-07-27 22:15:00"
"954334",13,"5.075","2021-07-27 22:30:00"
"954363",13,"3.425","2021-01-13 02:00:00"
"954464",13,"1.1","2021-01-13 02:15:00"
"954531",13,"0","2021-01-13 02:30:00"
"954447",13,"7.475","2021-07-27 22:45:00"
"954813",13,"6.425","2021-07-27 23:00:00"
"954867",13,"6.05","2021-07-27 23:15:00"
"955764",13,"0","2021-01-13 05:15:00"
"955864",13,"1.175","2021-01-13 05:30:00"
"955989",13,"0.43","2021-01-13 05:45:00"
"955855",13,"5.15","2021-07-28 02:00:00"
"955947",13,"5.525","2021-07-28 02:15:00"
"956037",13,"5.3","2021-07-28 02:30:00"
"956083",13,"0","2021-01-13 06:00:00"
"956187",13,"2.6","2021-01-13 06:15:00"
"956180",13,"5.675","2021-07-28 02:45:00"
"956302",13,"5.975","2021-07-28 03:00:00"
"956893",13,"3.8","2021-07-28 04:00:00"
"956947",13,"4.1","2021-07-28 04:15:00"
"957001",13,"3.2","2021-07-28 04:30:00"
"957055",13,"2.75","2021-07-28 04:45:00"
"957109",13,"0","2021-07-28 05:00:00"
"957163",13,"2.525","2021-07-28 05:15:00"
"957217",13,"2.9","2021-07-28 05:30:00"
"957271",13,"2.15","2021-07-28 05:45:00"
"957325",13,"3.05","2021-07-28 06:00:00"
"957379",13,"2.75","2021-07-28 06:15:00"
"958529",13,"7.7","2021-01-13 11:45:00"
"958583",13,"6.725","2021-01-13 12:00:00"
"958637",13,"6.725","2021-01-13 12:15:00"
"958691",13,"7.325","2021-01-13 12:30:00"
"958745",13,"6.275","2021-01-13 12:45:00"
"959799",13,"6.575","2021-01-13 13:00:00"
"959853",13,"6.65","2021-01-13 13:15:00"
"958865",13,"4.1","2021-07-28 08:30:00"
"958919",13,"3.575","2021-07-28 08:45:00"
"959513",13,"4.25","2021-07-28 11:30:00"
"959567",13,"4.85","2021-07-28 11:45:00"
"959621",13,"4.325","2021-07-28 12:00:00"
"959675",13,"5.975","2021-07-28 12:15:00"
"959729",13,"5.3","2021-07-28 12:30:00"
"959907",13,"8.08","2021-01-13 13:30:00"
"959961",13,"6.425","2021-01-13 13:45:00"
"960015",13,"7.85","2021-01-13 14:00:00"
"960069",13,"6.575","2021-01-13 14:15:00"
"960123",13,"5.975","2021-01-13 14:30:00"
"961311",13,"11.45","2021-01-13 20:00:00"
"961365",13,"11.98","2021-01-13 20:15:00"
"961419",13,"5.375","2021-01-13 20:30:00"
"961473",13,"4.55","2021-01-13 20:45:00"
"961527",13,"3.575","2021-01-13 21:00:00"
"961581",13,"3.8","2021-01-13 21:15:00"
"961635",13,"3.575","2021-01-13 21:30:00"
"961689",13,"4.1","2021-01-13 21:45:00"
"961743",13,"4.1","2021-01-13 22:00:00"
"961797",13,"5","2021-01-13 22:15:00"
"962931",13,"5.15","2021-01-14 03:30:00"
"962985",13,"4.85","2021-01-14 03:45:00"
"963039",13,"4.55","2021-01-14 04:00:00"
"963093",13,"4.025","2021-01-14 04:15:00"
"963147",13,"4.175","2021-01-14 04:30:00"
"963201",13,"4.7","2021-01-14 04:45:00"
"963255",13,"4.85","2021-01-14 05:00:00"
"963309",13,"5.75","2021-01-14 05:15:00"
"963363",13,"6.275","2021-01-14 05:30:00"
"963417",13,"7.175","2021-01-14 05:45:00"
"963471",13,"7.625","2021-01-14 06:00:00"
"964065",13,"9.8","2021-01-14 08:45:00"
"964119",13,"9.28","2021-01-14 09:00:00"
"964173",13,"7.175","2021-01-14 09:15:00"
"964227",13,"6.95","2021-01-14 09:30:00"
"964281",13,"6.05","2021-01-14 09:45:00"
"964335",13,"8.45","2021-01-14 10:00:00"
"964389",13,"7.475","2021-01-14 10:15:00"
"964443",13,"8.6","2021-01-14 10:30:00"
"964497",13,"8.22","2021-01-14 10:45:00"
"964551",13,"8.3","2021-01-14 11:00:00"
"965739",13,"6.2","2021-01-14 16:30:00"
"965793",13,"6.275","2021-01-14 16:45:00"
"965847",13,"7.25","2021-01-14 17:00:00"
"965901",13,"6.05","2021-01-14 17:15:00"
"965955",13,"5.75","2021-01-14 17:30:00"
"966009",13,"6.425","2021-01-14 17:45:00"
"966063",13,"5.9","2021-01-14 18:00:00"
"966117",13,"4.7","2021-01-14 18:15:00"
"966171",13,"5.15","2021-01-14 18:30:00"
"966225",13,"9.95","2021-01-14 18:45:00"
"966819",13,"10.03","2021-01-14 21:30:00"
"966873",13,"8.97","2021-01-14 21:45:00"
"966927",13,"7.325","2021-01-14 22:00:00"
"966981",13,"7.175","2021-01-14 22:15:00"
"967035",13,"6.425","2021-01-14 22:30:00"
"967089",13,"5.825","2021-01-14 22:45:00"
"967143",13,"5.525","2021-01-14 23:00:00"
"967197",13,"6.5","2021-01-14 23:15:00"
"967251",13,"6.875","2021-01-14 23:30:00"
"967305",13,"6.8","2021-01-14 23:45:00"
"968493",13,"2.675","2021-01-15 05:15:00"
"968547",13,"3.8","2021-01-15 05:30:00"
"968601",13,"2.975","2021-01-15 05:45:00"
"968655",13,"2.45","2021-01-15 06:00:00"
"968709",13,"2","2021-01-15 06:15:00"
"968763",13,"3.725","2021-01-15 06:30:00"
"968817",13,"4.025","2021-01-15 06:45:00"
"968871",13,"2.975","2021-01-15 07:00:00"
"968925",13,"4.25","2021-01-15 07:15:00"
"968979",13,"4.025","2021-01-15 07:30:00"
"969573",13,"4.55","2021-01-15 10:15:00"
"969627",13,"4.925","2021-01-15 10:30:00"
"969681",13,"5.375","2021-01-15 10:45:00"
"969735",13,"4.25","2021-01-15 11:00:00"
"969789",13,"4.925","2021-01-15 11:15:00"
"969843",13,"4.7","2021-01-15 11:30:00"
"969897",13,"4.85","2021-01-15 11:45:00"
"969951",13,"5.975","2021-01-15 12:00:00"
"970005",13,"6.125","2021-01-15 12:15:00"
"970059",13,"5","2021-01-15 12:30:00"
"971787",13,"4.925","2021-01-15 20:30:00"
"971841",13,"4.775","2021-01-15 20:45:00"
"971895",13,"3.95","2021-01-15 21:00:00"
"971949",13,"5.15","2021-01-15 21:15:00"
"972003",13,"3.575","2021-01-15 21:30:00"
"972057",13,"4.925","2021-01-15 21:45:00"
"972111",13,"3.725","2021-01-15 22:00:00"
"972165",13,"3.8","2021-01-15 22:15:00"
"972219",13,"3.8","2021-01-15 22:30:00"
"972273",13,"3.95","2021-01-15 22:45:00"
"973461",13,"3.5","2021-01-16 04:15:00"
"973515",13,"4.7","2021-01-16 04:30:00"
"973569",13,"3.95","2021-01-16 04:45:00"
"973623",13,"3.95","2021-01-16 05:00:00"
"973677",13,"4.55","2021-01-16 05:15:00"
"973731",13,"4.025","2021-01-16 05:30:00"
"973785",13,"4.7","2021-01-16 05:45:00"
"973839",13,"4.625","2021-01-16 06:00:00"
"973893",13,"5.225","2021-01-16 06:15:00"
"973947",13,"5.45","2021-01-16 06:30:00"
"974541",13,"6.275","2021-01-16 09:15:00"
"974595",13,"7.4","2021-01-16 09:30:00"
"974649",13,"7.25","2021-01-16 09:45:00"
"974703",13,"7.175","2021-01-16 10:00:00"
"974757",13,"6.95","2021-01-16 10:15:00"
"974811",13,"7.55","2021-01-16 10:30:00"
"974865",13,"6.65","2021-01-16 10:45:00"
"974919",13,"7.85","2021-01-16 11:00:00"
"974973",13,"8.83","2021-01-16 11:15:00"
"975027",13,"10.55","2021-01-16 11:30:00"
"976215",13,"3.875","2021-01-16 17:00:00"
"976269",13,"4.55","2021-01-16 17:15:00"
"976323",13,"2.975","2021-01-16 17:30:00"
"976377",13,"3.575","2021-01-16 17:45:00"
"976431",13,"3.725","2021-01-16 18:00:00"
"976485",13,"3.35","2021-01-16 18:15:00"
"976539",13,"4.025","2021-01-16 18:30:00"
"976593",13,"4.925","2021-01-16 18:45:00"
"976647",13,"6.65","2021-01-16 19:00:00"
"976701",13,"6.5","2021-01-16 19:15:00"
"977295",13,"0","2021-01-16 22:00:00"
"977349",13,"0","2021-01-16 22:15:00"
"977403",13,"0","2021-01-16 22:30:00"
"977457",13,"0","2021-01-16 22:45:00"
"977511",13,"0","2021-01-16 23:00:00"
"977565",13,"2.9","2021-01-16 23:15:00"
"977619",13,"7.25","2021-01-16 23:30:00"
"977673",13,"5.675","2021-01-16 23:45:00"
"977727",13,"3.95","2021-01-17 00:00:00"
"977781",13,"5.675","2021-01-17 00:15:00"
"978969",13,"5.45","2021-01-17 05:45:00"
"979023",13,"4.7","2021-01-17 06:00:00"
"979077",13,"4.1","2021-01-17 06:15:00"
"979131",13,"4.85","2021-01-17 06:30:00"
"979185",13,"4.625","2021-01-17 06:45:00"
"979239",13,"6.2","2021-01-17 07:00:00"
"979293",13,"5.525","2021-01-17 07:15:00"
"979347",13,"5.675","2021-01-17 07:30:00"
"979401",13,"6.575","2021-01-17 07:45:00"
"979455",13,"4.4","2021-01-17 08:00:00"
"980643",13,"7.175","2021-01-17 13:30:00"
"980697",13,"5.45","2021-01-17 13:45:00"
"980751",13,"5.6","2021-01-17 14:00:00"
"980805",13,"7.775","2021-01-17 14:15:00"
"980859",13,"7.55","2021-01-17 14:30:00"
"980913",13,"3.95","2021-01-17 14:45:00"
"980967",13,"3.725","2021-01-17 15:00:00"
"981021",13,"5.375","2021-01-17 15:15:00"
"981075",13,"5.225","2021-01-17 15:30:00"
"981129",13,"5.825","2021-01-17 15:45:00"
"981723",13,"0","2021-01-17 18:30:00"
"981777",13,"0","2021-01-17 18:45:00"
"981831",13,"0","2021-01-17 19:00:00"
"981885",13,"0","2021-01-17 19:15:00"
"981939",13,"0","2021-01-17 19:30:00"
"981993",13,"2.15","2021-01-17 19:45:00"
"982047",13,"2.6","2021-01-17 20:00:00"
"982101",13,"3.575","2021-01-17 20:15:00"
"982155",13,"3.95","2021-01-17 20:30:00"
"982209",13,"2.6","2021-01-17 20:45:00"
"983397",13,"3.2","2021-01-18 02:15:00"
"983451",13,"1.4","2021-01-18 02:30:00"
"983505",13,"3.125","2021-01-18 02:45:00"
"983559",13,"2.9","2021-01-18 03:00:00"
"983613",13,"3.875","2021-01-18 03:15:00"
"983667",13,"3.2","2021-01-18 03:30:00"
"983721",13,"3.35","2021-01-18 03:45:00"
"983775",13,"3.65","2021-01-18 04:00:00"
"983829",13,"3.8","2021-01-18 04:15:00"
"983883",13,"3.125","2021-01-18 04:30:00"
"985017",13,"4.175","2021-01-18 09:45:00"
"985071",13,"3.5","2021-01-18 10:00:00"
"985125",13,"3.725","2021-01-18 10:15:00"
"985179",13,"4.85","2021-01-18 10:30:00"
"985233",13,"4.775","2021-01-18 10:45:00"
"985287",13,"5.675","2021-01-18 11:00:00"
"985341",13,"6.125","2021-01-18 11:15:00"
"985395",13,"4.85","2021-01-18 11:30:00"
"985449",13,"5.375","2021-01-18 11:45:00"
"985503",13,"6.125","2021-01-18 12:00:00"
"985557",13,"6.05","2021-01-18 12:15:00"
"986151",13,"4.25","2021-01-18 15:00:00"
"986205",13,"4.025","2021-01-18 15:15:00"
"986259",13,"2.975","2021-01-18 15:30:00"
"986313",13,"2.525","2021-01-18 15:45:00"
"986367",13,"1.4","2021-01-18 16:00:00"
"986421",13,"1.25","2021-01-18 16:15:00"
"986475",13,"0","2021-01-18 16:30:00"
"986529",13,"0","2021-01-18 16:45:00"
"986583",13,"0","2021-01-18 17:00:00"
"986637",13,"0","2021-01-18 17:15:00"
"987771",13,"3.275","2021-01-18 22:30:00"
"987825",13,"2.9","2021-01-18 22:45:00"
"987879",13,"3.65","2021-01-18 23:00:00"
"987933",13,"2.975","2021-01-18 23:15:00"
"987987",13,"2.75","2021-01-18 23:30:00"
"988041",13,"1.325","2021-01-18 23:45:00"
"988095",13,"0","2021-01-19 00:00:00"
"988149",13,"0","2021-01-19 00:15:00"
"988203",13,"0","2021-01-19 00:30:00"
"926141",13,"3.125","2021-06-15 14:00:00"
"926195",13,"2.075","2021-06-15 14:15:00"
"926249",13,"3.2","2021-06-15 14:30:00"
"926303",13,"2.525","2021-06-15 14:45:00"
"926357",13,"2.6","2021-06-15 15:00:00"
"926411",13,"4.55","2021-06-15 15:15:00"
"926465",13,"4.7","2021-06-15 15:30:00"
"928147",13,"2.45","2021-07-26 02:15:00"
"928201",13,"2.3","2021-07-26 02:30:00"
"928255",13,"1.55","2021-07-26 02:45:00"
"928309",13,"0","2021-07-26 03:00:00"
"928363",13,"0","2021-07-26 03:15:00"
"928417",13,"0","2021-07-26 03:30:00"
"928471",13,"0","2021-07-26 03:45:00"
"928525",13,"2.075","2021-07-26 04:00:00"
"928579",13,"2.075","2021-07-26 04:15:00"
"928633",13,"0","2021-07-26 04:30:00"
"929329",13,"2.15","2021-06-15 19:30:00"
"929383",13,"1.55","2021-06-15 19:45:00"
"929437",13,"1.775","2021-06-15 20:00:00"
"929491",13,"1.475","2021-06-15 20:15:00"
"929545",13,"2.225","2021-06-15 20:30:00"
"929599",13,"2.375","2021-06-15 20:45:00"
"929653",13,"2.3","2021-06-15 21:00:00"
"929707",13,"2.525","2021-06-15 21:15:00"
"929813",13,"3.875","2021-01-11 01:00:00"
"929893",13,"4.25","2021-01-11 01:15:00"
"930849",13,"2.9","2021-07-26 05:30:00"
"930903",13,"2.675","2021-07-26 05:45:00"
"930957",13,"2.525","2021-07-26 06:00:00"
"931011",13,"1.925","2021-07-26 06:15:00"
"931065",13,"1.775","2021-07-26 06:30:00"
"931119",13,"1.625","2021-07-26 06:45:00"
"931173",13,"1.625","2021-07-26 07:00:00"
"931227",13,"0","2021-07-26 07:15:00"
"931281",13,"0","2021-07-26 07:30:00"
"931335",13,"2.525","2021-07-26 07:45:00"
"933821",13,"3.125","2021-07-26 10:00:00"
"933964",13,"4.1","2021-07-26 10:15:00"
"932692",13,"2.375","2021-06-16 00:45:00"
"932807",13,"2.375","2021-06-16 01:00:00"
"932827",13,"0","2021-01-11 06:45:00"
"932943",13,"0","2021-01-11 07:00:00"
"932908",13,"2.15","2021-06-16 01:15:00"
"933015",13,"2.3","2021-06-16 01:30:00"
"933123",13,"2.225","2021-06-16 01:45:00"
"935444",13,"4.85","2021-07-26 12:30:00"
"935588",13,"6.05","2021-07-26 12:45:00"
"935539",13,"6.575","2021-01-11 12:30:00"
"935701",13,"4.55","2021-01-11 12:45:00"
"935711",13,"3.725","2021-06-16 05:15:00"
"935904",13,"3.05","2021-06-16 05:30:00"
"935753",13,"4.7","2021-07-26 13:00:00"
"935894",13,"5.225","2021-07-26 13:15:00"
"936049",13,"7.625","2021-07-26 13:30:00"
"936971",13,"4.4","2021-01-11 15:30:00"
"937025",13,"5.525","2021-01-11 15:45:00"
"937079",13,"5","2021-01-11 16:00:00"
"937133",13,"5","2021-01-11 16:15:00"
"937187",13,"4.7","2021-01-11 16:30:00"
"937241",13,"4.25","2021-01-11 16:45:00"
"937295",13,"3.65","2021-01-11 17:00:00"
"937391",13,"4.1","2021-01-11 17:15:00"
"937455",13,"0","2021-06-16 07:00:00"
"937674",13,"0","2021-06-16 07:15:00"
"937858",13,"0","2021-06-16 07:30:00"
"939781",13,"3.95","2021-01-11 19:15:00"
"939835",13,"3.875","2021-01-11 19:30:00"
"939889",13,"3.575","2021-01-11 19:45:00"
"939943",13,"2.75","2021-01-11 20:00:00"
"939997",13,"2.45","2021-01-11 20:15:00"
"940051",13,"2.15","2021-01-11 20:30:00"
"940105",13,"1.775","2021-01-11 20:45:00"
"940159",13,"0","2021-01-11 21:00:00"
"940213",13,"0","2021-01-11 21:15:00"
"940267",13,"0","2021-01-11 21:30:00"
"940321",13,"0","2021-01-11 21:45:00"
"943811",13,"1.85","2021-06-16 16:15:00"
"943865",13,"0","2021-06-16 16:30:00"
"942521",13,"2.225","2021-07-26 22:30:00"
"942575",13,"0","2021-07-26 22:45:00"
"942629",13,"0","2021-07-26 23:00:00"
"942683",13,"2.75","2021-07-26 23:15:00"
"942737",13,"2.45","2021-07-26 23:30:00"
"942915",13,"1.925","2021-01-12 00:30:00"
"942969",13,"1.775","2021-01-12 00:45:00"
"945211",13,"0.8","2021-07-26 23:45:00"
"945305",13,"1.4","2021-07-27 00:00:00"
"945424",13,"0","2021-07-27 00:15:00"
"945343",13,"1.55","2021-01-12 06:45:00"
"945452",13,"1.85","2021-01-12 07:00:00"
"945551",13,"3.575","2021-01-12 07:15:00"
"945539",13,"0","2021-07-27 00:30:00"
"945657",13,"0","2021-07-27 00:45:00"
"945651",13,"3.95","2021-01-12 07:30:00"
"945746",13,"4.4","2021-01-12 07:45:00"
"945862",13,"5.15","2021-01-12 08:00:00"
"948048",13,"3.275","2021-07-27 06:30:00"
"948142",13,"2","2021-07-27 06:45:00"
"948261",13,"1.85","2021-07-27 07:00:00"
"948132",13,"5.15","2021-01-12 13:00:00"
"948229",13,"4.175","2021-01-12 13:15:00"
"948369",13,"1.55","2021-07-27 07:15:00"
"948465",13,"1.55","2021-07-27 07:30:00"
"948338",13,"4.4","2021-01-12 13:30:00"
"948447",13,"2.3","2021-01-12 13:45:00"
"948831",13,"2.3","2021-01-12 14:00:00"
"949727",13,"3.95","2021-07-27 10:30:00"
"949833",13,"4.325","2021-07-27 10:45:00"
"949779",13,"7.025","2021-01-12 16:45:00"
"949901",13,"5.225","2021-01-12 17:00:00"
"950044",13,"3.95","2021-01-12 17:15:00"
"949934",13,"4.325","2021-07-27 11:00:00"
"950016",13,"6.425","2021-07-27 11:15:00"
"950106",13,"6.575","2021-07-27 11:30:00"
"950167",13,"2.9","2021-01-12 17:30:00"
"950267",13,"1.925","2021-01-12 17:45:00"
"951413",13,"3.8","2021-01-12 20:00:00"
"951529",13,"1.925","2021-01-12 20:15:00"
"951353",13,"6.65","2021-07-27 14:45:00"
"951450",13,"7.325","2021-07-27 15:00:00"
"951544",13,"5.225","2021-07-27 15:15:00"
"951656",13,"4.85","2021-07-27 15:30:00"
"951769",13,"4.7","2021-07-27 15:45:00"
"951888",13,"6.2","2021-07-27 16:00:00"
"951639",13,"0","2021-01-12 20:30:00"
"951737",13,"0","2021-01-12 20:45:00"
"951844",13,"2.525","2021-01-12 21:00:00"
"952949",13,"6.95","2021-07-27 19:00:00"
"953003",13,"5.525","2021-07-27 19:15:00"
"953058",13,"4.55","2021-07-27 19:30:00"
"953168",13,"4.1","2021-07-27 19:45:00"
"953255",13,"4.55","2021-07-27 20:00:00"
"953279",13,"3.65","2021-01-12 23:30:00"
"953383",13,"2.975","2021-01-12 23:45:00"
"953502",13,"3.05","2021-01-13 00:00:00"
"953369",13,"3.8","2021-07-27 20:15:00"
"953455",13,"4.025","2021-07-27 20:30:00"
"953569",13,"3.5","2021-07-27 20:45:00"
"955206",13,"2.675","2021-01-13 04:00:00"
"955311",13,"3.35","2021-01-13 04:15:00"
"955329",13,"7.175","2021-07-28 00:45:00"
"955418",13,"6.575","2021-07-28 01:00:00"
"955519",13,"6.5","2021-07-28 01:15:00"
"955443",13,"2.3","2021-01-13 04:30:00"
"955546",13,"2.45","2021-01-13 04:45:00"
"955655",13,"2.075","2021-01-13 05:00:00"
"955631",13,"7.025","2021-07-28 01:30:00"
"955738",13,"7.475","2021-07-28 01:45:00"
"957935",13,"6.425","2021-01-13 09:00:00"
"957989",13,"7.625","2021-01-13 09:15:00"
"958043",13,"8.75","2021-01-13 09:30:00"
"958097",13,"8.97","2021-01-13 09:45:00"
"958151",13,"7.85","2021-01-13 10:00:00"
"958205",13,"7.325","2021-01-13 10:15:00"
"958259",13,"8.37","2021-01-13 10:30:00"
"958313",13,"7.25","2021-01-13 10:45:00"
"958367",13,"7.25","2021-01-13 11:00:00"
"958421",13,"8.3","2021-01-13 11:15:00"
"958475",13,"6.725","2021-01-13 11:30:00"
"960177",13,"6.275","2021-01-13 14:45:00"
"960231",13,"6.575","2021-01-13 15:00:00"
"960285",13,"6.35","2021-01-13 15:15:00"
"960339",13,"6.65","2021-01-13 15:30:00"
"960393",13,"6.275","2021-01-13 15:45:00"
"960447",13,"7.025","2021-01-13 16:00:00"
"960501",13,"7.025","2021-01-13 16:15:00"
"960555",13,"6.05","2021-01-13 16:30:00"
"960609",13,"6.875","2021-01-13 16:45:00"
"960663",13,"7.85","2021-01-13 17:00:00"
"960717",13,"7.25","2021-01-13 17:15:00"
"962391",13,"4.475","2021-01-14 01:00:00"
"962445",13,"4.7","2021-01-14 01:15:00"
"962499",13,"4.1","2021-01-14 01:30:00"
"962553",13,"4.25","2021-01-14 01:45:00"
"962607",13,"4.55","2021-01-14 02:00:00"
"962661",13,"5.9","2021-01-14 02:15:00"
"962715",13,"6.35","2021-01-14 02:30:00"
"962769",13,"5.825","2021-01-14 02:45:00"
"962823",13,"5.15","2021-01-14 03:00:00"
"962877",13,"5.375","2021-01-14 03:15:00"
"965145",13,"7.475","2021-01-14 13:45:00"
"965199",13,"5.6","2021-01-14 14:00:00"
"965253",13,"5.825","2021-01-14 14:15:00"
"965307",13,"7.475","2021-01-14 14:30:00"
"965361",13,"8","2021-01-14 14:45:00"
"965415",13,"7.7","2021-01-14 15:00:00"
"965469",13,"4.85","2021-01-14 15:15:00"
"965523",13,"6.425","2021-01-14 15:30:00"
"965577",13,"5.975","2021-01-14 15:45:00"
"965631",13,"7.7","2021-01-14 16:00:00"
"965685",13,"6.725","2021-01-14 16:15:00"
"967899",13,"4.475","2021-01-15 02:30:00"
"967953",13,"5.225","2021-01-15 02:45:00"
"968007",13,"5.15","2021-01-15 03:00:00"
"968061",13,"5.6","2021-01-15 03:15:00"
"968115",13,"4.7","2021-01-15 03:30:00"
"968169",13,"4.25","2021-01-15 03:45:00"
"968223",13,"5","2021-01-15 04:00:00"
"968277",13,"3.725","2021-01-15 04:15:00"
"968331",13,"2.75","2021-01-15 04:30:00"
"968385",13,"1.1","2021-01-15 04:45:00"
"968439",13,"1.625","2021-01-15 05:00:00"
"970113",13,"5.375","2021-01-15 12:45:00"
"970167",13,"6.125","2021-01-15 13:00:00"
"970221",13,"6.5","2021-01-15 13:15:00"
"970275",13,"5.375","2021-01-15 13:30:00"
"970329",13,"5.75","2021-01-15 13:45:00"
"970383",13,"5.675","2021-01-15 14:00:00"
"970437",13,"5.3","2021-01-15 14:15:00"
"970491",13,"4.625","2021-01-15 14:30:00"
"970545",13,"5.375","2021-01-15 14:45:00"
"970599",13,"4.85","2021-01-15 15:00:00"
"970653",13,"5.75","2021-01-15 15:15:00"
"972867",13,"3.2","2021-01-16 01:30:00"
"972921",13,"3.65","2021-01-16 01:45:00"
"972975",13,"3.875","2021-01-16 02:00:00"
"973029",13,"3.5","2021-01-16 02:15:00"
"973083",13,"3.575","2021-01-16 02:30:00"
"973137",13,"4.025","2021-01-16 02:45:00"
"973191",13,"4.175","2021-01-16 03:00:00"
"973245",13,"4.475","2021-01-16 03:15:00"
"973299",13,"4.625","2021-01-16 03:30:00"
"973353",13,"5","2021-01-16 03:45:00"
"973407",13,"4.625","2021-01-16 04:00:00"
"975081",13,"9.43","2021-01-16 11:45:00"
"975135",13,"5.675","2021-01-16 12:00:00"
"975189",13,"6.425","2021-01-16 12:15:00"
"975243",13,"7.1","2021-01-16 12:30:00"
"975297",13,"4.325","2021-01-16 12:45:00"
"975351",13,"4.175","2021-01-16 13:00:00"
"975405",13,"5.225","2021-01-16 13:15:00"
"975459",13,"4.7","2021-01-16 13:30:00"
"975513",13,"4.925","2021-01-16 13:45:00"
"975567",13,"5.075","2021-01-16 14:00:00"
"975621",13,"5.525","2021-01-16 14:15:00"
"977835",13,"4.625","2021-01-17 00:30:00"
"977889",13,"4.1","2021-01-17 00:45:00"
"977943",13,"3.425","2021-01-17 01:00:00"
"977997",13,"2.9","2021-01-17 01:15:00"
"978051",13,"4.7","2021-01-17 01:30:00"
"978105",13,"3.725","2021-01-17 01:45:00"
"978159",13,"3.8","2021-01-17 02:00:00"
"978213",13,"3.65","2021-01-17 02:15:00"
"978267",13,"3.2","2021-01-17 02:30:00"
"978321",13,"3.35","2021-01-17 02:45:00"
"978375",13,"3.275","2021-01-17 03:00:00"
"980049",13,"5.45","2021-01-17 10:45:00"
"980103",13,"6.125","2021-01-17 11:00:00"
"980157",13,"7.25","2021-01-17 11:15:00"
"980211",13,"6.275","2021-01-17 11:30:00"
"980265",13,"7.475","2021-01-17 11:45:00"
"980319",13,"7.325","2021-01-17 12:00:00"
"980373",13,"6.5","2021-01-17 12:15:00"
"980427",13,"6.725","2021-01-17 12:30:00"
"980481",13,"5.75","2021-01-17 12:45:00"
"980535",13,"8","2021-01-17 13:00:00"
"980589",13,"9.5","2021-01-17 13:15:00"
"982263",13,"2.675","2021-01-17 21:00:00"
"982317",13,"2.525","2021-01-17 21:15:00"
"982371",13,"3.5","2021-01-17 21:30:00"
"982425",13,"3.725","2021-01-17 21:45:00"
"982479",13,"3.275","2021-01-17 22:00:00"
"982533",13,"3.8","2021-01-17 22:15:00"
"982587",13,"5.3","2021-01-17 22:30:00"
"982641",13,"4.4","2021-01-17 22:45:00"
"982695",13,"5.075","2021-01-17 23:00:00"
"982749",13,"5.45","2021-01-17 23:15:00"
"984477",13,"3.125","2021-01-18 07:15:00"
"984531",13,"3.05","2021-01-18 07:30:00"
"984585",13,"3.425","2021-01-18 07:45:00"
"984639",13,"2.675","2021-01-18 08:00:00"
"984693",13,"3.35","2021-01-18 08:15:00"
"984747",13,"3.125","2021-01-18 08:30:00"
"984801",13,"4.4","2021-01-18 08:45:00"
"984855",13,"4.1","2021-01-18 09:00:00"
"984909",13,"4.325","2021-01-18 09:15:00"
"984963",13,"4.4","2021-01-18 09:30:00"
"987231",13,"2.825","2021-01-18 20:00:00"
"987285",13,"2","2021-01-18 20:15:00"
"987339",13,"2.975","2021-01-18 20:30:00"
"987393",13,"2.825","2021-01-18 20:45:00"
"987447",13,"2.6","2021-01-18 21:00:00"
"987501",13,"2.675","2021-01-18 21:15:00"
"987555",13,"3.125","2021-01-18 21:30:00"
"987609",13,"2.75","2021-01-18 21:45:00"
"987663",13,"2","2021-01-18 22:00:00"
"987717",13,"2.75","2021-01-18 22:15:00"
"989445",13,"5.75","2021-01-19 06:15:00"
"989499",13,"5.525","2021-01-19 06:30:00"
"989553",13,"5.825","2021-01-19 06:45:00"
"989607",13,"5.525","2021-01-19 07:00:00"
"989661",13,"4.475","2021-01-19 07:15:00"
"988743",13,"3.575","2021-01-19 03:00:00"
"988797",13,"3.575","2021-01-19 03:15:00"
"988851",13,"3.8","2021-01-19 03:30:00"
"996087",13,"6.875","2021-01-20 13:00:00"
"996141",13,"4.775","2021-01-20 13:15:00"
"996195",13,"2.75","2021-01-20 13:30:00"
"996249",13,"2.9","2021-01-20 13:45:00"
"996303",13,"3.65","2021-01-20 14:00:00"
"996357",13,"3.575","2021-01-20 14:15:00"
"996411",13,"3.575","2021-01-20 14:30:00"
"996465",13,"2.75","2021-01-20 14:45:00"
"996519",13,"2.9","2021-01-20 15:00:00"
"996573",13,"2.525","2021-01-20 15:15:00"
"997707",13,"2","2021-01-20 20:30:00"
"997761",13,"2.9","2021-01-20 20:45:00"
"997815",13,"2.825","2021-01-20 21:00:00"
"997869",13,"3.425","2021-01-20 21:15:00"
"997923",13,"3.35","2021-01-20 21:30:00"
"997977",13,"2.825","2021-01-20 21:45:00"
"998031",13,"3.425","2021-01-20 22:00:00"
"998085",13,"4.4","2021-01-20 22:15:00"
"998139",13,"4.1","2021-01-20 22:30:00"
"998193",13,"3.5","2021-01-20 22:45:00"
"998247",13,"2.975","2021-01-20 23:00:00"
"998841",13,"2.3","2021-01-21 01:45:00"
"998895",13,"2.525","2021-01-21 02:00:00"
"998949",13,"2.75","2021-01-21 02:15:00"
"999003",13,"2.15","2021-01-21 02:30:00"
"999057",13,"0","2021-01-21 02:45:00"
"999111",13,"0","2021-01-21 03:00:00"
"999165",13,"0","2021-01-21 03:15:00"
"999219",13,"0","2021-01-21 03:30:00"
"999273",13,"0","2021-01-21 03:45:00"
"999327",13,"0","2021-01-21 04:00:00"
"1000515",13,"5.825","2021-01-21 09:30:00"
"1000569",13,"5.45","2021-01-21 09:45:00"
"1000623",13,"4.7","2021-01-21 10:00:00"
"1000677",13,"3.875","2021-01-21 10:15:00"
"1000731",13,"4.475","2021-01-21 10:30:00"
"1000785",13,"4.55","2021-01-21 10:45:00"
"1000839",13,"4.475","2021-01-21 11:00:00"
"1000893",13,"3.875","2021-01-21 11:15:00"
"1000947",13,"4.175","2021-01-21 11:30:00"
"1001001",13,"4.325","2021-01-21 11:45:00"
"1001595",13,"4.25","2021-01-21 14:30:00"
"1001649",13,"4.475","2021-01-21 14:45:00"
"1001703",13,"3.8","2021-01-21 15:00:00"
"1001757",13,"4.325","2021-01-21 15:15:00"
"1001811",13,"4.1","2021-01-21 15:30:00"
"1001865",13,"4.55","2021-01-21 15:45:00"
"1001919",13,"4.85","2021-01-21 16:00:00"
"1001973",13,"5.15","2021-01-21 16:15:00"
"1002027",13,"5.3","2021-01-21 16:30:00"
"1002081",13,"3.575","2021-01-21 16:45:00"
"1002675",13,"7.85","2021-01-21 19:30:00"
"1002729",13,"3.65","2021-01-21 19:45:00"
"1002783",13,"10.03","2021-01-21 20:00:00"
"1002837",13,"8.68","2021-01-21 20:15:00"
"1002891",13,"3.95","2021-01-21 20:30:00"
"1002945",13,"3.5","2021-01-21 20:45:00"
"1002999",13,"3.35","2021-01-21 21:00:00"
"1003053",13,"3.35","2021-01-21 21:15:00"
"1003107",13,"3.5","2021-01-21 21:30:00"
"1003161",13,"2.6","2021-01-21 21:45:00"
"1003215",13,"2.375","2021-01-21 22:00:00"
"1003809",13,"1.7000000000000002","2021-01-22 00:45:00"
"1003863",13,"0","2021-01-22 01:00:00"
"1003917",13,"0","2021-01-22 01:15:00"
"1003971",13,"0","2021-01-22 01:30:00"
"1004025",13,"0","2021-01-22 01:45:00"
"1004079",13,"2.3","2021-01-22 02:00:00"
"1004133",13,"2.525","2021-01-22 02:15:00"
"1004187",13,"2.975","2021-01-22 02:30:00"
"1004241",13,"2.375","2021-01-22 02:45:00"
"1004295",13,"3.125","2021-01-22 03:00:00"
"1005483",13,"5.675","2021-01-22 08:30:00"
"1005537",13,"5.975","2021-01-22 08:45:00"
"1005591",13,"5.9","2021-01-22 09:00:00"
"1005645",13,"6.875","2021-01-22 09:15:00"
"1005699",13,"6.95","2021-01-22 09:30:00"
"1005753",13,"7.625","2021-01-22 09:45:00"
"1005807",13,"7.925","2021-01-22 10:00:00"
"1005861",13,"6.425","2021-01-22 10:15:00"
"1005915",13,"5.9","2021-01-22 10:30:00"
"1005969",13,"6.275","2021-01-22 10:45:00"
"1006563",13,"5.225","2021-01-22 13:30:00"
"1006617",13,"3.8","2021-01-22 13:45:00"
"1006671",13,"4.25","2021-01-22 14:00:00"
"1006725",13,"5.225","2021-01-22 14:15:00"
"1006779",13,"4.175","2021-01-22 14:30:00"
"1006833",13,"4.55","2021-01-22 14:45:00"
"1006887",13,"2.525","2021-01-22 15:00:00"
"1006941",13,"3.35","2021-01-22 15:15:00"
"1006995",13,"3.275","2021-01-22 15:30:00"
"1007049",13,"3.65","2021-01-22 15:45:00"
"1008237",13,"1.85","2021-01-22 21:15:00"
"1008291",13,"2.525","2021-01-22 21:30:00"
"1008345",13,"2.45","2021-01-22 21:45:00"
"1008399",13,"2.225","2021-01-22 22:00:00"
"1008453",13,"0","2021-01-22 22:15:00"
"1008507",13,"0.73","2021-01-22 22:30:00"
"1008561",13,"4.325","2021-01-22 22:45:00"
"1008615",13,"5.6","2021-01-22 23:00:00"
"1008669",13,"5.45","2021-01-22 23:15:00"
"1008723",13,"5.075","2021-01-22 23:30:00"
"1009317",13,"5.225","2021-01-23 02:15:00"
"1009371",13,"4.475","2021-01-23 02:30:00"
"1009425",13,"4.025","2021-01-23 02:45:00"
"1009479",13,"1.625","2021-01-23 03:00:00"
"1009533",13,"2.075","2021-01-23 03:15:00"
"1009587",13,"0","2021-01-23 03:30:00"
"1009641",13,"0","2021-01-23 03:45:00"
"1009695",13,"0","2021-01-23 04:00:00"
"1009749",13,"0","2021-01-23 04:15:00"
"1009803",13,"0","2021-01-23 04:30:00"
"1010991",13,"3.875","2021-01-23 10:00:00"
"1011045",13,"4.325","2021-01-23 10:15:00"
"1011099",13,"3.8","2021-01-23 10:30:00"
"1011153",13,"3.65","2021-01-23 10:45:00"
"1011207",13,"4.1","2021-01-23 11:00:00"
"1011261",13,"3.95","2021-01-23 11:15:00"
"1011315",13,"4.625","2021-01-23 11:30:00"
"1011369",13,"3.5","2021-01-23 11:45:00"
"1011423",13,"4.55","2021-01-23 12:00:00"
"1011477",13,"3.95","2021-01-23 12:15:00"
"1012611",13,"3.425","2021-01-23 17:30:00"
"1012665",13,"3.35","2021-01-23 17:45:00"
"1012719",13,"2.9","2021-01-23 18:00:00"
"1012773",13,"2.225","2021-01-23 18:15:00"
"1012827",13,"2.225","2021-01-23 18:30:00"
"1012881",13,"1.55","2021-01-23 18:45:00"
"1012935",13,"0","2021-01-23 19:00:00"
"1012989",13,"0","2021-01-23 19:15:00"
"1013043",13,"2","2021-01-23 19:30:00"
"1013097",13,"3.65","2021-01-23 19:45:00"
"1013151",13,"3.575","2021-01-23 20:00:00"
"1013745",13,"7.925","2021-01-23 22:45:00"
"1013799",13,"7.625","2021-01-23 23:00:00"
"1013853",13,"5.45","2021-01-23 23:15:00"
"1013907",13,"5.825","2021-01-23 23:30:00"
"1013961",13,"5","2021-01-23 23:45:00"
"1014015",13,"3.2","2021-01-24 00:00:00"
"1014069",13,"0","2021-01-24 00:15:00"
"1014123",13,"0","2021-01-24 00:30:00"
"1014177",13,"1.7000000000000002","2021-01-24 00:45:00"
"1014231",13,"0","2021-01-24 01:00:00"
"1015419",13,"3.05","2021-01-24 06:30:00"
"1015473",13,"2.375","2021-01-24 06:45:00"
"1015527",13,"2.45","2021-01-24 07:00:00"
"1015581",13,"3.725","2021-01-24 07:15:00"
"1015635",13,"1.025","2021-01-24 07:30:00"
"1015689",13,"0","2021-01-24 07:45:00"
"1015743",13,"0","2021-01-24 08:00:00"
"1015797",13,"0","2021-01-24 08:15:00"
"1015851",13,"2.6","2021-01-24 08:30:00"
"1015905",13,"3.125","2021-01-24 08:45:00"
"1016499",13,"3.125","2021-01-24 11:30:00"
"1016553",13,"3.35","2021-01-24 11:45:00"
"1016607",13,"3.05","2021-01-24 12:00:00"
"1016661",13,"3.5","2021-01-24 12:15:00"
"1016715",13,"2.75","2021-01-24 12:30:00"
"1016769",13,"2.675","2021-01-24 12:45:00"
"1016823",13,"2.75","2021-01-24 13:00:00"
"1016877",13,"2.15","2021-01-24 13:15:00"
"1016931",13,"3.425","2021-01-24 13:30:00"
"1016985",13,"4.475","2021-01-24 13:45:00"
"1017579",13,"5.3","2021-01-24 16:30:00"
"1017633",13,"6.725","2021-01-24 16:45:00"
"1017687",13,"5.15","2021-01-24 17:00:00"
"1017741",13,"4.025","2021-01-24 17:15:00"
"1017795",13,"3.95","2021-01-24 17:30:00"
"1017849",13,"2.6","2021-01-24 17:45:00"
"1017903",13,"1.25","2021-01-24 18:00:00"
"1017957",13,"0","2021-01-24 18:15:00"
"1018011",13,"0","2021-01-24 18:30:00"
"1018065",13,"5.3","2021-01-24 18:45:00"
"1018119",13,"5","2021-01-24 19:00:00"
"1018713",13,"1.925","2021-01-24 21:45:00"
"1018767",13,"1.625","2021-01-24 22:00:00"
"1018821",13,"2.15","2021-01-24 22:15:00"
"1018875",13,"1.7000000000000002","2021-01-24 22:30:00"
"1018929",13,"1.475","2021-01-24 22:45:00"
"1018983",13,"3.8","2021-01-24 23:00:00"
"1019037",13,"3.125","2021-01-24 23:15:00"
"1019091",13,"3.275","2021-01-24 23:30:00"
"1019145",13,"2.975","2021-01-24 23:45:00"
"1019199",13,"1.85","2021-01-25 00:00:00"
"1020387",13,"0","2021-01-25 05:30:00"
"1020441",13,"0","2021-01-25 05:45:00"
"1020495",13,"0","2021-01-25 06:00:00"
"1020549",13,"0","2021-01-25 06:15:00"
"1020603",13,"0","2021-01-25 06:30:00"
"1020657",13,"0","2021-01-25 06:45:00"
"1020711",13,"0","2021-01-25 07:00:00"
"1020765",13,"0","2021-01-25 07:15:00"
"1020819",13,"0","2021-01-25 07:30:00"
"1020873",13,"0","2021-01-25 07:45:00"
"1021467",13,"2.45","2021-01-25 10:30:00"
"1021521",13,"3.2","2021-01-25 10:45:00"
"1021575",13,"2.675","2021-01-25 11:00:00"
"1021629",13,"1.625","2021-01-25 11:15:00"
"1021683",13,"2.6","2021-01-25 11:30:00"
"1021737",13,"0.88","2021-01-25 11:45:00"
"1021791",13,"2.225","2021-01-25 12:00:00"
"1021845",13,"2.225","2021-01-25 12:15:00"
"1021899",13,"1.925","2021-01-25 12:30:00"
"1021953",13,"0","2021-01-25 12:45:00"
"1023141",13,"2.3","2021-01-25 18:15:00"
"1023195",13,"1.55","2021-01-25 18:30:00"
"1023249",13,"2.15","2021-01-25 18:45:00"
"1023303",13,"2.225","2021-01-25 19:00:00"
"1023357",13,"2.15","2021-01-25 19:15:00"
"1023411",13,"2.6","2021-01-25 19:30:00"
"1023465",13,"2.9","2021-01-25 19:45:00"
"1023519",13,"2.525","2021-01-25 20:00:00"
"1023573",13,"2.075","2021-01-25 20:15:00"
"1023627",13,"2.525","2021-01-25 20:30:00"
"1024221",13,"1.475","2021-01-25 23:15:00"
"1024275",13,"2.45","2021-01-25 23:30:00"
"1024329",13,"2.075","2021-01-25 23:45:00"
"1024383",13,"0","2021-01-26 00:00:00"
"1024437",13,"0","2021-01-26 00:15:00"
"1024491",13,"1.025","2021-01-26 00:30:00"
"1024545",13,"1.025","2021-01-26 00:45:00"
"1024599",13,"0","2021-01-26 01:00:00"
"1024653",13,"0","2021-01-26 01:15:00"
"1024707",13,"0","2021-01-26 01:30:00"
"1025355",13,"0","2021-01-26 04:30:00"
"1025409",13,"1.175","2021-01-26 04:45:00"
"1025463",13,"0","2021-01-26 05:00:00"
"1025517",13,"0","2021-01-26 05:15:00"
"1025571",13,"0","2021-01-26 05:30:00"
"1025625",13,"0","2021-01-26 05:45:00"
"1025679",13,"0","2021-01-26 06:00:00"
"1025733",13,"0","2021-01-26 06:15:00"
"1025787",13,"0","2021-01-26 06:30:00"
"1025841",13,"0","2021-01-26 06:45:00"
"1026975",13,"3.875","2021-01-26 12:00:00"
"1027029",13,"4.175","2021-01-26 12:15:00"
"1027083",13,"3.875","2021-01-26 12:30:00"
"1027137",13,"5.375","2021-01-26 12:45:00"
"1027191",13,"5.6","2021-01-26 13:00:00"
"1027245",13,"6.2","2021-01-26 13:15:00"
"1027299",13,"6.425","2021-01-26 13:30:00"
"1027353",13,"5.9","2021-01-26 13:45:00"
"1027407",13,"4.775","2021-01-26 14:00:00"
"1027461",13,"4.7","2021-01-26 14:15:00"
"1028109",13,"3.8","2021-01-26 17:15:00"
"988257",13,"2.45","2021-01-19 00:45:00"
"988311",13,"0","2021-01-19 01:00:00"
"988905",13,"3.5","2021-01-19 03:45:00"
"988959",13,"4.25","2021-01-19 04:00:00"
"989013",13,"5.3","2021-01-19 04:15:00"
"989067",13,"4.625","2021-01-19 04:30:00"
"989121",13,"4.925","2021-01-19 04:45:00"
"989175",13,"6.275","2021-01-19 05:00:00"
"989229",13,"5.975","2021-01-19 05:15:00"
"989283",13,"5.975","2021-01-19 05:30:00"
"989337",13,"6.725","2021-01-19 05:45:00"
"989391",13,"6.425","2021-01-19 06:00:00"
"989985",13,"4.85","2021-01-19 08:45:00"
"990039",13,"5.75","2021-01-19 09:00:00"
"990093",13,"8","2021-01-19 09:15:00"
"990147",13,"6.275","2021-01-19 09:30:00"
"990201",13,"6.5","2021-01-19 09:45:00"
"990255",13,"6.65","2021-01-19 10:00:00"
"990309",13,"6.125","2021-01-19 10:15:00"
"990363",13,"6.05","2021-01-19 10:30:00"
"990417",13,"5.525","2021-01-19 10:45:00"
"990471",13,"5.675","2021-01-19 11:00:00"
"990525",13,"5.675","2021-01-19 11:15:00"
"991119",13,"4.475","2021-01-19 14:00:00"
"991173",13,"5.375","2021-01-19 14:15:00"
"991227",13,"4.7","2021-01-19 14:30:00"
"991281",13,"5","2021-01-19 14:45:00"
"991335",13,"3.875","2021-01-19 15:00:00"
"991389",13,"6.875","2021-01-19 15:15:00"
"991443",13,"5.825","2021-01-19 15:30:00"
"991497",13,"2.525","2021-01-19 15:45:00"
"991551",13,"8.08","2021-01-19 16:00:00"
"991605",13,"6.725","2021-01-19 16:15:00"
"991659",13,"3.2","2021-01-19 16:30:00"
"991713",13,"2.975","2021-01-19 16:45:00"
"991767",13,"4.25","2021-01-19 17:00:00"
"991821",13,"5.45","2021-01-19 17:15:00"
"991875",13,"4.55","2021-01-19 17:30:00"
"991929",13,"2.9","2021-01-19 17:45:00"
"991983",13,"1.775","2021-01-19 18:00:00"
"992037",13,"3.5","2021-01-19 18:15:00"
"992091",13,"4.4","2021-01-19 18:30:00"
"992145",13,"4.025","2021-01-19 18:45:00"
"992739",13,"2.375","2021-01-19 21:30:00"
"992793",13,"0","2021-01-19 21:45:00"
"992847",13,"2.15","2021-01-19 22:00:00"
"992901",13,"1.775","2021-01-19 22:15:00"
"992955",13,"0","2021-01-19 22:30:00"
"993009",13,"0","2021-01-19 22:45:00"
"993063",13,"0","2021-01-19 23:00:00"
"993117",13,"0","2021-01-19 23:15:00"
"993171",13,"0","2021-01-19 23:30:00"
"993225",13,"0","2021-01-19 23:45:00"
"993279",13,"3.05","2021-01-20 00:00:00"
"993333",13,"1.325","2021-01-20 00:15:00"
"993387",13,"3.875","2021-01-20 00:30:00"
"993441",13,"4.925","2021-01-20 00:45:00"
"993495",13,"2.15","2021-01-20 01:00:00"
"993549",13,"0","2021-01-20 01:15:00"
"993603",13,"3.125","2021-01-20 01:30:00"
"993657",13,"3.05","2021-01-20 01:45:00"
"993711",13,"2.375","2021-01-20 02:00:00"
"993765",13,"3.65","2021-01-20 02:15:00"
"993819",13,"3.05","2021-01-20 02:30:00"
"994413",13,"0","2021-01-20 05:15:00"
"994467",13,"0","2021-01-20 05:30:00"
"994521",13,"0","2021-01-20 05:45:00"
"994575",13,"0","2021-01-20 06:00:00"
"994629",13,"0","2021-01-20 06:15:00"
"994683",13,"0","2021-01-20 06:30:00"
"994737",13,"0","2021-01-20 06:45:00"
"994791",13,"0","2021-01-20 07:00:00"
"994845",13,"0","2021-01-20 07:15:00"
"994899",13,"0","2021-01-20 07:30:00"
"995547",13,"4.55","2021-01-20 10:30:00"
"995601",13,"4.625","2021-01-20 10:45:00"
"995655",13,"3.575","2021-01-20 11:00:00"
"995709",13,"3.5","2021-01-20 11:15:00"
"995763",13,"4.1","2021-01-20 11:30:00"
"995817",13,"3.875","2021-01-20 11:45:00"
"995871",13,"2.975","2021-01-20 12:00:00"
"995925",13,"3.275","2021-01-20 12:15:00"
"995979",13,"2.825","2021-01-20 12:30:00"
"996033",13,"7.85","2021-01-20 12:45:00"
"996627",13,"2.375","2021-01-20 15:30:00"
"996681",13,"2.075","2021-01-20 15:45:00"
"996735",13,"2.075","2021-01-20 16:00:00"
"996789",13,"1.7000000000000002","2021-01-20 16:15:00"
"996843",13,"2.525","2021-01-20 16:30:00"
"996897",13,"2.525","2021-01-20 16:45:00"
"996951",13,"2.825","2021-01-20 17:00:00"
"997005",13,"2.75","2021-01-20 17:15:00"
"997059",13,"3.575","2021-01-20 17:30:00"
"997113",13,"2.975","2021-01-20 17:45:00"
"998301",13,"2.3","2021-01-20 23:15:00"
"998355",13,"2.225","2021-01-20 23:30:00"
"998409",13,"2.375","2021-01-20 23:45:00"
"998463",13,"2","2021-01-21 00:00:00"
"998517",13,"1.325","2021-01-21 00:15:00"
"998571",13,"2.375","2021-01-21 00:30:00"
"998625",13,"3.275","2021-01-21 00:45:00"
"998679",13,"2.75","2021-01-21 01:00:00"
"998733",13,"2","2021-01-21 01:15:00"
"998787",13,"2.375","2021-01-21 01:30:00"
"999381",13,"0","2021-01-21 04:15:00"
"999435",13,"0","2021-01-21 04:30:00"
"999489",13,"2.45","2021-01-21 04:45:00"
"999543",13,"3.05","2021-01-21 05:00:00"
"999597",13,"4.4","2021-01-21 05:15:00"
"999651",13,"5.15","2021-01-21 05:30:00"
"999705",13,"5.9","2021-01-21 05:45:00"
"999759",13,"4.325","2021-01-21 06:00:00"
"999813",13,"4.1","2021-01-21 06:15:00"
"999867",13,"3.725","2021-01-21 06:30:00"
"1001055",13,"3.8","2021-01-21 12:00:00"
"1001109",13,"3.875","2021-01-21 12:15:00"
"1001163",13,"3.725","2021-01-21 12:30:00"
"1001217",13,"4.625","2021-01-21 12:45:00"
"1001271",13,"3.875","2021-01-21 13:00:00"
"1001325",13,"4.25","2021-01-21 13:15:00"
"1001379",13,"4.55","2021-01-21 13:30:00"
"1001433",13,"3.725","2021-01-21 13:45:00"
"1001487",13,"3.875","2021-01-21 14:00:00"
"1001541",13,"4.1","2021-01-21 14:15:00"
"1003269",13,"3.125","2021-01-21 22:15:00"
"1003323",13,"4.7","2021-01-21 22:30:00"
"1003377",13,"6.35","2021-01-21 22:45:00"
"1003431",13,"4.1","2021-01-21 23:00:00"
"1003485",13,"3.5","2021-01-21 23:15:00"
"1003539",13,"3.275","2021-01-21 23:30:00"
"1003593",13,"2.3","2021-01-21 23:45:00"
"1003647",13,"2.15","2021-01-22 00:00:00"
"1003701",13,"1.625","2021-01-22 00:15:00"
"1003755",13,"0","2021-01-22 00:30:00"
"1004349",13,"2.6","2021-01-22 03:15:00"
"1004403",13,"2.375","2021-01-22 03:30:00"
"1004457",13,"2.675","2021-01-22 03:45:00"
"1004511",13,"2.825","2021-01-22 04:00:00"
"1004565",13,"1.775","2021-01-22 04:15:00"
"1004619",13,"2.3","2021-01-22 04:30:00"
"1004673",13,"0","2021-01-22 04:45:00"
"1004727",13,"0","2021-01-22 05:00:00"
"1004781",13,"1.25","2021-01-22 05:15:00"
"1004835",13,"1.55","2021-01-22 05:30:00"
"1006023",13,"7.025","2021-01-22 11:00:00"
"1006077",13,"6.875","2021-01-22 11:15:00"
"1006131",13,"6.2","2021-01-22 11:30:00"
"1006185",13,"6.2","2021-01-22 11:45:00"
"1006239",13,"6.35","2021-01-22 12:00:00"
"1006293",13,"4.625","2021-01-22 12:15:00"
"1006347",13,"6.425","2021-01-22 12:30:00"
"1006401",13,"4.4","2021-01-22 12:45:00"
"1006455",13,"4.4","2021-01-22 13:00:00"
"1006509",13,"4.1","2021-01-22 13:15:00"
"1007643",13,"2.975","2021-01-22 18:30:00"
"1007697",13,"3.2","2021-01-22 18:45:00"
"1007751",13,"2","2021-01-22 19:00:00"
"1007805",13,"4.025","2021-01-22 19:15:00"
"1007859",13,"4.325","2021-01-22 19:30:00"
"1007913",13,"3.875","2021-01-22 19:45:00"
"1007967",13,"0","2021-01-22 20:00:00"
"1008021",13,"2.375","2021-01-22 20:15:00"
"1008075",13,"2.45","2021-01-22 20:30:00"
"1008129",13,"2.525","2021-01-22 20:45:00"
"1008183",13,"1.925","2021-01-22 21:00:00"
"1008777",13,"4.7","2021-01-22 23:45:00"
"1008831",13,"4.025","2021-01-23 00:00:00"
"1008885",13,"3.575","2021-01-23 00:15:00"
"1008939",13,"3.5","2021-01-23 00:30:00"
"1008993",13,"2.75","2021-01-23 00:45:00"
"1009047",13,"3.125","2021-01-23 01:00:00"
"1009101",13,"2.9","2021-01-23 01:15:00"
"1009155",13,"2.075","2021-01-23 01:30:00"
"1009209",13,"3.125","2021-01-23 01:45:00"
"1009263",13,"3.8","2021-01-23 02:00:00"
"1010451",13,"2.525","2021-01-23 07:30:00"
"1010505",13,"2.375","2021-01-23 07:45:00"
"1010559",13,"3.2","2021-01-23 08:00:00"
"1010613",13,"3.65","2021-01-23 08:15:00"
"1010667",13,"3.275","2021-01-23 08:30:00"
"1010721",13,"2.975","2021-01-23 08:45:00"
"1010775",13,"3.875","2021-01-23 09:00:00"
"1010829",13,"4.325","2021-01-23 09:15:00"
"1010883",13,"4.925","2021-01-23 09:30:00"
"1010937",13,"5","2021-01-23 09:45:00"
"1012071",13,"2.975","2021-01-23 15:00:00"
"1012125",13,"3.125","2021-01-23 15:15:00"
"1012179",13,"3.425","2021-01-23 15:30:00"
"1012233",13,"4.175","2021-01-23 15:45:00"
"1012287",13,"3.875","2021-01-23 16:00:00"
"1012341",13,"4.325","2021-01-23 16:15:00"
"1012395",13,"4.175","2021-01-23 16:30:00"
"1012449",13,"4.025","2021-01-23 16:45:00"
"1012503",13,"3.8","2021-01-23 17:00:00"
"1012557",13,"2.6","2021-01-23 17:15:00"
"1013205",13,"2.825","2021-01-23 20:15:00"
"1013259",13,"1.625","2021-01-23 20:30:00"
"1013313",13,"2.675","2021-01-23 20:45:00"
"1013367",13,"2.3","2021-01-23 21:00:00"
"1013421",13,"1.775","2021-01-23 21:15:00"
"1013475",13,"2.45","2021-01-23 21:30:00"
"1013529",13,"3.275","2021-01-23 21:45:00"
"1013583",13,"11.23","2021-01-23 22:00:00"
"1013637",13,"9.87","2021-01-23 22:15:00"
"1013691",13,"8.08","2021-01-23 22:30:00"
"1014825",13,"2.225","2021-01-24 03:45:00"
"1014879",13,"0","2021-01-24 04:00:00"
"1014933",13,"1.775","2021-01-24 04:15:00"
"1014987",13,"1.85","2021-01-24 04:30:00"
"1015041",13,"0","2021-01-24 04:45:00"
"1015095",13,"0","2021-01-24 05:00:00"
"1015149",13,"0","2021-01-24 05:15:00"
"1015203",13,"0","2021-01-24 05:30:00"
"1015257",13,"0","2021-01-24 05:45:00"
"1015311",13,"0","2021-01-24 06:00:00"
"1015365",13,"1.85","2021-01-24 06:15:00"
"1017039",13,"3.65","2021-01-24 14:00:00"
"1017093",13,"3.65","2021-01-24 14:15:00"
"1017147",13,"4.25","2021-01-24 14:30:00"
"1017201",13,"3.575","2021-01-24 14:45:00"
"1017255",13,"3.5","2021-01-24 15:00:00"
"1017309",13,"3.8","2021-01-24 15:15:00"
"1017363",13,"4.25","2021-01-24 15:30:00"
"1017417",13,"3.95","2021-01-24 15:45:00"
"1017471",13,"3.95","2021-01-24 16:00:00"
"1017525",13,"2.45","2021-01-24 16:15:00"
"1018173",13,"4.1","2021-01-24 19:15:00"
"1018227",13,"5.225","2021-01-24 19:30:00"
"1018281",13,"4.025","2021-01-24 19:45:00"
"1018335",13,"3.65","2021-01-24 20:00:00"
"1018389",13,"3.35","2021-01-24 20:15:00"
"1018443",13,"3.05","2021-01-24 20:30:00"
"1018497",13,"3.275","2021-01-24 20:45:00"
"1018551",13,"4.1","2021-01-24 21:00:00"
"1018605",13,"3.125","2021-01-24 21:15:00"
"1018659",13,"1.625","2021-01-24 21:30:00"
"1019793",13,"0","2021-01-25 02:45:00"
"1019847",13,"0","2021-01-25 03:00:00"
"1019901",13,"0","2021-01-25 03:15:00"
"1019955",13,"0","2021-01-25 03:30:00"
"1020009",13,"0","2021-01-25 03:45:00"
"1020063",13,"0","2021-01-25 04:00:00"
"1020117",13,"0","2021-01-25 04:15:00"
"1020171",13,"0","2021-01-25 04:30:00"
"1020225",13,"0","2021-01-25 04:45:00"
"1020279",13,"0","2021-01-25 05:00:00"
"1020333",13,"0","2021-01-25 05:15:00"
"1020927",13,"0","2021-01-25 08:00:00"
"1020981",13,"0","2021-01-25 08:15:00"
"1021035",13,"0","2021-01-25 08:30:00"
"1021089",13,"0","2021-01-25 08:45:00"
"1021143",13,"0","2021-01-25 09:00:00"
"1021197",13,"0","2021-01-25 09:15:00"
"1021251",13,"0","2021-01-25 09:30:00"
"1021305",13,"0","2021-01-25 09:45:00"
"1021359",13,"0","2021-01-25 10:00:00"
"1021413",13,"0","2021-01-25 10:15:00"
"1022547",13,"5","2021-01-25 15:30:00"
"1022601",13,"7.175","2021-01-25 15:45:00"
"1022655",13,"8.45","2021-01-25 16:00:00"
"1022709",13,"7.1","2021-01-25 16:15:00"
"1022763",13,"6.425","2021-01-25 16:30:00"
"1022817",13,"5.525","2021-01-25 16:45:00"
"1022871",13,"4.1","2021-01-25 17:00:00"
"1022925",13,"3.275","2021-01-25 17:15:00"
"1022979",13,"2.975","2021-01-25 17:30:00"
"1023033",13,"0","2021-01-25 17:45:00"
"1023087",13,"2.825","2021-01-25 18:00:00"
"1023681",13,"2.525","2021-01-25 20:45:00"
"1023735",13,"1.925","2021-01-25 21:00:00"
"1023789",13,"1.85","2021-01-25 21:15:00"
"1023843",13,"1.85","2021-01-25 21:30:00"
"1023897",13,"1.925","2021-01-25 21:45:00"
"1023951",13,"1.85","2021-01-25 22:00:00"
"1024005",13,"0.43","2021-01-25 22:15:00"
"1024059",13,"0","2021-01-25 22:30:00"
"1024113",13,"0","2021-01-25 22:45:00"
"1024167",13,"0","2021-01-25 23:00:00"
"1025895",13,"1.625","2021-01-26 07:00:00"
"1025949",13,"1.925","2021-01-26 07:15:00"
"1026003",13,"0","2021-01-26 07:30:00"
"1026057",13,"2.975","2021-01-26 07:45:00"
"1026111",13,"3.2","2021-01-26 08:00:00"
"1026165",13,"2.675","2021-01-26 08:15:00"
"1026219",13,"2.825","2021-01-26 08:30:00"
"1026273",13,"2.825","2021-01-26 08:45:00"
"1026327",13,"2.525","2021-01-26 09:00:00"
"1026381",13,"3.5","2021-01-26 09:15:00"
"1027515",13,"4.625","2021-01-26 14:30:00"
"1027569",13,"5","2021-01-26 14:45:00"
"1027623",13,"4.925","2021-01-26 15:00:00"
"1027677",13,"5.225","2021-01-26 15:15:00"
"1027731",13,"5.225","2021-01-26 15:30:00"
"1028163",13,"3.725","2021-01-26 17:30:00"
"1028217",13,"3.275","2021-01-26 17:45:00"
"1028271",13,"4.1","2021-01-26 18:00:00"
"1028325",13,"3.125","2021-01-26 18:15:00"
"1028379",13,"3.65","2021-01-26 18:30:00"
"1028433",13,"3.35","2021-01-26 18:45:00"
"1028487",13,"3.2","2021-01-26 19:00:00"
"1028541",13,"3.5","2021-01-26 19:15:00"
"1028595",13,"3.425","2021-01-26 19:30:00"
"1032483",13,"6.65","2021-01-27 13:30:00"
"1032537",13,"6.5","2021-01-27 13:45:00"
"1032591",13,"7.025","2021-01-27 14:00:00"
"1032645",13,"9.35","2021-01-27 14:15:00"
"1032699",13,"8.3","2021-01-27 14:30:00"
"1032753",13,"8.15","2021-01-27 14:45:00"
"1032807",13,"6.2","2021-01-27 15:00:00"
"1032861",13,"5.675","2021-01-27 15:15:00"
"1032915",13,"5.525","2021-01-27 15:30:00"
"1032969",13,"5","2021-01-27 15:45:00"
"1033023",13,"4.625","2021-01-27 16:00:00"
"1033617",13,"2.375","2021-01-27 18:45:00"
"1033671",13,"2.15","2021-01-27 19:00:00"
"1033725",13,"4.325","2021-01-27 19:15:00"
"1033779",13,"4.85","2021-01-27 19:30:00"
"1033833",13,"6.95","2021-01-27 19:45:00"
"1033887",13,"8.75","2021-01-27 20:00:00"
"1033941",13,"10.1","2021-01-27 20:15:00"
"1033995",13,"9.05","2021-01-27 20:30:00"
"1034049",13,"8","2021-01-27 20:45:00"
"1034103",13,"6.2","2021-01-27 21:00:00"
"1035291",13,"4.7","2021-01-28 02:30:00"
"1035345",13,"4.25","2021-01-28 02:45:00"
"1035399",13,"3.875","2021-01-28 03:00:00"
"1035453",13,"3.725","2021-01-28 03:15:00"
"1035507",13,"2.375","2021-01-28 03:30:00"
"1035561",13,"0.8","2021-01-28 03:45:00"
"1035615",13,"0","2021-01-28 04:00:00"
"1035669",13,"0","2021-01-28 04:15:00"
"1035723",13,"0","2021-01-28 04:30:00"
"1035777",13,"0","2021-01-28 04:45:00"
"1036371",13,"0","2021-01-28 07:30:00"
"1036425",13,"0","2021-01-28 07:45:00"
"1036479",13,"0","2021-01-28 08:00:00"
"1036533",13,"0","2021-01-28 08:15:00"
"1036587",13,"0","2021-01-28 08:30:00"
"1036641",13,"0.9500000000000001","2021-01-28 08:45:00"
"1036695",13,"0","2021-01-28 09:00:00"
"1036749",13,"0","2021-01-28 09:15:00"
"1036803",13,"0","2021-01-28 09:30:00"
"1036857",13,"0","2021-01-28 09:45:00"
"1038045",13,"5.375","2021-01-28 15:15:00"
"1038099",13,"4.55","2021-01-28 15:30:00"
"1038153",13,"3.875","2021-01-28 15:45:00"
"1038207",13,"3.35","2021-01-28 16:00:00"
"1038261",13,"3.8","2021-01-28 16:15:00"
"1038315",13,"3.8","2021-01-28 16:30:00"
"1038369",13,"3.5","2021-01-28 16:45:00"
"1038423",13,"2.9","2021-01-28 17:00:00"
"1038477",13,"1.775","2021-01-28 17:15:00"
"1038531",13,"0","2021-01-28 17:30:00"
"1038585",13,"0","2021-01-28 17:45:00"
"1038639",13,"1.85","2021-01-28 18:00:00"
"1038693",13,"2.075","2021-01-28 18:15:00"
"1038747",13,"0","2021-01-28 18:30:00"
"1038801",13,"2.075","2021-01-28 18:45:00"
"1038855",13,"1.7000000000000002","2021-01-28 19:00:00"
"1038909",13,"0","2021-01-28 19:15:00"
"1038963",13,"3.875","2021-01-28 19:30:00"
"1039017",13,"3.65","2021-01-28 19:45:00"
"1039071",13,"2.525","2021-01-28 20:00:00"
"1039665",13,"4.775","2021-01-28 22:45:00"
"1039719",13,"4.7","2021-01-28 23:00:00"
"1039773",13,"2.525","2021-01-28 23:15:00"
"1039827",13,"2.975","2021-01-28 23:30:00"
"1039881",13,"2.525","2021-01-28 23:45:00"
"1039935",13,"1.925","2021-01-29 00:00:00"
"1039989",13,"1.85","2021-01-29 00:15:00"
"1040043",13,"1.475","2021-01-29 00:30:00"
"1040097",13,"2.6","2021-01-29 00:45:00"
"1040151",13,"3.65","2021-01-29 01:00:00"
"1040205",13,"3.8","2021-01-29 01:15:00"
"1040259",13,"3.95","2021-01-29 01:30:00"
"1040313",13,"3.8","2021-01-29 01:45:00"
"1040367",13,"3.725","2021-01-29 02:00:00"
"1040421",13,"4.175","2021-01-29 02:15:00"
"1040475",13,"4.025","2021-01-29 02:30:00"
"1040529",13,"4.175","2021-01-29 02:45:00"
"1040583",13,"4.1","2021-01-29 03:00:00"
"1040637",13,"3.725","2021-01-29 03:15:00"
"1040691",13,"3.275","2021-01-29 03:30:00"
"1040745",13,"3.5","2021-01-29 03:45:00"
"1041879",13,"3.425","2021-01-29 09:00:00"
"1041933",13,"3.875","2021-01-29 09:15:00"
"1041987",13,"3.575","2021-01-29 09:30:00"
"1042041",13,"3.875","2021-01-29 09:45:00"
"1042095",13,"3.725","2021-01-29 10:00:00"
"1042149",13,"3.725","2021-01-29 10:15:00"
"1042203",13,"3.575","2021-01-29 10:30:00"
"1042257",13,"3.725","2021-01-29 10:45:00"
"1042311",13,"4.325","2021-01-29 11:00:00"
"1042365",13,"2.975","2021-01-29 11:15:00"
"1043013",13,"7.55","2021-01-29 14:15:00"
"1043067",13,"7.775","2021-01-29 14:30:00"
"1043121",13,"8.75","2021-01-29 14:45:00"
"1043175",13,"9.28","2021-01-29 15:00:00"
"1043229",13,"8.53","2021-01-29 15:15:00"
"1043283",13,"8.08","2021-01-29 15:30:00"
"1043337",13,"8.45","2021-01-29 15:45:00"
"1043391",13,"7.475","2021-01-29 16:00:00"
"1043445",13,"7.775","2021-01-29 16:15:00"
"1043499",13,"6.2","2021-01-29 16:30:00"
"1044633",13,"5.225","2021-01-29 21:45:00"
"1044687",13,"4.925","2021-01-29 22:00:00"
"1044741",13,"6.875","2021-01-29 22:15:00"
"1044795",13,"7.25","2021-01-29 22:30:00"
"1044849",13,"5.9","2021-01-29 22:45:00"
"1044903",13,"4.4","2021-01-29 23:00:00"
"1044957",13,"3.35","2021-01-29 23:15:00"
"1045011",13,"3.8","2021-01-29 23:30:00"
"1045065",13,"4.55","2021-01-29 23:45:00"
"1045119",13,"2.975","2021-01-30 00:00:00"
"1045173",13,"3.05","2021-01-30 00:15:00"
"1045767",13,"2.75","2021-01-30 03:00:00"
"1045821",13,"2.975","2021-01-30 03:15:00"
"1045875",13,"2.9","2021-01-30 03:30:00"
"1045929",13,"0.9500000000000001","2021-01-30 03:45:00"
"1045983",13,"0","2021-01-30 04:00:00"
"1046037",13,"0","2021-01-30 04:15:00"
"1046091",13,"2","2021-01-30 04:30:00"
"1046145",13,"0","2021-01-30 04:45:00"
"1046199",13,"0","2021-01-30 05:00:00"
"1046253",13,"1.1","2021-01-30 05:15:00"
"1047387",13,"1.25","2021-01-30 10:30:00"
"1047441",13,"2.6","2021-01-30 10:45:00"
"1047495",13,"2.975","2021-01-30 11:00:00"
"1047549",13,"4.25","2021-01-30 11:15:00"
"1047603",13,"4.475","2021-01-30 11:30:00"
"1047657",13,"5.3","2021-01-30 11:45:00"
"1047711",13,"4.625","2021-01-30 12:00:00"
"1047765",13,"5.6","2021-01-30 12:15:00"
"1047819",13,"4.1","2021-01-30 12:30:00"
"1047873",13,"3.8","2021-01-30 12:45:00"
"1047927",13,"5","2021-01-30 13:00:00"
"1047981",13,"6.05","2021-01-30 13:15:00"
"1048035",13,"6.2","2021-01-30 13:30:00"
"1048089",13,"6.05","2021-01-30 13:45:00"
"1048143",13,"6.125","2021-01-30 14:00:00"
"1048197",13,"5.375","2021-01-30 14:15:00"
"1048251",13,"4.775","2021-01-30 14:30:00"
"1048305",13,"5","2021-01-30 14:45:00"
"1048359",13,"5","2021-01-30 15:00:00"
"1048413",13,"5.375","2021-01-30 15:15:00"
"1048467",13,"6.275","2021-01-30 15:30:00"
"1049601",13,"2.6","2021-01-30 20:45:00"
"1049655",13,"3.5","2021-01-30 21:00:00"
"1049709",13,"5.675","2021-01-30 21:15:00"
"1049763",13,"5.225","2021-01-30 21:30:00"
"1049817",13,"7.025","2021-01-30 21:45:00"
"1049871",13,"7.475","2021-01-30 22:00:00"
"1049925",13,"5.675","2021-01-30 22:15:00"
"1049979",13,"5.9","2021-01-30 22:30:00"
"1050033",13,"5.375","2021-01-30 22:45:00"
"1050087",13,"6.05","2021-01-30 23:00:00"
"1050141",13,"5.75","2021-01-30 23:15:00"
"1050735",13,"0","2021-01-31 02:00:00"
"1050789",13,"0","2021-01-31 02:15:00"
"1050843",13,"0","2021-01-31 02:30:00"
"1050897",13,"0","2021-01-31 02:45:00"
"1050951",13,"0","2021-01-31 03:00:00"
"1051005",13,"0","2021-01-31 03:15:00"
"1051059",13,"1.175","2021-01-31 03:30:00"
"1051113",13,"0","2021-01-31 03:45:00"
"1051167",13,"0","2021-01-31 04:00:00"
"1051221",13,"0","2021-01-31 04:15:00"
"1052949",13,"5.15","2021-01-31 12:15:00"
"1053003",13,"3.275","2021-01-31 12:30:00"
"1053057",13,"4.475","2021-01-31 12:45:00"
"1053111",13,"5.45","2021-01-31 13:00:00"
"1053165",13,"4.7","2021-01-31 13:15:00"
"989715",13,"4.475","2021-01-19 07:30:00"
"989769",13,"4.175","2021-01-19 07:45:00"
"989823",13,"3.95","2021-01-19 08:00:00"
"989877",13,"4.175","2021-01-19 08:15:00"
"989931",13,"4.1","2021-01-19 08:30:00"
"990579",13,"5","2021-01-19 11:30:00"
"990633",13,"5.675","2021-01-19 11:45:00"
"990687",13,"5.45","2021-01-19 12:00:00"
"990741",13,"4.55","2021-01-19 12:15:00"
"990795",13,"6.125","2021-01-19 12:30:00"
"990849",13,"3.575","2021-01-19 12:45:00"
"990903",13,"4.475","2021-01-19 13:00:00"
"990957",13,"5.375","2021-01-19 13:15:00"
"991011",13,"5.45","2021-01-19 13:30:00"
"991065",13,"4.25","2021-01-19 13:45:00"
"992199",13,"2.825","2021-01-19 19:00:00"
"992253",13,"0","2021-01-19 19:15:00"
"992307",13,"0","2021-01-19 19:30:00"
"992361",13,"0","2021-01-19 19:45:00"
"992415",13,"1.775","2021-01-19 20:00:00"
"992469",13,"1.775","2021-01-19 20:15:00"
"992523",13,"1.25","2021-01-19 20:30:00"
"992577",13,"0","2021-01-19 20:45:00"
"992631",13,"0","2021-01-19 21:00:00"
"992685",13,"1.775","2021-01-19 21:15:00"
"993873",13,"2","2021-01-20 02:45:00"
"993927",13,"3.125","2021-01-20 03:00:00"
"993981",13,"2.975","2021-01-20 03:15:00"
"994035",13,"0","2021-01-20 03:30:00"
"994089",13,"0","2021-01-20 03:45:00"
"994143",13,"0","2021-01-20 04:00:00"
"994197",13,"0","2021-01-20 04:15:00"
"994251",13,"0","2021-01-20 04:30:00"
"994305",13,"0","2021-01-20 04:45:00"
"994359",13,"0","2021-01-20 05:00:00"
"994953",13,"0","2021-01-20 07:45:00"
"995007",13,"0","2021-01-20 08:00:00"
"995061",13,"1.4","2021-01-20 08:15:00"
"995115",13,"2.15","2021-01-20 08:30:00"
"995169",13,"2.6","2021-01-20 08:45:00"
"995223",13,"3.725","2021-01-20 09:00:00"
"995277",13,"4.55","2021-01-20 09:15:00"
"995331",13,"4.25","2021-01-20 09:30:00"
"995385",13,"3.8","2021-01-20 09:45:00"
"995439",13,"5.45","2021-01-20 10:00:00"
"995493",13,"5.9","2021-01-20 10:15:00"
"997167",13,"3.05","2021-01-20 18:00:00"
"997221",13,"2.975","2021-01-20 18:15:00"
"997275",13,"0","2021-01-20 18:30:00"
"997329",13,"0","2021-01-20 18:45:00"
"997383",13,"1.25","2021-01-20 19:00:00"
"997437",13,"0","2021-01-20 19:15:00"
"997491",13,"0","2021-01-20 19:30:00"
"997545",13,"0.65","2021-01-20 19:45:00"
"997599",13,"1.175","2021-01-20 20:00:00"
"997653",13,"0","2021-01-20 20:15:00"
"999921",13,"2.3","2021-01-21 06:45:00"
"999975",13,"0.65","2021-01-21 07:00:00"
"1000029",13,"2.975","2021-01-21 07:15:00"
"1000083",13,"5.375","2021-01-21 07:30:00"
"1000137",13,"6.65","2021-01-21 07:45:00"
"1000191",13,"6.8","2021-01-21 08:00:00"
"1000245",13,"7.025","2021-01-21 08:15:00"
"1000299",13,"6.5","2021-01-21 08:30:00"
"1000353",13,"5.975","2021-01-21 08:45:00"
"1000407",13,"4.625","2021-01-21 09:00:00"
"1000461",13,"5.225","2021-01-21 09:15:00"
"1002135",13,"2.975","2021-01-21 17:00:00"
"1002189",13,"3.575","2021-01-21 17:15:00"
"1002243",13,"3.125","2021-01-21 17:30:00"
"1002297",13,"3.425","2021-01-21 17:45:00"
"1002351",13,"4.775","2021-01-21 18:00:00"
"1002405",13,"4.475","2021-01-21 18:15:00"
"1002459",13,"4.1","2021-01-21 18:30:00"
"1002513",13,"3.425","2021-01-21 18:45:00"
"1002567",13,"3.35","2021-01-21 19:00:00"
"1002621",13,"9.8","2021-01-21 19:15:00"
"1004889",13,"0","2021-01-22 05:45:00"
"1004943",13,"1.775","2021-01-22 06:00:00"
"1004997",13,"1.4","2021-01-22 06:15:00"
"1005051",13,"0","2021-01-22 06:30:00"
"1005105",13,"0","2021-01-22 06:45:00"
"1005159",13,"0","2021-01-22 07:00:00"
"1005213",13,"0","2021-01-22 07:15:00"
"1005267",13,"2.225","2021-01-22 07:30:00"
"1005321",13,"2.15","2021-01-22 07:45:00"
"1005375",13,"1.7000000000000002","2021-01-22 08:00:00"
"1005429",13,"3.725","2021-01-22 08:15:00"
"1007103",13,"3.5","2021-01-22 16:00:00"
"1007157",13,"2.45","2021-01-22 16:15:00"
"1007211",13,"2.675","2021-01-22 16:30:00"
"1007265",13,"2.675","2021-01-22 16:45:00"
"1007319",13,"2.075","2021-01-22 17:00:00"
"1007373",13,"3.575","2021-01-22 17:15:00"
"1007427",13,"4.4","2021-01-22 17:30:00"
"1007481",13,"3.875","2021-01-22 17:45:00"
"1007535",13,"4.4","2021-01-22 18:00:00"
"1007589",13,"3.875","2021-01-22 18:15:00"
"1009857",13,"0","2021-01-23 04:45:00"
"1009911",13,"0","2021-01-23 05:00:00"
"1009965",13,"0","2021-01-23 05:15:00"
"1010019",13,"0","2021-01-23 05:30:00"
"1010073",13,"0","2021-01-23 05:45:00"
"1010127",13,"0","2021-01-23 06:00:00"
"1010181",13,"3.125","2021-01-23 06:15:00"
"1010235",13,"2.825","2021-01-23 06:30:00"
"1010289",13,"2.675","2021-01-23 06:45:00"
"1010343",13,"3.05","2021-01-23 07:00:00"
"1010397",13,"2.9","2021-01-23 07:15:00"
"1011531",13,"3.875","2021-01-23 12:30:00"
"1011585",13,"3.2","2021-01-23 12:45:00"
"1011639",13,"3.425","2021-01-23 13:00:00"
"1011693",13,"2.3","2021-01-23 13:15:00"
"1011747",13,"2.675","2021-01-23 13:30:00"
"1011801",13,"2.525","2021-01-23 13:45:00"
"1011855",13,"2.75","2021-01-23 14:00:00"
"1011909",13,"3.425","2021-01-23 14:15:00"
"1011963",13,"2.675","2021-01-23 14:30:00"
"1012017",13,"2.825","2021-01-23 14:45:00"
"1014285",13,"0","2021-01-24 01:15:00"
"1014339",13,"0","2021-01-24 01:30:00"
"1014393",13,"0","2021-01-24 01:45:00"
"1014447",13,"2.6","2021-01-24 02:00:00"
"1014501",13,"3.2","2021-01-24 02:15:00"
"1014555",13,"2.975","2021-01-24 02:30:00"
"1014609",13,"2.9","2021-01-24 02:45:00"
"1014663",13,"3.125","2021-01-24 03:00:00"
"1014717",13,"2.9","2021-01-24 03:15:00"
"1014771",13,"2.675","2021-01-24 03:30:00"
"1015959",13,"3.725","2021-01-24 09:00:00"
"1016013",13,"3.2","2021-01-24 09:15:00"
"1016067",13,"3.05","2021-01-24 09:30:00"
"1016121",13,"3.35","2021-01-24 09:45:00"
"1016175",13,"3.35","2021-01-24 10:00:00"
"1016229",13,"2.525","2021-01-24 10:15:00"
"1016283",13,"3.2","2021-01-24 10:30:00"
"1016337",13,"3.2","2021-01-24 10:45:00"
"1016391",13,"3.725","2021-01-24 11:00:00"
"1016445",13,"4.175","2021-01-24 11:15:00"
"1019253",13,"0","2021-01-25 00:15:00"
"1019307",13,"0","2021-01-25 00:30:00"
"1019361",13,"0","2021-01-25 00:45:00"
"1019415",13,"0","2021-01-25 01:00:00"
"1019469",13,"0","2021-01-25 01:15:00"
"1019523",13,"0","2021-01-25 01:30:00"
"1019577",13,"0","2021-01-25 01:45:00"
"1019631",13,"0","2021-01-25 02:00:00"
"1019685",13,"0","2021-01-25 02:15:00"
"1019739",13,"0","2021-01-25 02:30:00"
"1022007",13,"0.9500000000000001","2021-01-25 13:00:00"
"1022061",13,"2.375","2021-01-25 13:15:00"
"1022115",13,"3.275","2021-01-25 13:30:00"
"1022169",13,"4.025","2021-01-25 13:45:00"
"1022223",13,"5.525","2021-01-25 14:00:00"
"1022277",13,"6.575","2021-01-25 14:15:00"
"1022331",13,"7.25","2021-01-25 14:30:00"
"1022385",13,"5.825","2021-01-25 14:45:00"
"1022439",13,"5.3","2021-01-25 15:00:00"
"1022493",13,"4.475","2021-01-25 15:15:00"
"1024761",13,"0","2021-01-26 01:45:00"
"1024815",13,"0","2021-01-26 02:00:00"
"1024869",13,"0","2021-01-26 02:15:00"
"1024923",13,"1.4","2021-01-26 02:30:00"
"1024977",13,"1.25","2021-01-26 02:45:00"
"1025031",13,"0","2021-01-26 03:00:00"
"1025085",13,"0","2021-01-26 03:15:00"
"1025139",13,"0","2021-01-26 03:30:00"
"1025193",13,"0","2021-01-26 03:45:00"
"1025247",13,"0","2021-01-26 04:00:00"
"1025301",13,"0","2021-01-26 04:15:00"
"1026435",13,"3.05","2021-01-26 09:30:00"
"1026489",13,"3.2","2021-01-26 09:45:00"
"1026543",13,"4.4","2021-01-26 10:00:00"
"1026597",13,"4.175","2021-01-26 10:15:00"
"1026651",13,"5.675","2021-01-26 10:30:00"
"1026705",13,"5.45","2021-01-26 10:45:00"
"1026759",13,"5.3","2021-01-26 11:00:00"
"1026813",13,"4.85","2021-01-26 11:15:00"
"1026867",13,"4.625","2021-01-26 11:30:00"
"1026921",13,"4.4","2021-01-26 11:45:00"
"1029189",13,"3.275","2021-01-26 22:15:00"
"1029243",13,"2.15","2021-01-26 22:30:00"
"1029297",13,"2.6","2021-01-26 22:45:00"
"1029351",13,"2.975","2021-01-26 23:00:00"
"1029405",13,"3.35","2021-01-26 23:15:00"
"1029459",13,"2.975","2021-01-26 23:30:00"
"1029513",13,"2.675","2021-01-26 23:45:00"
"1029567",13,"1.625","2021-01-27 00:00:00"
"1029621",13,"0","2021-01-27 00:15:00"
"1029675",13,"0","2021-01-27 00:30:00"
"1030323",13,"0","2021-01-27 03:30:00"
"1030377",13,"0","2021-01-27 03:45:00"
"1030431",13,"0","2021-01-27 04:00:00"
"1030485",13,"0","2021-01-27 04:15:00"
"1030539",13,"0","2021-01-27 04:30:00"
"1030593",13,"0","2021-01-27 04:45:00"
"1030647",13,"0","2021-01-27 05:00:00"
"1030701",13,"0","2021-01-27 05:15:00"
"1030755",13,"0","2021-01-27 05:30:00"
"1030809",13,"0","2021-01-27 05:45:00"
"1031943",13,"4.775","2021-01-27 11:00:00"
"1031997",13,"6.425","2021-01-27 11:15:00"
"1032051",13,"5.6","2021-01-27 11:30:00"
"1032105",13,"7.7","2021-01-27 11:45:00"
"1032159",13,"6.95","2021-01-27 12:00:00"
"1032213",13,"6.425","2021-01-27 12:15:00"
"1032267",13,"7.175","2021-01-27 12:30:00"
"1032321",13,"7.4","2021-01-27 12:45:00"
"1032375",13,"8","2021-01-27 13:00:00"
"1032429",13,"6.05","2021-01-27 13:15:00"
"1034697",13,"0","2021-01-27 23:45:00"
"1034751",13,"2.75","2021-01-28 00:00:00"
"1034805",13,"0","2021-01-28 00:15:00"
"1034859",13,"0","2021-01-28 00:30:00"
"1034913",13,"0","2021-01-28 00:45:00"
"1034967",13,"0","2021-01-28 01:00:00"
"1035021",13,"0","2021-01-28 01:15:00"
"1035075",13,"0","2021-01-28 01:30:00"
"1035129",13,"0","2021-01-28 01:45:00"
"1035183",13,"0","2021-01-28 02:00:00"
"1035237",13,"2.15","2021-01-28 02:15:00"
"1037451",13,"4.4","2021-01-28 12:30:00"
"1037505",13,"6.05","2021-01-28 12:45:00"
"1037559",13,"6.8","2021-01-28 13:00:00"
"1037613",13,"6.35","2021-01-28 13:15:00"
"1037667",13,"6.425","2021-01-28 13:30:00"
"1037721",13,"5.975","2021-01-28 13:45:00"
"1037775",13,"4.85","2021-01-28 14:00:00"
"1037829",13,"6.725","2021-01-28 14:15:00"
"1037883",13,"6.275","2021-01-28 14:30:00"
"1037937",13,"10.78","2021-01-28 14:45:00"
"1037991",13,"5.3","2021-01-28 15:00:00"
"1039125",13,"2.9","2021-01-28 20:15:00"
"1039179",13,"3.425","2021-01-28 20:30:00"
"1039233",13,"3.125","2021-01-28 20:45:00"
"1039287",13,"0","2021-01-28 21:00:00"
"1039341",13,"0","2021-01-28 21:15:00"
"1039395",13,"0","2021-01-28 21:30:00"
"1039449",13,"0","2021-01-28 21:45:00"
"1039503",13,"0","2021-01-28 22:00:00"
"1039557",13,"0","2021-01-28 22:15:00"
"1039611",13,"2.675","2021-01-28 22:30:00"
"1041339",13,"3.725","2021-01-29 06:30:00"
"1041393",13,"4.55","2021-01-29 06:45:00"
"1041447",13,"4.025","2021-01-29 07:00:00"
"1041501",13,"4.325","2021-01-29 07:15:00"
"1041555",13,"4.25","2021-01-29 07:30:00"
"1041609",13,"4.025","2021-01-29 07:45:00"
"1041663",13,"4.1","2021-01-29 08:00:00"
"1041717",13,"4.1","2021-01-29 08:15:00"
"1041771",13,"3.725","2021-01-29 08:30:00"
"1041825",13,"3.5","2021-01-29 08:45:00"
"1044093",13,"5.225","2021-01-29 19:15:00"
"1044147",13,"5.45","2021-01-29 19:30:00"
"1044201",13,"6.125","2021-01-29 19:45:00"
"1044255",13,"5.375","2021-01-29 20:00:00"
"1044309",13,"5.3","2021-01-29 20:15:00"
"1044363",13,"5.975","2021-01-29 20:30:00"
"1044417",13,"6.95","2021-01-29 20:45:00"
"1044471",13,"5.6","2021-01-29 21:00:00"
"1044525",13,"5.45","2021-01-29 21:15:00"
"1044579",13,"5.75","2021-01-29 21:30:00"
"1046307",13,"0","2021-01-30 05:30:00"
"1046361",13,"2.225","2021-01-30 05:45:00"
"1046415",13,"2.975","2021-01-30 06:00:00"
"1046469",13,"2.525","2021-01-30 06:15:00"
"1046523",13,"2.6","2021-01-30 06:30:00"
"1046577",13,"2.75","2021-01-30 06:45:00"
"1046631",13,"1.475","2021-01-30 07:00:00"
"1046685",13,"0","2021-01-30 07:15:00"
"1046739",13,"1.175","2021-01-30 07:30:00"
"1046793",13,"0","2021-01-30 07:45:00"
"1049061",13,"2.825","2021-01-30 18:15:00"
"1049115",13,"2.825","2021-01-30 18:30:00"
"1049169",13,"2.075","2021-01-30 18:45:00"
"1049223",13,"2.15","2021-01-30 19:00:00"
"1049277",13,"0","2021-01-30 19:15:00"
"1049331",13,"0","2021-01-30 19:30:00"
"1049385",13,"0","2021-01-30 19:45:00"
"1049439",13,"0","2021-01-30 20:00:00"
"1049493",13,"3.5","2021-01-30 20:15:00"
"1049547",13,"1.925","2021-01-30 20:30:00"
"1051275",13,"0","2021-01-31 04:30:00"
"1051329",13,"0","2021-01-31 04:45:00"
"1051383",13,"0","2021-01-31 05:00:00"
"1051437",13,"0","2021-01-31 05:15:00"
"1051491",13,"0","2021-01-31 05:30:00"
"1051545",13,"0","2021-01-31 05:45:00"
"1051599",13,"0","2021-01-31 06:00:00"
"1051653",13,"0","2021-01-31 06:15:00"
"1051707",13,"0","2021-01-31 06:30:00"
"1051761",13,"0","2021-01-31 06:45:00"
"1053489",13,"2.75","2021-01-31 14:45:00"
"1053219",13,"3.2","2021-01-31 13:30:00"
"1053273",13,"3.35","2021-01-31 13:45:00"
"1053327",13,"2.45","2021-01-31 14:00:00"
"1053381",13,"2.15","2021-01-31 14:15:00"
"1053435",13,"2.225","2021-01-31 14:30:00"
"1057323",13,"4.175","2021-02-01 08:30:00"
"1057377",13,"3.725","2021-02-01 08:45:00"
"1057431",13,"4.025","2021-02-01 09:00:00"
"1057485",13,"4.25","2021-02-01 09:15:00"
"1057539",13,"2.975","2021-02-01 09:30:00"
"1057593",13,"2.9","2021-02-01 09:45:00"
"1057647",13,"2.525","2021-02-01 10:00:00"
"1057701",13,"3.425","2021-02-01 10:15:00"
"1057755",13,"3.35","2021-02-01 10:30:00"
"1057809",13,"3.05","2021-02-01 10:45:00"
"1057863",13,"2.9","2021-02-01 11:00:00"
"1058997",13,"4.85","2021-02-01 16:15:00"
"1059051",13,"4.025","2021-02-01 16:30:00"
"1059105",13,"5","2021-02-01 16:45:00"
"1059159",13,"5.225","2021-02-01 17:00:00"
"1059213",13,"4.325","2021-02-01 17:15:00"
"1059267",13,"4.1","2021-02-01 17:30:00"
"1059321",13,"3.275","2021-02-01 17:45:00"
"1059375",13,"2.375","2021-02-01 18:00:00"
"1059429",13,"2.525","2021-02-01 18:15:00"
"1059483",13,"2.75","2021-02-01 18:30:00"
"1060131",13,"0","2021-02-01 21:30:00"
"1060185",13,"0","2021-02-01 21:45:00"
"1060239",13,"2.975","2021-02-01 22:00:00"
"1060293",13,"4.7","2021-02-01 22:15:00"
"1060347",13,"4.175","2021-02-01 22:30:00"
"1060401",13,"2.975","2021-02-01 22:45:00"
"1060455",13,"0","2021-02-01 23:00:00"
"1060509",13,"3.725","2021-02-01 23:15:00"
"1060563",13,"3.125","2021-02-01 23:30:00"
"1060617",13,"2.525","2021-02-01 23:45:00"
"1061751",13,"2.075","2021-02-02 05:00:00"
"1061805",13,"1.55","2021-02-02 05:15:00"
"1061859",13,"0","2021-02-02 05:30:00"
"1061913",13,"0","2021-02-02 05:45:00"
"1061967",13,"0","2021-02-02 06:00:00"
"1062021",13,"0","2021-02-02 06:15:00"
"1062075",13,"0","2021-02-02 06:30:00"
"1062129",13,"0","2021-02-02 06:45:00"
"1062183",13,"0.73","2021-02-02 07:00:00"
"1062237",13,"1.25","2021-02-02 07:15:00"
"1062885",13,"3.8","2021-02-02 10:15:00"
"1062939",13,"3.275","2021-02-02 10:30:00"
"1062993",13,"3.5","2021-02-02 10:45:00"
"1063047",13,"3.5","2021-02-02 11:00:00"
"1063101",13,"4.925","2021-02-02 11:15:00"
"1063155",13,"4.025","2021-02-02 11:30:00"
"1063209",13,"4.1","2021-02-02 11:45:00"
"1063263",13,"5.525","2021-02-02 12:00:00"
"1063317",13,"4.325","2021-02-02 12:15:00"
"1063371",13,"3.725","2021-02-02 12:30:00"
"1064505",13,"2.9","2021-02-02 17:45:00"
"1064559",13,"2.6","2021-02-02 18:00:00"
"1064613",13,"2.825","2021-02-02 18:15:00"
"1064667",13,"2.9","2021-02-02 18:30:00"
"1064721",13,"2.6","2021-02-02 18:45:00"
"1064775",13,"0","2021-02-02 19:00:00"
"1064829",13,"0","2021-02-02 19:15:00"
"1064883",13,"0","2021-02-02 19:30:00"
"1064937",13,"1.55","2021-02-02 19:45:00"
"1064991",13,"1.7000000000000002","2021-02-02 20:00:00"
"1065045",13,"2.375","2021-02-02 20:15:00"
"1066179",13,"2.825","2021-02-03 01:30:00"
"1066233",13,"2.9","2021-02-03 01:45:00"
"1066287",13,"3.275","2021-02-03 02:00:00"
"1066341",13,"2.45","2021-02-03 02:15:00"
"1066395",13,"2","2021-02-03 02:30:00"
"1066449",13,"0.8","2021-02-03 02:45:00"
"1066503",13,"0","2021-02-03 03:00:00"
"1066557",13,"0","2021-02-03 03:15:00"
"1066611",13,"0","2021-02-03 03:30:00"
"1066665",13,"0","2021-02-03 03:45:00"
"1067259",13,"0","2021-02-03 06:30:00"
"1067313",13,"0","2021-02-03 06:45:00"
"1067367",13,"2.675","2021-02-03 07:00:00"
"1067421",13,"3.125","2021-02-03 07:15:00"
"1067475",13,"3.275","2021-02-03 07:30:00"
"1067529",13,"2.75","2021-02-03 07:45:00"
"1067583",13,"2.6","2021-02-03 08:00:00"
"1067637",13,"3.2","2021-02-03 08:15:00"
"1067691",13,"3.2","2021-02-03 08:30:00"
"1067745",13,"2.75","2021-02-03 08:45:00"
"1067799",13,"3.275","2021-02-03 09:00:00"
"1068933",13,"3.05","2021-02-03 14:15:00"
"1068987",13,"4.025","2021-02-03 14:30:00"
"1027785",13,"4.85","2021-01-26 15:45:00"
"1027839",13,"5.3","2021-01-26 16:00:00"
"1027893",13,"4.55","2021-01-26 16:15:00"
"1027947",13,"4.625","2021-01-26 16:30:00"
"1028001",13,"4.1","2021-01-26 16:45:00"
"1028055",13,"4.4","2021-01-26 17:00:00"
"1028649",13,"2.45","2021-01-26 19:45:00"
"1028703",13,"3.05","2021-01-26 20:00:00"
"1028757",13,"3.125","2021-01-26 20:15:00"
"1028811",13,"2.75","2021-01-26 20:30:00"
"1028865",13,"3.125","2021-01-26 20:45:00"
"1028919",13,"3.65","2021-01-26 21:00:00"
"1028973",13,"3.275","2021-01-26 21:15:00"
"1029027",13,"2.75","2021-01-26 21:30:00"
"1029081",13,"3.575","2021-01-26 21:45:00"
"1029135",13,"4.775","2021-01-26 22:00:00"
"1029729",13,"0","2021-01-27 00:45:00"
"1029783",13,"0","2021-01-27 01:00:00"
"1029837",13,"0","2021-01-27 01:15:00"
"1029891",13,"0","2021-01-27 01:30:00"
"1029945",13,"0","2021-01-27 01:45:00"
"1029999",13,"0","2021-01-27 02:00:00"
"1030053",13,"0","2021-01-27 02:15:00"
"1030107",13,"0","2021-01-27 02:30:00"
"1030161",13,"0","2021-01-27 02:45:00"
"1030215",13,"0","2021-01-27 03:00:00"
"1030269",13,"0","2021-01-27 03:15:00"
"1030863",13,"0","2021-01-27 06:00:00"
"1030917",13,"0","2021-01-27 06:15:00"
"1030971",13,"0","2021-01-27 06:30:00"
"1031025",13,"1.775","2021-01-27 06:45:00"
"1031079",13,"2.15","2021-01-27 07:00:00"
"1031133",13,"1.775","2021-01-27 07:15:00"
"1031187",13,"0.43","2021-01-27 07:30:00"
"1031241",13,"0","2021-01-27 07:45:00"
"1031295",13,"3.95","2021-01-27 08:00:00"
"1031349",13,"3.275","2021-01-27 08:15:00"
"1031403",13,"4.025","2021-01-27 08:30:00"
"1031457",13,"4.625","2021-01-27 08:45:00"
"1031511",13,"4.85","2021-01-27 09:00:00"
"1031565",13,"6.95","2021-01-27 09:15:00"
"1031619",13,"5.825","2021-01-27 09:30:00"
"1031673",13,"6.275","2021-01-27 09:45:00"
"1031727",13,"5.525","2021-01-27 10:00:00"
"1031781",13,"4.625","2021-01-27 10:15:00"
"1031835",13,"4.925","2021-01-27 10:30:00"
"1031889",13,"4.85","2021-01-27 10:45:00"
"1033077",13,"2.825","2021-01-27 16:15:00"
"1033131",13,"4.7","2021-01-27 16:30:00"
"1033185",13,"4.175","2021-01-27 16:45:00"
"1033239",13,"3.125","2021-01-27 17:00:00"
"1033293",13,"3.05","2021-01-27 17:15:00"
"1033347",13,"2.075","2021-01-27 17:30:00"
"1033401",13,"2.6","2021-01-27 17:45:00"
"1033455",13,"1.925","2021-01-27 18:00:00"
"1033509",13,"0","2021-01-27 18:15:00"
"1033563",13,"0","2021-01-27 18:30:00"
"1034157",13,"4.7","2021-01-27 21:15:00"
"1034211",13,"4.475","2021-01-27 21:30:00"
"1034265",13,"4.325","2021-01-27 21:45:00"
"1034319",13,"3.35","2021-01-27 22:00:00"
"1034373",13,"0","2021-01-27 22:15:00"
"1034427",13,"1.925","2021-01-27 22:30:00"
"1034481",13,"0","2021-01-27 22:45:00"
"1034535",13,"0","2021-01-27 23:00:00"
"1034589",13,"0","2021-01-27 23:15:00"
"1034643",13,"0","2021-01-27 23:30:00"
"1035831",13,"0","2021-01-28 05:00:00"
"1035885",13,"0","2021-01-28 05:15:00"
"1035939",13,"0","2021-01-28 05:30:00"
"1035993",13,"0","2021-01-28 05:45:00"
"1036047",13,"0","2021-01-28 06:00:00"
"1036101",13,"0","2021-01-28 06:15:00"
"1036155",13,"0","2021-01-28 06:30:00"
"1036209",13,"0","2021-01-28 06:45:00"
"1036263",13,"0","2021-01-28 07:00:00"
"1036317",13,"0","2021-01-28 07:15:00"
"1036911",13,"0","2021-01-28 10:00:00"
"1036965",13,"1.25","2021-01-28 10:15:00"
"1037019",13,"1.325","2021-01-28 10:30:00"
"1037073",13,"1.7000000000000002","2021-01-28 10:45:00"
"1037127",13,"0","2021-01-28 11:00:00"
"1037181",13,"3.05","2021-01-28 11:15:00"
"1037235",13,"4.55","2021-01-28 11:30:00"
"1037289",13,"5","2021-01-28 11:45:00"
"1037343",13,"4.175","2021-01-28 12:00:00"
"1037397",13,"3.8","2021-01-28 12:15:00"
"1040799",13,"2.975","2021-01-29 04:00:00"
"1040853",13,"3.8","2021-01-29 04:15:00"
"1040907",13,"4.775","2021-01-29 04:30:00"
"1040961",13,"4.1","2021-01-29 04:45:00"
"1041015",13,"3.575","2021-01-29 05:00:00"
"1041069",13,"3.2","2021-01-29 05:15:00"
"1041123",13,"2.75","2021-01-29 05:30:00"
"1041177",13,"0","2021-01-29 05:45:00"
"1041231",13,"2.45","2021-01-29 06:00:00"
"1041285",13,"2","2021-01-29 06:15:00"
"1042419",13,"2.375","2021-01-29 11:30:00"
"1042473",13,"4.55","2021-01-29 11:45:00"
"1042527",13,"2.975","2021-01-29 12:00:00"
"1042581",13,"5.225","2021-01-29 12:15:00"
"1042635",13,"5.075","2021-01-29 12:30:00"
"1042689",13,"4.55","2021-01-29 12:45:00"
"1042743",13,"4.625","2021-01-29 13:00:00"
"1042797",13,"5","2021-01-29 13:15:00"
"1042851",13,"5.375","2021-01-29 13:30:00"
"1042905",13,"8.83","2021-01-29 13:45:00"
"1042959",13,"8.75","2021-01-29 14:00:00"
"1043553",13,"6.125","2021-01-29 16:45:00"
"1043607",13,"5.45","2021-01-29 17:00:00"
"1043661",13,"5.825","2021-01-29 17:15:00"
"1043715",13,"3.95","2021-01-29 17:30:00"
"1043769",13,"3.425","2021-01-29 17:45:00"
"1043823",13,"3.5","2021-01-29 18:00:00"
"1043877",13,"3.425","2021-01-29 18:15:00"
"1043931",13,"3.95","2021-01-29 18:30:00"
"1043985",13,"4.55","2021-01-29 18:45:00"
"1044039",13,"4.775","2021-01-29 19:00:00"
"1045227",13,"2.15","2021-01-30 00:30:00"
"1045281",13,"1.7000000000000002","2021-01-30 00:45:00"
"1045335",13,"0","2021-01-30 01:00:00"
"1045389",13,"0","2021-01-30 01:15:00"
"1045443",13,"0","2021-01-30 01:30:00"
"1045497",13,"0","2021-01-30 01:45:00"
"1045551",13,"0","2021-01-30 02:00:00"
"1045605",13,"0","2021-01-30 02:15:00"
"1045659",13,"0","2021-01-30 02:30:00"
"1045713",13,"2.825","2021-01-30 02:45:00"
"1046847",13,"0","2021-01-30 08:00:00"
"1046901",13,"0","2021-01-30 08:15:00"
"1046955",13,"0","2021-01-30 08:30:00"
"1047009",13,"1.625","2021-01-30 08:45:00"
"1047063",13,"2","2021-01-30 09:00:00"
"1047117",13,"3.125","2021-01-30 09:15:00"
"1047171",13,"3.575","2021-01-30 09:30:00"
"1047225",13,"2.75","2021-01-30 09:45:00"
"1047279",13,"2.6","2021-01-30 10:00:00"
"1047333",13,"0.73","2021-01-30 10:15:00"
"1048521",13,"5.3","2021-01-30 15:45:00"
"1048575",13,"4.925","2021-01-30 16:00:00"
"1048629",13,"5.225","2021-01-30 16:15:00"
"1048683",13,"4.775","2021-01-30 16:30:00"
"1048737",13,"4.625","2021-01-30 16:45:00"
"1048791",13,"4.325","2021-01-30 17:00:00"
"1048845",13,"3.5","2021-01-30 17:15:00"
"1048899",13,"2.9","2021-01-30 17:30:00"
"1048953",13,"3.425","2021-01-30 17:45:00"
"1049007",13,"2.825","2021-01-30 18:00:00"
"1050195",13,"4.25","2021-01-30 23:30:00"
"1050249",13,"0","2021-01-30 23:45:00"
"1050303",13,"1.775","2021-01-31 00:00:00"
"1050357",13,"0","2021-01-31 00:15:00"
"1050411",13,"0","2021-01-31 00:30:00"
"1050465",13,"0","2021-01-31 00:45:00"
"1050519",13,"0","2021-01-31 01:00:00"
"1050573",13,"0","2021-01-31 01:15:00"
"1050627",13,"0","2021-01-31 01:30:00"
"1050681",13,"0","2021-01-31 01:45:00"
"1051815",13,"0","2021-01-31 07:00:00"
"1051869",13,"0","2021-01-31 07:15:00"
"1051923",13,"1.1","2021-01-31 07:30:00"
"1051977",13,"0","2021-01-31 07:45:00"
"1052031",13,"0","2021-01-31 08:00:00"
"1052085",13,"2","2021-01-31 08:15:00"
"1052139",13,"2.225","2021-01-31 08:30:00"
"1052193",13,"2.45","2021-01-31 08:45:00"
"1052247",13,"0","2021-01-31 09:00:00"
"1052301",13,"1.625","2021-01-31 09:15:00"
"1052355",13,"0","2021-01-31 09:30:00"
"1052409",13,"3.2","2021-01-31 09:45:00"
"1052463",13,"3.125","2021-01-31 10:00:00"
"1052517",13,"3.875","2021-01-31 10:15:00"
"1052571",13,"3.35","2021-01-31 10:30:00"
"1052625",13,"3.575","2021-01-31 10:45:00"
"1052679",13,"3.275","2021-01-31 11:00:00"
"1052733",13,"3.425","2021-01-31 11:15:00"
"1052787",13,"2.375","2021-01-31 11:30:00"
"1052841",13,"2.375","2021-01-31 11:45:00"
"1052895",13,"2.825","2021-01-31 12:00:00"
"1054029",13,"3.125","2021-01-31 17:15:00"
"1054083",13,"3.05","2021-01-31 17:30:00"
"1054137",13,"3.5","2021-01-31 17:45:00"
"1054191",13,"9.5","2021-01-31 18:00:00"
"1054245",13,"5.975","2021-01-31 18:15:00"
"1054299",13,"2.75","2021-01-31 18:30:00"
"1054353",13,"0.88","2021-01-31 18:45:00"
"1054407",13,"2.9","2021-01-31 19:00:00"
"1054461",13,"2.9","2021-01-31 19:15:00"
"1054515",13,"2.375","2021-01-31 19:30:00"
"1055163",13,"0","2021-01-31 22:30:00"
"1055217",13,"0","2021-01-31 22:45:00"
"1055271",13,"0","2021-01-31 23:00:00"
"1055325",13,"0","2021-01-31 23:15:00"
"1055379",13,"0","2021-01-31 23:30:00"
"1055433",13,"0","2021-01-31 23:45:00"
"1055487",13,"0","2021-02-01 00:00:00"
"1055541",13,"0","2021-02-01 00:15:00"
"1055595",13,"0","2021-02-01 00:30:00"
"1055649",13,"0","2021-02-01 00:45:00"
"1055703",13,"0","2021-02-01 01:00:00"
"1055757",13,"0","2021-02-01 01:15:00"
"1055811",13,"0","2021-02-01 01:30:00"
"1055865",13,"0","2021-02-01 01:45:00"
"1055919",13,"0","2021-02-01 02:00:00"
"1055973",13,"0","2021-02-01 02:15:00"
"1056027",13,"0","2021-02-01 02:30:00"
"1056081",13,"2.45","2021-02-01 02:45:00"
"1056135",13,"1.175","2021-02-01 03:00:00"
"1056189",13,"0","2021-02-01 03:15:00"
"1056783",13,"0","2021-02-01 06:00:00"
"1056837",13,"0","2021-02-01 06:15:00"
"1056891",13,"0","2021-02-01 06:30:00"
"1056945",13,"0","2021-02-01 06:45:00"
"1056999",13,"0","2021-02-01 07:00:00"
"1057053",13,"0","2021-02-01 07:15:00"
"1057107",13,"0","2021-02-01 07:30:00"
"1057161",13,"2","2021-02-01 07:45:00"
"1057215",13,"2.675","2021-02-01 08:00:00"
"1057269",13,"3.875","2021-02-01 08:15:00"
"1057917",13,"2.6","2021-02-01 11:15:00"
"1057971",13,"2.825","2021-02-01 11:30:00"
"1058025",13,"2.525","2021-02-01 11:45:00"
"1058079",13,"3.8","2021-02-01 12:00:00"
"1058133",13,"3.725","2021-02-01 12:15:00"
"1058187",13,"4.175","2021-02-01 12:30:00"
"1058241",13,"4.325","2021-02-01 12:45:00"
"1058295",13,"4.775","2021-02-01 13:00:00"
"1058349",13,"3.35","2021-02-01 13:15:00"
"1058403",13,"4.025","2021-02-01 13:30:00"
"1059537",13,"2.975","2021-02-01 18:45:00"
"1059591",13,"3.05","2021-02-01 19:00:00"
"1059645",13,"2.9","2021-02-01 19:15:00"
"1059699",13,"1.7000000000000002","2021-02-01 19:30:00"
"1059753",13,"0","2021-02-01 19:45:00"
"1059807",13,"0","2021-02-01 20:00:00"
"1059861",13,"0","2021-02-01 20:15:00"
"1059915",13,"0","2021-02-01 20:30:00"
"1059969",13,"0","2021-02-01 20:45:00"
"1060023",13,"0","2021-02-01 21:00:00"
"1060077",13,"0","2021-02-01 21:15:00"
"1061211",13,"1.625","2021-02-02 02:30:00"
"1061265",13,"0","2021-02-02 02:45:00"
"1061319",13,"0","2021-02-02 03:00:00"
"1061373",13,"2.75","2021-02-02 03:15:00"
"1061427",13,"3.725","2021-02-02 03:30:00"
"1061481",13,"3.5","2021-02-02 03:45:00"
"1061535",13,"3.8","2021-02-02 04:00:00"
"1061589",13,"1.775","2021-02-02 04:15:00"
"1061643",13,"2","2021-02-02 04:30:00"
"1061697",13,"2.45","2021-02-02 04:45:00"
"1062291",13,"0","2021-02-02 07:30:00"
"1062345",13,"0","2021-02-02 07:45:00"
"1062399",13,"2","2021-02-02 08:00:00"
"1062453",13,"1.925","2021-02-02 08:15:00"
"1062507",13,"1.925","2021-02-02 08:30:00"
"1062561",13,"2","2021-02-02 08:45:00"
"1062615",13,"2.15","2021-02-02 09:00:00"
"1062669",13,"3.05","2021-02-02 09:15:00"
"1062723",13,"4.175","2021-02-02 09:30:00"
"1062777",13,"2.9","2021-02-02 09:45:00"
"1062831",13,"4.1","2021-02-02 10:00:00"
"1063965",13,"3.35","2021-02-02 15:15:00"
"1064019",13,"3.35","2021-02-02 15:30:00"
"1064073",13,"2.675","2021-02-02 15:45:00"
"1064127",13,"4.85","2021-02-02 16:00:00"
"1064181",13,"4.475","2021-02-02 16:15:00"
"1064235",13,"3.95","2021-02-02 16:30:00"
"1064289",13,"5.3","2021-02-02 16:45:00"
"1064343",13,"4.7","2021-02-02 17:00:00"
"1064397",13,"2.675","2021-02-02 17:15:00"
"1064451",13,"3.875","2021-02-02 17:30:00"
"1065099",13,"1.925","2021-02-02 20:30:00"
"1065153",13,"0.73","2021-02-02 20:45:00"
"1065207",13,"0","2021-02-02 21:00:00"
"1065261",13,"0","2021-02-02 21:15:00"
"1065315",13,"0","2021-02-02 21:30:00"
"1065369",13,"0","2021-02-02 21:45:00"
"1065423",13,"0","2021-02-02 22:00:00"
"1065477",13,"0","2021-02-02 22:15:00"
"1065531",13,"2.225","2021-02-02 22:30:00"
"1065585",13,"1.925","2021-02-02 22:45:00"
"1066719",13,"0","2021-02-03 04:00:00"
"1066773",13,"0","2021-02-03 04:15:00"
"1066827",13,"0","2021-02-03 04:30:00"
"1066881",13,"0","2021-02-03 04:45:00"
"1066935",13,"0","2021-02-03 05:00:00"
"1066989",13,"0","2021-02-03 05:15:00"
"1067043",13,"0","2021-02-03 05:30:00"
"1067097",13,"0","2021-02-03 05:45:00"
"1067151",13,"0","2021-02-03 06:00:00"
"1067205",13,"0","2021-02-03 06:15:00"
"1068393",13,"3.5","2021-02-03 11:45:00"
"1068447",13,"2.9","2021-02-03 12:00:00"
"1069041",13,"4.85","2021-02-03 14:45:00"
"1069095",13,"4.1","2021-02-03 15:00:00"
"1069149",13,"2.6","2021-02-03 15:15:00"
"1069203",13,"5.9","2021-02-03 15:30:00"
"1069257",13,"5.825","2021-02-03 15:45:00"
"1069311",13,"4.475","2021-02-03 16:00:00"
"1069365",13,"3.575","2021-02-03 16:15:00"
"1069419",13,"1.475","2021-02-03 16:30:00"
"1073361",13,"3.35","2021-02-04 10:45:00"
"1073415",13,"2.45","2021-02-04 11:00:00"
"1073469",13,"2.675","2021-02-04 11:15:00"
"1073523",13,"3.2","2021-02-04 11:30:00"
"1073577",13,"4.475","2021-02-04 11:45:00"
"1073631",13,"6.2","2021-02-04 12:00:00"
"1073685",13,"6.65","2021-02-04 12:15:00"
"1073739",13,"5.9","2021-02-04 12:30:00"
"1073793",13,"6.575","2021-02-04 12:45:00"
"1073847",13,"8.08","2021-02-04 13:00:00"
"1074441",13,"5.525","2021-02-04 15:45:00"
"1074495",13,"4.625","2021-02-04 16:00:00"
"1074549",13,"6.425","2021-02-04 16:15:00"
"1074603",13,"6.275","2021-02-04 16:30:00"
"1074657",13,"4.85","2021-02-04 16:45:00"
"1074711",13,"5.675","2021-02-04 17:00:00"
"1074765",13,"5.45","2021-02-04 17:15:00"
"1074819",13,"6.575","2021-02-04 17:30:00"
"1074873",13,"5","2021-02-04 17:45:00"
"1074927",13,"3.95","2021-02-04 18:00:00"
"1074981",13,"5.9","2021-02-04 18:15:00"
"1076115",13,"6.275","2021-02-04 23:30:00"
"1076169",13,"5.75","2021-02-04 23:45:00"
"1076223",13,"5.3","2021-02-05 00:00:00"
"1076277",13,"5.675","2021-02-05 00:15:00"
"1076331",13,"4.85","2021-02-05 00:30:00"
"1076385",13,"4.475","2021-02-05 00:45:00"
"1076439",13,"4.175","2021-02-05 01:00:00"
"1076493",13,"4.025","2021-02-05 01:15:00"
"1076547",13,"3.5","2021-02-05 01:30:00"
"1076601",13,"1.7000000000000002","2021-02-05 01:45:00"
"1077195",13,"5.825","2021-02-05 04:30:00"
"1077249",13,"6.05","2021-02-05 04:45:00"
"1077303",13,"5","2021-02-05 05:00:00"
"1077357",13,"5.375","2021-02-05 05:15:00"
"1077411",13,"3.425","2021-02-05 05:30:00"
"1077465",13,"2.9","2021-02-05 05:45:00"
"1077519",13,"3.35","2021-02-05 06:00:00"
"1077573",13,"1.55","2021-02-05 06:15:00"
"1077627",13,"1.4","2021-02-05 06:30:00"
"1077681",13,"1.625","2021-02-05 06:45:00"
"1077735",13,"2.15","2021-02-05 07:00:00"
"1078329",13,"5.45","2021-02-05 09:45:00"
"1078383",13,"5","2021-02-05 10:00:00"
"1078437",13,"5.225","2021-02-05 10:15:00"
"1078491",13,"3.8","2021-02-05 10:30:00"
"1078545",13,"3.2","2021-02-05 10:45:00"
"1078869",13,"5.6","2021-02-05 12:15:00"
"1078923",13,"7.025","2021-02-05 12:30:00"
"1078977",13,"5.075","2021-02-05 12:45:00"
"1079031",13,"4.925","2021-02-05 13:00:00"
"1079085",13,"5.3","2021-02-05 13:15:00"
"1079409",13,"7.475","2021-02-05 14:45:00"
"1079463",13,"6.5","2021-02-05 15:00:00"
"1079517",13,"6.65","2021-02-05 15:15:00"
"1079571",13,"5.3","2021-02-05 15:30:00"
"1079625",13,"6.05","2021-02-05 15:45:00"
"1080003",13,"6.65","2021-02-05 17:30:00"
"1080057",13,"6.2","2021-02-05 17:45:00"
"1080111",13,"6.125","2021-02-05 18:00:00"
"1080165",13,"5.225","2021-02-05 18:15:00"
"1080219",13,"5.45","2021-02-05 18:30:00"
"1080813",13,"2","2021-02-05 21:15:00"
"1080867",13,"3.125","2021-02-05 21:30:00"
"1080921",13,"2.9","2021-02-05 21:45:00"
"1080975",13,"3.425","2021-02-05 22:00:00"
"1081029",13,"3.575","2021-02-05 22:15:00"
"1081893",13,"2.9","2021-02-06 02:15:00"
"1081947",13,"2.75","2021-02-06 02:30:00"
"1082001",13,"2.45","2021-02-06 02:45:00"
"1082055",13,"2.75","2021-02-06 03:00:00"
"1082109",13,"2.525","2021-02-06 03:15:00"
"1082487",13,"2.6","2021-02-06 05:00:00"
"1082541",13,"2.675","2021-02-06 05:15:00"
"1082595",13,"2.525","2021-02-06 05:30:00"
"1082649",13,"2.525","2021-02-06 05:45:00"
"1082703",13,"2.375","2021-02-06 06:00:00"
"1083297",13,"4.4","2021-02-06 08:45:00"
"1083351",13,"3.65","2021-02-06 09:00:00"
"1083405",13,"3.725","2021-02-06 09:15:00"
"1083459",13,"5.45","2021-02-06 09:30:00"
"1083513",13,"4.025","2021-02-06 09:45:00"
"1083567",13,"4.25","2021-02-06 10:00:00"
"1083621",13,"4.4","2021-02-06 10:15:00"
"1083675",13,"3.65","2021-02-06 10:30:00"
"1083729",13,"3.5","2021-02-06 10:45:00"
"1083783",13,"2.525","2021-02-06 11:00:00"
"1084377",13,"4.775","2021-02-06 13:45:00"
"1084431",13,"5.15","2021-02-06 14:00:00"
"1084485",13,"4.25","2021-02-06 14:15:00"
"1084539",13,"4.85","2021-02-06 14:30:00"
"1084593",13,"4.85","2021-02-06 14:45:00"
"1084971",13,"3.65","2021-02-06 16:30:00"
"1085025",13,"3.95","2021-02-06 16:45:00"
"1085079",13,"3.125","2021-02-06 17:00:00"
"1085133",13,"3.875","2021-02-06 17:15:00"
"1085187",13,"3.2","2021-02-06 17:30:00"
"1085781",13,"2.825","2021-02-06 20:15:00"
"1085835",13,"2.825","2021-02-06 20:30:00"
"1085889",13,"3.2","2021-02-06 20:45:00"
"1085943",13,"2.825","2021-02-06 21:00:00"
"1085997",13,"2.375","2021-02-06 21:15:00"
"1086321",13,"2.9","2021-02-06 22:45:00"
"1086375",13,"2.75","2021-02-06 23:00:00"
"1086429",13,"1.925","2021-02-06 23:15:00"
"1086483",13,"1.475","2021-02-06 23:30:00"
"1086537",13,"0","2021-02-06 23:45:00"
"1086861",13,"5.3","2021-02-07 01:15:00"
"1086915",13,"5.15","2021-02-07 01:30:00"
"1086969",13,"7.175","2021-02-07 01:45:00"
"1087023",13,"8.83","2021-02-07 02:00:00"
"1087077",13,"7.025","2021-02-07 02:15:00"
"1087455",13,"4.925","2021-02-07 04:00:00"
"1087509",13,"4.925","2021-02-07 04:15:00"
"1087563",13,"4.55","2021-02-07 04:30:00"
"1087617",13,"5.45","2021-02-07 04:45:00"
"1087671",13,"5.6","2021-02-07 05:00:00"
"1087995",13,"3.8","2021-02-07 06:30:00"
"1088049",13,"4.025","2021-02-07 06:45:00"
"1088103",13,"3.875","2021-02-07 07:00:00"
"1088157",13,"3.575","2021-02-07 07:15:00"
"1088211",13,"3.65","2021-02-07 07:30:00"
"1088805",13,"5.9","2021-02-07 10:15:00"
"1088859",13,"6.575","2021-02-07 10:30:00"
"1088913",13,"5.375","2021-02-07 10:45:00"
"1088967",13,"6.35","2021-02-07 11:00:00"
"1089021",13,"6.5","2021-02-07 11:15:00"
"1089345",13,"6.275","2021-02-07 12:45:00"
"1089399",13,"5.675","2021-02-07 13:00:00"
"1089453",13,"4.85","2021-02-07 13:15:00"
"1089507",13,"5","2021-02-07 13:30:00"
"1089561",13,"5.525","2021-02-07 13:45:00"
"1089939",13,"3.875","2021-02-07 15:30:00"
"1089993",13,"4.325","2021-02-07 15:45:00"
"1090047",13,"3.875","2021-02-07 16:00:00"
"1090101",13,"2.675","2021-02-07 16:15:00"
"1090155",13,"3.275","2021-02-07 16:30:00"
"1090479",13,"3.8","2021-02-07 18:00:00"
"1090533",13,"3.35","2021-02-07 18:15:00"
"1090587",13,"3.2","2021-02-07 18:30:00"
"1090641",13,"3.2","2021-02-07 18:45:00"
"1090695",13,"1.925","2021-02-07 19:00:00"
"1091289",13,"1.925","2021-02-07 21:45:00"
"1091343",13,"2.375","2021-02-07 22:00:00"
"1091397",13,"2","2021-02-07 22:15:00"
"1091451",13,"2.975","2021-02-07 22:30:00"
"1091505",13,"3.35","2021-02-07 22:45:00"
"1091829",13,"6.8","2021-02-08 00:15:00"
"1091883",13,"6.725","2021-02-08 00:30:00"
"1091937",13,"6.05","2021-02-08 00:45:00"
"1091991",13,"3.8","2021-02-08 01:00:00"
"1092045",13,"3.05","2021-02-08 01:15:00"
"1092693",13,"3.275","2021-02-08 04:15:00"
"1092747",13,"3.275","2021-02-08 04:30:00"
"1092801",13,"3.425","2021-02-08 04:45:00"
"1092855",13,"3.275","2021-02-08 05:00:00"
"1092909",13,"4.1","2021-02-08 05:15:00"
"1093233",13,"3.5","2021-02-08 06:45:00"
"1093287",13,"3.725","2021-02-08 07:00:00"
"1093341",13,"4.4","2021-02-08 07:15:00"
"1093395",13,"5","2021-02-08 07:30:00"
"1093449",13,"5.375","2021-02-08 07:45:00"
"1094043",13,"7.55","2021-02-08 10:30:00"
"1094097",13,"8.6","2021-02-08 10:45:00"
"1094151",13,"7.7","2021-02-08 11:00:00"
"1094205",13,"7.325","2021-02-08 11:15:00"
"1094259",13,"6.95","2021-02-08 11:30:00"
"1094475",13,"7.775","2021-02-08 12:30:00"
"1094529",13,"7.925","2021-02-08 12:45:00"
"1094907",13,"7.025","2021-02-08 14:30:00"
"1094961",13,"7.625","2021-02-08 14:45:00"
"1095177",13,"6.8","2021-02-08 15:45:00"
"1095231",13,"5.825","2021-02-08 16:00:00"
"1095447",13,"6.8","2021-02-08 17:00:00"
"1095501",13,"6.35","2021-02-08 17:15:00"
"1095825",13,"4.175","2021-02-08 18:45:00"
"1095879",13,"3.5","2021-02-08 19:00:00"
"1095933",13,"3.35","2021-02-08 19:15:00"
"1095987",13,"3.05","2021-02-08 19:30:00"
"1096041",13,"2.75","2021-02-08 19:45:00"
"1096095",13,"3.2","2021-02-08 20:00:00"
"1096419",13,"2.675","2021-02-08 21:30:00"
"1096473",13,"2.15","2021-02-08 21:45:00"
"1096689",13,"2.225","2021-02-08 22:45:00"
"1096743",13,"2.6","2021-02-08 23:00:00"
"1097067",13,"5.15","2021-02-09 00:30:00"
"1097121",13,"4.85","2021-02-09 00:45:00"
"1097175",13,"5.375","2021-02-09 01:00:00"
"1097391",13,"5.3","2021-02-09 02:00:00"
"1097445",13,"3.875","2021-02-09 02:15:00"
"1097769",13,"3.8","2021-02-09 03:45:00"
"1097823",13,"4.175","2021-02-09 04:00:00"
"1097877",13,"4.325","2021-02-09 04:15:00"
"1098039",13,"4.25","2021-02-09 05:00:00"
"1098093",13,"3.65","2021-02-09 05:15:00"
"1098147",13,"3.65","2021-02-09 05:30:00"
"1098471",13,"2.375","2021-02-09 07:00:00"
"1098525",13,"4.25","2021-02-09 07:15:00"
"1098579",13,"5.075","2021-02-09 07:30:00"
"1098741",13,"5.375","2021-02-09 08:15:00"
"1098795",13,"6.575","2021-02-09 08:30:00"
"1098849",13,"8","2021-02-09 08:45:00"
"1099173",13,"7.1","2021-02-09 10:15:00"
"1099227",13,"6.125","2021-02-09 10:30:00"
"1099443",13,"6.8","2021-02-09 11:30:00"
"1099497",13,"5.825","2021-02-09 11:45:00"
"1099713",13,"6.125","2021-02-09 12:45:00"
"1099767",13,"5.3","2021-02-09 13:00:00"
"1099821",13,"5.075","2021-02-09 13:15:00"
"1099983",13,"5.375","2021-02-09 14:00:00"
"1100037",13,"5.225","2021-02-09 14:15:00"
"1100091",13,"5","2021-02-09 14:30:00"
"1100415",13,"5","2021-02-09 16:00:00"
"1100469",13,"3.875","2021-02-09 16:15:00"
"1100955",13,"0","2021-02-09 18:30:00"
"1101009",13,"0","2021-02-09 18:45:00"
"1101063",13,"0","2021-02-09 19:00:00"
"1101387",13,"0","2021-02-09 20:30:00"
"1101441",13,"0","2021-02-09 20:45:00"
"1101657",13,"0","2021-02-09 21:45:00"
"1101711",13,"0","2021-02-09 22:00:00"
"1101927",13,"0","2021-02-09 23:00:00"
"1101981",13,"0","2021-02-09 23:15:00"
"1102359",13,"3.725","2021-02-10 01:00:00"
"1102413",13,"3.875","2021-02-10 01:15:00"
"1102629",13,"6.275","2021-02-10 02:15:00"
"1102683",13,"6.5","2021-02-10 02:30:00"
"1103007",13,"4.625","2021-02-10 04:00:00"
"1103061",13,"3.05","2021-02-10 04:15:00"
"1103115",13,"2.75","2021-02-10 04:30:00"
"1103277",13,"3.65","2021-02-10 05:15:00"
"1103331",13,"3.575","2021-02-10 05:30:00"
"1103385",13,"4.1","2021-02-10 05:45:00"
"1103601",13,"3.95","2021-02-10 06:45:00"
"1103655",13,"3.35","2021-02-10 07:00:00"
"1103871",13,"4.325","2021-02-10 08:00:00"
"1103925",13,"5.3","2021-02-10 08:15:00"
"1104141",13,"5.45","2021-02-10 09:15:00"
"1104195",13,"6.575","2021-02-10 09:30:00"
"1104519",13,"5.6","2021-02-10 11:00:00"
"1104573",13,"5.975","2021-02-10 11:15:00"
"1104627",13,"6.875","2021-02-10 11:30:00"
"1104843",13,"5.675","2021-02-10 12:30:00"
"1104897",13,"5.675","2021-02-10 12:45:00"
"1105221",13,"4.775","2021-02-10 14:15:00"
"1105275",13,"5.75","2021-02-10 14:30:00"
"1105329",13,"5.225","2021-02-10 14:45:00"
"1105491",13,"4.175","2021-02-10 15:30:00"
"1105545",13,"3.575","2021-02-10 15:45:00"
"1105599",13,"1.85","2021-02-10 16:00:00"
"1105761",13,"4.25","2021-02-10 16:45:00"
"1105815",13,"1.7000000000000002","2021-02-10 17:00:00"
"1105869",13,"2","2021-02-10 17:15:00"
"1106085",13,"2.225","2021-02-10 18:15:00"
"1106139",13,"0","2021-02-10 18:30:00"
"1106463",13,"0","2021-02-10 20:00:00"
"1106517",13,"4.1","2021-02-10 20:15:00"
"1106571",13,"3.05","2021-02-10 20:30:00"
"1106625",13,"2.525","2021-02-10 20:45:00"
"1106679",13,"2.825","2021-02-10 21:00:00"
"1107003",13,"1.55","2021-02-10 22:30:00"
"1107057",13,"1.625","2021-02-10 22:45:00"
"1107111",13,"2.3","2021-02-10 23:00:00"
"1107327",13,"4.775","2021-02-11 00:00:00"
"1107381",13,"5","2021-02-11 00:15:00"
"1107705",13,"4.175","2021-02-11 01:45:00"
"1107759",13,"2.825","2021-02-11 02:00:00"
"1107813",13,"3.2","2021-02-11 02:15:00"
"1107975",13,"3.425","2021-02-11 03:00:00"
"1108029",13,"3.575","2021-02-11 03:15:00"
"1108083",13,"2.525","2021-02-11 03:30:00"
"1108407",13,"4.4","2021-02-11 05:00:00"
"1068501",13,"2.75","2021-02-03 12:15:00"
"1068555",13,"3.725","2021-02-03 12:30:00"
"1068609",13,"3.875","2021-02-03 12:45:00"
"1068663",13,"4.925","2021-02-03 13:00:00"
"1068717",13,"3.725","2021-02-03 13:15:00"
"1068771",13,"3.275","2021-02-03 13:30:00"
"1068825",13,"3.575","2021-02-03 13:45:00"
"1068879",13,"3.5","2021-02-03 14:00:00"
"1069473",13,"2.15","2021-02-03 16:45:00"
"1069527",13,"0","2021-02-03 17:00:00"
"1069581",13,"0","2021-02-03 17:15:00"
"1069635",13,"0","2021-02-03 17:30:00"
"1069689",13,"2.75","2021-02-03 17:45:00"
"1069743",13,"2.15","2021-02-03 18:00:00"
"1069797",13,"2.3","2021-02-03 18:15:00"
"1069851",13,"2.6","2021-02-03 18:30:00"
"1069905",13,"2.675","2021-02-03 18:45:00"
"1069959",13,"3.05","2021-02-03 19:00:00"
"1070013",13,"0","2021-02-03 19:15:00"
"1070607",13,"2.6","2021-02-03 22:00:00"
"1070661",13,"2","2021-02-03 22:15:00"
"1070715",13,"1.925","2021-02-03 22:30:00"
"1070769",13,"3.125","2021-02-03 22:45:00"
"1070823",13,"2.975","2021-02-03 23:00:00"
"1070877",13,"2.3","2021-02-03 23:15:00"
"1070931",13,"2.825","2021-02-03 23:30:00"
"1070985",13,"2.9","2021-02-03 23:45:00"
"1071039",13,"2.825","2021-02-04 00:00:00"
"1071093",13,"2.45","2021-02-04 00:15:00"
"1071147",13,"2.9","2021-02-04 00:30:00"
"1071201",13,"3.2","2021-02-04 00:45:00"
"1071255",13,"2.975","2021-02-04 01:00:00"
"1071309",13,"2.375","2021-02-04 01:15:00"
"1071363",13,"2.525","2021-02-04 01:30:00"
"1071417",13,"2.825","2021-02-04 01:45:00"
"1071471",13,"2.3","2021-02-04 02:00:00"
"1071525",13,"0","2021-02-04 02:15:00"
"1071579",13,"0","2021-02-04 02:30:00"
"1071633",13,"0","2021-02-04 02:45:00"
"1072227",13,"0","2021-02-04 05:30:00"
"1072281",13,"0","2021-02-04 05:45:00"
"1072335",13,"1.775","2021-02-04 06:00:00"
"1072389",13,"2","2021-02-04 06:15:00"
"1072443",13,"1.775","2021-02-04 06:30:00"
"1072497",13,"0","2021-02-04 06:45:00"
"1072551",13,"1.325","2021-02-04 07:00:00"
"1072605",13,"2.075","2021-02-04 07:15:00"
"1072659",13,"1.85","2021-02-04 07:30:00"
"1072713",13,"1.925","2021-02-04 07:45:00"
"1072767",13,"1.025","2021-02-04 08:00:00"
"1073901",13,"7.625","2021-02-04 13:15:00"
"1073955",13,"6.425","2021-02-04 13:30:00"
"1074009",13,"7.4","2021-02-04 13:45:00"
"1074063",13,"8.53","2021-02-04 14:00:00"
"1074117",13,"7.85","2021-02-04 14:15:00"
"1074171",13,"7.625","2021-02-04 14:30:00"
"1074225",13,"6.125","2021-02-04 14:45:00"
"1074279",13,"6.5","2021-02-04 15:00:00"
"1074333",13,"7.625","2021-02-04 15:15:00"
"1074387",13,"6.5","2021-02-04 15:30:00"
"1075035",13,"6.95","2021-02-04 18:30:00"
"1075089",13,"6.95","2021-02-04 18:45:00"
"1075143",13,"6.8","2021-02-04 19:00:00"
"1075197",13,"5.975","2021-02-04 19:15:00"
"1075251",13,"6.2","2021-02-04 19:30:00"
"1075305",13,"6.125","2021-02-04 19:45:00"
"1075359",13,"8.22","2021-02-04 20:00:00"
"1075413",13,"6.2","2021-02-04 20:15:00"
"1075467",13,"5.975","2021-02-04 20:30:00"
"1075521",13,"4.325","2021-02-04 20:45:00"
"1076655",13,"0","2021-02-05 02:00:00"
"1076709",13,"0","2021-02-05 02:15:00"
"1076763",13,"4.4","2021-02-05 02:30:00"
"1076817",13,"4.025","2021-02-05 02:45:00"
"1076871",13,"4.175","2021-02-05 03:00:00"
"1076925",13,"5.075","2021-02-05 03:15:00"
"1076979",13,"5.225","2021-02-05 03:30:00"
"1077033",13,"5.525","2021-02-05 03:45:00"
"1077087",13,"6.8","2021-02-05 04:00:00"
"1077141",13,"6.05","2021-02-05 04:15:00"
"1077789",13,"2.3","2021-02-05 07:15:00"
"1077843",13,"2.525","2021-02-05 07:30:00"
"1077897",13,"2.3","2021-02-05 07:45:00"
"1077951",13,"4.175","2021-02-05 08:00:00"
"1078005",13,"5.825","2021-02-05 08:15:00"
"1078599",13,"4.1","2021-02-05 11:00:00"
"1078653",13,"3.05","2021-02-05 11:15:00"
"1078707",13,"2.6","2021-02-05 11:30:00"
"1078761",13,"3.35","2021-02-05 11:45:00"
"1078815",13,"2.75","2021-02-05 12:00:00"
"1079679",13,"6.65","2021-02-05 16:00:00"
"1079733",13,"6.95","2021-02-05 16:15:00"
"1079787",13,"6.2","2021-02-05 16:30:00"
"1079841",13,"6.125","2021-02-05 16:45:00"
"1079895",13,"6.5","2021-02-05 17:00:00"
"1079949",13,"6.725","2021-02-05 17:15:00"
"1080273",13,"3.8","2021-02-05 18:45:00"
"1080327",13,"3.875","2021-02-05 19:00:00"
"1080381",13,"3.125","2021-02-05 19:15:00"
"1080435",13,"3.425","2021-02-05 19:30:00"
"1080489",13,"2.75","2021-02-05 19:45:00"
"1081083",13,"3.65","2021-02-05 22:30:00"
"1081137",13,"3.275","2021-02-05 22:45:00"
"1081191",13,"3.05","2021-02-05 23:00:00"
"1081245",13,"3.275","2021-02-05 23:15:00"
"1081299",13,"3.575","2021-02-05 23:30:00"
"1081353",13,"3.275","2021-02-05 23:45:00"
"1081407",13,"2.975","2021-02-06 00:00:00"
"1081461",13,"4.025","2021-02-06 00:15:00"
"1081515",13,"3.575","2021-02-06 00:30:00"
"1081569",13,"2.9","2021-02-06 00:45:00"
"1082163",13,"2.525","2021-02-06 03:30:00"
"1082217",13,"2.6","2021-02-06 03:45:00"
"1082271",13,"2.75","2021-02-06 04:00:00"
"1082325",13,"2.9","2021-02-06 04:15:00"
"1082379",13,"2.75","2021-02-06 04:30:00"
"1082433",13,"2.825","2021-02-06 04:45:00"
"1083027",13,"1.325","2021-02-06 07:30:00"
"1083081",13,"1.175","2021-02-06 07:45:00"
"1083135",13,"1.55","2021-02-06 08:00:00"
"1083189",13,"3.875","2021-02-06 08:15:00"
"1083243",13,"3.95","2021-02-06 08:30:00"
"1083837",13,"3.5","2021-02-06 11:15:00"
"1083891",13,"2.9","2021-02-06 11:30:00"
"1083945",13,"4.1","2021-02-06 11:45:00"
"1083999",13,"3.05","2021-02-06 12:00:00"
"1084053",13,"2.45","2021-02-06 12:15:00"
"1084647",13,"3.65","2021-02-06 15:00:00"
"1084701",13,"3.125","2021-02-06 15:15:00"
"1084755",13,"4.175","2021-02-06 15:30:00"
"1084809",13,"3.8","2021-02-06 15:45:00"
"1084863",13,"4.025","2021-02-06 16:00:00"
"1084917",13,"4.25","2021-02-06 16:15:00"
"1085511",13,"3.8","2021-02-06 19:00:00"
"1085565",13,"3.65","2021-02-06 19:15:00"
"1085619",13,"3.2","2021-02-06 19:30:00"
"1085673",13,"2.225","2021-02-06 19:45:00"
"1085727",13,"2.225","2021-02-06 20:00:00"
"1086051",13,"2.525","2021-02-06 21:30:00"
"1086105",13,"2.6","2021-02-06 21:45:00"
"1086159",13,"2.9","2021-02-06 22:00:00"
"1086213",13,"3.05","2021-02-06 22:15:00"
"1086267",13,"2.675","2021-02-06 22:30:00"
"1087131",13,"5.375","2021-02-07 02:30:00"
"1087185",13,"5.975","2021-02-07 02:45:00"
"1087239",13,"6.125","2021-02-07 03:00:00"
"1087293",13,"5.825","2021-02-07 03:15:00"
"1087347",13,"5.3","2021-02-07 03:30:00"
"1087401",13,"4.325","2021-02-07 03:45:00"
"1087725",13,"4.925","2021-02-07 05:15:00"
"1087779",13,"4.25","2021-02-07 05:30:00"
"1087833",13,"4.025","2021-02-07 05:45:00"
"1087887",13,"4.025","2021-02-07 06:00:00"
"1087941",13,"4.175","2021-02-07 06:15:00"
"1088535",13,"7.7","2021-02-07 09:00:00"
"1088589",13,"7.1","2021-02-07 09:15:00"
"1088643",13,"7.7","2021-02-07 09:30:00"
"1088697",13,"7.175","2021-02-07 09:45:00"
"1088751",13,"6.95","2021-02-07 10:00:00"
"1089075",13,"5.9","2021-02-07 11:30:00"
"1089129",13,"6.125","2021-02-07 11:45:00"
"1089183",13,"6.875","2021-02-07 12:00:00"
"1089237",13,"5.6","2021-02-07 12:15:00"
"1089291",13,"4.775","2021-02-07 12:30:00"
"1090209",13,"3.875","2021-02-07 16:45:00"
"1090263",13,"2.975","2021-02-07 17:00:00"
"1090317",13,"3.35","2021-02-07 17:15:00"
"1090371",13,"5.15","2021-02-07 17:30:00"
"1090425",13,"3.95","2021-02-07 17:45:00"
"1090749",13,"1.625","2021-02-07 19:15:00"
"1090803",13,"1.55","2021-02-07 19:30:00"
"1090857",13,"2.375","2021-02-07 19:45:00"
"1090911",13,"2.225","2021-02-07 20:00:00"
"1090965",13,"2.225","2021-02-07 20:15:00"
"1091559",13,"3.5","2021-02-07 23:00:00"
"1091613",13,"3.725","2021-02-07 23:15:00"
"1091667",13,"3.2","2021-02-07 23:30:00"
"1091721",13,"4.1","2021-02-07 23:45:00"
"1091775",13,"5.825","2021-02-08 00:00:00"
"1092423",13,"4.1","2021-02-08 03:00:00"
"1092477",13,"4.55","2021-02-08 03:15:00"
"1092531",13,"4.4","2021-02-08 03:30:00"
"1092585",13,"3.95","2021-02-08 03:45:00"
"1092639",13,"3.95","2021-02-08 04:00:00"
"1092963",13,"3.425","2021-02-08 05:30:00"
"1093017",13,"3.5","2021-02-08 05:45:00"
"1093071",13,"4.475","2021-02-08 06:00:00"
"1093125",13,"4.25","2021-02-08 06:15:00"
"1093179",13,"3.35","2021-02-08 06:30:00"
"1093773",13,"8","2021-02-08 09:15:00"
"1093827",13,"8.22","2021-02-08 09:30:00"
"1093881",13,"7.625","2021-02-08 09:45:00"
"1093935",13,"6.5","2021-02-08 10:00:00"
"1093989",13,"7.7","2021-02-08 10:15:00"
"1094313",13,"7.4","2021-02-08 11:45:00"
"1094367",13,"7.55","2021-02-08 12:00:00"
"1094421",13,"7.925","2021-02-08 12:15:00"
"1094745",13,"7.625","2021-02-08 13:45:00"
"1094799",13,"7.625","2021-02-08 14:00:00"
"1094853",13,"6.65","2021-02-08 14:15:00"
"1095285",13,"6.5","2021-02-08 16:15:00"
"1095339",13,"6.425","2021-02-08 16:30:00"
"1095393",13,"6.35","2021-02-08 16:45:00"
"1095555",13,"5.975","2021-02-08 17:30:00"
"1095609",13,"5.45","2021-02-08 17:45:00"
"1095663",13,"5.375","2021-02-08 18:00:00"
"1096149",13,"2.825","2021-02-08 20:15:00"
"1096203",13,"2.975","2021-02-08 20:30:00"
"1096527",13,"1.85","2021-02-08 22:00:00"
"1096581",13,"2.3","2021-02-08 22:15:00"
"1096635",13,"2.075","2021-02-08 22:30:00"
"1096797",13,"2.225","2021-02-08 23:15:00"
"1096851",13,"2.975","2021-02-08 23:30:00"
"1096905",13,"3.2","2021-02-08 23:45:00"
"1097229",13,"5.45","2021-02-09 01:15:00"
"1097283",13,"5.45","2021-02-09 01:30:00"
"1097337",13,"3.875","2021-02-09 01:45:00"
"1097499",13,"4.25","2021-02-09 02:30:00"
"1097553",13,"5.225","2021-02-09 02:45:00"
"1097607",13,"5.75","2021-02-09 03:00:00"
"1097931",13,"3.5","2021-02-09 04:30:00"
"1097985",13,"3.725","2021-02-09 04:45:00"
"1098309",13,"2.675","2021-02-09 06:15:00"
"1098363",13,"3.05","2021-02-09 06:30:00"
"1098417",13,"2.225","2021-02-09 06:45:00"
"1098633",13,"5.525","2021-02-09 07:45:00"
"1098687",13,"5.6","2021-02-09 08:00:00"
"1099011",13,"8.15","2021-02-09 09:30:00"
"1099065",13,"7.625","2021-02-09 09:45:00"
"1099119",13,"6.8","2021-02-09 10:00:00"
"1099281",13,"7.625","2021-02-09 10:45:00"
"1099335",13,"6.95","2021-02-09 11:00:00"
"1099389",13,"6.65","2021-02-09 11:15:00"
"1099875",13,"5.45","2021-02-09 13:30:00"
"1099929",13,"4.775","2021-02-09 13:45:00"
"1100145",13,"4.85","2021-02-09 14:45:00"
"1100199",13,"4.475","2021-02-09 15:00:00"
"1100523",13,"2.9","2021-02-09 16:30:00"
"1100577",13,"3.05","2021-02-09 16:45:00"
"1100631",13,"2.6","2021-02-09 17:00:00"
"1100685",13,"2.45","2021-02-09 17:15:00"
"1100739",13,"2.225","2021-02-09 17:30:00"
"1101117",13,"0","2021-02-09 19:15:00"
"1101171",13,"0","2021-02-09 19:30:00"
"1101225",13,"0","2021-02-09 19:45:00"
"1101279",13,"0","2021-02-09 20:00:00"
"1101333",13,"0","2021-02-09 20:15:00"
"1101765",13,"0","2021-02-09 22:15:00"
"1101819",13,"0","2021-02-09 22:30:00"
"1101873",13,"0","2021-02-09 22:45:00"
"1102035",13,"0","2021-02-09 23:30:00"
"1102089",13,"0","2021-02-09 23:45:00"
"1102143",13,"1.1","2021-02-10 00:00:00"
"1102467",13,"3.5","2021-02-10 01:30:00"
"1102521",13,"3.5","2021-02-10 01:45:00"
"1102575",13,"4.325","2021-02-10 02:00:00"
"1102737",13,"5.525","2021-02-10 02:45:00"
"1102791",13,"5.9","2021-02-10 03:00:00"
"1102845",13,"5.675","2021-02-10 03:15:00"
"1103169",13,"3.05","2021-02-10 04:45:00"
"1103223",13,"4.175","2021-02-10 05:00:00"
"1103709",13,"3.275","2021-02-10 07:15:00"
"1103763",13,"4.625","2021-02-10 07:30:00"
"1103817",13,"4.55","2021-02-10 07:45:00"
"1103979",13,"5.225","2021-02-10 08:30:00"
"1104033",13,"4.925","2021-02-10 08:45:00"
"1104087",13,"5.3","2021-02-10 09:00:00"
"1104411",13,"6.125","2021-02-10 10:30:00"
"1104465",13,"7.025","2021-02-10 10:45:00"
"1104681",13,"6.65","2021-02-10 11:45:00"
"1104735",13,"6.5","2021-02-10 12:00:00"
"1104789",13,"7.475","2021-02-10 12:15:00"
"1105113",13,"5.225","2021-02-10 13:45:00"
"1105167",13,"5.675","2021-02-10 14:00:00"
"1105383",13,"6.2","2021-02-10 15:00:00"
"1105437",13,"4.925","2021-02-10 15:15:00"
"1105923",13,"2.9","2021-02-10 17:30:00"
"1105977",13,"2.15","2021-02-10 17:45:00"
"1106031",13,"3.575","2021-02-10 18:00:00"
"1106355",13,"2.3","2021-02-10 19:30:00"
"1106409",13,"1.775","2021-02-10 19:45:00"
"1106733",13,"2.525","2021-02-10 21:15:00"
"1106787",13,"2.375","2021-02-10 21:30:00"
"1106841",13,"2.525","2021-02-10 21:45:00"
"1107165",13,"1.4","2021-02-10 23:15:00"
"1107219",13,"4.7","2021-02-10 23:30:00"
"1107273",13,"5","2021-02-10 23:45:00"
"1107435",13,"5.075","2021-02-11 00:30:00"
"1107489",13,"5.225","2021-02-11 00:45:00"
"1107543",13,"7.025","2021-02-11 01:00:00"
"1107867",13,"2.975","2021-02-11 02:30:00"
"1107921",13,"2.3","2021-02-11 02:45:00"
"1108245",13,"2.75","2021-02-11 04:15:00"
"1108299",13,"3.5","2021-02-11 04:30:00"
"1108353",13,"3.95","2021-02-11 04:45:00"
"1108569",13,"4.175","2021-02-11 05:45:00"
"1108623",13,"4.025","2021-02-11 06:00:00"
"1108947",13,"2.225","2021-02-11 07:30:00"
"1109001",13,"2.525","2021-02-11 07:45:00"
"1109055",13,"1.4","2021-02-11 08:00:00"
"1109109",13,"9.05","2021-02-11 08:15:00"
"1109163",13,"6.125","2021-02-11 08:30:00"
"1109379",13,"0","2021-02-11 09:30:00"
"1109433",13,"0","2021-02-11 09:45:00"
"1109487",13,"0","2021-02-11 10:00:00"
"1109541",13,"2.15","2021-02-11 10:15:00"
"1109595",13,"2.9","2021-02-11 10:30:00"
"1109811",13,"3.725","2021-02-11 11:30:00"
"1109865",13,"3.275","2021-02-11 11:45:00"
"1110081",13,"5.825","2021-02-11 12:45:00"
"1110135",13,"6.425","2021-02-11 13:00:00"
"1110189",13,"6.875","2021-02-11 13:15:00"
"1110243",13,"6.2","2021-02-11 13:30:00"
"1110297",13,"4.775","2021-02-11 13:45:00"
"1110459",13,"6.425","2021-02-11 14:30:00"
"1110513",13,"6.725","2021-02-11 14:45:00"
"1110567",13,"6.2","2021-02-11 15:00:00"
"1110621",13,"6.125","2021-02-11 15:15:00"
"1110675",13,"5.9","2021-02-11 15:30:00"
"1053543",13,"0","2021-01-31 15:00:00"
"1053597",13,"3.65","2021-01-31 15:15:00"
"1053651",13,"6.275","2021-01-31 15:30:00"
"1053705",13,"6.125","2021-01-31 15:45:00"
"1053759",13,"5.15","2021-01-31 16:00:00"
"1053813",13,"5.225","2021-01-31 16:15:00"
"1053867",13,"4.55","2021-01-31 16:30:00"
"1053921",13,"3.35","2021-01-31 16:45:00"
"1053975",13,"3.05","2021-01-31 17:00:00"
"1054569",13,"2.525","2021-01-31 19:45:00"
"1054623",13,"2.675","2021-01-31 20:00:00"
"1054677",13,"2.525","2021-01-31 20:15:00"
"1054731",13,"3.5","2021-01-31 20:30:00"
"1054785",13,"3.35","2021-01-31 20:45:00"
"1054839",13,"5.225","2021-01-31 21:00:00"
"1054893",13,"4.625","2021-01-31 21:15:00"
"1054947",13,"5.225","2021-01-31 21:30:00"
"1055001",13,"4.175","2021-01-31 21:45:00"
"1055055",13,"3.425","2021-01-31 22:00:00"
"1055109",13,"2.45","2021-01-31 22:15:00"
"1056243",13,"0","2021-02-01 03:30:00"
"1056297",13,"0","2021-02-01 03:45:00"
"1056351",13,"0","2021-02-01 04:00:00"
"1056405",13,"0","2021-02-01 04:15:00"
"1056459",13,"0","2021-02-01 04:30:00"
"1056513",13,"0","2021-02-01 04:45:00"
"1056567",13,"0","2021-02-01 05:00:00"
"1056621",13,"0","2021-02-01 05:15:00"
"1056675",13,"0","2021-02-01 05:30:00"
"1056729",13,"0","2021-02-01 05:45:00"
"1058457",13,"2.9","2021-02-01 13:45:00"
"1058511",13,"3.5","2021-02-01 14:00:00"
"1058565",13,"5.225","2021-02-01 14:15:00"
"1058619",13,"3.875","2021-02-01 14:30:00"
"1058673",13,"3.95","2021-02-01 14:45:00"
"1058727",13,"3.575","2021-02-01 15:00:00"
"1058781",13,"2.9","2021-02-01 15:15:00"
"1058835",13,"4.1","2021-02-01 15:30:00"
"1058889",13,"5","2021-02-01 15:45:00"
"1058943",13,"4.625","2021-02-01 16:00:00"
"1060671",13,"1.85","2021-02-02 00:00:00"
"1060725",13,"0","2021-02-02 00:15:00"
"1060779",13,"0","2021-02-02 00:30:00"
"1060833",13,"2.525","2021-02-02 00:45:00"
"1060887",13,"2.45","2021-02-02 01:00:00"
"1060941",13,"2.675","2021-02-02 01:15:00"
"1060995",13,"2.825","2021-02-02 01:30:00"
"1061049",13,"2.375","2021-02-02 01:45:00"
"1061103",13,"4.625","2021-02-02 02:00:00"
"1061157",13,"2.6","2021-02-02 02:15:00"
"1063425",13,"4.7","2021-02-02 12:45:00"
"1063479",13,"4.625","2021-02-02 13:00:00"
"1063533",13,"4.25","2021-02-02 13:15:00"
"1063587",13,"3.2","2021-02-02 13:30:00"
"1063641",13,"4.4","2021-02-02 13:45:00"
"1063695",13,"5.075","2021-02-02 14:00:00"
"1063749",13,"4.7","2021-02-02 14:15:00"
"1063803",13,"7.775","2021-02-02 14:30:00"
"1063857",13,"6.575","2021-02-02 14:45:00"
"1063911",13,"5.15","2021-02-02 15:00:00"
"1065639",13,"2.225","2021-02-02 23:00:00"
"1065693",13,"0","2021-02-02 23:15:00"
"1065747",13,"0","2021-02-02 23:30:00"
"1065801",13,"0","2021-02-02 23:45:00"
"1065855",13,"0","2021-02-03 00:00:00"
"1065909",13,"0","2021-02-03 00:15:00"
"1065963",13,"2.375","2021-02-03 00:30:00"
"1066017",13,"3.275","2021-02-03 00:45:00"
"1066071",13,"4.4","2021-02-03 01:00:00"
"1066125",13,"3.575","2021-02-03 01:15:00"
"1067853",13,"3.65","2021-02-03 09:15:00"
"1067907",13,"3.65","2021-02-03 09:30:00"
"1067961",13,"3.65","2021-02-03 09:45:00"
"1068015",13,"4.25","2021-02-03 10:00:00"
"1068069",13,"3.8","2021-02-03 10:15:00"
"1068123",13,"3.875","2021-02-03 10:30:00"
"1068177",13,"3.2","2021-02-03 10:45:00"
"1068231",13,"3.05","2021-02-03 11:00:00"
"1068285",13,"4.325","2021-02-03 11:15:00"
"1068339",13,"2.825","2021-02-03 11:30:00"
"1070067",13,"1.025","2021-02-03 19:30:00"
"1070121",13,"2.3","2021-02-03 19:45:00"
"1070175",13,"2.525","2021-02-03 20:00:00"
"1070229",13,"2.3","2021-02-03 20:15:00"
"1070283",13,"1.7000000000000002","2021-02-03 20:30:00"
"1070337",13,"1.4","2021-02-03 20:45:00"
"1070391",13,"0","2021-02-03 21:00:00"
"1070445",13,"0","2021-02-03 21:15:00"
"1070499",13,"0","2021-02-03 21:30:00"
"1070553",13,"3.425","2021-02-03 21:45:00"
"1071687",13,"0","2021-02-04 03:00:00"
"1071741",13,"0","2021-02-04 03:15:00"
"1071795",13,"0","2021-02-04 03:30:00"
"1071849",13,"0","2021-02-04 03:45:00"
"1071903",13,"2.15","2021-02-04 04:00:00"
"1071957",13,"1.1","2021-02-04 04:15:00"
"1072011",13,"0","2021-02-04 04:30:00"
"1072065",13,"0","2021-02-04 04:45:00"
"1072119",13,"0","2021-02-04 05:00:00"
"1072173",13,"2.75","2021-02-04 05:15:00"
"1072821",13,"0","2021-02-04 08:15:00"
"1072875",13,"0","2021-02-04 08:30:00"
"1072929",13,"0.73","2021-02-04 08:45:00"
"1072983",13,"1.475","2021-02-04 09:00:00"
"1073037",13,"2.15","2021-02-04 09:15:00"
"1073091",13,"2.675","2021-02-04 09:30:00"
"1073145",13,"2.3","2021-02-04 09:45:00"
"1073199",13,"2.75","2021-02-04 10:00:00"
"1073253",13,"3.2","2021-02-04 10:15:00"
"1073307",13,"3.2","2021-02-04 10:30:00"
"1075575",13,"3.65","2021-02-04 21:00:00"
"1075629",13,"4.1","2021-02-04 21:15:00"
"1075683",13,"5.9","2021-02-04 21:30:00"
"1075737",13,"5.6","2021-02-04 21:45:00"
"1075791",13,"5.525","2021-02-04 22:00:00"
"1075845",13,"5.225","2021-02-04 22:15:00"
"1075899",13,"5.675","2021-02-04 22:30:00"
"1075953",13,"5.225","2021-02-04 22:45:00"
"1076007",13,"5.525","2021-02-04 23:00:00"
"1076061",13,"5.975","2021-02-04 23:15:00"
"1078059",13,"6.2","2021-02-05 08:30:00"
"1078113",13,"8.22","2021-02-05 08:45:00"
"1078167",13,"7.325","2021-02-05 09:00:00"
"1078221",13,"6.05","2021-02-05 09:15:00"
"1078275",13,"4.925","2021-02-05 09:30:00"
"1079139",13,"5.6","2021-02-05 13:30:00"
"1079193",13,"5.825","2021-02-05 13:45:00"
"1079247",13,"5.3","2021-02-05 14:00:00"
"1079301",13,"6.725","2021-02-05 14:15:00"
"1079355",13,"6.275","2021-02-05 14:30:00"
"1080543",13,"3.2","2021-02-05 20:00:00"
"1080597",13,"3.425","2021-02-05 20:15:00"
"1080651",13,"3.725","2021-02-05 20:30:00"
"1080705",13,"3.65","2021-02-05 20:45:00"
"1080759",13,"2.225","2021-02-05 21:00:00"
"1081623",13,"3.05","2021-02-06 01:00:00"
"1081677",13,"2.9","2021-02-06 01:15:00"
"1081731",13,"2.75","2021-02-06 01:30:00"
"1081785",13,"2.525","2021-02-06 01:45:00"
"1081839",13,"2.45","2021-02-06 02:00:00"
"1082757",13,"2.375","2021-02-06 06:15:00"
"1082811",13,"2.3","2021-02-06 06:30:00"
"1082865",13,"1.925","2021-02-06 06:45:00"
"1082919",13,"2.075","2021-02-06 07:00:00"
"1082973",13,"1.7000000000000002","2021-02-06 07:15:00"
"1084107",13,"3.725","2021-02-06 12:30:00"
"1084161",13,"4.925","2021-02-06 12:45:00"
"1084215",13,"3.875","2021-02-06 13:00:00"
"1084269",13,"4.775","2021-02-06 13:15:00"
"1084323",13,"4.625","2021-02-06 13:30:00"
"1085241",13,"3.05","2021-02-06 17:45:00"
"1085295",13,"2.975","2021-02-06 18:00:00"
"1085349",13,"3.35","2021-02-06 18:15:00"
"1085403",13,"3.65","2021-02-06 18:30:00"
"1085457",13,"3.425","2021-02-06 18:45:00"
"1086591",13,"1.925","2021-02-07 00:00:00"
"1086645",13,"1.775","2021-02-07 00:15:00"
"1086699",13,"8.22","2021-02-07 00:30:00"
"1086753",13,"5.6","2021-02-07 00:45:00"
"1086807",13,"5.6","2021-02-07 01:00:00"
"1088265",13,"5","2021-02-07 07:45:00"
"1088319",13,"4.85","2021-02-07 08:00:00"
"1088373",13,"6.35","2021-02-07 08:15:00"
"1088427",13,"6.2","2021-02-07 08:30:00"
"1088481",13,"7.4","2021-02-07 08:45:00"
"1089615",13,"5","2021-02-07 14:00:00"
"1089669",13,"4.7","2021-02-07 14:15:00"
"1089723",13,"4.475","2021-02-07 14:30:00"
"1089777",13,"4.175","2021-02-07 14:45:00"
"1089831",13,"3.5","2021-02-07 15:00:00"
"1089885",13,"3.275","2021-02-07 15:15:00"
"1091019",13,"0","2021-02-07 20:30:00"
"1091073",13,"0","2021-02-07 20:45:00"
"1091127",13,"1.925","2021-02-07 21:00:00"
"1091181",13,"1.925","2021-02-07 21:15:00"
"1091235",13,"1.775","2021-02-07 21:30:00"
"1092099",13,"2","2021-02-08 01:30:00"
"1092153",13,"4.85","2021-02-08 01:45:00"
"1092207",13,"4.325","2021-02-08 02:00:00"
"1092261",13,"3.425","2021-02-08 02:15:00"
"1092315",13,"4.775","2021-02-08 02:30:00"
"1092369",13,"5.15","2021-02-08 02:45:00"
"1093503",13,"5.9","2021-02-08 08:00:00"
"1093557",13,"6.5","2021-02-08 08:15:00"
"1093611",13,"6.35","2021-02-08 08:30:00"
"1093665",13,"6.65","2021-02-08 08:45:00"
"1093719",13,"7.25","2021-02-08 09:00:00"
"1094583",13,"8.68","2021-02-08 13:00:00"
"1094637",13,"7.85","2021-02-08 13:15:00"
"1094691",13,"6.875","2021-02-08 13:30:00"
"1095015",13,"6.05","2021-02-08 15:00:00"
"1095069",13,"7.1","2021-02-08 15:15:00"
"1095123",13,"7.175","2021-02-08 15:30:00"
"1095717",13,"4.625","2021-02-08 18:15:00"
"1095771",13,"3.95","2021-02-08 18:30:00"
"1096257",13,"2.75","2021-02-08 20:45:00"
"1096311",13,"2.975","2021-02-08 21:00:00"
"1096365",13,"2.975","2021-02-08 21:15:00"
"1096959",13,"3.875","2021-02-09 00:00:00"
"1097013",13,"4.175","2021-02-09 00:15:00"
"1097661",13,"4.85","2021-02-09 03:15:00"
"1097715",13,"4.775","2021-02-09 03:30:00"
"1098201",13,"3.35","2021-02-09 05:45:00"
"1098255",13,"2.9","2021-02-09 06:00:00"
"1098903",13,"7.625","2021-02-09 09:00:00"
"1098957",13,"8.45","2021-02-09 09:15:00"
"1099551",13,"5.075","2021-02-09 12:00:00"
"1099605",13,"5.3","2021-02-09 12:15:00"
"1099659",13,"5.825","2021-02-09 12:30:00"
"1100253",13,"4.55","2021-02-09 15:15:00"
"1100307",13,"4.775","2021-02-09 15:30:00"
"1100361",13,"5","2021-02-09 15:45:00"
"1100793",13,"1.775","2021-02-09 17:45:00"
"1100847",13,"1.4","2021-02-09 18:00:00"
"1100901",13,"0","2021-02-09 18:15:00"
"1101495",13,"0","2021-02-09 21:00:00"
"1101549",13,"0","2021-02-09 21:15:00"
"1101603",13,"0","2021-02-09 21:30:00"
"1102197",13,"3.425","2021-02-10 00:15:00"
"1102251",13,"4.55","2021-02-10 00:30:00"
"1102305",13,"4.25","2021-02-10 00:45:00"
"1102899",13,"4.55","2021-02-10 03:30:00"
"1102953",13,"4.775","2021-02-10 03:45:00"
"1103439",13,"3.425","2021-02-10 06:00:00"
"1103493",13,"3.8","2021-02-10 06:15:00"
"1103547",13,"3.275","2021-02-10 06:30:00"
"1104249",13,"6.425","2021-02-10 09:45:00"
"1104303",13,"5.375","2021-02-10 10:00:00"
"1104357",13,"6.275","2021-02-10 10:15:00"
"1104951",13,"5.9","2021-02-10 13:00:00"
"1105005",13,"5.375","2021-02-10 13:15:00"
"1105059",13,"5.45","2021-02-10 13:30:00"
"1105653",13,"3.875","2021-02-10 16:15:00"
"1105707",13,"4.175","2021-02-10 16:30:00"
"1106193",13,"0","2021-02-10 18:45:00"
"1106247",13,"2.75","2021-02-10 19:00:00"
"1106301",13,"2.675","2021-02-10 19:15:00"
"1106895",13,"2.675","2021-02-10 22:00:00"
"1106949",13,"1.775","2021-02-10 22:15:00"
"1107597",13,"6.125","2021-02-11 01:15:00"
"1107651",13,"5.075","2021-02-11 01:30:00"
"1108137",13,"2","2021-02-11 03:45:00"
"1108191",13,"2.45","2021-02-11 04:00:00"
"1108839",13,"4.25","2021-02-11 07:00:00"
"1108893",13,"2.9","2021-02-11 07:15:00"
"1109217",13,"2.825","2021-02-11 08:45:00"
"1109271",13,"2","2021-02-11 09:00:00"
"1109325",13,"1.7000000000000002","2021-02-11 09:15:00"
"1109649",13,"4.775","2021-02-11 10:45:00"
"1109703",13,"5.15","2021-02-11 11:00:00"
"1109757",13,"4.625","2021-02-11 11:15:00"
"1109919",13,"3.5","2021-02-11 12:00:00"
"1109973",13,"5.975","2021-02-11 12:15:00"
"1110027",13,"6.2","2021-02-11 12:30:00"
"1110351",13,"5.9","2021-02-11 14:00:00"
"1110405",13,"6.95","2021-02-11 14:15:00"
"1110729",13,"5.9","2021-02-11 15:45:00"
"1108461",13,"4.775","2021-02-11 05:15:00"
"1108515",13,"5.075","2021-02-11 05:30:00"
"1108677",13,"3.35","2021-02-11 06:15:00"
"1108731",13,"2.525","2021-02-11 06:30:00"
"1108785",13,"4.325","2021-02-11 06:45:00"
