"id_sample","id_sensor","value","date_ref"
"48",18,"19.78","2021-07-28 12:45:00"
"102",18,"21.32","2021-07-28 13:00:00"
"156",18,"21.71","2021-07-28 13:15:00"
"210",18,"22.54","2021-07-28 13:30:00"
"264",18,"22.13","2021-07-28 13:45:00"
"318",18,"21.68","2021-07-28 14:00:00"
"372",18,"21.66","2021-07-28 14:15:00"
"426",18,"21.37","2021-07-28 14:30:00"
"480",18,"19.51","2021-07-28 14:45:00"
"534",18,"18.28","2021-07-28 15:00:00"
"588",18,"19.46","2021-07-28 15:15:00"
"642",18,"20.38","2021-07-28 15:30:00"
"696",18,"20.66","2021-07-28 15:45:00"
"750",18,"20.47","2021-07-28 16:00:00"
"804",18,"20.11","2021-07-28 16:15:00"
"858",18,"19.62","2021-07-28 16:30:00"
"912",18,"18.92","2021-07-28 16:45:00"
"966",18,"18.16","2021-07-28 17:00:00"
"1020",18,"17.19","2021-07-28 17:15:00"
"1074",18,"16.13","2021-07-28 17:30:00"
"1128",18,"15.2","2021-07-28 17:45:00"
"1182",18,"14.19","2021-07-28 18:00:00"
"1236",18,"13.3","2021-07-28 18:15:00"
"1290",18,"12.55","2021-07-28 18:30:00"
"1344",18,"11.89","2021-07-28 18:45:00"
"1398",18,"11.33","2021-07-28 19:00:00"
"1452",18,"10.85","2021-07-28 19:15:00"
"1506",18,"10.48","2021-07-28 19:30:00"
"1560",18,"10.14","2021-07-28 19:45:00"
"1614",18,"9.8","2021-07-28 20:00:00"
"1668",18,"9.46","2021-07-28 20:15:00"
"1722",18,"9.12","2021-07-28 20:30:00"
"1776",18,"8.81","2021-07-28 20:45:00"
"1830",18,"8.51","2021-07-28 21:00:00"
"1884",18,"8.26","2021-07-28 21:15:00"
"1938",18,"8.06","2021-07-28 21:30:00"
"1992",18,"7.841","2021-07-28 21:45:00"
"2046",18,"7.65","2021-07-28 22:00:00"
"2100",18,"7.46","2021-07-28 22:15:00"
"2154",18,"7.27","2021-07-28 22:30:00"
"2208",18,"7.059","2021-07-28 22:45:00"
"2262",18,"6.869","2021-07-28 23:00:00"
"2316",18,"6.692","2021-07-28 23:15:00"
"2370",18,"6.499","2021-07-28 23:30:00"
"2424",18,"6.301","2021-07-28 23:45:00"
"2478",18,"6.124","2021-07-29 00:00:00"
"2532",18,"6.003","2021-07-29 00:15:00"
"2586",18,"5.898","2021-07-29 00:30:00"
"2640",18,"5.79","2021-07-29 00:45:00"
"2694",18,"5.663","2021-07-29 01:00:00"
"2748",18,"5.494","2021-07-29 01:15:00"
"2802",18,"5.308","2021-07-29 01:30:00"
"2856",18,"5.11","2021-07-29 01:45:00"
"2910",18,"4.974","2021-07-29 02:00:00"
"2964",18,"4.843","2021-07-29 02:15:00"
"3018",18,"4.663","2021-07-29 02:30:00"
"3072",18,"4.476","2021-07-29 02:45:00"
"3126",18,"4.286","2021-07-29 03:00:00"
"3180",18,"4.109","2021-07-29 03:15:00"
"3234",18,"3.988","2021-07-29 03:30:00"
"3288",18,"3.8120000000000003","2021-07-29 03:45:00"
"3342",18,"3.591","2021-07-29 04:00:00"
"3396",18,"3.365","2021-07-29 04:15:00"
"3450",18,"3.222","2021-07-29 04:30:00"
"3504",18,"3.132","2021-07-29 04:45:00"
"3558",18,"3.038","2021-07-29 05:00:00"
"3612",18,"2.887","2021-07-29 05:15:00"
"3666",18,"2.716","2021-07-29 05:30:00"
"3720",18,"2.567","2021-07-29 05:45:00"
"3774",18,"2.445","2021-07-29 06:00:00"
"3828",18,"2.303","2021-07-29 06:15:00"
"3882",18,"2.124","2021-07-29 06:30:00"
"3936",18,"1.932","2021-07-29 06:45:00"
"3990",18,"1.738","2021-07-29 07:00:00"
"4044",18,"1.6480000000000001","2021-07-29 07:15:00"
"4098",18,"1.718","2021-07-29 07:30:00"
"4152",18,"1.907","2021-07-29 07:45:00"
"4206",18,"2.13","2021-07-29 08:00:00"
"4260",18,"2.818","2021-07-29 08:15:00"
"4314",18,"4.496","2021-07-29 08:30:00"
"4368",18,"6.126","2021-07-29 08:45:00"
"4422",18,"7.628","2021-07-29 09:00:00"
"4476",18,"9.09","2021-07-29 09:15:00"
"4530",18,"10.35","2021-07-29 09:30:00"
"4584",18,"11.64","2021-07-29 09:45:00"
"4638",18,"13.11","2021-07-29 10:00:00"
"4692",18,"14.37","2021-07-29 10:15:00"
"4746",18,"15.62","2021-07-29 10:30:00"
"4800",18,"16.92","2021-07-29 10:45:00"
"4854",18,"17.99","2021-07-29 11:00:00"
"4908",18,"19.12","2021-07-29 11:15:00"
"4962",18,"20.31","2021-07-29 11:30:00"
"5016",18,"21.45","2021-07-29 11:45:00"
"5070",18,"22.38","2021-07-29 12:00:00"
"5124",18,"23.02","2021-07-29 12:15:00"
"5178",18,"23.76","2021-07-29 12:30:00"
"5232",18,"24.37","2021-07-29 12:45:00"
"5286",18,"25.03","2021-07-29 13:00:00"
"5340",18,"25.38","2021-07-29 13:15:00"
"5394",18,"25.47","2021-07-29 13:30:00"
"5448",18,"25.3","2021-07-29 13:45:00"
"5502",18,"24.09","2021-07-29 14:00:00"
"5556",18,"23.66","2021-07-29 14:15:00"
"5610",18,"23.19","2021-07-29 14:30:00"
"5664",18,"21.13","2021-07-29 14:45:00"
"5718",18,"19.61","2021-07-29 15:00:00"
"5772",18,"20.9","2021-07-29 15:15:00"
"5826",18,"22.13","2021-07-29 15:30:00"
"5880",18,"22.52","2021-07-29 15:45:00"
"5934",18,"22.5","2021-07-29 16:00:00"
"5988",18,"22.23","2021-07-29 16:15:00"
"6042",18,"21.8","2021-07-29 16:30:00"
"6096",18,"21.17","2021-07-29 16:45:00"
"6150",18,"20.25","2021-07-29 17:00:00"
"6204",18,"19.08","2021-07-29 17:15:00"
"6258",18,"17.73","2021-07-29 17:30:00"
"6312",18,"16.51","2021-07-29 17:45:00"
"6366",18,"15.19","2021-07-29 18:00:00"
"6420",18,"14.01","2021-07-29 18:15:00"
"6474",18,"13.04","2021-07-29 18:30:00"
"6528",18,"12.25","2021-07-29 18:45:00"
"6582",18,"11.56","2021-07-29 19:00:00"
"6636",18,"10.94","2021-07-29 19:15:00"
"6690",18,"10.31","2021-07-29 19:30:00"
"6744",18,"9.84","2021-07-29 19:45:00"
"6798",18,"9.41","2021-07-29 20:00:00"
"6852",18,"9.03","2021-07-29 20:15:00"
"6906",18,"8.7","2021-07-29 20:30:00"
"6960",18,"8.34","2021-07-29 20:45:00"
"7014",18,"8.05","2021-07-29 21:00:00"
"7068",18,"7.7780000000000005","2021-07-29 21:15:00"
"7122",18,"7.491","2021-07-29 21:30:00"
"7176",18,"7.153","2021-07-29 21:45:00"
"7230",18,"6.898","2021-07-29 22:00:00"
"7284",18,"6.572","2021-07-29 22:15:00"
"7338",18,"6.231","2021-07-29 22:30:00"
"7392",18,"5.955","2021-07-29 22:45:00"
"7446",18,"5.634","2021-07-29 23:00:00"
"7500",18,"5.414","2021-07-29 23:15:00"
"7554",18,"5.285","2021-07-29 23:30:00"
"7608",18,"5.139","2021-07-29 23:45:00"
"7662",18,"4.944","2021-07-30 00:00:00"
"7716",18,"4.788","2021-07-30 00:15:00"
"7770",18,"4.661","2021-07-30 00:30:00"
"7824",18,"4.547","2021-07-30 00:45:00"
"7878",18,"4.365","2021-07-30 01:00:00"
"7932",18,"4.139","2021-07-30 01:15:00"
"7986",18,"3.936","2021-07-30 01:30:00"
"8040",18,"3.814","2021-07-30 01:45:00"
"8094",18,"3.702","2021-07-30 02:00:00"
"8148",18,"3.563","2021-07-30 02:15:00"
"8202",18,"3.4","2021-07-30 02:30:00"
"8256",18,"3.223","2021-07-30 02:45:00"
"8310",18,"3.03","2021-07-30 03:00:00"
"8364",18,"2.871","2021-07-30 03:15:00"
"8418",18,"2.734","2021-07-30 03:30:00"
"8472",18,"2.7119999999999997","2021-07-30 03:45:00"
"8526",18,"2.711","2021-07-30 04:00:00"
"8580",18,"2.708","2021-07-30 04:15:00"
"8634",18,"2.755","2021-07-30 04:30:00"
"8688",18,"2.719","2021-07-30 04:45:00"
"8742",18,"2.568","2021-07-30 05:00:00"
"8796",18,"2.356","2021-07-30 05:15:00"
"8850",18,"2.383","2021-07-30 05:30:00"
"8904",18,"2.38","2021-07-30 05:45:00"
"8958",18,"2.318","2021-07-30 06:00:00"
"9012",18,"2.171","2021-07-30 06:15:00"
"9066",18,"1.947","2021-07-30 06:30:00"
"9120",18,"1.9460000000000002","2021-07-30 06:45:00"
"9174",18,"1.984","2021-07-30 07:00:00"
"9228",18,"2.049","2021-07-30 07:15:00"
"9282",18,"2.224","2021-07-30 07:30:00"
"9336",18,"2.454","2021-07-30 07:45:00"
"9390",18,"2.806","2021-07-30 08:00:00"
"9444",18,"3.621","2021-07-30 08:15:00"
"9498",18,"4.696","2021-07-30 08:30:00"
"9552",18,"6.06","2021-07-30 08:45:00"
"9606",18,"7.603","2021-07-30 09:00:00"
"9660",18,"9.05","2021-07-30 09:15:00"
"9714",18,"10.23","2021-07-30 09:30:00"
"9768",18,"11.63","2021-07-30 09:45:00"
"9822",18,"13.17","2021-07-30 10:00:00"
"9876",18,"14.8","2021-07-30 10:15:00"
"9930",18,"15.97","2021-07-30 10:30:00"
"9984",18,"16.97","2021-07-30 10:45:00"
"10038",18,"18.2","2021-07-30 11:00:00"
"10092",18,"19.54","2021-07-30 11:15:00"
"10146",18,"20.84","2021-07-30 11:30:00"
"10200",18,"21.68","2021-07-30 11:45:00"
"10254",18,"22.75","2021-07-30 12:00:00"
"10308",18,"23.39","2021-07-30 12:15:00"
"10362",18,"24.01","2021-07-30 12:30:00"
"10416",18,"24.72","2021-07-30 12:45:00"
"10470",18,"25.61","2021-07-30 13:00:00"
"10524",18,"26.22","2021-07-30 13:15:00"
"10578",18,"26.55","2021-07-30 13:30:00"
"10632",18,"26.43","2021-07-30 13:45:00"
"10686",18,"25.44","2021-07-30 14:00:00"
"10740",18,"25.3","2021-07-30 14:15:00"
"10794",18,"24.96","2021-07-30 14:30:00"
"10848",18,"23.07","2021-07-30 14:45:00"
"10902",18,"21.56","2021-07-30 15:00:00"
"10956",18,"22.33","2021-07-30 15:15:00"
"11010",18,"23","2021-07-30 15:30:00"
"11064",18,"23.2","2021-07-30 15:45:00"
"11118",18,"23.1","2021-07-30 16:00:00"
"11172",18,"22.81","2021-07-30 16:15:00"
"11226",18,"22.21","2021-07-30 16:30:00"
"11280",18,"21.45","2021-07-30 16:45:00"
"11334",18,"20.21","2021-07-30 17:00:00"
"11388",18,"19.34","2021-07-30 17:15:00"
"11442",18,"18.55","2021-07-30 17:30:00"
"11496",18,"17.61","2021-07-30 17:45:00"
"11550",18,"16.59","2021-07-30 18:00:00"
"11604",18,"15.57","2021-07-30 18:15:00"
"11658",18,"14.71","2021-07-30 18:30:00"
"11712",18,"14.02","2021-07-30 18:45:00"
"11766",18,"13.45","2021-07-30 19:00:00"
"11820",18,"12.96","2021-07-30 19:15:00"
"11874",18,"12.57","2021-07-30 19:30:00"
"11928",18,"12.22","2021-07-30 19:45:00"
"11982",18,"11.88","2021-07-30 20:00:00"
"12036",18,"11.59","2021-07-30 20:15:00"
"12090",18,"11.35","2021-07-30 20:30:00"
"12144",18,"11.08","2021-07-30 20:45:00"
"12198",18,"10.82","2021-07-30 21:00:00"
"12252",18,"10.63","2021-07-30 21:15:00"
"12306",18,"10.42","2021-07-30 21:30:00"
"12360",18,"10.15","2021-07-30 21:45:00"
"12414",18,"9.96","2021-07-30 22:00:00"
"12468",18,"9.96","2021-07-30 22:15:00"
"12522",18,"9.89","2021-07-30 22:30:00"
"12576",18,"9.67","2021-07-30 22:45:00"
"12630",18,"9.49","2021-07-30 23:00:00"
"12684",18,"9.35","2021-07-30 23:15:00"
"12738",18,"9.23","2021-07-30 23:30:00"
"12792",18,"9.4","2021-07-30 23:45:00"
"12846",18,"9.48","2021-07-31 00:00:00"
"12900",18,"9.27","2021-07-31 00:15:00"
"12954",18,"9.14","2021-07-31 00:30:00"
"13008",18,"8.99","2021-07-31 00:45:00"
"13062",18,"8.84","2021-07-31 01:00:00"
"13116",18,"8.63","2021-07-31 01:15:00"
"13170",18,"8.51","2021-07-31 01:30:00"
"13224",18,"8.55","2021-07-31 01:45:00"
"13278",18,"8.39","2021-07-31 02:00:00"
"13332",18,"8.12","2021-07-31 02:15:00"
"13386",18,"7.941","2021-07-31 02:30:00"
"13440",18,"7.724","2021-07-31 02:45:00"
"13494",18,"7.574","2021-07-31 03:00:00"
"13548",18,"7.455","2021-07-31 03:15:00"
"13602",18,"7.411","2021-07-31 03:30:00"
"13656",18,"7.332","2021-07-31 03:45:00"
"13710",18,"7.215","2021-07-31 04:00:00"
"13764",18,"7.129","2021-07-31 04:15:00"
"13818",18,"7.079","2021-07-31 04:30:00"
"13872",18,"6.9879999999999995","2021-07-31 04:45:00"
"13926",18,"6.909","2021-07-31 05:00:00"
"13980",18,"6.833","2021-07-31 05:15:00"
"14034",18,"6.736","2021-07-31 05:30:00"
"14088",18,"6.755","2021-07-31 05:45:00"
"14142",18,"7.023","2021-07-31 06:00:00"
"14196",18,"7.128","2021-07-31 06:15:00"
"14250",18,"7.07","2021-07-31 06:30:00"
"14304",18,"7.017","2021-07-31 06:45:00"
"14358",18,"6.939","2021-07-31 07:00:00"
"14412",18,"6.638","2021-07-31 07:15:00"
"14466",18,"6.652","2021-07-31 07:30:00"
"14520",18,"6.809","2021-07-31 07:45:00"
"14574",18,"7.267","2021-07-31 08:00:00"
"14628",18,"8.1","2021-07-31 08:15:00"
"14682",18,"8.65","2021-07-31 08:30:00"
"14736",18,"9.79","2021-07-31 08:45:00"
"14790",18,"10.23","2021-07-31 09:00:00"
"14844",18,"11.83","2021-07-31 09:15:00"
"14898",18,"12.78","2021-07-31 09:30:00"
"14952",18,"13.88","2021-07-31 09:45:00"
"15006",18,"14.36","2021-07-31 10:00:00"
"15060",18,"15.3","2021-07-31 10:15:00"
"15114",18,"16.74","2021-07-31 10:30:00"
"15168",18,"17.4","2021-07-31 10:45:00"
"15222",18,"17.86","2021-07-31 11:00:00"
"15276",18,"19.58","2021-07-31 11:15:00"
"15330",18,"20.12","2021-07-31 11:30:00"
"15384",18,"20.54","2021-07-31 11:45:00"
"15438",18,"21.43","2021-07-31 12:00:00"
"15492",18,"22.23","2021-07-31 12:15:00"
"15546",18,"22.62","2021-07-31 12:30:00"
"15600",18,"23.14","2021-07-31 12:45:00"
"15654",18,"23.29","2021-07-31 13:00:00"
"15708",18,"23.85","2021-07-31 13:15:00"
"15762",18,"24.38","2021-07-31 13:30:00"
"15816",18,"25.26","2021-07-31 13:45:00"
"15870",18,"24.77","2021-07-31 14:00:00"
"15924",18,"24.94","2021-07-31 14:15:00"
"15978",18,"24.89","2021-07-31 14:30:00"
"16032",18,"23.99","2021-07-31 14:45:00"
"16086",18,"24.12","2021-07-31 15:00:00"
"16140",18,"24.48","2021-07-31 15:15:00"
"16194",18,"23.7","2021-07-31 15:30:00"
"16248",18,"23.15","2021-07-31 15:45:00"
"16302",18,"22.67","2021-07-31 16:00:00"
"16356",18,"22.16","2021-07-31 16:15:00"
"16410",18,"21.67","2021-07-31 16:30:00"
"16464",18,"20.79","2021-07-31 16:45:00"
"16518",18,"20.07","2021-07-31 17:00:00"
"16572",18,"19.37","2021-07-31 17:15:00"
"16626",18,"18.73","2021-07-31 17:30:00"
"16680",18,"18.17","2021-07-31 17:45:00"
"16734",18,"17.58","2021-07-31 18:00:00"
"16788",18,"16.96","2021-07-31 18:15:00"
"16842",18,"16.31","2021-07-31 18:30:00"
"16896",18,"15.8","2021-07-31 18:45:00"
"16950",18,"15.12","2021-07-31 19:00:00"
"17004",18,"14.49","2021-07-31 19:15:00"
"17058",18,"13.98","2021-07-31 19:30:00"
"17112",18,"13.48","2021-07-31 19:45:00"
"17166",18,"13.28","2021-07-31 20:00:00"
"17220",18,"13.05","2021-07-31 20:15:00"
"17274",18,"12.7","2021-07-31 20:30:00"
"17328",18,"12.34","2021-07-31 20:45:00"
"17382",18,"12.12","2021-07-31 21:00:00"
"17436",18,"12.07","2021-07-31 21:15:00"
"17490",18,"11.98","2021-07-31 21:30:00"
"17544",18,"11.67","2021-07-31 21:45:00"
"17598",18,"11.52","2021-07-31 22:00:00"
"17652",18,"11.33","2021-07-31 22:15:00"
"17706",18,"10.91","2021-07-31 22:30:00"
"17760",18,"10.58","2021-07-31 22:45:00"
"17814",18,"10.53","2021-07-31 23:00:00"
"17868",18,"10.55","2021-07-31 23:15:00"
"17922",18,"10.72","2021-07-31 23:30:00"
"17976",18,"10.66","2021-07-31 23:45:00"
"18030",18,"10.66","2021-08-01 00:00:00"
"18084",18,"10.73","2021-08-01 00:15:00"
"18138",18,"10.56","2021-08-01 00:30:00"
"18192",18,"10.29","2021-08-01 00:45:00"
"18246",18,"10.07","2021-08-01 01:00:00"
"18300",18,"9.91","2021-08-01 01:15:00"
"18354",18,"9.93","2021-08-01 01:30:00"
"18408",18,"9.96","2021-08-01 01:45:00"
"18462",18,"10.01","2021-08-01 02:00:00"
"18516",18,"9.92","2021-08-01 02:15:00"
"18570",18,"10","2021-08-01 02:30:00"
"18624",18,"10.1","2021-08-01 02:45:00"
"18678",18,"10.16","2021-08-01 03:00:00"
"18732",18,"10.12","2021-08-01 03:15:00"
"18786",18,"10.01","2021-08-01 03:30:00"
"18840",18,"9.99","2021-08-01 03:45:00"
"18894",18,"10.12","2021-08-01 04:00:00"
"18948",18,"10.27","2021-08-01 04:15:00"
"19002",18,"10.33","2021-08-01 04:30:00"
"19056",18,"10.32","2021-08-01 04:45:00"
"19110",18,"10.31","2021-08-01 05:00:00"
"19164",18,"10.32","2021-08-01 05:15:00"
"19218",18,"10.39","2021-08-01 05:30:00"
"19272",18,"10.46","2021-08-01 05:45:00"
"19326",18,"10.5","2021-08-01 06:00:00"
"19380",18,"10.49","2021-08-01 06:15:00"
"19434",18,"10.39","2021-08-01 06:30:00"
"19488",18,"10.32","2021-08-01 06:45:00"
"19542",18,"10.37","2021-08-01 07:00:00"
"19596",18,"10.42","2021-08-01 07:15:00"
"19650",18,"10.55","2021-08-01 07:30:00"
"19704",18,"10.63","2021-08-01 07:45:00"
"19758",18,"10.93","2021-08-01 08:00:00"
"19812",18,"11.31","2021-08-01 08:15:00"
"19866",18,"11.84","2021-08-01 08:30:00"
"19920",18,"12.06","2021-08-01 08:45:00"
"19974",18,"11.95","2021-08-01 09:00:00"
"20028",18,"12.56","2021-08-01 09:15:00"
"20082",18,"12.68","2021-08-01 09:30:00"
"20136",18,"13.11","2021-08-01 09:45:00"
"20190",18,"13.78","2021-08-01 10:00:00"
"20244",18,"14.05","2021-08-01 10:15:00"
"20298",18,"15.27","2021-08-01 10:30:00"
"20352",18,"17.12","2021-08-01 10:45:00"
"20406",18,"17.85","2021-08-01 11:00:00"
"20460",18,"19.94","2021-08-01 11:15:00"
"20514",18,"21.17","2021-08-01 11:30:00"
"20568",18,"22.77","2021-08-01 11:45:00"
"20622",18,"24.12","2021-08-01 12:00:00"
"20676",18,"25.38","2021-08-01 12:15:00"
"20730",18,"26.54","2021-08-01 12:30:00"
"20784",18,"27.46","2021-08-01 12:45:00"
"20838",18,"28.34","2021-08-01 13:00:00"
"20892",18,"28.63","2021-08-01 13:15:00"
"20946",18,"28.92","2021-08-01 13:30:00"
"21000",18,"29.05","2021-08-01 13:45:00"
"21054",18,"28.4","2021-08-01 14:00:00"
"21108",18,"28.07","2021-08-01 14:15:00"
"21162",18,"27.41","2021-08-01 14:30:00"
"21216",18,"25.63","2021-08-01 14:45:00"
"21270",18,"24.64","2021-08-01 15:00:00"
"21324",18,"25.85","2021-08-01 15:15:00"
"21378",18,"26.76","2021-08-01 15:30:00"
"21432",18,"27.17","2021-08-01 15:45:00"
"21486",18,"27.15","2021-08-01 16:00:00"
"21540",18,"26.93","2021-08-01 16:15:00"
"21594",18,"26.43","2021-08-01 16:30:00"
"21648",18,"26.03","2021-08-01 16:45:00"
"21702",18,"25.38","2021-08-01 17:00:00"
"21756",18,"24.42","2021-08-01 17:15:00"
"21810",18,"23.41","2021-08-01 17:30:00"
"21864",18,"22.34","2021-08-01 17:45:00"
"21918",18,"21.01","2021-08-01 18:00:00"
"21972",18,"19.73","2021-08-01 18:15:00"
"22026",18,"18.72","2021-08-01 18:30:00"
"22080",18,"17.98","2021-08-01 18:45:00"
"22134",18,"17.47","2021-08-01 19:00:00"
"22188",18,"17.02","2021-08-01 19:15:00"
"22242",18,"16.57","2021-08-01 19:30:00"
"22296",18,"16.28","2021-08-01 19:45:00"
"22350",18,"15.95","2021-08-01 20:00:00"
"22404",18,"15.56","2021-08-01 20:15:00"
"22458",18,"15.27","2021-08-01 20:30:00"
"22512",18,"14.99","2021-08-01 20:45:00"
"22566",18,"14.65","2021-08-01 21:00:00"
"22620",18,"14.29","2021-08-01 21:15:00"
"22674",18,"13.93","2021-08-01 21:30:00"
"22728",18,"13.63","2021-08-01 21:45:00"
"22782",18,"13.52","2021-08-01 22:00:00"
"22836",18,"13.32","2021-08-01 22:15:00"
"22890",18,"13.2","2021-08-01 22:30:00"
"22944",18,"13.02","2021-08-01 22:45:00"
"22998",18,"12.76","2021-08-01 23:00:00"
"23052",18,"12.6","2021-08-01 23:15:00"
"23106",18,"12.42","2021-08-01 23:30:00"
"23160",18,"12.3","2021-08-01 23:45:00"
"23214",18,"12.09","2021-08-02 00:00:00"
"23268",18,"11.85","2021-08-02 00:15:00"
"23322",18,"11.66","2021-08-02 00:30:00"
"23376",18,"11.48","2021-08-02 00:45:00"
"23430",18,"11.31","2021-08-02 01:00:00"
"23484",18,"11.13","2021-08-02 01:15:00"
"23538",18,"10.93","2021-08-02 01:30:00"
"23592",18,"10.75","2021-08-02 01:45:00"
"23646",18,"10.6","2021-08-02 02:00:00"
"23700",18,"10.6","2021-08-02 02:15:00"
"23754",18,"10.74","2021-08-02 02:30:00"
"23808",18,"10.75","2021-08-02 02:45:00"
"23862",18,"10.8","2021-08-02 03:00:00"
"23916",18,"10.78","2021-08-02 03:15:00"
"23970",18,"10.63","2021-08-02 03:30:00"
"24024",18,"10.33","2021-08-02 03:45:00"
"24078",18,"10.23","2021-08-02 04:00:00"
"24132",18,"10.03","2021-08-02 04:15:00"
"24186",18,"9.8","2021-08-02 04:30:00"
"24240",18,"9.76","2021-08-02 04:45:00"
"24294",18,"9.56","2021-08-02 05:00:00"
"24348",18,"9.41","2021-08-02 05:15:00"
"24402",18,"9.55","2021-08-02 05:30:00"
"24456",18,"9.57","2021-08-02 05:45:00"
"24510",18,"9.41","2021-08-02 06:00:00"
"24564",18,"9.17","2021-08-02 06:15:00"
"24618",18,"8.97","2021-08-02 06:30:00"
"24672",18,"8.84","2021-08-02 06:45:00"
"24726",18,"8.75","2021-08-02 07:00:00"
"24780",18,"8.72","2021-08-02 07:15:00"
"24834",18,"8.84","2021-08-02 07:30:00"
"24888",18,"9.16","2021-08-02 07:45:00"
"24942",18,"9.68","2021-08-02 08:00:00"
"24996",18,"10.7","2021-08-02 08:15:00"
"25050",18,"12.27","2021-08-02 08:30:00"
"25104",18,"13.7","2021-08-02 08:45:00"
"25158",18,"15.03","2021-08-02 09:00:00"
"25212",18,"16.3","2021-08-02 09:15:00"
"25266",18,"17.5","2021-08-02 09:30:00"
"25320",18,"18.86","2021-08-02 09:45:00"
"25374",18,"20.38","2021-08-02 10:00:00"
"25428",18,"21.81","2021-08-02 10:15:00"
"25482",18,"23.12","2021-08-02 10:30:00"
"25536",18,"24.32","2021-08-02 10:45:00"
"25590",18,"25.52","2021-08-02 11:00:00"
"25644",18,"26.66","2021-08-02 11:15:00"
"25698",18,"27.97","2021-08-02 11:30:00"
"25752",18,"29.11","2021-08-02 11:45:00"
"25806",18,"30.15","2021-08-02 12:00:00"
"25860",18,"31.06","2021-08-02 12:15:00"
"25914",18,"31.72","2021-08-02 12:30:00"
"25968",18,"32.14","2021-08-02 12:45:00"
"26022",18,"32.43","2021-08-02 13:00:00"
"26076",18,"32.76","2021-08-02 13:15:00"
"26130",18,"32.74","2021-08-02 13:30:00"
"26184",18,"32.6","2021-08-02 13:45:00"
"26238",18,"31.65","2021-08-02 14:00:00"
"26292",18,"31.25","2021-08-02 14:15:00"
"26346",18,"30.57","2021-08-02 14:30:00"
"26400",18,"28.56","2021-08-02 14:45:00"
"26454",18,"27.53","2021-08-02 15:00:00"
"26508",18,"28.79","2021-08-02 15:15:00"
"26562",18,"29.81","2021-08-02 15:30:00"
"26616",18,"30.23","2021-08-02 15:45:00"
"26670",18,"30.28","2021-08-02 16:00:00"
"26724",18,"30.14","2021-08-02 16:15:00"
"26778",18,"29.22","2021-08-02 16:30:00"
"26832",18,"28.5","2021-08-02 16:45:00"
"26886",18,"27.75","2021-08-02 17:00:00"
"26940",18,"26.72","2021-08-02 17:15:00"
"26994",18,"25.57","2021-08-02 17:30:00"
"27048",18,"24.26","2021-08-02 17:45:00"
"27102",18,"22.96","2021-08-02 18:00:00"
"27156",18,"21.76","2021-08-02 18:15:00"
"27210",18,"20.76","2021-08-02 18:30:00"
"27264",18,"20","2021-08-02 18:45:00"
"27318",18,"19.47","2021-08-02 19:00:00"
"27372",18,"18.9","2021-08-02 19:15:00"
"27426",18,"18.29","2021-08-02 19:30:00"
"27480",18,"17.77","2021-08-02 19:45:00"
"27534",18,"17.31","2021-08-02 20:00:00"
"27588",18,"16.86","2021-08-02 20:15:00"
"27642",18,"16.41","2021-08-02 20:30:00"
"27696",18,"15.95","2021-08-02 20:45:00"
"27750",18,"15.53","2021-08-02 21:00:00"
"27804",18,"15.2","2021-08-02 21:15:00"
"27858",18,"14.87","2021-08-02 21:30:00"
"27912",18,"14.52","2021-08-02 21:45:00"
"27966",18,"14.21","2021-08-02 22:00:00"
"28020",18,"13.92","2021-08-02 22:15:00"
"28074",18,"13.65","2021-08-02 22:30:00"
"28128",18,"13.41","2021-08-02 22:45:00"
"28182",18,"13.23","2021-08-02 23:00:00"
"28236",18,"13.05","2021-08-02 23:15:00"
"28290",18,"12.85","2021-08-02 23:30:00"
"28344",18,"12.65","2021-08-02 23:45:00"
"28398",18,"12.48","2021-08-03 00:00:00"
"28452",18,"12.34","2021-08-03 00:15:00"
"28506",18,"12.18","2021-08-03 00:30:00"
"28560",18,"12.03","2021-08-03 00:45:00"
"28614",18,"11.96","2021-08-03 01:00:00"
"28668",18,"11.77","2021-08-03 01:15:00"
"28722",18,"11.63","2021-08-03 01:30:00"
"28776",18,"11.51","2021-08-03 01:45:00"
"28830",18,"11.33","2021-08-03 02:00:00"
"28884",18,"11.14","2021-08-03 02:15:00"
"28938",18,"10.87","2021-08-03 02:30:00"
"28992",18,"10.64","2021-08-03 02:45:00"
"29046",18,"10.58","2021-08-03 03:00:00"
"29100",18,"10.5","2021-08-03 03:15:00"
"29154",18,"10.29","2021-08-03 03:30:00"
"29208",18,"10.11","2021-08-03 03:45:00"
"29262",18,"9.96","2021-08-03 04:00:00"
"29316",18,"9.72","2021-08-03 04:15:00"
"29370",18,"9.51","2021-08-03 04:30:00"
"29424",18,"9.4","2021-08-03 04:45:00"
"29478",18,"9.3","2021-08-03 05:00:00"
"29532",18,"9.06","2021-08-03 05:15:00"
"29586",18,"8.86","2021-08-03 05:30:00"
"29640",18,"8.69","2021-08-03 05:45:00"
"29694",18,"8.58","2021-08-03 06:00:00"
"29748",18,"8.58","2021-08-03 06:15:00"
"29802",18,"8.82","2021-08-03 06:30:00"
"29856",18,"8.6","2021-08-03 06:45:00"
"29910",18,"8.43","2021-08-03 07:00:00"
"29964",18,"8.36","2021-08-03 07:15:00"
"30018",18,"8.41","2021-08-03 07:30:00"
"30072",18,"8.71","2021-08-03 07:45:00"
"30126",18,"9.35","2021-08-03 08:00:00"
"30180",18,"10.52","2021-08-03 08:15:00"
"30234",18,"12.17","2021-08-03 08:30:00"
"30288",18,"13.7","2021-08-03 08:45:00"
"30342",18,"15.15","2021-08-03 09:00:00"
"30396",18,"16.37","2021-08-03 09:15:00"
"30450",18,"17.71","2021-08-03 09:30:00"
"30504",18,"19.05","2021-08-03 09:45:00"
"30558",18,"20.45","2021-08-03 10:00:00"
"30612",18,"21.79","2021-08-03 10:15:00"
"30666",18,"23.2","2021-08-03 10:30:00"
"30720",18,"24.95","2021-08-03 10:45:00"
"30774",18,"25.71","2021-08-03 11:00:00"
"30828",18,"30.62","2021-02-11 16:00:00"
"30882",18,"30.35","2021-02-11 16:15:00"
"30936",18,"30.19","2021-02-11 16:30:00"
"30990",18,"30.26","2021-02-11 16:45:00"
"31044",18,"30.74","2021-02-11 17:00:00"
"31098",18,"30.02","2021-02-11 17:15:00"
"31152",18,"28.8","2021-02-11 17:30:00"
"31206",18,"27.87","2021-02-11 17:45:00"
"31260",18,"27.2","2021-02-11 18:00:00"
"31314",18,"26.62","2021-02-11 18:15:00"
"31368",18,"26.13","2021-02-11 18:30:00"
"31422",18,"25.59","2021-02-11 18:45:00"
"31476",18,"25.12","2021-02-11 19:00:00"
"31530",18,"24.64","2021-02-11 19:15:00"
"31584",18,"24.18","2021-02-11 19:30:00"
"31638",18,"23.81","2021-02-11 19:45:00"
"31692",18,"23.49","2021-02-11 20:00:00"
"31746",18,"23.22","2021-02-11 20:15:00"
"31800",18,"22.96","2021-02-11 20:30:00"
"31854",18,"22.75","2021-02-11 20:45:00"
"31908",18,"22.59","2021-02-11 21:00:00"
"31962",18,"22.44","2021-02-11 21:15:00"
"32016",18,"22.3","2021-02-11 21:30:00"
"32070",18,"22.16","2021-02-11 21:45:00"
"32124",18,"22.02","2021-02-11 22:00:00"
"32178",18,"21.9","2021-02-11 22:15:00"
"32232",18,"21.81","2021-02-11 22:30:00"
"32286",18,"21.71","2021-02-11 22:45:00"
"32340",18,"21.63","2021-02-11 23:00:00"
"32394",18,"21.58","2021-02-11 23:15:00"
"32448",18,"21.55","2021-02-11 23:30:00"
"32502",18,"21.45","2021-02-11 23:45:00"
"32556",18,"21.33","2021-02-12 00:00:00"
"32610",18,"21.23","2021-02-12 00:15:00"
"32664",18,"21.13","2021-02-12 00:30:00"
"32718",18,"21.06","2021-02-12 00:45:00"
"32772",18,"20.98","2021-02-12 01:00:00"
"32826",18,"20.86","2021-02-12 01:15:00"
"32880",18,"20.73","2021-02-12 01:30:00"
"32934",18,"20.59","2021-02-12 01:45:00"
"32988",18,"20.47","2021-02-12 02:00:00"
"33042",18,"20.3","2021-02-12 02:15:00"
"33096",18,"20.11","2021-02-12 02:30:00"
"33150",18,"19.92","2021-02-12 02:45:00"
"33204",18,"19.78","2021-02-12 03:00:00"
"33258",18,"19.66","2021-02-12 03:15:00"
"33312",18,"19.52","2021-02-12 03:30:00"
"33366",18,"19.37","2021-02-12 03:45:00"
"33420",18,"19.25","2021-02-12 04:00:00"
"33474",18,"19.21","2021-02-12 04:15:00"
"33528",18,"19.21","2021-02-12 04:30:00"
"33582",18,"19.14","2021-02-12 04:45:00"
"33636",18,"19.06","2021-02-12 05:00:00"
"33690",18,"18.99","2021-02-12 05:15:00"
"33744",18,"18.91","2021-02-12 05:30:00"
"33798",18,"18.83","2021-02-12 05:45:00"
"33852",18,"18.8","2021-02-12 06:00:00"
"33906",18,"18.82","2021-02-12 06:15:00"
"33960",18,"18.89","2021-02-12 06:30:00"
"34014",18,"19","2021-02-12 06:45:00"
"34068",18,"19.17","2021-02-12 07:00:00"
"34122",18,"19.43","2021-02-12 07:15:00"
"34176",18,"19.86","2021-02-12 07:30:00"
"34230",18,"20.1","2021-02-12 07:45:00"
"34284",18,"20.08","2021-02-12 08:00:00"
"34338",18,"20.21","2021-02-12 08:15:00"
"34392",18,"20.64","2021-02-12 08:30:00"
"34446",18,"20.98","2021-02-12 08:45:00"
"34500",18,"21.27","2021-02-12 09:00:00"
"34554",18,"21.76","2021-02-12 09:15:00"
"34608",18,"22.34","2021-02-12 09:30:00"
"34662",18,"24.13","2021-02-12 09:45:00"
"34716",18,"25.3","2021-02-12 10:00:00"
"34770",18,"25.16","2021-02-12 10:15:00"
"34824",18,"24.91","2021-02-12 10:30:00"
"34878",18,"24.72","2021-02-12 10:45:00"
"34932",18,"24.86","2021-02-12 11:00:00"
"34986",18,"25.61","2021-02-12 11:15:00"
"35040",18,"26.15","2021-02-12 11:30:00"
"35094",18,"26.02","2021-02-12 11:45:00"
"35148",18,"26.58","2021-02-12 12:00:00"
"35202",18,"26.81","2021-02-12 12:15:00"
"35256",18,"26.79","2021-02-12 12:30:00"
"35310",18,"27.78","2021-02-12 12:45:00"
"35364",18,"27.75","2021-02-12 13:00:00"
"35418",18,"28.72","2021-02-12 13:15:00"
"35472",18,"30.77","2021-02-12 13:30:00"
"35526",18,"31.17","2021-02-12 13:45:00"
"35580",18,"30.47","2021-02-12 14:00:00"
"35634",18,"29.59","2021-02-12 14:15:00"
"35688",18,"28.76","2021-02-12 14:30:00"
"35742",18,"28.08","2021-02-12 14:45:00"
"35796",18,"27.54","2021-02-12 15:00:00"
"35850",18,"27.05","2021-02-12 15:15:00"
"35904",18,"26.83","2021-02-12 15:30:00"
"35958",18,"26.73","2021-02-12 15:45:00"
"36012",18,"26.82","2021-02-12 16:00:00"
"36066",18,"27.73","2021-02-12 16:15:00"
"36120",18,"28.3","2021-02-12 16:30:00"
"36174",18,"28.32","2021-02-12 16:45:00"
"36228",18,"28.65","2021-02-12 17:00:00"
"36282",18,"28.51","2021-02-12 17:15:00"
"36336",18,"27.8","2021-02-12 17:30:00"
"36390",18,"27.04","2021-02-12 17:45:00"
"36444",18,"26.45","2021-02-12 18:00:00"
"36498",18,"26.08","2021-02-12 18:15:00"
"36552",18,"25.75","2021-02-12 18:30:00"
"36606",18,"25.32","2021-02-12 18:45:00"
"36660",18,"24.85","2021-02-12 19:00:00"
"36714",18,"24.35","2021-02-12 19:15:00"
"36768",18,"23.91","2021-02-12 19:30:00"
"36822",18,"23.51","2021-02-12 19:45:00"
"36876",18,"23.18","2021-02-12 20:00:00"
"36930",18,"22.92","2021-02-12 20:15:00"
"36984",18,"22.73","2021-02-12 20:30:00"
"37038",18,"22.59","2021-02-12 20:45:00"
"37092",18,"22.58","2021-02-12 21:00:00"
"37146",18,"22.63","2021-02-12 21:15:00"
"37200",18,"22.62","2021-02-12 21:30:00"
"37254",18,"22.59","2021-02-12 21:45:00"
"37308",18,"22.45","2021-02-12 22:00:00"
"37362",18,"22.22","2021-02-12 22:15:00"
"37416",18,"22.04","2021-02-12 22:30:00"
"37470",18,"21.88","2021-02-12 22:45:00"
"37524",18,"21.74","2021-02-12 23:00:00"
"37578",18,"21.59","2021-02-12 23:15:00"
"37632",18,"21.55","2021-02-12 23:30:00"
"37686",18,"21.58","2021-02-12 23:45:00"
"37740",18,"21.53","2021-02-13 00:00:00"
"37794",18,"21.57","2021-02-13 00:15:00"
"37848",18,"21.54","2021-02-13 00:30:00"
"37902",18,"21.41","2021-02-13 00:45:00"
"37956",18,"21.27","2021-02-13 01:00:00"
"38010",18,"21.14","2021-02-13 01:15:00"
"38064",18,"20.97","2021-02-13 01:30:00"
"38118",18,"20.82","2021-02-13 01:45:00"
"38172",18,"20.64","2021-02-13 02:00:00"
"38226",18,"20.49","2021-02-13 02:15:00"
"38280",18,"20.36","2021-02-13 02:30:00"
"38334",18,"20.22","2021-02-13 02:45:00"
"38388",18,"20.1","2021-02-13 03:00:00"
"38442",18,"20.06","2021-02-13 03:15:00"
"38496",18,"20.01","2021-02-13 03:30:00"
"38550",18,"19.94","2021-02-13 03:45:00"
"38604",18,"19.86","2021-02-13 04:00:00"
"38658",18,"19.75","2021-02-13 04:15:00"
"38712",18,"19.62","2021-02-13 04:30:00"
"38766",18,"19.55","2021-02-13 04:45:00"
"38820",18,"19.62","2021-02-13 05:00:00"
"38874",18,"19.73","2021-02-13 05:15:00"
"38928",18,"19.82","2021-02-13 05:30:00"
"38982",18,"19.95","2021-02-13 05:45:00"
"39036",18,"20.1","2021-02-13 06:00:00"
"39090",18,"20.2","2021-02-13 06:15:00"
"39144",18,"20.27","2021-02-13 06:30:00"
"39198",18,"20.38","2021-02-13 06:45:00"
"39252",18,"20.54","2021-02-13 07:00:00"
"39306",18,"20.76","2021-02-13 07:15:00"
"39360",18,"20.97","2021-02-13 07:30:00"
"39414",18,"21.14","2021-02-13 07:45:00"
"39468",18,"21.35","2021-02-13 08:00:00"
"39522",18,"21.7","2021-02-13 08:15:00"
"39576",18,"22.22","2021-02-13 08:30:00"
"39630",18,"22.84","2021-02-13 08:45:00"
"39684",18,"23.57","2021-02-13 09:00:00"
"39738",18,"23.63","2021-02-13 09:15:00"
"39792",18,"23.7","2021-02-13 09:30:00"
"39846",18,"24.41","2021-02-13 09:45:00"
"39900",18,"24.81","2021-02-13 10:00:00"
"39954",18,"25.77","2021-02-13 10:15:00"
"40008",18,"26.24","2021-02-13 10:30:00"
"40062",18,"27.19","2021-02-13 10:45:00"
"40116",18,"29.14","2021-02-13 11:00:00"
"40170",18,"30.3","2021-02-13 11:15:00"
"40224",18,"32.84","2021-02-13 11:30:00"
"40278",18,"34.03","2021-02-13 11:45:00"
"40332",18,"31.59","2021-02-13 12:00:00"
"40386",18,"33","2021-02-13 12:15:00"
"40440",18,"35.45","2021-02-13 12:30:00"
"40494",18,"36.6","2021-02-13 12:45:00"
"40548",18,"36.81","2021-02-13 13:00:00"
"40602",18,"37.41","2021-02-13 13:15:00"
"40656",18,"37.99","2021-02-13 13:30:00"
"40710",18,"38.82","2021-02-13 13:45:00"
"40764",18,"39.32","2021-02-13 14:00:00"
"40818",18,"38.99","2021-02-13 14:15:00"
"40872",18,"40.24","2021-02-13 14:30:00"
"40926",18,"40.78","2021-02-13 14:45:00"
"40980",18,"40.54","2021-02-13 15:00:00"
"41034",18,"39.55","2021-02-13 15:15:00"
"41088",18,"40.1","2021-02-13 15:30:00"
"41142",18,"40.43","2021-02-13 15:45:00"
"41196",18,"39.59","2021-02-13 16:00:00"
"41250",18,"38.9","2021-02-13 16:15:00"
"41304",18,"37.1","2021-02-13 16:30:00"
"41358",18,"35.93","2021-02-13 16:45:00"
"41412",18,"35.37","2021-02-13 17:00:00"
"41466",18,"34.49","2021-02-13 17:15:00"
"41520",18,"33.25","2021-02-13 17:30:00"
"41574",18,"32.39","2021-02-13 17:45:00"
"41628",18,"31.49","2021-02-13 18:00:00"
"41682",18,"30.66","2021-02-13 18:15:00"
"41736",18,"29.84","2021-02-13 18:30:00"
"41790",18,"29.22","2021-02-13 18:45:00"
"41844",18,"28.6","2021-02-13 19:00:00"
"41898",18,"27.97","2021-02-13 19:15:00"
"41952",18,"27.39","2021-02-13 19:30:00"
"42006",18,"26.85","2021-02-13 19:45:00"
"42060",18,"26.43","2021-02-13 20:00:00"
"42114",18,"26.09","2021-02-13 20:15:00"
"42168",18,"25.78","2021-02-13 20:30:00"
"42222",18,"25.48","2021-02-13 20:45:00"
"42276",18,"25.23","2021-02-13 21:00:00"
"42330",18,"25.01","2021-02-13 21:15:00"
"42384",18,"24.76","2021-02-13 21:30:00"
"42438",18,"24.47","2021-02-13 21:45:00"
"42492",18,"24.23","2021-02-13 22:00:00"
"42546",18,"24.01","2021-02-13 22:15:00"
"42600",18,"23.81","2021-02-13 22:30:00"
"42654",18,"23.65","2021-02-13 22:45:00"
"42708",18,"23.53","2021-02-13 23:00:00"
"42762",18,"23.44","2021-02-13 23:15:00"
"42816",18,"23.32","2021-02-13 23:30:00"
"42870",18,"23.21","2021-02-13 23:45:00"
"42924",18,"23.07","2021-02-14 00:00:00"
"42978",18,"22.94","2021-02-14 00:15:00"
"43032",18,"22.85","2021-02-14 00:30:00"
"43086",18,"22.77","2021-02-14 00:45:00"
"43140",18,"22.64","2021-02-14 01:00:00"
"43194",18,"22.56","2021-02-14 01:15:00"
"43248",18,"22.54","2021-02-14 01:30:00"
"43302",18,"22.49","2021-02-14 01:45:00"
"43356",18,"22.33","2021-02-14 02:00:00"
"43410",18,"22.12","2021-02-14 02:15:00"
"43464",18,"21.95","2021-02-14 02:30:00"
"43518",18,"21.81","2021-02-14 02:45:00"
"43572",18,"21.73","2021-02-14 03:00:00"
"43626",18,"21.67","2021-02-14 03:15:00"
"43680",18,"21.51","2021-02-14 03:30:00"
"43734",18,"21.36","2021-02-14 03:45:00"
"43788",18,"21.28","2021-02-14 04:00:00"
"43842",18,"21.19","2021-02-14 04:15:00"
"43896",18,"21.05","2021-02-14 04:30:00"
"43950",18,"20.92","2021-02-14 04:45:00"
"44004",18,"20.91","2021-02-14 05:00:00"
"44058",18,"20.89","2021-02-14 05:15:00"
"44112",18,"20.84","2021-02-14 05:30:00"
"44166",18,"20.75","2021-02-14 05:45:00"
"44220",18,"20.64","2021-02-14 06:00:00"
"44274",18,"20.57","2021-02-14 06:15:00"
"44328",18,"20.52","2021-02-14 06:30:00"
"44382",18,"20.48","2021-02-14 06:45:00"
"44436",18,"20.56","2021-02-14 07:00:00"
"44490",18,"20.71","2021-02-14 07:15:00"
"44544",18,"20.89","2021-02-14 07:30:00"
"44598",18,"21.2","2021-02-14 07:45:00"
"44652",18,"21.71","2021-02-14 08:00:00"
"44706",18,"22.41","2021-02-14 08:15:00"
"44760",18,"23.1","2021-02-14 08:30:00"
"44814",18,"23.46","2021-02-14 08:45:00"
"44868",18,"23.63","2021-02-14 09:00:00"
"44922",18,"23.6","2021-02-14 09:15:00"
"44976",18,"23.55","2021-02-14 09:30:00"
"45030",18,"23.47","2021-02-14 09:45:00"
"45084",18,"23.32","2021-02-14 10:00:00"
"45138",18,"23.15","2021-02-14 10:15:00"
"45192",18,"22.86","2021-02-14 10:30:00"
"45246",18,"22.53","2021-02-14 10:45:00"
"45300",18,"22.46","2021-02-14 11:00:00"
"45354",18,"22.44","2021-02-14 11:15:00"
"45408",18,"21.86","2021-02-14 11:30:00"
"45462",18,"19.89","2021-02-14 11:45:00"
"45516",18,"19.85","2021-02-14 12:00:00"
"45570",18,"22.02","2021-02-14 12:15:00"
"45624",18,"26.43","2021-02-14 12:30:00"
"45678",18,"26.88","2021-02-14 12:45:00"
"45732",18,"27.69","2021-02-14 13:00:00"
"45786",18,"30.91","2021-02-14 13:15:00"
"45840",18,"31.73","2021-02-14 13:30:00"
"45894",18,"31.58","2021-02-14 13:45:00"
"45948",18,"32.84","2021-02-14 14:00:00"
"46002",18,"34.5","2021-02-14 14:15:00"
"46056",18,"35.36","2021-02-14 14:30:00"
"46110",18,"35.57","2021-02-14 14:45:00"
"46164",18,"34.92","2021-02-14 15:00:00"
"46218",18,"33.6","2021-02-14 15:15:00"
"46272",18,"32.09","2021-02-14 15:30:00"
"46326",18,"30.77","2021-02-14 15:45:00"
"46380",18,"29.82","2021-02-14 16:00:00"
"46434",18,"29.12","2021-02-14 16:15:00"
"46488",18,"28.53","2021-02-14 16:30:00"
"46542",18,"27.91","2021-02-14 16:45:00"
"46596",18,"27.16","2021-02-14 17:00:00"
"46650",18,"26.56","2021-02-14 17:15:00"
"46704",18,"26.01","2021-02-14 17:30:00"
"46758",18,"25.55","2021-02-14 17:45:00"
"46812",18,"25.24","2021-02-14 18:00:00"
"46866",18,"24.98","2021-02-14 18:15:00"
"46920",18,"24.68","2021-02-14 18:30:00"
"46974",18,"24.43","2021-02-14 18:45:00"
"47028",18,"24.16","2021-02-14 19:00:00"
"47082",18,"23.87","2021-02-14 19:15:00"
"47136",18,"23.6","2021-02-14 19:30:00"
"47190",18,"23.36","2021-02-14 19:45:00"
"47244",18,"23.14","2021-02-14 20:00:00"
"47298",18,"22.96","2021-02-14 20:15:00"
"47352",18,"22.77","2021-02-14 20:30:00"
"47406",18,"22.51","2021-02-14 20:45:00"
"47460",18,"22.18","2021-02-14 21:00:00"
"47514",18,"21.89","2021-02-14 21:15:00"
"47568",18,"21.66","2021-02-14 21:30:00"
"47622",18,"21.57","2021-02-14 21:45:00"
"47676",18,"21.53","2021-02-14 22:00:00"
"47730",18,"21.43","2021-02-14 22:15:00"
"47784",18,"21.35","2021-02-14 22:30:00"
"47838",18,"21.1","2021-02-14 22:45:00"
"47892",18,"20.85","2021-02-14 23:00:00"
"47946",18,"20.67","2021-02-14 23:15:00"
"48000",18,"20.51","2021-02-14 23:30:00"
"48054",18,"20.34","2021-02-14 23:45:00"
"48108",18,"20.19","2021-02-15 00:00:00"
"48162",18,"20.1","2021-02-15 00:15:00"
"48216",18,"20","2021-02-15 00:30:00"
"48270",18,"19.85","2021-02-15 00:45:00"
"48324",18,"19.65","2021-02-15 01:00:00"
"48378",18,"19.52","2021-02-15 01:15:00"
"48432",18,"19.45","2021-02-15 01:30:00"
"48486",18,"19.42","2021-02-15 01:45:00"
"48540",18,"19.36","2021-02-15 02:00:00"
"48594",18,"19.29","2021-02-15 02:15:00"
"48648",18,"19.21","2021-02-15 02:30:00"
"48702",18,"19.25","2021-02-15 02:45:00"
"48756",18,"19.5","2021-02-15 03:00:00"
"48810",18,"19.67","2021-02-15 03:15:00"
"48864",18,"19.79","2021-02-15 03:30:00"
"48918",18,"19.88","2021-02-15 03:45:00"
"48972",18,"19.9","2021-02-15 04:00:00"
"49026",18,"19.9","2021-02-15 04:15:00"
"49080",18,"19.89","2021-02-15 04:30:00"
"49134",18,"19.83","2021-02-15 04:45:00"
"49188",18,"19.82","2021-02-15 05:00:00"
"49242",18,"19.79","2021-02-15 05:15:00"
"49296",18,"19.78","2021-02-15 05:30:00"
"49350",18,"19.79","2021-02-15 05:45:00"
"49404",18,"19.79","2021-02-15 06:00:00"
"49458",18,"19.81","2021-02-15 06:15:00"
"49512",18,"19.82","2021-02-15 06:30:00"
"49566",18,"19.84","2021-02-15 06:45:00"
"49620",18,"19.92","2021-02-15 07:00:00"
"49674",18,"20.07","2021-02-15 07:15:00"
"49728",18,"20.34","2021-02-15 07:30:00"
"49782",18,"20.63","2021-02-15 07:45:00"
"49836",18,"20.8","2021-02-15 08:00:00"
"49890",18,"21.21","2021-02-15 08:15:00"
"49944",18,"21.62","2021-02-15 08:30:00"
"49998",18,"22.06","2021-02-15 08:45:00"
"50052",18,"22.63","2021-02-15 09:00:00"
"50106",18,"22.78","2021-02-15 09:15:00"
"50160",18,"22.85","2021-02-15 09:30:00"
"50214",18,"23.63","2021-02-15 09:45:00"
"50268",18,"24.33","2021-02-15 10:00:00"
"50322",18,"24.54","2021-02-15 10:15:00"
"50376",18,"26.19","2021-02-15 10:30:00"
"50430",18,"27.94","2021-02-15 10:45:00"
"50484",18,"29.61","2021-02-15 11:00:00"
"50538",18,"28.72","2021-02-15 11:15:00"
"50592",18,"28.55","2021-02-15 11:30:00"
"50646",18,"28.85","2021-02-15 11:45:00"
"50700",18,"31.03","2021-02-15 12:00:00"
"50754",18,"31.3","2021-02-15 12:15:00"
"50808",18,"31.54","2021-02-15 12:30:00"
"50862",18,"31.69","2021-02-15 12:45:00"
"50916",18,"31.07","2021-02-15 13:00:00"
"50970",18,"31.58","2021-02-15 13:15:00"
"51024",18,"32.02","2021-02-15 13:30:00"
"51078",18,"33.09","2021-02-15 13:45:00"
"51132",18,"34.36","2021-02-15 14:00:00"
"51186",18,"33.35","2021-02-15 14:15:00"
"51240",18,"32.04","2021-02-15 14:30:00"
"51294",18,"32.23","2021-02-15 14:45:00"
"51348",18,"31.25","2021-02-15 15:00:00"
"51402",18,"33.47","2021-02-15 15:15:00"
"51456",18,"34.68","2021-02-15 15:30:00"
"51510",18,"34.48","2021-02-15 15:45:00"
"51564",18,"33.47","2021-02-15 16:00:00"
"51618",18,"34.27","2021-02-15 16:15:00"
"51672",18,"34.71","2021-02-15 16:30:00"
"51726",18,"32.62","2021-02-15 16:45:00"
"51780",18,"32.32","2021-02-15 17:00:00"
"51834",18,"31.97","2021-02-15 17:15:00"
"51888",18,"30.8","2021-02-15 17:30:00"
"51942",18,"29.69","2021-02-15 17:45:00"
"51996",18,"28.82","2021-02-15 18:00:00"
"52050",18,"28.2","2021-02-15 18:15:00"
"52104",18,"27.47","2021-02-15 18:30:00"
"52158",18,"26.9","2021-02-15 18:45:00"
"52212",18,"26.39","2021-02-15 19:00:00"
"52266",18,"25.84","2021-02-15 19:15:00"
"52320",18,"25.29","2021-02-15 19:30:00"
"52374",18,"24.8","2021-02-15 19:45:00"
"52428",18,"24.36","2021-02-15 20:00:00"
"52482",18,"23.97","2021-02-15 20:15:00"
"52536",18,"23.64","2021-02-15 20:30:00"
"52590",18,"23.34","2021-02-15 20:45:00"
"52644",18,"23.07","2021-02-15 21:00:00"
"52698",18,"22.8","2021-02-15 21:15:00"
"52752",18,"22.56","2021-02-15 21:30:00"
"52806",18,"22.35","2021-02-15 21:45:00"
"52860",18,"22.15","2021-02-15 22:00:00"
"52914",18,"21.95","2021-02-15 22:15:00"
"52968",18,"21.76","2021-02-15 22:30:00"
"53022",18,"21.59","2021-02-15 22:45:00"
"53076",18,"21.42","2021-02-15 23:00:00"
"53130",18,"21.29","2021-02-15 23:15:00"
"53184",18,"21.15","2021-02-15 23:30:00"
"53238",18,"21.03","2021-02-15 23:45:00"
"53292",18,"20.93","2021-02-16 00:00:00"
"53346",18,"20.83","2021-02-16 00:15:00"
"53400",18,"20.72","2021-02-16 00:30:00"
"53454",18,"20.62","2021-02-16 00:45:00"
"53508",18,"20.52","2021-02-16 01:00:00"
"53562",18,"20.43","2021-02-16 01:15:00"
"53616",18,"20.35","2021-02-16 01:30:00"
"53670",18,"20.27","2021-02-16 01:45:00"
"53724",18,"20.19","2021-02-16 02:00:00"
"53778",18,"20.08","2021-02-16 02:15:00"
"53832",18,"19.99","2021-02-16 02:30:00"
"53886",18,"19.9","2021-02-16 02:45:00"
"53940",18,"19.81","2021-02-16 03:00:00"
"53994",18,"19.72","2021-02-16 03:15:00"
"54048",18,"19.66","2021-02-16 03:30:00"
"54102",18,"19.6","2021-02-16 03:45:00"
"54156",18,"19.54","2021-02-16 04:00:00"
"54210",18,"19.48","2021-02-16 04:15:00"
"54264",18,"19.41","2021-02-16 04:30:00"
"54318",18,"19.34","2021-02-16 04:45:00"
"54372",18,"19.29","2021-02-16 05:00:00"
"54426",18,"19.24","2021-02-16 05:15:00"
"54480",18,"19.17","2021-02-16 05:30:00"
"54534",18,"19.08","2021-02-16 05:45:00"
"54588",18,"19","2021-02-16 06:00:00"
"54642",18,"18.94","2021-02-16 06:15:00"
"54696",18,"18.89","2021-02-16 06:30:00"
"54750",18,"18.91","2021-02-16 06:45:00"
"54804",18,"19.03","2021-02-16 07:00:00"
"54858",18,"19.22","2021-02-16 07:15:00"
"54912",18,"19.45","2021-02-16 07:30:00"
"54966",18,"19.74","2021-02-16 07:45:00"
"55020",18,"20.04","2021-02-16 08:00:00"
"55074",18,"20.32","2021-02-16 08:15:00"
"55128",18,"20.61","2021-02-16 08:30:00"
"55182",18,"20.91","2021-02-16 08:45:00"
"55236",18,"21.26","2021-02-16 09:00:00"
"55290",18,"21.66","2021-02-16 09:15:00"
"55344",18,"22.18","2021-02-16 09:30:00"
"55398",18,"22.9","2021-02-16 09:45:00"
"55452",18,"23.99","2021-02-16 10:00:00"
"55506",18,"25.45","2021-02-16 10:15:00"
"55560",18,"26.22","2021-02-16 10:30:00"
"55614",18,"26.97","2021-02-16 10:45:00"
"55668",18,"29.01","2021-02-16 11:00:00"
"55722",18,"30.69","2021-02-16 11:15:00"
"55776",18,"32.34","2021-02-16 11:30:00"
"55830",18,"33.62","2021-02-16 11:45:00"
"55884",18,"34.56","2021-02-16 12:00:00"
"55938",18,"35.18","2021-02-16 12:15:00"
"55992",18,"35.01","2021-02-16 12:30:00"
"56046",18,"35.42","2021-02-16 12:45:00"
"56100",18,"35.76","2021-02-16 13:00:00"
"56154",18,"36.98","2021-02-16 13:15:00"
"56208",18,"37.96","2021-02-16 13:30:00"
"56262",18,"37.29","2021-02-16 13:45:00"
"56316",18,"36.3","2021-02-16 14:00:00"
"56370",18,"35.46","2021-02-16 14:15:00"
"56424",18,"38.08","2021-02-16 14:30:00"
"56478",18,"39.84","2021-02-16 14:45:00"
"56532",18,"39.76","2021-02-16 15:00:00"
"56586",18,"37.4","2021-02-16 15:15:00"
"56640",18,"36.62","2021-02-16 15:30:00"
"56694",18,"35.82","2021-02-16 15:45:00"
"56748",18,"34.91","2021-02-16 16:00:00"
"56802",18,"34.17","2021-02-16 16:15:00"
"56856",18,"33.18","2021-02-16 16:30:00"
"56910",18,"32.74","2021-02-16 16:45:00"
"56964",18,"31.85","2021-02-16 17:00:00"
"57018",18,"31.07","2021-02-16 17:15:00"
"57072",18,"29.93","2021-02-16 17:30:00"
"57126",18,"27.89","2021-02-16 17:45:00"
"57180",18,"26.59","2021-02-16 18:00:00"
"57234",18,"26.06","2021-02-16 18:15:00"
"57288",18,"25.63","2021-02-16 18:30:00"
"57342",18,"25.4","2021-02-16 18:45:00"
"57396",18,"25.23","2021-02-16 19:00:00"
"57450",18,"25.02","2021-02-16 19:15:00"
"57504",18,"24.81","2021-02-16 19:30:00"
"57558",18,"24.59","2021-02-16 19:45:00"
"57612",18,"24.32","2021-02-16 20:00:00"
"57666",18,"24.02","2021-02-16 20:15:00"
"57720",18,"23.8","2021-02-16 20:30:00"
"57774",18,"23.58","2021-02-16 20:45:00"
"57828",18,"23.29","2021-02-16 21:00:00"
"57882",18,"23.14","2021-02-16 21:15:00"
"57936",18,"23.06","2021-02-16 21:30:00"
"57990",18,"22.98","2021-02-16 21:45:00"
"58044",18,"22.88","2021-02-16 22:00:00"
"58098",18,"22.79","2021-02-16 22:15:00"
"58152",18,"22.68","2021-02-16 22:30:00"
"58206",18,"22.55","2021-02-16 22:45:00"
"58260",18,"22.41","2021-02-16 23:00:00"
"58314",18,"22.29","2021-02-16 23:15:00"
"58368",18,"22.18","2021-02-16 23:30:00"
"58422",18,"22.11","2021-02-16 23:45:00"
"58476",18,"22.06","2021-02-17 00:00:00"
"59070",18,"21.44","2021-02-17 02:45:00"
"59124",18,"21.4","2021-02-17 03:00:00"
"59178",18,"21.35","2021-02-17 03:15:00"
"59232",18,"21.28","2021-02-17 03:30:00"
"59286",18,"21.23","2021-02-17 03:45:00"
"59340",18,"21.2","2021-02-17 04:00:00"
"59394",18,"21.14","2021-02-17 04:15:00"
"59448",18,"21.09","2021-02-17 04:30:00"
"59502",18,"21.05","2021-02-17 04:45:00"
"59556",18,"21.03","2021-02-17 05:00:00"
"59610",18,"21.02","2021-02-17 05:15:00"
"60204",18,"21.75","2021-02-17 08:00:00"
"60258",18,"21.87","2021-02-17 08:15:00"
"60312",18,"21.96","2021-02-17 08:30:00"
"60366",18,"22.09","2021-02-17 08:45:00"
"60420",18,"22.26","2021-02-17 09:00:00"
"60474",18,"22.46","2021-02-17 09:15:00"
"60528",18,"22.77","2021-02-17 09:30:00"
"60582",18,"23.3","2021-02-17 09:45:00"
"60636",18,"24.13","2021-02-17 10:00:00"
"60690",18,"25.53","2021-02-17 10:15:00"
"61284",18,"37.32","2021-02-17 13:00:00"
"61338",18,"34.71","2021-02-17 13:15:00"
"61392",18,"35.89","2021-02-17 13:30:00"
"61446",18,"36.78","2021-02-17 13:45:00"
"61500",18,"37.46","2021-02-17 14:00:00"
"61554",18,"37.77","2021-02-17 14:15:00"
"61608",18,"37.89","2021-02-17 14:30:00"
"61662",18,"38.11","2021-02-17 14:45:00"
"61716",18,"38.49","2021-02-17 15:00:00"
"61770",18,"38.83","2021-02-17 15:15:00"
"61824",18,"38.6","2021-02-17 15:30:00"
"62418",18,"28.83","2021-02-17 18:15:00"
"62472",18,"28.16","2021-02-17 18:30:00"
"62526",18,"27.57","2021-02-17 18:45:00"
"62580",18,"26.99","2021-02-17 19:00:00"
"62634",18,"26.42","2021-02-17 19:15:00"
"62688",18,"25.89","2021-02-17 19:30:00"
"62742",18,"25.38","2021-02-17 19:45:00"
"62796",18,"24.86","2021-02-17 20:00:00"
"62850",18,"24.4","2021-02-17 20:15:00"
"62904",18,"24","2021-02-17 20:30:00"
"63498",18,"21.14","2021-02-17 23:15:00"
"63552",18,"20.97","2021-02-17 23:30:00"
"63606",18,"20.79","2021-02-17 23:45:00"
"63660",18,"20.63","2021-02-18 00:00:00"
"63714",18,"20.47","2021-02-18 00:15:00"
"63768",18,"20.32","2021-02-18 00:30:00"
"63822",18,"20.16","2021-02-18 00:45:00"
"63876",18,"20","2021-02-18 01:00:00"
"63930",18,"19.83","2021-02-18 01:15:00"
"63984",18,"19.68","2021-02-18 01:30:00"
"64632",18,"18.34","2021-02-18 04:30:00"
"64686",18,"18.25","2021-02-18 04:45:00"
"64740",18,"18.17","2021-02-18 05:00:00"
"64794",18,"18.09","2021-02-18 05:15:00"
"64848",18,"18.01","2021-02-18 05:30:00"
"64902",18,"17.93","2021-02-18 05:45:00"
"64956",18,"17.84","2021-02-18 06:00:00"
"65010",18,"17.74","2021-02-18 06:15:00"
"65064",18,"17.66","2021-02-18 06:30:00"
"65118",18,"17.63","2021-02-18 06:45:00"
"65172",18,"17.72","2021-02-18 07:00:00"
"65226",18,"17.91","2021-02-18 07:15:00"
"65280",18,"18.16","2021-02-18 07:30:00"
"65334",18,"18.44","2021-02-18 07:45:00"
"65388",18,"18.71","2021-02-18 08:00:00"
"65442",18,"18.99","2021-02-18 08:15:00"
"65496",18,"19.28","2021-02-18 08:30:00"
"65550",18,"19.59","2021-02-18 08:45:00"
"65604",18,"19.89","2021-02-18 09:00:00"
"65658",18,"20.21","2021-02-18 09:15:00"
"66252",18,"34.43","2021-02-18 12:00:00"
"66306",18,"36","2021-02-18 12:15:00"
"66360",18,"37.67","2021-02-18 12:30:00"
"66414",18,"37.58","2021-02-18 12:45:00"
"66468",18,"38.79","2021-02-18 13:00:00"
"66522",18,"39.23","2021-02-18 13:15:00"
"66576",18,"39.64","2021-02-18 13:30:00"
"66630",18,"40.75","2021-02-18 13:45:00"
"66684",18,"41.7","2021-02-18 14:00:00"
"66738",18,"42.46","2021-02-18 14:15:00"
"66792",18,"43.11","2021-02-18 14:30:00"
"67386",18,"37.09","2021-02-18 17:15:00"
"67440",18,"35.31","2021-02-18 17:30:00"
"67494",18,"33.52","2021-02-18 17:45:00"
"67548",18,"32.17","2021-02-18 18:00:00"
"67602",18,"31.1","2021-02-18 18:15:00"
"67656",18,"30.12","2021-02-18 18:30:00"
"67710",18,"29.25","2021-02-18 18:45:00"
"67764",18,"28.39","2021-02-18 19:00:00"
"67818",18,"27.52","2021-02-18 19:15:00"
"67872",18,"26.71","2021-02-18 19:30:00"
"68466",18,"21.36","2021-02-18 22:15:00"
"68520",18,"21.06","2021-02-18 22:30:00"
"68574",18,"20.76","2021-02-18 22:45:00"
"68628",18,"20.5","2021-02-18 23:00:00"
"68682",18,"20.25","2021-02-18 23:15:00"
"68736",18,"20.02","2021-02-18 23:30:00"
"68790",18,"19.81","2021-02-18 23:45:00"
"68844",18,"19.6","2021-02-19 00:00:00"
"68898",18,"19.41","2021-02-19 00:15:00"
"68952",18,"19.24","2021-02-19 00:30:00"
"69600",18,"17.67","2021-02-19 03:30:00"
"69654",18,"17.57","2021-02-19 03:45:00"
"69708",18,"17.46","2021-02-19 04:00:00"
"69762",18,"17.35","2021-02-19 04:15:00"
"69816",18,"17.25","2021-02-19 04:30:00"
"69870",18,"17.14","2021-02-19 04:45:00"
"69924",18,"17.02","2021-02-19 05:00:00"
"69978",18,"16.91","2021-02-19 05:15:00"
"70032",18,"16.8","2021-02-19 05:30:00"
"70086",18,"16.73","2021-02-19 05:45:00"
"70680",18,"18.2","2021-02-19 08:30:00"
"70734",18,"18.55","2021-02-19 08:45:00"
"70788",18,"18.84","2021-02-19 09:00:00"
"70842",18,"19.18","2021-02-19 09:15:00"
"70896",18,"19.73","2021-02-19 09:30:00"
"70950",18,"20.25","2021-02-19 09:45:00"
"71004",18,"20.96","2021-02-19 10:00:00"
"71058",18,"22.11","2021-02-19 10:15:00"
"71112",18,"23.66","2021-02-19 10:30:00"
"71166",18,"25.61","2021-02-19 10:45:00"
"71814",18,"37.07","2021-02-19 13:45:00"
"71868",18,"37.26","2021-02-19 14:00:00"
"71922",18,"37.58","2021-02-19 14:15:00"
"71976",18,"37.89","2021-02-19 14:30:00"
"72030",18,"38.23","2021-02-19 14:45:00"
"72084",18,"38.41","2021-02-19 15:00:00"
"72138",18,"38.46","2021-02-19 15:15:00"
"72192",18,"38.33","2021-02-19 15:30:00"
"72246",18,"38.14","2021-02-19 15:45:00"
"72300",18,"37.74","2021-02-19 16:00:00"
"72894",18,"29.95","2021-02-19 18:45:00"
"72948",18,"29.22","2021-02-19 19:00:00"
"73002",18,"28.55","2021-02-19 19:15:00"
"73056",18,"27.92","2021-02-19 19:30:00"
"73110",18,"27.34","2021-02-19 19:45:00"
"73164",18,"26.84","2021-02-19 20:00:00"
"73218",18,"26.36","2021-02-19 20:15:00"
"73272",18,"25.9","2021-02-19 20:30:00"
"73326",18,"25.49","2021-02-19 20:45:00"
"73380",18,"25.12","2021-02-19 21:00:00"
"74568",18,"20.4","2021-02-20 02:30:00"
"74622",18,"20.26","2021-02-20 02:45:00"
"74676",18,"20.14","2021-02-20 03:00:00"
"74730",18,"20.03","2021-02-20 03:15:00"
"74784",18,"19.91","2021-02-20 03:30:00"
"74838",18,"19.82","2021-02-20 03:45:00"
"74892",18,"19.75","2021-02-20 04:00:00"
"74946",18,"19.68","2021-02-20 04:15:00"
"75000",18,"19.6","2021-02-20 04:30:00"
"75054",18,"19.48","2021-02-20 04:45:00"
"75648",18,"19.51","2021-02-20 07:30:00"
"75702",18,"20.33","2021-02-20 07:45:00"
"75756",18,"21.24","2021-02-20 08:00:00"
"75828",18,"22.55","2021-03-25 08:00:00"
"75882",18,"23.03","2021-03-25 08:15:00"
"75936",18,"23.56","2021-03-25 08:30:00"
"75990",18,"24.01","2021-03-25 08:45:00"
"76044",18,"25.26","2021-03-25 09:00:00"
"76098",18,"26.43","2021-03-25 09:15:00"
"76152",18,"27.34","2021-03-25 09:30:00"
"76746",18,"36.1","2021-03-25 12:15:00"
"77800",18,"36.51","2021-03-25 12:30:00"
"77854",18,"36.9","2021-03-25 12:45:00"
"76810",18,"22.11","2021-02-20 08:15:00"
"76864",18,"22.98","2021-02-20 08:30:00"
"76918",18,"23.79","2021-02-20 08:45:00"
"76972",18,"24.47","2021-02-20 09:00:00"
"77026",18,"25.49","2021-02-20 09:15:00"
"77080",18,"26.66","2021-02-20 09:30:00"
"77134",18,"27.87","2021-02-20 09:45:00"
"77188",18,"28.96","2021-02-20 10:00:00"
"78018",18,"38.12","2021-02-20 12:45:00"
"78132",18,"39.32","2021-02-20 13:00:00"
"77908",18,"37.16","2021-03-25 13:00:00"
"77962",18,"37.1","2021-03-25 13:15:00"
"78017",18,"36.31","2021-03-25 13:30:00"
"78119",18,"34.75","2021-03-25 13:45:00"
"78226",18,"34.86","2021-03-25 14:00:00"
"78252",18,"38.87","2021-02-20 13:15:00"
"78351",18,"38.24","2021-02-20 13:30:00"
"78474",18,"38.98","2021-02-20 13:45:00"
"79449",18,"34.17","2021-03-25 16:45:00"
"79552",18,"33.67","2021-03-25 17:00:00"
"79826",18,"33.32","2021-03-25 17:15:00"
"79592",18,"38.66","2021-02-20 16:30:00"
"79646",18,"38.24","2021-02-20 16:45:00"
"79700",18,"37.74","2021-02-20 17:00:00"
"79754",18,"37.39","2021-02-20 17:15:00"
"80180",18,"36.88","2021-02-20 17:30:00"
"79880",18,"32.95","2021-03-25 17:30:00"
"79934",18,"32.29","2021-03-25 17:45:00"
"80583",18,"33.24","2021-02-20 18:30:00"
"80689",18,"32.44","2021-02-20 18:45:00"
"80747",18,"27.88","2021-03-25 20:00:00"
"80852",18,"27.65","2021-03-25 20:15:00"
"80800",18,"31.67","2021-02-20 19:00:00"
"80908",18,"30.96","2021-02-20 19:15:00"
"80995",18,"30.28","2021-02-20 19:30:00"
"80976",18,"27.44","2021-03-25 20:30:00"
"81090",18,"27.23","2021-03-25 20:45:00"
"81216",18,"27.02","2021-03-25 21:00:00"
"82266",18,"24.25","2021-02-21 00:15:00"
"82320",18,"24.06","2021-02-21 00:30:00"
"82374",18,"23.88","2021-02-21 00:45:00"
"82428",18,"23.71","2021-02-21 01:00:00"
"82482",18,"23.58","2021-02-21 01:15:00"
"82536",18,"23.46","2021-02-21 01:30:00"
"82590",18,"23.33","2021-02-21 01:45:00"
"82645",18,"23.21","2021-02-21 02:00:00"
"82738",18,"23.09","2021-02-21 02:15:00"
"82815",18,"22.98","2021-02-21 02:30:00"
"83806",18,"22.87","2021-02-21 02:45:00"
"83860",18,"22.75","2021-02-21 03:00:00"
"83914",18,"22.63","2021-02-21 03:15:00"
"83968",18,"22.5","2021-02-21 03:30:00"
"84022",18,"22.37","2021-02-21 03:45:00"
"84076",18,"22.24","2021-02-21 04:00:00"
"84130",18,"22.11","2021-02-21 04:15:00"
"84184",18,"22.01","2021-02-21 04:30:00"
"84238",18,"21.91","2021-02-21 04:45:00"
"84292",18,"21.81","2021-02-21 05:00:00"
"85472",18,"22.88","2021-03-26 05:30:00"
"85526",18,"22.81","2021-03-26 05:45:00"
"85580",18,"22.74","2021-03-26 06:00:00"
"85634",18,"22.66","2021-03-26 06:15:00"
"85688",18,"22.6","2021-03-26 06:30:00"
"85742",18,"22.56","2021-03-26 06:45:00"
"86796",18,"22.57","2021-03-26 07:00:00"
"86850",18,"22.72","2021-03-26 07:15:00"
"85940",18,"23","2021-02-21 08:00:00"
"85994",18,"23.61","2021-02-21 08:15:00"
"86588",18,"33.56","2021-02-21 11:00:00"
"86642",18,"34.66","2021-02-21 11:15:00"
"86696",18,"35.61","2021-02-21 11:30:00"
"86750",18,"36.52","2021-02-21 11:45:00"
"87804",18,"37.47","2021-02-21 12:00:00"
"86904",18,"22.96","2021-03-26 07:30:00"
"86958",18,"23.22","2021-03-26 07:45:00"
"87012",18,"23.67","2021-03-26 08:00:00"
"87066",18,"24.32","2021-03-26 08:15:00"
"87120",18,"24.97","2021-03-26 08:30:00"
"88290",18,"41.43","2021-02-21 14:15:00"
"88344",18,"41.79","2021-02-21 14:30:00"
"88398",18,"42.19","2021-02-21 14:45:00"
"88452",18,"41.92","2021-02-21 15:00:00"
"88506",18,"40.87","2021-02-21 15:15:00"
"88560",18,"39.32","2021-02-21 15:30:00"
"88614",18,"38.86","2021-02-21 15:45:00"
"88668",18,"39.3","2021-02-21 16:00:00"
"88722",18,"39.6","2021-02-21 16:15:00"
"88776",18,"39.47","2021-02-21 16:30:00"
"89992",18,"37.69","2021-02-21 17:30:00"
"90046",18,"37.03","2021-02-21 17:45:00"
"90100",18,"36.38","2021-02-21 18:00:00"
"90154",18,"35.63","2021-02-21 18:15:00"
"90208",18,"34.86","2021-02-21 18:30:00"
"90262",18,"34.09","2021-02-21 18:45:00"
"90316",18,"33.24","2021-02-21 19:00:00"
"90370",18,"32.45","2021-02-21 19:15:00"
"90424",18,"31.76","2021-02-21 19:30:00"
"90478",18,"31.16","2021-02-21 19:45:00"
"91118",18,"31.69","2021-03-26 17:45:00"
"91172",18,"31.04","2021-03-26 18:00:00"
"91226",18,"30.52","2021-03-26 18:15:00"
"91280",18,"30.04","2021-03-26 18:30:00"
"91334",18,"29.68","2021-03-26 18:45:00"
"91388",18,"29.21","2021-03-26 19:00:00"
"91442",18,"28.76","2021-03-26 19:15:00"
"91496",18,"28.47","2021-03-26 19:30:00"
"91550",18,"28.2","2021-03-26 19:45:00"
"91604",18,"27.88","2021-03-26 20:00:00"
"92666",18,"24.96","2021-02-22 01:15:00"
"92720",18,"24.81","2021-02-22 01:30:00"
"92774",18,"24.65","2021-02-22 01:45:00"
"93828",18,"24.5","2021-02-22 02:00:00"
"93882",18,"24.42","2021-02-22 02:15:00"
"92928",18,"26.9","2021-03-26 21:30:00"
"92982",18,"26.79","2021-03-26 21:45:00"
"93036",18,"26.69","2021-03-26 22:00:00"
"93090",18,"26.58","2021-03-26 22:15:00"
"93144",18,"26.48","2021-03-26 22:30:00"
"94314",18,"23.04","2021-02-22 04:15:00"
"94368",18,"22.88","2021-02-22 04:30:00"
"94422",18,"22.73","2021-02-22 04:45:00"
"94476",18,"22.59","2021-02-22 05:00:00"
"94530",18,"22.45","2021-02-22 05:15:00"
"94584",18,"22.32","2021-02-22 05:30:00"
"94638",18,"22.17","2021-02-22 05:45:00"
"94692",18,"22.02","2021-02-22 06:00:00"
"94746",18,"21.86","2021-02-22 06:15:00"
"95800",18,"21.76","2021-02-22 06:30:00"
"95854",18,"21.7","2021-02-22 06:45:00"
"96556",18,"28.78","2021-02-22 10:00:00"
"96610",18,"29.37","2021-02-22 10:15:00"
"96664",18,"29.37","2021-02-22 10:30:00"
"96718",18,"29.13","2021-02-22 10:45:00"
"96772",18,"29.32","2021-02-22 11:00:00"
"96872",18,"22.89","2021-03-27 06:30:00"
"96926",18,"22.88","2021-03-27 06:45:00"
"58530",18,"22","2021-02-17 00:15:00"
"58584",18,"21.95","2021-02-17 00:30:00"
"58638",18,"21.89","2021-02-17 00:45:00"
"58692",18,"21.82","2021-02-17 01:00:00"
"58746",18,"21.76","2021-02-17 01:15:00"
"58800",18,"21.69","2021-02-17 01:30:00"
"58854",18,"21.63","2021-02-17 01:45:00"
"58908",18,"21.6","2021-02-17 02:00:00"
"58962",18,"21.56","2021-02-17 02:15:00"
"59016",18,"21.5","2021-02-17 02:30:00"
"59664",18,"20.98","2021-02-17 05:30:00"
"59718",18,"20.94","2021-02-17 05:45:00"
"59772",18,"20.9","2021-02-17 06:00:00"
"59826",18,"20.86","2021-02-17 06:15:00"
"59880",18,"20.84","2021-02-17 06:30:00"
"59934",18,"20.84","2021-02-17 06:45:00"
"59988",18,"20.87","2021-02-17 07:00:00"
"60042",18,"21.12","2021-02-17 07:15:00"
"60096",18,"21.3","2021-02-17 07:30:00"
"60150",18,"21.56","2021-02-17 07:45:00"
"60744",18,"26.63","2021-02-17 10:30:00"
"60798",18,"27.43","2021-02-17 10:45:00"
"60852",18,"28.08","2021-02-17 11:00:00"
"60906",18,"28.71","2021-02-17 11:15:00"
"60960",18,"29.79","2021-02-17 11:30:00"
"61014",18,"32.36","2021-02-17 11:45:00"
"61068",18,"34.1","2021-02-17 12:00:00"
"61122",18,"35.18","2021-02-17 12:15:00"
"61176",18,"36.41","2021-02-17 12:30:00"
"61230",18,"37.24","2021-02-17 12:45:00"
"61878",18,"37.27","2021-02-17 15:45:00"
"61932",18,"36.54","2021-02-17 16:00:00"
"61986",18,"36.6","2021-02-17 16:15:00"
"62040",18,"36.57","2021-02-17 16:30:00"
"62094",18,"35.6","2021-02-17 16:45:00"
"62148",18,"34.93","2021-02-17 17:00:00"
"62202",18,"34.03","2021-02-17 17:15:00"
"62256",18,"32.57","2021-02-17 17:30:00"
"62310",18,"30.94","2021-02-17 17:45:00"
"62364",18,"29.72","2021-02-17 18:00:00"
"62958",18,"23.66","2021-02-17 20:45:00"
"63012",18,"23.32","2021-02-17 21:00:00"
"63066",18,"23.01","2021-02-17 21:15:00"
"63120",18,"22.72","2021-02-17 21:30:00"
"63174",18,"22.44","2021-02-17 21:45:00"
"63228",18,"22.19","2021-02-17 22:00:00"
"63282",18,"21.95","2021-02-17 22:15:00"
"63336",18,"21.72","2021-02-17 22:30:00"
"63390",18,"21.51","2021-02-17 22:45:00"
"63444",18,"21.31","2021-02-17 23:00:00"
"64038",18,"19.54","2021-02-18 01:45:00"
"64092",18,"19.4","2021-02-18 02:00:00"
"64146",18,"19.27","2021-02-18 02:15:00"
"64200",18,"19.15","2021-02-18 02:30:00"
"64254",18,"19.04","2021-02-18 02:45:00"
"64308",18,"18.95","2021-02-18 03:00:00"
"64362",18,"18.87","2021-02-18 03:15:00"
"64416",18,"18.77","2021-02-18 03:30:00"
"64470",18,"18.66","2021-02-18 03:45:00"
"64524",18,"18.54","2021-02-18 04:00:00"
"64578",18,"18.43","2021-02-18 04:15:00"
"65712",18,"20.6","2021-02-18 09:30:00"
"65766",18,"21.14","2021-02-18 09:45:00"
"65820",18,"21.98","2021-02-18 10:00:00"
"65874",18,"23.24","2021-02-18 10:15:00"
"65928",18,"24.67","2021-02-18 10:30:00"
"65982",18,"26.57","2021-02-18 10:45:00"
"66036",18,"28.34","2021-02-18 11:00:00"
"66090",18,"29.82","2021-02-18 11:15:00"
"66144",18,"31.32","2021-02-18 11:30:00"
"66198",18,"32.87","2021-02-18 11:45:00"
"66846",18,"43.23","2021-02-18 14:45:00"
"66900",18,"42.96","2021-02-18 15:00:00"
"66954",18,"43.73","2021-02-18 15:15:00"
"67008",18,"43.37","2021-02-18 15:30:00"
"67062",18,"41.99","2021-02-18 15:45:00"
"67116",18,"41.32","2021-02-18 16:00:00"
"67170",18,"41.43","2021-02-18 16:15:00"
"67224",18,"40.49","2021-02-18 16:30:00"
"67278",18,"39.47","2021-02-18 16:45:00"
"67332",18,"38.31","2021-02-18 17:00:00"
"67926",18,"25.98","2021-02-18 19:45:00"
"67980",18,"25.31","2021-02-18 20:00:00"
"68034",18,"24.67","2021-02-18 20:15:00"
"68088",18,"24.1","2021-02-18 20:30:00"
"68142",18,"23.57","2021-02-18 20:45:00"
"68196",18,"23.12","2021-02-18 21:00:00"
"68250",18,"22.71","2021-02-18 21:15:00"
"68304",18,"22.33","2021-02-18 21:30:00"
"68358",18,"21.97","2021-02-18 21:45:00"
"68412",18,"21.67","2021-02-18 22:00:00"
"69006",18,"19.08","2021-02-19 00:45:00"
"69060",18,"18.92","2021-02-19 01:00:00"
"69114",18,"18.74","2021-02-19 01:15:00"
"69168",18,"18.58","2021-02-19 01:30:00"
"69222",18,"18.43","2021-02-19 01:45:00"
"69276",18,"18.27","2021-02-19 02:00:00"
"69330",18,"18.11","2021-02-19 02:15:00"
"69384",18,"17.99","2021-02-19 02:30:00"
"69438",18,"17.91","2021-02-19 02:45:00"
"69492",18,"17.82","2021-02-19 03:00:00"
"69546",18,"17.75","2021-02-19 03:15:00"
"70140",18,"16.65","2021-02-19 06:00:00"
"70194",18,"16.58","2021-02-19 06:15:00"
"70248",18,"16.53","2021-02-19 06:30:00"
"70302",18,"16.51","2021-02-19 06:45:00"
"70356",18,"16.58","2021-02-19 07:00:00"
"70410",18,"16.74","2021-02-19 07:15:00"
"70464",18,"16.98","2021-02-19 07:30:00"
"70518",18,"17.29","2021-02-19 07:45:00"
"70572",18,"17.6","2021-02-19 08:00:00"
"70626",18,"17.88","2021-02-19 08:15:00"
"71220",18,"27.83","2021-02-19 11:00:00"
"71274",18,"29.7","2021-02-19 11:15:00"
"71328",18,"31.25","2021-02-19 11:30:00"
"71382",18,"32.59","2021-02-19 11:45:00"
"71436",18,"33.95","2021-02-19 12:00:00"
"71490",18,"35.06","2021-02-19 12:15:00"
"71544",18,"36.02","2021-02-19 12:30:00"
"71598",18,"36.94","2021-02-19 12:45:00"
"71652",18,"37.56","2021-02-19 13:00:00"
"71706",18,"37.76","2021-02-19 13:15:00"
"71760",18,"37.5","2021-02-19 13:30:00"
"72354",18,"37.08","2021-02-19 16:15:00"
"72408",18,"36.51","2021-02-19 16:30:00"
"72462",18,"35.99","2021-02-19 16:45:00"
"72516",18,"35.39","2021-02-19 17:00:00"
"72570",18,"34.86","2021-02-19 17:15:00"
"72624",18,"34.3","2021-02-19 17:30:00"
"72678",18,"33.29","2021-02-19 17:45:00"
"72732",18,"32.48","2021-02-19 18:00:00"
"72786",18,"31.68","2021-02-19 18:15:00"
"72840",18,"30.78","2021-02-19 18:30:00"
"73434",18,"24.76","2021-02-19 21:15:00"
"73488",18,"24.42","2021-02-19 21:30:00"
"73542",18,"24.11","2021-02-19 21:45:00"
"73596",18,"23.81","2021-02-19 22:00:00"
"73650",18,"23.54","2021-02-19 22:15:00"
"73704",18,"23.3","2021-02-19 22:30:00"
"73758",18,"23.07","2021-02-19 22:45:00"
"73812",18,"22.85","2021-02-19 23:00:00"
"73866",18,"22.64","2021-02-19 23:15:00"
"73920",18,"22.43","2021-02-19 23:30:00"
"73974",18,"22.21","2021-02-19 23:45:00"
"74028",18,"22","2021-02-20 00:00:00"
"74082",18,"21.81","2021-02-20 00:15:00"
"74136",18,"21.64","2021-02-20 00:30:00"
"74190",18,"21.47","2021-02-20 00:45:00"
"74244",18,"21.32","2021-02-20 01:00:00"
"74298",18,"21.17","2021-02-20 01:15:00"
"74352",18,"21.02","2021-02-20 01:30:00"
"74406",18,"20.85","2021-02-20 01:45:00"
"74460",18,"20.69","2021-02-20 02:00:00"
"74514",18,"20.54","2021-02-20 02:15:00"
"75108",18,"19.37","2021-02-20 05:00:00"
"75162",18,"19.25","2021-02-20 05:15:00"
"75216",18,"19.15","2021-02-20 05:30:00"
"75270",18,"19.04","2021-02-20 05:45:00"
"75324",18,"18.95","2021-02-20 06:00:00"
"75378",18,"18.88","2021-02-20 06:15:00"
"75432",18,"18.82","2021-02-20 06:30:00"
"75486",18,"18.8","2021-02-20 06:45:00"
"75540",18,"18.88","2021-02-20 07:00:00"
"75594",18,"19.08","2021-02-20 07:15:00"
"76206",18,"28.47","2021-03-25 09:45:00"
"76260",18,"29.44","2021-03-25 10:00:00"
"76314",18,"30.36","2021-03-25 10:15:00"
"76368",18,"31.03","2021-03-25 10:30:00"
"76422",18,"31.76","2021-03-25 10:45:00"
"76476",18,"32.44","2021-03-25 11:00:00"
"76530",18,"33.19","2021-03-25 11:15:00"
"76584",18,"33.92","2021-03-25 11:30:00"
"76638",18,"34.69","2021-03-25 11:45:00"
"76692",18,"35.41","2021-03-25 12:00:00"
"78332",18,"35.43","2021-03-25 14:15:00"
"78425",18,"35.86","2021-03-25 14:30:00"
"78572",18,"39.49","2021-02-20 14:00:00"
"78689",18,"39.06","2021-02-20 14:15:00"
"78797",18,"39.67","2021-02-20 14:30:00"
"78543",18,"36.28","2021-03-25 14:45:00"
"78641",18,"36.34","2021-03-25 15:00:00"
"78750",18,"36.56","2021-03-25 15:15:00"
"78853",18,"36.32","2021-03-25 15:30:00"
"78963",18,"35.92","2021-03-25 15:45:00"
"79083",18,"35.29","2021-03-25 16:00:00"
"79988",18,"31.59","2021-03-25 18:00:00"
"80042",18,"30.94","2021-03-25 18:15:00"
"80096",18,"30.36","2021-03-25 18:30:00"
"80174",18,"29.82","2021-03-25 18:45:00"
"80294",18,"29.34","2021-03-25 19:00:00"
"80277",18,"36.04","2021-02-20 17:45:00"
"80382",18,"34.89","2021-02-20 18:00:00"
"80482",18,"34.01","2021-02-20 18:15:00"
"80411",18,"28.9","2021-03-25 19:15:00"
"80522",18,"28.49","2021-03-25 19:30:00"
"80637",18,"28.14","2021-03-25 19:45:00"
"81726",18,"26.49","2021-02-20 21:45:00"
"81780",18,"26.2","2021-02-20 22:00:00"
"81834",18,"25.95","2021-02-20 22:15:00"
"81888",18,"25.69","2021-02-20 22:30:00"
"81942",18,"25.42","2021-02-20 22:45:00"
"81996",18,"25.17","2021-02-20 23:00:00"
"82050",18,"24.98","2021-02-20 23:15:00"
"82104",18,"24.81","2021-02-20 23:30:00"
"82158",18,"24.62","2021-02-20 23:45:00"
"82212",18,"24.43","2021-02-21 00:00:00"
"83392",18,"25.07","2021-03-26 00:30:00"
"83446",18,"24.96","2021-03-26 00:45:00"
"83500",18,"24.84","2021-03-26 01:00:00"
"83554",18,"24.7","2021-03-26 01:15:00"
"83608",18,"24.55","2021-03-26 01:30:00"
"83662",18,"24.39","2021-03-26 01:45:00"
"83716",18,"24.26","2021-03-26 02:00:00"
"83770",18,"24.15","2021-03-26 02:15:00"
"84824",18,"24.03","2021-03-26 02:30:00"
"84878",18,"23.9","2021-03-26 02:45:00"
"84932",18,"23.79","2021-03-26 03:00:00"
"84986",18,"23.68","2021-03-26 03:15:00"
"85040",18,"23.58","2021-03-26 03:30:00"
"85094",18,"23.5","2021-03-26 03:45:00"
"85148",18,"23.43","2021-03-26 04:00:00"
"85202",18,"23.33","2021-03-26 04:15:00"
"85256",18,"23.23","2021-03-26 04:30:00"
"85310",18,"23.13","2021-03-26 04:45:00"
"85364",18,"23.03","2021-03-26 05:00:00"
"85418",18,"22.95","2021-03-26 05:15:00"
"87174",18,"25.3","2021-03-26 08:45:00"
"87228",18,"26.42","2021-03-26 09:00:00"
"87282",18,"27.64","2021-03-26 09:15:00"
"87336",18,"28.72","2021-03-26 09:30:00"
"87390",18,"29.72","2021-03-26 09:45:00"
"87444",18,"30.7","2021-03-26 10:00:00"
"87498",18,"31.61","2021-03-26 10:15:00"
"87552",18,"32.42","2021-03-26 10:30:00"
"87606",18,"33.33","2021-03-26 10:45:00"
"87660",18,"34.28","2021-03-26 11:00:00"
"88876",18,"37.31","2021-03-26 12:00:00"
"88930",18,"37.94","2021-03-26 12:15:00"
"88984",18,"38.38","2021-03-26 12:30:00"
"89038",18,"38.76","2021-03-26 12:45:00"
"89092",18,"38.87","2021-03-26 13:00:00"
"89146",18,"38.35","2021-03-26 13:15:00"
"89200",18,"37.53","2021-03-26 13:30:00"
"89254",18,"36.28","2021-03-26 13:45:00"
"89308",18,"35.45","2021-03-26 14:00:00"
"89362",18,"35.05","2021-03-26 14:15:00"
"90532",18,"30.64","2021-02-21 20:00:00"
"90586",18,"30.17","2021-02-21 20:15:00"
"90640",18,"29.72","2021-02-21 20:30:00"
"90694",18,"29.32","2021-02-21 20:45:00"
"90748",18,"28.94","2021-02-21 21:00:00"
"90848",18,"35.72","2021-03-26 16:30:00"
"90902",18,"35.61","2021-03-26 16:45:00"
"90956",18,"35.25","2021-03-26 17:00:00"
"91010",18,"34.19","2021-03-26 17:15:00"
"91064",18,"32.76","2021-03-26 17:30:00"
"92072",18,"27.2","2021-02-21 22:30:00"
"92126",18,"26.97","2021-02-21 22:45:00"
"92180",18,"26.73","2021-02-21 23:00:00"
"92234",18,"26.5","2021-02-21 23:15:00"
"92288",18,"26.28","2021-02-21 23:30:00"
"92342",18,"26.07","2021-02-21 23:45:00"
"92396",18,"25.87","2021-02-22 00:00:00"
"92450",18,"25.67","2021-02-22 00:15:00"
"92504",18,"25.47","2021-02-22 00:30:00"
"92558",18,"25.29","2021-02-22 00:45:00"
"92612",18,"25.12","2021-02-22 01:00:00"
"93738",18,"24.71","2021-03-27 01:15:00"
"94792",18,"24.53","2021-03-27 01:30:00"
"94846",18,"24.37","2021-03-27 01:45:00"
"93936",18,"24.31","2021-02-22 02:30:00"
"93990",18,"24.13","2021-02-22 02:45:00"
"94044",18,"23.92","2021-02-22 03:00:00"
"94098",18,"23.73","2021-02-22 03:15:00"
"94152",18,"23.54","2021-02-22 03:30:00"
"94206",18,"23.37","2021-02-22 03:45:00"
"94260",18,"23.2","2021-02-22 04:00:00"
"95440",18,"23.51","2021-03-27 04:30:00"
"95494",18,"23.56","2021-03-27 04:45:00"
"95548",18,"23.58","2021-03-27 05:00:00"
"95602",18,"23.54","2021-03-27 05:15:00"
"95656",18,"23.37","2021-03-27 05:30:00"
"95710",18,"23.2","2021-03-27 05:45:00"
"95764",18,"23.06","2021-03-27 06:00:00"
"96818",18,"22.95","2021-03-27 06:15:00"
"95908",18,"21.7","2021-02-22 07:00:00"
"95962",18,"21.79","2021-02-22 07:15:00"
"97142",18,"23.48","2021-03-27 07:45:00"
"97196",18,"23.97","2021-03-27 08:00:00"
"97250",18,"24.64","2021-03-27 08:15:00"
"97304",18,"25.06","2021-03-27 08:30:00"
"97358",18,"25.59","2021-03-27 08:45:00"
"97412",18,"26.95","2021-03-27 09:00:00"
"96980",18,"22.92","2021-03-27 07:00:00"
"97034",18,"23.03","2021-03-27 07:15:00"
"97088",18,"23.24","2021-03-27 07:30:00"
"103094",18,"28","2021-02-22 21:45:00"
"103148",18,"27.74","2021-02-22 22:00:00"
"103202",18,"27.47","2021-02-22 22:15:00"
"103256",18,"27.17","2021-02-22 22:30:00"
"103310",18,"26.91","2021-02-22 22:45:00"
"103364",18,"26.66","2021-02-22 23:00:00"
"103418",18,"26.43","2021-02-22 23:15:00"
"103472",18,"26.21","2021-02-22 23:30:00"
"103526",18,"26.01","2021-02-22 23:45:00"
"103580",18,"25.8","2021-02-23 00:00:00"
"104718",18,"11.22","2021-06-17 05:30:00"
"104772",18,"11.04","2021-06-17 05:45:00"
"104896",18,"24.73","2021-03-27 20:30:00"
"104950",18,"24.6","2021-03-27 20:45:00"
"105004",18,"24.48","2021-03-27 21:00:00"
"105058",18,"24.39","2021-03-27 21:15:00"
"105112",18,"24.26","2021-03-27 21:30:00"
"105166",18,"24.12","2021-03-27 21:45:00"
"105220",18,"24.05","2021-03-27 22:00:00"
"105274",18,"24.03","2021-03-27 22:15:00"
"105904",18,"24.66","2021-02-23 01:30:00"
"105958",18,"24.49","2021-02-23 01:45:00"
"106012",18,"24.33","2021-02-23 02:00:00"
"106066",18,"24.18","2021-02-23 02:15:00"
"106120",18,"23.99","2021-02-23 02:30:00"
"106174",18,"23.83","2021-02-23 02:45:00"
"106228",18,"23.74","2021-02-23 03:00:00"
"106282",18,"23.61","2021-02-23 03:15:00"
"106336",18,"23.43","2021-02-23 03:30:00"
"106390",18,"23.28","2021-02-23 03:45:00"
"107528",18,"16.3","2021-06-17 09:15:00"
"107582",18,"17.46","2021-06-17 09:30:00"
"107636",18,"18.58","2021-06-17 09:45:00"
"107690",18,"19.66","2021-06-17 10:00:00"
"107744",18,"20.57","2021-06-17 10:15:00"
"107868",18,"23.18","2021-03-28 01:00:00"
"107922",18,"23.09","2021-03-28 01:15:00"
"107976",18,"23.01","2021-03-28 01:30:00"
"108030",18,"22.89","2021-03-28 01:45:00"
"108084",18,"22.74","2021-03-28 02:00:00"
"108539",18,"19.21","2021-05-06 00:00:00"
"108645",18,"19.02","2021-05-06 00:15:00"
"108744",18,"18.77","2021-05-06 00:30:00"
"108852",18,"18.58","2021-05-06 00:45:00"
"108955",18,"18.4","2021-05-06 01:00:00"
"109063",18,"18.25","2021-05-06 01:15:00"
"108817",18,"21.71","2021-03-28 04:30:00"
"108928",18,"21.67","2021-03-28 04:45:00"
"109036",18,"21.61","2021-03-28 05:00:00"
"109185",18,"21.61","2021-06-17 10:30:00"
"110396",18,"28.7","2021-06-17 12:45:00"
"110401",18,"23.74","2021-02-23 08:00:00"
"110517",18,"29.03","2021-06-17 13:00:00"
"110634",18,"29.15","2021-06-17 13:15:00"
"110755",18,"29","2021-06-17 13:30:00"
"110562",18,"24.37","2021-02-23 08:15:00"
"110711",18,"24.86","2021-02-23 08:30:00"
"110834",18,"25.67","2021-02-23 08:45:00"
"110938",18,"17.19","2021-05-06 03:00:00"
"111211",18,"17.02","2021-05-06 03:15:00"
"111505",18,"16.86","2021-05-06 03:30:00"
"111638",18,"16.71","2021-05-06 03:45:00"
"111692",18,"16.6","2021-05-06 04:00:00"
"111576",18,"25.37","2021-06-17 15:00:00"
"112824",18,"26.28","2021-06-17 15:15:00"
"112878",18,"26.21","2021-06-17 15:30:00"
"111794",18,"31.41","2021-02-23 10:15:00"
"111848",18,"32.51","2021-02-23 10:30:00"
"111746",18,"16.54","2021-05-06 04:15:00"
"114284",18,"16.51","2021-05-06 04:30:00"
"112496",18,"40.62","2021-02-23 13:30:00"
"112550",18,"41.19","2021-02-23 13:45:00"
"112604",18,"41.49","2021-02-23 14:00:00"
"112658",18,"42.52","2021-02-23 14:15:00"
"112712",18,"43.13","2021-02-23 14:30:00"
"112766",18,"43.67","2021-02-23 14:45:00"
"115820",18,"43.92","2021-02-23 15:00:00"
"112932",18,"25.71","2021-06-17 15:45:00"
"112986",18,"25.08","2021-06-17 16:00:00"
"114110",18,"21.11","2021-03-28 06:45:00"
"114164",18,"21.12","2021-03-28 07:00:00"
"114218",18,"21.27","2021-03-28 07:15:00"
"114299",18,"21.43","2021-03-28 07:30:00"
"114400",18,"21.64","2021-03-28 07:45:00"
"114399",18,"16.43","2021-05-06 04:45:00"
"114491",18,"16.34","2021-05-06 05:00:00"
"114610",18,"16.29","2021-05-06 05:15:00"
"114530",18,"22.21","2021-03-28 08:00:00"
"114621",18,"23.19","2021-03-28 08:15:00"
"115718",18,"21.93","2021-05-06 08:45:00"
"115772",18,"23.54","2021-05-06 09:00:00"
"115874",18,"43.93","2021-02-23 15:15:00"
"115928",18,"43.89","2021-02-23 15:30:00"
"115982",18,"43.15","2021-02-23 15:45:00"
"116036",18,"42.2","2021-02-23 16:00:00"
"116090",18,"41.89","2021-02-23 16:15:00"
"116144",18,"41.84","2021-02-23 16:30:00"
"116198",18,"41.56","2021-02-23 16:45:00"
"116252",18,"41.08","2021-02-23 17:00:00"
"117444",18,"16.56","2021-06-17 22:45:00"
"117498",18,"16.5","2021-06-17 23:00:00"
"117552",18,"16.43","2021-06-17 23:15:00"
"117606",18,"16.35","2021-06-17 23:30:00"
"117660",18,"16.24","2021-06-17 23:45:00"
"117714",18,"16.07","2021-06-18 00:00:00"
"117768",18,"16","2021-06-18 00:15:00"
"117826",18,"25.04","2021-05-06 09:15:00"
"117880",18,"26.69","2021-05-06 09:30:00"
"117934",18,"28.3","2021-05-06 09:45:00"
"119028",18,"33.58","2021-03-28 11:00:00"
"119082",18,"34.3","2021-03-28 11:15:00"
"119136",18,"35","2021-03-28 11:30:00"
"119190",18,"35.74","2021-03-28 11:45:00"
"119244",18,"36.25","2021-03-28 12:00:00"
"119298",18,"36.88","2021-03-28 12:15:00"
"119352",18,"37.06","2021-03-28 12:30:00"
"119433",18,"35.72","2021-03-28 12:45:00"
"119508",18,"34.39","2021-03-28 13:00:00"
"119598",18,"34.21","2021-03-28 13:15:00"
"119693",18,"33.6","2021-03-28 13:30:00"
"120710",18,"27.53","2021-02-23 23:45:00"
"120815",18,"27.29","2021-02-24 00:00:00"
"122953",18,"27.07","2021-02-24 00:15:00"
"120796",18,"15.99","2021-06-18 00:30:00"
"120876",18,"15.94","2021-06-18 00:45:00"
"120930",18,"15.87","2021-06-18 01:00:00"
"120984",18,"15.79","2021-06-18 01:15:00"
"121038",18,"15.72","2021-06-18 01:30:00"
"121092",18,"15.68","2021-06-18 01:45:00"
"121146",18,"15.62","2021-06-18 02:00:00"
"121200",18,"15.59","2021-06-18 02:15:00"
"121254",18,"15.59","2021-06-18 02:30:00"
"121308",18,"15.55","2021-06-18 02:45:00"
"121362",18,"15.5","2021-06-18 03:00:00"
"121416",18,"15.5","2021-06-18 03:15:00"
"121470",18,"15.47","2021-06-18 03:30:00"
"121524",18,"15.43","2021-06-18 03:45:00"
"121578",18,"15.43","2021-06-18 04:00:00"
"121632",18,"15.4","2021-06-18 04:15:00"
"121686",18,"15.43","2021-06-18 04:30:00"
"77242",18,"30.1","2021-02-20 10:15:00"
"77296",18,"31.24","2021-02-20 10:30:00"
"77350",18,"32.24","2021-02-20 10:45:00"
"77404",18,"33.15","2021-02-20 11:00:00"
"77458",18,"34.01","2021-02-20 11:15:00"
"77512",18,"34.91","2021-02-20 11:30:00"
"77566",18,"35.88","2021-02-20 11:45:00"
"77620",18,"36.9","2021-02-20 12:00:00"
"77674",18,"37.69","2021-02-20 12:15:00"
"77728",18,"38.43","2021-02-20 12:30:00"
"78907",18,"40.28","2021-02-20 14:45:00"
"79012",18,"40.71","2021-02-20 15:00:00"
"79106",18,"40.09","2021-02-20 15:15:00"
"79216",18,"38.47","2021-02-20 15:30:00"
"79299",18,"38.94","2021-02-20 15:45:00"
"79196",18,"35.18","2021-03-25 16:15:00"
"79326",18,"34.52","2021-03-25 16:30:00"
"79399",18,"39.12","2021-02-20 16:00:00"
"79508",18,"38.97","2021-02-20 16:15:00"
"81099",18,"29.67","2021-02-20 19:45:00"
"81193",18,"29.13","2021-02-20 20:00:00"
"81292",18,"28.66","2021-02-20 20:15:00"
"81336",18,"26.84","2021-03-25 21:15:00"
"81442",18,"26.69","2021-03-25 21:30:00"
"82684",18,"26.64","2021-03-25 21:45:00"
"81396",18,"28.25","2021-02-20 20:30:00"
"81506",18,"27.86","2021-02-20 20:45:00"
"81564",18,"27.47","2021-02-20 21:00:00"
"81618",18,"27.12","2021-02-20 21:15:00"
"81672",18,"26.79","2021-02-20 21:30:00"
"82842",18,"26.56","2021-03-25 22:00:00"
"82906",18,"26.37","2021-03-25 22:15:00"
"82960",18,"26.17","2021-03-25 22:30:00"
"83014",18,"26.01","2021-03-25 22:45:00"
"83068",18,"25.87","2021-03-25 23:00:00"
"83122",18,"25.71","2021-03-25 23:15:00"
"83176",18,"25.58","2021-03-25 23:30:00"
"83230",18,"25.45","2021-03-25 23:45:00"
"83284",18,"25.32","2021-03-26 00:00:00"
"83338",18,"25.19","2021-03-26 00:15:00"
"84346",18,"21.72","2021-02-21 05:15:00"
"84400",18,"21.63","2021-02-21 05:30:00"
"84454",18,"21.54","2021-02-21 05:45:00"
"84508",18,"21.44","2021-02-21 06:00:00"
"84562",18,"21.33","2021-02-21 06:15:00"
"84616",18,"21.26","2021-02-21 06:30:00"
"84670",18,"21.23","2021-02-21 06:45:00"
"84724",18,"21.27","2021-02-21 07:00:00"
"84778",18,"21.36","2021-02-21 07:15:00"
"85832",18,"21.69","2021-02-21 07:30:00"
"85886",18,"22.31","2021-02-21 07:45:00"
"86048",18,"24.34","2021-02-21 08:30:00"
"86102",18,"24.95","2021-02-21 08:45:00"
"86156",18,"25.9","2021-02-21 09:00:00"
"86210",18,"26.84","2021-02-21 09:15:00"
"86264",18,"27.78","2021-02-21 09:30:00"
"86318",18,"28.46","2021-02-21 09:45:00"
"86372",18,"29.41","2021-02-21 10:00:00"
"86426",18,"29.9","2021-02-21 10:15:00"
"86480",18,"31","2021-02-21 10:30:00"
"86534",18,"32.36","2021-02-21 10:45:00"
"87714",18,"35.12","2021-03-26 11:15:00"
"87768",18,"35.91","2021-03-26 11:30:00"
"88822",18,"36.68","2021-03-26 11:45:00"
"87858",18,"38.34","2021-02-21 12:15:00"
"87912",18,"39.07","2021-02-21 12:30:00"
"87966",18,"39.78","2021-02-21 12:45:00"
"88020",18,"40.31","2021-02-21 13:00:00"
"88074",18,"40.46","2021-02-21 13:15:00"
"88128",18,"40.31","2021-02-21 13:30:00"
"88182",18,"40.75","2021-02-21 13:45:00"
"88236",18,"41.13","2021-02-21 14:00:00"
"89416",18,"35.26","2021-03-26 14:30:00"
"89470",18,"35.07","2021-03-26 14:45:00"
"89524",18,"35.79","2021-03-26 15:00:00"
"89578",18,"36.06","2021-03-26 15:15:00"
"89632",18,"36.42","2021-03-26 15:30:00"
"89686",18,"35.97","2021-03-26 15:45:00"
"89740",18,"35.75","2021-03-26 16:00:00"
"90794",18,"35.62","2021-03-26 16:15:00"
"89830",18,"39.3","2021-02-21 16:45:00"
"89884",18,"38.89","2021-02-21 17:00:00"
"89938",18,"38.32","2021-02-21 17:15:00"
"91658",18,"27.63","2021-03-26 20:15:00"
"91712",18,"27.47","2021-03-26 20:30:00"
"91766",18,"27.29","2021-03-26 20:45:00"
"92820",18,"27.16","2021-03-26 21:00:00"
"92874",18,"27","2021-03-26 21:15:00"
"91802",18,"28.59","2021-02-21 21:15:00"
"91856",18,"28.27","2021-02-21 21:30:00"
"91910",18,"27.97","2021-02-21 21:45:00"
"91964",18,"27.7","2021-02-21 22:00:00"
"92018",18,"27.44","2021-02-21 22:15:00"
"93198",18,"26.32","2021-03-26 22:45:00"
"93252",18,"26.17","2021-03-26 23:00:00"
"93306",18,"26.02","2021-03-26 23:15:00"
"93360",18,"25.84","2021-03-26 23:30:00"
"93414",18,"25.68","2021-03-26 23:45:00"
"93468",18,"25.5","2021-03-27 00:00:00"
"93522",18,"25.36","2021-03-27 00:15:00"
"93576",18,"25.25","2021-03-27 00:30:00"
"93630",18,"25.09","2021-03-27 00:45:00"
"93684",18,"24.9","2021-03-27 01:00:00"
"94900",18,"24.21","2021-03-27 02:00:00"
"94954",18,"24.05","2021-03-27 02:15:00"
"95008",18,"23.93","2021-03-27 02:30:00"
"95062",18,"23.86","2021-03-27 02:45:00"
"95116",18,"23.77","2021-03-27 03:00:00"
"95170",18,"23.66","2021-03-27 03:15:00"
"95224",18,"23.55","2021-03-27 03:30:00"
"95278",18,"23.46","2021-03-27 03:45:00"
"95332",18,"23.42","2021-03-27 04:00:00"
"95386",18,"23.41","2021-03-27 04:15:00"
"96016",18,"22.08","2021-02-22 07:30:00"
"96070",18,"22.54","2021-02-22 07:45:00"
"96124",18,"22.91","2021-02-22 08:00:00"
"96178",18,"23.23","2021-02-22 08:15:00"
"96232",18,"23.34","2021-02-22 08:30:00"
"96286",18,"24.01","2021-02-22 08:45:00"
"96340",18,"24.98","2021-02-22 09:00:00"
"96394",18,"25.73","2021-02-22 09:15:00"
"96448",18,"26.33","2021-02-22 09:30:00"
"96502",18,"27.54","2021-02-22 09:45:00"
"97682",18,"31.67","2021-03-27 10:15:00"
"97736",18,"32.37","2021-03-27 10:30:00"
"98790",18,"32.96","2021-03-27 10:45:00"
"97826",18,"30.57","2021-02-22 11:15:00"
"97880",18,"31.15","2021-02-22 11:30:00"
"97934",18,"32.05","2021-02-22 11:45:00"
"97988",18,"33.57","2021-02-22 12:00:00"
"98042",18,"34.79","2021-02-22 12:15:00"
"98096",18,"35.81","2021-02-22 12:30:00"
"98150",18,"36.79","2021-02-22 12:45:00"
"98204",18,"37.45","2021-02-22 13:00:00"
"98844",18,"33.92","2021-03-27 11:00:00"
"98898",18,"35.01","2021-03-27 11:15:00"
"98952",18,"35.92","2021-03-27 11:30:00"
"99006",18,"36.75","2021-03-27 11:45:00"
"99060",18,"37.71","2021-03-27 12:00:00"
"99114",18,"38.12","2021-03-27 12:15:00"
"99168",18,"37.61","2021-03-27 12:30:00"
"99222",18,"38.31","2021-03-27 12:45:00"
"99276",18,"38.85","2021-03-27 13:00:00"
"99330",18,"37.65","2021-03-27 13:15:00"
"101816",18,"30.82","2021-03-27 15:30:00"
"101870",18,"30.18","2021-03-27 15:45:00"
"99960",18,"39.46","2021-02-22 16:30:00"
"100014",18,"39.15","2021-02-22 16:45:00"
"100068",18,"38.73","2021-02-22 17:00:00"
"100122",18,"38.34","2021-02-22 17:15:00"
"100176",18,"37.81","2021-02-22 17:30:00"
"100230",18,"37.24","2021-02-22 17:45:00"
"100284",18,"36.53","2021-02-22 18:00:00"
"100338",18,"35.71","2021-02-22 18:15:00"
"100936",18,"14.84","2021-06-16 21:15:00"
"100990",18,"14.69","2021-06-16 21:30:00"
"101044",18,"14.47","2021-06-16 21:45:00"
"101098",18,"14.3","2021-06-16 22:00:00"
"101152",18,"14.12","2021-06-16 22:15:00"
"101206",18,"13.96","2021-06-16 22:30:00"
"101260",18,"13.7","2021-06-16 22:45:00"
"101314",18,"13.44","2021-06-16 23:00:00"
"101368",18,"13.25","2021-06-16 23:15:00"
"101422",18,"13.22","2021-06-16 23:30:00"
"102086",18,"28.13","2021-03-27 16:45:00"
"102140",18,"27.7","2021-03-27 17:00:00"
"102194",18,"27.36","2021-03-27 17:15:00"
"102248",18,"27.07","2021-03-27 17:30:00"
"102302",18,"26.75","2021-03-27 17:45:00"
"102356",18,"26.49","2021-03-27 18:00:00"
"102410",18,"26.28","2021-03-27 18:15:00"
"102464",18,"25.99","2021-03-27 18:30:00"
"102553",18,"25.63","2021-03-27 18:45:00"
"102660",18,"25.31","2021-03-27 19:00:00"
"103634",18,"25.6","2021-02-23 00:15:00"
"103688",18,"25.4","2021-02-23 00:30:00"
"103742",18,"25.19","2021-02-23 00:45:00"
"105796",18,"25","2021-02-23 01:00:00"
"105850",18,"24.83","2021-02-23 01:15:00"
"103908",18,"12.42","2021-06-17 01:45:00"
"103962",18,"12.26","2021-06-17 02:00:00"
"104016",18,"12.32","2021-06-17 02:15:00"
"104070",18,"12.3","2021-06-17 02:30:00"
"104124",18,"12.09","2021-06-17 02:45:00"
"105328",18,"24.04","2021-03-27 22:30:00"
"105382",18,"24.01","2021-03-27 22:45:00"
"105436",18,"23.89","2021-03-27 23:00:00"
"105490",18,"23.73","2021-03-27 23:15:00"
"105544",18,"23.59","2021-03-27 23:30:00"
"105598",18,"23.52","2021-03-27 23:45:00"
"105652",18,"23.52","2021-03-28 00:00:00"
"105706",18,"23.49","2021-03-28 00:15:00"
"105760",18,"23.4","2021-03-28 00:30:00"
"107814",18,"23.3","2021-03-28 00:45:00"
"106988",18,"10.29","2021-06-17 06:45:00"
"107042",18,"10.17","2021-06-17 07:00:00"
"107096",18,"10.06","2021-06-17 07:15:00"
"107150",18,"10.07","2021-06-17 07:30:00"
"107204",18,"10.3","2021-06-17 07:45:00"
"107258",18,"10.72","2021-06-17 08:00:00"
"107312",18,"11.48","2021-06-17 08:15:00"
"107366",18,"12.75","2021-06-17 08:30:00"
"107420",18,"13.99","2021-06-17 08:45:00"
"107474",18,"14.99","2021-06-17 09:00:00"
"108138",18,"22.59","2021-03-28 02:15:00"
"108192",18,"22.45","2021-03-28 02:30:00"
"108246",18,"22.34","2021-03-28 02:45:00"
"108300",18,"22.26","2021-03-28 03:00:00"
"108354",18,"22.18","2021-03-28 03:15:00"
"108409",18,"22.07","2021-03-28 03:30:00"
"108487",18,"21.94","2021-03-28 03:45:00"
"108587",18,"21.83","2021-03-28 04:00:00"
"108705",18,"21.74","2021-03-28 04:15:00"
"109743",18,"22.14","2021-02-23 06:45:00"
"109859",18,"22.19","2021-02-23 07:00:00"
"109971",18,"22.32","2021-02-23 07:15:00"
"110085",18,"22.55","2021-02-23 07:30:00"
"110235",18,"23.13","2021-02-23 07:45:00"
"110143",18,"17.61","2021-05-06 02:15:00"
"110405",18,"17.49","2021-05-06 02:30:00"
"110661",18,"17.36","2021-05-06 02:45:00"
"110023",18,"26.9","2021-06-17 12:00:00"
"110161",18,"27.64","2021-06-17 12:15:00"
"110284",18,"28.14","2021-06-17 12:30:00"
"111902",18,"33.6","2021-02-23 10:45:00"
"111956",18,"34.71","2021-02-23 11:00:00"
"112010",18,"35.75","2021-02-23 11:15:00"
"112064",18,"36.71","2021-02-23 11:30:00"
"112118",18,"37.6","2021-02-23 11:45:00"
"112172",18,"38.5","2021-02-23 12:00:00"
"112226",18,"39.32","2021-02-23 12:15:00"
"112280",18,"40.06","2021-02-23 12:30:00"
"112334",18,"40.6","2021-02-23 12:45:00"
"112388",18,"41.34","2021-02-23 13:00:00"
"112442",18,"41.63","2021-02-23 13:15:00"
"113580",18,"19.81","2021-06-17 18:45:00"
"113634",18,"19.41","2021-06-17 19:00:00"
"113688",18,"18.87","2021-06-17 19:15:00"
"113742",18,"18.26","2021-06-17 19:30:00"
"116796",18,"17.78","2021-06-17 19:45:00"
"113786",18,"21.5","2021-03-28 05:15:00"
"113840",18,"21.42","2021-03-28 05:30:00"
"113894",18,"21.35","2021-03-28 05:45:00"
"113948",18,"21.32","2021-03-28 06:00:00"
"114002",18,"21.26","2021-03-28 06:15:00"
"114056",18,"21.17","2021-03-28 06:30:00"
"115262",18,"15.97","2021-05-06 06:45:00"
"115340",18,"15.91","2021-05-06 07:00:00"
"115265",18,"29.04","2021-03-28 09:45:00"
"118812",18,"30.05","2021-03-28 10:00:00"
"118866",18,"31.03","2021-03-28 10:15:00"
"115394",18,"16.02","2021-05-06 07:15:00"
"115448",18,"16.34","2021-05-06 07:30:00"
"115502",18,"16.84","2021-05-06 07:45:00"
"115556",18,"17.73","2021-05-06 08:00:00"
"115610",18,"19.13","2021-05-06 08:15:00"
"115664",18,"20.52","2021-05-06 08:30:00"
"116850",18,"17.25","2021-06-17 20:00:00"
"116904",18,"16.9","2021-06-17 20:15:00"
"116958",18,"16.67","2021-06-17 20:30:00"
"117012",18,"16.44","2021-06-17 20:45:00"
"117066",18,"16.19","2021-06-17 21:00:00"
"117120",18,"16.25","2021-06-17 21:15:00"
"117174",18,"16.46","2021-06-17 21:30:00"
"117228",18,"16.62","2021-06-17 21:45:00"
"117282",18,"16.69","2021-06-17 22:00:00"
"117336",18,"16.68","2021-06-17 22:15:00"
"117390",18,"16.63","2021-06-17 22:30:00"
"118528",18,"40.29","2021-05-06 12:30:00"
"118582",18,"40.63","2021-05-06 12:45:00"
"118636",18,"39.72","2021-05-06 13:00:00"
"118690",18,"37.62","2021-05-06 13:15:00"
"118744",18,"37.21","2021-05-06 13:30:00"
"121798",18,"36.25","2021-05-06 13:45:00"
"121852",18,"35.81","2021-05-06 14:00:00"
"121906",18,"34.49","2021-05-06 14:15:00"
"118920",18,"31.88","2021-03-28 10:30:00"
"118974",18,"32.71","2021-03-28 10:45:00"
"120170",18,"30.31","2021-02-23 21:15:00"
"120224",18,"30","2021-02-23 21:30:00"
"120278",18,"29.68","2021-02-23 21:45:00"
"120332",18,"29.38","2021-02-23 22:00:00"
"120386",18,"29.09","2021-02-23 22:15:00"
"120440",18,"28.81","2021-02-23 22:30:00"
"120494",18,"28.56","2021-02-23 22:45:00"
"120548",18,"28.3","2021-02-23 23:00:00"
"120602",18,"28.03","2021-02-23 23:15:00"
"120656",18,"27.77","2021-02-23 23:30:00"
"122500",18,"30.98","2021-05-06 17:00:00"
"122554",18,"29.68","2021-05-06 17:15:00"
"122608",18,"28.54","2021-05-06 17:30:00"
"122662",18,"27.62","2021-05-06 17:45:00"
"122716",18,"26.79","2021-05-06 18:00:00"
"121740",18,"15.38","2021-06-18 04:45:00"
"123066",18,"26.86","2021-02-24 00:30:00"
"123218",18,"26.66","2021-02-24 00:45:00"
"123125",18,"32.53","2021-03-28 15:30:00"
"123279",18,"32.87","2021-03-28 15:45:00"
"123137",18,"15.26","2021-06-18 05:00:00"
"123313",18,"15.21","2021-06-18 05:15:00"
"123462",18,"15.11","2021-06-18 05:30:00"
"123391",18,"26.49","2021-02-24 01:00:00"
"123531",18,"26.37","2021-02-24 01:15:00"
"123688",18,"26.19","2021-02-24 01:30:00"
"128928",18,"19.36","2021-06-18 10:15:00"
"128982",18,"19.94","2021-06-18 10:30:00"
"129036",18,"20.46","2021-06-18 10:45:00"
"129090",18,"20.92","2021-06-18 11:00:00"
"129172",18,"20.97","2021-06-18 11:15:00"
"129293",18,"21.35","2021-06-18 11:30:00"
"129404",18,"22.19","2021-06-18 11:45:00"
"129246",18,"20.02","2021-05-06 23:15:00"
"129345",18,"20.03","2021-05-06 23:30:00"
"129452",18,"20.03","2021-05-06 23:45:00"
"131754",18,"22.37","2021-03-29 04:15:00"
"134398",18,"22.26","2021-03-29 04:30:00"
"131924",18,"31.45","2021-02-24 10:00:00"
"131978",18,"32.28","2021-02-24 10:15:00"
"132032",18,"33.39","2021-02-24 10:30:00"
"132086",18,"34.47","2021-02-24 10:45:00"
"132140",18,"35.49","2021-02-24 11:00:00"
"132211",18,"36.5","2021-02-24 11:15:00"
"132320",18,"37.09","2021-02-24 11:30:00"
"132425",18,"36.87","2021-02-24 11:45:00"
"132968",18,"18.81","2021-06-18 16:00:00"
"133070",18,"18.51","2021-06-18 16:15:00"
"133069",18,"35.77","2021-02-24 13:15:00"
"133162",18,"34.4","2021-02-24 13:30:00"
"133205",18,"18.52","2021-06-18 16:30:00"
"133292",18,"18.45","2021-06-18 16:45:00"
"133386",18,"18.13","2021-06-18 17:00:00"
"133279",18,"33.63","2021-02-24 13:45:00"
"135788",18,"34.4","2021-02-24 14:00:00"
"135842",18,"35.53","2021-02-24 14:15:00"
"134493",18,"22.15","2021-03-29 04:45:00"
"134578",18,"22.09","2021-03-29 05:00:00"
"134657",18,"22.02","2021-03-29 05:15:00"
"134731",18,"21.96","2021-03-29 05:30:00"
"134813",18,"21.91","2021-03-29 05:45:00"
"134904",18,"21.85","2021-03-29 06:00:00"
"134830",18,"17.03","2021-05-07 07:00:00"
"134964",18,"16.83","2021-05-07 07:15:00"
"135111",18,"17.19","2021-05-07 07:30:00"
"135001",18,"21.8","2021-03-29 06:15:00"
"135079",18,"21.74","2021-03-29 06:30:00"
"136109",18,"16.47","2021-06-18 19:00:00"
"136352",18,"16.41","2021-06-18 19:15:00"
"136546",18,"16.33","2021-06-18 19:30:00"
"136221",18,"27.39","2021-03-29 09:15:00"
"136430",18,"28.49","2021-03-29 09:30:00"
"136645",18,"29.58","2021-03-29 09:45:00"
"136711",18,"19.92","2021-05-07 09:00:00"
"136926",18,"20.33","2021-05-07 09:15:00"
"136685",18,"35.28","2021-02-24 15:45:00"
"136895",18,"35.2","2021-02-24 16:00:00"
"137448",18,"16.12","2021-06-18 20:30:00"
"137640",18,"16.09","2021-06-18 20:45:00"
"137287",18,"32.64","2021-03-29 10:30:00"
"137501",18,"33.55","2021-03-29 10:45:00"
"137752",18,"34.44","2021-03-29 11:00:00"
"137711",18,"33.24","2021-02-24 17:00:00"
"137814",18,"22.39","2021-05-07 10:15:00"
"137850",18,"16.06","2021-06-18 21:00:00"
"138000",18,"22.64","2021-05-07 10:30:00"
"138210",18,"23.19","2021-05-07 10:45:00"
"139002",18,"30.28","2021-02-24 18:30:00"
"139059",18,"35.74","2021-03-29 12:30:00"
"139222",18,"34.07","2021-03-29 12:45:00"
"139241",18,"24.41","2021-05-07 12:00:00"
"139367",18,"33.28","2021-03-29 13:00:00"
"139525",18,"33.64","2021-03-29 13:15:00"
"139407",18,"24.95","2021-05-07 12:15:00"
"139576",18,"26.01","2021-05-07 12:30:00"
"139337",18,"15.74","2021-06-18 22:45:00"
"139500",18,"15.68","2021-06-18 23:00:00"
"139643",18,"15.62","2021-06-18 23:15:00"
"140671",18,"15.27","2021-06-19 01:30:00"
"140761",18,"15.06","2021-06-19 01:45:00"
"140940",18,"14.93","2021-06-19 02:00:00"
"141089",18,"27.55","2021-05-07 13:00:00"
"141332",18,"28.13","2021-05-07 13:15:00"
"140883",18,"29.77","2021-02-24 18:45:00"
"141048",18,"29.34","2021-02-24 19:00:00"
"140992",18,"25.85","2021-03-29 16:15:00"
"141217",18,"23.4","2021-03-29 16:30:00"
"141432",18,"21.8","2021-03-29 16:45:00"
"142288",18,"14.79","2021-06-19 03:30:00"
"142525",18,"14.79","2021-06-19 03:45:00"
"142242",18,"29.99","2021-05-07 14:15:00"
"142443",18,"29.12","2021-05-07 14:30:00"
"142662",18,"27.63","2021-05-07 14:45:00"
"142820",18,"26.74","2021-02-24 21:15:00"
"142927",18,"26.59","2021-02-24 21:30:00"
"142744",18,"20.85","2021-03-29 18:15:00"
"97466",18,"28.12","2021-03-27 09:15:00"
"97520",18,"29.23","2021-03-27 09:30:00"
"97574",18,"30.38","2021-03-27 09:45:00"
"97628",18,"31.1","2021-03-27 10:00:00"
"98258",18,"37.91","2021-02-22 13:15:00"
"98312",18,"38.11","2021-02-22 13:30:00"
"98366",18,"38.73","2021-02-22 13:45:00"
"98420",18,"39.1","2021-02-22 14:00:00"
"98474",18,"39.41","2021-02-22 14:15:00"
"98528",18,"39.91","2021-02-22 14:30:00"
"98582",18,"40.21","2021-02-22 14:45:00"
"98636",18,"40.2","2021-02-22 15:00:00"
"98690",18,"40.06","2021-02-22 15:15:00"
"98744",18,"39.87","2021-02-22 15:30:00"
"99384",18,"37.88","2021-03-27 13:30:00"
"99438",18,"37.72","2021-03-27 13:45:00"
"99492",18,"37.06","2021-03-27 14:00:00"
"99546",18,"35.62","2021-03-27 14:15:00"
"99600",18,"34.2","2021-03-27 14:30:00"
"99654",18,"33.21","2021-03-27 14:45:00"
"99719",18,"32.26","2021-03-27 15:00:00"
"99828",18,"31.44","2021-03-27 15:15:00"
"99734",18,"39.54","2021-02-22 15:45:00"
"99839",18,"39.66","2021-02-22 16:00:00"
"99906",18,"39.75","2021-02-22 16:15:00"
"100392",18,"34.84","2021-02-22 18:30:00"
"100446",18,"34.04","2021-02-22 18:45:00"
"100500",18,"33.22","2021-02-22 19:00:00"
"100554",18,"32.48","2021-02-22 19:15:00"
"100608",18,"31.81","2021-02-22 19:30:00"
"100662",18,"31.21","2021-02-22 19:45:00"
"100716",18,"30.68","2021-02-22 20:00:00"
"100770",18,"30.21","2021-02-22 20:15:00"
"100828",18,"15.05","2021-06-16 20:45:00"
"100882",18,"14.98","2021-06-16 21:00:00"
"101476",18,"13.24","2021-06-16 23:45:00"
"101530",18,"13.52","2021-06-17 00:00:00"
"101584",18,"13.66","2021-06-17 00:15:00"
"101638",18,"13.65","2021-06-17 00:30:00"
"101692",18,"13.62","2021-06-17 00:45:00"
"101746",18,"13.45","2021-06-17 01:00:00"
"103800",18,"13.08","2021-06-17 01:15:00"
"103854",18,"12.71","2021-06-17 01:30:00"
"101924",18,"29.63","2021-03-27 16:00:00"
"101978",18,"29.13","2021-03-27 16:15:00"
"102032",18,"28.63","2021-03-27 16:30:00"
"102569",18,"29.78","2021-02-22 20:30:00"
"102679",18,"29.39","2021-02-22 20:45:00"
"102770",18,"25.1","2021-03-27 19:15:00"
"102891",18,"24.98","2021-03-27 19:30:00"
"102997",18,"24.95","2021-03-27 19:45:00"
"102785",18,"29","2021-02-22 21:00:00"
"102879",18,"28.66","2021-02-22 21:15:00"
"102990",18,"28.31","2021-02-22 21:30:00"
"104788",18,"24.89","2021-03-27 20:00:00"
"104842",18,"24.8","2021-03-27 20:15:00"
"104178",18,"12.33","2021-06-17 03:00:00"
"104232",18,"12.35","2021-06-17 03:15:00"
"104286",18,"12.26","2021-06-17 03:30:00"
"104340",18,"12.34","2021-06-17 03:45:00"
"104394",18,"12.34","2021-06-17 04:00:00"
"104448",18,"12.26","2021-06-17 04:15:00"
"104502",18,"12","2021-06-17 04:30:00"
"104556",18,"11.78","2021-06-17 04:45:00"
"104610",18,"11.61","2021-06-17 05:00:00"
"104664",18,"11.43","2021-06-17 05:15:00"
"106444",18,"23.2","2021-02-23 04:00:00"
"106498",18,"23.05","2021-02-23 04:15:00"
"106552",18,"22.91","2021-02-23 04:30:00"
"106606",18,"22.81","2021-02-23 04:45:00"
"106660",18,"22.67","2021-02-23 05:00:00"
"106714",18,"22.54","2021-02-23 05:15:00"
"106768",18,"22.42","2021-02-23 05:30:00"
"109191",18,"22.29","2021-02-23 05:45:00"
"106826",18,"10.85","2021-06-17 06:00:00"
"106880",18,"10.66","2021-06-17 06:15:00"
"106934",18,"10.46","2021-06-17 06:30:00"
"109316",18,"22.68","2021-06-17 10:45:00"
"109451",18,"23.54","2021-06-17 11:00:00"
"109570",18,"24.58","2021-06-17 11:15:00"
"109319",18,"22.22","2021-02-23 06:00:00"
"109450",18,"22.18","2021-02-23 06:15:00"
"109610",18,"22.15","2021-02-23 06:30:00"
"109338",18,"18.06","2021-05-06 01:30:00"
"109592",18,"17.9","2021-05-06 01:45:00"
"109844",18,"17.75","2021-05-06 02:00:00"
"109710",18,"25.38","2021-06-17 11:30:00"
"109866",18,"26.2","2021-06-17 11:45:00"
"110895",18,"28.83","2021-06-17 13:45:00"
"111012",18,"28.07","2021-06-17 14:00:00"
"111003",18,"26.54","2021-02-23 09:00:00"
"111115",18,"27.52","2021-02-23 09:15:00"
"111172",18,"27.8","2021-06-17 14:15:00"
"111304",18,"27.26","2021-06-17 14:30:00"
"111427",18,"26.08","2021-06-17 14:45:00"
"111247",18,"28.64","2021-02-23 09:30:00"
"111383",18,"29.58","2021-02-23 09:45:00"
"111501",18,"30.35","2021-02-23 10:00:00"
"113040",18,"25.09","2021-06-17 16:15:00"
"113094",18,"24.81","2021-06-17 16:30:00"
"113148",18,"24.57","2021-06-17 16:45:00"
"113202",18,"24.25","2021-06-17 17:00:00"
"113256",18,"23.25","2021-06-17 17:15:00"
"113310",18,"22.38","2021-06-17 17:30:00"
"113364",18,"21.65","2021-06-17 17:45:00"
"113418",18,"21.05","2021-06-17 18:00:00"
"113472",18,"20.57","2021-06-17 18:15:00"
"113526",18,"20.17","2021-06-17 18:30:00"
"114722",18,"16.25","2021-05-06 05:30:00"
"114832",18,"16.2","2021-05-06 05:45:00"
"114725",18,"23.47","2021-03-28 08:30:00"
"114831",18,"24.07","2021-03-28 08:45:00"
"114933",18,"25.54","2021-03-28 09:00:00"
"114947",18,"16.14","2021-05-06 06:00:00"
"115036",18,"16.13","2021-05-06 06:15:00"
"115159",18,"16.12","2021-05-06 06:30:00"
"115058",18,"26.76","2021-03-28 09:15:00"
"115152",18,"27.86","2021-03-28 09:30:00"
"116306",18,"40.59","2021-02-23 17:15:00"
"116360",18,"39.97","2021-02-23 17:30:00"
"116414",18,"38.93","2021-02-23 17:45:00"
"116468",18,"37.85","2021-02-23 18:00:00"
"116522",18,"37.17","2021-02-23 18:15:00"
"116576",18,"36.39","2021-02-23 18:30:00"
"116630",18,"35.63","2021-02-23 18:45:00"
"116684",18,"34.85","2021-02-23 19:00:00"
"116738",18,"34.13","2021-02-23 19:15:00"
"119392",18,"33.46","2021-02-23 19:30:00"
"117988",18,"29.6","2021-05-06 10:00:00"
"118042",18,"31.06","2021-05-06 10:15:00"
"118096",18,"32.4","2021-05-06 10:30:00"
"118150",18,"33.63","2021-05-06 10:45:00"
"118204",18,"34.88","2021-05-06 11:00:00"
"118258",18,"36.06","2021-05-06 11:15:00"
"118312",18,"37.02","2021-05-06 11:30:00"
"118366",18,"38.2","2021-05-06 11:45:00"
"118420",18,"39.07","2021-05-06 12:00:00"
"118474",18,"39.78","2021-05-06 12:15:00"
"119554",18,"32.88","2021-02-23 19:45:00"
"119680",18,"32.36","2021-02-23 20:00:00"
"119818",18,"31.89","2021-02-23 20:15:00"
"119776",18,"33.4","2021-03-28 13:45:00"
"119880",18,"33.78","2021-03-28 14:00:00"
"119970",18,"34.38","2021-03-28 14:15:00"
"122784",18,"34.46","2021-03-28 14:30:00"
"119942",18,"31.45","2021-02-23 20:30:00"
"120054",18,"31.03","2021-02-23 20:45:00"
"120116",18,"30.65","2021-02-23 21:00:00"
"121960",18,"33.81","2021-05-06 14:30:00"
"122014",18,"34.1","2021-05-06 14:45:00"
"122068",18,"34.74","2021-05-06 15:00:00"
"122122",18,"34.57","2021-05-06 15:15:00"
"122176",18,"34.22","2021-05-06 15:30:00"
"122230",18,"33.8","2021-05-06 15:45:00"
"122284",18,"33.81","2021-05-06 16:00:00"
"122338",18,"32.66","2021-05-06 16:15:00"
"122392",18,"32.39","2021-05-06 16:30:00"
"122446",18,"31.75","2021-05-06 16:45:00"
"123450",18,"32.81","2021-03-28 16:00:00"
"123570",18,"32.43","2021-03-28 16:15:00"
"123728",18,"32.2","2021-03-28 16:30:00"
"123677",18,"14.98","2021-06-18 05:45:00"
"123833",18,"14.77","2021-06-18 06:00:00"
"123876",18,"26","2021-02-24 01:45:00"
"124059",18,"25.85","2021-02-24 02:00:00"
"123880",18,"31.5","2021-03-28 16:45:00"
"124045",18,"31.05","2021-03-28 17:00:00"
"124640",18,"29.5","2021-03-28 18:00:00"
"124783",18,"28.98","2021-03-28 18:15:00"
"124938",18,"28.41","2021-03-28 18:30:00"
"124708",18,"14.05","2021-06-18 07:30:00"
"124902",18,"14.23","2021-06-18 07:45:00"
"125059",18,"14.52","2021-06-18 08:00:00"
"124823",18,"25.14","2021-02-24 03:00:00"
"124977",18,"25","2021-02-24 03:15:00"
"125120",18,"27.96","2021-03-28 18:45:00"
"125276",18,"27.61","2021-03-28 19:00:00"
"125766",18,"17.18","2021-06-18 09:30:00"
"128820",18,"17.73","2021-06-18 09:45:00"
"128874",18,"18.51","2021-06-18 10:00:00"
"125878",18,"24.78","2021-05-06 18:45:00"
"125932",18,"24.27","2021-05-06 19:00:00"
"125986",18,"24.03","2021-05-06 19:15:00"
"126040",18,"23.65","2021-05-06 19:30:00"
"126094",18,"23.36","2021-05-06 19:45:00"
"126148",18,"23.17","2021-05-06 20:00:00"
"126202",18,"22.61","2021-05-06 20:15:00"
"126256",18,"22.22","2021-05-06 20:30:00"
"126810",18,"27.29","2021-03-28 19:15:00"
"126864",18,"26.99","2021-03-28 19:30:00"
"126918",18,"26.71","2021-03-28 19:45:00"
"126972",18,"26.44","2021-03-28 20:00:00"
"127027",18,"26.19","2021-03-28 20:15:00"
"127052",18,"24.11","2021-02-24 04:45:00"
"127172",18,"24.01","2021-02-24 05:00:00"
"127316",18,"23.89","2021-02-24 05:15:00"
"127117",18,"25.91","2021-03-28 20:30:00"
"127220",18,"25.66","2021-03-28 20:45:00"
"127300",18,"25.45","2021-03-28 21:00:00"
"127882",18,"24.55","2021-03-28 22:30:00"
"127987",18,"24.45","2021-03-28 22:45:00"
"128030",18,"23.28","2021-02-24 06:45:00"
"128129",18,"23.26","2021-02-24 07:00:00"
"128238",18,"23.33","2021-02-24 07:15:00"
"128103",18,"24.33","2021-03-28 23:00:00"
"128209",18,"24.2","2021-03-28 23:15:00"
"128305",18,"24.08","2021-03-28 23:30:00"
"128359",18,"23.53","2021-02-24 07:30:00"
"128438",18,"24.07","2021-02-24 07:45:00"
"129571",18,"20","2021-05-07 00:00:00"
"129725",18,"19.95","2021-05-07 00:15:00"
"129511",18,"22.55","2021-06-18 12:00:00"
"129602",18,"22.29","2021-06-18 12:15:00"
"129683",18,"21.9","2021-06-18 12:30:00"
"129774",18,"22.06","2021-06-18 12:45:00"
"129855",18,"21.97","2021-06-18 13:00:00"
"129883",18,"19.91","2021-05-07 00:30:00"
"130043",18,"19.72","2021-05-07 00:45:00"
"130194",18,"19.6","2021-05-07 01:00:00"
"130552",18,"19.07","2021-05-07 02:30:00"
"130606",18,"18.78","2021-05-07 02:45:00"
"130660",18,"18.62","2021-05-07 03:00:00"
"130714",18,"18.36","2021-05-07 03:15:00"
"130768",18,"18.22","2021-05-07 03:30:00"
"130944",18,"23.78","2021-03-29 00:30:00"
"130998",18,"23.69","2021-03-29 00:45:00"
"131052",18,"23.56","2021-03-29 01:00:00"
"131106",18,"23.43","2021-03-29 01:15:00"
"131160",18,"23.31","2021-03-29 01:30:00"
"132418",18,"20.18","2021-06-18 14:45:00"
"132531",18,"20.27","2021-06-18 15:00:00"
"132526",18,"37.13","2021-02-24 12:00:00"
"132620",18,"38.08","2021-02-24 12:15:00"
"132659",18,"19.8","2021-06-18 15:15:00"
"132747",18,"19.38","2021-06-18 15:30:00"
"132854",18,"19.08","2021-06-18 15:45:00"
"132744",18,"39.43","2021-02-24 12:30:00"
"132853",18,"38.67","2021-02-24 12:45:00"
"132955",18,"37.14","2021-02-24 13:00:00"
"133984",18,"18.01","2021-05-07 04:30:00"
"134038",18,"18","2021-05-07 04:45:00"
"134092",18,"17.96","2021-05-07 05:00:00"
"134146",18,"17.77","2021-05-07 05:15:00"
"134200",18,"17.59","2021-05-07 05:30:00"
"134254",18,"17.53","2021-05-07 05:45:00"
"134308",18,"17.44","2021-05-07 06:00:00"
"134375",18,"17.27","2021-05-07 06:15:00"
"134505",18,"17.13","2021-05-07 06:30:00"
"134664",18,"17.13","2021-05-07 06:45:00"
"135564",18,"23.11","2021-03-29 08:00:00"
"135618",18,"24.17","2021-03-29 08:15:00"
"135672",18,"24.41","2021-03-29 08:30:00"
"135726",18,"24.82","2021-03-29 08:45:00"
"135780",18,"26.17","2021-03-29 09:00:00"
"135896",18,"36.3","2021-02-24 14:30:00"
"135950",18,"36.68","2021-02-24 14:45:00"
"136062",18,"35.76","2021-02-24 15:00:00"
"136269",18,"35.22","2021-02-24 15:15:00"
"136459",18,"35.15","2021-02-24 15:30:00"
"137947",18,"35.23","2021-03-29 11:15:00"
"138178",18,"36.16","2021-03-29 11:30:00"
"138392",18,"35.92","2021-03-29 11:45:00"
"138087",18,"16.02","2021-06-18 21:15:00"
"138315",18,"15.98","2021-06-18 21:30:00"
"137958",18,"32.57","2021-02-24 17:15:00"
"138171",18,"32.09","2021-02-24 17:30:00"
"138379",18,"31.68","2021-02-24 17:45:00"
"138435",18,"23.59","2021-05-07 11:00:00"
"138668",18,"24.04","2021-05-07 11:15:00"
"138879",18,"24.05","2021-05-07 11:30:00"
"139713",18,"32.63","2021-03-29 13:30:00"
"139722",18,"27.46","2021-05-07 12:45:00"
"139826",18,"31.64","2021-03-29 13:45:00"
"139946",18,"30.56","2021-03-29 14:00:00"
"140035",18,"30.16","2021-03-29 14:15:00"
"139806",18,"15.55","2021-06-18 23:30:00"
"139900",18,"15.41","2021-06-18 23:45:00"
"140029",18,"15.38","2021-06-19 00:00:00"
"140147",18,"30.22","2021-03-29 14:30:00"
"140264",18,"29.95","2021-03-29 14:45:00"
"141161",18,"14.93","2021-06-19 02:15:00"
"141421",18,"14.91","2021-06-19 02:30:00"
"141234",18,"28.89","2021-02-24 19:15:00"
"141419",18,"28.54","2021-02-24 19:30:00"
"141557",18,"29.91","2021-05-07 13:30:00"
"141597",18,"28.22","2021-02-24 19:45:00"
"141770",18,"27.93","2021-02-24 20:00:00"
"141999",18,"27.65","2021-02-24 20:15:00"
"141618",18,"14.88","2021-06-19 02:45:00"
"141852",18,"14.82","2021-06-19 03:00:00"
"142071",18,"14.78","2021-06-19 03:15:00"
"142831",18,"27.25","2021-05-07 15:00:00"
"142940",18,"28.48","2021-05-07 15:15:00"
"143832",18,"20.71","2021-03-29 18:30:00"
"143886",18,"20.25","2021-03-29 18:45:00"
"143353",18,"25.77","2021-02-24 22:30:00"
"143462",18,"25.58","2021-02-24 22:45:00"
"143378",18,"29.52","2021-05-07 16:15:00"
"143485",18,"28.97","2021-05-07 16:30:00"
"143577",18,"25.39","2021-02-24 23:00:00"
"146786",18,"25.19","2021-02-24 23:15:00"
"146840",18,"25.02","2021-02-24 23:30:00"
"143592",18,"28.26","2021-05-07 16:45:00"
"143684",18,"27.21","2021-05-07 17:00:00"
"143738",18,"26.03","2021-05-07 17:15:00"
"149466",18,"14.47","2021-05-08 01:15:00"
"149520",18,"14.32","2021-05-08 01:30:00"
"149574",18,"14.17","2021-05-08 01:45:00"
"149628",18,"14.18","2021-05-08 02:00:00"
"149682",18,"13.98","2021-05-08 02:15:00"
"149736",18,"13.91","2021-05-08 02:30:00"
"151993",18,"13.78","2021-05-08 02:45:00"
"149896",18,"16.3","2021-06-19 09:15:00"
"149950",18,"16.92","2021-06-19 09:30:00"
"151136",18,"22.12","2021-02-25 05:30:00"
"151190",18,"22.06","2021-02-25 05:45:00"
"151244",18,"21.97","2021-02-25 06:00:00"
"151298",18,"21.87","2021-02-25 06:15:00"
"151352",18,"21.81","2021-02-25 06:30:00"
"151406",18,"21.8","2021-02-25 06:45:00"
"151460",18,"21.89","2021-02-25 07:00:00"
"151514",18,"22.04","2021-02-25 07:15:00"
"151568",18,"22.19","2021-02-25 07:30:00"
"151622",18,"22.53","2021-02-25 07:45:00"
"152884",18,"17.68","2021-03-30 06:30:00"
"152984",18,"17.65","2021-03-30 06:45:00"
"152962",18,"12.89","2021-05-08 05:00:00"
"153076",18,"12.83","2021-05-08 05:15:00"
"153184",18,"12.85","2021-05-08 05:30:00"
"153087",18,"17.72","2021-03-30 07:00:00"
"153192",18,"17.9","2021-03-30 07:15:00"
"153311",18,"18.12","2021-03-30 07:30:00"
"153284",18,"12.92","2021-05-08 05:45:00"
"153378",18,"12.86","2021-05-08 06:00:00"
"154570",18,"17.8","2021-06-19 17:00:00"
"154624",18,"17.66","2021-06-19 17:15:00"
"154678",18,"17.55","2021-06-19 17:30:00"
"154732",18,"17.24","2021-06-19 17:45:00"
"157786",18,"16.86","2021-06-19 18:00:00"
"154838",18,"25.52","2021-02-25 08:45:00"
"154892",18,"26.49","2021-02-25 09:00:00"
"154965",18,"27.51","2021-02-25 09:15:00"
"155037",18,"28.48","2021-02-25 09:30:00"
"155145",18,"29.41","2021-02-25 09:45:00"
"156205",18,"31.45","2021-03-30 11:00:00"
"156293",18,"31.83","2021-03-30 11:15:00"
"156363",18,"39.76","2021-02-25 12:30:00"
"156493",18,"40.33","2021-02-25 12:45:00"
"156376",18,"31.91","2021-03-30 11:30:00"
"156468",18,"31.97","2021-03-30 11:45:00"
"156566",18,"32.29","2021-03-30 12:00:00"
"156666",18,"32.84","2021-03-30 12:15:00"
"156720",18,"32.96","2021-03-30 12:30:00"
"157248",18,"21.89","2021-05-08 09:30:00"
"157302",18,"23.37","2021-05-08 09:45:00"
"157356",18,"24.7","2021-05-08 10:00:00"
"157410",18,"26.09","2021-05-08 10:15:00"
"157464",18,"27.11","2021-05-08 10:30:00"
"157518",18,"28.29","2021-05-08 10:45:00"
"157572",18,"29.1","2021-05-08 11:00:00"
"157626",18,"30.2","2021-05-08 11:15:00"
"157680",18,"31.08","2021-05-08 11:30:00"
"157734",18,"32.16","2021-05-08 11:45:00"
"159375",18,"31.18","2021-03-30 14:15:00"
"159483",18,"31.28","2021-03-30 14:30:00"
"159419",18,"38.47","2021-02-25 14:30:00"
"159526",18,"37.34","2021-02-25 14:45:00"
"159594",18,"31.38","2021-03-30 14:45:00"
"159704",18,"30.88","2021-03-30 15:00:00"
"159811",18,"30.38","2021-03-30 15:15:00"
"159630",18,"36.28","2021-02-25 15:00:00"
"159740",18,"32.98","2021-02-25 15:15:00"
"159848",18,"31.92","2021-02-25 15:30:00"
"160941",18,"32.37","2021-02-25 17:30:00"
"162848",18,"31.58","2021-02-25 17:45:00"
"162928",18,"31.1","2021-02-25 18:00:00"
"161058",18,"35.45","2021-05-08 13:15:00"
"161112",18,"35.28","2021-05-08 13:30:00"
"161166",18,"33.37","2021-05-08 13:45:00"
"161220",18,"32.37","2021-05-08 14:00:00"
"161274",18,"31.78","2021-05-08 14:15:00"
"161328",18,"30.67","2021-05-08 14:30:00"
"161382",18,"29.66","2021-05-08 14:45:00"
"162622",18,"14.39","2021-06-20 02:30:00"
"162676",18,"14.44","2021-06-20 02:45:00"
"162730",18,"14.43","2021-06-20 03:00:00"
"165784",18,"14.38","2021-06-20 03:15:00"
"165838",18,"14.32","2021-06-20 03:30:00"
"163009",18,"30.3","2021-02-25 18:15:00"
"163089",18,"29.45","2021-02-25 18:30:00"
"163170",18,"28.8","2021-02-25 18:45:00"
"163036",18,"26.47","2021-03-30 18:00:00"
"163192",18,"25.75","2021-03-30 18:15:00"
"163345",18,"25.1","2021-03-30 18:30:00"
"163908",18,"26.2","2021-02-25 20:30:00"
"164067",18,"25.97","2021-02-25 20:45:00"
"164178",18,"25.81","2021-02-25 21:00:00"
"163906",18,"27.99","2021-05-08 17:15:00"
"164007",18,"26.85","2021-05-08 17:30:00"
"164160",18,"25.64","2021-05-08 17:45:00"
"163961",18,"23.89","2021-03-30 19:15:00"
"164246",18,"23.63","2021-03-30 19:30:00"
"164552",18,"23.38","2021-03-30 19:45:00"
"164289",18,"24.58","2021-05-08 18:00:00"
"164413",18,"23.7","2021-05-08 18:15:00"
"164927",18,"21.58","2021-05-08 19:15:00"
"165003",18,"21.18","2021-05-08 19:30:00"
"166808",18,"24.36","2021-02-25 22:30:00"
"166862",18,"24.08","2021-02-25 22:45:00"
"165083",18,"20.79","2021-05-08 19:45:00"
"165161",18,"20.41","2021-05-08 20:00:00"
"165240",18,"20.14","2021-05-08 20:15:00"
"165232",18,"22.52","2021-03-30 20:30:00"
"165403",18,"22.29","2021-03-30 20:45:00"
"165556",18,"22.08","2021-03-30 21:00:00"
"166432",18,"13.42","2021-06-20 06:15:00"
"166486",18,"13.3","2021-06-20 06:30:00"
"166540",18,"13.25","2021-06-20 06:45:00"
"166594",18,"13.14","2021-06-20 07:00:00"
"122770",18,"25.89","2021-05-06 18:15:00"
"125824",18,"25.14","2021-05-06 18:30:00"
"122838",18,"34.09","2021-03-28 14:45:00"
"122909",18,"33.94","2021-03-28 15:00:00"
"123006",18,"33.09","2021-03-28 15:15:00"
"123973",18,"14.44","2021-06-18 06:15:00"
"124129",18,"14.25","2021-06-18 06:30:00"
"124256",18,"14","2021-06-18 06:45:00"
"124186",18,"30.7","2021-03-28 17:15:00"
"124341",18,"30.24","2021-03-28 17:30:00"
"124475",18,"29.9","2021-03-28 17:45:00"
"124282",18,"25.7","2021-02-24 02:15:00"
"124498",18,"25.5","2021-02-24 02:30:00"
"124663",18,"25.32","2021-02-24 02:45:00"
"124402",18,"13.95","2021-06-18 07:00:00"
"124554",18,"14.02","2021-06-18 07:15:00"
"125129",18,"24.85","2021-02-24 03:30:00"
"125290",18,"24.69","2021-02-24 03:45:00"
"125421",18,"24.53","2021-02-24 04:00:00"
"125227",18,"14.83","2021-06-18 08:15:00"
"125373",18,"15.27","2021-06-18 08:30:00"
"125481",18,"15.8","2021-06-18 08:45:00"
"125524",18,"24.38","2021-02-24 04:15:00"
"125612",18,"24.24","2021-02-24 04:30:00"
"125615",18,"16.59","2021-06-18 09:00:00"
"125712",18,"17.04","2021-06-18 09:15:00"
"126310",18,"21.78","2021-05-06 20:45:00"
"126364",18,"21.6","2021-05-06 21:00:00"
"126418",18,"21.32","2021-05-06 21:15:00"
"126472",18,"21.01","2021-05-06 21:30:00"
"126526",18,"20.79","2021-05-06 21:45:00"
"126580",18,"20.61","2021-05-06 22:00:00"
"126634",18,"20.49","2021-05-06 22:15:00"
"126688",18,"20.27","2021-05-06 22:30:00"
"126742",18,"20.12","2021-05-06 22:45:00"
"129146",18,"19.96","2021-05-06 23:00:00"
"127390",18,"25.29","2021-03-28 21:15:00"
"127475",18,"25.17","2021-03-28 21:30:00"
"127460",18,"23.77","2021-02-24 05:30:00"
"127577",18,"23.64","2021-02-24 05:45:00"
"127701",18,"23.52","2021-02-24 06:00:00"
"127574",18,"25.03","2021-03-28 21:45:00"
"127669",18,"24.86","2021-03-28 22:00:00"
"127762",18,"24.69","2021-03-28 22:15:00"
"127819",18,"23.42","2021-02-24 06:15:00"
"127917",18,"23.33","2021-02-24 06:30:00"
"130782",18,"23.98","2021-03-28 23:45:00"
"130836",18,"23.9","2021-03-29 00:00:00"
"130890",18,"23.84","2021-03-29 00:15:00"
"128492",18,"24.84","2021-02-24 08:00:00"
"128546",18,"25.43","2021-02-24 08:15:00"
"128600",18,"26.11","2021-02-24 08:30:00"
"128654",18,"26.97","2021-02-24 08:45:00"
"128708",18,"27.93","2021-02-24 09:00:00"
"128762",18,"28.93","2021-02-24 09:15:00"
"131816",18,"30.04","2021-02-24 09:30:00"
"131870",18,"31.13","2021-02-24 09:45:00"
"129931",18,"21.73","2021-06-18 13:15:00"
"130015",18,"21.13","2021-06-18 13:30:00"
"130094",18,"20.53","2021-06-18 13:45:00"
"130181",18,"19.97","2021-06-18 14:00:00"
"132199",18,"19.57","2021-06-18 14:15:00"
"132299",18,"19.72","2021-06-18 14:30:00"
"130282",18,"19.74","2021-05-07 01:15:00"
"130336",18,"19.73","2021-05-07 01:30:00"
"130390",18,"19.59","2021-05-07 01:45:00"
"130444",18,"19.48","2021-05-07 02:00:00"
"130498",18,"19.4","2021-05-07 02:15:00"
"131214",18,"23.19","2021-03-29 01:45:00"
"131268",18,"23.11","2021-03-29 02:00:00"
"131322",18,"23.04","2021-03-29 02:15:00"
"131376",18,"22.97","2021-03-29 02:30:00"
"131430",18,"22.9","2021-03-29 02:45:00"
"131484",18,"22.82","2021-03-29 03:00:00"
"131538",18,"22.73","2021-03-29 03:15:00"
"131592",18,"22.63","2021-03-29 03:30:00"
"131646",18,"22.53","2021-03-29 03:45:00"
"131700",18,"22.46","2021-03-29 04:00:00"
"133440",18,"17.83","2021-06-18 17:15:00"
"133494",18,"17.57","2021-06-18 17:30:00"
"133548",18,"17.34","2021-06-18 17:45:00"
"133602",18,"17.07","2021-06-18 18:00:00"
"133656",18,"16.8","2021-06-18 18:15:00"
"133710",18,"16.62","2021-06-18 18:30:00"
"133764",18,"16.51","2021-06-18 18:45:00"
"133822",18,"18.18","2021-05-07 03:45:00"
"133876",18,"18.07","2021-05-07 04:00:00"
"133930",18,"17.92","2021-05-07 04:15:00"
"135263",18,"17.56","2021-05-07 07:45:00"
"135372",18,"17.71","2021-05-07 08:00:00"
"135166",18,"21.7","2021-03-29 06:45:00"
"135250",18,"21.73","2021-03-29 07:00:00"
"135349",18,"21.86","2021-03-29 07:15:00"
"135456",18,"22.07","2021-03-29 07:30:00"
"135510",18,"22.37","2021-03-29 07:45:00"
"136045",18,"18.3","2021-05-07 08:15:00"
"136266",18,"19.13","2021-05-07 08:30:00"
"136490",18,"19.73","2021-05-07 08:45:00"
"136769",18,"16.25","2021-06-18 19:45:00"
"136983",18,"16.15","2021-06-18 20:00:00"
"137230",18,"16.11","2021-06-18 20:15:00"
"136874",18,"30.68","2021-03-29 10:00:00"
"137077",18,"31.68","2021-03-29 10:15:00"
"137145",18,"20.93","2021-05-07 09:30:00"
"137336",18,"21.27","2021-05-07 09:45:00"
"137592",18,"22.16","2021-05-07 10:00:00"
"137118",18,"34.88","2021-02-24 16:15:00"
"137327",18,"34.43","2021-02-24 16:30:00"
"137531",18,"33.91","2021-02-24 16:45:00"
"138562",18,"31.26","2021-02-24 18:00:00"
"138786",18,"30.79","2021-02-24 18:15:00"
"138602",18,"34.03","2021-03-29 12:00:00"
"138826",18,"35.32","2021-03-29 12:15:00"
"139081",18,"23.75","2021-05-07 11:45:00"
"139155",18,"15.8","2021-06-18 22:30:00"
"138540",18,"15.94","2021-06-18 21:45:00"
"138737",18,"15.88","2021-06-18 22:00:00"
"138948",18,"15.84","2021-06-18 22:15:00"
"140132",18,"15.4","2021-06-19 00:15:00"
"140231",18,"15.37","2021-06-19 00:30:00"
"140338",18,"15.33","2021-06-19 00:45:00"
"140368",18,"29.02","2021-03-29 15:00:00"
"140474",18,"24.83","2021-03-29 15:15:00"
"140563",18,"25.29","2021-03-29 15:30:00"
"140453",18,"15.34","2021-06-19 01:00:00"
"140580",18,"15.32","2021-06-19 01:15:00"
"140691",18,"26.45","2021-03-29 15:45:00"
"140807",18,"26.48","2021-03-29 16:00:00"
"141823",18,"29.91","2021-05-07 13:45:00"
"142031",18,"29.88","2021-05-07 14:00:00"
"141686",18,"21.19","2021-03-29 17:00:00"
"141881",18,"21.16","2021-03-29 17:15:00"
"142097",18,"21.21","2021-03-29 17:30:00"
"142212",18,"27.43","2021-02-24 20:30:00"
"142418",18,"27.2","2021-02-24 20:45:00"
"142626",18,"26.95","2021-02-24 21:00:00"
"142315",18,"21.19","2021-03-29 17:45:00"
"142539",18,"20.82","2021-03-29 18:00:00"
"144642",18,"25.03","2021-05-07 17:30:00"
"144806",18,"23.95","2021-05-07 17:45:00"
"144961",18,"22.91","2021-05-07 18:00:00"
"143940",18,"19.92","2021-03-29 19:00:00"
"143994",18,"19.55","2021-03-29 19:15:00"
"144048",18,"19.57","2021-03-29 19:30:00"
"144116",18,"19.72","2021-03-29 19:45:00"
"144238",18,"19.72","2021-03-29 20:00:00"
"144343",18,"19.6","2021-03-29 20:15:00"
"144436",18,"19.51","2021-03-29 20:30:00"
"145174",18,"22.11","2021-05-07 18:15:00"
"145342",18,"21.46","2021-05-07 18:30:00"
"145027",18,"14.32","2021-06-19 06:00:00"
"145205",18,"14.25","2021-06-19 06:15:00"
"145348",18,"14.34","2021-06-19 06:30:00"
"145551",18,"18.79","2021-03-29 22:15:00"
"145734",18,"18.73","2021-03-29 22:30:00"
"145469",18,"14.42","2021-06-19 06:45:00"
"145618",18,"14.46","2021-06-19 07:00:00"
"146166",18,"14.87","2021-06-19 08:00:00"
"146272",18,"15.17","2021-06-19 08:15:00"
"146189",18,"19.05","2021-05-07 20:00:00"
"146299",18,"18.77","2021-05-07 20:15:00"
"146410",18,"18.52","2021-05-07 20:30:00"
"146387",18,"15.4","2021-06-19 08:30:00"
"149788",18,"15.61","2021-06-19 08:45:00"
"149842",18,"15.95","2021-06-19 09:00:00"
"146494",18,"18.31","2021-05-07 20:45:00"
"146548",18,"18.11","2021-05-07 21:00:00"
"147164",18,"24.08","2021-02-25 01:00:00"
"147218",18,"23.95","2021-02-25 01:15:00"
"147272",18,"23.83","2021-02-25 01:30:00"
"147326",18,"23.66","2021-02-25 01:45:00"
"147380",18,"23.5","2021-02-25 02:00:00"
"147434",18,"23.38","2021-02-25 02:15:00"
"147488",18,"23.28","2021-02-25 02:30:00"
"147542",18,"23.16","2021-02-25 02:45:00"
"147596",18,"23.04","2021-02-25 03:00:00"
"147650",18,"22.93","2021-02-25 03:15:00"
"148331",18,"17","2021-05-07 22:30:00"
"148432",18,"16.78","2021-05-07 22:45:00"
"148558",18,"16.56","2021-05-07 23:00:00"
"148439",18,"18.36","2021-03-30 01:15:00"
"148528",18,"18.32","2021-03-30 01:30:00"
"148630",18,"18.29","2021-03-30 01:45:00"
"148673",18,"16.34","2021-05-07 23:15:00"
"148754",18,"16.14","2021-05-07 23:30:00"
"148863",18,"15.93","2021-05-07 23:45:00"
"148765",18,"18.25","2021-03-30 02:00:00"
"148870",18,"18.21","2021-03-30 02:15:00"
"150004",18,"17.74","2021-06-19 09:45:00"
"150058",18,"17.44","2021-06-19 10:00:00"
"150112",18,"17.86","2021-06-19 10:15:00"
"150166",18,"18.49","2021-06-19 10:30:00"
"150220",18,"18.48","2021-06-19 10:45:00"
"150274",18,"18.52","2021-06-19 11:00:00"
"150328",18,"18.88","2021-06-19 11:15:00"
"150382",18,"18.71","2021-06-19 11:30:00"
"150436",18,"18.54","2021-06-19 11:45:00"
"150490",18,"18.85","2021-06-19 12:00:00"
"150544",18,"18.73","2021-06-19 12:15:00"
"151676",18,"23.15","2021-02-25 08:00:00"
"151730",18,"23.86","2021-02-25 08:15:00"
"154784",18,"24.56","2021-02-25 08:30:00"
"151884",18,"17.96","2021-03-30 04:00:00"
"151938",18,"17.93","2021-03-30 04:15:00"
"152007",18,"17.91","2021-03-30 04:30:00"
"152119",18,"17.9","2021-03-30 04:45:00"
"152235",18,"17.89","2021-03-30 05:00:00"
"152102",18,"13.57","2021-05-08 03:00:00"
"152200",18,"13.6","2021-05-08 03:15:00"
"152288",18,"13.47","2021-05-08 03:30:00"
"153420",18,"18.57","2021-03-30 07:45:00"
"153495",18,"19.51","2021-03-30 08:00:00"
"153546",18,"12.68","2021-05-08 06:15:00"
"153600",18,"12.59","2021-05-08 06:30:00"
"153654",18,"12.42","2021-05-08 06:45:00"
"153708",18,"12.3","2021-05-08 07:00:00"
"153762",18,"12.38","2021-05-08 07:15:00"
"153868",18,"18.4","2021-06-19 13:45:00"
"153922",18,"18.42","2021-06-19 14:00:00"
"154983",18,"20.71","2021-03-30 08:15:00"
"155116",18,"21.2","2021-03-30 08:30:00"
"155248",18,"22.28","2021-03-30 08:45:00"
"155229",18,"29.56","2021-02-25 10:00:00"
"155349",18,"30.69","2021-02-25 10:15:00"
"155342",18,"23.96","2021-03-30 09:00:00"
"155440",18,"24.64","2021-03-30 09:15:00"
"155551",18,"25.45","2021-03-30 09:30:00"
"155465",18,"31.99","2021-02-25 10:30:00"
"155565",18,"33.11","2021-02-25 10:45:00"
"155678",18,"34.22","2021-02-25 11:00:00"
"156612",18,"40.77","2021-02-25 13:00:00"
"158896",18,"41.15","2021-02-25 13:15:00"
"158991",18,"40.55","2021-02-25 13:30:00"
"156774",18,"32.63","2021-03-30 12:45:00"
"156816",18,"12.71","2021-05-08 07:30:00"
"156870",18,"13.34","2021-05-08 07:45:00"
"156924",18,"14.19","2021-05-08 08:00:00"
"156978",18,"15.63","2021-05-08 08:15:00"
"157032",18,"16.51","2021-05-08 08:30:00"
"157086",18,"17.76","2021-05-08 08:45:00"
"157140",18,"19.05","2021-05-08 09:00:00"
"157194",18,"20.61","2021-05-08 09:15:00"
"158218",18,"15.14","2021-06-19 20:00:00"
"158272",18,"15.34","2021-06-19 20:15:00"
"158326",18,"15.29","2021-06-19 20:30:00"
"158380",18,"14.91","2021-06-19 20:45:00"
"158434",18,"14.56","2021-06-19 21:00:00"
"158488",18,"14.23","2021-06-19 21:15:00"
"158542",18,"13.99","2021-06-19 21:30:00"
"158596",18,"13.8","2021-06-19 21:45:00"
"158650",18,"13.91","2021-06-19 22:00:00"
"158704",18,"14.4","2021-06-19 22:15:00"
"158758",18,"14.68","2021-06-19 22:30:00"
"159920",18,"30.55","2021-03-30 15:30:00"
"160025",18,"30.66","2021-03-30 15:45:00"
"159957",18,"31.87","2021-02-25 15:45:00"
"160067",18,"31.82","2021-02-25 16:00:00"
"160138",18,"30.08","2021-03-30 16:00:00"
"160281",18,"29.73","2021-03-30 16:15:00"
"160420",18,"28.87","2021-03-30 16:30:00"
"160172",18,"32.55","2021-02-25 16:15:00"
"160316",18,"33.02","2021-02-25 16:30:00"
"160465",18,"33.2","2021-02-25 16:45:00"
"161436",18,"31.01","2021-05-08 15:00:00"
"161490",18,"32.86","2021-05-08 15:15:00"
"161544",18,"31.79","2021-05-08 15:30:00"
"161598",18,"30.29","2021-05-08 15:45:00"
"161652",18,"31.34","2021-05-08 16:00:00"
"161706",18,"31.7","2021-05-08 16:15:00"
"161760",18,"31.26","2021-05-08 16:30:00"
"163658",18,"30.66","2021-05-08 16:45:00"
"161920",18,"14.67","2021-06-19 23:15:00"
"161974",18,"14.54","2021-06-19 23:30:00"
"162028",18,"14.8","2021-06-19 23:45:00"
"163260",18,"28.25","2021-02-25 19:00:00"
"163340",18,"27.8","2021-02-25 19:15:00"
"163416",18,"27.39","2021-02-25 19:30:00"
"163486",18,"27.02","2021-02-25 19:45:00"
"163568",18,"26.7","2021-02-25 20:00:00"
"163539",18,"24.67","2021-03-30 18:45:00"
"163723",18,"24.26","2021-03-30 19:00:00"
"163736",18,"26.45","2021-02-25 20:15:00"
"163780",18,"29.35","2021-05-08 17:00:00"
"165319",18,"19.88","2021-05-08 20:30:00"
"165398",18,"19.6","2021-05-08 20:45:00"
"165477",18,"19.36","2021-05-08 21:00:00"
"167036",18,"19.1","2021-05-08 21:15:00"
"167223",18,"18.88","2021-05-08 21:30:00"
"165610",18,"21.9","2021-03-30 21:15:00"
"165664",18,"21.73","2021-03-30 21:30:00"
"165718",18,"21.51","2021-03-30 21:45:00"
"165772",18,"21.3","2021-03-30 22:00:00"
"168477",18,"21.11","2021-03-30 22:15:00"
"166648",18,"12.92","2021-06-20 07:15:00"
"166702",18,"12.84","2021-06-20 07:30:00"
"166756",18,"13.01","2021-06-20 07:45:00"
"169810",18,"13.25","2021-06-20 08:00:00"
"166916",18,"23.8","2021-02-25 23:00:00"
"166970",18,"23.6","2021-02-25 23:15:00"
"167027",18,"23.46","2021-02-25 23:30:00"
"172736",18,"20.98","2021-02-26 04:45:00"
"173040",18,"20.88","2021-02-26 05:00:00"
"173189",18,"20.79","2021-02-26 05:15:00"
"172837",18,"13.7","2021-05-09 05:30:00"
"172962",18,"13.54","2021-05-09 05:45:00"
"172865",18,"16.88","2021-03-31 06:45:00"
"172989",18,"16.85","2021-03-31 07:00:00"
"173122",18,"16.89","2021-03-31 07:15:00"
"173117",18,"13.41","2021-05-09 06:00:00"
"173239",18,"13.26","2021-05-09 06:15:00"
"175882",18,"13.08","2021-05-09 06:30:00"
"174376",18,"23.81","2021-06-20 15:15:00"
"174430",18,"24.42","2021-06-20 15:30:00"
"174484",18,"24.59","2021-06-20 15:45:00"
"174538",18,"24.36","2021-06-20 16:00:00"
"174592",18,"23.98","2021-06-20 16:15:00"
"174646",18,"23.75","2021-06-20 16:30:00"
"174700",18,"23.14","2021-06-20 16:45:00"
"174754",18,"22.5","2021-06-20 17:00:00"
"177463",18,"21.6","2021-06-20 17:15:00"
"177555",18,"20.59","2021-06-20 17:30:00"
"175364",18,"25.28","2021-03-31 10:00:00"
"175418",18,"26.18","2021-03-31 10:15:00"
"175472",18,"26.99","2021-03-31 10:30:00"
"175526",18,"27.74","2021-03-31 10:45:00"
"175580",18,"28.48","2021-03-31 11:00:00"
"175634",18,"29.21","2021-03-31 11:15:00"
"175688",18,"29.95","2021-03-31 11:30:00"
"175766",18,"30.39","2021-03-31 11:45:00"
"178040",18,"30.95","2021-03-31 12:00:00"
"178175",18,"31.32","2021-03-31 12:15:00"
"176931",18,"28.02","2021-02-26 10:30:00"
"177035",18,"28.79","2021-02-26 10:45:00"
"177143",18,"29.98","2021-02-26 11:00:00"
"177068",18,"21.07","2021-05-09 09:15:00"
"177176",18,"22.32","2021-05-09 09:30:00"
"177268",18,"30.61","2021-02-26 11:15:00"
"177365",18,"31.52","2021-02-26 11:30:00"
"177265",18,"23.69","2021-05-09 09:45:00"
"177389",18,"24.88","2021-05-09 10:00:00"
"177609",18,"26.19","2021-05-09 10:15:00"
"178687",18,"31.08","2021-03-31 13:45:00"
"178741",18,"30.88","2021-03-31 14:00:00"
"178795",18,"31.31","2021-03-31 14:15:00"
"178849",18,"31.56","2021-03-31 14:30:00"
"178903",18,"31.61","2021-03-31 14:45:00"
"178985",18,"31.89","2021-03-31 15:00:00"
"179039",18,"15.32","2021-06-20 19:45:00"
"179141",18,"15.14","2021-06-20 20:00:00"
"179099",18,"32.13","2021-03-31 15:15:00"
"179206",18,"32.26","2021-03-31 15:30:00"
"180375",18,"35.42","2021-05-09 13:45:00"
"180443",18,"34.73","2021-05-09 14:00:00"
"180484",18,"34.45","2021-02-26 12:30:00"
"180629",18,"34.32","2021-02-26 12:45:00"
"180757",18,"33.48","2021-02-26 13:00:00"
"180525",18,"34.44","2021-05-09 14:15:00"
"180612",18,"32.44","2021-05-09 14:30:00"
"180695",18,"30.7","2021-05-09 14:45:00"
"180788",18,"31.96","2021-05-09 15:00:00"
"180871",18,"33.3","2021-05-09 15:15:00"
"181955",18,"12.35","2021-06-21 00:15:00"
"182061",18,"12.16","2021-06-21 00:30:00"
"182176",18,"34.8","2021-02-26 15:45:00"
"182285",18,"35.37","2021-02-26 16:00:00"
"182187",18,"12.12","2021-06-21 00:45:00"
"182295",18,"12.15","2021-06-21 01:00:00"
"182391",18,"12.08","2021-06-21 01:15:00"
"182407",18,"34.97","2021-02-26 16:15:00"
"182509",18,"33.65","2021-02-26 16:30:00"
"182614",18,"33.15","2021-02-26 16:45:00"
"183038",18,"27","2021-03-31 17:45:00"
"183092",18,"26.18","2021-03-31 18:00:00"
"183146",18,"25.51","2021-03-31 18:15:00"
"183200",18,"24.91","2021-03-31 18:30:00"
"183254",18,"24.38","2021-03-31 18:45:00"
"183308",18,"23.9","2021-03-31 19:00:00"
"183362",18,"23.45","2021-03-31 19:15:00"
"183416",18,"23.07","2021-03-31 19:30:00"
"183470",18,"22.71","2021-03-31 19:45:00"
"183524",18,"22.37","2021-03-31 20:00:00"
"184700",18,"21.33","2021-05-09 20:00:00"
"184754",18,"21.02","2021-05-09 20:15:00"
"187808",18,"20.72","2021-05-09 20:30:00"
"184860",18,"11.72","2021-06-21 02:45:00"
"184944",18,"11.62","2021-06-21 03:00:00"
"185039",18,"11.58","2021-06-21 03:15:00"
"185141",18,"11.51","2021-06-21 03:30:00"
"185195",18,"11.5","2021-06-21 03:45:00"
"185249",18,"11.52","2021-06-21 04:00:00"
"185303",18,"11.42","2021-06-21 04:15:00"
"142752",18,"14.79","2021-06-19 04:00:00"
"144156",18,"14.76","2021-06-19 04:15:00"
"144255",18,"14.6","2021-06-19 04:30:00"
"143036",18,"26.4","2021-02-24 21:45:00"
"143142",18,"26.2","2021-02-24 22:00:00"
"143253",18,"25.97","2021-02-24 22:15:00"
"143048",18,"29.65","2021-05-07 15:30:00"
"143156",18,"29.95","2021-05-07 15:45:00"
"143262",18,"29.76","2021-05-07 16:00:00"
"144365",18,"14.43","2021-06-19 04:45:00"
"144489",18,"14.34","2021-06-19 05:00:00"
"144589",18,"14.3","2021-06-19 05:15:00"
"144549",18,"19.39","2021-03-29 20:45:00"
"144688",18,"19.25","2021-03-29 21:00:00"
"144873",18,"19.14","2021-03-29 21:15:00"
"144724",18,"14.26","2021-06-19 05:30:00"
"144869",18,"14.34","2021-06-19 05:45:00"
"145020",18,"19.03","2021-03-29 21:30:00"
"145147",18,"18.93","2021-03-29 21:45:00"
"145308",18,"18.86","2021-03-29 22:00:00"
"145491",18,"20.95","2021-05-07 18:45:00"
"145639",18,"20.53","2021-05-07 19:00:00"
"145790",18,"20.12","2021-05-07 19:15:00"
"145781",18,"14.49","2021-06-19 07:15:00"
"145914",18,"14.62","2021-06-19 07:30:00"
"146053",18,"14.78","2021-06-19 07:45:00"
"145953",18,"19.73","2021-05-07 19:30:00"
"146082",18,"19.37","2021-05-07 19:45:00"
"145923",18,"18.69","2021-03-29 22:45:00"
"147804",18,"18.63","2021-03-29 23:00:00"
"147858",18,"18.59","2021-03-29 23:15:00"
"146602",18,"18.11","2021-05-07 21:15:00"
"146656",18,"17.93","2021-05-07 21:30:00"
"146710",18,"17.94","2021-05-07 21:45:00"
"146764",18,"17.6","2021-05-07 22:00:00"
"148218",18,"17.25","2021-05-07 22:15:00"
"146894",18,"24.85","2021-02-24 23:45:00"
"146948",18,"24.7","2021-02-25 00:00:00"
"147002",18,"24.52","2021-02-25 00:15:00"
"147056",18,"24.39","2021-02-25 00:30:00"
"147110",18,"24.24","2021-02-25 00:45:00"
"147704",18,"22.83","2021-02-25 03:30:00"
"147758",18,"22.72","2021-02-25 03:45:00"
"150812",18,"22.57","2021-02-25 04:00:00"
"147912",18,"18.55","2021-03-29 23:30:00"
"147966",18,"18.51","2021-03-29 23:45:00"
"148020",18,"18.5","2021-03-30 00:00:00"
"148074",18,"18.48","2021-03-30 00:15:00"
"148128",18,"18.44","2021-03-30 00:30:00"
"148221",18,"18.41","2021-03-30 00:45:00"
"148324",18,"18.39","2021-03-30 01:00:00"
"148973",18,"15.72","2021-05-08 00:00:00"
"149098",18,"15.39","2021-05-08 00:15:00"
"148978",18,"18.17","2021-03-30 02:30:00"
"149069",18,"18.1","2021-03-30 02:45:00"
"149174",18,"18.07","2021-03-30 03:00:00"
"149210",18,"15.07","2021-05-08 00:30:00"
"149300",18,"14.86","2021-05-08 00:45:00"
"149412",18,"14.72","2021-05-08 01:00:00"
"149299",18,"18.04","2021-03-30 03:15:00"
"149403",18,"18","2021-03-30 03:30:00"
"151830",18,"17.97","2021-03-30 03:45:00"
"150598",18,"18.83","2021-06-19 12:30:00"
"150652",18,"18.39","2021-06-19 12:45:00"
"150706",18,"18.15","2021-06-19 13:00:00"
"150760",18,"18.23","2021-06-19 13:15:00"
"153814",18,"18.41","2021-06-19 13:30:00"
"150866",18,"22.49","2021-02-25 04:15:00"
"150920",18,"22.47","2021-02-25 04:30:00"
"150974",18,"22.42","2021-02-25 04:45:00"
"151028",18,"22.33","2021-02-25 05:00:00"
"151082",18,"22.2","2021-02-25 05:15:00"
"152359",18,"17.86","2021-03-30 05:15:00"
"152461",18,"17.82","2021-03-30 05:30:00"
"152401",18,"13.3","2021-05-08 03:45:00"
"152526",18,"13.23","2021-05-08 04:00:00"
"152561",18,"17.77","2021-03-30 05:45:00"
"152653",18,"17.75","2021-03-30 06:00:00"
"152768",18,"17.72","2021-03-30 06:15:00"
"152645",18,"13.11","2021-05-08 04:15:00"
"152753",18,"12.94","2021-05-08 04:30:00"
"152848",18,"12.91","2021-05-08 04:45:00"
"153976",18,"18.98","2021-06-19 14:15:00"
"154030",18,"19.11","2021-06-19 14:30:00"
"154084",18,"18.95","2021-06-19 14:45:00"
"154138",18,"18.66","2021-06-19 15:00:00"
"154192",18,"18.56","2021-06-19 15:15:00"
"154246",18,"18.57","2021-06-19 15:30:00"
"154300",18,"18.53","2021-06-19 15:45:00"
"154354",18,"18.29","2021-06-19 16:00:00"
"154408",18,"18.05","2021-06-19 16:15:00"
"154462",18,"17.92","2021-06-19 16:30:00"
"154516",18,"17.87","2021-06-19 16:45:00"
"155663",18,"26.8","2021-03-30 09:45:00"
"155761",18,"28.03","2021-03-30 10:00:00"
"155788",18,"35.22","2021-02-25 11:15:00"
"155902",18,"36.17","2021-02-25 11:30:00"
"155870",18,"28.94","2021-03-30 10:15:00"
"155976",18,"29.76","2021-03-30 10:30:00"
"156080",18,"30.66","2021-03-30 10:45:00"
"156017",18,"37.24","2021-02-25 11:45:00"
"156117",18,"38.09","2021-02-25 12:00:00"
"156213",18,"38.93","2021-02-25 12:15:00"
"160206",18,"32.93","2021-05-08 12:00:00"
"160399",18,"33.45","2021-05-08 12:15:00"
"157840",18,"16.56","2021-06-19 18:15:00"
"157894",18,"16.35","2021-06-19 18:30:00"
"157948",18,"16.28","2021-06-19 18:45:00"
"158002",18,"15.97","2021-06-19 19:00:00"
"158056",18,"15.51","2021-06-19 19:15:00"
"158110",18,"15.13","2021-06-19 19:30:00"
"158164",18,"15.03","2021-06-19 19:45:00"
"161812",18,"14.86","2021-06-19 22:45:00"
"161866",18,"14.97","2021-06-19 23:00:00"
"158828",18,"32.47","2021-03-30 13:00:00"
"158942",18,"31.89","2021-03-30 13:15:00"
"159051",18,"30.9","2021-03-30 13:30:00"
"159161",18,"30.8","2021-03-30 13:45:00"
"159267",18,"30.87","2021-03-30 14:00:00"
"159096",18,"40.51","2021-02-25 13:45:00"
"159199",18,"40.48","2021-02-25 14:00:00"
"159308",18,"39.35","2021-02-25 14:15:00"
"160574",18,"28.72","2021-03-30 16:45:00"
"160732",18,"28.53","2021-03-30 17:00:00"
"160901",18,"28.29","2021-03-30 17:15:00"
"160628",18,"33.23","2021-02-25 17:00:00"
"160786",18,"33.02","2021-02-25 17:15:00"
"160576",18,"34.42","2021-05-08 12:30:00"
"160747",18,"34.74","2021-05-08 12:45:00"
"160913",18,"35.18","2021-05-08 13:00:00"
"162800",18,"27.7","2021-03-30 17:30:00"
"162870",18,"27.16","2021-03-30 17:45:00"
"162082",18,"14.95","2021-06-20 00:00:00"
"162136",18,"14.97","2021-06-20 00:15:00"
"162190",18,"14.95","2021-06-20 00:30:00"
"162244",18,"14.63","2021-06-20 00:45:00"
"162298",18,"14.29","2021-06-20 01:00:00"
"162352",18,"14.06","2021-06-20 01:15:00"
"162406",18,"13.99","2021-06-20 01:30:00"
"162460",18,"14.14","2021-06-20 01:45:00"
"162514",18,"14.41","2021-06-20 02:00:00"
"162568",18,"14.24","2021-06-20 02:15:00"
"164316",18,"25.68","2021-02-25 21:15:00"
"164455",18,"25.57","2021-02-25 21:30:00"
"164549",18,"23.01","2021-05-08 18:30:00"
"164669",18,"22.45","2021-05-08 18:45:00"
"164806",18,"21.97","2021-05-08 19:00:00"
"164595",18,"25.33","2021-02-25 21:45:00"
"164715",18,"24.99","2021-02-25 22:00:00"
"164833",18,"24.65","2021-02-25 22:15:00"
"164874",18,"23.1","2021-03-30 20:00:00"
"165064",18,"22.79","2021-03-30 20:15:00"
"165892",18,"14.24","2021-06-20 03:45:00"
"165946",18,"14.11","2021-06-20 04:00:00"
"166000",18,"14.04","2021-06-20 04:15:00"
"166054",18,"13.95","2021-06-20 04:30:00"
"166108",18,"13.81","2021-06-20 04:45:00"
"166162",18,"13.64","2021-06-20 05:00:00"
"166216",18,"13.39","2021-06-20 05:15:00"
"166270",18,"13.41","2021-06-20 05:30:00"
"166324",18,"13.44","2021-06-20 05:45:00"
"166378",18,"13.46","2021-06-20 06:00:00"
"167720",18,"22.03","2021-02-26 01:45:00"
"167813",18,"21.9","2021-02-26 02:00:00"
"167753",18,"18.35","2021-05-08 22:15:00"
"167862",18,"18.23","2021-05-08 22:30:00"
"167953",18,"18.04","2021-05-08 22:45:00"
"167943",18,"21.77","2021-02-26 02:15:00"
"168073",18,"21.66","2021-02-26 02:30:00"
"168197",18,"21.55","2021-02-26 02:45:00"
"168039",18,"17.84","2021-05-08 23:00:00"
"168138",18,"17.69","2021-05-08 23:15:00"
"168232",18,"17.57","2021-05-08 23:30:00"
"168775",18,"16.72","2021-05-09 01:00:00"
"168888",18,"16.58","2021-05-09 01:15:00"
"168934",18,"20.53","2021-03-30 23:15:00"
"169039",18,"20.41","2021-03-30 23:30:00"
"169000",18,"16.43","2021-05-09 01:30:00"
"169107",18,"16.27","2021-05-09 01:45:00"
"170923",18,"16.09","2021-05-09 02:00:00"
"169150",18,"20.28","2021-03-30 23:45:00"
"169204",18,"20.13","2021-03-31 00:00:00"
"169258",18,"19.99","2021-03-31 00:15:00"
"169864",18,"13.45","2021-06-20 08:15:00"
"169918",18,"14.35","2021-06-20 08:30:00"
"169972",18,"15.36","2021-06-20 08:45:00"
"170026",18,"16.28","2021-06-20 09:00:00"
"170080",18,"16.34","2021-06-20 09:15:00"
"170134",18,"16.73","2021-06-20 09:30:00"
"170188",18,"17.72","2021-06-20 09:45:00"
"170242",18,"19.15","2021-06-20 10:00:00"
"170296",18,"20.11","2021-06-20 10:15:00"
"170350",18,"20.11","2021-06-20 10:30:00"
"171071",18,"15.91","2021-05-09 02:15:00"
"171222",18,"15.79","2021-05-09 02:30:00"
"171221",18,"18.27","2021-03-31 03:45:00"
"171360",18,"18.17","2021-03-31 04:00:00"
"171353",18,"15.66","2021-05-09 02:45:00"
"171489",18,"15.52","2021-05-09 03:00:00"
"171611",18,"15.29","2021-05-09 03:15:00"
"171423",18,"21.39","2021-02-26 03:30:00"
"171715",18,"21.46","2021-02-26 03:45:00"
"171965",18,"21.38","2021-02-26 04:00:00"
"172215",18,"21.23","2021-02-26 04:15:00"
"172488",18,"21.1","2021-02-26 04:30:00"
"172181",18,"17.42","2021-03-31 05:30:00"
"172311",18,"17.29","2021-03-31 05:45:00"
"172440",18,"17.19","2021-03-31 06:00:00"
"172439",18,"14.04","2021-05-09 04:45:00"
"172576",18,"13.93","2021-05-09 05:00:00"
"172699",18,"13.83","2021-05-09 05:15:00"
"172579",18,"17.08","2021-03-31 06:15:00"
"172725",18,"16.98","2021-03-31 06:30:00"
"173836",18,"25.66","2021-06-20 12:45:00"
"173890",18,"26.05","2021-06-20 13:00:00"
"173944",18,"26.3","2021-06-20 13:15:00"
"173998",18,"26.54","2021-06-20 13:30:00"
"174052",18,"26.37","2021-06-20 13:45:00"
"174106",18,"25.69","2021-06-20 14:00:00"
"174160",18,"25.31","2021-06-20 14:15:00"
"174214",18,"25.12","2021-06-20 14:30:00"
"174268",18,"23.81","2021-06-20 14:45:00"
"174322",18,"22.95","2021-06-20 15:00:00"
"175860",18,"21.7","2021-02-26 08:00:00"
"175956",18,"21.91","2021-02-26 08:15:00"
"176061",18,"22.13","2021-02-26 08:30:00"
"175989",18,"12.99","2021-05-09 06:45:00"
"176094",18,"13.03","2021-05-09 07:00:00"
"176176",18,"22.58","2021-02-26 08:45:00"
"176271",18,"23.18","2021-02-26 09:00:00"
"176200",18,"13.11","2021-05-09 07:15:00"
"176317",18,"13.47","2021-05-09 07:30:00"
"176421",18,"13.89","2021-05-09 07:45:00"
"177544",18,"32.34","2021-02-26 11:45:00"
"177735",18,"33.19","2021-02-26 12:00:00"
"177926",18,"33.92","2021-02-26 12:15:00"
"177677",18,"19.59","2021-06-20 17:45:00"
"177795",18,"18.63","2021-06-20 18:00:00"
"177913",18,"17.8","2021-06-20 18:15:00"
"177805",18,"27.58","2021-05-09 10:30:00"
"177980",18,"28.99","2021-05-09 10:45:00"
"178257",18,"30.32","2021-05-09 11:00:00"
"178009",18,"17.24","2021-06-20 18:30:00"
"178137",18,"16.72","2021-06-20 18:45:00"
"179254",18,"14.88","2021-06-20 20:15:00"
"179358",18,"14.64","2021-06-20 20:30:00"
"179466",18,"14.47","2021-06-20 20:45:00"
"179314",18,"32.13","2021-03-31 15:45:00"
"179422",18,"31.9","2021-03-31 16:00:00"
"179520",18,"31.54","2021-03-31 16:15:00"
"179626",18,"31.06","2021-03-31 16:30:00"
"182822",18,"30.5","2021-03-31 16:45:00"
"179585",18,"14.32","2021-06-20 21:00:00"
"179672",18,"14.2","2021-06-20 21:15:00"
"179726",18,"14.06","2021-06-20 21:30:00"
"180928",18,"33.55","2021-02-26 13:15:00"
"181048",18,"33.85","2021-02-26 13:30:00"
"180948",18,"33.9","2021-05-09 15:30:00"
"183782",18,"33.89","2021-05-09 15:45:00"
"183836",18,"33.93","2021-05-09 16:00:00"
"181102",18,"34.4","2021-02-26 13:45:00"
"181156",18,"35.07","2021-02-26 14:00:00"
"181295",18,"35.42","2021-02-26 14:15:00"
"181329",18,"13.4","2021-06-20 22:15:00"
"181405",18,"13.22","2021-06-20 22:30:00"
"181481",18,"13.18","2021-06-20 22:45:00"
"182502",18,"12.09","2021-06-21 01:30:00"
"182613",18,"12.03","2021-06-21 01:45:00"
"184912",18,"33.68","2021-02-26 17:00:00"
"185050",18,"33.56","2021-02-26 17:15:00"
"182698",18,"11.96","2021-06-21 02:00:00"
"182752",18,"12.02","2021-06-21 02:15:00"
"184806",18,"11.86","2021-06-21 02:30:00"
"182876",18,"29.77","2021-03-31 17:00:00"
"182930",18,"28.86","2021-03-31 17:15:00"
"182984",18,"27.9","2021-03-31 17:30:00"
"184160",18,"28.68","2021-05-09 17:30:00"
"184214",18,"27.42","2021-05-09 17:45:00"
"184268",18,"26.03","2021-05-09 18:00:00"
"184322",18,"24.82","2021-05-09 18:15:00"
"184376",18,"23.95","2021-05-09 18:30:00"
"184430",18,"23.27","2021-05-09 18:45:00"
"184484",18,"22.79","2021-05-09 19:00:00"
"184538",18,"22.45","2021-05-09 19:15:00"
"184592",18,"22.1","2021-05-09 19:30:00"
"184646",18,"21.74","2021-05-09 19:45:00"
"185903",18,"12.44","2021-06-21 05:15:00"
"186105",18,"12.66","2021-06-21 05:30:00"
"186325",18,"12.87","2021-06-21 05:45:00"
"185974",18,"30.8","2021-02-26 18:15:00"
"186148",18,"29.87","2021-02-26 18:30:00"
"186312",18,"29.09","2021-02-26 18:45:00"
"186157",18,"19.54","2021-03-31 22:45:00"
"185363",18,"11.53","2021-06-21 04:30:00"
"186896",18,"13.01","2021-06-21 06:30:00"
"187042",18,"13.08","2021-06-21 06:45:00"
"187238",18,"13.12","2021-06-21 07:00:00"
"187244",18,"26.33","2021-02-26 20:15:00"
"187345",18,"26.06","2021-02-26 20:30:00"
"187313",18,"18.21","2021-04-01 00:45:00"
"187425",18,"18.06","2021-04-01 01:00:00"
"187449",18,"25.75","2021-02-26 20:45:00"
"187543",18,"25.48","2021-02-26 21:00:00"
"187658",18,"25.24","2021-02-26 21:15:00"
"193127",18,"14.9","2021-05-10 03:15:00"
"193312",18,"14.82","2021-05-10 03:30:00"
"193083",18,"21.24","2021-06-21 15:30:00"
"193166",18,"21.28","2021-06-21 15:45:00"
"193235",18,"20.78","2021-06-21 16:00:00"
"193318",18,"20.38","2021-06-21 16:15:00"
"194830",18,"19.88","2021-06-21 16:30:00"
"193374",18,"14.84","2021-05-10 03:45:00"
"193428",18,"14.82","2021-05-10 04:00:00"
"193482",18,"14.59","2021-05-10 04:15:00"
"194008",18,"15.75","2021-04-01 07:30:00"
"194062",18,"16.01","2021-04-01 07:45:00"
"194116",18,"16.75","2021-04-01 08:00:00"
"194170",18,"17.6","2021-04-01 08:15:00"
"194224",18,"18.3","2021-04-01 08:30:00"
"194278",18,"18.6","2021-04-01 08:45:00"
"194332",18,"19.82","2021-04-01 09:00:00"
"194386",18,"21.07","2021-04-01 09:15:00"
"194440",18,"22.17","2021-04-01 09:30:00"
"194494",18,"23.19","2021-04-01 09:45:00"
"195770",18,"20.95","2021-02-27 04:00:00"
"195852",18,"20.86","2021-02-27 04:15:00"
"195930",18,"20.77","2021-02-27 04:30:00"
"195945",18,"17.15","2021-06-21 19:15:00"
"196100",18,"17.05","2021-06-21 19:30:00"
"196235",18,"16.98","2021-06-21 19:45:00"
"196013",18,"20.66","2021-02-27 04:45:00"
"196090",18,"20.52","2021-02-27 05:00:00"
"196179",18,"20.4","2021-02-27 05:15:00"
"196268",18,"20.28","2021-02-27 05:30:00"
"196346",18,"20.18","2021-02-27 05:45:00"
"197508",18,"20.54","2021-05-10 09:00:00"
"197562",18,"21.9","2021-05-10 09:15:00"
"197616",18,"23.22","2021-05-10 09:30:00"
"197670",18,"24.44","2021-05-10 09:45:00"
"197724",18,"25.92","2021-05-10 10:00:00"
"197778",18,"27.28","2021-05-10 10:15:00"
"200762",18,"28.55","2021-05-10 10:30:00"
"197818",18,"28.48","2021-04-01 11:15:00"
"197872",18,"29.36","2021-04-01 11:30:00"
"197926",18,"30.06","2021-04-01 11:45:00"
"199044",18,"21.59","2021-02-27 08:00:00"
"199098",18,"21.84","2021-02-27 08:15:00"
"199152",18,"22.62","2021-02-27 08:30:00"
"199206",18,"23.97","2021-02-27 08:45:00"
"199260",18,"25.03","2021-02-27 09:00:00"
"199314",18,"26.02","2021-02-27 09:15:00"
"199368",18,"26.88","2021-02-27 09:30:00"
"199422",18,"27.69","2021-02-27 09:45:00"
"199476",18,"27.34","2021-02-27 10:00:00"
"199530",18,"28.43","2021-02-27 10:15:00"
"200671",18,"15.86","2021-06-22 01:00:00"
"200779",18,"15.87","2021-06-22 01:15:00"
"200876",18,"15.84","2021-06-22 01:30:00"
"200883",18,"29.93","2021-05-10 10:45:00"
"200993",18,"30.97","2021-05-10 11:00:00"
"201103",18,"32.29","2021-05-10 11:15:00"
"201231",18,"31.29","2021-04-01 16:30:00"
"201371",18,"30.74","2021-04-01 16:45:00"
"201206",18,"33.24","2021-05-10 11:30:00"
"201301",18,"34.24","2021-05-10 11:45:00"
"201915",18,"37.88","2021-05-10 13:15:00"
"202036",18,"37.86","2021-05-10 13:30:00"
"202141",18,"37.31","2021-05-10 13:45:00"
"202023",18,"26.53","2021-04-01 18:15:00"
"202134",18,"25.79","2021-04-01 18:30:00"
"202236",18,"25.08","2021-04-01 18:45:00"
"202256",18,"36.51","2021-05-10 14:00:00"
"202359",18,"36.2","2021-05-10 14:15:00"
"202453",18,"33.89","2021-05-10 14:30:00"
"202347",18,"24.49","2021-04-01 19:00:00"
"202468",18,"24.03","2021-04-01 19:15:00"
"203556",18,"37.54","2021-02-27 15:00:00"
"203610",18,"38.4","2021-02-27 15:15:00"
"203664",18,"38.7","2021-02-27 15:30:00"
"203718",18,"38.7","2021-02-27 15:45:00"
"203772",18,"38.41","2021-02-27 16:00:00"
"203828",18,"15.74","2021-06-22 01:45:00"
"203882",18,"15.69","2021-06-22 02:00:00"
"203936",18,"15.57","2021-06-22 02:15:00"
"203990",18,"15.34","2021-06-22 02:30:00"
"204044",18,"15.22","2021-06-22 02:45:00"
"205194",18,"20.3","2021-04-01 22:15:00"
"205248",18,"20.08","2021-04-01 22:30:00"
"205302",18,"19.84","2021-04-01 22:45:00"
"205356",18,"19.62","2021-04-01 23:00:00"
"205410",18,"19.43","2021-04-01 23:15:00"
"205464",18,"19.26","2021-04-01 23:30:00"
"205518",18,"19.1","2021-04-01 23:45:00"
"205572",18,"18.98","2021-04-02 00:00:00"
"205682",18,"18.85","2021-04-02 00:15:00"
"205776",18,"18.67","2021-04-02 00:30:00"
"206826",18,"38.3","2021-02-27 16:15:00"
"206880",18,"38.07","2021-02-27 16:30:00"
"206934",18,"37.79","2021-02-27 16:45:00"
"206988",18,"37.13","2021-02-27 17:00:00"
"207042",18,"31.3","2021-02-27 17:15:00"
"207096",18,"28.55","2021-02-27 17:30:00"
"207150",18,"28.62","2021-02-27 17:45:00"
"207204",18,"28.53","2021-02-27 18:00:00"
"207258",18,"28.38","2021-02-27 18:15:00"
"207312",18,"27.85","2021-02-27 18:30:00"
"207842",18,"18.27","2021-04-02 01:15:00"
"207896",18,"18.16","2021-04-02 01:30:00"
"207950",18,"18.04","2021-04-02 01:45:00"
"208004",18,"17.91","2021-04-02 02:00:00"
"208058",18,"17.82","2021-04-02 02:15:00"
"208112",18,"17.76","2021-04-02 02:30:00"
"208166",18,"17.72","2021-04-02 02:45:00"
"208220",18,"17.65","2021-04-02 03:00:00"
"208274",18,"17.53","2021-04-02 03:15:00"
"208350",18,"17.41","2021-04-02 03:30:00"
"208460",18,"17.34","2021-04-02 03:45:00"
"209635",18,"20.99","2021-05-10 21:00:00"
"209732",18,"20.45","2021-05-10 21:15:00"
"209808",18,"19.99","2021-05-10 21:30:00"
"209689",18,"16.87","2021-06-22 08:45:00"
"209844",18,"16.96","2021-06-22 09:00:00"
"210016",18,"17.59","2021-06-22 09:15:00"
"209890",18,"19.61","2021-05-10 21:45:00"
"209958",18,"19.29","2021-05-10 22:00:00"
"210048",18,"19.07","2021-05-10 22:15:00"
"210125",18,"18.84","2021-05-10 22:30:00"
"210251",18,"18.61","2021-05-10 22:45:00"
"211230",18,"22.84","2021-02-27 22:45:00"
"211284",18,"22.63","2021-02-27 23:00:00"
"211338",18,"22.43","2021-02-27 23:15:00"
"211444",18,"22.24","2021-02-27 23:30:00"
"211602",18,"22.08","2021-02-27 23:45:00"
"167108",18,"23.26","2021-02-25 23:45:00"
"167178",18,"23.07","2021-02-26 00:00:00"
"167257",18,"22.92","2021-02-26 00:15:00"
"167331",18,"22.76","2021-02-26 00:30:00"
"167412",18,"22.6","2021-02-26 00:45:00"
"167398",18,"18.67","2021-05-08 21:45:00"
"167555",18,"18.49","2021-05-08 22:00:00"
"167494",18,"22.45","2021-02-26 01:00:00"
"167575",18,"22.31","2021-02-26 01:15:00"
"167646",18,"22.17","2021-02-26 01:30:00"
"168305",18,"21.45","2021-02-26 03:00:00"
"171148",18,"21.37","2021-02-26 03:15:00"
"168326",18,"17.44","2021-05-08 23:45:00"
"168380",18,"17.3","2021-05-09 00:00:00"
"168482",18,"17.17","2021-05-09 00:15:00"
"168577",18,"16.99","2021-05-09 00:30:00"
"168675",18,"16.79","2021-05-09 00:45:00"
"168599",18,"20.94","2021-03-30 22:30:00"
"168711",18,"20.82","2021-03-30 22:45:00"
"168826",18,"20.67","2021-03-30 23:00:00"
"169312",18,"19.81","2021-03-31 00:30:00"
"169366",18,"19.63","2021-03-31 00:45:00"
"169420",18,"19.48","2021-03-31 01:00:00"
"169474",18,"19.35","2021-03-31 01:15:00"
"169528",18,"19.2","2021-03-31 01:30:00"
"169582",18,"19.01","2021-03-31 01:45:00"
"169636",18,"18.91","2021-03-31 02:00:00"
"169690",18,"18.85","2021-03-31 02:15:00"
"169744",18,"18.74","2021-03-31 02:30:00"
"170798",18,"18.6","2021-03-31 02:45:00"
"170404",18,"21.43","2021-06-20 10:45:00"
"170458",18,"22.05","2021-06-20 11:00:00"
"170512",18,"23.08","2021-06-20 11:15:00"
"170566",18,"23.76","2021-06-20 11:30:00"
"170620",18,"24.27","2021-06-20 11:45:00"
"170674",18,"24.6","2021-06-20 12:00:00"
"170728",18,"24.41","2021-06-20 12:15:00"
"173782",18,"25.12","2021-06-20 12:30:00"
"170853",18,"18.5","2021-03-31 03:00:00"
"170969",18,"18.42","2021-03-31 03:15:00"
"171096",18,"18.36","2021-03-31 03:30:00"
"171499",18,"18.04","2021-03-31 04:15:00"
"171625",18,"17.96","2021-03-31 04:30:00"
"171758",18,"17.86","2021-03-31 04:45:00"
"171752",18,"15.11","2021-05-09 03:30:00"
"171887",18,"14.95","2021-05-09 03:45:00"
"171908",18,"17.71","2021-03-31 05:00:00"
"172047",18,"17.57","2021-03-31 05:15:00"
"172008",18,"14.82","2021-05-09 04:00:00"
"172159",18,"14.61","2021-05-09 04:15:00"
"172297",18,"14.3","2021-05-09 04:30:00"
"173304",18,"20.85","2021-02-26 05:30:00"
"173374",18,"20.95","2021-02-26 05:45:00"
"173428",18,"20.99","2021-02-26 06:00:00"
"173482",18,"21.01","2021-02-26 06:15:00"
"173536",18,"21.07","2021-02-26 06:30:00"
"173590",18,"21.13","2021-02-26 06:45:00"
"173644",18,"21.2","2021-02-26 07:00:00"
"173698",18,"21.3","2021-02-26 07:15:00"
"173752",18,"21.41","2021-02-26 07:30:00"
"175773",18,"21.55","2021-02-26 07:45:00"
"174824",18,"17","2021-03-31 07:30:00"
"174878",18,"17.2","2021-03-31 07:45:00"
"174932",18,"17.91","2021-03-31 08:00:00"
"174986",18,"18.73","2021-03-31 08:15:00"
"175040",18,"19.16","2021-03-31 08:30:00"
"175094",18,"19.51","2021-03-31 08:45:00"
"175148",18,"20.7","2021-03-31 09:00:00"
"175202",18,"22.06","2021-03-31 09:15:00"
"175256",18,"23.26","2021-03-31 09:30:00"
"175310",18,"24.23","2021-03-31 09:45:00"
"176387",18,"24.18","2021-02-26 09:15:00"
"176490",18,"25.29","2021-02-26 09:30:00"
"176599",18,"26.14","2021-02-26 09:45:00"
"176532",18,"14.8","2021-05-09 08:00:00"
"176637",18,"16.31","2021-05-09 08:15:00"
"176722",18,"26.12","2021-02-26 10:00:00"
"176819",18,"27.14","2021-02-26 10:15:00"
"176735",18,"17.61","2021-05-09 08:30:00"
"176854",18,"18.74","2021-05-09 08:45:00"
"176956",18,"19.97","2021-05-09 09:00:00"
"178277",18,"16.28","2021-06-20 19:00:00"
"178391",18,"15.93","2021-06-20 19:15:00"
"178919",18,"15.57","2021-06-20 19:30:00"
"179810",18,"31.43","2021-05-09 11:15:00"
"179864",18,"32.29","2021-05-09 11:30:00"
"178313",18,"31.83","2021-03-31 12:30:00"
"178449",18,"32.2","2021-03-31 12:45:00"
"178525",18,"32.03","2021-03-31 13:00:00"
"178579",18,"31.94","2021-03-31 13:15:00"
"178633",18,"31.72","2021-03-31 13:30:00"
"179780",18,"13.87","2021-06-20 21:45:00"
"181241",18,"13.65","2021-06-20 22:00:00"
"179918",18,"33.25","2021-05-09 11:45:00"
"179972",18,"34.09","2021-05-09 12:00:00"
"180026",18,"34.86","2021-05-09 12:15:00"
"180080",18,"35.52","2021-05-09 12:30:00"
"180134",18,"35.93","2021-05-09 12:45:00"
"180188",18,"36.07","2021-05-09 13:00:00"
"180242",18,"36.6","2021-05-09 13:15:00"
"180297",18,"36.3","2021-05-09 13:30:00"
"181474",18,"35.78","2021-02-26 14:30:00"
"181645",18,"36.07","2021-02-26 14:45:00"
"181564",18,"13.12","2021-06-20 23:00:00"
"181641",18,"12.9","2021-06-20 23:15:00"
"181723",18,"12.68","2021-06-20 23:30:00"
"181791",18,"12.57","2021-06-20 23:45:00"
"181869",18,"12.52","2021-06-21 00:00:00"
"181828",18,"36.31","2021-02-26 15:00:00"
"181983",18,"35.59","2021-02-26 15:15:00"
"182086",18,"34.97","2021-02-26 15:30:00"
"183578",18,"22.04","2021-03-31 20:15:00"
"183632",18,"21.73","2021-03-31 20:30:00"
"183686",18,"21.43","2021-03-31 20:45:00"
"183740",18,"21.12","2021-03-31 21:00:00"
"185385",18,"20.83","2021-03-31 21:15:00"
"183890",18,"33.57","2021-05-09 16:15:00"
"183944",18,"32.83","2021-05-09 16:30:00"
"183998",18,"32.05","2021-05-09 16:45:00"
"184052",18,"30.95","2021-05-09 17:00:00"
"184106",18,"29.68","2021-05-09 17:15:00"
"185412",18,"32.3","2021-02-26 17:30:00"
"185589",18,"31.81","2021-02-26 17:45:00"
"185773",18,"31.44","2021-02-26 18:00:00"
"185554",18,"11.95","2021-06-21 04:45:00"
"185736",18,"12.2","2021-06-21 05:00:00"
"185514",18,"20.58","2021-03-31 21:30:00"
"185631",18,"20.35","2021-03-31 21:45:00"
"185784",18,"20.13","2021-03-31 22:00:00"
"185907",18,"19.91","2021-03-31 22:15:00"
"186021",18,"19.71","2021-03-31 22:30:00"
"186551",18,"13.04","2021-06-21 06:00:00"
"186741",18,"13.06","2021-06-21 06:15:00"
"186565",18,"19.01","2021-03-31 23:30:00"
"186701",18,"18.83","2021-03-31 23:45:00"
"186760",18,"27.47","2021-02-26 19:30:00"
"186907",18,"27.05","2021-02-26 19:45:00"
"187095",18,"26.64","2021-02-26 20:00:00"
"186882",18,"18.69","2021-04-01 00:00:00"
"187028",18,"18.52","2021-04-01 00:15:00"
"187173",18,"18.35","2021-04-01 00:30:00"
"188132",18,"19.24","2021-05-09 22:00:00"
"188186",18,"18.87","2021-05-09 22:15:00"
"188240",18,"18.65","2021-05-09 22:30:00"
"188294",18,"18.63","2021-05-09 22:45:00"
"188348",18,"18.38","2021-05-09 23:00:00"
"188402",18,"18.18","2021-05-09 23:15:00"
"188456",18,"18.07","2021-05-09 23:30:00"
"188510",18,"17.89","2021-05-09 23:45:00"
"188564",18,"17.59","2021-05-10 00:00:00"
"188618",18,"17.2","2021-05-10 00:15:00"
"189244",18,"17.44","2021-04-01 02:00:00"
"189341",18,"17.29","2021-04-01 02:15:00"
"189451",18,"17.16","2021-04-01 02:30:00"
"189378",18,"15.45","2021-06-21 09:15:00"
"189511",18,"16.11","2021-06-21 09:30:00"
"189590",18,"17.05","2021-04-01 02:45:00"
"189734",18,"16.89","2021-04-01 03:00:00"
"189665",18,"16.52","2021-06-21 09:45:00"
"189820",18,"16.7","2021-06-21 10:00:00"
"189975",18,"17.26","2021-06-21 10:15:00"
"190356",18,"16.41","2021-04-01 04:00:00"
"190508",18,"16.33","2021-04-01 04:15:00"
"190511",18,"18.68","2021-06-21 11:00:00"
"190652",18,"19.04","2021-06-21 11:15:00"
"190818",18,"19.52","2021-06-21 11:30:00"
"190659",18,"16.27","2021-04-01 04:30:00"
"190822",18,"16.19","2021-04-01 04:45:00"
"190968",18,"16.1","2021-04-01 05:00:00"
"190633",18,"23.53","2021-02-26 23:15:00"
"190797",18,"23.34","2021-02-26 23:30:00"
"190932",18,"23.16","2021-02-26 23:45:00"
"191601",18,"15.64","2021-04-01 06:15:00"
"193792",18,"15.55","2021-04-01 06:30:00"
"191622",18,"16.18","2021-05-10 01:15:00"
"191830",18,"15.99","2021-05-10 01:30:00"
"191702",18,"22.34","2021-02-27 01:00:00"
"191880",18,"22.18","2021-02-27 01:15:00"
"191776",18,"21.32","2021-06-21 12:15:00"
"191907",18,"22.36","2021-06-21 12:30:00"
"192025",18,"21.9","2021-06-21 12:45:00"
"195189",18,"21.66","2021-02-27 02:15:00"
"195265",18,"21.54","2021-02-27 02:30:00"
"192641",18,"15.19","2021-05-10 02:30:00"
"192802",18,"15.11","2021-05-10 02:45:00"
"192959",18,"14.96","2021-05-10 03:00:00"
"192681",18,"22.11","2021-06-21 14:15:00"
"192764",18,"22.22","2021-06-21 14:30:00"
"192841",18,"22","2021-06-21 14:45:00"
"192929",18,"21.64","2021-06-21 15:00:00"
"193003",18,"21.39","2021-06-21 15:15:00"
"194548",18,"24.24","2021-04-01 10:00:00"
"194602",18,"25.21","2021-04-01 10:15:00"
"194656",18,"25.98","2021-04-01 10:30:00"
"194710",18,"26.77","2021-04-01 10:45:00"
"194764",18,"27.57","2021-04-01 11:00:00"
"194884",18,"19.53","2021-06-21 16:45:00"
"194938",18,"19.45","2021-06-21 17:00:00"
"194992",18,"19","2021-06-21 17:15:00"
"195046",18,"18.63","2021-06-21 17:30:00"
"195100",18,"18.27","2021-06-21 17:45:00"
"196391",18,"16.76","2021-06-21 20:00:00"
"196532",18,"16.39","2021-06-21 20:15:00"
"196685",18,"16.3","2021-06-21 20:30:00"
"196440",18,"20.2","2021-02-27 06:00:00"
"196522",18,"20.41","2021-02-27 06:15:00"
"196603",18,"20.49","2021-02-27 06:30:00"
"196689",18,"20.41","2021-02-27 06:45:00"
"198828",18,"20.37","2021-02-27 07:00:00"
"196796",18,"16.28","2021-06-21 20:45:00"
"199802",18,"16.25","2021-06-21 21:00:00"
"197980",18,"30.74","2021-04-01 12:00:00"
"198034",18,"31.39","2021-04-01 12:15:00"
"198088",18,"32.03","2021-04-01 12:30:00"
"198142",18,"32.51","2021-04-01 12:45:00"
"198196",18,"32.41","2021-04-01 13:00:00"
"198250",18,"32.47","2021-04-01 13:15:00"
"198304",18,"32.3","2021-04-01 13:30:00"
"198358",18,"31.63","2021-04-01 13:45:00"
"198412",18,"31.2","2021-04-01 14:00:00"
"198466",18,"31.5","2021-04-01 14:15:00"
"199584",18,"29.4","2021-02-27 10:30:00"
"199638",18,"29.96","2021-02-27 10:45:00"
"199692",18,"30.7","2021-02-27 11:00:00"
"199746",18,"30.52","2021-02-27 11:15:00"
"202800",18,"30.92","2021-02-27 11:30:00"
"199856",18,"16.16","2021-06-21 21:15:00"
"199910",18,"16.07","2021-06-21 21:30:00"
"199964",18,"15.98","2021-06-21 21:45:00"
"200018",18,"15.98","2021-06-21 22:00:00"
"200072",18,"15.96","2021-06-21 22:15:00"
"201397",18,"35.26","2021-05-10 12:00:00"
"201490",18,"36.17","2021-05-10 12:15:00"
"201598",18,"36.92","2021-05-10 12:30:00"
"201489",18,"29.9","2021-04-01 17:00:00"
"201597",18,"29.48","2021-04-01 17:15:00"
"201702",18,"28.89","2021-04-01 17:30:00"
"201709",18,"37.47","2021-05-10 12:45:00"
"201809",18,"37.69","2021-05-10 13:00:00"
"201819",18,"28.21","2021-04-01 17:45:00"
"201923",18,"27.38","2021-04-01 18:00:00"
"203016",18,"35.61","2021-02-27 12:30:00"
"203070",18,"35.52","2021-02-27 12:45:00"
"203124",18,"36.77","2021-02-27 13:00:00"
"203178",18,"37.3","2021-02-27 13:15:00"
"203232",18,"36.16","2021-02-27 13:30:00"
"203286",18,"36.58","2021-02-27 13:45:00"
"203340",18,"37.62","2021-02-27 14:00:00"
"203394",18,"38.32","2021-02-27 14:15:00"
"203448",18,"37.52","2021-02-27 14:30:00"
"203502",18,"37.28","2021-02-27 14:45:00"
"204647",18,"15.4","2021-06-22 05:30:00"
"204795",18,"15.45","2021-06-22 05:45:00"
"204970",18,"15.39","2021-06-22 06:00:00"
"204776",18,"21.86","2021-04-01 20:45:00"
"204855",18,"21.61","2021-04-01 21:00:00"
"204928",18,"21.35","2021-04-01 21:15:00"
"205011",18,"21.05","2021-04-01 21:30:00"
"205086",18,"20.79","2021-04-01 21:45:00"
"205140",18,"20.54","2021-04-01 22:00:00"
"208345",18,"15.09","2021-06-22 06:15:00"
"208452",18,"14.89","2021-06-22 06:30:00"
"206290",18,"29.43","2021-05-10 17:15:00"
"206344",18,"27.93","2021-05-10 17:30:00"
"206398",18,"26.49","2021-05-10 17:45:00"
"206452",18,"25.35","2021-05-10 18:00:00"
"206506",18,"24.7","2021-05-10 18:15:00"
"206560",18,"24.5","2021-05-10 18:30:00"
"206614",18,"24.5","2021-05-10 18:45:00"
"206668",18,"24.34","2021-05-10 19:00:00"
"206722",18,"24.01","2021-05-10 19:15:00"
"206776",18,"23.65","2021-05-10 19:30:00"
"208590",18,"17.26","2021-04-02 04:00:00"
"208714",18,"17.18","2021-04-02 04:15:00"
"208568",18,"14.95","2021-06-22 06:45:00"
"208710",18,"15.03","2021-06-22 07:00:00"
"208852",18,"15.11","2021-06-22 07:15:00"
"208745",18,"23.37","2021-05-10 19:45:00"
"208942",18,"23.07","2021-05-10 20:00:00"
"209133",18,"22.78","2021-05-10 20:15:00"
"208868",18,"17.07","2021-04-02 04:30:00"
"209014",18,"16.95","2021-04-02 04:45:00"
"209170",18,"16.85","2021-04-02 05:00:00"
"210166",18,"18.38","2021-06-22 09:30:00"
"210255",18,"19.5","2021-06-22 09:45:00"
"210409",18,"18.37","2021-05-10 23:00:00"
"210548",18,"18.16","2021-05-10 23:15:00"
"210339",18,"20.8","2021-06-22 10:00:00"
"210419",18,"21.8","2021-06-22 10:15:00"
"210509",18,"22.91","2021-06-22 10:30:00"
"210591",18,"23.15","2021-06-22 10:45:00"
"213082",18,"23.5","2021-06-22 11:00:00"
"211755",18,"21.93","2021-02-28 00:00:00"
"211416",18,"16.55","2021-04-02 05:45:00"
"211497",18,"16.48","2021-04-02 06:00:00"
"211577",18,"16.36","2021-04-02 06:15:00"
"211666",18,"16.28","2021-04-02 06:30:00"
"211747",18,"16.25","2021-04-02 06:45:00"
"216758",18,"32.81","2021-04-02 14:45:00"
"218812",18,"33.04","2021-04-02 15:00:00"
"218866",18,"33.23","2021-04-02 15:15:00"
"216882",18,"14.57","2021-05-11 05:15:00"
"216936",18,"14.41","2021-05-11 05:30:00"
"216990",18,"14.33","2021-05-11 05:45:00"
"217044",18,"14.24","2021-05-11 06:00:00"
"217098",18,"14.16","2021-05-11 06:15:00"
"217152",18,"14.09","2021-05-11 06:30:00"
"217206",18,"14.09","2021-05-11 06:45:00"
"217260",18,"14.13","2021-05-11 07:00:00"
"218392",18,"20.34","2021-06-22 18:15:00"
"218446",18,"19.94","2021-06-22 18:30:00"
"218500",18,"19.62","2021-06-22 18:45:00"
"218554",18,"19.29","2021-06-22 19:00:00"
"218608",18,"18.93","2021-06-22 19:15:00"
"218662",18,"18.82","2021-06-22 19:30:00"
"218716",18,"18.93","2021-06-22 19:45:00"
"218770",18,"18.84","2021-06-22 20:00:00"
"218920",18,"33.27","2021-04-02 15:30:00"
"218974",18,"33.15","2021-04-02 15:45:00"
"220714",18,"25.3","2021-02-28 10:15:00"
"220768",18,"25.53","2021-02-28 10:30:00"
"220854",18,"25.04","2021-05-11 09:45:00"
"220908",18,"26.49","2021-05-11 10:00:00"
"220962",18,"27.97","2021-05-11 10:15:00"
"221016",18,"29.32","2021-05-11 10:30:00"
"221070",18,"30.85","2021-05-11 10:45:00"
"221124",18,"31.98","2021-05-11 11:00:00"
"221178",18,"32.79","2021-05-11 11:15:00"
"221232",18,"33.99","2021-05-11 11:30:00"
"222379",18,"17.67","2021-06-22 22:45:00"
"222513",18,"17.26","2021-06-22 23:00:00"
"222620",18,"17.01","2021-06-22 23:15:00"
"222431",18,"25.77","2021-02-28 10:45:00"
"222514",18,"25.89","2021-02-28 11:00:00"
"222623",18,"25.76","2021-02-28 11:15:00"
"222727",18,"25.75","2021-02-28 11:30:00"
"222843",18,"26.9","2021-02-28 11:45:00"
"222769",18,"16.78","2021-06-22 23:30:00"
"222915",18,"16.61","2021-06-22 23:45:00"
"223938",18,"21.99","2021-04-02 21:15:00"
"224041",18,"21.7","2021-04-02 21:30:00"
"224104",18,"28.8","2021-02-28 14:30:00"
"224140",18,"21.45","2021-04-02 21:45:00"
"224203",18,"28.89","2021-02-28 14:45:00"
"224259",18,"21.22","2021-04-02 22:00:00"
"224364",18,"21.02","2021-04-02 22:15:00"
"224432",18,"20.78","2021-04-02 22:30:00"
"224308",18,"29.47","2021-02-28 15:00:00"
"224867",18,"29.17","2021-02-28 15:15:00"
"224975",18,"28.8","2021-02-28 15:30:00"
"225091",18,"28.7","2021-02-28 15:45:00"
"225201",18,"28.33","2021-02-28 16:00:00"
"225126",18,"33.47","2021-05-11 15:00:00"
"225237",18,"34.71","2021-05-11 15:15:00"
"225335",18,"28.02","2021-02-28 16:15:00"
"225513",18,"27.86","2021-02-28 16:30:00"
"225715",18,"27.56","2021-02-28 16:45:00"
"225391",18,"35.28","2021-05-11 15:30:00"
"225615",18,"35.31","2021-05-11 15:45:00"
"225813",18,"34.92","2021-05-11 16:00:00"
"226972",18,"15.65","2021-06-23 02:45:00"
"227203",18,"15.57","2021-06-23 03:00:00"
"227027",18,"25.58","2021-02-28 18:15:00"
"227254",18,"25.22","2021-02-28 18:30:00"
"227065",18,"18.73","2021-04-03 02:00:00"
"227270",18,"18.65","2021-04-03 02:15:00"
"227103",18,"29.03","2021-05-11 17:30:00"
"227285",18,"27.87","2021-05-11 17:45:00"
"228348",18,"15.09","2021-06-23 04:15:00"
"228502",18,"14.91","2021-06-23 04:30:00"
"228636",18,"14.75","2021-06-23 04:45:00"
"228591",18,"17.9","2021-04-03 04:30:00"
"228797",18,"17.83","2021-04-03 04:45:00"
"228883",18,"17.68","2021-04-03 05:00:00"
"228714",18,"14.49","2021-06-23 05:00:00"
"228768",18,"14.29","2021-06-23 05:15:00"
"228803",18,"25.6","2021-05-11 18:45:00"
"228960",18,"25.39","2021-05-11 19:00:00"
"229143",18,"25.04","2021-05-11 19:15:00"
"230283",18,"22.65","2021-05-11 20:45:00"
"230463",18,"22.3","2021-05-11 21:00:00"
"230147",18,"21.84","2021-04-03 09:00:00"
"230265",18,"23.01","2021-04-03 09:15:00"
"232808",18,"24.07","2021-04-03 09:30:00"
"230335",18,"22.68","2021-02-28 20:15:00"
"230413",18,"22.68","2021-02-28 20:30:00"
"230495",18,"22.71","2021-02-28 20:45:00"
"230573",18,"22.73","2021-02-28 21:00:00"
"186277",18,"19.38","2021-03-31 23:00:00"
"186414",18,"19.19","2021-03-31 23:15:00"
"186448",18,"28.45","2021-02-26 19:00:00"
"186588",18,"27.9","2021-02-26 19:15:00"
"187554",18,"17.93","2021-04-01 01:15:00"
"187649",18,"17.76","2021-04-01 01:30:00"
"187750",18,"17.6","2021-04-01 01:45:00"
"187773",18,"25.02","2021-02-26 21:30:00"
"189627",18,"24.78","2021-02-26 21:45:00"
"187862",18,"20.45","2021-05-09 20:45:00"
"187916",18,"20.21","2021-05-09 21:00:00"
"187970",18,"19.99","2021-05-09 21:15:00"
"188024",18,"19.76","2021-05-09 21:30:00"
"188078",18,"19.54","2021-05-09 21:45:00"
"188672",18,"16.94","2021-05-10 00:30:00"
"188726",18,"16.62","2021-05-10 00:45:00"
"188780",18,"16.38","2021-05-10 01:00:00"
"188832",18,"13.09","2021-06-21 07:15:00"
"188886",18,"13.04","2021-06-21 07:30:00"
"188940",18,"13.11","2021-06-21 07:45:00"
"188994",18,"13.38","2021-06-21 08:00:00"
"189048",18,"13.81","2021-06-21 08:15:00"
"189102",18,"14.23","2021-06-21 08:30:00"
"189157",18,"14.64","2021-06-21 08:45:00"
"189252",18,"14.85","2021-06-21 09:00:00"
"189805",18,"24.54","2021-02-26 22:00:00"
"189968",18,"24.35","2021-02-26 22:15:00"
"190141",18,"24.15","2021-02-26 22:30:00"
"189898",18,"16.74","2021-04-01 03:15:00"
"190050",18,"16.62","2021-04-01 03:30:00"
"190215",18,"16.51","2021-04-01 03:45:00"
"190132",18,"17.88","2021-06-21 10:30:00"
"190342",18,"18.57","2021-06-21 10:45:00"
"190275",18,"23.93","2021-02-26 22:45:00"
"190436",18,"23.72","2021-02-26 23:00:00"
"191396",18,"20.25","2021-06-21 11:45:00"
"191586",18,"20.41","2021-06-21 12:00:00"
"191033",18,"22.97","2021-02-27 00:00:00"
"191144",18,"22.81","2021-02-27 00:15:00"
"191248",18,"22.65","2021-02-27 00:30:00"
"191081",18,"16.05","2021-04-01 05:15:00"
"191189",18,"15.96","2021-04-01 05:30:00"
"191297",18,"15.84","2021-04-01 05:45:00"
"191419",18,"22.5","2021-02-27 00:45:00"
"191450",18,"15.75","2021-04-01 06:00:00"
"192019",18,"15.74","2021-05-10 01:45:00"
"192239",18,"15.53","2021-05-10 02:00:00"
"192455",18,"15.35","2021-05-10 02:15:00"
"192096",18,"22.04","2021-02-27 01:30:00"
"192287",18,"21.9","2021-02-27 01:45:00"
"192474",18,"21.77","2021-02-27 02:00:00"
"192128",18,"22.9","2021-06-21 13:00:00"
"192247",18,"23.47","2021-06-21 13:15:00"
"192367",18,"23.36","2021-06-21 13:30:00"
"192484",18,"22.96","2021-06-21 13:45:00"
"192587",18,"22.21","2021-06-21 14:00:00"
"193536",18,"14.4","2021-05-10 04:30:00"
"193590",18,"14.41","2021-05-10 04:45:00"
"193644",18,"14.42","2021-05-10 05:00:00"
"193698",18,"14.35","2021-05-10 05:15:00"
"193752",18,"14.07","2021-05-10 05:30:00"
"196751",18,"14.03","2021-05-10 05:45:00"
"196860",18,"13.88","2021-05-10 06:00:00"
"193846",18,"15.49","2021-04-01 06:45:00"
"193900",18,"15.48","2021-04-01 07:00:00"
"193954",18,"15.59","2021-04-01 07:15:00"
"195155",18,"17.9","2021-06-21 18:00:00"
"195314",18,"17.68","2021-06-21 18:15:00"
"195454",18,"17.47","2021-06-21 18:30:00"
"195356",18,"21.42","2021-02-27 02:45:00"
"195441",18,"21.31","2021-02-27 03:00:00"
"195523",18,"21.23","2021-02-27 03:15:00"
"195593",18,"17.34","2021-06-21 18:45:00"
"195768",18,"17.25","2021-06-21 19:00:00"
"195614",18,"21.14","2021-02-27 03:30:00"
"195692",18,"21.04","2021-02-27 03:45:00"
"196914",18,"13.64","2021-05-10 06:15:00"
"196968",18,"13.42","2021-05-10 06:30:00"
"197022",18,"13.3","2021-05-10 06:45:00"
"197076",18,"13.16","2021-05-10 07:00:00"
"197130",18,"13.2","2021-05-10 07:15:00"
"197184",18,"13.59","2021-05-10 07:30:00"
"197238",18,"14.05","2021-05-10 07:45:00"
"197292",18,"15.06","2021-05-10 08:00:00"
"197346",18,"16.64","2021-05-10 08:15:00"
"197400",18,"18.07","2021-05-10 08:30:00"
"197454",18,"19.27","2021-05-10 08:45:00"
"198520",18,"31.99","2021-04-01 14:30:00"
"198574",18,"32.41","2021-04-01 14:45:00"
"198628",18,"32.71","2021-04-01 15:00:00"
"198682",18,"32.88","2021-04-01 15:15:00"
"198736",18,"32.66","2021-04-01 15:30:00"
"200923",18,"32.25","2021-04-01 15:45:00"
"201013",18,"32.12","2021-04-01 16:00:00"
"201119",18,"31.69","2021-04-01 16:15:00"
"198882",18,"20.43","2021-02-27 07:15:00"
"198936",18,"20.54","2021-02-27 07:30:00"
"198990",18,"20.89","2021-02-27 07:45:00"
"200126",18,"15.93","2021-06-21 22:30:00"
"200180",18,"15.93","2021-06-21 22:45:00"
"200234",18,"15.93","2021-06-21 23:00:00"
"200288",18,"15.86","2021-06-21 23:15:00"
"200342",18,"15.84","2021-06-21 23:30:00"
"200396",18,"15.84","2021-06-21 23:45:00"
"200450",18,"15.85","2021-06-22 00:00:00"
"200504",18,"15.87","2021-06-22 00:15:00"
"200558",18,"15.85","2021-06-22 00:30:00"
"200612",18,"15.85","2021-06-22 00:45:00"
"202572",18,"31.93","2021-05-10 14:45:00"
"205623",18,"32.04","2021-05-10 15:00:00"
"202565",18,"23.58","2021-04-01 19:30:00"
"202654",18,"23.13","2021-04-01 19:45:00"
"202708",18,"22.74","2021-04-01 20:00:00"
"202762",18,"22.42","2021-04-01 20:15:00"
"204691",18,"22.14","2021-04-01 20:30:00"
"202854",18,"32.35","2021-02-27 11:45:00"
"202908",18,"33.61","2021-02-27 12:00:00"
"202962",18,"35.21","2021-02-27 12:15:00"
"204098",18,"15.29","2021-06-22 03:00:00"
"204152",18,"15.38","2021-06-22 03:15:00"
"204206",18,"15.19","2021-06-22 03:30:00"
"204260",18,"15.15","2021-06-22 03:45:00"
"204314",18,"15.22","2021-06-22 04:00:00"
"204368",18,"15.31","2021-06-22 04:15:00"
"204422",18,"15.35","2021-06-22 04:30:00"
"204476",18,"15.29","2021-06-22 04:45:00"
"204530",18,"15.34","2021-06-22 05:00:00"
"204584",18,"15.34","2021-06-22 05:15:00"
"205736",18,"33.07","2021-05-10 15:15:00"
"205842",18,"32.06","2021-05-10 15:30:00"
"205952",18,"32.32","2021-05-10 15:45:00"
"205891",18,"18.53","2021-04-02 00:45:00"
"207764",18,"18.39","2021-04-02 01:00:00"
"206020",18,"33.93","2021-05-10 16:00:00"
"206074",18,"32.15","2021-05-10 16:15:00"
"206128",18,"32","2021-05-10 16:30:00"
"206182",18,"31.58","2021-05-10 16:45:00"
"206236",18,"30.81","2021-05-10 17:00:00"
"207366",18,"27","2021-02-27 18:45:00"
"207420",18,"26.65","2021-02-27 19:00:00"
"207474",18,"26.26","2021-02-27 19:15:00"
"207528",18,"25.77","2021-02-27 19:30:00"
"207582",18,"25.36","2021-02-27 19:45:00"
"207636",18,"25.01","2021-02-27 20:00:00"
"207690",18,"24.73","2021-02-27 20:15:00"
"207744",18,"24.5","2021-02-27 20:30:00"
"210798",18,"24.28","2021-02-27 20:45:00"
"210852",18,"24.08","2021-02-27 21:00:00"
"208999",18,"15.2","2021-06-22 07:30:00"
"209146",18,"15.3","2021-06-22 07:45:00"
"209301",18,"15.57","2021-06-22 08:00:00"
"209305",18,"22.25","2021-05-10 20:30:00"
"209490",18,"21.53","2021-05-10 20:45:00"
"209337",18,"16.71","2021-04-02 05:15:00"
"209487",18,"16.57","2021-04-02 05:30:00"
"209454",18,"15.84","2021-06-22 08:15:00"
"209580",18,"16.33","2021-06-22 08:30:00"
"210640",18,"17.98","2021-05-10 23:30:00"
"210694",18,"17.77","2021-05-10 23:45:00"
"210748",18,"17.61","2021-05-11 00:00:00"
"212802",18,"17.4","2021-05-11 00:15:00"
"212856",18,"17.21","2021-05-11 00:30:00"
"210906",18,"23.89","2021-02-27 21:15:00"
"210960",18,"23.7","2021-02-27 21:30:00"
"211014",18,"23.53","2021-02-27 21:45:00"
"211068",18,"23.39","2021-02-27 22:00:00"
"211122",18,"23.26","2021-02-27 22:15:00"
"211176",18,"23.06","2021-02-27 22:30:00"
"212239",18,"18.4","2021-04-02 08:15:00"
"212320",18,"19.28","2021-04-02 08:30:00"
"212399",18,"19.65","2021-04-02 08:45:00"
"212482",18,"20.55","2021-04-02 09:00:00"
"212559",18,"21.67","2021-04-02 09:15:00"
"212624",18,"22.71","2021-04-02 09:30:00"
"212560",18,"21.33","2021-02-28 01:15:00"
"214824",18,"21.23","2021-02-28 01:30:00"
"212678",18,"23.81","2021-04-02 09:45:00"
"212732",18,"24.77","2021-04-02 10:00:00"
"213403",18,"23.89","2021-06-22 12:00:00"
"213471",18,"24.7","2021-06-22 12:15:00"
"213551",18,"25.11","2021-06-22 12:30:00"
"213624",18,"25.28","2021-06-22 12:45:00"
"213709",18,"24.08","2021-06-22 13:00:00"
"213717",18,"16.18","2021-05-11 02:15:00"
"213888",18,"16","2021-05-11 02:30:00"
"213790",18,"24.99","2021-06-22 13:15:00"
"213867",18,"25.12","2021-06-22 13:30:00"
"213945",18,"25.54","2021-06-22 13:45:00"
"214504",18,"15.53","2021-05-11 03:30:00"
"214558",18,"15.42","2021-05-11 03:45:00"
"214612",18,"15.23","2021-05-11 04:00:00"
"214666",18,"15.09","2021-05-11 04:15:00"
"214720",18,"15.03","2021-05-11 04:30:00"
"214774",18,"14.92","2021-05-11 04:45:00"
"216828",18,"14.81","2021-05-11 05:00:00"
"214878",18,"21.14","2021-02-28 01:45:00"
"214932",18,"21.05","2021-02-28 02:00:00"
"214986",18,"20.95","2021-02-28 02:15:00"
"215580",18,"20.91","2021-02-28 05:00:00"
"215634",18,"20.91","2021-02-28 05:15:00"
"215748",18,"20.91","2021-02-28 05:30:00"
"215899",18,"20.87","2021-02-28 05:45:00"
"219223",18,"20.82","2021-02-28 06:00:00"
"215915",18,"28.38","2021-04-02 11:00:00"
"215998",18,"29.23","2021-04-02 11:15:00"
"216056",18,"30.09","2021-04-02 11:30:00"
"216110",18,"30.96","2021-04-02 11:45:00"
"216164",18,"31.49","2021-04-02 12:00:00"
"217314",18,"14.18","2021-05-11 07:15:00"
"217368",18,"14.43","2021-05-11 07:30:00"
"217422",18,"14.9","2021-05-11 07:45:00"
"217476",18,"15.97","2021-05-11 08:00:00"
"217530",18,"17.58","2021-05-11 08:15:00"
"217584",18,"18.84","2021-05-11 08:30:00"
"217638",18,"19.87","2021-05-11 08:45:00"
"217692",18,"21.27","2021-05-11 09:00:00"
"217746",18,"22.83","2021-05-11 09:15:00"
"220800",18,"24.03","2021-05-11 09:30:00"
"219028",18,"32.8","2021-04-02 16:00:00"
"219082",18,"32.53","2021-04-02 16:15:00"
"219136",18,"32.2","2021-04-02 16:30:00"
"219191",18,"31.68","2021-04-02 16:45:00"
"219308",18,"31.21","2021-04-02 17:00:00"
"219319",18,"20.86","2021-02-28 06:15:00"
"219414",18,"20.89","2021-02-28 06:30:00"
"219515",18,"20.96","2021-02-28 06:45:00"
"219433",18,"30.62","2021-04-02 17:15:00"
"219547",18,"29.88","2021-04-02 17:30:00"
"219645",18,"29.15","2021-04-02 17:45:00"
"220137",18,"21.73","2021-02-28 08:15:00"
"220241",18,"22.41","2021-02-28 08:30:00"
"220335",18,"24.73","2021-04-02 19:15:00"
"222687",18,"24.3","2021-04-02 19:30:00"
"220344",18,"22.94","2021-02-28 08:45:00"
"220443",18,"23.31","2021-02-28 09:00:00"
"220498",18,"23.78","2021-02-28 09:15:00"
"220552",18,"24.11","2021-02-28 09:30:00"
"220606",18,"24.54","2021-02-28 09:45:00"
"220660",18,"24.82","2021-02-28 10:00:00"
"221876",18,"37.78","2021-05-11 13:45:00"
"222017",18,"36.87","2021-05-11 14:00:00"
"221954",18,"18.34","2021-06-22 21:00:00"
"222039",18,"18.09","2021-06-22 21:15:00"
"222094",18,"18.01","2021-06-22 21:30:00"
"222148",18,"17.76","2021-06-22 21:45:00"
"222202",18,"17.62","2021-06-22 22:00:00"
"222256",18,"17.82","2021-06-22 22:15:00"
"222310",18,"17.91","2021-06-22 22:30:00"
"225308",18,"16.45","2021-06-23 00:45:00"
"225480",18,"16.46","2021-06-23 01:00:00"
"225674",18,"16.31","2021-06-23 01:15:00"
"223568",18,"22.83","2021-04-02 20:30:00"
"223701",18,"22.55","2021-04-02 20:45:00"
"223821",18,"22.27","2021-04-02 21:00:00"
"223595",18,"30.13","2021-02-28 13:15:00"
"223680",18,"29.73","2021-02-28 13:30:00"
"223779",18,"28.28","2021-02-28 13:45:00"
"223867",18,"27.48","2021-02-28 14:00:00"
"223982",18,"28.33","2021-02-28 14:15:00"
"225906",18,"16.15","2021-06-23 01:30:00"
"226093",18,"16.17","2021-06-23 01:45:00"
"225954",18,"27.39","2021-02-28 17:00:00"
"226185",18,"27.12","2021-02-28 17:15:00"
"225776",18,"19.42","2021-04-03 00:30:00"
"225967",18,"19.29","2021-04-03 00:45:00"
"226182",18,"19.15","2021-04-03 01:00:00"
"226041",18,"34.31","2021-05-11 16:15:00"
"226255",18,"33.72","2021-05-11 16:30:00"
"227448",18,"26.73","2021-05-11 18:00:00"
"227616",18,"26.09","2021-05-11 18:15:00"
"227774",18,"25.78","2021-05-11 18:30:00"
"227461",18,"18.58","2021-04-03 02:30:00"
"227661",18,"18.51","2021-04-03 02:45:00"
"227892",18,"18.46","2021-04-03 03:00:00"
"227486",18,"15.46","2021-06-23 03:15:00"
"227742",18,"15.34","2021-06-23 03:30:00"
"227956",18,"15.28","2021-06-23 03:45:00"
"227534",18,"24.9","2021-02-28 18:45:00"
"227797",18,"24.59","2021-02-28 19:00:00"
"228010",18,"24.31","2021-02-28 19:15:00"
"228962",18,"17.54","2021-04-03 05:15:00"
"229038",18,"17.42","2021-04-03 05:30:00"
"229115",18,"17.33","2021-04-03 05:45:00"
"229191",18,"17.25","2021-04-03 06:00:00"
"229259",18,"17.15","2021-04-03 06:15:00"
"229357",18,"24.72","2021-05-11 19:30:00"
"229520",18,"24.48","2021-05-11 19:45:00"
"229332",18,"17.01","2021-04-03 06:30:00"
"229415",18,"16.93","2021-04-03 06:45:00"
"230656",18,"22.38","2021-05-11 21:15:00"
"230833",18,"22.62","2021-05-11 21:30:00"
"230996",18,"22.68","2021-05-11 21:45:00"
"230723",18,"22.54","2021-02-28 21:30:00"
"230644",18,"22.65","2021-02-28 21:15:00"
"231770",18,"22.13","2021-05-11 23:15:00"
"233824",18,"21.95","2021-05-11 23:30:00"
"233878",18,"21.81","2021-05-11 23:45:00"
"231822",18,"14.09","2021-06-23 05:30:00"
"231876",18,"13.94","2021-06-23 05:45:00"
"231930",18,"13.84","2021-06-23 06:00:00"
"231984",18,"13.74","2021-06-23 06:15:00"
"232038",18,"13.72","2021-06-23 06:30:00"
"232092",18,"13.62","2021-06-23 06:45:00"
"232146",18,"13.49","2021-06-23 07:00:00"
"232200",18,"13.4","2021-06-23 07:15:00"
"237260",18,"31.24","2021-04-03 17:15:00"
"237361",18,"30.35","2021-04-03 17:30:00"
"237453",18,"29.56","2021-04-03 17:45:00"
"237358",18,"24.05","2021-06-23 13:45:00"
"237481",18,"23.81","2021-06-23 14:00:00"
"237571",18,"23.68","2021-06-23 14:15:00"
"237582",18,"28.77","2021-04-03 18:00:00"
"237681",18,"28.02","2021-04-03 18:15:00"
"237685",18,"23.84","2021-06-23 14:30:00"
"239822",18,"23.58","2021-06-23 14:45:00"
"239957",18,"22.62","2021-06-23 15:00:00"
"238904",18,"19.38","2021-05-12 04:30:00"
"238958",18,"19.49","2021-05-12 04:45:00"
"242790",18,"27.21","2021-03-01 09:45:00"
"242844",18,"27.59","2021-03-01 10:00:00"
"239012",18,"19.54","2021-05-12 05:00:00"
"239066",18,"19.54","2021-05-12 05:15:00"
"239120",18,"19.6","2021-05-12 05:30:00"
"239174",18,"19.63","2021-05-12 05:45:00"
"239228",18,"19.7","2021-05-12 06:00:00"
"240047",18,"22.43","2021-06-23 15:15:00"
"240121",18,"22.75","2021-06-23 15:30:00"
"240103",18,"25.91","2021-04-03 19:15:00"
"240276",18,"25.51","2021-04-03 19:30:00"
"240202",18,"22.91","2021-06-23 15:45:00"
"240278",18,"22.84","2021-06-23 16:00:00"
"240355",18,"22.43","2021-06-23 16:15:00"
"240438",18,"22.12","2021-06-23 16:30:00"
"240512",18,"21.59","2021-06-23 16:45:00"
"241616",18,"22.23","2021-04-03 22:30:00"
"241670",18,"22.02","2021-04-03 22:45:00"
"241724",18,"21.83","2021-04-03 23:00:00"
"241778",18,"21.65","2021-04-03 23:15:00"
"244903",18,"21.47","2021-04-03 23:30:00"
"241822",18,"21.28","2021-05-12 08:45:00"
"241876",18,"21.53","2021-05-12 09:00:00"
"241930",18,"21.98","2021-05-12 09:15:00"
"241984",18,"22.72","2021-05-12 09:30:00"
"242038",18,"23.46","2021-05-12 09:45:00"
"242092",18,"23.59","2021-05-12 10:00:00"
"243330",18,"31.47","2021-03-01 12:15:00"
"243384",18,"32.29","2021-03-01 12:30:00"
"243438",18,"32.85","2021-03-01 12:45:00"
"243492",18,"32.84","2021-03-01 13:00:00"
"243546",18,"33.17","2021-03-01 13:15:00"
"243600",18,"32.82","2021-03-01 13:30:00"
"243654",18,"33.52","2021-03-01 13:45:00"
"243708",18,"34.31","2021-03-01 14:00:00"
"243762",18,"34.72","2021-03-01 14:15:00"
"244870",18,"34.23","2021-03-01 14:30:00"
"245102",18,"21.3","2021-04-03 23:45:00"
"245271",18,"21.17","2021-04-04 00:00:00"
"245004",18,"34.42","2021-03-01 14:45:00"
"245146",18,"33.71","2021-03-01 15:00:00"
"245302",18,"31.13","2021-03-01 15:15:00"
"245356",18,"20.9","2021-05-12 14:00:00"
"245490",18,"20.87","2021-05-12 14:15:00"
"245541",18,"27.91","2021-03-01 15:30:00"
"245755",18,"26.92","2021-03-01 15:45:00"
"245995",18,"26.78","2021-03-01 16:00:00"
"246201",18,"26.82","2021-03-01 16:15:00"
"246390",18,"27.63","2021-03-01 16:30:00"
"246278",18,"20.25","2021-05-12 15:15:00"
"246487",18,"20.29","2021-05-12 15:30:00"
"246676",18,"20.11","2021-05-12 15:45:00"
"246415",18,"13.53","2021-06-24 00:45:00"
"246602",18,"13.49","2021-06-24 01:00:00"
"246445",18,"20.58","2021-04-04 01:30:00"
"246669",18,"20.45","2021-04-04 01:45:00"
"246881",18,"20.31","2021-04-04 02:00:00"
"248286",18,"26.63","2021-03-01 18:45:00"
"248797",18,"26.01","2021-03-01 19:00:00"
"248479",18,"18.81","2021-05-12 17:45:00"
"248863",18,"18.7","2021-05-12 18:00:00"
"248940",18,"18.58","2021-05-12 18:15:00"
"248520",18,"12.62","2021-06-24 03:15:00"
"248574",18,"12.49","2021-06-24 03:30:00"
"248628",18,"12.35","2021-06-24 03:45:00"
"248682",18,"12.26","2021-06-24 04:00:00"
"248736",18,"12.17","2021-06-24 04:15:00"
"249928",18,"23.42","2021-03-01 21:15:00"
"250030",18,"23.18","2021-03-01 21:30:00"
"250001",18,"17.08","2021-05-12 21:00:00"
"250097",18,"17.09","2021-05-12 21:15:00"
"250186",18,"17.13","2021-05-12 21:30:00"
"250169",18,"22.99","2021-03-01 21:45:00"
"250261",18,"22.83","2021-03-01 22:00:00"
"250370",18,"22.72","2021-03-01 22:15:00"
"250310",18,"16.96","2021-05-12 21:45:00"
"250418",18,"16.63","2021-05-12 22:00:00"
"251571",18,"11.39","2021-06-24 05:45:00"
"251678",18,"11.35","2021-06-24 06:00:00"
"251792",18,"11.28","2021-06-24 06:15:00"
"251779",18,"18.12","2021-04-04 06:45:00"
"251883",18,"18.12","2021-04-04 07:00:00"
"251905",18,"11.15","2021-06-24 06:30:00"
"252009",18,"10.99","2021-06-24 06:45:00"
"251994",18,"18.21","2021-04-04 07:15:00"
"252105",18,"18.34","2021-04-04 07:30:00"
"252226",18,"18.58","2021-04-04 07:45:00"
"253170",18,"14.97","2021-05-13 00:15:00"
"253224",18,"15.41","2021-05-13 00:30:00"
"253278",18,"15.77","2021-05-13 00:45:00"
"253332",18,"15.99","2021-05-13 01:00:00"
"253386",18,"16.12","2021-05-13 01:15:00"
"253440",18,"16.23","2021-05-13 01:30:00"
"253494",18,"16.33","2021-05-13 01:45:00"
"253548",18,"16.4","2021-05-13 02:00:00"
"253602",18,"16.46","2021-05-13 02:15:00"
"253685",18,"16.51","2021-05-13 02:30:00"
"257786",18,"20.69","2021-03-02 04:15:00"
"257840",18,"20.78","2021-03-02 04:30:00"
"257894",18,"20.87","2021-03-02 04:45:00"
"254924",18,"18.52","2021-06-24 09:45:00"
"254978",18,"19.39","2021-06-24 10:00:00"
"255032",18,"20.02","2021-06-24 10:15:00"
"211914",18,"21.79","2021-02-28 00:15:00"
"211829",18,"16.28","2021-04-02 07:00:00"
"211911",18,"16.32","2021-04-02 07:15:00"
"211991",18,"16.43","2021-04-02 07:30:00"
"212081",18,"16.76","2021-04-02 07:45:00"
"212159",18,"17.59","2021-04-02 08:00:00"
"212062",18,"21.67","2021-02-28 00:30:00"
"212232",18,"21.56","2021-02-28 00:45:00"
"212395",18,"21.44","2021-02-28 01:00:00"
"215667",18,"25.76","2021-04-02 10:15:00"
"215747",18,"26.69","2021-04-02 10:30:00"
"215824",18,"27.61","2021-04-02 10:45:00"
"212910",18,"17.1","2021-05-11 00:45:00"
"212964",18,"16.93","2021-05-11 01:00:00"
"213022",18,"16.76","2021-05-11 01:15:00"
"213207",18,"16.52","2021-05-11 01:30:00"
"213356",18,"16.37","2021-05-11 01:45:00"
"213548",18,"16.26","2021-05-11 02:00:00"
"213156",18,"23.12","2021-06-22 11:15:00"
"213234",18,"22.78","2021-06-22 11:30:00"
"213319",18,"22.92","2021-06-22 11:45:00"
"214020",18,"25.44","2021-06-22 14:00:00"
"214103",18,"25.58","2021-06-22 14:15:00"
"214063",18,"15.83","2021-05-11 02:45:00"
"214228",18,"15.68","2021-05-11 03:00:00"
"214410",18,"15.57","2021-05-11 03:15:00"
"214184",18,"25.42","2021-06-22 14:30:00"
"214262",18,"24.92","2021-06-22 14:45:00"
"214335",18,"24.68","2021-06-22 15:00:00"
"214415",18,"24.59","2021-06-22 15:15:00"
"217798",18,"24.3","2021-06-22 15:30:00"
"215040",18,"20.86","2021-02-28 02:30:00"
"215094",18,"20.78","2021-02-28 02:45:00"
"215148",18,"20.77","2021-02-28 03:00:00"
"215202",18,"20.77","2021-02-28 03:15:00"
"215256",18,"20.82","2021-02-28 03:30:00"
"215310",18,"20.87","2021-02-28 03:45:00"
"215364",18,"20.91","2021-02-28 04:00:00"
"215418",18,"20.91","2021-02-28 04:15:00"
"215472",18,"20.87","2021-02-28 04:30:00"
"215526",18,"20.88","2021-02-28 04:45:00"
"216218",18,"32.09","2021-04-02 12:15:00"
"216272",18,"32.66","2021-04-02 12:30:00"
"216326",18,"33.17","2021-04-02 12:45:00"
"216380",18,"33.44","2021-04-02 13:00:00"
"216434",18,"33.33","2021-04-02 13:15:00"
"216488",18,"33.03","2021-04-02 13:30:00"
"216542",18,"32.54","2021-04-02 13:45:00"
"216596",18,"32.16","2021-04-02 14:00:00"
"216650",18,"32.34","2021-04-02 14:15:00"
"216704",18,"32.57","2021-04-02 14:30:00"
"217852",18,"23.79","2021-06-22 15:45:00"
"217906",18,"24.09","2021-06-22 16:00:00"
"217960",18,"23.88","2021-06-22 16:15:00"
"218014",18,"23.24","2021-06-22 16:30:00"
"218068",18,"22.68","2021-06-22 16:45:00"
"218122",18,"22.31","2021-06-22 17:00:00"
"218176",18,"21.93","2021-06-22 17:15:00"
"218230",18,"21.63","2021-06-22 17:30:00"
"218284",18,"21.19","2021-06-22 17:45:00"
"218338",18,"20.81","2021-06-22 18:00:00"
"219631",18,"21.07","2021-02-28 07:00:00"
"219722",18,"21.18","2021-02-28 07:15:00"
"219775",18,"28.34","2021-04-02 18:00:00"
"219908",18,"27.52","2021-04-02 18:15:00"
"219824",18,"21.25","2021-02-28 07:30:00"
"219907",18,"21.32","2021-02-28 07:45:00"
"220006",18,"21.44","2021-02-28 08:00:00"
"220030",18,"26.69","2021-04-02 18:30:00"
"220110",18,"25.96","2021-04-02 18:45:00"
"220221",18,"25.28","2021-04-02 19:00:00"
"221286",18,"35.15","2021-05-11 11:45:00"
"221340",18,"36.22","2021-05-11 12:00:00"
"221394",18,"37.19","2021-05-11 12:15:00"
"221448",18,"37.85","2021-05-11 12:30:00"
"221502",18,"38.46","2021-05-11 12:45:00"
"221556",18,"38.78","2021-05-11 13:00:00"
"221610",18,"38.72","2021-05-11 13:15:00"
"221708",18,"38.64","2021-05-11 13:30:00"
"221707",18,"18.64","2021-06-22 20:15:00"
"221784",18,"18.59","2021-06-22 20:30:00"
"221866",18,"18.48","2021-06-22 20:45:00"
"222959",18,"23.9","2021-04-02 19:45:00"
"223273",18,"23.52","2021-04-02 20:00:00"
"223452",18,"23.17","2021-04-02 20:15:00"
"222981",18,"27.55","2021-02-28 12:00:00"
"223104",18,"29.21","2021-02-28 12:15:00"
"223232",18,"29.31","2021-02-28 12:30:00"
"223053",18,"16.56","2021-06-23 00:00:00"
"223187",18,"16.66","2021-06-23 00:15:00"
"223322",18,"16.54","2021-06-23 00:30:00"
"223373",18,"28.93","2021-02-28 12:45:00"
"223492",18,"30.69","2021-02-28 13:00:00"
"224486",18,"20.58","2021-04-02 22:45:00"
"224540",18,"20.41","2021-04-02 23:00:00"
"224594",18,"20.23","2021-04-02 23:15:00"
"224648",18,"20.07","2021-04-02 23:30:00"
"224702",18,"19.87","2021-04-02 23:45:00"
"224756",18,"19.71","2021-04-03 00:00:00"
"225539",18,"19.57","2021-04-03 00:15:00"
"224826",18,"36.39","2021-05-11 14:15:00"
"224927",18,"34.38","2021-05-11 14:30:00"
"225029",18,"32.63","2021-05-11 14:45:00"
"226326",18,"16.25","2021-06-23 02:00:00"
"226544",18,"16.1","2021-06-23 02:15:00"
"226762",18,"15.86","2021-06-23 02:30:00"
"226398",18,"19.03","2021-04-03 01:15:00"
"226596",18,"18.93","2021-04-03 01:30:00"
"226826",18,"18.83","2021-04-03 01:45:00"
"226405",18,"26.73","2021-02-28 17:30:00"
"226607",18,"26.39","2021-02-28 17:45:00"
"226798",18,"25.99","2021-02-28 18:00:00"
"226473",18,"32.88","2021-05-11 16:45:00"
"226708",18,"31.86","2021-05-11 17:00:00"
"226903",18,"30.45","2021-05-11 17:15:00"
"228169",18,"15.19","2021-06-23 04:00:00"
"228233",18,"23.29","2021-02-28 19:30:00"
"228246",18,"18.26","2021-04-03 03:45:00"
"228016",18,"18.41","2021-04-03 03:15:00"
"228121",18,"18.35","2021-04-03 03:30:00"
"228395",18,"22.79","2021-02-28 19:45:00"
"230193",18,"22.71","2021-02-28 20:00:00"
"228385",18,"18.11","2021-04-03 04:00:00"
"228498",18,"17.97","2021-04-03 04:15:00"
"229493",18,"16.95","2021-04-03 07:00:00"
"229570",18,"17.11","2021-04-03 07:15:00"
"229647",18,"17.34","2021-04-03 07:30:00"
"229705",18,"24.23","2021-05-11 20:00:00"
"229833",18,"23.88","2021-05-11 20:15:00"
"230005",18,"23.26","2021-05-11 20:30:00"
"229723",18,"17.68","2021-04-03 07:45:00"
"229807",18,"18.46","2021-04-03 08:00:00"
"229901",18,"19.27","2021-04-03 08:15:00"
"229979",18,"20.39","2021-04-03 08:30:00"
"230056",18,"21.08","2021-04-03 08:45:00"
"231107",18,"22.1","2021-02-28 22:45:00"
"231181",18,"22.05","2021-02-28 23:00:00"
"231264",18,"21.98","2021-02-28 23:15:00"
"231337",18,"21.95","2021-02-28 23:30:00"
"231414",18,"21.9","2021-02-28 23:45:00"
"231492",18,"21.84","2021-03-01 00:00:00"
"231568",18,"21.79","2021-03-01 00:15:00"
"234112",18,"21.74","2021-03-01 00:30:00"
"231662",18,"22.35","2021-05-11 22:45:00"
"231716",18,"22.34","2021-05-11 23:00:00"
"235794",18,"20.13","2021-06-23 10:00:00"
"235851",18,"20.61","2021-06-23 10:15:00"
"235950",18,"21.35","2021-06-23 10:30:00"
"232862",18,"25.12","2021-04-03 09:45:00"
"232916",18,"26.16","2021-04-03 10:00:00"
"232970",18,"27.09","2021-04-03 10:15:00"
"233024",18,"28.03","2021-04-03 10:30:00"
"233078",18,"28.88","2021-04-03 10:45:00"
"233132",18,"30","2021-04-03 11:00:00"
"233186",18,"30.85","2021-04-03 11:15:00"
"233780",18,"33.25","2021-04-03 14:00:00"
"235961",18,"33.46","2021-04-03 14:15:00"
"236063",18,"33.72","2021-04-03 14:30:00"
"233932",18,"21.66","2021-05-12 00:00:00"
"233986",18,"21.54","2021-05-12 00:15:00"
"234040",18,"21.46","2021-05-12 00:30:00"
"234095",18,"21.34","2021-05-12 00:45:00"
"234261",18,"21","2021-05-12 01:00:00"
"234193",18,"21.59","2021-03-01 00:45:00"
"234271",18,"21.36","2021-03-01 01:00:00"
"234344",18,"21.18","2021-03-01 01:15:00"
"234815",18,"20.54","2021-05-12 01:45:00"
"234970",18,"20.18","2021-05-12 02:00:00"
"235151",18,"20.29","2021-05-12 02:15:00"
"234969",18,"20.28","2021-03-01 03:15:00"
"235045",18,"20.17","2021-03-01 03:30:00"
"235122",18,"20.07","2021-03-01 03:45:00"
"235202",18,"19.99","2021-03-01 04:00:00"
"235282",18,"19.92","2021-03-01 04:15:00"
"235322",18,"20.52","2021-05-12 02:30:00"
"235502",18,"20.55","2021-05-12 02:45:00"
"236173",18,"34.05","2021-04-03 14:45:00"
"236276",18,"34.2","2021-04-03 15:00:00"
"236373",18,"34.33","2021-04-03 15:15:00"
"236283",18,"22.8","2021-06-23 11:15:00"
"236396",18,"22.35","2021-06-23 11:30:00"
"236491",18,"23.04","2021-06-23 11:45:00"
"236501",18,"34.42","2021-04-03 15:30:00"
"236592",18,"34.2","2021-04-03 15:45:00"
"236615",18,"23.86","2021-06-23 12:00:00"
"236717",18,"24.22","2021-06-23 12:15:00"
"237752",18,"27.34","2021-04-03 18:30:00"
"239868",18,"26.77","2021-04-03 18:45:00"
"239949",18,"26.3","2021-04-03 19:00:00"
"237818",18,"19.67","2021-03-01 05:15:00"
"237872",18,"19.67","2021-03-01 05:30:00"
"237926",18,"19.84","2021-03-01 05:45:00"
"237980",18,"19.96","2021-03-01 06:00:00"
"238034",18,"19.89","2021-03-01 06:15:00"
"238088",18,"19.75","2021-03-01 06:30:00"
"238142",18,"19.81","2021-03-01 06:45:00"
"238196",18,"20.02","2021-03-01 07:00:00"
"239282",18,"19.75","2021-05-12 06:15:00"
"239336",18,"19.76","2021-05-12 06:30:00"
"239390",18,"19.7","2021-05-12 06:45:00"
"239444",18,"19.63","2021-05-12 07:00:00"
"239498",18,"19.66","2021-05-12 07:15:00"
"239552",18,"19.83","2021-05-12 07:30:00"
"239606",18,"20.19","2021-05-12 07:45:00"
"239660",18,"20.37","2021-05-12 08:00:00"
"239714",18,"20.61","2021-05-12 08:15:00"
"239768",18,"21.21","2021-05-12 08:30:00"
"240970",18,"17.99","2021-06-23 18:15:00"
"241047",18,"17.6","2021-06-23 18:30:00"
"241124",18,"17.26","2021-06-23 18:45:00"
"241209",18,"16.96","2021-06-23 19:00:00"
"243792",18,"16.7","2021-06-23 19:15:00"
"241346",18,"23.26","2021-04-03 21:15:00"
"241400",18,"23.03","2021-04-03 21:30:00"
"241454",18,"22.84","2021-04-03 21:45:00"
"241508",18,"22.63","2021-04-03 22:00:00"
"241562",18,"22.43","2021-04-03 22:15:00"
"242686",18,"24.23","2021-05-12 12:45:00"
"242740",18,"24.13","2021-05-12 13:00:00"
"242898",18,"28.41","2021-03-01 10:15:00"
"242952",18,"29.4","2021-03-01 10:30:00"
"243006",18,"29.93","2021-03-01 10:45:00"
"243060",18,"30.39","2021-03-01 11:00:00"
"243114",18,"30.9","2021-03-01 11:15:00"
"243168",18,"31.25","2021-03-01 11:30:00"
"243222",18,"31.7","2021-03-01 11:45:00"
"243276",18,"31.82","2021-03-01 12:00:00"
"244440",18,"14.65","2021-06-23 22:15:00"
"244494",18,"14.52","2021-06-23 22:30:00"
"244548",18,"14.38","2021-06-23 22:45:00"
"244602",18,"14.23","2021-06-23 23:00:00"
"244656",18,"14.11","2021-06-23 23:15:00"
"244710",18,"13.98","2021-06-23 23:30:00"
"244764",18,"13.88","2021-06-23 23:45:00"
"244871",18,"23.48","2021-05-12 13:15:00"
"245035",18,"22.75","2021-05-12 13:30:00"
"245201",18,"22.01","2021-05-12 13:45:00"
"246645",18,"28.7","2021-03-01 16:45:00"
"246790",18,"29.43","2021-03-01 17:00:00"
"247008",18,"29.89","2021-03-01 17:15:00"
"246934",18,"20.02","2021-05-12 16:00:00"
"247171",18,"19.84","2021-05-12 16:15:00"
"246849",18,"13.45","2021-06-24 01:15:00"
"247042",18,"13.36","2021-06-24 01:30:00"
"247257",18,"13.31","2021-06-24 01:45:00"
"247084",18,"20.21","2021-04-04 02:15:00"
"247295",18,"20.1","2021-04-04 02:30:00"
"247514",18,"20","2021-04-04 02:45:00"
"247665",18,"28.76","2021-03-01 18:00:00"
"247882",18,"27.91","2021-03-01 18:15:00"
"248077",18,"27.21","2021-03-01 18:30:00"
"248074",18,"18.97","2021-05-12 17:15:00"
"248267",18,"18.91","2021-05-12 17:30:00"
"248154",18,"12.89","2021-06-24 02:45:00"
"248397",18,"12.77","2021-06-24 03:00:00"
"248114",18,"19.66","2021-04-04 03:30:00"
"248332",18,"19.55","2021-04-04 03:45:00"
"250804",18,"19.42","2021-04-04 04:00:00"
"249354",18,"24.35","2021-03-01 20:00:00"
"249486",18,"24.16","2021-03-01 20:15:00"
"249467",18,"17.85","2021-05-12 19:45:00"
"249558",18,"17.79","2021-05-12 20:00:00"
"249614",18,"23.99","2021-03-01 20:30:00"
"249718",18,"23.82","2021-03-01 20:45:00"
"249815",18,"23.65","2021-03-01 21:00:00"
"249665",18,"17.71","2021-05-12 20:15:00"
"249785",18,"17.39","2021-05-12 20:30:00"
"249886",18,"17.13","2021-05-12 20:45:00"
"250966",18,"19.1","2021-04-04 04:45:00"
"251027",18,"19","2021-04-04 05:00:00"
"251151",18,"18.89","2021-04-04 05:15:00"
"251253",18,"18.76","2021-04-04 05:30:00"
"251352",18,"18.58","2021-04-04 05:45:00"
"251355",18,"11.56","2021-06-24 05:15:00"
"251456",18,"11.46","2021-06-24 05:30:00"
"251467",18,"18.45","2021-04-04 06:00:00"
"251568",18,"18.37","2021-04-04 06:15:00"
"251677",18,"18.22","2021-04-04 06:30:00"
"255188",18,"21.58","2021-04-04 08:45:00"
"255296",18,"22.21","2021-04-04 09:00:00"
"252762",18,"15.13","2021-06-24 09:00:00"
"254816",18,"16.12","2021-06-24 09:15:00"
"254870",18,"17.26","2021-06-24 09:30:00"
"252900",18,"15.44","2021-05-12 23:00:00"
"252954",18,"15.19","2021-05-12 23:15:00"
"253008",18,"14.93","2021-05-12 23:30:00"
"253062",18,"14.7","2021-05-12 23:45:00"
"253116",18,"14.67","2021-05-13 00:00:00"
"254246",18,"21.7","2021-03-02 01:45:00"
"254300",18,"21.56","2021-03-02 02:00:00"
"254354",18,"21.42","2021-03-02 02:15:00"
"254408",18,"21.29","2021-03-02 02:30:00"
"254462",18,"21.17","2021-03-02 02:45:00"
"255088",18,"20.92","2021-06-24 10:30:00"
"255190",18,"21.76","2021-06-24 10:45:00"
"255299",18,"22.9","2021-06-24 11:00:00"
"255431",18,"23.96","2021-06-24 11:15:00"
"260952",18,"16.67","2021-05-13 08:30:00"
"261006",18,"17.71","2021-05-13 08:45:00"
"261060",18,"18.54","2021-05-13 09:00:00"
"261114",18,"19.28","2021-05-13 09:15:00"
"261168",18,"19.83","2021-05-13 09:30:00"
"261222",18,"20.75","2021-05-13 09:45:00"
"261276",18,"20.58","2021-05-13 10:00:00"
"261330",18,"20.75","2021-05-13 10:15:00"
"261384",18,"21.54","2021-05-13 10:30:00"
"261438",18,"21.97","2021-05-13 10:45:00"
"262568",18,"33.53","2021-03-02 12:30:00"
"262622",18,"33.99","2021-03-02 12:45:00"
"262676",18,"34.54","2021-03-02 13:00:00"
"262730",18,"34.94","2021-03-02 13:15:00"
"265784",18,"34.3","2021-03-02 13:30:00"
"262814",18,"19.3","2021-06-24 18:30:00"
"262868",18,"18.86","2021-06-24 18:45:00"
"262922",18,"18.61","2021-06-24 19:00:00"
"262976",18,"18.45","2021-06-24 19:15:00"
"263030",18,"18.35","2021-06-24 19:30:00"
"263084",18,"18.27","2021-06-24 19:45:00"
"264152",18,"25.28","2021-04-04 19:30:00"
"264250",18,"24.92","2021-04-04 19:45:00"
"264418",18,"24.59","2021-04-04 20:00:00"
"264397",18,"23.4","2021-05-13 13:00:00"
"264473",18,"23.1","2021-05-13 13:15:00"
"264617",18,"24.27","2021-04-04 20:15:00"
"264782",18,"24.01","2021-04-04 20:30:00"
"264543",18,"22.63","2021-05-13 13:30:00"
"264621",18,"22.09","2021-05-13 13:45:00"
"264700",18,"22.69","2021-05-13 14:00:00"
"265310",18,"22.82","2021-05-13 15:30:00"
"265416",18,"22.28","2021-05-13 15:45:00"
"265525",18,"22.38","2021-05-13 16:00:00"
"265446",18,"22.7","2021-04-04 22:00:00"
"265545",18,"22.53","2021-04-04 22:15:00"
"268800",18,"22.38","2021-04-04 22:30:00"
"265626",18,"22.25","2021-05-13 16:15:00"
"265680",18,"21.23","2021-05-13 16:30:00"
"265734",18,"20.68","2021-05-13 16:45:00"
"267788",18,"20.35","2021-05-13 17:00:00"
"267842",18,"19.63","2021-05-13 17:15:00"
"267060",18,"17.19","2021-06-25 01:00:00"
"267137",18,"17.33","2021-06-25 01:15:00"
"267209",18,"17.4","2021-06-25 01:30:00"
"267364",18,"28.27","2021-03-02 17:45:00"
"267527",18,"27.65","2021-03-02 18:00:00"
"267277",18,"17.39","2021-06-25 01:45:00"
"267352",18,"17.37","2021-06-25 02:00:00"
"267439",18,"17.39","2021-06-25 02:15:00"
"267514",18,"17.34","2021-06-25 02:30:00"
"267589",18,"17.23","2021-06-25 02:45:00"
"268166",18,"16.4","2021-05-13 18:45:00"
"268220",18,"16.11","2021-05-13 19:00:00"
"268274",18,"15.84","2021-05-13 19:15:00"
"268328",18,"15.54","2021-05-13 19:30:00"
"268382",18,"15.28","2021-05-13 19:45:00"
"268436",18,"15.03","2021-05-13 20:00:00"
"268490",18,"14.83","2021-05-13 20:15:00"
"268544",18,"14.64","2021-05-13 20:30:00"
"268598",18,"14.47","2021-05-13 20:45:00"
"268652",18,"14.32","2021-05-13 21:00:00"
"269920",18,"16.63","2021-06-25 04:15:00"
"269974",18,"16.67","2021-06-25 04:30:00"
"270028",18,"16.66","2021-06-25 04:45:00"
"270082",18,"16.56","2021-06-25 05:00:00"
"270136",18,"16.39","2021-06-25 05:15:00"
"270190",18,"16.27","2021-06-25 05:30:00"
"270244",18,"16.2","2021-06-25 05:45:00"
"270298",18,"16.06","2021-06-25 06:00:00"
"270352",18,"16.1","2021-06-25 06:15:00"
"270406",18,"15.89","2021-06-25 06:30:00"
"271547",18,"13.6","2021-05-13 23:15:00"
"271648",18,"13.5","2021-05-13 23:30:00"
"271659",18,"24.27","2021-03-02 20:15:00"
"271760",18,"24.07","2021-03-02 20:30:00"
"271763",18,"13.4","2021-05-13 23:45:00"
"271887",18,"13.29","2021-05-14 00:00:00"
"272002",18,"13.21","2021-05-14 00:15:00"
"271853",18,"23.93","2021-03-02 20:45:00"
"271952",18,"23.82","2021-03-02 21:00:00"
"272052",18,"23.66","2021-03-02 21:15:00"
"273096",18,"19.17","2021-04-05 04:30:00"
"273190",18,"19.07","2021-04-05 04:45:00"
"273314",18,"12.33","2021-05-14 02:30:00"
"273461",18,"12.15","2021-05-14 02:45:00"
"273436",18,"17.56","2021-06-25 08:45:00"
"273704",18,"17.97","2021-06-25 09:00:00"
"273377",18,"19.01","2021-04-05 05:00:00"
"273526",18,"18.93","2021-04-05 05:15:00"
"273648",18,"18.86","2021-04-05 05:30:00"
"274665",18,"24.03","2021-06-25 10:30:00"
"274818",18,"25.36","2021-06-25 10:45:00"
"275031",18,"25.31","2021-06-25 11:00:00"
"274904",18,"10.9","2021-05-14 05:00:00"
"275092",18,"10.73","2021-05-14 05:15:00"
"230801",18,"22.46","2021-02-28 21:45:00"
"230883",18,"22.33","2021-02-28 22:00:00"
"230961",18,"22.21","2021-02-28 22:15:00"
"231037",18,"22.14","2021-02-28 22:30:00"
"231205",18,"22.61","2021-05-11 22:00:00"
"231378",18,"22.39","2021-05-11 22:15:00"
"231549",18,"22.34","2021-05-11 22:30:00"
"232254",18,"13.38","2021-06-23 07:30:00"
"232308",18,"13.49","2021-06-23 07:45:00"
"232362",18,"13.88","2021-06-23 08:00:00"
"232416",18,"14.54","2021-06-23 08:15:00"
"232470",18,"15.31","2021-06-23 08:30:00"
"232524",18,"15.94","2021-06-23 08:45:00"
"232578",18,"16.66","2021-06-23 09:00:00"
"232632",18,"17.25","2021-06-23 09:15:00"
"232686",18,"18.28","2021-06-23 09:30:00"
"232740",18,"19.29","2021-06-23 09:45:00"
"233240",18,"31.74","2021-04-03 11:30:00"
"233294",18,"32.56","2021-04-03 11:45:00"
"233348",18,"33.32","2021-04-03 12:00:00"
"233402",18,"34.01","2021-04-03 12:15:00"
"233456",18,"34.61","2021-04-03 12:30:00"
"233510",18,"34.94","2021-04-03 12:45:00"
"233564",18,"34.97","2021-04-03 13:00:00"
"233618",18,"34.55","2021-04-03 13:15:00"
"233672",18,"34.19","2021-04-03 13:30:00"
"233726",18,"33.64","2021-04-03 13:45:00"
"234454",18,"20.77","2021-05-12 01:15:00"
"234613",18,"20.65","2021-05-12 01:30:00"
"234419",18,"21.08","2021-03-01 01:30:00"
"234501",18,"20.98","2021-03-01 01:45:00"
"234581",18,"20.86","2021-03-01 02:00:00"
"234664",18,"20.74","2021-03-01 02:15:00"
"234730",18,"20.63","2021-03-01 02:30:00"
"234805",18,"20.52","2021-03-01 02:45:00"
"234889",18,"20.41","2021-03-01 03:00:00"
"235361",18,"19.87","2021-03-01 04:30:00"
"235438",18,"19.81","2021-03-01 04:45:00"
"235514",18,"19.74","2021-03-01 05:00:00"
"235580",18,"20.24","2021-05-12 03:00:00"
"235634",18,"19.87","2021-05-12 03:15:00"
"235688",18,"19.69","2021-05-12 03:30:00"
"235742",18,"19.27","2021-05-12 03:45:00"
"238682",18,"18.97","2021-05-12 04:00:00"
"238815",18,"19.1","2021-05-12 04:15:00"
"236064",18,"21.97","2021-06-23 10:45:00"
"236170",18,"22.35","2021-06-23 11:00:00"
"236706",18,"34.05","2021-04-03 16:00:00"
"236810",18,"33.66","2021-04-03 16:15:00"
"236907",18,"33.05","2021-04-03 16:30:00"
"236829",18,"24.5","2021-06-23 12:30:00"
"236943",18,"24.82","2021-06-23 12:45:00"
"237038",18,"25.13","2021-06-23 13:00:00"
"237034",18,"32.56","2021-04-03 16:45:00"
"237147",18,"32.03","2021-04-03 17:00:00"
"237140",18,"24.98","2021-06-23 13:15:00"
"237243",18,"25.17","2021-06-23 13:30:00"
"238250",18,"20.23","2021-03-01 07:15:00"
"238304",18,"20.52","2021-03-01 07:30:00"
"238358",18,"20.76","2021-03-01 07:45:00"
"238412",18,"20.92","2021-03-01 08:00:00"
"238466",18,"21.05","2021-03-01 08:15:00"
"238520",18,"21.57","2021-03-01 08:30:00"
"238574",18,"22.67","2021-03-01 08:45:00"
"238628",18,"23.26","2021-03-01 09:00:00"
"238713",18,"23.99","2021-03-01 09:15:00"
"238795",18,"25.81","2021-03-01 09:30:00"
"240445",18,"25.13","2021-04-03 19:45:00"
"240640",18,"24.76","2021-04-03 20:00:00"
"240802",18,"24.42","2021-04-03 20:15:00"
"240584",18,"21.06","2021-06-23 17:00:00"
"240662",18,"20.44","2021-06-23 17:15:00"
"240739",18,"19.69","2021-06-23 17:30:00"
"240823",18,"19.03","2021-06-23 17:45:00"
"240899",18,"18.47","2021-06-23 18:00:00"
"241001",18,"24.09","2021-04-03 20:30:00"
"241169",18,"23.79","2021-04-03 20:45:00"
"241292",18,"23.52","2021-04-03 21:00:00"
"242146",18,"23.23","2021-05-12 10:15:00"
"242200",18,"22.91","2021-05-12 10:30:00"
"242254",18,"22.97","2021-05-12 10:45:00"
"242308",18,"23.18","2021-05-12 11:00:00"
"242362",18,"23.25","2021-05-12 11:15:00"
"242416",18,"23.27","2021-05-12 11:30:00"
"242470",18,"23.64","2021-05-12 11:45:00"
"242524",18,"24.68","2021-05-12 12:00:00"
"242578",18,"24.53","2021-05-12 12:15:00"
"242632",18,"24.06","2021-05-12 12:30:00"
"243846",18,"16.46","2021-06-23 19:30:00"
"243900",18,"16.23","2021-06-23 19:45:00"
"243954",18,"16","2021-06-23 20:00:00"
"244008",18,"15.82","2021-06-23 20:15:00"
"244062",18,"15.65","2021-06-23 20:30:00"
"244116",18,"15.53","2021-06-23 20:45:00"
"244170",18,"15.4","2021-06-23 21:00:00"
"244224",18,"15.27","2021-06-23 21:15:00"
"244278",18,"15.11","2021-06-23 21:30:00"
"244332",18,"14.91","2021-06-23 21:45:00"
"244386",18,"14.76","2021-06-23 22:00:00"
"245424",18,"21.08","2021-04-04 00:15:00"
"245563",18,"20.96","2021-04-04 00:30:00"
"245738",18,"20.87","2021-04-04 00:45:00"
"245646",18,"20.77","2021-05-12 14:30:00"
"245841",18,"20.49","2021-05-12 14:45:00"
"246045",18,"20.29","2021-05-12 15:00:00"
"245798",18,"13.78","2021-06-24 00:00:00"
"245994",18,"13.69","2021-06-24 00:15:00"
"246207",18,"13.61","2021-06-24 00:30:00"
"245964",18,"20.78","2021-04-04 01:00:00"
"246176",18,"20.69","2021-04-04 01:15:00"
"247236",18,"29.73","2021-03-01 17:30:00"
"247423",18,"29.36","2021-03-01 17:45:00"
"247399",18,"19.71","2021-05-12 16:30:00"
"247626",18,"19.48","2021-05-12 16:45:00"
"247848",18,"19.12","2021-05-12 17:00:00"
"247498",18,"13.25","2021-06-24 02:00:00"
"247668",18,"13.17","2021-06-24 02:15:00"
"247920",18,"13.03","2021-06-24 02:30:00"
"247715",18,"19.9","2021-04-04 03:00:00"
"247892",18,"19.79","2021-04-04 03:15:00"
"251032",18,"12.11","2021-06-24 04:30:00"
"251126",18,"11.97","2021-06-24 04:45:00"
"251238",18,"11.77","2021-06-24 05:00:00"
"248922",18,"25.38","2021-03-01 19:15:00"
"249100",18,"24.93","2021-03-01 19:30:00"
"249229",18,"24.57","2021-03-01 19:45:00"
"249022",18,"18.47","2021-05-12 18:30:00"
"249097",18,"18.36","2021-05-12 18:45:00"
"249177",18,"18.25","2021-05-12 19:00:00"
"249286",18,"18.14","2021-05-12 19:15:00"
"249377",18,"17.95","2021-05-12 19:30:00"
"250472",18,"22.62","2021-03-01 22:30:00"
"250574",18,"22.56","2021-03-01 22:45:00"
"250652",18,"22.55","2021-03-01 23:00:00"
"250536",18,"16.25","2021-05-12 22:15:00"
"252792",18,"15.89","2021-05-12 22:30:00"
"252846",18,"15.64","2021-05-12 22:45:00"
"250706",18,"22.48","2021-03-01 23:15:00"
"250760",18,"22.4","2021-03-01 23:30:00"
"250858",18,"19.31","2021-04-04 04:15:00"
"250912",18,"19.2","2021-04-04 04:30:00"
"252118",18,"10.9","2021-06-24 07:00:00"
"252209",18,"10.85","2021-06-24 07:15:00"
"252314",18,"10.89","2021-06-24 07:30:00"
"252338",18,"19.2","2021-04-04 08:00:00"
"252460",18,"19.94","2021-04-04 08:15:00"
"252599",18,"20.91","2021-04-04 08:30:00"
"252419",18,"11.17","2021-06-24 07:45:00"
"252503",18,"11.65","2021-06-24 08:00:00"
"252590",18,"12.24","2021-06-24 08:15:00"
"252654",18,"13.13","2021-06-24 08:30:00"
"252708",18,"14.22","2021-06-24 08:45:00"
"253699",18,"22.29","2021-03-01 23:45:00"
"253785",18,"22.19","2021-03-02 00:00:00"
"253914",18,"22.13","2021-03-02 00:15:00"
"253812",18,"16.56","2021-05-13 02:45:00"
"253898",18,"16.58","2021-05-13 03:00:00"
"256818",18,"16.54","2021-05-13 03:15:00"
"253976",18,"22.09","2021-03-02 00:30:00"
"254030",18,"22.05","2021-03-02 00:45:00"
"254084",18,"21.97","2021-03-02 01:00:00"
"254138",18,"21.87","2021-03-02 01:15:00"
"254192",18,"21.8","2021-03-02 01:30:00"
"255380",18,"23.42","2021-04-04 09:15:00"
"255488",18,"24.52","2021-04-04 09:30:00"
"255583",18,"25.41","2021-04-04 09:45:00"
"255547",18,"24.47","2021-06-24 11:30:00"
"255648",18,"25.12","2021-06-24 11:45:00"
"255735",18,"25.57","2021-06-24 12:00:00"
"255718",18,"26.12","2021-04-04 10:00:00"
"255862",18,"27.49","2021-04-04 10:15:00"
"255814",18,"25.89","2021-06-24 12:15:00"
"255930",18,"26.07","2021-06-24 12:30:00"
"256478",18,"31.67","2021-04-04 11:45:00"
"256532",18,"32.6","2021-04-04 12:00:00"
"256586",18,"33.15","2021-04-04 12:15:00"
"256640",18,"34.09","2021-04-04 12:30:00"
"256694",18,"34.45","2021-04-04 12:45:00"
"256748",18,"34.62","2021-04-04 13:00:00"
"259607",18,"34.52","2021-04-04 13:15:00"
"259705",18,"34.12","2021-04-04 13:30:00"
"256872",18,"16.49","2021-05-13 03:30:00"
"256926",18,"16.2","2021-05-13 03:45:00"
"257520",18,"15.13","2021-05-13 06:30:00"
"257574",18,"14.79","2021-05-13 06:45:00"
"257628",18,"14.41","2021-05-13 07:00:00"
"257682",18,"14.19","2021-05-13 07:15:00"
"257736",18,"14.09","2021-05-13 07:30:00"
"257948",18,"20.87","2021-03-02 05:00:00"
"258002",18,"20.77","2021-03-02 05:15:00"
"258056",18,"20.78","2021-03-02 05:30:00"
"258110",18,"20.77","2021-03-02 05:45:00"
"258164",18,"20.89","2021-03-02 06:00:00"
"258808",18,"24.59","2021-03-02 08:45:00"
"261812",18,"25.41","2021-03-02 09:00:00"
"258896",18,"25.57","2021-06-24 14:15:00"
"258950",18,"25.78","2021-06-24 14:30:00"
"259004",18,"25.29","2021-06-24 14:45:00"
"259058",18,"24.77","2021-06-24 15:00:00"
"259112",18,"25.2","2021-06-24 15:15:00"
"259166",18,"25.55","2021-06-24 15:30:00"
"259220",18,"25.54","2021-06-24 15:45:00"
"259872",18,"20.34","2021-06-24 18:00:00"
"259979",18,"19.76","2021-06-24 18:15:00"
"260072",18,"33.35","2021-04-04 14:30:00"
"260126",18,"33.26","2021-04-04 14:45:00"
"260180",18,"33.36","2021-04-04 15:00:00"
"260234",18,"33.62","2021-04-04 15:15:00"
"260288",18,"33.56","2021-04-04 15:30:00"
"260342",18,"33.09","2021-04-04 15:45:00"
"260396",18,"33.03","2021-04-04 16:00:00"
"261492",18,"21.49","2021-05-13 11:00:00"
"261546",18,"21.29","2021-05-13 11:15:00"
"261600",18,"21.89","2021-05-13 11:30:00"
"261654",18,"21.74","2021-05-13 11:45:00"
"261708",18,"22.23","2021-05-13 12:00:00"
"261762",18,"22","2021-05-13 12:15:00"
"264238",18,"22.14","2021-05-13 12:30:00"
"264318",18,"22.26","2021-05-13 12:45:00"
"261866",18,"25.4","2021-03-02 09:15:00"
"261920",18,"25.68","2021-03-02 09:30:00"
"261974",18,"26.02","2021-03-02 09:45:00"
"263138",18,"18.42","2021-06-24 20:00:00"
"263192",18,"18.44","2021-06-24 20:15:00"
"263246",18,"18.34","2021-06-24 20:30:00"
"263300",18,"18.17","2021-06-24 20:45:00"
"263354",18,"18.12","2021-06-24 21:00:00"
"263408",18,"18.04","2021-06-24 21:15:00"
"263483",18,"17.91","2021-06-24 21:30:00"
"263592",18,"17.91","2021-06-24 21:45:00"
"263700",18,"17.94","2021-06-24 22:00:00"
"263776",18,"17.75","2021-06-24 22:15:00"
"264781",18,"23.62","2021-05-13 14:15:00"
"264874",18,"22.6","2021-05-13 14:30:00"
"264978",18,"21.59","2021-05-13 14:45:00"
"264906",18,"23.77","2021-04-04 20:45:00"
"265010",18,"23.54","2021-04-04 21:00:00"
"265116",18,"23.3","2021-04-04 21:15:00"
"265094",18,"22.09","2021-05-13 15:00:00"
"265197",18,"22.34","2021-05-13 15:15:00"
"265230",18,"23.09","2021-04-04 21:30:00"
"265333",18,"22.9","2021-04-04 21:45:00"
"266448",18,"29.85","2021-03-02 16:30:00"
"266619",18,"29.26","2021-03-02 16:45:00"
"266674",18,"17.55","2021-06-24 23:45:00"
"266750",18,"17.45","2021-06-25 00:00:00"
"266789",18,"29.1","2021-03-02 17:00:00"
"266988",18,"29.06","2021-03-02 17:15:00"
"267146",18,"28.82","2021-03-02 17:30:00"
"266828",18,"17.34","2021-06-25 00:15:00"
"266898",18,"17.33","2021-06-25 00:30:00"
"266973",18,"17.15","2021-06-25 00:45:00"
"268706",18,"14.18","2021-05-13 21:15:00"
"268760",18,"14.05","2021-05-13 21:30:00"
"270875",18,"13.92","2021-05-13 21:45:00"
"268854",18,"22.23","2021-04-04 22:45:00"
"268908",18,"22.08","2021-04-04 23:00:00"
"268962",18,"21.94","2021-04-04 23:15:00"
"269016",18,"21.78","2021-04-04 23:30:00"
"269070",18,"21.65","2021-04-04 23:45:00"
"269124",18,"21.53","2021-04-05 00:00:00"
"269178",18,"21.39","2021-04-05 00:15:00"
"270460",18,"15.75","2021-06-25 06:45:00"
"270514",18,"15.66","2021-06-25 07:00:00"
"270568",18,"15.46","2021-06-25 07:15:00"
"270622",18,"15.51","2021-06-25 07:30:00"
"270676",18,"15.85","2021-06-25 07:45:00"
"270730",18,"16.24","2021-06-25 08:00:00"
"273133",18,"16.36","2021-06-25 08:15:00"
"273282",18,"17.03","2021-06-25 08:30:00"
"270811",18,"26.9","2021-03-02 18:15:00"
"270920",18,"26.2","2021-03-02 18:30:00"
"271019",18,"25.69","2021-03-02 18:45:00"
"272113",18,"13.12","2021-05-14 00:30:00"
"272214",18,"12.99","2021-05-14 00:45:00"
"272177",18,"23.48","2021-03-02 21:30:00"
"272281",18,"23.36","2021-03-02 21:45:00"
"272378",18,"23.31","2021-03-02 22:00:00"
"272331",18,"12.89","2021-05-14 01:00:00"
"272454",18,"12.81","2021-05-14 01:15:00"
"272561",18,"12.75","2021-05-14 01:30:00"
"272474",18,"23.31","2021-03-02 22:15:00"
"272584",18,"23.22","2021-03-02 22:30:00"
"273597",18,"11.93","2021-05-14 03:00:00"
"273748",18,"11.7","2021-05-14 03:15:00"
"273901",18,"11.55","2021-05-14 03:30:00"
"273813",18,"18.77","2021-04-05 05:45:00"
"273981",18,"18.6","2021-04-05 06:00:00"
"273859",18,"18.71","2021-06-25 09:15:00"
"274006",18,"20.03","2021-06-25 09:30:00"
"274162",18,"20.62","2021-06-25 09:45:00"
"274083",18,"11.45","2021-05-14 03:45:00"
"274226",18,"11.41","2021-05-14 04:00:00"
"277894",18,"18.89","2021-04-05 07:45:00"
"278066",18,"19.42","2021-04-05 08:00:00"
"275225",18,"25.19","2021-06-25 11:15:00"
"275389",18,"24.9","2021-06-25 11:30:00"
"280186",18,"21.53","2021-03-03 05:15:00"
"280240",18,"21.48","2021-03-03 05:30:00"
"280294",18,"21.45","2021-03-03 05:45:00"
"280348",18,"21.39","2021-03-03 06:00:00"
"280402",18,"21.32","2021-03-03 06:15:00"
"280456",18,"21.25","2021-03-03 06:30:00"
"280510",18,"21.23","2021-03-03 06:45:00"
"280564",18,"21.35","2021-03-03 07:00:00"
"280618",18,"21.56","2021-03-03 07:15:00"
"280672",18,"21.8","2021-03-03 07:30:00"
"282521",18,"32.02","2021-04-05 13:30:00"
"282670",18,"32.07","2021-04-05 13:45:00"
"282623",18,"18.47","2021-06-25 21:00:00"
"282782",18,"18.48","2021-06-25 21:15:00"
"282889",18,"25.73","2021-05-14 15:30:00"
"283085",18,"25.22","2021-05-14 15:45:00"
"283307",18,"24.55","2021-05-14 16:00:00"
"282905",18,"31.79","2021-04-05 14:00:00"
"283112",18,"31.99","2021-04-05 14:15:00"
"283323",18,"32.38","2021-04-05 14:30:00"
"284043",18,"32.88","2021-04-05 16:00:00"
"284137",18,"32.25","2021-04-05 16:15:00"
"284245",18,"32.37","2021-04-05 16:30:00"
"284093",18,"27.04","2021-03-03 10:15:00"
"284211",18,"27.82","2021-03-03 10:30:00"
"284312",18,"27.94","2021-03-03 10:45:00"
"284353",18,"31.68","2021-04-05 16:45:00"
"286628",18,"30.64","2021-04-05 17:00:00"
"284417",18,"28.19","2021-03-03 11:00:00"
"284482",18,"29.92","2021-03-03 11:15:00"
"285800",18,"18.32","2021-05-14 18:45:00"
"285909",18,"18.05","2021-05-14 19:00:00"
"286010",18,"17.79","2021-05-14 19:15:00"
"286030",18,"16.31","2021-06-26 00:45:00"
"286137",18,"16.31","2021-06-26 01:00:00"
"286248",18,"16.22","2021-06-26 01:15:00"
"286130",18,"17.34","2021-05-14 19:30:00"
"286238",18,"17.01","2021-05-14 19:45:00"
"286363",18,"16.18","2021-06-26 01:30:00"
"286481",18,"15.98","2021-06-26 01:45:00"
"287346",18,"31.46","2021-03-03 13:30:00"
"287470",18,"31.52","2021-03-03 13:45:00"
"287580",18,"25.52","2021-04-05 19:15:00"
"287677",18,"25.12","2021-04-05 19:30:00"
"287575",18,"31.69","2021-03-03 14:00:00"
"287694",18,"31.39","2021-03-03 14:15:00"
"287792",18,"30.86","2021-03-03 14:30:00"
"287795",18,"24.77","2021-04-05 19:45:00"
"287929",18,"24.46","2021-04-05 20:00:00"
"288044",18,"24.16","2021-04-05 20:15:00"
"288614",18,"23.16","2021-04-05 21:15:00"
"288768",18,"22.98","2021-04-05 21:30:00"
"288599",18,"29.31","2021-03-03 16:45:00"
"288677",18,"29.2","2021-03-03 17:00:00"
"288761",18,"28.87","2021-03-03 17:15:00"
"290723",18,"28.34","2021-03-03 17:30:00"
"290799",18,"27.79","2021-03-03 17:45:00"
"288890",18,"15.75","2021-05-14 21:15:00"
"288944",18,"15.7","2021-05-14 21:30:00"
"288998",18,"15.78","2021-05-14 21:45:00"
"290254",18,"15.52","2021-05-15 01:15:00"
"292808",18,"15.06","2021-05-15 01:30:00"
"290320",18,"14.48","2021-06-26 05:15:00"
"290374",18,"14.37","2021-06-26 05:30:00"
"290428",18,"14.32","2021-06-26 05:45:00"
"290482",18,"14.26","2021-06-26 06:00:00"
"290536",18,"14.12","2021-06-26 06:15:00"
"290590",18,"14","2021-06-26 06:30:00"
"290651",18,"13.91","2021-06-26 06:45:00"
"290814",18,"13.83","2021-06-26 07:00:00"
"291831",18,"24.04","2021-03-03 21:45:00"
"294228",18,"23.94","2021-03-03 22:00:00"
"294391",18,"23.87","2021-03-03 22:15:00"
"291984",18,"22.31","2021-04-05 22:30:00"
"292038",18,"22.19","2021-04-05 22:45:00"
"292092",18,"22.09","2021-04-05 23:00:00"
"292146",18,"21.99","2021-04-05 23:15:00"
"292200",18,"22.05","2021-04-05 23:30:00"
"292254",18,"22.12","2021-04-05 23:45:00"
"292308",18,"22.01","2021-04-06 00:00:00"
"293402",18,"12.87","2021-05-15 04:15:00"
"293456",18,"12.76","2021-05-15 04:30:00"
"293510",18,"12.6","2021-05-15 04:45:00"
"293564",18,"12.41","2021-05-15 05:00:00"
"293618",18,"12.23","2021-05-15 05:15:00"
"293672",18,"12.12","2021-05-15 05:30:00"
"293726",18,"12.14","2021-05-15 05:45:00"
"293780",18,"12.17","2021-05-15 06:00:00"
"293860",18,"13.98","2021-06-26 07:45:00"
"293914",18,"14.36","2021-06-26 08:00:00"
"293968",18,"15.07","2021-06-26 08:15:00"
"294505",18,"22.87","2021-06-26 10:15:00"
"294576",18,"23.91","2021-06-26 10:30:00"
"294658",18,"24.83","2021-06-26 10:45:00"
"294734",18,"25.7","2021-06-26 11:00:00"
"294813",18,"26.33","2021-06-26 11:15:00"
"294891",18,"26.76","2021-06-26 11:30:00"
"294963",18,"27.2","2021-06-26 11:45:00"
"295042",18,"26.64","2021-06-26 12:00:00"
"294964",18,"23.7","2021-03-03 23:00:00"
"295074",18,"23.63","2021-03-03 23:15:00"
"295128",18,"23.52","2021-03-03 23:30:00"
"296354",18,"19.96","2021-04-06 04:45:00"
"296469",18,"19.81","2021-04-06 05:00:00"
"296564",18,"19.64","2021-04-06 05:15:00"
"296412",18,"12.12","2021-05-15 06:15:00"
"296531",18,"12.1","2021-05-15 06:30:00"
"296638",18,"12.03","2021-05-15 06:45:00"
"296672",18,"19.45","2021-04-06 05:30:00"
"296777",18,"19.28","2021-04-06 05:45:00"
"296753",18,"12.16","2021-05-15 07:00:00"
"296860",18,"12.38","2021-05-15 07:15:00"
"297832",18,"27.84","2021-06-26 12:15:00"
"297886",18,"28.72","2021-06-26 12:30:00"
"297940",18,"29.33","2021-06-26 12:45:00"
"297994",18,"29.56","2021-06-26 13:00:00"
"298048",18,"29.83","2021-06-26 13:15:00"
"298102",18,"30.09","2021-06-26 13:30:00"
"298156",18,"29.93","2021-06-26 13:45:00"
"298210",18,"29.13","2021-06-26 14:00:00"
"254516",18,"21.08","2021-03-02 03:00:00"
"254570",18,"21","2021-03-02 03:15:00"
"254624",18,"20.91","2021-03-02 03:30:00"
"254678",18,"20.82","2021-03-02 03:45:00"
"254732",18,"20.72","2021-03-02 04:00:00"
"255968",18,"28.63","2021-04-04 10:30:00"
"256072",18,"29.64","2021-04-04 10:45:00"
"256191",18,"30.61","2021-04-04 11:00:00"
"256035",18,"25.97","2021-06-24 12:45:00"
"256133",18,"26.13","2021-06-24 13:00:00"
"256232",18,"26.5","2021-06-24 13:15:00"
"256306",18,"30.98","2021-04-04 11:15:00"
"256412",18,"31.51","2021-04-04 11:30:00"
"256343",18,"26.81","2021-06-24 13:30:00"
"258726",18,"26.84","2021-06-24 13:45:00"
"258840",18,"25.94","2021-06-24 14:00:00"
"256980",18,"15.94","2021-05-13 04:00:00"
"257034",18,"15.61","2021-05-13 04:15:00"
"257088",18,"15.17","2021-05-13 04:30:00"
"257142",18,"14.85","2021-05-13 04:45:00"
"257196",18,"14.61","2021-05-13 05:00:00"
"257250",18,"14.71","2021-05-13 05:15:00"
"257304",18,"14.96","2021-05-13 05:30:00"
"257358",18,"15.17","2021-05-13 05:45:00"
"257412",18,"15.31","2021-05-13 06:00:00"
"257466",18,"15.28","2021-05-13 06:15:00"
"258218",18,"21.03","2021-03-02 06:15:00"
"258272",18,"21.14","2021-03-02 06:30:00"
"258326",18,"21.24","2021-03-02 06:45:00"
"258380",18,"21.3","2021-03-02 07:00:00"
"258434",18,"21.34","2021-03-02 07:15:00"
"258488",18,"21.36","2021-03-02 07:30:00"
"258542",18,"21.49","2021-03-02 07:45:00"
"258596",18,"21.69","2021-03-02 08:00:00"
"258650",18,"22.1","2021-03-02 08:15:00"
"258705",18,"23.09","2021-03-02 08:30:00"
"259274",18,"24.92","2021-06-24 16:00:00"
"259328",18,"24.23","2021-06-24 16:15:00"
"259382",18,"23.69","2021-06-24 16:30:00"
"259436",18,"23.14","2021-06-24 16:45:00"
"259490",18,"22.63","2021-06-24 17:00:00"
"259544",18,"22.15","2021-06-24 17:15:00"
"259635",18,"21.59","2021-06-24 17:30:00"
"259754",18,"20.98","2021-06-24 17:45:00"
"259802",18,"33.55","2021-04-04 13:45:00"
"259904",18,"33.21","2021-04-04 14:00:00"
"260018",18,"33.29","2021-04-04 14:15:00"
"260450",18,"32.84","2021-04-04 16:15:00"
"260504",18,"32.66","2021-04-04 16:30:00"
"260558",18,"32.51","2021-04-04 16:45:00"
"260612",18,"31.34","2021-04-04 17:00:00"
"260666",18,"30.5","2021-04-04 17:15:00"
"260720",18,"30.04","2021-04-04 17:30:00"
"260774",18,"29.2","2021-04-04 17:45:00"
"263536",18,"28.37","2021-04-04 18:00:00"
"260790",18,"14.13","2021-05-13 07:45:00"
"260844",18,"14.6","2021-05-13 08:00:00"
"260898",18,"15.59","2021-05-13 08:15:00"
"262028",18,"26.34","2021-03-02 10:00:00"
"262082",18,"26.76","2021-03-02 10:15:00"
"262136",18,"27.27","2021-03-02 10:30:00"
"262190",18,"27.9","2021-03-02 10:45:00"
"262244",18,"28.29","2021-03-02 11:00:00"
"262298",18,"28.7","2021-03-02 11:15:00"
"262352",18,"29.01","2021-03-02 11:30:00"
"262406",18,"30.49","2021-03-02 11:45:00"
"262460",18,"32.06","2021-03-02 12:00:00"
"262514",18,"33.49","2021-03-02 12:15:00"
"263645",18,"27.71","2021-04-04 18:15:00"
"263787",18,"27.08","2021-04-04 18:30:00"
"263865",18,"17.55","2021-06-24 22:30:00"
"263940",18,"17.39","2021-06-24 22:45:00"
"263947",18,"26.52","2021-04-04 18:45:00"
"264044",18,"26.06","2021-04-04 19:00:00"
"264098",18,"25.66","2021-04-04 19:15:00"
"266434",18,"17.46","2021-06-24 23:00:00"
"266510",18,"17.55","2021-06-24 23:15:00"
"266589",18,"17.56","2021-06-24 23:30:00"
"265838",18,"34.42","2021-03-02 13:45:00"
"265892",18,"34.63","2021-03-02 14:00:00"
"265946",18,"34.72","2021-03-02 14:15:00"
"266000",18,"34.22","2021-03-02 14:30:00"
"266054",18,"34.81","2021-03-02 14:45:00"
"266108",18,"34.73","2021-03-02 15:00:00"
"266162",18,"34.82","2021-03-02 15:15:00"
"266216",18,"34.3","2021-03-02 15:30:00"
"266270",18,"33.59","2021-03-02 15:45:00"
"266324",18,"32.24","2021-03-02 16:00:00"
"266378",18,"31.11","2021-03-02 16:15:00"
"267650",18,"16.9","2021-06-25 03:00:00"
"267704",18,"16.51","2021-06-25 03:15:00"
"267758",18,"16.41","2021-06-25 03:30:00"
"269812",18,"16.71","2021-06-25 03:45:00"
"269866",18,"16.8","2021-06-25 04:00:00"
"267896",18,"19.04","2021-05-13 17:30:00"
"267950",18,"18.36","2021-05-13 17:45:00"
"268004",18,"17.72","2021-05-13 18:00:00"
"268058",18,"17.21","2021-05-13 18:15:00"
"268112",18,"16.77","2021-05-13 18:30:00"
"269232",18,"21.24","2021-04-05 00:30:00"
"269286",18,"21.09","2021-04-05 00:45:00"
"269340",18,"20.95","2021-04-05 01:00:00"
"269394",18,"20.84","2021-04-05 01:15:00"
"269448",18,"20.76","2021-04-05 01:30:00"
"269502",18,"20.66","2021-04-05 01:45:00"
"269556",18,"20.56","2021-04-05 02:00:00"
"269610",18,"20.44","2021-04-05 02:15:00"
"269664",18,"20.29","2021-04-05 02:30:00"
"269718",18,"20.15","2021-04-05 02:45:00"
"269772",18,"20.03","2021-04-05 03:00:00"
"270989",18,"13.84","2021-05-13 22:00:00"
"271092",18,"13.8","2021-05-13 22:15:00"
"271138",18,"25.26","2021-03-02 19:00:00"
"271240",18,"24.97","2021-03-02 19:15:00"
"271203",18,"13.72","2021-05-13 22:30:00"
"271320",18,"13.67","2021-05-13 22:45:00"
"271429",18,"13.66","2021-05-13 23:00:00"
"271339",18,"24.73","2021-03-02 19:30:00"
"271446",18,"24.57","2021-03-02 19:45:00"
"271544",18,"24.44","2021-03-02 20:00:00"
"272657",18,"12.67","2021-05-14 01:45:00"
"272732",18,"12.56","2021-05-14 02:00:00"
"273145",18,"12.48","2021-05-14 02:15:00"
"274845",18,"23.13","2021-03-02 22:45:00"
"275056",18,"23.06","2021-03-02 23:00:00"
"275271",18,"22.98","2021-03-02 23:15:00"
"272826",18,"19.92","2021-04-05 03:15:00"
"272880",18,"19.8","2021-04-05 03:30:00"
"272934",18,"19.66","2021-04-05 03:45:00"
"272988",18,"19.5","2021-04-05 04:00:00"
"273042",18,"19.33","2021-04-05 04:15:00"
"274161",18,"18.4","2021-04-05 06:15:00"
"274311",18,"18.21","2021-04-05 06:30:00"
"274467",18,"18.06","2021-04-05 06:45:00"
"274326",18,"21.81","2021-06-25 10:00:00"
"274478",18,"23.09","2021-06-25 10:15:00"
"274419",18,"11.34","2021-05-14 04:15:00"
"274569",18,"11.16","2021-05-14 04:30:00"
"274717",18,"11.02","2021-05-14 04:45:00"
"274631",18,"18.07","2021-04-05 07:00:00"
"274787",18,"18.3","2021-04-05 07:15:00"
"274996",18,"18.6","2021-04-05 07:30:00"
"275752",18,"22.88","2021-03-03 00:00:00"
"275912",18,"22.83","2021-03-03 00:15:00"
"276069",18,"22.75","2021-03-03 00:30:00"
"276047",18,"28.05","2021-06-25 12:30:00"
"276179",18,"28.32","2021-06-25 12:45:00"
"277003",18,"29.01","2021-06-25 13:00:00"
"276057",18,"10.82","2021-05-14 06:45:00"
"276812",18,"10.84","2021-05-14 07:00:00"
"276866",18,"10.92","2021-05-14 07:15:00"
"276201",18,"22.65","2021-03-03 00:45:00"
"276268",18,"22.57","2021-03-03 01:00:00"
"276922",18,"10.98","2021-05-14 07:30:00"
"277004",18,"11.23","2021-05-14 07:45:00"
"277082",18,"12.08","2021-05-14 08:00:00"
"277158",18,"28.69","2021-06-25 13:15:00"
"277301",18,"29.38","2021-06-25 13:30:00"
"277172",18,"13.39","2021-05-14 08:15:00"
"277252",18,"14.88","2021-05-14 08:30:00"
"277361",18,"15.99","2021-05-14 08:45:00"
"277456",18,"17.09","2021-05-14 09:00:00"
"277553",18,"17.92","2021-05-14 09:15:00"
"278052",18,"27.74","2021-06-25 15:00:00"
"278208",18,"27.59","2021-06-25 15:15:00"
"278361",18,"27.51","2021-06-25 15:30:00"
"278233",18,"20.15","2021-04-05 08:15:00"
"278395",18,"21.24","2021-04-05 08:30:00"
"278578",18,"22.06","2021-04-05 08:45:00"
"278360",18,"22.37","2021-05-14 10:45:00"
"278504",18,"22.52","2021-05-14 11:00:00"
"278518",18,"27.24","2021-06-25 15:45:00"
"278681",18,"26.79","2021-06-25 16:00:00"
"279151",18,"25.99","2021-06-25 17:00:00"
"279262",18,"24.99","2021-06-25 17:15:00"
"279311",18,"27.46","2021-04-05 10:15:00"
"279392",18,"28.25","2021-04-05 10:30:00"
"280796",18,"24.1","2021-06-25 17:30:00"
"280893",18,"23.34","2021-06-25 17:45:00"
"280997",18,"22.59","2021-06-25 18:00:00"
"279446",18,"29.09","2021-04-05 10:45:00"
"279500",18,"29.46","2021-04-05 11:00:00"
"279565",18,"30.06","2021-04-05 11:15:00"
"280726",18,"22.18","2021-03-03 07:45:00"
"280780",18,"22.72","2021-03-03 08:00:00"
"281007",18,"23.17","2021-05-14 12:00:00"
"281111",18,"23.29","2021-05-14 12:15:00"
"281109",18,"21.98","2021-06-25 18:15:00"
"281202",18,"21.41","2021-06-25 18:30:00"
"281315",18,"20.97","2021-06-25 18:45:00"
"281235",18,"24.83","2021-05-14 12:30:00"
"281328",18,"24.63","2021-05-14 12:45:00"
"281425",18,"25.34","2021-05-14 13:00:00"
"282087",18,"19.09","2021-06-25 20:15:00"
"282242",18,"18.88","2021-06-25 20:30:00"
"282052",18,"32.69","2021-04-05 12:45:00"
"282221",18,"32.34","2021-04-05 13:00:00"
"282382",18,"31.91","2021-04-05 13:15:00"
"282231",18,"25.28","2021-05-14 14:30:00"
"282397",18,"24.95","2021-05-14 14:45:00"
"282408",18,"18.66","2021-06-25 20:45:00"
"282540",18,"24.75","2021-05-14 15:00:00"
"282703",18,"25.53","2021-05-14 15:15:00"
"284952",18,"17.61","2021-06-25 22:15:00"
"285065",18,"17.4","2021-06-25 22:30:00"
"283553",18,"24.95","2021-03-03 09:00:00"
"283648",18,"25.37","2021-03-03 09:15:00"
"283749",18,"25.5","2021-03-03 09:30:00"
"283837",18,"32.56","2021-04-05 15:30:00"
"283931",18,"33.04","2021-04-05 15:45:00"
"283863",18,"25.26","2021-03-03 09:45:00"
"283985",18,"25.39","2021-03-03 10:00:00"
"285294",18,"21.01","2021-05-14 17:30:00"
"285401",18,"20.54","2021-05-14 17:45:00"
"285480",18,"19.88","2021-05-14 18:00:00"
"285489",18,"16.88","2021-06-25 23:30:00"
"285588",18,"16.75","2021-06-25 23:45:00"
"285599",18,"19.14","2021-05-14 18:15:00"
"285693",18,"18.63","2021-05-14 18:30:00"
"285715",18,"16.6","2021-06-26 00:00:00"
"285819",18,"16.47","2021-06-26 00:15:00"
"285926",18,"16.41","2021-06-26 00:30:00"
"286926",18,"15.63","2021-06-26 02:45:00"
"289361",18,"15.52","2021-06-26 03:00:00"
"287039",18,"28.16","2021-04-05 18:00:00"
"287147",18,"27.54","2021-04-05 18:15:00"
"287036",18,"31.84","2021-03-03 12:45:00"
"287144",18,"32.13","2021-03-03 13:00:00"
"287248",18,"31.73","2021-03-03 13:15:00"
"287260",18,"26.95","2021-04-05 18:30:00"
"287378",18,"26.41","2021-04-05 18:45:00"
"287469",18,"25.94","2021-04-05 19:00:00"
"289052",18,"15.81","2021-05-14 22:00:00"
"289106",18,"15.91","2021-05-14 22:15:00"
"289160",18,"16.02","2021-05-14 22:30:00"
"289214",18,"16.13","2021-05-14 22:45:00"
"289290",18,"16.17","2021-05-14 23:00:00"
"289388",18,"15.93","2021-05-14 23:15:00"
"289471",18,"15.59","2021-05-14 23:30:00"
"289584",18,"15.33","2021-05-14 23:45:00"
"289495",18,"15.39","2021-06-26 03:15:00"
"289595",18,"15.31","2021-06-26 03:30:00"
"289696",18,"15.15","2021-06-26 03:45:00"
"290877",18,"27.39","2021-03-03 18:00:00"
"290960",18,"27.08","2021-03-03 18:15:00"
"290976",18,"13.76","2021-06-26 07:15:00"
"293806",18,"13.78","2021-06-26 07:30:00"
"291045",18,"26.71","2021-03-03 18:30:00"
"291102",18,"26.35","2021-03-03 18:45:00"
"291156",18,"26.04","2021-03-03 19:00:00"
"291210",18,"25.76","2021-03-03 19:15:00"
"291264",18,"25.51","2021-03-03 19:30:00"
"292362",18,"21.86","2021-04-06 00:15:00"
"292416",18,"21.69","2021-04-06 00:30:00"
"292470",18,"21.52","2021-04-06 00:45:00"
"292524",18,"21.34","2021-04-06 01:00:00"
"292578",18,"21.17","2021-04-06 01:15:00"
"292632",18,"21.01","2021-04-06 01:30:00"
"292686",18,"20.92","2021-04-06 01:45:00"
"292740",18,"20.88","2021-04-06 02:00:00"
"295794",18,"20.77","2021-04-06 02:15:00"
"295848",18,"20.68","2021-04-06 02:30:00"
"295902",18,"20.59","2021-04-06 02:45:00"
"294022",18,"16.23","2021-06-26 08:30:00"
"294076",18,"17.38","2021-06-26 08:45:00"
"294130",18,"18.32","2021-06-26 09:00:00"
"294199",18,"19.3","2021-06-26 09:15:00"
"294282",18,"20.31","2021-06-26 09:30:00"
"294360",18,"21.39","2021-06-26 09:45:00"
"294431",18,"22.06","2021-06-26 10:00:00"
"294607",18,"23.82","2021-03-03 22:30:00"
"294777",18,"23.77","2021-03-03 22:45:00"
"295722",18,"22.61","2021-03-04 02:15:00"
"295776",18,"22.53","2021-03-04 02:30:00"
"298830",18,"22.46","2021-03-04 02:45:00"
"295956",18,"20.53","2021-04-06 03:00:00"
"296010",18,"20.47","2021-04-06 03:15:00"
"296064",18,"20.38","2021-04-06 03:30:00"
"296118",18,"20.28","2021-04-06 03:45:00"
"296172",18,"20.28","2021-04-06 04:00:00"
"296226",18,"20.26","2021-04-06 04:15:00"
"296280",18,"20.14","2021-04-06 04:30:00"
"297374",18,"17.15","2021-05-15 08:45:00"
"297428",18,"17.86","2021-05-15 09:00:00"
"297482",18,"18.48","2021-05-15 09:15:00"
"297536",18,"19.32","2021-05-15 09:30:00"
"297590",18,"20.44","2021-05-15 09:45:00"
"297644",18,"21.56","2021-05-15 10:00:00"
"297698",18,"22.74","2021-05-15 10:15:00"
"297752",18,"23.85","2021-05-15 10:30:00"
"299304",18,"25.02","2021-05-15 10:45:00"
"299407",18,"26.03","2021-05-15 11:00:00"
"299508",18,"26.72","2021-05-15 11:15:00"
"298264",18,"28.75","2021-06-26 14:15:00"
"298318",18,"28.68","2021-06-26 14:30:00"
"304305",18,"33.5","2021-04-06 14:30:00"
"304538",18,"33.1","2021-04-06 14:45:00"
"304267",18,"24.61","2021-05-15 17:30:00"
"304495",18,"23.65","2021-05-15 17:45:00"
"304363",18,"19.31","2021-06-26 20:00:00"
"304611",18,"19.04","2021-06-26 20:15:00"
"304337",18,"24.16","2021-03-04 10:15:00"
"304511",18,"24.39","2021-03-04 10:30:00"
"305696",18,"20","2021-05-15 19:30:00"
"305750",18,"19.54","2021-05-15 19:45:00"
"305882",18,"26.12","2021-03-04 12:15:00"
"305936",18,"25.8","2021-03-04 12:30:00"
"305990",18,"25.77","2021-03-04 12:45:00"
"306044",18,"25.51","2021-03-04 13:00:00"
"306098",18,"24.94","2021-03-04 13:15:00"
"306152",18,"24.89","2021-03-04 13:30:00"
"306206",18,"24.68","2021-03-04 13:45:00"
"306884",18,"17.82","2021-06-26 21:45:00"
"306939",18,"17.58","2021-06-26 22:00:00"
"307015",18,"17.4","2021-06-26 22:15:00"
"307053",18,"33.35","2021-04-06 16:15:00"
"307208",18,"33.04","2021-04-06 16:30:00"
"307351",18,"32.78","2021-04-06 16:45:00"
"307103",18,"17.18","2021-06-26 22:30:00"
"307184",18,"17.07","2021-06-26 22:45:00"
"307268",18,"17.07","2021-06-26 23:00:00"
"307355",18,"16.87","2021-06-26 23:15:00"
"307428",18,"16.67","2021-06-26 23:30:00"
"308448",18,"27.67","2021-04-06 18:45:00"
"308555",18,"27.16","2021-04-06 19:00:00"
"308662",18,"26.69","2021-04-06 19:15:00"
"308641",18,"18.23","2021-05-15 20:45:00"
"308750",18,"18.01","2021-05-15 21:00:00"
"308768",18,"26.24","2021-04-06 19:30:00"
"308869",18,"25.85","2021-04-06 19:45:00"
"308960",18,"25.53","2021-04-06 20:00:00"
"308866",18,"17.83","2021-05-15 21:15:00"
"308991",18,"17.68","2021-05-15 21:30:00"
"309110",18,"17.57","2021-05-15 21:45:00"
"309962",18,"24.59","2021-03-04 17:15:00"
"310016",18,"24.67","2021-03-04 17:30:00"
"310070",18,"24.55","2021-03-04 17:45:00"
"310124",18,"24.42","2021-03-04 18:00:00"
"310178",18,"24.28","2021-03-04 18:15:00"
"310232",18,"24.04","2021-03-04 18:30:00"
"310286",18,"23.74","2021-03-04 18:45:00"
"310340",18,"23.43","2021-03-04 19:00:00"
"310394",18,"23.1","2021-03-04 19:15:00"
"310448",18,"22.83","2021-03-04 19:30:00"
"312280",18,"15.07","2021-06-27 03:00:00"
"312377",18,"15.12","2021-06-27 03:15:00"
"312286",18,"14.99","2021-05-16 01:45:00"
"312402",18,"14.83","2021-05-16 02:00:00"
"312486",18,"14.68","2021-05-16 02:15:00"
"312567",18,"14.56","2021-05-16 02:30:00"
"312648",18,"14.45","2021-05-16 02:45:00"
"312527",18,"15.42","2021-06-27 03:30:00"
"312688",18,"15.57","2021-06-27 03:45:00"
"313029",18,"15.6","2021-06-27 04:00:00"
"313934",18,"21.88","2021-03-04 21:45:00"
"313988",18,"21.84","2021-03-04 22:00:00"
"314042",18,"21.78","2021-03-04 22:15:00"
"314096",18,"21.74","2021-03-04 22:30:00"
"314150",18,"21.73","2021-03-04 22:45:00"
"314204",18,"21.73","2021-03-04 23:00:00"
"314258",18,"21.7","2021-03-04 23:15:00"
"314312",18,"21.68","2021-03-04 23:30:00"
"314366",18,"21.65","2021-03-04 23:45:00"
"314420",18,"21.62","2021-03-05 00:00:00"
"315572",18,"20.49","2021-04-07 05:00:00"
"315626",18,"20.36","2021-04-07 05:15:00"
"315680",18,"20.22","2021-04-07 05:30:00"
"315734",18,"20.09","2021-04-07 05:45:00"
"318788",18,"19.97","2021-04-07 06:00:00"
"315856",18,"13.69","2021-05-16 05:30:00"
"315910",18,"13.56","2021-05-16 05:45:00"
"315964",18,"13.49","2021-05-16 06:00:00"
"316018",18,"13.44","2021-05-16 06:15:00"
"316093",18,"13.35","2021-05-16 06:30:00"
"316247",18,"13.14","2021-05-16 06:45:00"
"317177",18,"21.82","2021-06-27 10:00:00"
"317255",18,"22.93","2021-06-27 10:15:00"
"317340",18,"24.07","2021-06-27 10:30:00"
"317415",18,"25.07","2021-06-27 10:45:00"
"317492",18,"25.8","2021-06-27 11:00:00"
"319609",18,"26.71","2021-06-27 11:15:00"
"319688",18,"27.68","2021-06-27 11:30:00"
"319773",18,"28.51","2021-06-27 11:45:00"
"275248",18,"10.64","2021-05-14 05:30:00"
"275405",18,"10.67","2021-05-14 05:45:00"
"275560",18,"10.66","2021-05-14 06:00:00"
"275437",18,"22.94","2021-03-02 23:30:00"
"275588",18,"22.91","2021-03-02 23:45:00"
"275571",18,"25.59","2021-06-25 11:45:00"
"275720",18,"26.4","2021-06-25 12:00:00"
"275887",18,"27.6","2021-06-25 12:15:00"
"275736",18,"10.82","2021-05-14 06:15:00"
"275893",18,"10.91","2021-05-14 06:30:00"
"276322",18,"22.43","2021-03-03 01:15:00"
"276376",18,"22.22","2021-03-03 01:30:00"
"276430",18,"22.06","2021-03-03 01:45:00"
"276484",18,"21.92","2021-03-03 02:00:00"
"276538",18,"21.8","2021-03-03 02:15:00"
"276592",18,"21.68","2021-03-03 02:30:00"
"276646",18,"21.59","2021-03-03 02:45:00"
"276700",18,"21.51","2021-03-03 03:00:00"
"276754",18,"21.53","2021-03-03 03:15:00"
"279598",18,"21.59","2021-03-03 03:30:00"
"279719",18,"21.63","2021-03-03 03:45:00"
"277406",18,"29.7","2021-06-25 13:45:00"
"277532",18,"29.37","2021-06-25 14:00:00"
"277642",18,"29.08","2021-06-25 14:15:00"
"277659",18,"19","2021-05-14 09:30:00"
"277762",18,"20.1","2021-05-14 09:45:00"
"277757",18,"28.41","2021-06-25 14:30:00"
"277879",18,"27.96","2021-06-25 14:45:00"
"277883",18,"20.87","2021-05-14 10:00:00"
"278028",18,"20.42","2021-05-14 10:15:00"
"278187",18,"21.84","2021-05-14 10:30:00"
"278738",18,"22.68","2021-04-05 09:00:00"
"278870",18,"23.84","2021-04-05 09:15:00"
"278665",18,"22.79","2021-05-14 11:15:00"
"280784",18,"24.12","2021-05-14 11:30:00"
"280894",18,"23.75","2021-05-14 11:45:00"
"278836",18,"26.68","2021-06-25 16:15:00"
"278948",18,"27.17","2021-06-25 16:30:00"
"279049",18,"26.87","2021-06-25 16:45:00"
"278981",18,"25.33","2021-04-05 09:30:00"
"279089",18,"26.06","2021-04-05 09:45:00"
"279205",18,"26.77","2021-04-05 10:00:00"
"279663",18,"30.28","2021-04-05 11:30:00"
"279763",18,"30.18","2021-04-05 11:45:00"
"279828",18,"21.62","2021-03-03 04:00:00"
"279932",18,"21.6","2021-03-03 04:15:00"
"279881",18,"30.38","2021-04-05 12:00:00"
"279987",18,"30.9","2021-04-05 12:15:00"
"281870",18,"32.03","2021-04-05 12:30:00"
"280024",18,"21.59","2021-03-03 04:30:00"
"280078",18,"21.59","2021-03-03 04:45:00"
"280132",18,"21.56","2021-03-03 05:00:00"
"281443",18,"20.58","2021-06-25 19:00:00"
"281541",18,"20.26","2021-06-25 19:15:00"
"281542",18,"25.41","2021-05-14 13:15:00"
"281644",18,"24.83","2021-05-14 13:30:00"
"281769",18,"24.89","2021-05-14 13:45:00"
"281656",18,"19.93","2021-06-25 19:30:00"
"281776",18,"19.66","2021-06-25 19:45:00"
"281927",18,"19.38","2021-06-25 20:00:00"
"281925",18,"24.64","2021-05-14 14:00:00"
"282071",18,"25.12","2021-05-14 14:15:00"
"282980",18,"18.32","2021-06-25 21:30:00"
"283193",18,"18.05","2021-06-25 21:45:00"
"283401",18,"17.8","2021-06-25 22:00:00"
"282994",18,"23.56","2021-03-03 08:15:00"
"283210",18,"24.08","2021-03-03 08:30:00"
"283424",18,"24.35","2021-03-03 08:45:00"
"284810",18,"23.66","2021-05-14 16:15:00"
"284864",18,"23.1","2021-05-14 16:30:00"
"283497",18,"32.45","2021-04-05 14:45:00"
"283617",18,"32.42","2021-04-05 15:00:00"
"283728",18,"32.56","2021-04-05 15:15:00"
"284536",18,"30.83","2021-03-03 11:30:00"
"284590",18,"29.94","2021-03-03 11:45:00"
"284644",18,"30.42","2021-03-03 12:00:00"
"284698",18,"31.38","2021-03-03 12:15:00"
"284752",18,"31.15","2021-03-03 12:30:00"
"284938",18,"22.54","2021-05-14 16:45:00"
"285041",18,"21.94","2021-05-14 17:00:00"
"285157",18,"21.46","2021-05-14 17:15:00"
"285165",18,"17.28","2021-06-25 22:45:00"
"285245",18,"17.23","2021-06-25 23:00:00"
"285354",18,"17.03","2021-06-25 23:15:00"
"286339",18,"16.71","2021-05-14 20:00:00"
"286434",18,"16.45","2021-05-14 20:15:00"
"286542",18,"16.26","2021-05-14 20:30:00"
"286584",18,"15.87","2021-06-26 02:00:00"
"286727",18,"15.86","2021-06-26 02:15:00"
"286823",18,"15.78","2021-06-26 02:30:00"
"288782",18,"16.26","2021-05-14 20:45:00"
"288836",18,"16.02","2021-05-14 21:00:00"
"286764",18,"29.92","2021-04-05 17:15:00"
"286882",18,"29.4","2021-04-05 17:30:00"
"286958",18,"28.74","2021-04-05 17:45:00"
"287882",18,"30.95","2021-03-03 14:45:00"
"287981",18,"31.2","2021-03-03 15:00:00"
"288078",18,"31.39","2021-03-03 15:15:00"
"288172",18,"31.22","2021-03-03 15:30:00"
"288270",18,"31.31","2021-03-03 15:45:00"
"288171",18,"23.87","2021-04-05 20:30:00"
"288290",18,"23.59","2021-04-05 20:45:00"
"288415",18,"23.36","2021-04-05 21:00:00"
"288369",18,"31.33","2021-03-03 16:00:00"
"288454",18,"31.01","2021-03-03 16:15:00"
"288523",18,"29.77","2021-03-03 16:30:00"
"289703",18,"15.36","2021-05-15 00:00:00"
"289819",18,"15.41","2021-05-15 00:15:00"
"289797",18,"14.97","2021-06-26 04:00:00"
"289898",18,"14.81","2021-06-26 04:15:00"
"289933",18,"15.53","2021-05-15 00:30:00"
"290021",18,"15.62","2021-05-15 00:45:00"
"290129",18,"15.66","2021-05-15 01:00:00"
"290026",18,"14.68","2021-06-26 04:30:00"
"290134",18,"14.57","2021-06-26 04:45:00"
"290225",18,"14.54","2021-06-26 05:00:00"
"291318",18,"25.29","2021-03-03 19:45:00"
"291372",18,"25.08","2021-03-03 20:00:00"
"291426",18,"24.9","2021-03-03 20:15:00"
"291480",18,"24.73","2021-03-03 20:30:00"
"291534",18,"24.56","2021-03-03 20:45:00"
"291593",18,"24.41","2021-03-03 21:00:00"
"291673",18,"24.3","2021-03-03 21:15:00"
"291751",18,"24.18","2021-03-03 21:30:00"
"291706",18,"22.8","2021-04-05 21:45:00"
"291876",18,"22.62","2021-04-05 22:00:00"
"291930",18,"22.46","2021-04-05 22:15:00"
"292862",18,"14.68","2021-05-15 01:45:00"
"292916",18,"14.35","2021-05-15 02:00:00"
"292970",18,"14.02","2021-05-15 02:15:00"
"293024",18,"13.76","2021-05-15 02:30:00"
"293078",18,"13.56","2021-05-15 02:45:00"
"293132",18,"13.4","2021-05-15 03:00:00"
"293186",18,"13.32","2021-05-15 03:15:00"
"293240",18,"13.29","2021-05-15 03:30:00"
"293294",18,"13.19","2021-05-15 03:45:00"
"293348",18,"13.06","2021-05-15 04:00:00"
"295182",18,"23.4","2021-03-03 23:45:00"
"295236",18,"23.39","2021-03-04 00:00:00"
"295290",18,"23.39","2021-03-04 00:15:00"
"295344",18,"23.35","2021-03-04 00:30:00"
"295398",18,"23.25","2021-03-04 00:45:00"
"295452",18,"23.28","2021-03-04 01:00:00"
"295506",18,"23.31","2021-03-04 01:15:00"
"295560",18,"23.1","2021-03-04 01:30:00"
"295614",18,"22.86","2021-03-04 01:45:00"
"295668",18,"22.71","2021-03-04 02:00:00"
"296890",18,"19.13","2021-04-06 06:00:00"
"296994",18,"19.01","2021-04-06 06:15:00"
"297088",18,"18.91","2021-04-06 06:30:00"
"296969",18,"12.79","2021-05-15 07:30:00"
"297091",18,"13.22","2021-05-15 07:45:00"
"297193",18,"13.62","2021-05-15 08:00:00"
"297202",18,"18.85","2021-04-06 06:45:00"
"300581",18,"18.95","2021-04-06 07:00:00"
"297266",18,"14.6","2021-05-15 08:15:00"
"297320",18,"15.8","2021-05-15 08:30:00"
"298372",18,"27.63","2021-06-26 14:45:00"
"298426",18,"26.67","2021-06-26 15:00:00"
"298480",18,"27.11","2021-06-26 15:15:00"
"298534",18,"27.66","2021-06-26 15:30:00"
"298588",18,"27.86","2021-06-26 15:45:00"
"298642",18,"27.87","2021-06-26 16:00:00"
"298696",18,"27.71","2021-06-26 16:15:00"
"298750",18,"27.37","2021-06-26 16:30:00"
"301804",18,"26.93","2021-06-26 16:45:00"
"301858",18,"26.29","2021-06-26 17:00:00"
"299633",18,"27.46","2021-05-15 11:30:00"
"299741",18,"28.22","2021-05-15 11:45:00"
"299591",18,"22.06","2021-03-04 05:30:00"
"299699",18,"22.07","2021-03-04 05:45:00"
"299819",18,"21.98","2021-03-04 06:00:00"
"299836",18,"29.05","2021-05-15 12:00:00"
"299928",18,"21.94","2021-03-04 06:15:00"
"299939",18,"29.94","2021-05-15 12:15:00"
"300045",18,"30.55","2021-05-15 12:30:00"
"300163",18,"30.89","2021-05-15 12:45:00"
"300623",18,"29.96","2021-05-15 14:15:00"
"300707",18,"28.84","2021-05-15 14:30:00"
"300812",18,"27.29","2021-05-15 14:45:00"
"300715",18,"19.27","2021-04-06 07:15:00"
"300823",18,"19.67","2021-04-06 07:30:00"
"300939",18,"19.99","2021-04-06 07:45:00"
"300911",18,"27.54","2021-05-15 15:00:00"
"301013",18,"28.54","2021-05-15 15:15:00"
"301036",18,"20.27","2021-04-06 08:00:00"
"301090",18,"20.71","2021-04-06 08:15:00"
"301144",18,"21.35","2021-04-06 08:30:00"
"301738",18,"31.49","2021-04-06 11:15:00"
"302045",18,"31.99","2021-04-06 11:30:00"
"301912",18,"25.48","2021-06-26 17:15:00"
"301966",18,"24.6","2021-06-26 17:30:00"
"302170",18,"23.71","2021-06-26 17:45:00"
"302180",18,"28.4","2021-05-15 15:30:00"
"302423",18,"28.68","2021-05-15 15:45:00"
"302662",18,"28.54","2021-05-15 16:00:00"
"302229",18,"32.6","2021-04-06 11:45:00"
"302389",18,"33.45","2021-04-06 12:00:00"
"302603",18,"34.35","2021-04-06 12:15:00"
"302811",18,"22.97","2021-03-04 08:15:00"
"302998",18,"23.06","2021-03-04 08:30:00"
"303150",18,"23.09","2021-03-04 08:45:00"
"303291",18,"21.06","2021-06-26 18:45:00"
"303574",18,"20.57","2021-06-26 19:00:00"
"303088",18,"35.62","2021-04-06 13:00:00"
"303250",18,"34.89","2021-04-06 13:15:00"
"303456",18,"34.71","2021-04-06 13:30:00"
"303311",18,"23.26","2021-03-04 09:00:00"
"303470",18,"23.51","2021-03-04 09:15:00"
"304693",18,"24.72","2021-03-04 10:45:00"
"304837",18,"24.72","2021-03-04 11:00:00"
"305000",18,"25.11","2021-03-04 11:15:00"
"304787",18,"33.29","2021-04-06 15:00:00"
"304997",18,"32.95","2021-04-06 15:15:00"
"305231",18,"33.36","2021-04-06 15:30:00"
"304740",18,"22.8","2021-05-15 18:00:00"
"304972",18,"22.04","2021-05-15 18:15:00"
"305233",18,"21.44","2021-05-15 18:30:00"
"304856",18,"18.82","2021-06-26 20:30:00"
"305182",18,"18.66","2021-06-26 20:45:00"
"305395",18,"18.47","2021-06-26 21:00:00"
"306260",18,"24.39","2021-03-04 14:00:00"
"306314",18,"23.92","2021-03-04 14:15:00"
"306368",18,"23.67","2021-03-04 14:30:00"
"306422",18,"23.88","2021-03-04 14:45:00"
"306476",18,"24.31","2021-03-04 15:00:00"
"306530",18,"24.69","2021-03-04 15:15:00"
"306584",18,"24.69","2021-03-04 15:30:00"
"306638",18,"24.71","2021-03-04 15:45:00"
"306692",18,"24.55","2021-03-04 16:00:00"
"306746",18,"24.41","2021-03-04 16:15:00"
"307945",18,"15.85","2021-06-27 01:00:00"
"308047",18,"15.71","2021-06-27 01:15:00"
"308150",18,"15.62","2021-06-27 01:30:00"
"308175",18,"28.98","2021-04-06 18:15:00"
"308313",18,"28.3","2021-04-06 18:30:00"
"308312",18,"15.59","2021-06-27 01:45:00"
"311838",18,"15.52","2021-06-27 02:00:00"
"308257",18,"19.15","2021-05-15 20:00:00"
"308428",18,"18.83","2021-05-15 20:15:00"
"308529",18,"18.54","2021-05-15 20:30:00"
"309506",18,"16.71","2021-05-15 23:15:00"
"309560",18,"16.43","2021-05-15 23:30:00"
"309614",18,"16.2","2021-05-15 23:45:00"
"309668",18,"15.99","2021-05-16 00:00:00"
"309722",18,"15.82","2021-05-16 00:15:00"
"309776",18,"15.68","2021-05-16 00:30:00"
"311863",18,"15.6","2021-05-16 00:45:00"
"311956",18,"15.52","2021-05-16 01:00:00"
"309800",18,"24.39","2021-03-04 16:30:00"
"309854",18,"24.47","2021-03-04 16:45:00"
"309908",18,"24.52","2021-03-04 17:00:00"
"311060",18,"24.24","2021-04-06 22:00:00"
"311114",18,"24.17","2021-04-06 22:15:00"
"311168",18,"24.05","2021-04-06 22:30:00"
"311222",18,"23.95","2021-04-06 22:45:00"
"311276",18,"23.85","2021-04-06 23:00:00"
"311330",18,"23.74","2021-04-06 23:15:00"
"311384",18,"23.66","2021-04-06 23:30:00"
"311438",18,"23.54","2021-04-06 23:45:00"
"311492",18,"23.42","2021-04-07 00:00:00"
"311546",18,"23.32","2021-04-07 00:15:00"
"312729",18,"14.35","2021-05-16 03:00:00"
"312790",18,"14.25","2021-05-16 03:15:00"
"312844",18,"14.16","2021-05-16 03:30:00"
"312898",18,"14.02","2021-05-16 03:45:00"
"312952",18,"14","2021-05-16 04:00:00"
"313052",18,"13.91","2021-05-16 04:15:00"
"313143",18,"13.9","2021-05-16 04:30:00"
"313251",18,"13.87","2021-05-16 04:45:00"
"313151",18,"15.56","2021-06-27 04:15:00"
"313260",18,"15.42","2021-06-27 04:30:00"
"314474",18,"21.57","2021-03-05 00:15:00"
"314546",18,"21.48","2021-03-05 00:30:00"
"314675",18,"21.44","2021-03-05 00:45:00"
"314813",18,"22.66","2021-04-07 02:00:00"
"314920",18,"22.54","2021-04-07 02:15:00"
"314753",18,"21.37","2021-03-05 01:00:00"
"314855",18,"21.32","2021-03-05 01:15:00"
"314971",18,"21.28","2021-03-05 01:30:00"
"317783",18,"21.25","2021-03-05 01:45:00"
"317852",18,"21.24","2021-03-05 02:00:00"
"316144",18,"13.96","2021-06-27 06:45:00"
"316219",18,"13.75","2021-06-27 07:00:00"
"316291",18,"13.59","2021-06-27 07:15:00"
"316420",18,"12.99","2021-05-16 07:00:00"
"316579",18,"12.95","2021-05-16 07:15:00"
"316370",18,"13.55","2021-06-27 07:30:00"
"316455",18,"13.67","2021-06-27 07:45:00"
"316541",18,"14.05","2021-06-27 08:00:00"
"316620",18,"14.7","2021-06-27 08:15:00"
"316691",18,"15.89","2021-06-27 08:30:00"
"317720",18,"20.58","2021-05-16 09:30:00"
"317558",18,"17.38","2021-05-16 08:45:00"
"317612",18,"18.5","2021-05-16 09:00:00"
"317666",18,"19.55","2021-05-16 09:15:00"
"322880",18,"28.15","2021-06-27 16:15:00"
"322934",18,"27.77","2021-06-27 16:30:00"
"322988",18,"27.21","2021-06-27 16:45:00"
"323042",18,"26.46","2021-06-27 17:00:00"
"323114",18,"25.63","2021-06-27 17:15:00"
"323223",18,"24.74","2021-06-27 17:30:00"
"323140",18,"28.76","2021-04-07 10:45:00"
"323249",18,"29.15","2021-04-07 11:00:00"
"323360",18,"30.65","2021-04-07 11:15:00"
"323332",18,"23.88","2021-06-27 17:45:00"
"323449",18,"23.16","2021-06-27 18:00:00"
"324506",18,"33.12","2021-04-07 14:00:00"
"324570",18,"33.22","2021-04-07 14:15:00"
"324624",18,"33.19","2021-04-07 14:30:00"
"324678",18,"33.79","2021-04-07 14:45:00"
"324732",18,"33.71","2021-04-07 15:00:00"
"326797",18,"32.52","2021-04-07 15:15:00"
"326905",18,"32.85","2021-04-07 15:30:00"
"327014",18,"32.92","2021-04-07 15:45:00"
"324819",18,"30.3","2021-05-16 14:30:00"
"324916",18,"28.89","2021-05-16 14:45:00"
"325052",18,"29.13","2021-05-16 15:00:00"
"325949",18,"27.06","2021-03-05 13:00:00"
"326070",18,"27.15","2021-03-05 13:15:00"
"326175",18,"26.49","2021-03-05 13:30:00"
"326260",18,"22.91","2021-05-16 18:30:00"
"326378",18,"22.25","2021-05-16 18:45:00"
"326288",18,"25.79","2021-03-05 13:45:00"
"326386",18,"25.27","2021-03-05 14:00:00"
"326481",18,"21.66","2021-05-16 19:00:00"
"328826",18,"21.17","2021-05-16 19:15:00"
"328880",18,"20.76","2021-05-16 19:30:00"
"327658",18,"30.51","2021-04-07 17:15:00"
"327738",18,"29.96","2021-04-07 17:30:00"
"327846",18,"17.5","2021-06-27 22:45:00"
"328001",18,"17.29","2021-06-27 23:00:00"
"328114",18,"17.08","2021-06-27 23:15:00"
"327820",18,"29.35","2021-04-07 17:45:00"
"327906",18,"28.58","2021-04-07 18:00:00"
"327982",18,"27.88","2021-04-07 18:15:00"
"328086",18,"27.29","2021-04-07 18:30:00"
"328186",18,"26.77","2021-04-07 18:45:00"
"328291",18,"26.33","2021-04-07 19:00:00"
"328716",18,"16.23","2021-06-28 00:45:00"
"328770",18,"16.13","2021-06-28 01:00:00"
"328934",18,"20.38","2021-05-16 19:45:00"
"328988",18,"20.04","2021-05-16 20:00:00"
"329059",18,"19.78","2021-05-16 20:15:00"
"329192",18,"19.51","2021-05-16 20:30:00"
"329293",18,"19.25","2021-05-16 20:45:00"
"329306",18,"26.79","2021-03-05 16:15:00"
"329406",18,"27.1","2021-03-05 16:30:00"
"329498",18,"27.01","2021-03-05 16:45:00"
"330504",18,"16.89","2021-05-16 23:30:00"
"332798",18,"16.7","2021-05-16 23:45:00"
"332852",18,"16.44","2021-05-17 00:00:00"
"330632",18,"23.48","2021-03-05 19:30:00"
"330686",18,"23.31","2021-03-05 19:45:00"
"330740",18,"23.15","2021-03-05 20:00:00"
"333084",18,"23.04","2021-03-05 20:15:00"
"333183",18,"22.96","2021-03-05 20:30:00"
"330920",18,"24.43","2021-04-07 20:30:00"
"330974",18,"24.19","2021-04-07 20:45:00"
"332094",18,"16.35","2021-06-28 02:30:00"
"332148",18,"16.01","2021-06-28 02:45:00"
"332202",18,"15.73","2021-06-28 03:00:00"
"332256",18,"15.75","2021-06-28 03:15:00"
"332310",18,"15.64","2021-06-28 03:30:00"
"332364",18,"15.42","2021-06-28 03:45:00"
"332418",18,"15.21","2021-06-28 04:00:00"
"332472",18,"15.11","2021-06-28 04:15:00"
"332526",18,"15.14","2021-06-28 04:30:00"
"332580",18,"15.24","2021-06-28 04:45:00"
"332634",18,"15.34","2021-06-28 05:00:00"
"333823",18,"14.95","2021-05-17 02:45:00"
"333931",18,"14.85","2021-05-17 03:00:00"
"333852",18,"22.61","2021-03-05 22:00:00"
"333961",18,"22.51","2021-03-05 22:15:00"
"334064",18,"22.39","2021-03-05 22:30:00"
"334045",18,"14.77","2021-05-17 03:15:00"
"334149",18,"14.7","2021-05-17 03:30:00"
"334257",18,"14.64","2021-05-17 03:45:00"
"334173",18,"22.27","2021-03-05 22:45:00"
"334283",18,"22.16","2021-03-05 23:00:00"
"335432",18,"19.99","2021-04-08 03:30:00"
"335486",18,"19.91","2021-04-08 03:45:00"
"335540",18,"19.85","2021-04-08 04:00:00"
"335594",18,"19.77","2021-04-08 04:15:00"
"335648",18,"19.68","2021-04-08 04:30:00"
"335702",18,"19.61","2021-04-08 04:45:00"
"335756",18,"19.54","2021-04-08 05:00:00"
"335958",18,"14.66","2021-06-28 06:30:00"
"336012",18,"14.45","2021-06-28 06:45:00"
"336606",18,"17.18","2021-06-28 09:30:00"
"336660",18,"18.25","2021-06-28 09:45:00"
"336714",18,"18.48","2021-06-28 10:00:00"
"336768",18,"18.15","2021-06-28 10:15:00"
"340822",18,"18.17","2021-06-28 10:30:00"
"340876",18,"18.13","2021-06-28 10:45:00"
"336824",18,"14.37","2021-05-17 04:30:00"
"336878",18,"14.24","2021-05-17 04:45:00"
"336932",18,"14.2","2021-05-17 05:00:00"
"336986",18,"14.08","2021-05-17 05:15:00"
"337040",18,"13.94","2021-05-17 05:30:00"
"337094",18,"13.86","2021-05-17 05:45:00"
"341134",18,"26.22","2021-04-08 09:45:00"
"341213",18,"27.14","2021-04-08 10:00:00"
"341291",18,"28.11","2021-04-08 10:15:00"
"338874",18,"21.61","2021-03-06 01:15:00"
"338928",18,"21.53","2021-03-06 01:30:00"
"338982",18,"21.41","2021-03-06 01:45:00"
"339036",18,"21.28","2021-03-06 02:00:00"
"339090",18,"21.24","2021-03-06 02:15:00"
"339144",18,"21.23","2021-03-06 02:30:00"
"339198",18,"21.21","2021-03-06 02:45:00"
"340390",18,"31.08","2021-05-17 11:45:00"
"340444",18,"31.47","2021-05-17 12:00:00"
"340498",18,"32.42","2021-05-17 12:15:00"
"340552",18,"33.34","2021-05-17 12:30:00"
"340606",18,"32.56","2021-05-17 12:45:00"
"340660",18,"32.43","2021-05-17 13:00:00"
"340714",18,"31.95","2021-05-17 13:15:00"
"340768",18,"33.06","2021-05-17 13:30:00"
"343035",18,"31.9","2021-05-17 13:45:00"
"343160",18,"31.19","2021-05-17 14:00:00"
"342196",18,"17.34","2021-06-28 13:30:00"
"342351",18,"17.38","2021-06-28 13:45:00"
"342164",18,"35.24","2021-04-08 13:00:00"
"342241",18,"35.04","2021-04-08 13:15:00"
"342319",18,"34.86","2021-04-08 13:30:00"
"342407",18,"34.03","2021-04-08 13:45:00"
"298884",18,"22.39","2021-03-04 03:00:00"
"298938",18,"22.35","2021-03-04 03:15:00"
"298992",18,"22.28","2021-03-04 03:30:00"
"299046",18,"22.23","2021-03-04 03:45:00"
"299100",18,"22.18","2021-03-04 04:00:00"
"299154",18,"22.11","2021-03-04 04:15:00"
"299208",18,"22.02","2021-03-04 04:30:00"
"299273",18,"21.98","2021-03-04 04:45:00"
"299383",18,"21.96","2021-03-04 05:00:00"
"299499",18,"22.02","2021-03-04 05:15:00"
"300042",18,"21.97","2021-03-04 06:30:00"
"300139",18,"22","2021-03-04 06:45:00"
"300246",18,"22.08","2021-03-04 07:00:00"
"302082",18,"22.22","2021-03-04 07:15:00"
"302246",18,"22.4","2021-03-04 07:30:00"
"300272",18,"31.16","2021-05-15 13:00:00"
"300346",18,"31.31","2021-05-15 13:15:00"
"300400",18,"31.33","2021-05-15 13:30:00"
"300454",18,"30.72","2021-05-15 13:45:00"
"300515",18,"29.93","2021-05-15 14:00:00"
"301198",18,"22.34","2021-04-06 08:45:00"
"301252",18,"22.56","2021-04-06 09:00:00"
"301306",18,"22.65","2021-04-06 09:15:00"
"301360",18,"24.22","2021-04-06 09:30:00"
"301414",18,"25.59","2021-04-06 09:45:00"
"301468",18,"26.72","2021-04-06 10:00:00"
"301522",18,"27.67","2021-04-06 10:15:00"
"301576",18,"28.66","2021-04-06 10:30:00"
"301630",18,"29.52","2021-04-06 10:45:00"
"301684",18,"30.51","2021-04-06 11:00:00"
"302449",18,"22.64","2021-03-04 07:45:00"
"302610",18,"22.85","2021-03-04 08:00:00"
"302476",18,"22.87","2021-06-26 18:00:00"
"302737",18,"22.17","2021-06-26 18:15:00"
"303014",18,"21.61","2021-06-26 18:30:00"
"302762",18,"35.19","2021-04-06 12:30:00"
"302914",18,"35.68","2021-04-06 12:45:00"
"302982",18,"27.98","2021-05-15 16:15:00"
"303317",18,"27.64","2021-05-15 16:30:00"
"303582",18,"27.08","2021-05-15 16:45:00"
"303818",18,"26.43","2021-05-15 17:00:00"
"304040",18,"25.56","2021-05-15 17:15:00"
"303648",18,"33.96","2021-04-06 13:45:00"
"303855",18,"33.65","2021-04-06 14:00:00"
"304068",18,"33.44","2021-04-06 14:15:00"
"303643",18,"23.83","2021-03-04 09:30:00"
"303905",18,"24.1","2021-03-04 09:45:00"
"304154",18,"24.25","2021-03-04 10:00:00"
"303789",18,"20.19","2021-06-26 19:15:00"
"303955",18,"19.88","2021-06-26 19:30:00"
"304113",18,"19.58","2021-06-26 19:45:00"
"305135",18,"24.96","2021-03-04 11:30:00"
"305273",18,"24.79","2021-03-04 11:45:00"
"305828",18,"25.45","2021-03-04 12:00:00"
"305414",18,"33.61","2021-04-06 15:45:00"
"305573",18,"33.57","2021-04-06 16:00:00"
"305406",18,"20.98","2021-05-15 18:45:00"
"305570",18,"20.69","2021-05-15 19:00:00"
"305642",18,"20.42","2021-05-15 19:15:00"
"305542",18,"18.24","2021-06-26 21:15:00"
"306830",18,"18.06","2021-06-26 21:30:00"
"307538",18,"32.29","2021-04-06 17:00:00"
"307705",18,"31.83","2021-04-06 17:15:00"
"307503",18,"16.57","2021-06-26 23:45:00"
"307586",18,"16.51","2021-06-27 00:00:00"
"307658",18,"16.43","2021-06-27 00:15:00"
"307762",18,"16.25","2021-06-27 00:30:00"
"307857",18,"16.04","2021-06-27 00:45:00"
"307812",18,"31.34","2021-04-06 17:30:00"
"307953",18,"30.49","2021-04-06 17:45:00"
"308065",18,"29.7","2021-04-06 18:00:00"
"309060",18,"25.25","2021-04-06 20:15:00"
"309153",18,"25","2021-04-06 20:30:00"
"309236",18,"17.45","2021-05-15 22:00:00"
"309290",18,"17.31","2021-05-15 22:15:00"
"310790",18,"24.79","2021-04-06 20:45:00"
"310844",18,"24.6","2021-04-06 21:00:00"
"310898",18,"24.4","2021-04-06 21:15:00"
"309344",18,"17.19","2021-05-15 22:30:00"
"309398",18,"17","2021-05-15 22:45:00"
"309452",18,"16.87","2021-05-15 23:00:00"
"310502",18,"22.65","2021-03-04 19:45:00"
"310556",18,"22.48","2021-03-04 20:00:00"
"310610",18,"22.31","2021-03-04 20:15:00"
"310664",18,"22.19","2021-03-04 20:30:00"
"310718",18,"22.12","2021-03-04 20:45:00"
"310772",18,"22.07","2021-03-04 21:00:00"
"313826",18,"22","2021-03-04 21:15:00"
"313880",18,"21.94","2021-03-04 21:30:00"
"310952",18,"24.28","2021-04-06 21:30:00"
"311006",18,"24.26","2021-04-06 21:45:00"
"311600",18,"23.24","2021-04-07 00:30:00"
"311654",18,"23.16","2021-04-07 00:45:00"
"311708",18,"23.09","2021-04-07 01:00:00"
"311762",18,"22.98","2021-04-07 01:15:00"
"314583",18,"22.88","2021-04-07 01:30:00"
"314668",18,"22.77","2021-04-07 01:45:00"
"311961",18,"15.43","2021-06-27 02:15:00"
"312046",18,"15.34","2021-06-27 02:30:00"
"312150",18,"15.19","2021-06-27 02:45:00"
"312089",18,"15.35","2021-05-16 01:15:00"
"312196",18,"15.15","2021-05-16 01:30:00"
"313368",18,"13.86","2021-05-16 05:00:00"
"315802",18,"13.8","2021-05-16 05:15:00"
"313359",18,"15.2","2021-06-27 04:45:00"
"313450",18,"14.95","2021-06-27 05:00:00"
"313504",18,"14.73","2021-06-27 05:15:00"
"313558",18,"14.48","2021-06-27 05:30:00"
"313612",18,"14.32","2021-06-27 05:45:00"
"313666",18,"14.21","2021-06-27 06:00:00"
"313720",18,"14.11","2021-06-27 06:15:00"
"313774",18,"14.01","2021-06-27 06:30:00"
"315025",18,"22.37","2021-04-07 02:30:00"
"315086",18,"22.11","2021-04-07 02:45:00"
"315140",18,"21.86","2021-04-07 03:00:00"
"315194",18,"21.65","2021-04-07 03:15:00"
"315248",18,"21.48","2021-04-07 03:30:00"
"315302",18,"21.32","2021-04-07 03:45:00"
"315356",18,"21.16","2021-04-07 04:00:00"
"315410",18,"20.98","2021-04-07 04:15:00"
"315464",18,"20.8","2021-04-07 04:30:00"
"315518",18,"20.64","2021-04-07 04:45:00"
"316748",18,"13.15","2021-05-16 07:30:00"
"316903",18,"13.42","2021-05-16 07:45:00"
"317059",18,"14.04","2021-05-16 08:00:00"
"316778",18,"17.05","2021-06-27 08:45:00"
"316865",18,"18","2021-06-27 09:00:00"
"316949",18,"19.07","2021-06-27 09:15:00"
"317029",18,"20.03","2021-06-27 09:30:00"
"317100",18,"20.89","2021-06-27 09:45:00"
"317249",18,"15.21","2021-05-16 08:15:00"
"317417",18,"16.31","2021-05-16 08:30:00"
"318284",18,"21.14","2021-03-05 04:00:00"
"318338",18,"21.09","2021-03-05 04:15:00"
"318392",18,"21.05","2021-03-05 04:30:00"
"318446",18,"21","2021-03-05 04:45:00"
"318500",18,"20.97","2021-03-05 05:00:00"
"318554",18,"20.95","2021-03-05 05:15:00"
"318608",18,"20.93","2021-03-05 05:30:00"
"318662",18,"20.93","2021-03-05 05:45:00"
"318716",18,"20.96","2021-03-05 06:00:00"
"318770",18,"20.94","2021-03-05 06:15:00"
"321824",18,"20.9","2021-03-05 06:30:00"
"319436",18,"23.54","2021-04-07 09:00:00"
"319490",18,"24.57","2021-04-07 09:15:00"
"319544",18,"25.18","2021-04-07 09:30:00"
"319638",18,"25.94","2021-04-07 09:45:00"
"319788",18,"27.17","2021-04-07 10:00:00"
"319853",18,"29.21","2021-06-27 12:00:00"
"319928",18,"29.75","2021-06-27 12:15:00"
"319975",18,"28.22","2021-04-07 10:15:00"
"320134",18,"29.18","2021-04-07 10:30:00"
"320610",18,"27.47","2021-06-27 15:00:00"
"320664",18,"27.9","2021-06-27 15:15:00"
"320718",18,"27.93","2021-06-27 15:30:00"
"320772",18,"28.38","2021-06-27 15:45:00"
"322826",18,"28.31","2021-06-27 16:00:00"
"320828",18,"22.81","2021-05-16 10:00:00"
"320882",18,"23.84","2021-05-16 10:15:00"
"320936",18,"24.96","2021-05-16 10:30:00"
"320990",18,"25.97","2021-05-16 10:45:00"
"321044",18,"27.09","2021-05-16 11:00:00"
"321692",18,"31.17","2021-05-16 14:00:00"
"321746",18,"31.36","2021-05-16 14:15:00"
"321878",18,"20.77","2021-03-05 06:45:00"
"321932",18,"20.72","2021-03-05 07:00:00"
"321986",18,"20.77","2021-03-05 07:15:00"
"322040",18,"20.95","2021-03-05 07:30:00"
"322094",18,"21.26","2021-03-05 07:45:00"
"322148",18,"21.51","2021-03-05 08:00:00"
"322202",18,"21.93","2021-03-05 08:15:00"
"323458",18,"31.66","2021-04-07 11:30:00"
"323563",18,"31.17","2021-04-07 11:45:00"
"323560",18,"22.49","2021-06-27 18:15:00"
"323656",18,"21.79","2021-06-27 18:30:00"
"323760",18,"21.2","2021-06-27 18:45:00"
"323688",18,"31.02","2021-04-07 12:00:00"
"323793",18,"31.32","2021-04-07 12:15:00"
"323899",18,"31.72","2021-04-07 12:30:00"
"323874",18,"20.78","2021-06-27 19:00:00"
"323989",18,"20.31","2021-06-27 19:15:00"
"324930",18,"24.42","2021-03-05 11:15:00"
"325013",18,"24.51","2021-03-05 11:30:00"
"325116",18,"24.43","2021-03-05 11:45:00"
"325235",18,"25.59","2021-03-05 12:00:00"
"325344",18,"27.25","2021-03-05 12:15:00"
"325163",18,"29.98","2021-05-16 15:15:00"
"325261",18,"30.31","2021-05-16 15:30:00"
"325366",18,"30.35","2021-05-16 15:45:00"
"325475",18,"29.97","2021-05-16 16:00:00"
"325574",18,"29.68","2021-05-16 16:15:00"
"326498",18,"25.12","2021-03-05 14:15:00"
"326552",18,"24.96","2021-03-05 14:30:00"
"326606",18,"25.2","2021-03-05 14:45:00"
"326660",18,"25.58","2021-03-05 15:00:00"
"326714",18,"26.28","2021-03-05 15:15:00"
"326768",18,"26.64","2021-03-05 15:30:00"
"329098",18,"26.21","2021-03-05 15:45:00"
"329191",18,"26.37","2021-03-05 16:00:00"
"326921",18,"18.82","2021-06-27 20:45:00"
"327025",18,"18.73","2021-06-27 21:00:00"
"327127",18,"18.62","2021-06-27 21:15:00"
"328229",18,"16.9","2021-06-27 23:30:00"
"328333",18,"16.73","2021-06-27 23:45:00"
"328395",18,"25.94","2021-04-07 19:15:00"
"328505",18,"25.59","2021-04-07 19:30:00"
"328451",18,"16.58","2021-06-28 00:00:00"
"328565",18,"16.48","2021-06-28 00:15:00"
"328662",18,"16.36","2021-06-28 00:30:00"
"328608",18,"25.28","2021-04-07 19:45:00"
"330812",18,"24.97","2021-04-07 20:00:00"
"330866",18,"24.69","2021-04-07 20:15:00"
"329970",18,"17.68","2021-05-16 22:15:00"
"330083",18,"17.5","2021-05-16 22:30:00"
"330152",18,"25.33","2021-03-05 18:15:00"
"330255",18,"24.91","2021-03-05 18:30:00"
"330179",18,"17.37","2021-05-16 22:45:00"
"330287",18,"17.21","2021-05-16 23:00:00"
"330391",18,"17.06","2021-05-16 23:15:00"
"330368",18,"24.46","2021-03-05 18:45:00"
"330470",18,"24.07","2021-03-05 19:00:00"
"330569",18,"23.73","2021-03-05 19:15:00"
"331609",18,"16.1","2021-06-28 01:15:00"
"331694",18,"15.99","2021-06-28 01:30:00"
"331788",18,"15.98","2021-06-28 01:45:00"
"331617",18,"21.97","2021-04-07 23:30:00"
"331761",18,"21.81","2021-04-07 23:45:00"
"331861",18,"21.66","2021-04-08 00:00:00"
"331905",18,"16.21","2021-06-28 02:00:00"
"332006",18,"16.38","2021-06-28 02:15:00"
"331974",18,"21.51","2021-04-08 00:15:00"
"334784",18,"21.36","2021-04-08 00:30:00"
"334838",18,"21.23","2021-04-08 00:45:00"
"333289",18,"15.43","2021-05-17 01:30:00"
"333397",18,"15.3","2021-05-17 01:45:00"
"333306",18,"22.9","2021-03-05 20:45:00"
"333414",18,"22.93","2021-03-05 21:00:00"
"333504",18,"15.24","2021-05-17 02:00:00"
"333617",18,"15.19","2021-05-17 02:15:00"
"333726",18,"15.05","2021-05-17 02:30:00"
"333529",18,"22.93","2021-03-05 21:15:00"
"333625",18,"22.85","2021-03-05 21:30:00"
"333733",18,"22.73","2021-03-05 21:45:00"
"334892",18,"21.1","2021-04-08 01:00:00"
"334946",18,"20.98","2021-04-08 01:15:00"
"335000",18,"20.86","2021-04-08 01:30:00"
"335054",18,"20.77","2021-04-08 01:45:00"
"335108",18,"20.68","2021-04-08 02:00:00"
"335162",18,"20.56","2021-04-08 02:15:00"
"335216",18,"20.44","2021-04-08 02:30:00"
"335270",18,"20.31","2021-04-08 02:45:00"
"335324",18,"20.2","2021-04-08 03:00:00"
"335378",18,"20.09","2021-04-08 03:15:00"
"337148",18,"13.79","2021-05-17 06:00:00"
"337202",18,"13.84","2021-05-17 06:15:00"
"337256",18,"14.17","2021-05-17 06:30:00"
"337310",18,"14.46","2021-05-17 06:45:00"
"337364",18,"14.65","2021-05-17 07:00:00"
"337418",18,"14.67","2021-05-17 07:15:00"
"337472",18,"14.7","2021-05-17 07:30:00"
"337526",18,"14.72","2021-05-17 07:45:00"
"337580",18,"15.08","2021-05-17 08:00:00"
"337634",18,"16.06","2021-05-17 08:15:00"
"338242",18,"19.25","2021-04-08 07:15:00"
"338296",18,"19.4","2021-04-08 07:30:00"
"338350",18,"19.56","2021-04-08 07:45:00"
"338404",18,"19.81","2021-04-08 08:00:00"
"338458",18,"20.53","2021-04-08 08:15:00"
"338512",18,"21.57","2021-04-08 08:30:00"
"338566",18,"22.52","2021-04-08 08:45:00"
"338620",18,"23.51","2021-04-08 09:00:00"
"338674",18,"24.52","2021-04-08 09:15:00"
"338728",18,"25.42","2021-04-08 09:30:00"
"339796",18,"19.05","2021-05-17 09:00:00"
"339850",18,"20.22","2021-05-17 09:15:00"
"339904",18,"21.86","2021-05-17 09:30:00"
"339958",18,"23.12","2021-05-17 09:45:00"
"340012",18,"24.37","2021-05-17 10:00:00"
"340066",18,"25.52","2021-05-17 10:15:00"
"340120",18,"26.66","2021-05-17 10:30:00"
"340174",18,"27.69","2021-05-17 10:45:00"
"340228",18,"28.7","2021-05-17 11:00:00"
"340282",18,"29.55","2021-05-17 11:15:00"
"340336",18,"29.84","2021-05-17 11:30:00"
"341542",18,"30.97","2021-04-08 11:00:00"
"341611",18,"31.73","2021-04-08 11:15:00"
"341686",18,"32.53","2021-04-08 11:30:00"
"341694",18,"17.74","2021-06-28 12:45:00"
"341852",18,"17.64","2021-06-28 13:00:00"
"342011",18,"17.6","2021-06-28 13:15:00"
"341770",18,"33.04","2021-04-08 11:45:00"
"341849",18,"33.64","2021-04-08 12:00:00"
"341926",18,"34.5","2021-04-08 12:15:00"
"342481",18,"33.48","2021-04-08 14:00:00"
"342540",18,"17.35","2021-06-28 14:00:00"
"342632",18,"16.92","2021-06-28 14:15:00"
"342686",18,"16.58","2021-06-28 14:30:00"
"347550",18,"18.42","2021-05-17 21:45:00"
"347604",18,"18.18","2021-05-17 22:00:00"
"347658",18,"17.92","2021-05-17 22:15:00"
"347712",18,"17.76","2021-05-17 22:30:00"
"347766",18,"17.63","2021-05-17 22:45:00"
"349225",18,"17.52","2021-05-17 23:00:00"
"347926",18,"28.98","2021-03-06 10:45:00"
"347980",18,"30.62","2021-03-06 11:00:00"
"348034",18,"32.62","2021-03-06 11:15:00"
"348088",18,"30.68","2021-03-06 11:30:00"
"348142",18,"28.49","2021-03-06 11:45:00"
"349380",18,"17.41","2021-05-17 23:15:00"
"349533",18,"17.28","2021-05-17 23:30:00"
"349362",18,"24.39","2021-04-08 20:45:00"
"349511",18,"24.17","2021-04-08 21:00:00"
"349667",18,"11.21","2021-06-28 20:30:00"
"349859",18,"11.14","2021-06-28 20:45:00"
"349681",18,"17.16","2021-05-17 23:45:00"
"349829",18,"16.93","2021-05-18 00:00:00"
"349975",18,"16.76","2021-05-18 00:15:00"
"349660",18,"23.96","2021-04-08 21:15:00"
"349810",18,"23.78","2021-04-08 21:30:00"
"349954",18,"23.64","2021-04-08 21:45:00"
"350135",18,"16.59","2021-05-18 00:30:00"
"350304",18,"16.35","2021-05-18 00:45:00"
"350117",18,"23.46","2021-04-08 22:00:00"
"350280",18,"23.29","2021-04-08 22:15:00"
"350052",18,"11.05","2021-06-28 21:00:00"
"350209",18,"10.83","2021-06-28 21:15:00"
"350373",18,"10.68","2021-06-28 21:30:00"
"351528",18,"15.01","2021-05-18 03:00:00"
"351616",18,"14.85","2021-05-18 03:15:00"
"351684",18,"9.5","2021-06-28 23:45:00"
"351738",18,"9.44","2021-06-29 00:00:00"
"354446",18,"9.27","2021-06-29 00:15:00"
"354536",18,"9.11","2021-06-29 00:30:00"
"354641",18,"8.99","2021-06-29 00:45:00"
"351793",18,"14.64","2021-05-18 03:30:00"
"351889",18,"14.41","2021-05-18 03:45:00"
"351991",18,"14.23","2021-05-18 04:00:00"
"353072",18,"28.57","2021-03-06 17:15:00"
"353204",18,"29.03","2021-03-06 17:30:00"
"353247",18,"12.5","2021-05-18 06:45:00"
"353392",18,"12.44","2021-05-18 07:00:00"
"353532",18,"12.51","2021-05-18 07:15:00"
"353328",18,"28.79","2021-03-06 17:45:00"
"353450",18,"28.27","2021-03-06 18:00:00"
"353600",18,"27.6","2021-03-06 18:15:00"
"353541",18,"21.78","2021-04-09 00:30:00"
"353805",18,"21.62","2021-04-09 00:45:00"
"353992",18,"21.47","2021-04-09 01:00:00"
"354108",18,"21.33","2021-04-09 01:15:00"
"354184",18,"21.19","2021-04-09 01:30:00"
"354238",18,"21.05","2021-04-09 01:45:00"
"354292",18,"20.89","2021-04-09 02:00:00"
"354346",18,"20.75","2021-04-09 02:15:00"
"354400",18,"20.63","2021-04-09 02:30:00"
"354500",18,"20.5","2021-04-09 02:45:00"
"354614",18,"20.38","2021-04-09 03:00:00"
"354752",18,"20.3","2021-04-09 03:15:00"
"354846",18,"20.2","2021-04-09 03:30:00"
"355764",18,"6.203","2021-06-29 04:45:00"
"357454",18,"6.232","2021-06-29 05:00:00"
"357626",18,"6.163","2021-06-29 05:15:00"
"355926",18,"17.43","2021-05-18 08:45:00"
"355980",18,"18.65","2021-05-18 09:00:00"
"356034",18,"19.74","2021-05-18 09:15:00"
"356088",18,"20.86","2021-05-18 09:30:00"
"356142",18,"21.96","2021-05-18 09:45:00"
"356196",18,"23.04","2021-05-18 10:00:00"
"356250",18,"24.22","2021-05-18 10:15:00"
"356304",18,"25.36","2021-05-18 10:30:00"
"357661",18,"22.67","2021-03-06 22:15:00"
"357847",18,"22.51","2021-03-06 22:30:00"
"358002",18,"22.48","2021-03-06 22:45:00"
"357786",18,"33.01","2021-05-18 13:15:00"
"357953",18,"33.03","2021-05-18 13:30:00"
"357903",18,"5.981","2021-06-29 05:30:00"
"358198",18,"5.886","2021-06-29 05:45:00"
"358183",18,"19.48","2021-04-09 05:00:00"
"358457",18,"19.37","2021-04-09 05:15:00"
"358748",18,"19.26","2021-04-09 05:30:00"
"358538",18,"22.53","2021-03-06 23:30:00"
"358695",18,"22.46","2021-03-06 23:45:00"
"360788",18,"22.4","2021-03-07 00:00:00"
"359019",18,"19.17","2021-04-09 05:45:00"
"359208",18,"19.11","2021-04-09 06:00:00"
"358898",18,"28.8","2021-05-18 15:00:00"
"359007",18,"29.92","2021-05-18 15:15:00"
"359117",18,"30.34","2021-05-18 15:30:00"
"359210",18,"5.444","2021-06-29 06:45:00"
"359404",18,"5.16","2021-06-29 07:00:00"
"360322",18,"5.36","2021-06-29 08:30:00"
"360432",18,"6.125","2021-06-29 08:45:00"
"360535",18,"6.807","2021-06-29 09:00:00"
"360552",18,"20.89","2021-04-09 08:15:00"
"360657",18,"21.96","2021-04-09 08:30:00"
"360646",18,"7.711","2021-06-29 09:15:00"
"362790",18,"8.73","2021-06-29 09:30:00"
"362844",18,"9.55","2021-06-29 09:45:00"
"317806",18,"21.74","2021-05-16 09:45:00"
"317906",18,"21.25","2021-03-05 02:15:00"
"317960",18,"21.22","2021-03-05 02:30:00"
"318014",18,"21.2","2021-03-05 02:45:00"
"318068",18,"21.19","2021-03-05 03:00:00"
"318122",18,"21.2","2021-03-05 03:15:00"
"318176",18,"21.18","2021-03-05 03:30:00"
"318230",18,"21.17","2021-03-05 03:45:00"
"318842",18,"19.86","2021-04-07 06:15:00"
"318896",18,"19.76","2021-04-07 06:30:00"
"318950",18,"19.67","2021-04-07 06:45:00"
"319004",18,"19.63","2021-04-07 07:00:00"
"319058",18,"19.66","2021-04-07 07:15:00"
"319112",18,"19.74","2021-04-07 07:30:00"
"319166",18,"19.92","2021-04-07 07:45:00"
"319220",18,"20.27","2021-04-07 08:00:00"
"319274",18,"21.06","2021-04-07 08:15:00"
"319328",18,"21.57","2021-04-07 08:30:00"
"319382",18,"22.47","2021-04-07 08:45:00"
"320007",18,"30.3","2021-06-27 12:30:00"
"320083",18,"30.77","2021-06-27 12:45:00"
"320170",18,"31.11","2021-06-27 13:00:00"
"320232",18,"31.39","2021-06-27 13:15:00"
"320286",18,"31.56","2021-06-27 13:30:00"
"320340",18,"31.21","2021-06-27 13:45:00"
"320394",18,"30.22","2021-06-27 14:00:00"
"320448",18,"29.83","2021-06-27 14:15:00"
"320502",18,"29.88","2021-06-27 14:30:00"
"320556",18,"28.65","2021-06-27 14:45:00"
"321098",18,"27.9","2021-05-16 11:15:00"
"321152",18,"28.74","2021-05-16 11:30:00"
"321206",18,"29.62","2021-05-16 11:45:00"
"321260",18,"30.39","2021-05-16 12:00:00"
"321314",18,"31.19","2021-05-16 12:15:00"
"321368",18,"31.81","2021-05-16 12:30:00"
"321422",18,"32.21","2021-05-16 12:45:00"
"321476",18,"32.28","2021-05-16 13:00:00"
"321530",18,"32.59","2021-05-16 13:15:00"
"321584",18,"32.51","2021-05-16 13:30:00"
"321638",18,"31.9","2021-05-16 13:45:00"
"322256",18,"22.2","2021-03-05 08:30:00"
"322310",18,"22.28","2021-03-05 08:45:00"
"322364",18,"22.45","2021-03-05 09:00:00"
"322418",18,"22.84","2021-03-05 09:15:00"
"322472",18,"23.5","2021-03-05 09:30:00"
"322526",18,"23.56","2021-03-05 09:45:00"
"322580",18,"23.52","2021-03-05 10:00:00"
"322634",18,"23.57","2021-03-05 10:15:00"
"322688",18,"23.61","2021-03-05 10:30:00"
"322742",18,"23.6","2021-03-05 10:45:00"
"324808",18,"23.95","2021-03-05 11:00:00"
"323998",18,"33.2","2021-04-07 12:45:00"
"324104",18,"33.85","2021-04-07 13:00:00"
"324224",18,"33.92","2021-04-07 13:15:00"
"324099",18,"19.96","2021-06-27 19:30:00"
"324196",18,"19.67","2021-06-27 19:45:00"
"324306",18,"19.37","2021-06-27 20:00:00"
"324327",18,"34.05","2021-04-07 13:30:00"
"324414",18,"33.55","2021-04-07 13:45:00"
"324447",18,"19.14","2021-06-27 20:15:00"
"326810",18,"18.96","2021-06-27 20:30:00"
"325453",18,"27.65","2021-03-05 12:30:00"
"325545",18,"27.28","2021-03-05 12:45:00"
"325628",18,"29.15","2021-05-16 16:30:00"
"325682",18,"28.35","2021-05-16 16:45:00"
"325736",18,"27.7","2021-05-16 17:00:00"
"325790",18,"27.18","2021-05-16 17:15:00"
"325844",18,"26.64","2021-05-16 17:30:00"
"325950",18,"25.84","2021-05-16 17:45:00"
"326045",18,"24.71","2021-05-16 18:00:00"
"326152",18,"23.68","2021-05-16 18:15:00"
"327128",18,"32.97","2021-04-07 16:00:00"
"327225",18,"33.11","2021-04-07 16:15:00"
"327245",18,"18.47","2021-06-27 21:30:00"
"327366",18,"18.32","2021-06-27 21:45:00"
"327321",18,"32.58","2021-04-07 16:30:00"
"327426",18,"31.61","2021-04-07 16:45:00"
"327556",18,"31.2","2021-04-07 17:00:00"
"327474",18,"18.14","2021-06-27 22:00:00"
"327563",18,"17.95","2021-06-27 22:15:00"
"327688",18,"17.74","2021-06-27 22:30:00"
"329409",18,"18.99","2021-05-16 21:00:00"
"329531",18,"18.76","2021-05-16 21:15:00"
"329615",18,"26.58","2021-03-05 17:00:00"
"329728",18,"26.64","2021-03-05 17:15:00"
"329633",18,"18.4","2021-05-16 21:30:00"
"329735",18,"18.09","2021-05-16 21:45:00"
"329844",18,"17.88","2021-05-16 22:00:00"
"329835",18,"26.57","2021-03-05 17:30:00"
"329926",18,"26.19","2021-03-05 17:45:00"
"330029",18,"25.7","2021-03-05 18:00:00"
"331028",18,"23.97","2021-04-07 21:00:00"
"331082",18,"23.77","2021-04-07 21:15:00"
"331136",18,"23.56","2021-04-07 21:30:00"
"331190",18,"23.32","2021-04-07 21:45:00"
"331244",18,"23.07","2021-04-07 22:00:00"
"331298",18,"22.85","2021-04-07 22:15:00"
"331352",18,"22.66","2021-04-07 22:30:00"
"331406",18,"22.52","2021-04-07 22:45:00"
"331460",18,"22.33","2021-04-07 23:00:00"
"331528",18,"22.14","2021-04-07 23:15:00"
"332688",18,"15.31","2021-06-28 05:15:00"
"332742",18,"15.21","2021-06-28 05:30:00"
"335796",18,"15.12","2021-06-28 05:45:00"
"335850",18,"14.84","2021-06-28 06:00:00"
"335904",18,"14.74","2021-06-28 06:15:00"
"332906",18,"16.23","2021-05-17 00:15:00"
"332960",18,"16.07","2021-05-17 00:30:00"
"333014",18,"15.9","2021-05-17 00:45:00"
"333079",18,"15.7","2021-05-17 01:00:00"
"333196",18,"15.56","2021-05-17 01:15:00"
"334355",18,"14.57","2021-05-17 04:00:00"
"334458",18,"14.5","2021-05-17 04:15:00"
"334400",18,"22.05","2021-03-05 23:15:00"
"334496",18,"21.97","2021-03-05 23:30:00"
"334550",18,"21.89","2021-03-05 23:45:00"
"334604",18,"21.84","2021-03-06 00:00:00"
"334658",18,"21.78","2021-03-06 00:15:00"
"334712",18,"21.74","2021-03-06 00:30:00"
"334766",18,"21.71","2021-03-06 00:45:00"
"338820",18,"21.68","2021-03-06 01:00:00"
"336066",18,"14.33","2021-06-28 07:00:00"
"336120",18,"14.35","2021-06-28 07:15:00"
"336174",18,"14.39","2021-06-28 07:30:00"
"336228",18,"14.69","2021-06-28 07:45:00"
"336282",18,"14.99","2021-06-28 08:00:00"
"336336",18,"15.26","2021-06-28 08:15:00"
"336390",18,"15.63","2021-06-28 08:30:00"
"336444",18,"16.15","2021-06-28 08:45:00"
"336498",18,"16.6","2021-06-28 09:00:00"
"336552",18,"16.85","2021-06-28 09:15:00"
"337688",18,"16.83","2021-05-17 08:30:00"
"337742",18,"18.21","2021-05-17 08:45:00"
"337810",18,"19.45","2021-04-08 05:15:00"
"337864",18,"19.39","2021-04-08 05:30:00"
"337918",18,"19.31","2021-04-08 05:45:00"
"337972",18,"19.23","2021-04-08 06:00:00"
"338026",18,"19.2","2021-04-08 06:15:00"
"338080",18,"19.18","2021-04-08 06:30:00"
"338134",18,"19.16","2021-04-08 06:45:00"
"338188",18,"19.18","2021-04-08 07:00:00"
"339252",18,"21.19","2021-03-06 03:00:00"
"339306",18,"21.17","2021-03-06 03:15:00"
"339360",18,"21.14","2021-03-06 03:30:00"
"339414",18,"21.14","2021-03-06 03:45:00"
"339468",18,"21.15","2021-03-06 04:00:00"
"339522",18,"21.11","2021-03-06 04:15:00"
"339576",18,"21.16","2021-03-06 04:30:00"
"339630",18,"21.24","2021-03-06 04:45:00"
"339684",18,"21.3","2021-03-06 05:00:00"
"339738",18,"21.3","2021-03-06 05:15:00"
"342792",18,"21.28","2021-03-06 05:30:00"
"340930",18,"18.22","2021-06-28 11:00:00"
"340984",18,"18.58","2021-06-28 11:15:00"
"341038",18,"18.14","2021-06-28 11:30:00"
"341092",18,"17.62","2021-06-28 11:45:00"
"341173",18,"17.6","2021-06-28 12:00:00"
"341337",18,"18.26","2021-06-28 12:15:00"
"341495",18,"18.17","2021-06-28 12:30:00"
"341378",18,"29.05","2021-04-08 10:30:00"
"341455",18,"29.96","2021-04-08 10:45:00"
"342557",18,"32.76","2021-04-08 14:15:00"
"344808",18,"32.52","2021-04-08 14:30:00"
"344862",18,"32.61","2021-04-08 14:45:00"
"342740",18,"16.37","2021-06-28 14:45:00"
"345794",18,"16.12","2021-06-28 15:00:00"
"342846",18,"21.34","2021-03-06 05:45:00"
"342900",18,"21.38","2021-03-06 06:00:00"
"342967",18,"21.4","2021-03-06 06:15:00"
"343063",18,"21.41","2021-03-06 06:30:00"
"343155",18,"21.45","2021-03-06 06:45:00"
"343796",18,"22.17","2021-03-06 08:15:00"
"343928",18,"22.43","2021-03-06 08:30:00"
"343814",18,"30.05","2021-05-17 15:30:00"
"343900",18,"30.17","2021-05-17 15:45:00"
"344013",18,"29.96","2021-05-17 16:00:00"
"344125",18,"29.46","2021-05-17 16:15:00"
"344233",18,"28.87","2021-05-17 16:30:00"
"344037",18,"22.66","2021-03-06 08:45:00"
"344134",18,"23.25","2021-03-06 09:00:00"
"344242",18,"23.89","2021-03-06 09:15:00"
"344740",18,"24.04","2021-05-17 18:00:00"
"346794",18,"23.31","2021-05-17 18:15:00"
"346848",18,"22.69","2021-05-17 18:30:00"
"344916",18,"32.85","2021-04-08 15:00:00"
"344970",18,"32.67","2021-04-08 15:15:00"
"345024",18,"32.62","2021-04-08 15:30:00"
"345078",18,"32.46","2021-04-08 15:45:00"
"345132",18,"32.11","2021-04-08 16:00:00"
"345186",18,"31.75","2021-04-08 16:15:00"
"345240",18,"31.59","2021-04-08 16:30:00"
"345848",18,"15.78","2021-06-28 15:15:00"
"345902",18,"15.5","2021-06-28 15:30:00"
"345956",18,"15.38","2021-06-28 15:45:00"
"346010",18,"15.29","2021-06-28 16:00:00"
"346064",18,"14.95","2021-06-28 16:15:00"
"346118",18,"14.5","2021-06-28 16:30:00"
"346172",18,"14.22","2021-06-28 16:45:00"
"346226",18,"13.88","2021-06-28 17:00:00"
"346280",18,"13.53","2021-06-28 17:15:00"
"346334",18,"13.3","2021-06-28 17:30:00"
"346388",18,"13.04","2021-06-28 17:45:00"
"347010",18,"21.16","2021-05-17 19:15:00"
"347064",18,"20.76","2021-05-17 19:30:00"
"347118",18,"20.48","2021-05-17 19:45:00"
"347172",18,"20.2","2021-05-17 20:00:00"
"347226",18,"19.87","2021-05-17 20:15:00"
"347280",18,"19.63","2021-05-17 20:30:00"
"347334",18,"19.38","2021-05-17 20:45:00"
"347388",18,"19.15","2021-05-17 21:00:00"
"347442",18,"18.88","2021-05-17 21:15:00"
"347496",18,"18.61","2021-05-17 21:30:00"
"348736",18,"32.77","2021-03-06 14:30:00"
"351814",18,"30.94","2021-03-06 14:45:00"
"351930",18,"29.66","2021-03-06 15:00:00"
"348888",18,"25.73","2021-04-08 19:30:00"
"348942",18,"25.43","2021-04-08 19:45:00"
"348996",18,"25.15","2021-04-08 20:00:00"
"349067",18,"24.88","2021-04-08 20:15:00"
"349207",18,"24.62","2021-04-08 20:30:00"
"349125",18,"11.68","2021-06-28 19:45:00"
"349270",18,"11.47","2021-06-28 20:00:00"
"349471",18,"11.36","2021-06-28 20:15:00"
"350469",18,"16.15","2021-05-18 01:00:00"
"350648",18,"15.98","2021-05-18 01:15:00"
"350801",18,"15.82","2021-05-18 01:30:00"
"350447",18,"23.12","2021-04-08 22:30:00"
"350599",18,"22.95","2021-04-08 22:45:00"
"350770",18,"22.78","2021-04-08 23:00:00"
"350520",18,"10.5","2021-06-28 21:45:00"
"350672",18,"10.24","2021-06-28 22:00:00"
"350838",18,"10.02","2021-06-28 22:15:00"
"350982",18,"9.78","2021-06-28 22:30:00"
"351146",18,"9.69","2021-06-28 22:45:00"
"352040",18,"28.66","2021-03-06 15:15:00"
"352137",18,"28.69","2021-03-06 15:30:00"
"352235",18,"29.81","2021-03-06 15:45:00"
"352114",18,"14.13","2021-05-18 04:15:00"
"352232",18,"13.9","2021-05-18 04:30:00"
"352319",18,"13.77","2021-05-18 04:45:00"
"352359",18,"29.74","2021-03-06 16:00:00"
"352469",18,"28.82","2021-03-06 16:15:00"
"352432",18,"13.68","2021-05-18 05:00:00"
"352521",18,"13.65","2021-05-18 05:15:00"
"353651",18,"12.69","2021-05-18 07:30:00"
"353738",18,"12.97","2021-05-18 07:45:00"
"353793",18,"26.85","2021-03-06 18:30:00"
"353929",18,"26.21","2021-03-06 18:45:00"
"353862",18,"13.55","2021-05-18 08:00:00"
"355818",18,"14.82","2021-05-18 08:15:00"
"355872",18,"16.18","2021-05-18 08:30:00"
"354015",18,"25.71","2021-03-06 19:00:00"
"354113",18,"25.29","2021-03-06 19:15:00"
"356744",18,"24.97","2021-03-06 19:30:00"
"355224",18,"8.21","2021-06-29 02:15:00"
"355278",18,"7.877","2021-06-29 02:30:00"
"355332",18,"7.436","2021-06-29 02:45:00"
"355386",18,"7.073","2021-06-29 03:00:00"
"355440",18,"6.849","2021-06-29 03:15:00"
"355494",18,"6.605","2021-06-29 03:30:00"
"355548",18,"6.486","2021-06-29 03:45:00"
"355602",18,"6.319","2021-06-29 04:00:00"
"355656",18,"6.261","2021-06-29 04:15:00"
"355710",18,"6.22","2021-06-29 04:30:00"
"356358",18,"26.64","2021-05-18 10:45:00"
"356412",18,"27.67","2021-05-18 11:00:00"
"356466",18,"28.68","2021-05-18 11:15:00"
"356520",18,"29.53","2021-05-18 11:30:00"
"356574",18,"30.5","2021-05-18 11:45:00"
"356628",18,"31.08","2021-05-18 12:00:00"
"356693",18,"31.74","2021-05-18 12:15:00"
"356795",18,"32.31","2021-05-18 12:30:00"
"357372",18,"32.9","2021-05-18 12:45:00"
"357532",18,"32.98","2021-05-18 13:00:00"
"358176",18,"22.51","2021-03-06 23:00:00"
"358362",18,"22.54","2021-03-06 23:15:00"
"358101",18,"32.3","2021-05-18 13:45:00"
"358259",18,"31.21","2021-05-18 14:00:00"
"358421",18,"31.52","2021-05-18 14:15:00"
"358505",18,"5.854","2021-06-29 06:00:00"
"358833",18,"5.932","2021-06-29 06:15:00"
"359017",18,"5.777","2021-06-29 06:30:00"
"358601",18,"30.62","2021-05-18 14:30:00"
"358759",18,"28.95","2021-05-18 14:45:00"
"359837",18,"27.86","2021-05-18 17:00:00"
"359935",18,"26.84","2021-05-18 17:15:00"
"360863",18,"25.58","2021-05-18 17:30:00"
"360009",18,"18.84","2021-04-09 07:00:00"
"360113",18,"18.9","2021-04-09 07:15:00"
"360110",18,"4.773","2021-06-29 08:00:00"
"360213",18,"4.878","2021-06-29 08:15:00"
"360226",18,"19.01","2021-04-09 07:30:00"
"360333",18,"19.21","2021-04-09 07:45:00"
"360750",18,"22.94","2021-04-09 08:45:00"
"363323",18,"23.89","2021-04-09 09:00:00"
"363437",18,"24.72","2021-04-09 09:15:00"
"365274",18,"13.81","2021-05-19 00:15:00"
"365365",18,"13.63","2021-05-19 00:30:00"
"365465",18,"13.53","2021-05-19 00:45:00"
"365475",18,"20.91","2021-03-07 05:00:00"
"365576",18,"20.91","2021-03-07 05:15:00"
"365671",18,"20.92","2021-03-07 05:30:00"
"365579",18,"13.41","2021-05-19 01:00:00"
"365695",18,"13.28","2021-05-19 01:15:00"
"365789",18,"13.14","2021-05-19 01:30:00"
"365795",18,"20.87","2021-03-07 05:45:00"
"365904",18,"20.89","2021-03-07 06:00:00"
"366408",18,"21.59","2021-03-07 07:30:00"
"366462",18,"21.82","2021-03-07 07:45:00"
"366516",18,"22.1","2021-03-07 08:00:00"
"366570",18,"22.46","2021-03-07 08:15:00"
"366624",18,"23.07","2021-03-07 08:30:00"
"366678",18,"23.64","2021-03-07 08:45:00"
"366732",18,"24.85","2021-03-07 09:00:00"
"369786",18,"26.68","2021-03-07 09:15:00"
"366816",18,"14.48","2021-06-29 14:15:00"
"366870",18,"14.06","2021-06-29 14:30:00"
"366925",18,"13.7","2021-06-29 14:45:00"
"367563",18,"33.3","2021-04-09 15:15:00"
"367644",18,"33.23","2021-04-09 15:30:00"
"367757",18,"13.67","2021-06-29 16:15:00"
"367919",18,"13.47","2021-06-29 16:30:00"
"368073",18,"13.03","2021-06-29 16:45:00"
"367717",18,"33.26","2021-04-09 15:45:00"
"367796",18,"33.29","2021-04-09 16:00:00"
"367878",18,"33.1","2021-04-09 16:15:00"
"367961",18,"32.83","2021-04-09 16:30:00"
"368043",18,"32.45","2021-04-09 16:45:00"
"368130",18,"31.9","2021-04-09 17:00:00"
"369678",18,"10.47","2021-05-19 06:45:00"
"369732",18,"10.38","2021-05-19 07:00:00"
"372613",18,"10.36","2021-05-19 07:15:00"
"369840",18,"27.15","2021-03-07 09:30:00"
"369894",18,"27.88","2021-03-07 09:45:00"
"369993",18,"27.85","2021-03-07 10:00:00"
"370104",18,"29.34","2021-03-07 10:15:00"
"370203",18,"29.3","2021-03-07 10:30:00"
"370249",18,"7.01","2021-06-29 19:30:00"
"370332",18,"6.692","2021-06-29 19:45:00"
"370936",18,"5.912","2021-06-29 20:45:00"
"371105",18,"5.753","2021-06-29 21:00:00"
"371282",18,"5.614","2021-06-29 21:15:00"
"370998",18,"26.52","2021-04-09 19:00:00"
"371127",18,"26.04","2021-04-09 19:15:00"
"371297",18,"25.63","2021-04-09 19:30:00"
"371103",18,"34.84","2021-03-07 12:00:00"
"371239",18,"33.02","2021-03-07 12:15:00"
"371392",18,"32.49","2021-03-07 12:30:00"
"371443",18,"5.464","2021-06-29 21:30:00"
"371594",18,"5.4","2021-06-29 21:45:00"
"372470",18,"4.681","2021-06-29 23:15:00"
"373921",18,"4.531","2021-06-29 23:30:00"
"373997",18,"4.342","2021-06-29 23:45:00"
"372504",18,"23.35","2021-04-09 21:30:00"
"372558",18,"23.11","2021-04-09 21:45:00"
"372619",18,"22.89","2021-04-09 22:00:00"
"372721",18,"10.55","2021-05-19 07:30:00"
"372827",18,"10.89","2021-05-19 07:45:00"
"372731",18,"22.7","2021-04-09 22:15:00"
"372839",18,"22.46","2021-04-09 22:30:00"
"372943",18,"22.26","2021-04-09 22:45:00"
"373380",18,"22.31","2021-05-19 10:00:00"
"373434",18,"23.84","2021-05-19 10:15:00"
"373488",18,"25","2021-05-19 10:30:00"
"373542",18,"26.18","2021-05-19 10:45:00"
"373596",18,"27.37","2021-05-19 11:00:00"
"373650",18,"28.34","2021-05-19 11:15:00"
"373704",18,"29.38","2021-05-19 11:30:00"
"373758",18,"30.28","2021-05-19 11:45:00"
"375069",18,"31.2","2021-05-19 12:00:00"
"375305",18,"31.92","2021-05-19 12:15:00"
"375187",18,"3.2640000000000002","2021-06-30 01:45:00"
"375381",18,"3.123","2021-06-30 02:00:00"
"375597",18,"2.961","2021-06-30 02:15:00"
"375312",18,"22.21","2021-03-07 16:30:00"
"375523",18,"22.13","2021-03-07 16:45:00"
"375844",18,"22.17","2021-03-07 17:00:00"
"375478",18,"32.58","2021-05-19 12:30:00"
"375644",18,"33.06","2021-05-19 12:45:00"
"375871",18,"2.8280000000000003","2021-06-30 02:30:00"
"376168",18,"2.727","2021-06-30 02:45:00"
"376487",18,"2.6189999999999998","2021-06-30 03:00:00"
"376758",18,"22.33","2021-03-07 17:45:00"
"377048",18,"22.34","2021-03-07 18:00:00"
"377363",18,"22.33","2021-03-07 18:15:00"
"377119",18,"21.05","2021-04-10 02:45:00"
"377319",18,"20.91","2021-04-10 03:00:00"
"377478",18,"20.67","2021-04-10 03:15:00"
"377167",18,"28.56","2021-05-19 15:00:00"
"377307",18,"29.86","2021-05-19 15:15:00"
"377337",18,"2.236","2021-06-30 03:45:00"
"379416",18,"2.119","2021-06-30 04:00:00"
"379683",18,"2.037","2021-06-30 04:15:00"
"379269",18,"22.28","2021-03-07 18:30:00"
"379478",18,"22.13","2021-03-07 18:45:00"
"377477",18,"30.37","2021-05-19 15:30:00"
"377616",18,"30.47","2021-05-19 15:45:00"
"377676",18,"30.21","2021-05-19 16:00:00"
"377861",18,"20.33","2021-04-10 03:30:00"
"377967",18,"19.96","2021-04-10 03:45:00"
"377730",18,"29.85","2021-05-19 16:15:00"
"377784",18,"29.35","2021-05-19 16:30:00"
"377845",18,"28.61","2021-05-19 16:45:00"
"379065",18,"19.47","2021-05-19 19:30:00"
"379179",18,"19.03","2021-05-19 19:45:00"
"379128",18,"18.01","2021-04-10 06:30:00"
"379254",18,"17.88","2021-04-10 06:45:00"
"379406",18,"17.83","2021-04-10 07:00:00"
"379279",18,"18.67","2021-05-19 20:00:00"
"379432",18,"18.25","2021-05-19 20:15:00"
"379623",18,"17.88","2021-05-19 20:30:00"
"379632",18,"17.9","2021-04-10 07:15:00"
"379898",18,"18.07","2021-04-10 07:30:00"
"380087",18,"18.29","2021-04-10 07:45:00"
"380219",18,"21.4","2021-03-07 19:45:00"
"380363",18,"21.24","2021-03-07 20:00:00"
"380275",18,"1.7850000000000001","2021-06-30 05:00:00"
"380402",18,"1.7229999999999999","2021-06-30 05:15:00"
"380487",18,"21.07","2021-03-07 20:15:00"
"380496",18,"1.6640000000000001","2021-06-30 05:30:00"
"380590",18,"20.91","2021-03-07 20:30:00"
"380691",18,"20.74","2021-03-07 20:45:00"
"380609",18,"1.617","2021-06-30 05:45:00"
"380725",18,"1.572","2021-06-30 06:00:00"
"381810",18,"16.98","2021-05-19 21:15:00"
"381864",18,"16.85","2021-05-19 21:30:00"
"381918",18,"16.64","2021-05-19 21:45:00"
"381972",18,"16.38","2021-05-19 22:00:00"
"382026",18,"16.17","2021-05-19 22:15:00"
"382080",18,"15.81","2021-05-19 22:30:00"
"382134",18,"15.51","2021-05-19 22:45:00"
"382188",18,"15.27","2021-05-19 23:00:00"
"382242",18,"15.05","2021-05-19 23:15:00"
"382296",18,"14.84","2021-05-19 23:30:00"
"382350",18,"14.64","2021-05-19 23:45:00"
"382893",18,"19.92","2021-03-07 23:30:00"
"383071",18,"19.82","2021-03-07 23:45:00"
"383373",18,"19.69","2021-03-08 00:00:00"
"383129",18,"13.88","2021-05-20 01:15:00"
"383288",18,"13.74","2021-05-20 01:30:00"
"383360",18,"8.59","2021-06-30 09:30:00"
"383515",18,"9.78","2021-06-30 09:45:00"
"383495",18,"25.26","2021-04-10 09:15:00"
"383652",18,"26.37","2021-04-10 09:30:00"
"384638",18,"17.26","2021-06-30 11:30:00"
"384792",18,"18.02","2021-06-30 11:45:00"
"384652",18,"32.28","2021-04-10 11:00:00"
"384807",18,"33","2021-04-10 11:15:00"
"384953",18,"33.75","2021-04-10 11:30:00"
"384893",18,"19.71","2021-03-08 02:15:00"
"385048",18,"19.77","2021-03-08 02:30:00"
"384973",18,"19.07","2021-06-30 12:00:00"
"385131",18,"19.84","2021-06-30 12:15:00"
"385288",18,"20.24","2021-06-30 12:30:00"
"386214",18,"12.09","2021-05-20 03:45:00"
"386268",18,"11.95","2021-05-20 04:00:00"
"386322",18,"11.83","2021-05-20 04:15:00"
"386376",18,"11.71","2021-05-20 04:30:00"
"386430",18,"11.57","2021-05-20 04:45:00"
"386484",18,"11.45","2021-05-20 05:00:00"
"386538",18,"11.39","2021-05-20 05:15:00"
"386592",18,"11.34","2021-05-20 05:30:00"
"386646",18,"11.31","2021-05-20 05:45:00"
"386700",18,"11.27","2021-05-20 06:00:00"
"387367",18,"35.23","2021-04-10 13:45:00"
"387522",18,"34.51","2021-04-10 14:00:00"
"387509",18,"19.04","2021-06-30 14:30:00"
"387689",18,"17.93","2021-06-30 14:45:00"
"387868",18,"16.67","2021-06-30 15:00:00"
"387640",18,"19.65","2021-03-08 04:45:00"
"387787",18,"19.82","2021-03-08 05:00:00"
"387676",18,"33.46","2021-04-10 14:15:00"
"387828",18,"33.82","2021-04-10 14:30:00"
"387967",18,"34.19","2021-04-10 14:45:00"
"388953",18,"33.67","2021-04-10 16:15:00"
"389121",18,"33.4","2021-04-10 16:30:00"
"389325",18,"16.24","2021-06-30 17:15:00"
"389482",18,"15.32","2021-06-30 17:30:00"
"389262",18,"20.45","2021-03-08 07:15:00"
"389413",18,"20.64","2021-03-08 07:30:00"
"389575",18,"20.91","2021-03-08 07:45:00"
"389278",18,"32.95","2021-04-10 16:45:00"
"389448",18,"32.39","2021-04-10 17:00:00"
"389621",18,"31.67","2021-04-10 17:15:00"
"390186",18,"13.64","2021-05-20 08:15:00"
"390240",18,"15.23","2021-05-20 08:30:00"
"390294",18,"16.61","2021-05-20 08:45:00"
"390348",18,"17.7","2021-05-20 09:00:00"
"390402",18,"18.65","2021-05-20 09:15:00"
"390456",18,"20.36","2021-05-20 09:30:00"
"390510",18,"21.76","2021-05-20 09:45:00"
"390564",18,"22.99","2021-05-20 10:00:00"
"390618",18,"24.28","2021-05-20 10:15:00"
"390672",18,"25.54","2021-05-20 10:30:00"
"391885",18,"23.43","2021-03-08 09:15:00"
"392016",18,"24.3","2021-03-08 09:30:00"
"391920",18,"24.34","2021-04-10 20:45:00"
"392101",18,"24.04","2021-04-10 21:00:00"
"392096",18,"10.25","2021-06-30 19:00:00"
"392243",18,"9.83","2021-06-30 19:15:00"
"392396",18,"9.46","2021-06-30 19:30:00"
"392188",18,"25.24","2021-03-08 09:45:00"
"392351",18,"26.09","2021-03-08 10:00:00"
"392509",18,"27.45","2021-03-08 10:15:00"
"393365",18,"7.389","2021-06-30 21:30:00"
"393465",18,"7.18","2021-06-30 21:45:00"
"393565",18,"6.992","2021-06-30 22:00:00"
"393566",18,"33.95","2021-03-08 12:30:00"
"393655",18,"34.07","2021-03-08 12:45:00"
"393693",18,"6.821","2021-06-30 22:15:00"
"395782",18,"6.659","2021-06-30 22:30:00"
"395859",18,"6.67","2021-06-30 22:45:00"
"393768",18,"34.12","2021-03-08 13:00:00"
"395909",18,"33.14","2021-03-08 13:15:00"
"396037",18,"33.78","2021-03-08 13:30:00"
"394428",18,"32.32","2021-05-20 14:00:00"
"394482",18,"32.41","2021-05-20 14:15:00"
"394536",18,"31.78","2021-05-20 14:30:00"
"394590",18,"30.41","2021-05-20 14:45:00"
"394644",18,"30.29","2021-05-20 15:00:00"
"394698",18,"31.32","2021-05-20 15:15:00"
"394752",18,"31.54","2021-05-20 15:30:00"
"396611",18,"31.36","2021-05-20 15:45:00"
"394904",18,"22.63","2021-04-10 22:30:00"
"394958",18,"22.4","2021-04-10 22:45:00"
"395012",18,"22.23","2021-04-10 23:00:00"
"396163",18,"6.427","2021-06-30 23:30:00"
"396261",18,"6.391","2021-06-30 23:45:00"
"396360",18,"6.344","2021-07-01 00:00:00"
"396387",18,"33.99","2021-03-08 14:15:00"
"396499",18,"34.82","2021-03-08 14:30:00"
"396654",18,"34.25","2021-03-08 14:45:00"
"396467",18,"6.2","2021-07-01 00:15:00"
"396598",18,"5.963","2021-07-01 00:30:00"
"396750",18,"31.06","2021-05-20 16:00:00"
"396964",18,"30.64","2021-05-20 16:15:00"
"397284",18,"34.15","2021-03-08 15:45:00"
"397458",18,"34.27","2021-03-08 16:00:00"
"397641",18,"32.91","2021-03-08 16:15:00"
"397312",18,"29.53","2021-05-20 16:45:00"
"397479",18,"28.57","2021-05-20 17:00:00"
"397624",18,"27.44","2021-05-20 17:15:00"
"397667",18,"5.26","2021-07-01 02:15:00"
"397817",18,"5.141","2021-07-01 02:30:00"
"397978",18,"5.009","2021-07-01 02:45:00"
"397776",18,"26.36","2021-05-20 17:30:00"
"397940",18,"25.39","2021-05-20 17:45:00"
"398876",18,"20.19","2021-04-11 03:00:00"
"398930",18,"20.02","2021-04-11 03:15:00"
"398984",18,"19.85","2021-04-11 03:30:00"
"399038",18,"19.71","2021-04-11 03:45:00"
"399092",18,"19.57","2021-04-11 04:00:00"
"399146",18,"19.41","2021-04-11 04:15:00"
"399200",18,"19.26","2021-04-11 04:30:00"
"399254",18,"19.14","2021-04-11 04:45:00"
"399308",18,"19.03","2021-04-11 05:00:00"
"399362",18,"18.96","2021-04-11 05:15:00"
"399994",18,"18.69","2021-05-20 21:15:00"
"400048",18,"18.46","2021-05-20 21:30:00"
"400124",18,"18.25","2021-05-20 21:45:00"
"400249",18,"18.02","2021-05-20 22:00:00"
"400366",18,"17.85","2021-05-20 22:15:00"
"400323",18,"27.23","2021-03-08 18:15:00"
"400438",18,"26.9","2021-03-08 18:30:00"
"400546",18,"26.55","2021-03-08 18:45:00"
"400465",18,"17.83","2021-05-20 22:30:00"
"400572",18,"17.86","2021-05-20 22:45:00"
"400671",18,"17.72","2021-05-20 23:00:00"
"401221",18,"24.8","2021-03-08 20:15:00"
"401314",18,"24.57","2021-03-08 20:30:00"
"401422",18,"24.33","2021-03-08 20:45:00"
"401317",18,"16.63","2021-05-21 00:30:00"
"401425",18,"16.49","2021-05-21 00:45:00"
"401508",18,"24.12","2021-03-08 21:00:00"
"360439",18,"19.77","2021-04-09 08:00:00"
"360887",18,"22.26","2021-03-07 00:15:00"
"361011",18,"22.08","2021-03-07 00:30:00"
"360960",18,"24.27","2021-05-18 17:45:00"
"361067",18,"23.07","2021-05-18 18:00:00"
"361136",18,"21.98","2021-03-07 00:45:00"
"361250",18,"21.99","2021-03-07 01:00:00"
"361358",18,"21.86","2021-03-07 01:15:00"
"361157",18,"22.01","2021-05-18 18:15:00"
"361262",18,"21.16","2021-05-18 18:30:00"
"361377",18,"20.41","2021-05-18 18:45:00"
"361994",18,"20.95","2021-03-07 02:45:00"
"362103",18,"20.91","2021-03-07 03:00:00"
"362225",18,"20.92","2021-03-07 03:15:00"
"362030",18,"17.55","2021-05-18 20:15:00"
"362135",18,"17.28","2021-05-18 20:30:00"
"362231",18,"17.01","2021-05-18 20:45:00"
"362336",18,"16.71","2021-05-18 21:00:00"
"362458",18,"16.44","2021-05-18 21:15:00"
"362335",18,"21.03","2021-03-07 03:30:00"
"362429",18,"21.19","2021-03-07 03:45:00"
"362537",18,"21.24","2021-03-07 04:00:00"
"362567",18,"16.19","2021-05-18 21:30:00"
"362670",18,"15.94","2021-05-18 21:45:00"
"364788",18,"15.71","2021-05-18 22:00:00"
"364842",18,"15.43","2021-05-18 22:15:00"
"362648",18,"21.2","2021-03-07 04:15:00"
"362760",18,"21.08","2021-03-07 04:30:00"
"365358",18,"20.98","2021-03-07 04:45:00"
"362898",18,"10.31","2021-06-29 10:00:00"
"362952",18,"11.51","2021-06-29 10:15:00"
"363673",18,"15.63","2021-06-29 12:30:00"
"363792",18,"16.73","2021-06-29 12:45:00"
"363683",18,"27.82","2021-04-09 10:00:00"
"363780",18,"28.84","2021-04-09 10:15:00"
"363866",18,"29.87","2021-04-09 10:30:00"
"363955",18,"30.86","2021-04-09 10:45:00"
"364040",18,"31.69","2021-04-09 11:00:00"
"364120",18,"32.51","2021-04-09 11:15:00"
"363932",18,"16.48","2021-06-29 13:00:00"
"364089",18,"15.99","2021-06-29 13:15:00"
"364240",18,"15.78","2021-06-29 13:30:00"
"364722",18,"35.76","2021-04-09 13:15:00"
"364776",18,"35.3","2021-04-09 13:30:00"
"367001",18,"34.58","2021-04-09 13:45:00"
"364896",18,"15.17","2021-05-18 22:30:00"
"364950",18,"14.96","2021-05-18 22:45:00"
"365004",18,"14.8","2021-05-18 23:00:00"
"365058",18,"14.66","2021-05-18 23:15:00"
"365112",18,"14.44","2021-05-18 23:30:00"
"365166",18,"14.19","2021-05-18 23:45:00"
"365220",18,"13.99","2021-05-19 00:00:00"
"365900",18,"13.03","2021-05-19 01:45:00"
"365999",18,"12.81","2021-05-19 02:00:00"
"366021",18,"20.95","2021-03-07 06:15:00"
"366111",18,"21","2021-03-07 06:30:00"
"366219",18,"21.04","2021-03-07 06:45:00"
"366124",18,"12.69","2021-05-19 02:15:00"
"366232",18,"12.52","2021-05-19 02:30:00"
"368814",18,"12.29","2021-05-19 02:45:00"
"366300",18,"21.17","2021-03-07 07:00:00"
"366354",18,"21.37","2021-03-07 07:15:00"
"368222",18,"12.42","2021-06-29 17:00:00"
"368383",18,"11.73","2021-06-29 17:15:00"
"368212",18,"31.29","2021-04-09 17:15:00"
"368294",18,"30.53","2021-04-09 17:30:00"
"368375",18,"29.76","2021-04-09 17:45:00"
"368457",18,"29.08","2021-04-09 18:00:00"
"370505",18,"28.39","2021-04-09 18:15:00"
"368518",18,"11.04","2021-06-29 17:30:00"
"368572",18,"10.32","2021-06-29 17:45:00"
"368626",18,"9.58","2021-06-29 18:00:00"
"369138",18,"11.34","2021-05-19 04:15:00"
"369192",18,"11.22","2021-05-19 04:30:00"
"369246",18,"11.1","2021-05-19 04:45:00"
"369300",18,"10.98","2021-05-19 05:00:00"
"369354",18,"10.84","2021-05-19 05:15:00"
"369408",18,"10.72","2021-05-19 05:30:00"
"369462",18,"10.7","2021-05-19 05:45:00"
"369516",18,"10.67","2021-05-19 06:00:00"
"369570",18,"10.65","2021-05-19 06:15:00"
"369624",18,"10.56","2021-05-19 06:30:00"
"370335",18,"30.65","2021-03-07 10:45:00"
"370435",18,"32.2","2021-03-07 11:00:00"
"370600",18,"33.17","2021-03-07 11:15:00"
"370454",18,"6.444","2021-06-29 20:00:00"
"370598",18,"6.292","2021-06-29 20:15:00"
"370764",18,"6.11","2021-06-29 20:30:00"
"370678",18,"27.67","2021-04-09 18:30:00"
"370832",18,"27.04","2021-04-09 18:45:00"
"370765",18,"34.25","2021-03-07 11:30:00"
"370920",18,"35.17","2021-03-07 11:45:00"
"371931",18,"35.45","2021-03-07 13:15:00"
"372068",18,"33.71","2021-03-07 13:30:00"
"372244",18,"30.37","2021-03-07 13:45:00"
"372230",18,"4.952","2021-06-29 22:45:00"
"372361",18,"4.835","2021-06-29 23:00:00"
"372264",18,"23.84","2021-04-09 21:00:00"
"372392",18,"23.6","2021-04-09 21:15:00"
"373812",18,"25.59","2021-03-07 14:00:00"
"373866",18,"23.91","2021-03-07 14:15:00"
"372940",18,"11.59","2021-05-19 08:00:00"
"373002",18,"12.99","2021-05-19 08:15:00"
"373056",18,"14.53","2021-05-19 08:30:00"
"374549",18,"22.05","2021-04-09 23:00:00"
"374677",18,"21.89","2021-04-09 23:15:00"
"373110",18,"15.83","2021-05-19 08:45:00"
"373164",18,"16.99","2021-05-19 09:00:00"
"373218",18,"18.02","2021-05-19 09:15:00"
"373272",18,"19.45","2021-05-19 09:30:00"
"373326",18,"20.9","2021-05-19 09:45:00"
"374647",18,"22.92","2021-03-07 15:45:00"
"374843",18,"22.68","2021-03-07 16:00:00"
"375054",18,"22.44","2021-03-07 16:15:00"
"374793",18,"3.565","2021-06-30 01:15:00"
"374973",18,"3.409","2021-06-30 01:30:00"
"374803",18,"21.75","2021-04-09 23:30:00"
"374930",18,"21.62","2021-04-09 23:45:00"
"375131",18,"21.5","2021-04-10 00:00:00"
"375311",18,"21.4","2021-04-10 00:15:00"
"375593",18,"21.3","2021-04-10 00:30:00"
"376335",18,"32.45","2021-05-19 13:45:00"
"376492",18,"31.37","2021-05-19 14:00:00"
"376756",18,"2.564","2021-06-30 03:15:00"
"377069",18,"2.411","2021-06-30 03:30:00"
"376780",18,"21.13","2021-04-10 02:15:00"
"376934",18,"21.11","2021-04-10 02:30:00"
"376648",18,"31.56","2021-05-19 14:15:00"
"376824",18,"30.45","2021-05-19 14:30:00"
"377000",18,"28.68","2021-05-19 14:45:00"
"377964",18,"27.74","2021-05-19 17:00:00"
"378086",18,"26.64","2021-05-19 17:15:00"
"378060",18,"19.71","2021-04-10 04:00:00"
"378171",18,"19.5","2021-04-10 04:15:00"
"378278",18,"19.3","2021-04-10 04:30:00"
"378193",18,"25.45","2021-05-19 17:30:00"
"378302",18,"24.32","2021-05-19 17:45:00"
"378404",18,"23.29","2021-05-19 18:00:00"
"378391",18,"19.11","2021-04-10 04:45:00"
"378504",18,"18.95","2021-04-10 05:00:00"
"379677",18,"21.92","2021-03-07 19:00:00"
"379835",18,"21.74","2021-03-07 19:15:00"
"380045",18,"21.56","2021-03-07 19:30:00"
"379790",18,"17.53","2021-05-19 20:45:00"
"380037",18,"17.21","2021-05-19 21:00:00"
"379935",18,"1.97","2021-06-30 04:30:00"
"380140",18,"1.874","2021-06-30 04:45:00"
"380315",18,"19.12","2021-04-10 08:00:00"
"382659",18,"20.68","2021-04-10 08:15:00"
"380798",18,"20.59","2021-03-07 21:00:00"
"380909",18,"20.45","2021-03-07 21:15:00"
"381020",18,"20.3","2021-03-07 21:30:00"
"380832",18,"1.56","2021-06-30 06:15:00"
"380937",18,"1.5350000000000001","2021-06-30 06:30:00"
"381043",18,"1.501","2021-06-30 06:45:00"
"381123",18,"20.2","2021-03-07 21:45:00"
"381235",18,"20.19","2021-03-07 22:00:00"
"381156",18,"1.496","2021-06-30 07:00:00"
"381260",18,"1.467","2021-06-30 07:15:00"
"382404",18,"14.58","2021-05-20 00:00:00"
"382458",18,"14.49","2021-05-20 00:15:00"
"382512",18,"14.3","2021-05-20 00:30:00"
"382646",18,"14.08","2021-05-20 00:45:00"
"382861",18,"14.02","2021-05-20 01:00:00"
"382705",18,"4.672","2021-06-30 08:45:00"
"382965",18,"6.12","2021-06-30 09:00:00"
"383145",18,"7.477","2021-06-30 09:15:00"
"382855",18,"22.04","2021-04-10 08:30:00"
"383035",18,"23.28","2021-04-10 08:45:00"
"383273",18,"24.26","2021-04-10 09:00:00"
"384092",18,"19.67","2021-03-08 01:00:00"
"384238",18,"19.7","2021-03-08 01:15:00"
"384169",18,"14.59","2021-06-30 10:45:00"
"384329",18,"15.61","2021-06-30 11:00:00"
"384485",18,"16.64","2021-06-30 11:15:00"
"384317",18,"30.32","2021-04-10 10:30:00"
"384476",18,"31.49","2021-04-10 10:45:00"
"384391",18,"19.75","2021-03-08 01:30:00"
"384561",18,"19.83","2021-03-08 01:45:00"
"384713",18,"19.73","2021-03-08 02:00:00"
"385152",18,"34.32","2021-04-10 11:45:00"
"385293",18,"34.84","2021-04-10 12:00:00"
"385187",18,"19.87","2021-03-08 02:45:00"
"385375",18,"19.98","2021-03-08 03:00:00"
"385539",18,"19.97","2021-03-08 03:15:00"
"385445",18,"20.76","2021-06-30 12:45:00"
"385600",18,"21.16","2021-06-30 13:00:00"
"385452",18,"35.3","2021-04-10 12:15:00"
"385618",18,"35.91","2021-04-10 12:30:00"
"386778",18,"36.28","2021-04-10 12:45:00"
"386767",18,"11.11","2021-05-20 06:15:00"
"389808",18,"10.89","2021-05-20 06:30:00"
"389862",18,"10.73","2021-05-20 06:45:00"
"386914",18,"36.47","2021-04-10 13:00:00"
"387037",18,"36.27","2021-04-10 13:15:00"
"387185",18,"35.85","2021-04-10 13:30:00"
"387178",18,"19.77","2021-06-30 14:00:00"
"387307",18,"19.15","2021-06-30 14:15:00"
"387180",18,"19.46","2021-03-08 04:00:00"
"387363",18,"19.34","2021-03-08 04:15:00"
"387486",18,"19.44","2021-03-08 04:30:00"
"388453",18,"20.17","2021-03-08 06:00:00"
"388617",18,"20.21","2021-03-08 06:15:00"
"388771",18,"20.24","2021-03-08 06:30:00"
"388463",18,"33.77","2021-04-10 15:30:00"
"388622",18,"33.78","2021-04-10 15:45:00"
"388784",18,"33.77","2021-04-10 16:00:00"
"388840",18,"18.11","2021-06-30 16:30:00"
"388982",18,"17.64","2021-06-30 16:45:00"
"389144",18,"17.05","2021-06-30 17:00:00"
"388954",18,"20.28","2021-03-08 06:45:00"
"389106",18,"20.34","2021-03-08 07:00:00"
"389636",18,"14.18","2021-06-30 17:45:00"
"391361",18,"13.03","2021-06-30 18:00:00"
"391523",18,"12.08","2021-06-30 18:15:00"
"389700",18,"21.21","2021-03-08 08:00:00"
"389754",18,"21.55","2021-03-08 08:15:00"
"389916",18,"10.7","2021-05-20 07:00:00"
"389970",18,"10.82","2021-05-20 07:15:00"
"390024",18,"11.07","2021-05-20 07:30:00"
"390078",18,"11.41","2021-05-20 07:45:00"
"390132",18,"12.12","2021-05-20 08:00:00"
"391256",18,"25.93","2021-04-10 19:30:00"
"391329",18,"25.55","2021-04-10 19:45:00"
"391426",18,"21.86","2021-03-08 08:30:00"
"391573",18,"22.24","2021-03-08 08:45:00"
"391713",18,"22.75","2021-03-08 09:00:00"
"391489",18,"25.21","2021-04-10 20:00:00"
"391628",18,"24.91","2021-04-10 20:15:00"
"391768",18,"24.63","2021-04-10 20:30:00"
"391750",18,"11.33","2021-06-30 18:30:00"
"391917",18,"10.73","2021-06-30 18:45:00"
"392262",18,"23.77","2021-04-10 21:15:00"
"392431",18,"23.52","2021-04-10 21:30:00"
"392577",18,"23.28","2021-04-10 21:45:00"
"392574",18,"9.12","2021-06-30 19:45:00"
"392714",18,"8.8","2021-06-30 20:00:00"
"392689",18,"28.21","2021-03-08 10:30:00"
"392799",18,"29.6","2021-03-08 10:45:00"
"394796",18,"23.06","2021-04-10 22:00:00"
"394850",18,"22.85","2021-04-10 22:15:00"
"393888",18,"30.02","2021-05-20 11:30:00"
"393942",18,"31.04","2021-05-20 11:45:00"
"393996",18,"31.92","2021-05-20 12:00:00"
"394050",18,"32.69","2021-05-20 12:15:00"
"394104",18,"33.12","2021-05-20 12:30:00"
"394158",18,"33.55","2021-05-20 12:45:00"
"394212",18,"33.88","2021-05-20 13:00:00"
"394266",18,"34.13","2021-05-20 13:15:00"
"394320",18,"34.11","2021-05-20 13:30:00"
"394374",18,"33.23","2021-05-20 13:45:00"
"395606",18,"21.07","2021-04-11 01:45:00"
"395660",18,"20.86","2021-04-11 02:00:00"
"395714",18,"20.7","2021-04-11 02:15:00"
"395768",18,"20.54","2021-04-11 02:30:00"
"398822",18,"20.36","2021-04-11 02:45:00"
"395963",18,"6.645","2021-06-30 23:00:00"
"396053",18,"6.539","2021-06-30 23:15:00"
"396151",18,"33.93","2021-03-08 13:45:00"
"396274",18,"34.02","2021-03-08 14:00:00"
"396821",18,"34.37","2021-03-08 15:00:00"
"396957",18,"34.93","2021-03-08 15:15:00"
"396761",18,"5.828","2021-07-01 00:45:00"
"396905",18,"5.7059999999999995","2021-07-01 01:00:00"
"397064",18,"5.609","2021-07-01 01:15:00"
"397119",18,"35.03","2021-03-08 15:30:00"
"397137",18,"30.2","2021-05-20 16:30:00"
"397217",18,"5.548","2021-07-01 01:30:00"
"397358",18,"5.414","2021-07-01 01:45:00"
"397506",18,"5.3","2021-07-01 02:00:00"
"398430",18,"22.41","2021-05-20 18:45:00"
"398508",18,"21.89","2021-05-20 19:00:00"
"400128",18,"28.17","2021-03-08 17:45:00"
"400221",18,"27.63","2021-03-08 18:00:00"
"398562",18,"21.45","2021-05-20 19:15:00"
"398616",18,"21.06","2021-05-20 19:30:00"
"398670",18,"20.65","2021-05-20 19:45:00"
"398724",18,"20.29","2021-05-20 20:00:00"
"398778",18,"19.91","2021-05-20 20:15:00"
"399416",18,"18.86","2021-04-11 05:30:00"
"399470",18,"18.77","2021-04-11 05:45:00"
"399524",18,"18.69","2021-04-11 06:00:00"
"399578",18,"18.59","2021-04-11 06:15:00"
"399632",18,"18.5","2021-04-11 06:30:00"
"399686",18,"18.41","2021-04-11 06:45:00"
"399740",18,"18.38","2021-04-11 07:00:00"
"402794",18,"18.47","2021-04-11 07:15:00"
"399832",18,"19.58","2021-05-20 20:30:00"
"399886",18,"19.26","2021-05-20 20:45:00"
"399940",18,"18.95","2021-05-20 21:00:00"
"401778",18,"23.05","2021-03-08 22:15:00"
"404832",18,"22.88","2021-03-08 22:30:00"
"401862",18,"4.492","2021-07-01 03:30:00"
"342012",18,"34.88","2021-04-08 12:30:00"
"342084",18,"34.52","2021-04-08 12:45:00"
"343246",18,"21.51","2021-03-06 07:00:00"
"343367",18,"21.61","2021-03-06 07:15:00"
"343286",18,"31.39","2021-05-17 14:15:00"
"343380",18,"30.33","2021-05-17 14:30:00"
"343465",18,"21.71","2021-03-06 07:30:00"
"343570",18,"21.8","2021-03-06 07:45:00"
"343679",18,"21.89","2021-03-06 08:00:00"
"343504",18,"29.01","2021-05-17 14:45:00"
"343609",18,"29.12","2021-05-17 15:00:00"
"343716",18,"29.98","2021-05-17 15:15:00"
"344340",18,"28.17","2021-05-17 16:45:00"
"344434",18,"27.48","2021-05-17 17:00:00"
"344550",18,"26.62","2021-05-17 17:15:00"
"344351",18,"24.53","2021-03-06 09:30:00"
"344476",18,"25.31","2021-03-06 09:45:00"
"344566",18,"25.38","2021-03-06 10:00:00"
"344632",18,"25.72","2021-05-17 17:30:00"
"344686",18,"24.86","2021-05-17 17:45:00"
"347818",18,"26.15","2021-03-06 10:15:00"
"347872",18,"28.05","2021-03-06 10:30:00"
"345294",18,"31.04","2021-04-08 16:45:00"
"345348",18,"30.65","2021-04-08 17:00:00"
"345402",18,"30.2","2021-04-08 17:15:00"
"345456",18,"29.38","2021-04-08 17:30:00"
"345510",18,"28.97","2021-04-08 17:45:00"
"345564",18,"28.44","2021-04-08 18:00:00"
"345618",18,"27.85","2021-04-08 18:15:00"
"345672",18,"27.32","2021-04-08 18:30:00"
"345726",18,"26.83","2021-04-08 18:45:00"
"345780",18,"26.41","2021-04-08 19:00:00"
"348834",18,"26.05","2021-04-08 19:15:00"
"346442",18,"12.8","2021-06-28 18:00:00"
"346496",18,"12.56","2021-06-28 18:15:00"
"346550",18,"12.38","2021-06-28 18:30:00"
"346604",18,"12.23","2021-06-28 18:45:00"
"346658",18,"12.07","2021-06-28 19:00:00"
"346712",18,"11.97","2021-06-28 19:15:00"
"346766",18,"11.85","2021-06-28 19:30:00"
"346902",18,"22.15","2021-05-17 18:45:00"
"346956",18,"21.65","2021-05-17 19:00:00"
"348196",18,"27.68","2021-03-06 12:00:00"
"348250",18,"27.35","2021-03-06 12:15:00"
"348304",18,"26.48","2021-03-06 12:30:00"
"348358",18,"26.8","2021-03-06 12:45:00"
"348412",18,"30.02","2021-03-06 13:00:00"
"348466",18,"32.29","2021-03-06 13:15:00"
"348520",18,"32.73","2021-03-06 13:30:00"
"348574",18,"33.08","2021-03-06 13:45:00"
"348628",18,"33.95","2021-03-06 14:00:00"
"348682",18,"34.45","2021-03-06 14:15:00"
"350968",18,"15.71","2021-05-18 01:45:00"
"351138",18,"15.58","2021-05-18 02:00:00"
"350946",18,"22.61","2021-04-08 23:15:00"
"351097",18,"22.45","2021-04-08 23:30:00"
"352725",18,"22.27","2021-04-08 23:45:00"
"351266",18,"9.68","2021-06-28 23:00:00"
"351404",18,"9.63","2021-06-28 23:15:00"
"351543",18,"9.51","2021-06-28 23:30:00"
"351261",18,"15.44","2021-05-18 02:15:00"
"351354",18,"15.31","2021-05-18 02:30:00"
"351440",18,"15.11","2021-05-18 02:45:00"
"352611",18,"28.12","2021-03-06 16:30:00"
"352750",18,"27.56","2021-03-06 16:45:00"
"352893",18,"27.62","2021-03-06 17:00:00"
"352613",18,"13.5","2021-05-18 05:30:00"
"352747",18,"13.27","2021-05-18 05:45:00"
"352866",18,"13.02","2021-05-18 06:00:00"
"352992",18,"22.1","2021-04-09 00:00:00"
"353268",18,"21.93","2021-04-09 00:15:00"
"352987",18,"12.85","2021-05-18 06:15:00"
"353107",18,"12.64","2021-05-18 06:30:00"
"354725",18,"8.89","2021-06-29 01:00:00"
"354841",18,"8.79","2021-06-29 01:15:00"
"354956",18,"20.06","2021-04-09 03:45:00"
"355065",18,"19.88","2021-04-09 04:00:00"
"354947",18,"8.66","2021-06-29 01:30:00"
"355054",18,"8.36","2021-06-29 01:45:00"
"355161",18,"8.27","2021-06-29 02:00:00"
"355181",18,"19.77","2021-04-09 04:15:00"
"357638",18,"19.67","2021-04-09 04:30:00"
"357829",18,"19.59","2021-04-09 04:45:00"
"356870",18,"24.79","2021-03-06 19:45:00"
"356924",18,"24.71","2021-03-06 20:00:00"
"356978",18,"24.62","2021-03-06 20:15:00"
"357032",18,"24.42","2021-03-06 20:30:00"
"357086",18,"24.12","2021-03-06 20:45:00"
"357140",18,"23.88","2021-03-06 21:00:00"
"357194",18,"23.61","2021-03-06 21:15:00"
"357248",18,"23.39","2021-03-06 21:30:00"
"357302",18,"23.15","2021-03-06 21:45:00"
"357415",18,"22.9","2021-03-06 22:00:00"
"359256",18,"30.37","2021-05-18 15:45:00"
"359368",18,"30.21","2021-05-18 16:00:00"
"359497",18,"29.93","2021-05-18 16:15:00"
"359410",18,"19.03","2021-04-09 06:15:00"
"359592",18,"18.94","2021-04-09 06:30:00"
"359797",18,"18.85","2021-04-09 06:45:00"
"359623",18,"29.43","2021-05-18 16:30:00"
"359722",18,"28.7","2021-05-18 16:45:00"
"359590",18,"4.94","2021-06-29 07:15:00"
"359824",18,"4.792","2021-06-29 07:30:00"
"359999",18,"4.797","2021-06-29 07:45:00"
"361459",18,"21.67","2021-03-07 01:30:00"
"361554",18,"21.5","2021-03-07 01:45:00"
"361484",18,"19.75","2021-05-18 19:00:00"
"361606",18,"19.23","2021-05-18 19:15:00"
"361679",18,"21.34","2021-03-07 02:00:00"
"361792",18,"21.19","2021-03-07 02:15:00"
"361889",18,"21.04","2021-03-07 02:30:00"
"361699",18,"18.72","2021-05-18 19:30:00"
"361799",18,"18.27","2021-05-18 19:45:00"
"361917",18,"17.88","2021-05-18 20:00:00"
"363006",18,"12.71","2021-06-29 10:30:00"
"363060",18,"13.55","2021-06-29 10:45:00"
"363114",18,"14.23","2021-06-29 11:00:00"
"363168",18,"14.68","2021-06-29 11:15:00"
"363222",18,"14.22","2021-06-29 11:30:00"
"363276",18,"13.86","2021-06-29 11:45:00"
"363387",18,"13.87","2021-06-29 12:00:00"
"363489",18,"14.99","2021-06-29 12:15:00"
"363531",18,"25.75","2021-04-09 09:30:00"
"363599",18,"26.84","2021-04-09 09:45:00"
"364203",18,"33.39","2021-04-09 11:30:00"
"364293",18,"33.97","2021-04-09 11:45:00"
"364399",18,"15.22","2021-06-29 13:45:00"
"364519",18,"14.91","2021-06-29 14:00:00"
"364372",18,"34.58","2021-04-09 12:00:00"
"364457",18,"35.13","2021-04-09 12:15:00"
"364560",18,"35.56","2021-04-09 12:30:00"
"364614",18,"35.95","2021-04-09 12:45:00"
"364668",18,"35.88","2021-04-09 13:00:00"
"367050",18,"13.31","2021-06-29 15:00:00"
"367144",18,"13.75","2021-06-29 15:15:00"
"367274",18,"13.69","2021-06-29 15:30:00"
"367127",18,"33.81","2021-04-09 14:00:00"
"367217",18,"33.1","2021-04-09 14:15:00"
"367421",18,"13.85","2021-06-29 15:45:00"
"367575",18,"14.17","2021-06-29 16:00:00"
"367310",18,"33.33","2021-04-09 14:30:00"
"367396",18,"33.59","2021-04-09 14:45:00"
"367481",18,"33.52","2021-04-09 15:00:00"
"368680",18,"8.95","2021-06-29 18:15:00"
"368734",18,"8.44","2021-06-29 18:30:00"
"369919",18,"8.03","2021-06-29 18:45:00"
"370025",18,"7.649","2021-06-29 19:00:00"
"370132",18,"7.306","2021-06-29 19:15:00"
"368868",18,"12.15","2021-05-19 03:00:00"
"368922",18,"12.03","2021-05-19 03:15:00"
"368976",18,"11.84","2021-05-19 03:30:00"
"369030",18,"11.66","2021-05-19 03:45:00"
"369084",18,"11.51","2021-05-19 04:00:00"
"371460",18,"25.26","2021-04-09 19:45:00"
"371614",18,"24.93","2021-04-09 20:00:00"
"371580",18,"34.12","2021-03-07 12:45:00"
"371739",18,"35.32","2021-03-07 13:00:00"
"371758",18,"5.37","2021-06-29 22:00:00"
"371899",18,"5.276","2021-06-29 22:15:00"
"372081",18,"5.085","2021-06-29 22:30:00"
"371787",18,"24.67","2021-04-09 20:15:00"
"371929",18,"24.43","2021-04-09 20:30:00"
"372097",18,"24.13","2021-04-09 20:45:00"
"374023",18,"23.78","2021-03-07 14:30:00"
"374117",18,"23.7","2021-03-07 14:45:00"
"374225",18,"23.59","2021-03-07 15:00:00"
"374112",18,"4.174","2021-06-30 00:00:00"
"374222",18,"4.089","2021-06-30 00:15:00"
"374333",18,"23.36","2021-03-07 15:15:00"
"374447",18,"23.17","2021-03-07 15:30:00"
"374330",18,"3.957","2021-06-30 00:30:00"
"374434",18,"3.821","2021-06-30 00:45:00"
"374617",18,"3.673","2021-06-30 01:00:00"
"375801",18,"33.19","2021-05-19 13:00:00"
"375986",18,"33.36","2021-05-19 13:15:00"
"376169",18,"33.38","2021-05-19 13:30:00"
"375784",18,"21.16","2021-04-10 00:45:00"
"375929",18,"21.16","2021-04-10 01:00:00"
"376076",18,"21.24","2021-04-10 01:15:00"
"376166",18,"22.26","2021-03-07 17:15:00"
"376459",18,"22.27","2021-03-07 17:30:00"
"376233",18,"21.28","2021-04-10 01:30:00"
"376413",18,"21.24","2021-04-10 01:45:00"
"376596",18,"21.17","2021-04-10 02:00:00"
"378507",18,"22.39","2021-05-19 18:15:00"
"378627",18,"21.6","2021-05-19 18:30:00"
"378600",18,"18.81","2021-04-10 05:15:00"
"378712",18,"18.64","2021-04-10 05:30:00"
"378820",18,"18.45","2021-04-10 05:45:00"
"378733",18,"20.92","2021-05-19 18:45:00"
"378840",18,"20.36","2021-05-19 19:00:00"
"378951",18,"19.93","2021-05-19 19:15:00"
"378923",18,"18.29","2021-04-10 06:00:00"
"379026",18,"18.15","2021-04-10 06:15:00"
"381346",18,"20.1","2021-03-07 22:15:00"
"381453",18,"20.01","2021-03-07 22:30:00"
"381560",18,"19.94","2021-03-07 22:45:00"
"381366",18,"1.463","2021-06-30 07:30:00"
"381474",18,"1.522","2021-06-30 07:45:00"
"381583",18,"1.613","2021-06-30 08:00:00"
"381673",18,"19.92","2021-03-07 23:00:00"
"382689",18,"19.95","2021-03-07 23:15:00"
"381687",18,"1.827","2021-06-30 08:15:00"
"381758",18,"3.002","2021-06-30 08:30:00"
"385782",18,"13.57","2021-05-20 01:45:00"
"385836",18,"13.28","2021-05-20 02:00:00"
"385890",18,"13.13","2021-05-20 02:15:00"
"383585",18,"19.64","2021-03-08 00:15:00"
"383760",18,"19.58","2021-03-08 00:30:00"
"383922",18,"19.63","2021-03-08 00:45:00"
"383695",18,"11.01","2021-06-30 10:00:00"
"383850",18,"12.22","2021-06-30 10:15:00"
"383998",18,"13.48","2021-06-30 10:30:00"
"383806",18,"27.31","2021-04-10 09:45:00"
"383969",18,"28.24","2021-04-10 10:00:00"
"384128",18,"29.22","2021-04-10 10:15:00"
"385713",18,"19.87","2021-03-08 03:30:00"
"386997",18,"19.63","2021-03-08 03:45:00"
"386786",18,"21.26","2021-06-30 13:15:00"
"386904",18,"21.35","2021-06-30 13:30:00"
"387020",18,"21.04","2021-06-30 13:45:00"
"385944",18,"13.03","2021-05-20 02:30:00"
"385998",18,"12.86","2021-05-20 02:45:00"
"386052",18,"12.67","2021-05-20 03:00:00"
"386106",18,"12.42","2021-05-20 03:15:00"
"386160",18,"12.23","2021-05-20 03:30:00"
"388019",18,"17.27","2021-06-30 15:15:00"
"388164",18,"18.11","2021-06-30 15:30:00"
"387971",18,"19.94","2021-03-08 05:15:00"
"388142",18,"20.04","2021-03-08 05:30:00"
"388311",18,"20.11","2021-03-08 05:45:00"
"388156",18,"34.13","2021-04-10 15:00:00"
"388309",18,"33.84","2021-04-10 15:15:00"
"388337",18,"18.47","2021-06-30 15:45:00"
"388517",18,"18.52","2021-06-30 16:00:00"
"388681",18,"18.39","2021-06-30 16:15:00"
"390726",18,"26.7","2021-05-20 10:45:00"
"390780",18,"27.89","2021-05-20 11:00:00"
"393834",18,"28.98","2021-05-20 11:15:00"
"390824",18,"30.91","2021-04-10 17:30:00"
"390878",18,"30.15","2021-04-10 17:45:00"
"390932",18,"29.35","2021-04-10 18:00:00"
"390986",18,"28.64","2021-04-10 18:15:00"
"391040",18,"27.95","2021-04-10 18:30:00"
"391094",18,"27.33","2021-04-10 18:45:00"
"391148",18,"26.81","2021-04-10 19:00:00"
"391202",18,"26.35","2021-04-10 19:15:00"
"392828",18,"8.53","2021-06-30 20:15:00"
"392929",18,"8.28","2021-06-30 20:30:00"
"393025",18,"8.03","2021-06-30 20:45:00"
"392907",18,"30.27","2021-03-08 11:00:00"
"393026",18,"31.07","2021-03-08 11:15:00"
"393107",18,"31.37","2021-03-08 11:30:00"
"393160",18,"7.82","2021-06-30 21:00:00"
"393253",18,"7.62","2021-06-30 21:15:00"
"393230",18,"31.39","2021-03-08 11:45:00"
"393341",18,"32.73","2021-03-08 12:00:00"
"393444",18,"33.93","2021-03-08 12:15:00"
"395066",18,"22.17","2021-04-10 23:15:00"
"395120",18,"22.17","2021-04-10 23:30:00"
"395174",18,"22.16","2021-04-10 23:45:00"
"395228",18,"22.26","2021-04-11 00:00:00"
"395282",18,"22.26","2021-04-11 00:15:00"
"395336",18,"22.16","2021-04-11 00:30:00"
"395390",18,"22.12","2021-04-11 00:45:00"
"395444",18,"21.92","2021-04-11 01:00:00"
"395498",18,"21.62","2021-04-11 01:15:00"
"395552",18,"21.32","2021-04-11 01:30:00"
"397824",18,"31.58","2021-03-08 16:30:00"
"397982",18,"30.66","2021-03-08 16:45:00"
"398153",18,"4.882","2021-07-01 03:00:00"
"401808",18,"4.707","2021-07-01 03:15:00"
"398099",18,"24.49","2021-05-20 18:00:00"
"398232",18,"23.68","2021-05-20 18:15:00"
"398331",18,"22.99","2021-05-20 18:30:00"
"398143",18,"29.8","2021-03-08 17:00:00"
"398304",18,"29.06","2021-03-08 17:15:00"
"398413",18,"28.64","2021-03-08 17:30:00"
"400663",18,"26.17","2021-03-08 19:00:00"
"400751",18,"25.83","2021-03-08 19:15:00"
"400799",18,"17.52","2021-05-20 23:15:00"
"400900",18,"17.46","2021-05-20 23:30:00"
"400860",18,"25.52","2021-03-08 19:30:00"
"400992",18,"25.27","2021-03-08 19:45:00"
"401101",18,"25.02","2021-03-08 20:00:00"
"400991",18,"17.53","2021-05-20 23:45:00"
"401098",18,"17.23","2021-05-21 00:00:00"
"401189",18,"16.86","2021-05-21 00:15:00"
"402294",18,"4.715","2021-07-01 05:30:00"
"402348",18,"4.651","2021-07-01 05:45:00"
"402402",18,"4.565","2021-07-01 06:00:00"
"402456",18,"4.473","2021-07-01 06:15:00"
"402510",18,"4.391","2021-07-01 06:30:00"
"401562",18,"23.89","2021-03-08 21:15:00"
"401616",18,"23.66","2021-03-08 21:30:00"
"401670",18,"23.44","2021-03-08 21:45:00"
"401724",18,"23.24","2021-03-08 22:00:00"
"409290",18,"20.57","2021-03-09 05:15:00"
"409344",18,"20.44","2021-03-09 05:30:00"
"409398",18,"20.31","2021-03-09 05:45:00"
"409452",18,"20.2","2021-03-09 06:00:00"
"409506",18,"20.11","2021-03-09 06:15:00"
"409560",18,"20.03","2021-03-09 06:30:00"
"409614",18,"19.95","2021-03-09 06:45:00"
"409668",18,"20","2021-03-09 07:00:00"
"409744",18,"20.14","2021-03-09 07:15:00"
"409911",18,"20.32","2021-03-09 07:30:00"
"411062",18,"30.42","2021-04-11 17:45:00"
"411116",18,"29.72","2021-04-11 18:00:00"
"411170",18,"29.04","2021-04-11 18:15:00"
"411224",18,"28.35","2021-04-11 18:30:00"
"411278",18,"27.75","2021-04-11 18:45:00"
"411332",18,"27.24","2021-04-11 19:00:00"
"411386",18,"26.75","2021-04-11 19:15:00"
"411440",18,"26.3","2021-04-11 19:30:00"
"411494",18,"25.95","2021-04-11 19:45:00"
"411548",18,"25.58","2021-04-11 20:00:00"
"412180",18,"31.81","2021-05-21 12:00:00"
"412234",18,"32.8","2021-05-21 12:15:00"
"412288",18,"33.24","2021-05-21 12:30:00"
"412342",18,"33.23","2021-05-21 12:45:00"
"412396",18,"33.79","2021-05-21 13:00:00"
"412450",18,"33.95","2021-05-21 13:15:00"
"412504",18,"33.75","2021-05-21 13:30:00"
"412558",18,"32.99","2021-05-21 13:45:00"
"412624",18,"32.46","2021-05-21 14:00:00"
"412922",18,"32.63","2021-05-21 14:15:00"
"414032",18,"23.13","2021-04-11 22:15:00"
"414350",18,"22.91","2021-04-11 22:30:00"
"414002",18,"28.28","2021-03-09 09:45:00"
"414126",18,"28.11","2021-03-09 10:00:00"
"414130",18,"12.38","2021-07-01 19:30:00"
"414251",18,"12.08","2021-07-01 19:45:00"
"414387",18,"11.78","2021-07-01 20:00:00"
"414252",18,"29.13","2021-03-09 10:15:00"
"414383",18,"29.71","2021-03-09 10:30:00"
"414515",18,"31.61","2021-03-09 10:45:00"
"415466",18,"21.94","2021-04-12 00:15:00"
"415520",18,"21.83","2021-04-12 00:30:00"
"415574",18,"21.73","2021-04-12 00:45:00"
"415628",18,"21.59","2021-04-12 01:00:00"
"415682",18,"21.49","2021-04-12 01:15:00"
"415736",18,"21.38","2021-04-12 01:30:00"
"416996",18,"21.29","2021-04-12 01:45:00"
"415842",18,"30.46","2021-05-21 15:00:00"
"415992",18,"31.4","2021-05-21 15:15:00"
"416152",18,"31.88","2021-05-21 15:30:00"
"416648",18,"9.82","2021-07-01 22:45:00"
"416812",18,"9.58","2021-07-01 23:00:00"
"416787",18,"30.5","2021-05-21 16:30:00"
"416960",18,"29.74","2021-05-21 16:45:00"
"417169",18,"27.14","2021-03-09 14:15:00"
"417381",18,"26.97","2021-03-09 14:30:00"
"416977",18,"9.42","2021-07-01 23:15:00"
"417159",18,"9.33","2021-07-01 23:30:00"
"417382",18,"9.27","2021-07-01 23:45:00"
"418217",18,"25.21","2021-03-09 15:30:00"
"418453",18,"23.97","2021-03-09 15:45:00"
"418584",18,"20.85","2021-04-12 03:30:00"
"418778",18,"20.77","2021-04-12 03:45:00"
"418982",18,"20.7","2021-04-12 04:00:00"
"418641",18,"23.86","2021-05-21 18:45:00"
"418858",18,"23.34","2021-05-21 19:00:00"
"419134",18,"22.96","2021-05-21 19:15:00"
"418680",18,"8.5","2021-07-02 01:15:00"
"418896",18,"8.23","2021-07-02 01:30:00"
"419085",18,"8.04","2021-07-02 01:45:00"
"419438",18,"20.46","2021-04-12 04:45:00"
"419492",18,"20.38","2021-04-12 05:00:00"
"419546",18,"20.3","2021-04-12 05:15:00"
"419800",18,"22.75","2021-05-21 19:30:00"
"419864",18,"22.45","2021-05-21 19:45:00"
"419600",18,"20.31","2021-04-12 05:30:00"
"419654",18,"20.43","2021-04-12 05:45:00"
"419708",18,"20.51","2021-04-12 06:00:00"
"419762",18,"20.55","2021-04-12 06:15:00"
"421666",18,"20.6","2021-04-12 06:30:00"
"421035",18,"23.28","2021-03-09 18:00:00"
"421199",18,"23.06","2021-03-09 18:15:00"
"421261",18,"6.777","2021-07-02 04:45:00"
"421423",18,"6.779","2021-07-02 05:00:00"
"421615",18,"6.859","2021-07-02 05:15:00"
"421295",18,"21.02","2021-05-21 22:15:00"
"421452",18,"20.72","2021-05-21 22:30:00"
"421635",18,"20.46","2021-05-21 22:45:00"
"421350",18,"22.67","2021-03-09 18:30:00"
"421514",18,"22.36","2021-03-09 18:45:00"
"421876",18,"20.61","2021-04-12 06:45:00"
"422081",18,"20.62","2021-04-12 07:00:00"
"422317",18,"20.8","2021-04-12 07:15:00"
"422335",18,"6.157","2021-07-02 06:00:00"
"422512",18,"19.72","2021-05-21 23:45:00"
"422720",18,"21.67","2021-03-09 20:15:00"
"422875",18,"21.63","2021-03-09 20:30:00"
"422562",18,"5.977","2021-07-02 06:15:00"
"422768",18,"5.872","2021-07-02 06:30:00"
"422925",18,"5.83","2021-07-02 06:45:00"
"423734",18,"31.02","2021-04-12 10:45:00"
"425009",18,"32.57","2021-04-12 11:00:00"
"425204",18,"33.4","2021-04-12 11:15:00"
"423891",18,"19.3","2021-05-22 00:30:00"
"423983",18,"19.35","2021-05-22 00:45:00"
"424093",18,"19.67","2021-05-22 01:00:00"
"424150",18,"21.03","2021-03-09 21:30:00"
"424293",18,"20.84","2021-03-09 21:45:00"
"424486",18,"20.75","2021-03-09 22:00:00"
"424280",18,"19.79","2021-05-22 01:15:00"
"424425",18,"19.84","2021-05-22 01:30:00"
"424940",18,"20.49","2021-03-09 22:45:00"
"425120",18,"20.27","2021-03-09 23:00:00"
"425379",18,"20.06","2021-03-09 23:15:00"
"425101",18,"18.62","2021-05-22 02:30:00"
"425279",18,"18.59","2021-05-22 02:45:00"
"425488",18,"18.56","2021-05-22 03:00:00"
"425258",18,"10.9","2021-07-02 09:00:00"
"425457",18,"12.21","2021-07-02 09:15:00"
"425429",18,"34.77","2021-04-12 11:30:00"
"425630",18,"35.53","2021-04-12 11:45:00"
"426011",18,"19.55","2021-03-10 00:00:00"
"426216",18,"19.39","2021-03-10 00:15:00"
"426451",18,"19.22","2021-03-10 00:30:00"
"426160",18,"18.23","2021-05-22 03:45:00"
"426360",18,"18.02","2021-05-22 04:00:00"
"426582",18,"18.16","2021-05-22 04:15:00"
"426338",18,"17.58","2021-07-02 10:15:00"
"426545",18,"18.82","2021-07-02 10:30:00"
"426494",18,"37.66","2021-04-12 12:45:00"
"426695",18,"37.77","2021-04-12 13:00:00"
"427598",18,"34.82","2021-04-12 14:45:00"
"427652",18,"34.47","2021-04-12 15:00:00"
"427706",18,"34.24","2021-04-12 15:15:00"
"427760",18,"33.91","2021-04-12 15:30:00"
"428562",18,"33.83","2021-04-12 15:45:00"
"427896",18,"18.33","2021-05-22 05:00:00"
"428047",18,"18.13","2021-05-22 05:15:00"
"428169",18,"17.92","2021-05-22 05:30:00"
"428146",18,"24.33","2021-07-02 12:00:00"
"428330",18,"25.33","2021-07-02 12:15:00"
"428499",18,"26","2021-07-02 12:30:00"
"428713",18,"18.36","2021-03-10 03:15:00"
"428921",18,"18.26","2021-03-10 03:30:00"
"429146",18,"18.1","2021-03-10 03:45:00"
"428715",18,"18.15","2021-05-22 06:15:00"
"428922",18,"18.14","2021-05-22 06:30:00"
"429164",18,"18.08","2021-05-22 06:45:00"
"429218",18,"32.58","2021-04-12 16:30:00"
"429404",18,"31.9","2021-04-12 16:45:00"
"429628",18,"31.45","2021-04-12 17:00:00"
"429381",18,"27.46","2021-07-02 13:30:00"
"429556",18,"27.17","2021-07-02 13:45:00"
"430470",18,"17.6","2021-03-10 05:15:00"
"430665",18,"17.43","2021-03-10 05:30:00"
"430483",18,"17.88","2021-05-22 08:15:00"
"430692",18,"17.92","2021-05-22 08:30:00"
"430832",18,"18.12","2021-05-22 08:45:00"
"430920",18,"29.2","2021-04-12 18:30:00"
"431130",18,"28.63","2021-04-12 18:45:00"
"431031",18,"18.28","2021-05-22 09:00:00"
"431234",18,"18.5","2021-05-22 09:15:00"
"431544",18,"24.72","2021-07-02 16:00:00"
"431808",18,"24.62","2021-07-02 16:15:00"
"431678",18,"27.68","2021-04-12 19:45:00"
"431732",18,"27.53","2021-04-12 20:00:00"
"431790",18,"27.36","2021-04-12 20:15:00"
"431917",18,"27.18","2021-04-12 20:30:00"
"432026",18,"26.99","2021-04-12 20:45:00"
"431909",18,"24.34","2021-07-02 16:30:00"
"432017",18,"23.79","2021-07-02 16:45:00"
"432112",18,"23.02","2021-07-02 17:00:00"
"433289",18,"19.09","2021-05-22 10:15:00"
"433489",18,"19.37","2021-05-22 10:30:00"
"433398",18,"25.51","2021-04-12 23:00:00"
"433603",18,"25.27","2021-04-12 23:15:00"
"433588",18,"15.68","2021-07-02 19:15:00"
"433773",18,"15.25","2021-07-02 19:30:00"
"433705",18,"17.42","2021-03-10 07:45:00"
"433980",18,"17.75","2021-03-10 08:00:00"
"434217",18,"18.58","2021-03-10 08:15:00"
"434864",18,"22.62","2021-03-10 09:00:00"
"435000",18,"23.76","2021-03-10 09:15:00"
"435114",18,"24.97","2021-03-10 09:30:00"
"434822",18,"24.83","2021-04-13 00:45:00"
"436196",18,"24.86","2021-04-13 01:00:00"
"436370",18,"24.88","2021-04-13 01:15:00"
"435160",18,"21.45","2021-05-22 12:45:00"
"435225",18,"25.71","2021-03-10 09:45:00"
"435322",18,"25.57","2021-03-10 10:00:00"
"435413",18,"26.52","2021-03-10 10:15:00"
"435826",18,"13.66","2021-07-02 21:00:00"
"435880",18,"13.45","2021-07-02 21:15:00"
"435934",18,"13.24","2021-07-02 21:30:00"
"435988",18,"13.02","2021-07-02 21:45:00"
"436042",18,"12.83","2021-07-02 22:00:00"
"436096",18,"12.53","2021-07-02 22:15:00"
"436175",18,"12.28","2021-07-02 22:30:00"
"436258",18,"12.23","2021-07-02 22:45:00"
"436330",18,"12.13","2021-07-02 23:00:00"
"436413",18,"11.93","2021-07-02 23:15:00"
"439798",18,"10.95","2021-07-03 01:30:00"
"439852",18,"10.82","2021-07-03 01:45:00"
"439906",18,"10.65","2021-07-03 02:00:00"
"437698",18,"23.76","2021-04-13 02:45:00"
"437850",18,"23.61","2021-04-13 03:00:00"
"438014",18,"23.57","2021-04-13 03:15:00"
"437732",18,"33.78","2021-03-10 13:45:00"
"437814",18,"34.21","2021-03-10 14:00:00"
"437914",18,"35.03","2021-03-10 14:15:00"
"438033",18,"34.9","2021-03-10 14:30:00"
"438139",18,"34.91","2021-03-10 14:45:00"
"438636",18,"23.35","2021-04-13 04:00:00"
"438768",18,"23.23","2021-04-13 04:15:00"
"438876",18,"23.08","2021-04-13 04:30:00"
"438724",18,"22.85","2021-05-22 15:00:00"
"438831",18,"22.38","2021-05-22 15:15:00"
"438935",18,"21.82","2021-05-22 15:30:00"
"438984",18,"22.97","2021-04-13 04:45:00"
"439100",18,"22.96","2021-04-13 05:00:00"
"439043",18,"21.4","2021-05-22 15:45:00"
"401916",18,"4.443","2021-07-01 03:45:00"
"401970",18,"4.362","2021-07-01 04:00:00"
"402024",18,"4.306","2021-07-01 04:15:00"
"402078",18,"4.304","2021-07-01 04:30:00"
"402132",18,"4.45","2021-07-01 04:45:00"
"402186",18,"4.627","2021-07-01 05:00:00"
"402240",18,"4.725","2021-07-01 05:15:00"
"402848",18,"18.66","2021-04-11 07:30:00"
"402902",18,"18.9","2021-04-11 07:45:00"
"402956",18,"19.57","2021-04-11 08:00:00"
"403010",18,"20.95","2021-04-11 08:15:00"
"403064",18,"22.27","2021-04-11 08:30:00"
"403118",18,"23.38","2021-04-11 08:45:00"
"403172",18,"24.39","2021-04-11 09:00:00"
"403226",18,"25.37","2021-04-11 09:15:00"
"403280",18,"26.45","2021-04-11 09:30:00"
"403334",18,"27.8","2021-04-11 09:45:00"
"403388",18,"29.04","2021-04-11 10:00:00"
"403442",18,"30.17","2021-04-11 10:15:00"
"403496",18,"31.27","2021-04-11 10:30:00"
"403550",18,"32.22","2021-04-11 10:45:00"
"403604",18,"33.21","2021-04-11 11:00:00"
"403658",18,"33.97","2021-04-11 11:15:00"
"403712",18,"34.65","2021-04-11 11:30:00"
"403766",18,"35.33","2021-04-11 11:45:00"
"403804",18,"16.27","2021-05-21 01:00:00"
"403858",18,"16.41","2021-05-21 01:15:00"
"403912",18,"16.7","2021-05-21 01:30:00"
"404506",18,"16.78","2021-05-21 04:15:00"
"404560",18,"16.6","2021-05-21 04:30:00"
"404614",18,"16.37","2021-05-21 04:45:00"
"404668",18,"16.11","2021-05-21 05:00:00"
"404722",18,"15.83","2021-05-21 05:15:00"
"404776",18,"15.73","2021-05-21 05:30:00"
"407830",18,"15.49","2021-05-21 05:45:00"
"407884",18,"15.22","2021-05-21 06:00:00"
"404886",18,"22.71","2021-03-08 22:45:00"
"404940",18,"22.54","2021-03-08 23:00:00"
"404994",18,"22.39","2021-03-08 23:15:00"
"405048",18,"22.27","2021-03-08 23:30:00"
"405102",18,"22.18","2021-03-08 23:45:00"
"405156",18,"22.13","2021-03-09 00:00:00"
"405210",18,"22.06","2021-03-09 00:15:00"
"405264",18,"21.92","2021-03-09 00:30:00"
"405318",18,"21.81","2021-03-09 00:45:00"
"405372",18,"21.82","2021-03-09 01:00:00"
"405426",18,"21.78","2021-03-09 01:15:00"
"405480",18,"21.78","2021-03-09 01:30:00"
"405534",18,"21.76","2021-03-09 01:45:00"
"406104",18,"9.55","2021-07-01 09:15:00"
"406158",18,"10.92","2021-07-01 09:30:00"
"406212",18,"12.19","2021-07-01 09:45:00"
"406266",18,"13.35","2021-07-01 10:00:00"
"406320",18,"14.44","2021-07-01 10:15:00"
"406374",18,"15.68","2021-07-01 10:30:00"
"406428",18,"16.67","2021-07-01 10:45:00"
"406482",18,"17.59","2021-07-01 11:00:00"
"406536",18,"18.43","2021-07-01 11:15:00"
"406590",18,"19.02","2021-07-01 11:30:00"
"407090",18,"36.92","2021-04-11 13:15:00"
"407144",18,"36.74","2021-04-11 13:30:00"
"407198",18,"36.19","2021-04-11 13:45:00"
"407252",18,"35.38","2021-04-11 14:00:00"
"407306",18,"34.45","2021-04-11 14:15:00"
"407360",18,"34.75","2021-04-11 14:30:00"
"407414",18,"35.11","2021-04-11 14:45:00"
"407468",18,"34.91","2021-04-11 15:00:00"
"407522",18,"34.41","2021-04-11 15:15:00"
"407576",18,"34.22","2021-04-11 15:30:00"
"407630",18,"33.97","2021-04-11 15:45:00"
"407684",18,"33.65","2021-04-11 16:00:00"
"407738",18,"33.59","2021-04-11 16:15:00"
"410792",18,"32.87","2021-04-11 16:30:00"
"410846",18,"32.27","2021-04-11 16:45:00"
"407938",18,"15.07","2021-05-21 06:15:00"
"407992",18,"15.08","2021-05-21 06:30:00"
"408046",18,"14.93","2021-05-21 06:45:00"
"408100",18,"14.84","2021-05-21 07:00:00"
"408154",18,"14.85","2021-05-21 07:15:00"
"408748",18,"23.29","2021-05-21 10:00:00"
"411802",18,"24.48","2021-05-21 10:15:00"
"411856",18,"25.82","2021-05-21 10:30:00"
"408858",18,"21.85","2021-03-09 03:15:00"
"408912",18,"21.69","2021-03-09 03:30:00"
"408966",18,"21.42","2021-03-09 03:45:00"
"409020",18,"21.22","2021-03-09 04:00:00"
"409074",18,"21.11","2021-03-09 04:15:00"
"409128",18,"21.05","2021-03-09 04:30:00"
"409182",18,"20.92","2021-03-09 04:45:00"
"409236",18,"20.73","2021-03-09 05:00:00"
"409968",18,"22.57","2021-07-01 13:15:00"
"410022",18,"22.61","2021-07-01 13:30:00"
"410076",18,"22.61","2021-07-01 13:45:00"
"410130",18,"21.75","2021-07-01 14:00:00"
"410184",18,"21.12","2021-07-01 14:15:00"
"410238",18,"21.06","2021-07-01 14:30:00"
"410292",18,"20.29","2021-07-01 14:45:00"
"410346",18,"19.13","2021-07-01 15:00:00"
"410400",18,"19.72","2021-07-01 15:15:00"
"410454",18,"20.4","2021-07-01 15:30:00"
"411602",18,"25.2","2021-04-11 20:15:00"
"411656",18,"24.82","2021-04-11 20:30:00"
"411710",18,"24.52","2021-04-11 20:45:00"
"411764",18,"24.22","2021-04-11 21:00:00"
"412888",18,"23.95","2021-04-11 21:15:00"
"411910",18,"26.99","2021-05-21 10:45:00"
"411964",18,"28.42","2021-05-21 11:00:00"
"412018",18,"29.57","2021-05-21 11:15:00"
"412072",18,"30.56","2021-05-21 11:30:00"
"412126",18,"31.3","2021-05-21 11:45:00"
"413297",18,"22.88","2021-03-09 08:30:00"
"413450",18,"24.35","2021-03-09 08:45:00"
"413445",18,"14.63","2021-07-01 18:15:00"
"413591",18,"14","2021-07-01 18:30:00"
"413717",18,"13.47","2021-07-01 18:45:00"
"413604",18,"25.61","2021-03-09 09:00:00"
"413732",18,"26.83","2021-03-09 09:15:00"
"413864",18,"27.93","2021-03-09 09:30:00"
"413860",18,"13.04","2021-07-01 19:00:00"
"413981",18,"12.7","2021-07-01 19:15:00"
"414536",18,"11.48","2021-07-01 20:15:00"
"414658",18,"11.24","2021-07-01 20:30:00"
"414647",18,"32.94","2021-03-09 11:00:00"
"414781",18,"33.8","2021-03-09 11:15:00"
"414625",18,"22.71","2021-04-11 22:45:00"
"414918",18,"22.51","2021-04-11 23:00:00"
"415186",18,"22.35","2021-04-11 23:15:00"
"414778",18,"11.06","2021-07-01 20:45:00"
"414922",18,"10.93","2021-07-01 21:00:00"
"415076",18,"10.84","2021-07-01 21:15:00"
"416139",18,"10.37","2021-07-01 22:00:00"
"416294",18,"10.19","2021-07-01 22:15:00"
"416502",18,"10.01","2021-07-01 22:30:00"
"416123",18,"33.41","2021-03-09 12:45:00"
"416293",18,"30.6","2021-03-09 13:00:00"
"416458",18,"27.97","2021-03-09 13:15:00"
"416328",18,"31.8","2021-05-21 15:45:00"
"416446",18,"31.54","2021-05-21 16:00:00"
"416616",18,"31.07","2021-05-21 16:15:00"
"416618",18,"26.86","2021-03-09 13:30:00"
"416774",18,"27.13","2021-03-09 13:45:00"
"416925",18,"27.68","2021-03-09 14:00:00"
"417136",18,"28.75","2021-05-21 17:00:00"
"417250",18,"21.22","2021-04-12 02:00:00"
"417341",18,"27.88","2021-05-21 17:15:00"
"417486",18,"21.16","2021-04-12 02:15:00"
"417691",18,"21.13","2021-04-12 02:30:00"
"417899",18,"21.1","2021-04-12 02:45:00"
"417546",18,"27.24","2021-05-21 17:30:00"
"417766",18,"26.65","2021-05-21 17:45:00"
"417574",18,"26.27","2021-03-09 14:45:00"
"417796",18,"26.49","2021-03-09 15:00:00"
"417994",18,"26.28","2021-03-09 15:15:00"
"418654",18,"23.63","2021-03-09 16:00:00"
"418882",18,"24.18","2021-03-09 16:15:00"
"419067",18,"26","2021-03-09 16:30:00"
"419178",18,"20.62","2021-04-12 04:15:00"
"419346",18,"20.54","2021-04-12 04:30:00"
"419305",18,"7.898","2021-07-02 02:00:00"
"419413",18,"7.769","2021-07-02 02:15:00"
"419286",18,"26.53","2021-03-09 16:45:00"
"420383",18,"25.66","2021-03-09 17:00:00"
"420463",18,"7.448","2021-07-02 03:30:00"
"420618",18,"7.322","2021-07-02 03:45:00"
"420785",18,"6.983","2021-07-02 04:00:00"
"420571",18,"24.73","2021-03-09 17:15:00"
"420729",18,"24.13","2021-03-09 17:30:00"
"420868",18,"23.59","2021-03-09 17:45:00"
"420958",18,"21.76","2021-05-21 21:45:00"
"421119",18,"21.47","2021-05-21 22:00:00"
"420941",18,"6.668","2021-07-02 04:15:00"
"421099",18,"6.598","2021-07-02 04:30:00"
"421719",18,"22.25","2021-03-09 19:00:00"
"421891",18,"22.12","2021-03-09 19:15:00"
"422130",18,"21.98","2021-03-09 19:30:00"
"421834",18,"6.751","2021-07-02 05:30:00"
"422063",18,"6.406","2021-07-02 05:45:00"
"421897",18,"20.2","2021-05-21 23:00:00"
"422098",18,"20","2021-05-21 23:15:00"
"422274",18,"19.84","2021-05-21 23:30:00"
"422309",18,"21.95","2021-03-09 19:45:00"
"422507",18,"21.82","2021-03-09 20:00:00"
"422517",18,"20.98","2021-04-12 07:30:00"
"423464",18,"26.21","2021-04-12 09:30:00"
"423518",18,"27.79","2021-04-12 09:45:00"
"423572",18,"28.67","2021-04-12 10:00:00"
"423061",18,"22.53","2021-04-12 08:15:00"
"423180",18,"22.86","2021-04-12 08:30:00"
"423288",18,"23.94","2021-04-12 08:45:00"
"423356",18,"25.24","2021-04-12 09:00:00"
"423410",18,"26.02","2021-04-12 09:15:00"
"423626",18,"28.9","2021-04-12 10:15:00"
"423680",18,"29.76","2021-04-12 10:30:00"
"424324",18,"6.006","2021-07-02 07:45:00"
"424472",18,"6.459","2021-07-02 08:00:00"
"424632",18,"20.72","2021-03-09 22:15:00"
"424769",18,"20.64","2021-03-09 22:30:00"
"424590",18,"19.96","2021-05-22 01:45:00"
"424751",18,"19.95","2021-05-22 02:00:00"
"424902",18,"19.09","2021-05-22 02:15:00"
"424662",18,"7.08","2021-07-02 08:15:00"
"424842",18,"8.31","2021-07-02 08:30:00"
"425004",18,"9.69","2021-07-02 08:45:00"
"426672",18,"19.05","2021-03-10 00:45:00"
"426879",18,"18.92","2021-03-10 01:00:00"
"426840",18,"18.22","2021-05-22 04:30:00"
"427798",18,"18.29","2021-05-22 04:45:00"
"426760",18,"19.91","2021-07-02 10:45:00"
"426996",18,"21.08","2021-07-02 11:00:00"
"427146",18,"21.76","2021-07-02 11:15:00"
"426891",18,"37.36","2021-04-12 13:15:00"
"427087",18,"37.23","2021-04-12 13:30:00"
"427243",18,"36.75","2021-04-12 13:45:00"
"428295",18,"18.26","2021-03-10 02:45:00"
"428505",18,"18.28","2021-03-10 03:00:00"
"428341",18,"17.91","2021-05-22 05:45:00"
"428512",18,"18.04","2021-05-22 06:00:00"
"428801",18,"33.69","2021-04-12 16:00:00"
"429015",18,"33.22","2021-04-12 16:15:00"
"428716",18,"26.51","2021-07-02 12:45:00"
"428941",18,"26.94","2021-07-02 13:00:00"
"429141",18,"27.26","2021-07-02 13:15:00"
"429340",18,"17.97","2021-03-10 04:00:00"
"429578",18,"17.96","2021-03-10 04:15:00"
"429394",18,"17.96","2021-05-22 07:00:00"
"429641",18,"17.59","2021-05-22 07:15:00"
"429855",18,"31.58","2021-04-12 17:15:00"
"430060",18,"31.71","2021-04-12 17:30:00"
"429767",18,"26.03","2021-07-02 14:00:00"
"429968",18,"25.31","2021-07-02 14:15:00"
"430193",18,"25.13","2021-07-02 14:30:00"
"430902",18,"17.27","2021-03-10 05:45:00"
"431114",18,"17.14","2021-03-10 06:00:00"
"431320",18,"17.02","2021-03-10 06:15:00"
"430939",18,"23.59","2021-07-02 15:15:00"
"431174",18,"24.42","2021-07-02 15:30:00"
"431356",18,"24.74","2021-07-02 15:45:00"
"431339",18,"28.18","2021-04-12 19:00:00"
"431477",18,"27.88","2021-04-12 19:15:00"
"431624",18,"27.75","2021-04-12 19:30:00"
"431470",18,"16.92","2021-03-10 06:30:00"
"432718",18,"16.87","2021-03-10 06:45:00"
"432483",18,"19.93","2021-07-02 17:45:00"
"432652",18,"18.93","2021-07-02 18:00:00"
"432812",18,"18.06","2021-07-02 18:15:00"
"432750",18,"26.29","2021-04-12 22:15:00"
"432910",18,"26","2021-04-12 22:30:00"
"433134",18,"25.75","2021-04-12 22:45:00"
"433013",18,"17.3","2021-07-02 18:30:00"
"433221",18,"16.74","2021-07-02 18:45:00"
"433400",18,"16.17","2021-07-02 19:00:00"
"433031",18,"16.88","2021-03-10 07:00:00"
"433206",18,"16.98","2021-03-10 07:15:00"
"433454",18,"17.18","2021-03-10 07:30:00"
"433743",18,"20.12","2021-05-22 10:45:00"
"433932",18,"20.35","2021-05-22 11:00:00"
"434127",18,"20.94","2021-05-22 11:15:00"
"433791",18,"25.03","2021-04-12 23:30:00"
"433969",18,"24.81","2021-04-12 23:45:00"
"434202",18,"24.66","2021-04-13 00:00:00"
"434022",18,"14.83","2021-07-02 19:45:00"
"434216",18,"14.45","2021-07-02 20:00:00"
"434444",18,"14.19","2021-07-02 20:15:00"
"434331",18,"22.15","2021-05-22 11:30:00"
"434540",18,"22.42","2021-05-22 11:45:00"
"435272",18,"21.45","2021-05-22 13:00:00"
"435401",18,"21.53","2021-05-22 13:15:00"
"435497",18,"21.84","2021-05-22 13:30:00"
"435539",18,"28.18","2021-03-10 10:30:00"
"435643",18,"29.36","2021-03-10 10:45:00"
"435716",18,"30.27","2021-03-10 11:00:00"
"435604",18,"22.58","2021-05-22 13:45:00"
"437936",18,"22.83","2021-05-22 14:00:00"
"435770",18,"31.03","2021-03-10 11:15:00"
"436662",18,"31.81","2021-03-10 11:30:00"
"437297",18,"24.22","2021-04-13 02:15:00"
"437542",18,"23.96","2021-04-13 02:30:00"
"437183",18,"34.12","2021-03-10 12:30:00"
"437321",18,"34.05","2021-03-10 12:45:00"
"437467",18,"34.41","2021-03-10 13:00:00"
"437295",18,"11.11","2021-07-03 01:00:00"
"437419",18,"11.02","2021-07-03 01:15:00"
"437567",18,"34.63","2021-03-10 13:15:00"
"437645",18,"34.18","2021-03-10 13:30:00"
"438228",18,"23.55","2021-04-13 03:30:00"
"438432",18,"23.49","2021-04-13 03:45:00"
"438151",18,"23","2021-05-22 14:15:00"
"438370",18,"23.1","2021-05-22 14:30:00"
"438537",18,"23.13","2021-05-22 14:45:00"
"438256",18,"34.94","2021-03-10 15:00:00"
"438356",18,"35.05","2021-03-10 15:15:00"
"438496",18,"34.94","2021-03-10 15:30:00"
"438611",18,"34.78","2021-03-10 15:45:00"
"439147",18,"21.54","2021-05-22 16:00:00"
"440338",18,"9.4","2021-07-03 04:00:00"
"440393",18,"9.24","2021-07-03 04:15:00"
"440486",18,"9.04","2021-07-03 04:30:00"
"440578",18,"8.91","2021-07-03 04:45:00"
"440671",18,"8.84","2021-07-03 05:00:00"
"440657",18,"23.29","2021-04-13 06:00:00"
"440789",18,"23.27","2021-04-13 06:15:00"
"440755",18,"8.86","2021-07-03 05:15:00"
"440868",18,"8.85","2021-07-03 05:30:00"
"441014",18,"8.79","2021-07-03 05:45:00"
"444310",18,"10.88","2021-07-03 08:30:00"
"444364",18,"12.12","2021-07-03 08:45:00"
"444418",18,"13.13","2021-07-03 09:00:00"
"444472",18,"14.48","2021-07-03 09:15:00"
"444526",18,"16","2021-07-03 09:30:00"
"444580",18,"17.56","2021-07-03 09:45:00"
"444635",18,"18.97","2021-07-03 10:00:00"
"444731",18,"20.23","2021-07-03 10:15:00"
"444726",18,"24","2021-03-10 20:45:00"
"444830",18,"23.73","2021-03-10 21:00:00"
"444920",18,"23.48","2021-03-10 21:15:00"
"444848",18,"21.37","2021-07-03 10:30:00"
"448422",18,"22.58","2021-07-03 10:45:00"
"444984",18,"23.25","2021-03-10 21:30:00"
"445038",18,"23.02","2021-03-10 21:45:00"
"445092",18,"22.82","2021-03-10 22:00:00"
"445146",18,"22.63","2021-03-10 22:15:00"
"445200",18,"22.42","2021-03-10 22:30:00"
"445254",18,"22.23","2021-03-10 22:45:00"
"445308",18,"22.05","2021-03-10 23:00:00"
"446339",18,"18.76","2021-05-23 00:30:00"
"446416",18,"18.79","2021-05-23 00:45:00"
"446492",18,"18.83","2021-05-23 01:00:00"
"446588",18,"35.96","2021-04-13 11:45:00"
"446751",18,"36.56","2021-04-13 12:00:00"
"446575",18,"18.68","2021-05-23 01:15:00"
"446651",18,"18.58","2021-05-23 01:30:00"
"446737",18,"18.58","2021-05-23 01:45:00"
"446813",18,"18.41","2021-05-23 02:00:00"
"446893",18,"18.41","2021-05-23 02:15:00"
"447404",18,"38.01","2021-04-13 13:00:00"
"447458",18,"37.76","2021-04-13 13:15:00"
"447512",18,"37.65","2021-04-13 13:30:00"
"447566",18,"37.27","2021-04-13 13:45:00"
"447637",18,"36.9","2021-04-13 14:00:00"
"447751",18,"35.85","2021-04-13 14:15:00"
"447858",18,"35.17","2021-04-13 14:30:00"
"450502",18,"34.98","2021-04-13 14:45:00"
"447949",18,"20.23","2021-03-11 02:00:00"
"448010",18,"20.09","2021-03-11 02:15:00"
"449142",18,"29.28","2021-07-03 13:00:00"
"449230",18,"29.46","2021-07-03 13:15:00"
"449311",18,"29.57","2021-07-03 13:30:00"
"449394",18,"29.39","2021-07-03 13:45:00"
"449470",18,"28.2","2021-07-03 14:00:00"
"449509",18,"18.73","2021-03-11 05:45:00"
"451562",18,"18.68","2021-03-11 06:00:00"
"451702",18,"18.62","2021-03-11 06:15:00"
"449552",18,"27.28","2021-07-03 14:15:00"
"449606",18,"26.8","2021-07-03 14:30:00"
"449660",18,"25.62","2021-07-03 14:45:00"
"450762",18,"18.49","2021-05-23 07:30:00"
"450846",18,"18.55","2021-05-23 07:45:00"
"450932",18,"18.62","2021-05-23 08:00:00"
"451013",18,"18.94","2021-05-23 08:15:00"
"453504",18,"19.08","2021-05-23 08:30:00"
"453672",18,"19.16","2021-05-23 08:45:00"
"451106",18,"33.71","2021-04-13 16:15:00"
"451160",18,"33.69","2021-04-13 16:30:00"
"451214",18,"33.22","2021-04-13 16:45:00"
"451268",18,"32.45","2021-04-13 17:00:00"
"451322",18,"31.64","2021-04-13 17:15:00"
"452036",18,"18.56","2021-03-11 07:00:00"
"452090",18,"18.74","2021-03-11 07:15:00"
"452144",18,"19","2021-03-11 07:30:00"
"452198",18,"19.29","2021-03-11 07:45:00"
"452252",18,"19.59","2021-03-11 08:00:00"
"452306",18,"20.14","2021-03-11 08:15:00"
"452405",18,"21.39","2021-03-11 08:30:00"
"452398",18,"25.79","2021-07-03 15:30:00"
"452512",18,"26.1","2021-07-03 15:45:00"
"452600",18,"26.16","2021-07-03 16:00:00"
"453683",18,"17.05","2021-07-03 18:45:00"
"453835",18,"16.43","2021-07-03 19:00:00"
"453964",18,"15.85","2021-07-03 19:15:00"
"453843",18,"18.99","2021-05-23 09:00:00"
"454034",18,"18.84","2021-05-23 09:15:00"
"453983",18,"25.94","2021-04-13 20:15:00"
"454121",18,"25.61","2021-04-13 20:30:00"
"454151",18,"15.44","2021-07-03 19:30:00"
"454310",18,"15.1","2021-07-03 19:45:00"
"454830",18,"23.33","2021-05-23 10:45:00"
"454932",18,"24.07","2021-05-23 11:00:00"
"455043",18,"24.71","2021-05-23 11:15:00"
"454866",18,"24.25","2021-04-13 22:00:00"
"454973",18,"24.05","2021-04-13 22:15:00"
"455074",18,"23.87","2021-04-13 22:30:00"
"455143",18,"25.4","2021-05-23 11:30:00"
"455247",18,"26.21","2021-05-23 11:45:00"
"455197",18,"23.77","2021-04-13 22:45:00"
"455321",18,"23.69","2021-04-13 23:00:00"
"456386",18,"36.36","2021-03-11 13:15:00"
"456440",18,"35.66","2021-03-11 13:30:00"
"456494",18,"35.19","2021-03-11 13:45:00"
"456548",18,"34.3","2021-03-11 14:00:00"
"456602",18,"34.85","2021-03-11 14:15:00"
"456656",18,"35.88","2021-03-11 14:30:00"
"456710",18,"36.02","2021-03-11 14:45:00"
"456764",18,"35.58","2021-03-11 15:00:00"
"456794",18,"14.77","2021-07-03 20:00:00"
"456848",18,"14.52","2021-07-03 20:15:00"
"456902",18,"14.31","2021-07-03 20:30:00"
"457504",18,"12.44","2021-07-03 22:30:00"
"457613",18,"12.24","2021-07-03 22:45:00"
"457689",18,"11.99","2021-07-03 23:00:00"
"457734",18,"22.56","2021-04-14 01:15:00"
"457840",18,"22.38","2021-04-14 01:30:00"
"457949",18,"22.28","2021-04-14 01:45:00"
"457800",18,"11.77","2021-07-03 23:15:00"
"457906",18,"11.66","2021-07-03 23:30:00"
"458004",18,"11.53","2021-07-03 23:45:00"
"458064",18,"22.23","2021-04-14 02:00:00"
"458218",18,"22.19","2021-04-14 02:15:00"
"458636",18,"23.54","2021-05-23 14:00:00"
"458751",18,"23.49","2021-05-23 14:15:00"
"458856",18,"22.64","2021-05-23 14:30:00"
"458719",18,"21.89","2021-04-14 03:15:00"
"458828",18,"21.82","2021-04-14 03:30:00"
"458973",18,"21.4","2021-05-23 14:45:00"
"459111",18,"21.53","2021-05-23 15:00:00"
"458935",18,"21.68","2021-04-14 03:45:00"
"459034",18,"21.55","2021-04-14 04:00:00"
"459114",18,"21.45","2021-04-14 04:15:00"
"459693",18,"19.26","2021-05-23 17:15:00"
"459800",18,"18.43","2021-05-23 17:30:00"
"459747",18,"34.39","2021-03-11 15:15:00"
"459853",18,"34.92","2021-03-11 15:30:00"
"459926",18,"34.6","2021-03-11 15:45:00"
"459980",18,"34.64","2021-03-11 16:00:00"
"460034",18,"34.82","2021-03-11 16:15:00"
"460088",18,"34.4","2021-03-11 16:30:00"
"460142",18,"33.5","2021-03-11 16:45:00"
"461983",18,"8.81","2021-07-04 04:45:00"
"462091",18,"8.66","2021-07-04 05:00:00"
"461976",18,"20.03","2021-04-14 06:00:00"
"462083",18,"19.87","2021-04-14 06:15:00"
"462184",18,"19.73","2021-04-14 06:30:00"
"462238",18,"19.6","2021-04-14 06:45:00"
"462292",18,"19.54","2021-04-14 07:00:00"
"462346",18,"19.54","2021-04-14 07:15:00"
"462400",18,"19.6","2021-04-14 07:30:00"
"462454",18,"19.73","2021-04-14 07:45:00"
"463492",18,"12.64","2021-05-23 21:00:00"
"463546",18,"12.41","2021-05-23 21:15:00"
"463600",18,"12.16","2021-05-23 21:30:00"
"463654",18,"11.93","2021-05-23 21:45:00"
"463708",18,"11.7","2021-05-23 22:00:00"
"463774",18,"11.51","2021-05-23 22:15:00"
"402564",18,"4.218","2021-07-01 06:45:00"
"402618",18,"4.046","2021-07-01 07:00:00"
"402672",18,"3.784","2021-07-01 07:15:00"
"402726",18,"3.6470000000000002","2021-07-01 07:30:00"
"402780",18,"3.763","2021-07-01 07:45:00"
"403966",18,"16.98","2021-05-21 01:45:00"
"404020",18,"17.15","2021-05-21 02:00:00"
"404074",18,"17.23","2021-05-21 02:15:00"
"404128",18,"17.2","2021-05-21 02:30:00"
"404182",18,"17.04","2021-05-21 02:45:00"
"404236",18,"16.98","2021-05-21 03:00:00"
"404290",18,"16.93","2021-05-21 03:15:00"
"404344",18,"16.72","2021-05-21 03:30:00"
"404398",18,"16.7","2021-05-21 03:45:00"
"404452",18,"16.77","2021-05-21 04:00:00"
"405588",18,"21.85","2021-03-09 02:00:00"
"405642",18,"21.94","2021-03-09 02:15:00"
"405696",18,"21.94","2021-03-09 02:30:00"
"405750",18,"21.92","2021-03-09 02:45:00"
"408804",18,"21.91","2021-03-09 03:00:00"
"405834",18,"3.996","2021-07-01 08:00:00"
"405888",18,"4.58","2021-07-01 08:15:00"
"405942",18,"5.828","2021-07-01 08:30:00"
"405996",18,"7.186","2021-07-01 08:45:00"
"406050",18,"8.35","2021-07-01 09:00:00"
"406644",18,"19.91","2021-07-01 11:45:00"
"406698",18,"20.54","2021-07-01 12:00:00"
"406752",18,"21","2021-07-01 12:15:00"
"409749",18,"21.65","2021-07-01 12:30:00"
"409829",18,"22.22","2021-07-01 12:45:00"
"409909",18,"22.62","2021-07-01 13:00:00"
"406820",18,"36.03","2021-04-11 12:00:00"
"406874",18,"36.54","2021-04-11 12:15:00"
"406928",18,"37.18","2021-04-11 12:30:00"
"406982",18,"37.54","2021-04-11 12:45:00"
"407036",18,"37.31","2021-04-11 13:00:00"
"408208",18,"15.02","2021-05-21 07:30:00"
"408262",18,"15.59","2021-05-21 07:45:00"
"408316",18,"16.8","2021-05-21 08:00:00"
"408370",18,"18.4","2021-05-21 08:15:00"
"408424",18,"18.91","2021-05-21 08:30:00"
"408478",18,"19.22","2021-05-21 08:45:00"
"408532",18,"19.6","2021-05-21 09:00:00"
"408586",18,"20.01","2021-05-21 09:15:00"
"408640",18,"21","2021-05-21 09:30:00"
"408694",18,"22.23","2021-05-21 09:45:00"
"410508",18,"20.68","2021-07-01 15:45:00"
"410562",18,"20.71","2021-07-01 16:00:00"
"410616",18,"20.51","2021-07-01 16:15:00"
"410670",18,"20.17","2021-07-01 16:30:00"
"410724",18,"19.63","2021-07-01 16:45:00"
"410778",18,"18.95","2021-07-01 17:00:00"
"412748",18,"18.18","2021-07-01 17:15:00"
"410900",18,"31.97","2021-04-11 17:00:00"
"410954",18,"31.67","2021-04-11 17:15:00"
"411008",18,"31.13","2021-04-11 17:30:00"
"412754",18,"20.54","2021-03-09 07:45:00"
"412925",18,"20.79","2021-03-09 08:00:00"
"413135",18,"21.46","2021-03-09 08:15:00"
"412913",18,"17.25","2021-07-01 17:30:00"
"413055",18,"16.28","2021-07-01 17:45:00"
"413240",18,"15.42","2021-07-01 18:00:00"
"413183",18,"31.83","2021-05-21 14:30:00"
"413482",18,"30.43","2021-05-21 14:45:00"
"413158",18,"23.7","2021-04-11 21:30:00"
"413436",18,"23.45","2021-04-11 21:45:00"
"413734",18,"23.29","2021-04-11 22:00:00"
"414911",18,"32.78","2021-03-09 11:30:00"
"415034",18,"30.59","2021-03-09 11:45:00"
"415168",18,"27.92","2021-03-09 12:00:00"
"415206",18,"10.69","2021-07-01 21:30:00"
"415953",18,"10.54","2021-07-01 21:45:00"
"415850",18,"29.24","2021-03-09 12:15:00"
"415991",18,"32.01","2021-03-09 12:30:00"
"415304",18,"22.22","2021-04-11 23:30:00"
"415358",18,"22.13","2021-04-11 23:45:00"
"415412",18,"22.05","2021-04-12 00:00:00"
"417631",18,"9.14","2021-07-02 00:00:00"
"417835",18,"9.06","2021-07-02 00:15:00"
"418022",18,"9","2021-07-02 00:30:00"
"418132",18,"21.02","2021-04-12 03:00:00"
"418342",18,"20.93","2021-04-12 03:15:00"
"418021",18,"25.92","2021-05-21 18:00:00"
"418235",18,"25.13","2021-05-21 18:15:00"
"418429",18,"24.47","2021-05-21 18:30:00"
"418234",18,"8.84","2021-07-02 00:45:00"
"418463",18,"8.69","2021-07-02 01:00:00"
"419945",18,"7.702","2021-07-02 02:30:00"
"420052",18,"7.602","2021-07-02 02:45:00"
"420159",18,"7.545","2021-07-02 03:00:00"
"419970",18,"22.07","2021-05-21 20:00:00"
"420078",18,"21.73","2021-05-21 20:15:00"
"420187",18,"21.48","2021-05-21 20:30:00"
"420287",18,"7.486","2021-07-02 03:15:00"
"420318",18,"21.28","2021-05-21 20:45:00"
"420456",18,"21.38","2021-05-21 21:00:00"
"420610",18,"21.7","2021-05-21 21:15:00"
"420772",18,"21.81","2021-05-21 21:30:00"
"422721",18,"19.58","2021-05-22 00:00:00"
"423826",18,"19.41","2021-05-22 00:15:00"
"422751",18,"21.31","2021-04-12 07:45:00"
"422933",18,"21.94","2021-04-12 08:00:00"
"423912",18,"5.824","2021-07-02 07:00:00"
"424031",18,"5.75","2021-07-02 07:15:00"
"424162",18,"5.76","2021-07-02 07:30:00"
"423042",18,"21.59","2021-03-09 20:45:00"
"423138",18,"21.5","2021-03-09 21:00:00"
"423247",18,"21.25","2021-03-09 21:15:00"
"425609",18,"19.86","2021-03-09 23:30:00"
"425800",18,"19.69","2021-03-09 23:45:00"
"425743",18,"18.46","2021-05-22 03:15:00"
"425940",18,"18.43","2021-05-22 03:30:00"
"425673",18,"13.59","2021-07-02 09:30:00"
"425923",18,"14.92","2021-07-02 09:45:00"
"426115",18,"16.32","2021-07-02 10:00:00"
"425835",18,"36.11","2021-04-12 12:00:00"
"426076",18,"36.6","2021-04-12 12:15:00"
"426289",18,"37.12","2021-04-12 12:30:00"
"427059",18,"18.85","2021-03-10 01:15:00"
"427214",18,"18.75","2021-03-10 01:30:00"
"427342",18,"18.63","2021-03-10 01:45:00"
"427290",18,"22.84","2021-07-02 11:30:00"
"427958",18,"23.25","2021-07-02 11:45:00"
"427406",18,"36.73","2021-04-12 14:00:00"
"427490",18,"35.95","2021-04-12 14:15:00"
"427544",18,"35.27","2021-04-12 14:30:00"
"427450",18,"18.56","2021-03-10 02:00:00"
"427983",18,"18.49","2021-03-10 02:15:00"
"428142",18,"18.34","2021-03-10 02:30:00"
"429794",18,"17.95","2021-03-10 04:30:00"
"430008",18,"17.88","2021-03-10 04:45:00"
"430248",18,"17.76","2021-03-10 05:00:00"
"429869",18,"17.72","2021-05-22 07:30:00"
"430075",18,"17.8","2021-05-22 07:45:00"
"430255",18,"17.86","2021-05-22 08:00:00"
"430270",18,"31.24","2021-04-12 17:45:00"
"430456",18,"30.5","2021-04-12 18:00:00"
"430662",18,"29.8","2021-04-12 18:15:00"
"430436",18,"24.18","2021-07-02 14:45:00"
"430691",18,"22.93","2021-07-02 15:00:00"
"432151",18,"26.84","2021-04-12 21:00:00"
"432219",18,"26.76","2021-04-12 21:15:00"
"432332",18,"26.69","2021-04-12 21:30:00"
"432258",18,"22.07","2021-07-02 17:15:00"
"432365",18,"21.01","2021-07-02 17:30:00"
"432477",18,"26.6","2021-04-12 21:45:00"
"432589",18,"26.47","2021-04-12 22:00:00"
"432558",18,"18.47","2021-05-22 09:30:00"
"432864",18,"18.58","2021-05-22 09:45:00"
"433101",18,"18.9","2021-05-22 10:00:00"
"434438",18,"20.01","2021-03-10 08:30:00"
"434641",18,"21.65","2021-03-10 08:45:00"
"434419",18,"24.71","2021-04-13 00:15:00"
"434619",18,"24.82","2021-04-13 00:30:00"
"434661",18,"14.02","2021-07-02 20:30:00"
"434845",18,"13.85","2021-07-02 20:45:00"
"434821",18,"22.41","2021-05-22 12:00:00"
"434951",18,"22.69","2021-05-22 12:15:00"
"435052",18,"22.22","2021-05-22 12:30:00"
"436514",18,"24.8","2021-04-13 01:30:00"
"436742",18,"24.69","2021-04-13 01:45:00"
"437032",18,"24.51","2021-04-13 02:00:00"
"436499",18,"11.75","2021-07-02 23:30:00"
"436594",18,"11.62","2021-07-02 23:45:00"
"436737",18,"11.47","2021-07-03 00:00:00"
"436809",18,"32.53","2021-03-10 11:45:00"
"436940",18,"33.23","2021-03-10 12:00:00"
"437058",18,"33.76","2021-03-10 12:15:00"
"436861",18,"11.37","2021-07-03 00:15:00"
"437012",18,"11.29","2021-07-03 00:30:00"
"437157",18,"11.22","2021-07-03 00:45:00"
"439206",18,"23.12","2021-04-13 05:15:00"
"440402",18,"23.22","2021-04-13 05:30:00"
"440528",18,"23.27","2021-04-13 05:45:00"
"439261",18,"21.39","2021-05-22 16:15:00"
"439336",18,"21.12","2021-05-22 16:30:00"
"439390",18,"21.15","2021-05-22 16:45:00"
"439444",18,"21","2021-05-22 17:00:00"
"439498",18,"20.74","2021-05-22 17:15:00"
"439552",18,"20.18","2021-05-22 17:30:00"
"439606",18,"19.77","2021-05-22 17:45:00"
"439660",18,"19.4","2021-05-22 18:00:00"
"441421",18,"30.93","2021-03-10 17:00:00"
"441511",18,"30.87","2021-03-10 17:15:00"
"441598",18,"29.77","2021-03-10 17:30:00"
"441674",18,"29.45","2021-03-10 17:45:00"
"441749",18,"29.01","2021-03-10 18:00:00"
"441807",18,"23.42","2021-04-13 08:00:00"
"441978",18,"23.97","2021-04-13 08:15:00"
"441833",18,"28.35","2021-03-10 18:15:00"
"441912",18,"28.05","2021-03-10 18:30:00"
"441993",18,"27.53","2021-03-10 18:45:00"
"442570",18,"27.2","2021-04-13 09:15:00"
"442648",18,"28.32","2021-04-13 09:30:00"
"442726",18,"29.25","2021-04-13 09:45:00"
"442838",18,"30.12","2021-04-13 10:00:00"
"445810",18,"31.08","2021-04-13 10:15:00"
"442767",18,"19.23","2021-05-22 18:45:00"
"442866",18,"19.29","2021-05-22 19:00:00"
"442930",18,"19.32","2021-05-22 19:15:00"
"442984",18,"19.32","2021-05-22 19:30:00"
"443038",18,"19.29","2021-05-22 19:45:00"
"443686",18,"18.94","2021-05-22 22:45:00"
"443740",18,"18.94","2021-05-22 23:00:00"
"443932",18,"8.51","2021-07-03 06:45:00"
"443986",18,"8.5","2021-07-03 07:00:00"
"444040",18,"8.48","2021-07-03 07:15:00"
"444094",18,"8.56","2021-07-03 07:30:00"
"444148",18,"8.83","2021-07-03 07:45:00"
"444202",18,"9.32","2021-07-03 08:00:00"
"444256",18,"9.94","2021-07-03 08:15:00"
"445864",18,"32.08","2021-04-13 10:30:00"
"445953",18,"32.97","2021-04-13 10:45:00"
"445922",18,"18.92","2021-05-22 23:15:00"
"445998",18,"18.82","2021-05-22 23:30:00"
"446076",18,"18.74","2021-05-22 23:45:00"
"446121",18,"33.86","2021-04-13 11:00:00"
"446265",18,"34.68","2021-04-13 11:15:00"
"446422",18,"35.3","2021-04-13 11:30:00"
"446163",18,"18.75","2021-05-23 00:00:00"
"446250",18,"18.72","2021-05-23 00:15:00"
"448695",18,"19.14","2021-03-11 04:30:00"
"448830",18,"19.06","2021-03-11 04:45:00"
"448745",18,"26.4","2021-07-03 11:45:00"
"448839",18,"27.11","2021-07-03 12:00:00"
"448917",18,"27.78","2021-07-03 12:15:00"
"448996",18,"28.33","2021-07-03 12:30:00"
"449074",18,"28.91","2021-07-03 12:45:00"
"449001",18,"18.99","2021-03-11 05:00:00"
"449187",18,"18.89","2021-03-11 05:15:00"
"449335",18,"18.8","2021-03-11 05:30:00"
"450306",18,"18.48","2021-05-23 06:15:00"
"450360",18,"18.49","2021-05-23 06:30:00"
"450414",18,"18.49","2021-05-23 06:45:00"
"450468",18,"18.49","2021-05-23 07:00:00"
"450670",18,"18.49","2021-05-23 07:15:00"
"450576",18,"34.98","2021-04-13 15:00:00"
"450630",18,"34.87","2021-04-13 15:15:00"
"450712",18,"34.49","2021-04-13 15:30:00"
"450851",18,"34.25","2021-04-13 15:45:00"
"451002",18,"34.29","2021-04-13 16:00:00"
"453096",18,"27.66","2021-03-11 10:00:00"
"453254",18,"28.87","2021-03-11 10:15:00"
"455792",18,"30.5","2021-03-11 10:30:00"
"453194",18,"21.99","2021-07-03 17:30:00"
"453271",18,"20.78","2021-07-03 17:45:00"
"453356",18,"19.6","2021-07-03 18:00:00"
"453416",18,"18.58","2021-07-03 18:15:00"
"453493",18,"17.76","2021-07-03 18:30:00"
"453524",18,"27.14","2021-04-13 19:30:00"
"453660",18,"26.62","2021-04-13 19:45:00"
"453813",18,"26.29","2021-04-13 20:00:00"
"455350",18,"25.98","2021-05-23 12:00:00"
"455456",18,"26.21","2021-05-23 12:15:00"
"455567",18,"26.85","2021-05-23 12:30:00"
"455424",18,"23.66","2021-04-13 23:15:00"
"455530",18,"23.55","2021-04-13 23:30:00"
"455630",18,"23.31","2021-04-13 23:45:00"
"455677",18,"27.08","2021-05-23 12:45:00"
"455764",18,"26.49","2021-05-23 13:00:00"
"455737",18,"23.12","2021-04-14 00:00:00"
"457270",18,"23.15","2021-04-14 00:15:00"
"458155",18,"11.41","2021-07-04 00:00:00"
"458284",18,"11.28","2021-07-04 00:15:00"
"458178",18,"25.95","2021-05-23 13:15:00"
"458413",18,"25.53","2021-05-23 13:30:00"
"458524",18,"24.37","2021-05-23 13:45:00"
"458349",18,"22.13","2021-04-14 02:30:00"
"458514",18,"22.06","2021-04-14 02:45:00"
"458620",18,"21.93","2021-04-14 03:00:00"
"458420",18,"11.14","2021-07-04 00:30:00"
"460820",18,"11.02","2021-07-04 00:45:00"
"460874",18,"10.82","2021-07-04 01:00:00"
"463767",18,"25.57","2021-03-11 19:45:00"
"463844",18,"25.1","2021-03-11 20:00:00"
"460928",18,"10.6","2021-07-04 01:15:00"
"460982",18,"10.41","2021-07-04 01:30:00"
"461036",18,"10.24","2021-07-04 01:45:00"
"461090",18,"10.15","2021-07-04 02:00:00"
"461144",18,"10.07","2021-07-04 02:15:00"
"461198",18,"9.92","2021-07-04 02:30:00"
"461252",18,"9.74","2021-07-04 02:45:00"
"462508",18,"20.15","2021-04-14 08:00:00"
"462562",18,"20.99","2021-04-14 08:15:00"
"462616",18,"21.76","2021-04-14 08:30:00"
"462670",18,"22.52","2021-04-14 08:45:00"
"462724",18,"23.41","2021-04-14 09:00:00"
"462778",18,"24.28","2021-04-14 09:15:00"
"465832",18,"25.29","2021-04-14 09:30:00"
"462790",18,"17.58","2021-05-23 17:45:00"
"462844",18,"16.89","2021-05-23 18:00:00"
"462898",18,"16.31","2021-05-23 18:15:00"
"464060",18,"23.65","2021-03-11 21:00:00"
"466816",18,"11.3","2021-05-23 22:30:00"
"466870",18,"11.1","2021-05-23 22:45:00"
"463898",18,"24.66","2021-03-11 20:15:00"
"463952",18,"24.3","2021-03-11 20:30:00"
"464006",18,"23.97","2021-03-11 20:45:00"
"469613",18,"32.31","2021-04-14 16:15:00"
"469867",18,"32.08","2021-04-14 16:30:00"
"469761",18,"27.16","2021-07-04 13:00:00"
"469873",18,"27.4","2021-07-04 13:15:00"
"469929",18,"27.58","2021-07-04 13:30:00"
"469949",18,"18.71","2021-03-12 04:00:00"
"470193",18,"18.62","2021-03-12 04:15:00"
"470076",18,"27.41","2021-07-04 13:45:00"
"470204",18,"26.44","2021-07-04 14:00:00"
"471274",18,"8.07","2021-05-24 05:15:00"
"471332",18,"7.932","2021-05-24 05:30:00"
"471486",18,"7.756","2021-05-24 05:45:00"
"471424",18,"18.23","2021-03-12 05:15:00"
"471503",18,"18.14","2021-03-12 05:30:00"
"471575",18,"18.06","2021-03-12 05:45:00"
"471676",18,"7.575","2021-05-24 06:00:00"
"471839",18,"7.407","2021-05-24 06:15:00"
"471652",18,"17.98","2021-03-12 06:00:00"
"471735",18,"17.89","2021-03-12 06:15:00"
"472992",18,"25.55","2021-04-14 19:30:00"
"473046",18,"25.19","2021-04-14 19:45:00"
"473100",18,"24.91","2021-04-14 20:00:00"
"473178",18,"24.55","2021-04-14 20:15:00"
"473270",18,"24.17","2021-04-14 20:30:00"
"473386",18,"24.45","2021-07-04 15:00:00"
"473532",18,"24.92","2021-07-04 15:15:00"
"473373",18,"23.84","2021-04-14 20:45:00"
"473458",18,"23.56","2021-04-14 21:00:00"
"474051",18,"21.95","2021-04-14 22:30:00"
"474142",18,"21.72","2021-04-14 22:45:00"
"474229",18,"21.5","2021-04-14 23:00:00"
"474275",18,"23.94","2021-07-04 16:45:00"
"474330",18,"23.19","2021-07-04 17:00:00"
"474384",18,"22.22","2021-07-04 17:15:00"
"476020",18,"21.25","2021-04-14 23:15:00"
"476172",18,"21.03","2021-04-14 23:30:00"
"476334",18,"20.84","2021-04-14 23:45:00"
"474438",18,"21.19","2021-07-04 17:30:00"
"474492",18,"20.21","2021-07-04 17:45:00"
"474546",18,"19.32","2021-07-04 18:00:00"
"475572",18,"15.47","2021-05-24 09:45:00"
"475666",18,"15.88","2021-05-24 10:00:00"
"475790",18,"16.32","2021-05-24 10:15:00"
"475842",18,"35.67","2021-03-12 11:45:00"
"475920",18,"36.6","2021-03-12 12:00:00"
"475943",18,"17.25","2021-05-24 10:30:00"
"476112",18,"18.23","2021-05-24 10:45:00"
"476037",18,"37.44","2021-03-12 12:15:00"
"476219",18,"38.05","2021-03-12 12:30:00"
"476369",18,"38.63","2021-03-12 12:45:00"
"477342",18,"19.65","2021-04-15 01:45:00"
"477396",18,"19.51","2021-04-15 02:00:00"
"477450",18,"19.38","2021-04-15 02:15:00"
"477510",18,"19.27","2021-04-15 02:30:00"
"477651",18,"19.17","2021-04-15 02:45:00"
"477646",18,"16.29","2021-07-04 19:30:00"
"477733",18,"16.01","2021-07-04 19:45:00"
"477795",18,"19.07","2021-04-15 03:00:00"
"477956",18,"19.02","2021-04-15 03:15:00"
"478102",18,"19","2021-04-15 03:30:00"
"478410",18,"14.2","2021-07-04 22:00:00"
"478464",18,"14.01","2021-07-04 22:15:00"
"478518",18,"13.78","2021-07-04 22:30:00"
"478572",18,"13.65","2021-07-04 22:45:00"
"478626",18,"13.53","2021-07-04 23:00:00"
"478680",18,"13.37","2021-07-04 23:15:00"
"478734",18,"13.24","2021-07-04 23:30:00"
"481715",18,"13.07","2021-07-04 23:45:00"
"478786",18,"23.31","2021-05-24 12:15:00"
"478840",18,"23.72","2021-05-24 12:30:00"
"478894",18,"24.43","2021-05-24 12:45:00"
"480184",18,"38.02","2021-03-12 14:45:00"
"480282",18,"17.93","2021-04-15 06:15:00"
"480338",18,"38.35","2021-03-12 15:00:00"
"480418",18,"17.83","2021-04-15 06:30:00"
"480558",18,"17.72","2021-04-15 06:45:00"
"480681",18,"17.64","2021-04-15 07:00:00"
"480478",18,"38.12","2021-03-12 15:15:00"
"480635",18,"37.95","2021-03-12 15:30:00"
"480482",18,"22.44","2021-05-24 16:15:00"
"480735",18,"21.86","2021-05-24 16:30:00"
"480857",18,"21.29","2021-05-24 16:45:00"
"481706",18,"30.83","2021-03-12 18:30:00"
"440919",18,"33.56","2021-03-10 16:00:00"
"439714",18,"19.13","2021-05-22 18:15:00"
"439768",18,"19.14","2021-05-22 18:30:00"
"439960",18,"10.49","2021-07-03 02:15:00"
"440014",18,"10.31","2021-07-03 02:30:00"
"440068",18,"10.13","2021-07-03 02:45:00"
"440122",18,"9.97","2021-07-03 03:00:00"
"440176",18,"9.8","2021-07-03 03:15:00"
"440230",18,"9.68","2021-07-03 03:30:00"
"440284",18,"9.6","2021-07-03 03:45:00"
"440923",18,"23.25","2021-04-13 06:30:00"
"441044",18,"23.24","2021-04-13 06:45:00"
"441164",18,"23.21","2021-04-13 07:00:00"
"441137",18,"32.49","2021-03-10 16:15:00"
"441258",18,"31.78","2021-03-10 16:30:00"
"441342",18,"30.97","2021-03-10 16:45:00"
"441198",18,"8.72","2021-07-03 06:00:00"
"443824",18,"8.67","2021-07-03 06:15:00"
"443878",18,"8.58","2021-07-03 06:30:00"
"441333",18,"23.16","2021-04-13 07:15:00"
"441486",18,"23.22","2021-04-13 07:30:00"
"441633",18,"23.3","2021-04-13 07:45:00"
"442073",18,"26.83","2021-03-10 19:00:00"
"442157",18,"26.24","2021-03-10 19:15:00"
"442137",18,"24.7","2021-04-13 08:30:00"
"442297",18,"25.51","2021-04-13 08:45:00"
"442431",18,"26.12","2021-04-13 09:00:00"
"442234",18,"25.78","2021-03-10 19:30:00"
"442320",18,"25.33","2021-03-10 19:45:00"
"442407",18,"24.94","2021-03-10 20:00:00"
"442498",18,"24.6","2021-03-10 20:15:00"
"442587",18,"24.3","2021-03-10 20:30:00"
"443092",18,"19.25","2021-05-22 20:00:00"
"443146",18,"19.19","2021-05-22 20:15:00"
"443200",18,"19.13","2021-05-22 20:30:00"
"443254",18,"19.04","2021-05-22 20:45:00"
"443308",18,"18.73","2021-05-22 21:00:00"
"443362",18,"18.69","2021-05-22 21:15:00"
"443416",18,"18.71","2021-05-22 21:30:00"
"443470",18,"18.81","2021-05-22 21:45:00"
"443524",18,"18.92","2021-05-22 22:00:00"
"443578",18,"18.96","2021-05-22 22:15:00"
"443632",18,"18.95","2021-05-22 22:30:00"
"445362",18,"21.88","2021-03-10 23:15:00"
"445416",18,"21.68","2021-03-10 23:30:00"
"445470",18,"21.49","2021-03-10 23:45:00"
"445524",18,"21.31","2021-03-11 00:00:00"
"445578",18,"21.14","2021-03-11 00:15:00"
"445632",18,"20.98","2021-03-11 00:30:00"
"445686",18,"20.83","2021-03-11 00:45:00"
"445740",18,"20.68","2021-03-11 01:00:00"
"447632",18,"20.56","2021-03-11 01:15:00"
"447736",18,"20.46","2021-03-11 01:30:00"
"447836",18,"20.35","2021-03-11 01:45:00"
"446933",18,"37.19","2021-04-13 12:15:00"
"447119",18,"37.39","2021-04-13 12:30:00"
"447294",18,"37.56","2021-04-13 12:45:00"
"446969",18,"18.41","2021-05-23 02:30:00"
"447039",18,"18.45","2021-05-23 02:45:00"
"447120",18,"18.45","2021-05-23 03:00:00"
"447199",18,"18.49","2021-05-23 03:15:00"
"447277",18,"18.48","2021-05-23 03:30:00"
"447357",18,"18.47","2021-05-23 03:45:00"
"449820",18,"18.47","2021-05-23 04:00:00"
"449874",18,"18.49","2021-05-23 04:15:00"
"448064",18,"19.95","2021-03-11 02:30:00"
"448118",18,"19.83","2021-03-11 02:45:00"
"448172",18,"19.7","2021-03-11 03:00:00"
"448226",18,"19.57","2021-03-11 03:15:00"
"448280",18,"19.44","2021-03-11 03:30:00"
"448334",18,"19.34","2021-03-11 03:45:00"
"448388",18,"19.26","2021-03-11 04:00:00"
"448517",18,"19.2","2021-03-11 04:15:00"
"448503",18,"23.68","2021-07-03 11:00:00"
"448585",18,"24.59","2021-07-03 11:15:00"
"448663",18,"25.54","2021-07-03 11:30:00"
"449714",18,"24.39","2021-07-03 15:00:00"
"449768",18,"24.99","2021-07-03 15:15:00"
"449928",18,"18.5","2021-05-23 04:30:00"
"449982",18,"18.51","2021-05-23 04:45:00"
"450036",18,"18.52","2021-05-23 05:00:00"
"450090",18,"18.48","2021-05-23 05:15:00"
"450144",18,"18.47","2021-05-23 05:30:00"
"450198",18,"18.49","2021-05-23 05:45:00"
"450252",18,"18.47","2021-05-23 06:00:00"
"451376",18,"30.7","2021-04-13 17:30:00"
"451430",18,"29.95","2021-04-13 17:45:00"
"451493",18,"29.28","2021-04-13 18:00:00"
"451587",18,"28.76","2021-04-13 18:15:00"
"451675",18,"28.32","2021-04-13 18:30:00"
"451863",18,"18.54","2021-03-11 06:30:00"
"451982",18,"18.51","2021-03-11 06:45:00"
"451767",18,"27.98","2021-04-13 18:45:00"
"451840",18,"27.6","2021-04-13 19:00:00"
"451920",18,"27.35","2021-04-13 19:15:00"
"452507",18,"23.12","2021-03-11 08:45:00"
"452634",18,"24.52","2021-03-11 09:00:00"
"452748",18,"25.82","2021-03-11 09:15:00"
"452707",18,"25.81","2021-07-03 16:15:00"
"452806",18,"25.34","2021-07-03 16:30:00"
"452866",18,"26.81","2021-03-11 09:30:00"
"452975",18,"27.75","2021-03-11 09:45:00"
"452903",18,"24.78","2021-07-03 16:45:00"
"453015",18,"23.92","2021-07-03 17:00:00"
"453110",18,"23.01","2021-07-03 17:15:00"
"454189",18,"18.94","2021-05-23 09:30:00"
"454347",18,"20.11","2021-05-23 09:45:00"
"454484",18,"21.13","2021-05-23 10:00:00"
"454303",18,"25.33","2021-04-13 20:45:00"
"454452",18,"25.1","2021-04-13 21:00:00"
"454544",18,"25.02","2021-04-13 21:15:00"
"454604",18,"21.24","2021-05-23 10:15:00"
"454725",18,"21.74","2021-05-23 10:30:00"
"454656",18,"24.79","2021-04-13 21:30:00"
"454758",18,"24.47","2021-04-13 21:45:00"
"455846",18,"31.72","2021-03-11 10:45:00"
"455900",18,"32.67","2021-03-11 11:00:00"
"455954",18,"33.65","2021-03-11 11:15:00"
"456008",18,"34.45","2021-03-11 11:30:00"
"456062",18,"35.11","2021-03-11 11:45:00"
"456116",18,"35.79","2021-03-11 12:00:00"
"456170",18,"36.41","2021-03-11 12:15:00"
"456224",18,"37.05","2021-03-11 12:30:00"
"456278",18,"37.16","2021-03-11 12:45:00"
"456332",18,"36.14","2021-03-11 13:00:00"
"456956",18,"14.07","2021-07-03 20:45:00"
"457010",18,"13.83","2021-07-03 21:00:00"
"457064",18,"13.44","2021-07-03 21:15:00"
"457118",18,"13.07","2021-07-03 21:30:00"
"457183",18,"12.83","2021-07-03 21:45:00"
"457289",18,"12.7","2021-07-03 22:00:00"
"457394",18,"12.56","2021-07-03 22:15:00"
"457381",18,"23.1","2021-04-14 00:30:00"
"457488",18,"22.87","2021-04-14 00:45:00"
"457593",18,"22.73","2021-04-14 01:00:00"
"459202",18,"21.23","2021-04-14 04:30:00"
"461398",18,"21.01","2021-04-14 04:45:00"
"459238",18,"22.38","2021-05-23 15:15:00"
"459304",18,"22.6","2021-05-23 15:30:00"
"459358",18,"22.65","2021-05-23 15:45:00"
"459412",18,"22.61","2021-05-23 16:00:00"
"459466",18,"22.24","2021-05-23 16:15:00"
"459520",18,"21.79","2021-05-23 16:30:00"
"459574",18,"21.27","2021-05-23 16:45:00"
"459628",18,"20.24","2021-05-23 17:00:00"
"460196",18,"33.09","2021-03-11 17:00:00"
"460250",18,"32.59","2021-03-11 17:15:00"
"460304",18,"31.88","2021-03-11 17:30:00"
"460358",18,"31.21","2021-03-11 17:45:00"
"460412",18,"30.44","2021-03-11 18:00:00"
"460466",18,"29.64","2021-03-11 18:15:00"
"460520",18,"28.89","2021-03-11 18:30:00"
"460574",18,"28.08","2021-03-11 18:45:00"
"460628",18,"27.3","2021-03-11 19:00:00"
"460682",18,"26.65","2021-03-11 19:15:00"
"460736",18,"26.09","2021-03-11 19:30:00"
"461306",18,"9.62","2021-07-04 03:00:00"
"461375",18,"9.44","2021-07-04 03:15:00"
"461462",18,"9.31","2021-07-04 03:30:00"
"461560",18,"9.22","2021-07-04 03:45:00"
"461654",18,"9.17","2021-07-04 04:00:00"
"461534",18,"20.91","2021-04-14 05:00:00"
"461657",18,"20.69","2021-04-14 05:15:00"
"461756",18,"20.41","2021-04-14 05:30:00"
"461771",18,"9.04","2021-07-04 04:15:00"
"461863",18,"20.2","2021-04-14 05:45:00"
"461881",18,"8.94","2021-07-04 04:30:00"
"462952",18,"15.79","2021-05-23 18:30:00"
"463006",18,"15.31","2021-05-23 18:45:00"
"463060",18,"14.93","2021-05-23 19:00:00"
"463114",18,"14.6","2021-05-23 19:15:00"
"463168",18,"14.28","2021-05-23 19:30:00"
"463222",18,"13.97","2021-05-23 19:45:00"
"463276",18,"13.68","2021-05-23 20:00:00"
"463330",18,"13.4","2021-05-23 20:15:00"
"463384",18,"13.14","2021-05-23 20:30:00"
"463438",18,"12.87","2021-05-23 20:45:00"
"464600",18,"21.39","2021-03-11 23:30:00"
"464654",18,"21.2","2021-03-11 23:45:00"
"464708",18,"20.97","2021-03-12 00:00:00"
"464762",18,"20.73","2021-03-12 00:15:00"
"467621",18,"20.53","2021-03-12 00:30:00"
"464792",18,"8.58","2021-07-04 05:15:00"
"464846",18,"8.55","2021-07-04 05:30:00"
"464900",18,"8.64","2021-07-04 05:45:00"
"464954",18,"8.69","2021-07-04 06:00:00"
"465008",18,"8.57","2021-07-04 06:15:00"
"465062",18,"8.47","2021-07-04 06:30:00"
"465656",18,"14.23","2021-07-04 09:15:00"
"465710",18,"15.44","2021-07-04 09:30:00"
"465764",18,"16.32","2021-07-04 09:45:00"
"468006",18,"17.31","2021-07-04 10:00:00"
"468193",18,"18.22","2021-07-04 10:15:00"
"465886",18,"26.36","2021-04-14 09:45:00"
"465940",18,"27.38","2021-04-14 10:00:00"
"465994",18,"28.43","2021-04-14 10:15:00"
"466048",18,"29.22","2021-04-14 10:30:00"
"466102",18,"30.09","2021-04-14 10:45:00"
"466751",18,"34.47","2021-04-14 13:45:00"
"468018",18,"34.14","2021-04-14 14:00:00"
"466924",18,"10.94","2021-05-23 23:00:00"
"466978",18,"10.76","2021-05-23 23:15:00"
"467032",18,"10.55","2021-05-23 23:30:00"
"467086",18,"10.37","2021-05-23 23:45:00"
"467140",18,"10.27","2021-05-24 00:00:00"
"467194",18,"10.13","2021-05-24 00:15:00"
"467248",18,"9.99","2021-05-24 00:30:00"
"467949",18,"8.99","2021-05-24 02:45:00"
"470788",18,"8.85","2021-05-24 03:00:00"
"470842",18,"8.69","2021-05-24 03:15:00"
"468220",18,"19.85","2021-03-12 01:30:00"
"468358",18,"19.7","2021-03-12 01:45:00"
"468192",18,"33.64","2021-04-14 14:15:00"
"468357",18,"33.13","2021-04-14 14:30:00"
"468512",18,"33.14","2021-04-14 14:45:00"
"468377",18,"19.19","2021-07-04 10:30:00"
"468539",18,"20.01","2021-07-04 10:45:00"
"469020",18,"32.42","2021-04-14 15:30:00"
"469200",18,"32.01","2021-04-14 15:45:00"
"469447",18,"31.76","2021-04-14 16:00:00"
"469164",18,"23.46","2021-07-04 11:45:00"
"469319",18,"24.26","2021-07-04 12:00:00"
"469453",18,"24.95","2021-07-04 12:15:00"
"469298",18,"19.06","2021-03-12 03:15:00"
"469421",18,"18.95","2021-03-12 03:30:00"
"469724",18,"18.84","2021-03-12 03:45:00"
"469536",18,"25.68","2021-07-04 12:30:00"
"469639",18,"26.42","2021-07-04 12:45:00"
"470722",18,"27.56","2021-04-14 18:15:00"
"470776",18,"27.04","2021-04-14 18:30:00"
"470896",18,"8.49","2021-05-24 03:30:00"
"470950",18,"8.43","2021-05-24 03:45:00"
"471004",18,"8.43","2021-05-24 04:00:00"
"471058",18,"8.38","2021-05-24 04:15:00"
"471112",18,"8.27","2021-05-24 04:30:00"
"471166",18,"8.21","2021-05-24 04:45:00"
"471220",18,"8.17","2021-05-24 05:00:00"
"472463",18,"20.19","2021-03-12 08:30:00"
"472589",18,"22.13","2021-03-12 08:45:00"
"472476",18,"7.055","2021-05-24 07:15:00"
"472567",18,"7.345","2021-05-24 07:30:00"
"474872",18,"7.811","2021-05-24 07:45:00"
"472652",18,"23.82","2021-03-12 09:00:00"
"472706",18,"25.35","2021-03-12 09:15:00"
"472760",18,"26.22","2021-03-12 09:30:00"
"472830",18,"26.65","2021-04-14 18:45:00"
"472884",18,"26.35","2021-04-14 19:00:00"
"472938",18,"25.95","2021-04-14 19:15:00"
"474600",18,"18.57","2021-07-04 18:15:00"
"474654",18,"17.98","2021-07-04 18:30:00"
"474708",18,"17.45","2021-07-04 18:45:00"
"474762",18,"17","2021-07-04 19:00:00"
"477558",18,"16.63","2021-07-04 19:15:00"
"474815",18,"27.41","2021-03-12 09:45:00"
"474967",18,"27.43","2021-03-12 10:00:00"
"474948",18,"8.4","2021-05-24 08:00:00"
"475035",18,"9.31","2021-05-24 08:15:00"
"476269",18,"19.29","2021-05-24 11:00:00"
"476428",18,"20.4","2021-05-24 11:15:00"
"476592",18,"21.56","2021-05-24 11:30:00"
"476513",18,"20.65","2021-04-15 00:00:00"
"476667",18,"20.47","2021-04-15 00:15:00"
"476524",18,"38.78","2021-03-12 13:00:00"
"476684",18,"38.66","2021-03-12 13:15:00"
"476770",18,"22.44","2021-05-24 11:45:00"
"476916",18,"22.93","2021-05-24 12:00:00"
"477819",18,"15.81","2021-07-04 20:00:00"
"477899",18,"15.59","2021-07-04 20:15:00"
"477979",18,"15.34","2021-07-04 20:30:00"
"478067",18,"15.12","2021-07-04 20:45:00"
"478155",18,"14.83","2021-07-04 21:00:00"
"478288",18,"18.97","2021-04-15 03:45:00"
"479290",18,"18.9","2021-04-15 04:00:00"
"478219",18,"14.64","2021-07-04 21:15:00"
"478299",18,"14.51","2021-07-04 21:30:00"
"478356",18,"14.37","2021-07-04 21:45:00"
"479637",18,"21.04","2021-05-24 15:00:00"
"479768",18,"22.32","2021-05-24 15:15:00"
"479648",18,"18.58","2021-04-15 05:00:00"
"479739",18,"18.43","2021-04-15 05:15:00"
"479838",18,"18.3","2021-04-15 05:30:00"
"479970",18,"18.16","2021-04-15 05:45:00"
"480121",18,"18.03","2021-04-15 06:00:00"
"479898",18,"22.88","2021-05-24 15:30:00"
"480088",18,"23.12","2021-05-24 15:45:00"
"480264",18,"22.81","2021-05-24 16:00:00"
"481164",18,"34.99","2021-03-12 16:30:00"
"481273",18,"34.13","2021-03-12 16:45:00"
"482839",18,"20.85","2021-04-15 08:30:00"
"482971",18,"21.79","2021-04-15 08:45:00"
"481380",18,"34.04","2021-03-12 17:00:00"
"481434",18,"34.02","2021-03-12 17:15:00"
"481488",18,"33.64","2021-03-12 17:30:00"
"481868",18,"30.11","2021-03-12 18:45:00"
"481794",18,"12.84","2021-07-05 00:00:00"
"481876",18,"12.62","2021-07-05 00:15:00"
"481950",18,"12.55","2021-07-05 00:30:00"
"482004",18,"12.47","2021-07-05 00:45:00"
"482058",18,"12.32","2021-07-05 01:00:00"
"482112",18,"12.12","2021-07-05 01:15:00"
"482166",18,"11.91","2021-07-05 01:30:00"
"487900",18,"38.14","2021-04-15 15:15:00"
"488085",18,"38.12","2021-04-15 15:30:00"
"488022",18,"22.49","2021-03-13 00:45:00"
"488194",18,"22.33","2021-03-13 01:00:00"
"488223",18,"37.99","2021-04-15 15:45:00"
"488358",18,"37.7","2021-04-15 16:00:00"
"488545",18,"37.32","2021-04-15 16:15:00"
"488353",18,"22.2","2021-03-13 01:15:00"
"488488",18,"22.09","2021-03-13 01:30:00"
"489583",18,"9.42","2021-05-25 02:00:00"
"490824",18,"9.16","2021-05-25 02:15:00"
"489695",18,"14.9","2021-07-05 09:15:00"
"489802",18,"16","2021-07-05 09:30:00"
"489830",18,"20.97","2021-03-13 03:45:00"
"489933",18,"20.87","2021-03-13 04:00:00"
"490894",18,"20.74","2021-03-13 04:15:00"
"489914",18,"17.23","2021-07-05 09:45:00"
"490002",18,"18.2","2021-07-05 10:00:00"
"490056",18,"19.19","2021-07-05 10:15:00"
"491011",18,"8.88","2021-05-25 02:30:00"
"491156",18,"8.63","2021-05-25 02:45:00"
"491306",18,"8.44","2021-05-25 03:00:00"
"491328",18,"28.45","2021-04-15 18:30:00"
"491505",18,"27.72","2021-04-15 18:45:00"
"491401",18,"20.41","2021-03-13 05:00:00"
"491565",18,"20.32","2021-03-13 05:15:00"
"491727",18,"20.25","2021-03-13 05:30:00"
"491455",18,"8.23","2021-05-25 03:15:00"
"491599",18,"8.09","2021-05-25 03:30:00"
"492770",18,"24.85","2021-04-15 20:15:00"
"492993",18,"24.38","2021-04-15 20:30:00"
"493192",18,"23.97","2021-04-15 20:45:00"
"493026",18,"19.91","2021-03-13 07:00:00"
"493270",18,"20.08","2021-03-13 07:15:00"
"493041",18,"27.22","2021-07-05 14:15:00"
"493334",18,"26.98","2021-07-05 14:30:00"
"493527",18,"26.21","2021-07-05 14:45:00"
"493263",18,"6.87","2021-05-25 06:30:00"
"494782",18,"6.875","2021-05-25 06:45:00"
"493925",18,"26.27","2021-07-05 15:30:00"
"494056",18,"26.52","2021-07-05 15:45:00"
"494160",18,"26.41","2021-07-05 16:00:00"
"494018",18,"21.16","2021-03-13 08:15:00"
"494236",18,"22.07","2021-03-13 08:30:00"
"494281",18,"26.14","2021-07-05 16:15:00"
"494392",18,"25.69","2021-07-05 16:30:00"
"494364",18,"22.21","2021-04-15 22:15:00"
"496362",18,"21.98","2021-04-15 22:30:00"
"496501",18,"21.72","2021-04-15 22:45:00"
"496106",18,"31.01","2021-03-13 10:15:00"
"496160",18,"32.54","2021-03-13 10:30:00"
"496214",18,"33.8","2021-03-13 10:45:00"
"496281",18,"34.92","2021-03-13 11:00:00"
"496394",18,"35.92","2021-03-13 11:15:00"
"496527",18,"36.96","2021-03-13 11:30:00"
"496620",18,"37.91","2021-03-13 11:45:00"
"496697",18,"21.53","2021-04-15 23:00:00"
"496799",18,"21.42","2021-04-15 23:15:00"
"497837",18,"19.65","2021-04-16 01:30:00"
"497921",18,"19.49","2021-04-16 01:45:00"
"497889",18,"15.58","2021-07-05 20:00:00"
"498020",18,"15.33","2021-07-05 20:15:00"
"498159",18,"15.04","2021-07-05 20:30:00"
"498013",18,"19.26","2021-04-16 02:00:00"
"498105",18,"19.05","2021-04-16 02:15:00"
"498187",18,"18.92","2021-04-16 02:30:00"
"498324",18,"14.79","2021-07-05 20:45:00"
"498378",18,"14.63","2021-07-05 21:00:00"
"499348",18,"26.09","2021-05-25 14:00:00"
"499402",18,"26.2","2021-05-25 14:15:00"
"499456",18,"25.44","2021-05-25 14:30:00"
"499510",18,"23.73","2021-05-25 14:45:00"
"499564",18,"23.23","2021-05-25 15:00:00"
"499618",18,"23.16","2021-05-25 15:15:00"
"499672",18,"23.49","2021-05-25 15:30:00"
"499726",18,"24.52","2021-05-25 15:45:00"
"499780",18,"24.67","2021-05-25 16:00:00"
"502822",18,"24.53","2021-05-25 16:15:00"
"500578",18,"40.67","2021-03-13 15:15:00"
"500697",18,"40.16","2021-03-13 15:30:00"
"500856",18,"40.49","2021-03-13 15:45:00"
"500787",18,"18.5","2021-04-16 03:30:00"
"500945",18,"18.38","2021-04-16 03:45:00"
"500684",18,"12.18","2021-07-06 00:30:00"
"500835",18,"12.04","2021-07-06 00:45:00"
"500981",18,"11.73","2021-07-06 01:00:00"
"501049",18,"39.87","2021-03-13 16:00:00"
"501092",18,"18.23","2021-04-16 04:00:00"
"502221",18,"17.47","2021-04-16 05:45:00"
"502371",18,"17.36","2021-04-16 06:00:00"
"502138",18,"10.64","2021-07-06 02:45:00"
"502311",18,"10.53","2021-07-06 03:00:00"
"502412",18,"10.51","2021-07-06 03:15:00"
"502476",18,"17.3","2021-04-16 06:15:00"
"502552",18,"17.2","2021-04-16 06:30:00"
"502606",18,"17.03","2021-04-16 06:45:00"
"504302",18,"10.38","2021-07-06 03:30:00"
"504502",18,"10.26","2021-07-06 03:45:00"
"503212",18,"18.37","2021-05-25 18:00:00"
"503266",18,"17.7","2021-05-25 18:15:00"
"503320",18,"17.12","2021-05-25 18:30:00"
"503374",18,"16.61","2021-05-25 18:45:00"
"503428",18,"16.18","2021-05-25 19:00:00"
"503482",18,"15.8","2021-05-25 19:15:00"
"503536",18,"15.47","2021-05-25 19:30:00"
"503590",18,"15.21","2021-05-25 19:45:00"
"503644",18,"15.06","2021-05-25 20:00:00"
"503698",18,"14.97","2021-05-25 20:15:00"
"505016",18,"28.03","2021-03-13 21:00:00"
"505163",18,"27.82","2021-03-13 21:15:00"
"505058",18,"26.83","2021-04-16 09:30:00"
"505229",18,"28","2021-04-16 09:45:00"
"505291",18,"9.85","2021-07-06 04:45:00"
"505443",18,"9.79","2021-07-06 05:00:00"
"505335",18,"27.6","2021-03-13 21:30:00"
"505495",18,"27.37","2021-03-13 21:45:00"
"505653",18,"27.2","2021-03-13 22:00:00"
"506592",18,"8.51","2021-07-06 07:15:00"
"506646",18,"8.51","2021-07-06 07:30:00"
"506700",18,"8.68","2021-07-06 07:45:00"
"506754",18,"9.03","2021-07-06 08:00:00"
"509808",18,"9.78","2021-07-06 08:15:00"
"506860",18,"14.71","2021-05-25 21:00:00"
"464114",18,"23.36","2021-03-11 21:15:00"
"464168",18,"23.08","2021-03-11 21:30:00"
"464222",18,"22.83","2021-03-11 21:45:00"
"464276",18,"22.6","2021-03-11 22:00:00"
"464330",18,"22.38","2021-03-11 22:15:00"
"464384",18,"22.16","2021-03-11 22:30:00"
"464438",18,"21.94","2021-03-11 22:45:00"
"464492",18,"21.75","2021-03-11 23:00:00"
"464546",18,"21.56","2021-03-11 23:15:00"
"465116",18,"8.46","2021-07-04 06:45:00"
"465170",18,"8.47","2021-07-04 07:00:00"
"465224",18,"8.49","2021-07-04 07:15:00"
"465278",18,"8.62","2021-07-04 07:30:00"
"465332",18,"8.8","2021-07-04 07:45:00"
"465386",18,"9.08","2021-07-04 08:00:00"
"465440",18,"9.68","2021-07-04 08:15:00"
"465494",18,"10.85","2021-07-04 08:30:00"
"465548",18,"12.08","2021-07-04 08:45:00"
"465602",18,"13.08","2021-07-04 09:00:00"
"466156",18,"31.14","2021-04-14 11:00:00"
"466210",18,"31.87","2021-04-14 11:15:00"
"466264",18,"32.72","2021-04-14 11:30:00"
"466318",18,"33.37","2021-04-14 11:45:00"
"466372",18,"33.91","2021-04-14 12:00:00"
"466426",18,"34.67","2021-04-14 12:15:00"
"466480",18,"35.02","2021-04-14 12:30:00"
"466534",18,"35.37","2021-04-14 12:45:00"
"466589",18,"35.45","2021-04-14 13:00:00"
"466643",18,"35.24","2021-04-14 13:15:00"
"466697",18,"35.09","2021-04-14 13:30:00"
"467302",18,"9.88","2021-05-24 00:45:00"
"467356",18,"9.79","2021-05-24 01:00:00"
"467410",18,"9.67","2021-05-24 01:15:00"
"467464",18,"9.54","2021-05-24 01:30:00"
"467518",18,"9.42","2021-05-24 01:45:00"
"467590",18,"9.27","2021-05-24 02:00:00"
"467698",18,"9.19","2021-05-24 02:15:00"
"467802",18,"9.1","2021-05-24 02:30:00"
"467736",18,"20.35","2021-03-12 00:45:00"
"467845",18,"20.18","2021-03-12 01:00:00"
"468046",18,"20.01","2021-03-12 01:15:00"
"468532",18,"19.57","2021-03-12 02:00:00"
"468706",18,"19.45","2021-03-12 02:15:00"
"468867",18,"19.32","2021-03-12 02:30:00"
"468652",18,"33.17","2021-04-14 15:00:00"
"468843",18,"32.93","2021-04-14 15:15:00"
"468702",18,"20.81","2021-07-04 11:00:00"
"468835",18,"21.44","2021-07-04 11:15:00"
"468991",18,"22.37","2021-07-04 11:30:00"
"469025",18,"19.23","2021-03-12 02:45:00"
"469162",18,"19.15","2021-03-12 03:00:00"
"470043",18,"31.61","2021-04-14 16:45:00"
"470192",18,"30.69","2021-04-14 17:00:00"
"470323",18,"30.04","2021-04-14 17:15:00"
"470345",18,"25.84","2021-07-04 14:15:00"
"473152",18,"25.79","2021-07-04 14:30:00"
"473273",18,"25.14","2021-07-04 14:45:00"
"470460",18,"29.53","2021-04-14 17:30:00"
"470543",18,"28.82","2021-04-14 17:45:00"
"470634",18,"28.13","2021-04-14 18:00:00"
"470456",18,"18.53","2021-03-12 04:30:00"
"470610",18,"18.44","2021-03-12 04:45:00"
"471337",18,"18.34","2021-03-12 05:00:00"
"471814",18,"17.79","2021-03-12 06:30:00"
"471889",18,"17.76","2021-03-12 06:45:00"
"471954",18,"17.82","2021-03-12 07:00:00"
"472023",18,"17.99","2021-03-12 07:15:00"
"472104",18,"18.22","2021-03-12 07:30:00"
"472065",18,"7.239","2021-05-24 06:30:00"
"472226",18,"7.129","2021-05-24 06:45:00"
"472358",18,"7.062","2021-05-24 07:00:00"
"472184",18,"18.45","2021-03-12 07:45:00"
"472269",18,"18.74","2021-03-12 08:00:00"
"472365",18,"19.17","2021-03-12 08:15:00"
"473550",18,"23.29","2021-04-14 21:15:00"
"473649",18,"23","2021-04-14 21:30:00"
"473757",18,"22.72","2021-04-14 21:45:00"
"473650",18,"24.78","2021-07-04 15:30:00"
"473758",18,"24.94","2021-07-04 15:45:00"
"473872",18,"25.06","2021-07-04 16:00:00"
"473859",18,"22.45","2021-04-14 22:00:00"
"473961",18,"22.19","2021-04-14 22:15:00"
"473987",18,"24.81","2021-07-04 16:15:00"
"474122",18,"24.45","2021-07-04 16:30:00"
"475119",18,"10.57","2021-05-24 08:30:00"
"475205",18,"11.72","2021-05-24 08:45:00"
"475297",18,"12.6","2021-05-24 09:00:00"
"475106",18,"28.74","2021-03-12 10:15:00"
"475253",18,"30.08","2021-03-12 10:30:00"
"475391",18,"31.32","2021-03-12 10:45:00"
"475386",18,"13.13","2021-05-24 09:15:00"
"475472",18,"14.3","2021-05-24 09:30:00"
"475521",18,"32.51","2021-03-12 11:00:00"
"475649",18,"33.68","2021-03-12 11:15:00"
"475739",18,"34.67","2021-03-12 11:30:00"
"476826",18,"20.34","2021-04-15 00:30:00"
"476992",18,"20.24","2021-04-15 00:45:00"
"477123",18,"20.1","2021-04-15 01:00:00"
"476854",18,"38.12","2021-03-12 13:30:00"
"477018",18,"37.76","2021-03-12 13:45:00"
"477142",18,"38","2021-03-12 14:00:00"
"477234",18,"19.93","2021-04-15 01:15:00"
"477288",18,"19.78","2021-04-15 01:30:00"
"479886",18,"38.63","2021-03-12 14:15:00"
"480035",18,"37.73","2021-03-12 14:30:00"
"478948",18,"25.04","2021-05-24 13:00:00"
"479002",18,"25.69","2021-05-24 13:15:00"
"479056",18,"25.61","2021-05-24 13:30:00"
"479110",18,"24.53","2021-05-24 13:45:00"
"479164",18,"23.52","2021-05-24 14:00:00"
"479219",18,"23.65","2021-05-24 14:15:00"
"479376",18,"22.96","2021-05-24 14:30:00"
"479534",18,"21.38","2021-05-24 14:45:00"
"479368",18,"18.86","2021-04-15 04:15:00"
"479452",18,"18.81","2021-04-15 04:30:00"
"479536",18,"18.71","2021-04-15 04:45:00"
"480833",18,"17.65","2021-04-15 07:15:00"
"480989",18,"17.79","2021-04-15 07:30:00"
"480805",18,"37.27","2021-03-12 15:45:00"
"480943",18,"37.07","2021-03-12 16:00:00"
"481064",18,"35.7","2021-03-12 16:15:00"
"482826",18,"20.52","2021-05-24 17:00:00"
"482914",18,"19.63","2021-05-24 17:15:00"
"481090",18,"18.14","2021-04-15 07:45:00"
"481203",18,"18.82","2021-04-15 08:00:00"
"481310",18,"19.89","2021-04-15 08:15:00"
"482220",18,"11.94","2021-07-05 01:45:00"
"482274",18,"11.91","2021-07-05 02:00:00"
"482328",18,"11.76","2021-07-05 02:15:00"
"482382",18,"11.71","2021-07-05 02:30:00"
"482436",18,"11.66","2021-07-05 02:45:00"
"482490",18,"11.57","2021-07-05 03:00:00"
"482544",18,"11.41","2021-07-05 03:15:00"
"482598",18,"11.24","2021-07-05 03:30:00"
"482652",18,"11.14","2021-07-05 03:45:00"
"482706",18,"10.98","2021-07-05 04:00:00"
"483528",18,"14.63","2021-05-24 18:45:00"
"483656",18,"14.12","2021-05-24 19:00:00"
"483781",18,"13.7","2021-05-24 19:15:00"
"483630",18,"25.55","2021-04-15 09:45:00"
"483834",18,"26.25","2021-04-15 10:00:00"
"483732",18,"10.51","2021-07-05 05:00:00"
"483930",18,"10.43","2021-07-05 05:15:00"
"484119",18,"10.34","2021-07-05 05:30:00"
"483903",18,"13.37","2021-05-24 19:30:00"
"484027",18,"13.07","2021-05-24 19:45:00"
"484587",18,"31.53","2021-04-15 11:00:00"
"484750",18,"32.84","2021-04-15 11:15:00"
"484863",18,"33.94","2021-04-15 11:30:00"
"484649",18,"9.74","2021-07-05 06:15:00"
"484819",18,"9.55","2021-07-05 06:30:00"
"485008",18,"9.32","2021-07-05 06:45:00"
"484981",18,"34.95","2021-04-15 11:45:00"
"485084",18,"35.82","2021-04-15 12:00:00"
"484917",18,"12.18","2021-05-24 21:15:00"
"486818",18,"11.99","2021-05-24 21:30:00"
"486953",18,"11.87","2021-05-24 21:45:00"
"485667",18,"9.24","2021-07-05 07:45:00"
"485792",18,"9.8","2021-07-05 08:00:00"
"485957",18,"10.47","2021-07-05 08:15:00"
"485731",18,"27.91","2021-03-12 19:45:00"
"485831",18,"27.56","2021-03-12 20:00:00"
"485911",18,"27.14","2021-03-12 20:15:00"
"485990",18,"26.72","2021-03-12 20:30:00"
"486068",18,"26.42","2021-03-12 20:45:00"
"486143",18,"26.07","2021-03-12 21:00:00"
"486230",18,"25.68","2021-03-12 21:15:00"
"487212",18,"23.26","2021-03-12 23:30:00"
"487398",18,"23.08","2021-03-12 23:45:00"
"486837",18,"38.4","2021-04-15 13:15:00"
"486926",18,"38.28","2021-04-15 13:30:00"
"487024",18,"37.54","2021-04-15 13:45:00"
"487066",18,"11.7","2021-05-24 22:00:00"
"487178",18,"11.57","2021-05-24 22:15:00"
"487315",18,"11.51","2021-05-24 22:30:00"
"487129",18,"36.98","2021-04-15 14:00:00"
"487258",18,"35.55","2021-04-15 14:15:00"
"488325",18,"10.45","2021-05-25 00:00:00"
"488490",18,"10.1","2021-05-25 00:15:00"
"488645",18,"9.91","2021-05-25 00:30:00"
"488655",18,"21.99","2021-03-13 01:45:00"
"488812",18,"21.89","2021-03-13 02:00:00"
"489008",18,"21.82","2021-03-13 02:15:00"
"488711",18,"36.71","2021-04-15 16:30:00"
"488872",18,"35.92","2021-04-15 16:45:00"
"489025",18,"35.04","2021-04-15 17:00:00"
"488808",18,"9.83","2021-05-25 00:45:00"
"488938",18,"9.76","2021-05-25 01:00:00"
"490110",18,"20.11","2021-07-05 10:30:00"
"490164",18,"21.14","2021-07-05 10:45:00"
"490218",18,"21.97","2021-07-05 11:00:00"
"490272",18,"23.04","2021-07-05 11:15:00"
"490326",18,"24.12","2021-07-05 11:30:00"
"490380",18,"25.15","2021-07-05 11:45:00"
"490434",18,"25.98","2021-07-05 12:00:00"
"490488",18,"26.73","2021-07-05 12:15:00"
"490542",18,"27.52","2021-07-05 12:30:00"
"490596",18,"28.24","2021-07-05 12:45:00"
"491690",18,"27.3","2021-04-15 19:00:00"
"491872",18,"27.14","2021-04-15 19:15:00"
"492042",18,"26.83","2021-04-15 19:30:00"
"491741",18,"7.937","2021-05-25 03:45:00"
"491862",18,"7.7940000000000005","2021-05-25 04:00:00"
"491999",18,"7.764","2021-05-25 04:15:00"
"491921",18,"20.15","2021-03-13 05:45:00"
"492137",18,"20.05","2021-03-13 06:00:00"
"492108",18,"7.731","2021-05-25 04:30:00"
"492216",18,"7.6370000000000005","2021-05-25 04:45:00"
"493431",18,"23.58","2021-04-15 21:00:00"
"493600",18,"23.28","2021-04-15 21:15:00"
"493767",18,"22.99","2021-04-15 21:30:00"
"493478",18,"20.31","2021-03-13 07:30:00"
"493620",18,"20.55","2021-03-13 07:45:00"
"493804",18,"20.83","2021-03-13 08:00:00"
"493707",18,"24.98","2021-07-05 15:00:00"
"493816",18,"25.49","2021-07-05 15:15:00"
"493969",18,"22.72","2021-04-15 21:45:00"
"494153",18,"22.47","2021-04-15 22:00:00"
"494998",18,"7.402","2021-05-25 07:45:00"
"495052",18,"7.943","2021-05-25 08:00:00"
"495106",18,"9.27","2021-05-25 08:15:00"
"495160",18,"10.76","2021-05-25 08:30:00"
"495214",18,"12.19","2021-05-25 08:45:00"
"495268",18,"13.06","2021-05-25 09:00:00"
"495322",18,"13.59","2021-05-25 09:15:00"
"495376",18,"15.24","2021-05-25 09:30:00"
"495430",18,"16.48","2021-05-25 09:45:00"
"495484",18,"17.53","2021-05-25 10:00:00"
"496788",18,"17.73","2021-07-05 18:45:00"
"497022",18,"17.15","2021-07-05 19:00:00"
"497288",18,"16.66","2021-07-05 19:15:00"
"496810",18,"38.77","2021-03-13 12:00:00"
"496966",18,"39.47","2021-03-13 12:15:00"
"497086",18,"40.12","2021-03-13 12:30:00"
"496920",18,"21.29","2021-04-15 23:30:00"
"497078",18,"21.11","2021-04-15 23:45:00"
"497208",18,"20.89","2021-04-16 00:00:00"
"497231",18,"40.59","2021-03-13 12:45:00"
"497347",18,"40.52","2021-03-13 13:00:00"
"498259",18,"18.87","2021-04-16 02:45:00"
"500433",18,"18.71","2021-04-16 03:00:00"
"500587",18,"18.57","2021-04-16 03:15:00"
"498432",18,"14.54","2021-07-05 21:15:00"
"498486",18,"14.24","2021-07-05 21:30:00"
"498540",18,"14","2021-07-05 21:45:00"
"498594",18,"13.81","2021-07-05 22:00:00"
"498648",18,"13.63","2021-07-05 22:15:00"
"498702",18,"13.42","2021-07-05 22:30:00"
"498756",18,"13.21","2021-07-05 22:45:00"
"499915",18,"13.03","2021-07-05 23:00:00"
"499971",18,"40.1","2021-03-13 14:00:00"
"500075",18,"40.57","2021-03-13 14:15:00"
"500029",18,"12.91","2021-07-05 23:15:00"
"500140",18,"12.76","2021-07-05 23:30:00"
"500243",18,"12.65","2021-07-05 23:45:00"
"500189",18,"40.93","2021-03-13 14:30:00"
"500299",18,"40.56","2021-03-13 14:45:00"
"500416",18,"40.67","2021-03-13 15:00:00"
"500347",18,"12.46","2021-07-06 00:00:00"
"500495",18,"12.29","2021-07-06 00:15:00"
"501599",18,"17.87","2021-04-16 04:45:00"
"501760",18,"17.78","2021-04-16 05:00:00"
"501909",18,"17.67","2021-04-16 05:15:00"
"501655",18,"11.25","2021-07-06 02:00:00"
"501792",18,"11.01","2021-07-06 02:15:00"
"501953",18,"10.8","2021-07-06 02:30:00"
"502016",18,"34.76","2021-03-13 17:30:00"
"502066",18,"17.62","2021-04-16 05:30:00"
"502159",18,"34.22","2021-03-13 17:45:00"
"502296",18,"33.48","2021-03-13 18:00:00"
"503752",18,"14.9","2021-05-25 20:30:00"
"506806",18,"14.8","2021-05-25 20:45:00"
"503834",18,"33.11","2021-03-13 18:15:00"
"503888",18,"32.58","2021-03-13 18:30:00"
"503942",18,"31.96","2021-03-13 18:45:00"
"503996",18,"31.28","2021-03-13 19:00:00"
"504050",18,"30.58","2021-03-13 19:15:00"
"504104",18,"30.07","2021-03-13 19:30:00"
"504158",18,"29.61","2021-03-13 19:45:00"
"504396",18,"29.12","2021-03-13 20:00:00"
"505383",18,"29.37","2021-04-16 10:00:00"
"505559",18,"30.78","2021-04-16 10:15:00"
"505704",18,"32.2","2021-04-16 10:30:00"
"505611",18,"9.67","2021-07-06 05:15:00"
"505779",18,"9.54","2021-07-06 05:30:00"
"505937",18,"9.39","2021-07-06 05:45:00"
"505832",18,"27.07","2021-03-13 22:15:00"
"505976",18,"26.92","2021-03-13 22:30:00"
"505852",18,"33.41","2021-04-16 10:45:00"
"506038",18,"34.57","2021-04-16 11:00:00"
"506147",18,"35.79","2021-04-16 11:15:00"
"507130",18,"13.75","2021-05-25 22:15:00"
"507184",18,"13.58","2021-05-25 22:30:00"
"506914",18,"14.57","2021-05-25 21:15:00"
"506968",18,"14.33","2021-05-25 21:30:00"
"507022",18,"14.12","2021-05-25 21:45:00"
"507076",18,"13.93","2021-05-25 22:00:00"
"512684",18,"22.01","2021-04-16 21:00:00"
"512738",18,"21.81","2021-04-16 21:15:00"
"512940",18,"23.95","2021-03-14 04:00:00"
"512994",18,"23.88","2021-03-14 04:15:00"
"513046",18,"12.91","2021-05-26 06:00:00"
"513116",18,"13.11","2021-05-26 06:15:00"
"513187",18,"13.17","2021-05-26 06:30:00"
"513163",18,"23.81","2021-03-14 04:30:00"
"513330",18,"23.71","2021-03-14 04:45:00"
"513478",18,"23.5","2021-03-14 05:00:00"
"514300",18,"17.68","2021-05-26 09:45:00"
"514405",18,"18.01","2021-05-26 10:00:00"
"514511",18,"18.55","2021-05-26 10:15:00"
"514642",18,"22.92","2021-03-14 07:15:00"
"514696",18,"23.03","2021-03-14 07:30:00"
"514624",18,"18.93","2021-05-26 10:30:00"
"517619",18,"19.52","2021-05-26 10:45:00"
"517735",18,"20.33","2021-05-26 11:00:00"
"514750",18,"23.32","2021-03-14 07:45:00"
"514834",18,"28.91","2021-07-06 13:00:00"
"514888",18,"29.13","2021-07-06 13:15:00"
"515954",18,"21.65","2021-04-16 22:15:00"
"516008",18,"21.63","2021-04-16 22:30:00"
"516062",18,"21.63","2021-04-16 22:45:00"
"516116",18,"21.55","2021-04-16 23:00:00"
"516170",18,"21.56","2021-04-16 23:15:00"
"516224",18,"21.61","2021-04-16 23:30:00"
"516278",18,"21.55","2021-04-16 23:45:00"
"516332",18,"21.51","2021-04-17 00:00:00"
"516386",18,"21.53","2021-04-17 00:15:00"
"516440",18,"21.59","2021-04-17 00:30:00"
"517506",18,"36.58","2021-03-14 11:15:00"
"517597",18,"37.81","2021-03-14 11:30:00"
"517699",18,"38.8","2021-03-14 11:45:00"
"517817",18,"39.71","2021-03-14 12:00:00"
"517910",18,"40.49","2021-03-14 12:15:00"
"517834",18,"21.17","2021-05-26 11:15:00"
"517974",18,"22.01","2021-05-26 11:30:00"
"517998",18,"41.11","2021-03-14 12:30:00"
"520801",18,"41.7","2021-03-14 12:45:00"
"520884",18,"42.11","2021-03-14 13:00:00"
"519276",18,"18.44","2021-07-06 18:30:00"
"519379",18,"17.87","2021-07-06 18:45:00"
"519490",18,"17.38","2021-07-06 19:00:00"
"519274",18,"20.05","2021-04-17 03:15:00"
"519388",18,"19.73","2021-04-17 03:30:00"
"519493",18,"19.5","2021-04-17 03:45:00"
"519612",18,"16.96","2021-07-06 19:15:00"
"519720",18,"16.62","2021-07-06 19:30:00"
"519587",18,"19.37","2021-04-17 04:00:00"
"519696",18,"19.23","2021-04-17 04:15:00"
"519809",18,"19.06","2021-04-17 04:30:00"
"520356",18,"14.66","2021-07-06 21:00:00"
"520458",18,"14.45","2021-07-06 21:15:00"
"520564",18,"14.24","2021-07-06 21:30:00"
"520469",18,"18.5","2021-04-17 06:00:00"
"520579",18,"18.36","2021-04-17 06:15:00"
"520697",18,"13.98","2021-07-06 21:45:00"
"520847",18,"13.76","2021-07-06 22:00:00"
"522745",18,"13.64","2021-07-06 22:15:00"
"520691",18,"18.3","2021-04-17 06:30:00"
"522706",18,"18.19","2021-04-17 06:45:00"
"522833",18,"18.11","2021-04-17 07:00:00"
"522018",18,"24.11","2021-05-26 16:15:00"
"522072",18,"23.86","2021-05-26 16:30:00"
"522126",18,"23.22","2021-05-26 16:45:00"
"522180",18,"22.43","2021-05-26 17:00:00"
"522234",18,"21.94","2021-05-26 17:15:00"
"522288",18,"21.49","2021-05-26 17:30:00"
"522342",18,"20.82","2021-05-26 17:45:00"
"522396",18,"20.11","2021-05-26 18:00:00"
"522450",18,"19.5","2021-05-26 18:15:00"
"522504",18,"19.15","2021-05-26 18:30:00"
"524197",18,"12.41","2021-07-07 00:15:00"
"524419",18,"12.17","2021-07-07 00:30:00"
"524621",18,"11.97","2021-07-07 00:45:00"
"524375",18,"25.63","2021-04-17 09:00:00"
"524602",18,"27.41","2021-04-17 09:15:00"
"524826",18,"28.16","2021-04-17 09:30:00"
"524474",18,"16.66","2021-05-26 21:15:00"
"524680",18,"16.39","2021-05-26 21:30:00"
"524872",18,"16.18","2021-05-26 21:45:00"
"524876",18,"25.95","2021-03-14 19:00:00"
"525076",18,"25.53","2021-03-14 19:15:00"
"526052",18,"11.55","2021-07-07 02:15:00"
"526253",18,"11.32","2021-07-07 02:30:00"
"526061",18,"34.03","2021-04-17 11:00:00"
"481542",18,"32.73","2021-03-12 17:45:00"
"481596",18,"32.14","2021-03-12 18:00:00"
"481650",18,"31.54","2021-03-12 18:15:00"
"482760",18,"10.74","2021-07-05 04:15:00"
"483376",18,"10.6","2021-07-05 04:30:00"
"483561",18,"10.57","2021-07-05 04:45:00"
"483010",18,"18.8","2021-05-24 17:30:00"
"483101",18,"17.75","2021-05-24 17:45:00"
"483187",18,"16.68","2021-05-24 18:00:00"
"483103",18,"22.73","2021-04-15 09:00:00"
"483252",18,"23.76","2021-04-15 09:15:00"
"483441",18,"24.8","2021-04-15 09:30:00"
"483284",18,"15.91","2021-05-24 18:15:00"
"483407",18,"15.2","2021-05-24 18:30:00"
"484030",18,"27.43","2021-04-15 10:15:00"
"484217",18,"29.08","2021-04-15 10:30:00"
"484390",18,"30.47","2021-04-15 10:45:00"
"484141",18,"12.89","2021-05-24 20:00:00"
"484261",18,"12.75","2021-05-24 20:15:00"
"484405",18,"12.62","2021-05-24 20:30:00"
"484330",18,"10.23","2021-07-05 05:45:00"
"484490",18,"10.02","2021-07-05 06:00:00"
"484550",18,"12.52","2021-05-24 20:45:00"
"484691",18,"12.38","2021-05-24 21:00:00"
"485171",18,"36.61","2021-04-15 12:15:00"
"485210",18,"9.07","2021-07-05 07:00:00"
"485257",18,"37.27","2021-04-15 12:30:00"
"485331",18,"37.81","2021-04-15 12:45:00"
"485411",18,"38.14","2021-04-15 13:00:00"
"485379",18,"8.91","2021-07-05 07:15:00"
"485516",18,"8.93","2021-07-05 07:30:00"
"485484",18,"29.49","2021-03-12 19:00:00"
"485565",18,"28.91","2021-03-12 19:15:00"
"485648",18,"28.43","2021-03-12 19:30:00"
"486137",18,"11.43","2021-07-05 08:30:00"
"486287",18,"12.67","2021-07-05 08:45:00"
"489560",18,"13.84","2021-07-05 09:00:00"
"486311",18,"25.31","2021-03-12 21:30:00"
"486381",18,"24.98","2021-03-12 21:45:00"
"486460",18,"24.69","2021-03-12 22:00:00"
"486514",18,"24.42","2021-03-12 22:15:00"
"486568",18,"24.16","2021-03-12 22:30:00"
"486622",18,"23.93","2021-03-12 22:45:00"
"486676",18,"23.71","2021-03-12 23:00:00"
"486730",18,"23.48","2021-03-12 23:15:00"
"487510",18,"11.46","2021-05-24 22:45:00"
"487654",18,"11.38","2021-05-24 23:00:00"
"487403",18,"36.5","2021-04-15 14:30:00"
"487544",18,"37.41","2021-04-15 14:45:00"
"487726",18,"37.91","2021-04-15 15:00:00"
"487557",18,"22.94","2021-03-13 00:00:00"
"487707",18,"22.78","2021-03-13 00:15:00"
"487854",18,"22.62","2021-03-13 00:30:00"
"487823",18,"11.21","2021-05-24 23:15:00"
"487980",18,"10.96","2021-05-24 23:30:00"
"488120",18,"10.76","2021-05-24 23:45:00"
"489175",18,"34.1","2021-04-15 17:15:00"
"489355",18,"32.89","2021-04-15 17:30:00"
"489147",18,"21.69","2021-03-13 02:30:00"
"489294",18,"21.53","2021-03-13 02:45:00"
"489143",18,"9.75","2021-05-25 01:15:00"
"489302",18,"9.81","2021-05-25 01:30:00"
"489461",18,"9.7","2021-05-25 01:45:00"
"489464",18,"21.36","2021-03-13 03:00:00"
"489582",18,"21.2","2021-03-13 03:15:00"
"489720",18,"21.08","2021-03-13 03:30:00"
"490650",18,"28.63","2021-07-05 13:00:00"
"490704",18,"28.97","2021-07-05 13:15:00"
"490758",18,"29.24","2021-07-05 13:30:00"
"492621",18,"29.17","2021-07-05 13:45:00"
"492774",18,"28.01","2021-07-05 14:00:00"
"490857",18,"31.59","2021-04-15 17:45:00"
"490997",18,"30.34","2021-04-15 18:00:00"
"491153",18,"29.34","2021-04-15 18:15:00"
"491049",18,"20.62","2021-03-13 04:30:00"
"491235",18,"20.51","2021-03-13 04:45:00"
"492264",18,"26.09","2021-04-15 19:45:00"
"492500",18,"25.39","2021-04-15 20:00:00"
"492334",18,"19.98","2021-03-13 06:15:00"
"492534",18,"19.91","2021-03-13 06:30:00"
"492783",18,"19.87","2021-03-13 06:45:00"
"492342",18,"7.562","2021-05-25 05:00:00"
"492440",18,"7.509","2021-05-25 05:15:00"
"492565",18,"7.439","2021-05-25 05:30:00"
"492784",18,"7.386","2021-05-25 05:45:00"
"492950",18,"7.239","2021-05-25 06:00:00"
"493121",18,"7.026","2021-05-25 06:15:00"
"494460",18,"25.06","2021-07-05 16:45:00"
"494514",18,"24.31","2021-07-05 17:00:00"
"494568",18,"23.4","2021-07-05 17:15:00"
"494622",18,"22.36","2021-07-05 17:30:00"
"494676",18,"21.21","2021-07-05 17:45:00"
"494730",18,"20.11","2021-07-05 18:00:00"
"496325",18,"19.23","2021-07-05 18:15:00"
"496581",18,"18.44","2021-07-05 18:30:00"
"494836",18,"6.869","2021-05-25 07:00:00"
"494890",18,"6.9030000000000005","2021-05-25 07:15:00"
"494944",18,"7.1","2021-05-25 07:30:00"
"495538",18,"18.77","2021-05-25 10:15:00"
"495592",18,"20.13","2021-05-25 10:30:00"
"495646",18,"21.48","2021-05-25 10:45:00"
"495700",18,"22.49","2021-05-25 11:00:00"
"495754",18,"23.26","2021-05-25 11:15:00"
"495782",18,"23.95","2021-03-13 08:45:00"
"495836",18,"25.63","2021-03-13 09:00:00"
"495890",18,"27.02","2021-03-13 09:15:00"
"495944",18,"27.72","2021-03-13 09:30:00"
"495998",18,"29.1","2021-03-13 09:45:00"
"496052",18,"29.57","2021-03-13 10:00:00"
"497353",18,"20.69","2021-04-16 00:15:00"
"497470",18,"20.46","2021-04-16 00:30:00"
"497590",18,"16.21","2021-07-05 19:30:00"
"497733",18,"15.84","2021-07-05 19:45:00"
"497492",18,"40.19","2021-03-13 13:15:00"
"499808",18,"39.61","2021-03-13 13:30:00"
"499866",18,"39.4","2021-03-13 13:45:00"
"497580",18,"20.27","2021-04-16 00:45:00"
"497669",18,"20.04","2021-04-16 01:00:00"
"497753",18,"19.8","2021-04-16 01:15:00"
"498808",18,"24.02","2021-05-25 11:30:00"
"498862",18,"24.78","2021-05-25 11:45:00"
"498916",18,"25.4","2021-05-25 12:00:00"
"498970",18,"26.04","2021-05-25 12:15:00"
"499024",18,"26.67","2021-05-25 12:30:00"
"499078",18,"27.27","2021-05-25 12:45:00"
"499132",18,"27.8","2021-05-25 13:00:00"
"499186",18,"28.07","2021-05-25 13:15:00"
"499240",18,"27.94","2021-05-25 13:30:00"
"499294",18,"26.96","2021-05-25 13:45:00"
"501194",18,"39.81","2021-03-13 16:15:00"
"501357",18,"37.93","2021-03-13 16:30:00"
"501253",18,"18.11","2021-04-16 04:15:00"
"501413",18,"17.99","2021-04-16 04:30:00"
"501156",18,"11.55","2021-07-06 01:15:00"
"501325",18,"11.53","2021-07-06 01:30:00"
"501499",18,"11.4","2021-07-06 01:45:00"
"501504",18,"36.54","2021-03-13 16:45:00"
"501651",18,"36.67","2021-03-13 17:00:00"
"501845",18,"35.85","2021-03-13 17:15:00"
"502660",18,"16.94","2021-04-16 07:00:00"
"502733",18,"17.09","2021-04-16 07:15:00"
"502820",18,"17.35","2021-04-16 07:30:00"
"504226",18,"17.69","2021-04-16 07:45:00"
"504280",18,"18.62","2021-04-16 08:00:00"
"502888",18,"23.81","2021-05-25 16:30:00"
"502942",18,"22.8","2021-05-25 16:45:00"
"502996",18,"21.63","2021-05-25 17:00:00"
"503050",18,"20.85","2021-05-25 17:15:00"
"503104",18,"20.06","2021-05-25 17:30:00"
"503158",18,"19.16","2021-05-25 17:45:00"
"504362",18,"20.18","2021-04-16 08:15:00"
"504525",18,"21.71","2021-04-16 08:30:00"
"504537",18,"28.76","2021-03-13 20:15:00"
"504689",18,"28.49","2021-03-13 20:30:00"
"504845",18,"28.27","2021-03-13 20:45:00"
"504642",18,"23.05","2021-04-16 08:45:00"
"504761",18,"24.29","2021-04-16 09:00:00"
"504892",18,"25.52","2021-04-16 09:15:00"
"504793",18,"10.1","2021-07-06 04:00:00"
"504965",18,"9.98","2021-07-06 04:15:00"
"505133",18,"9.92","2021-07-06 04:30:00"
"506093",18,"9.26","2021-07-06 06:00:00"
"506191",18,"9.09","2021-07-06 06:15:00"
"506309",18,"8.92","2021-07-06 06:30:00"
"506262",18,"36.91","2021-04-16 11:30:00"
"506354",18,"37.85","2021-04-16 11:45:00"
"506433",18,"8.77","2021-07-06 06:45:00"
"506529",18,"8.66","2021-07-06 07:00:00"
"506455",18,"38.65","2021-04-16 12:00:00"
"507818",18,"39.49","2021-04-16 12:15:00"
"507933",18,"40.13","2021-04-16 12:30:00"
"507724",18,"12.24","2021-05-26 01:00:00"
"507778",18,"12.17","2021-05-26 01:15:00"
"507821",18,"26.87","2021-03-13 22:45:00"
"507923",18,"26.78","2021-03-13 23:00:00"
"508039",18,"26.6","2021-03-13 23:15:00"
"508032",18,"40.35","2021-04-16 12:45:00"
"508117",18,"39.72","2021-04-16 13:00:00"
"508171",18,"26.45","2021-03-13 23:30:00"
"508271",18,"26.31","2021-03-13 23:45:00"
"508785",18,"33.62","2021-04-16 14:30:00"
"508879",18,"31.85","2021-04-16 14:45:00"
"508959",18,"30.83","2021-04-16 15:00:00"
"509093",18,"25.17","2021-03-14 01:30:00"
"509249",18,"25.01","2021-03-14 01:45:00"
"509045",18,"30.18","2021-04-16 15:15:00"
"509129",18,"29.72","2021-04-16 15:30:00"
"509210",18,"30.01","2021-04-16 15:45:00"
"509297",18,"29.39","2021-04-16 16:00:00"
"509366",18,"29.09","2021-04-16 16:15:00"
"509862",18,"11.25","2021-07-06 08:30:00"
"509916",18,"12.74","2021-07-06 08:45:00"
"509990",18,"13.97","2021-07-06 09:00:00"
"510039",18,"12.11","2021-05-26 01:30:00"
"510107",18,"12.11","2021-05-26 01:45:00"
"510187",18,"12.18","2021-05-26 02:00:00"
"510176",18,"15.07","2021-07-06 09:15:00"
"510323",18,"16.48","2021-07-06 09:30:00"
"510278",18,"12.12","2021-05-26 02:15:00"
"510355",18,"12.07","2021-05-26 02:30:00"
"510970",18,"21.02","2021-07-06 10:30:00"
"511121",18,"22.02","2021-07-06 10:45:00"
"511092",18,"13.1","2021-05-26 04:45:00"
"511171",18,"13.11","2021-05-26 05:00:00"
"511248",18,"13.03","2021-05-26 05:15:00"
"511325",18,"12.86","2021-05-26 05:30:00"
"511400",18,"12.76","2021-05-26 05:45:00"
"511302",18,"23.08","2021-07-06 11:00:00"
"511456",18,"24.08","2021-07-06 11:15:00"
"511510",18,"24.95","2021-07-06 11:30:00"
"512144",18,"25.71","2021-04-16 18:30:00"
"512198",18,"25.09","2021-04-16 18:45:00"
"512252",18,"24.6","2021-04-16 19:00:00"
"512306",18,"24.16","2021-04-16 19:15:00"
"512360",18,"23.74","2021-04-16 19:30:00"
"512414",18,"23.37","2021-04-16 19:45:00"
"512468",18,"23.08","2021-04-16 20:00:00"
"512522",18,"22.83","2021-04-16 20:15:00"
"512576",18,"22.52","2021-04-16 20:30:00"
"512630",18,"22.25","2021-04-16 20:45:00"
"513837",18,"14.67","2021-05-26 08:30:00"
"513910",18,"15.6","2021-05-26 08:45:00"
"513992",18,"16.38","2021-05-26 09:00:00"
"513984",18,"22.85","2021-03-14 05:45:00"
"514125",18,"22.68","2021-03-14 06:00:00"
"514233",18,"22.63","2021-03-14 06:15:00"
"514080",18,"16.98","2021-05-26 09:15:00"
"514176",18,"17.34","2021-05-26 09:30:00"
"514331",18,"22.68","2021-03-14 06:30:00"
"514438",18,"22.74","2021-03-14 06:45:00"
"514549",18,"22.81","2021-03-14 07:00:00"
"515482",18,"26.61","2021-07-06 16:00:00"
"515536",18,"26.43","2021-07-06 16:15:00"
"515590",18,"25.89","2021-07-06 16:30:00"
"515644",18,"25.12","2021-07-06 16:45:00"
"515698",18,"24.09","2021-07-06 17:00:00"
"515755",18,"22.98","2021-07-06 17:15:00"
"518668",18,"21.88","2021-07-06 17:30:00"
"518821",18,"20.86","2021-07-06 17:45:00"
"515783",18,"21.73","2021-04-16 21:30:00"
"515846",18,"21.84","2021-04-16 21:45:00"
"515900",18,"21.75","2021-04-16 22:00:00"
"516966",18,"25.79","2021-03-14 08:45:00"
"517020",18,"26.12","2021-03-14 09:00:00"
"517074",18,"26.12","2021-03-14 09:15:00"
"517128",18,"27.12","2021-03-14 09:30:00"
"517182",18,"29.25","2021-03-14 09:45:00"
"517236",18,"30.49","2021-03-14 10:00:00"
"517290",18,"31.97","2021-03-14 10:15:00"
"517344",18,"33.37","2021-03-14 10:30:00"
"517398",18,"34.58","2021-03-14 10:45:00"
"517452",18,"35.58","2021-03-14 11:00:00"
"518586",18,"25.91","2021-05-26 14:15:00"
"518746",18,"25.42","2021-05-26 14:30:00"
"518932",18,"24.31","2021-05-26 14:45:00"
"519011",18,"19.92","2021-07-06 18:00:00"
"519152",18,"19.12","2021-07-06 18:15:00"
"518969",18,"20.87","2021-04-17 02:45:00"
"519121",18,"20.47","2021-04-17 03:00:00"
"519132",18,"24.46","2021-05-26 15:00:00"
"521802",18,"25.43","2021-05-26 15:15:00"
"520938",18,"41.93","2021-03-14 13:15:00"
"520992",18,"41.5","2021-03-14 13:30:00"
"521046",18,"41.05","2021-03-14 13:45:00"
"521100",18,"41.51","2021-03-14 14:00:00"
"521154",18,"42.1","2021-03-14 14:15:00"
"521208",18,"42.55","2021-03-14 14:30:00"
"521262",18,"41.83","2021-03-14 14:45:00"
"521316",18,"41.74","2021-03-14 15:00:00"
"521370",18,"41.68","2021-03-14 15:15:00"
"521424",18,"40.29","2021-03-14 15:30:00"
"522559",18,"18.87","2021-05-26 18:45:00"
"522636",18,"18.66","2021-05-26 19:00:00"
"522739",18,"18.44","2021-05-26 19:15:00"
"523040",18,"13.54","2021-07-06 22:30:00"
"523171",18,"13.39","2021-07-06 22:45:00"
"522874",18,"18.13","2021-05-26 19:30:00"
"523031",18,"17.9","2021-05-26 19:45:00"
"522955",18,"18.25","2021-04-17 07:15:00"
"523064",18,"18.51","2021-04-17 07:30:00"
"523729",18,"12.83","2021-07-06 23:45:00"
"523996",18,"12.68","2021-07-07 00:00:00"
"523958",18,"22.91","2021-04-17 08:30:00"
"524152",18,"24.33","2021-04-17 08:45:00"
"524070",18,"16.95","2021-05-26 20:45:00"
"524255",18,"16.83","2021-05-26 21:00:00"
"524227",18,"27.49","2021-03-14 18:15:00"
"524438",18,"26.86","2021-03-14 18:30:00"
"524646",18,"26.32","2021-03-14 18:45:00"
"525348",18,"11.69","2021-07-07 01:30:00"
"525621",18,"11.7","2021-07-07 01:45:00"
"525835",18,"11.67","2021-07-07 02:00:00"
"525592",18,"32.11","2021-04-17 10:30:00"
"526267",18,"35","2021-04-17 11:15:00"
"526891",18,"36.13","2021-04-17 11:30:00"
"526121",18,"15.39","2021-05-26 23:15:00"
"526365",18,"15.23","2021-05-26 23:30:00"
"526474",18,"15.27","2021-05-26 23:45:00"
"526359",18,"24.19","2021-03-14 20:45:00"
"526465",18,"24.02","2021-03-14 21:00:00"
"526579",18,"23.89","2021-03-14 21:15:00"
"531411",18,"13.79","2021-05-27 05:30:00"
"531638",18,"13.79","2021-05-27 05:45:00"
"531825",18,"13.75","2021-05-27 06:00:00"
"531714",18,"28.99","2021-04-17 17:00:00"
"531881",18,"28.31","2021-04-17 17:15:00"
"531842",18,"22.14","2021-03-15 03:30:00"
"532050",18,"22.03","2021-03-15 03:45:00"
"532255",18,"21.96","2021-03-15 04:00:00"
"531964",18,"14","2021-07-07 09:00:00"
"532224",18,"15.02","2021-07-07 09:15:00"
"533181",18,"19.58","2021-07-07 10:15:00"
"533372",18,"20.74","2021-07-07 10:30:00"
"533370",18,"24.98","2021-04-17 19:00:00"
"533597",18,"24.71","2021-04-17 19:15:00"
"533520",18,"21.36","2021-03-15 05:30:00"
"533702",18,"21.23","2021-03-15 05:45:00"
"533510",18,"14.5","2021-05-27 08:00:00"
"533736",18,"15.61","2021-05-27 08:15:00"
"533903",18,"16.36","2021-05-27 08:30:00"
"534840",18,"22.84","2021-04-17 20:45:00"
"534949",18,"22.59","2021-04-17 21:00:00"
"535049",18,"22.48","2021-04-17 21:15:00"
"534883",18,"20.97","2021-03-15 07:15:00"
"534992",18,"21.15","2021-03-15 07:30:00"
"535099",18,"21.39","2021-03-15 07:45:00"
"535152",18,"22.36","2021-04-17 21:30:00"
"535256",18,"22.16","2021-04-17 21:45:00"
"535218",18,"21.64","2021-03-15 08:00:00"
"535325",18,"21.92","2021-03-15 08:15:00"
"536550",18,"19.44","2021-04-18 00:45:00"
"536648",18,"19.33","2021-04-18 01:00:00"
"536635",18,"34.66","2021-03-15 11:15:00"
"536739",18,"35.32","2021-03-15 11:30:00"
"538786",18,"19.22","2021-04-18 01:15:00"
"538840",18,"19.18","2021-04-18 01:30:00"
"538894",18,"19.07","2021-04-18 01:45:00"
"536856",18,"27.68","2021-07-07 12:15:00"
"536910",18,"28.23","2021-07-07 12:30:00"
"538036",18,"25.6","2021-07-07 15:15:00"
"538147",18,"26.45","2021-07-07 15:30:00"
"538246",18,"26.93","2021-07-07 15:45:00"
"538200",18,"31.16","2021-05-27 12:30:00"
"538300",18,"31.7","2021-05-27 12:45:00"
"538407",18,"32.08","2021-05-27 13:00:00"
"538364",18,"26.88","2021-07-07 16:00:00"
"538467",18,"26.55","2021-07-07 16:15:00"
"538531",18,"31.46","2021-05-27 13:15:00"
"538608",18,"31.28","2021-05-27 13:30:00"
"539698",18,"17.65","2021-04-18 03:45:00"
"539800",18,"17.71","2021-04-18 04:00:00"
"539919",18,"17.59","2021-04-18 04:15:00"
"539857",18,"36.5","2021-03-15 13:45:00"
"539956",18,"35.65","2021-03-15 14:00:00"
"540023",18,"17.39","2021-04-18 04:30:00"
"540130",18,"17.38","2021-04-18 04:45:00"
"540071",18,"34.72","2021-03-15 14:15:00"
"540175",18,"34.29","2021-03-15 14:30:00"
"540281",18,"35.29","2021-03-15 14:45:00"
"541316",18,"20.13","2021-07-07 18:00:00"
"541419",18,"19.1","2021-07-07 18:15:00"
"541530",18,"29.79","2021-05-27 15:45:00"
"541630",18,"29.76","2021-05-27 16:00:00"
"541508",18,"18.32","2021-07-07 18:30:00"
"541625",18,"17.64","2021-07-07 18:45:00"
"541718",18,"17.1","2021-07-07 19:00:00"
"541828",18,"16.6","2021-07-07 19:15:00"
"541935",18,"16.09","2021-07-07 19:30:00"
"543133",18,"16.44","2021-04-18 07:00:00"
"543232",18,"16.73","2021-04-18 07:15:00"
"543317",18,"17.21","2021-04-18 07:30:00"
"543235",18,"24.78","2021-03-15 17:00:00"
"543357",18,"24.77","2021-03-15 17:15:00"
"543433",18,"17.65","2021-04-18 07:45:00"
"543563",18,"18.48","2021-04-18 08:00:00"
"543469",18,"24.83","2021-03-15 17:30:00"
"543550",18,"24.93","2021-03-15 17:45:00"
"543649",18,"24.99","2021-03-15 18:00:00"
"544225",18,"25.94","2021-04-18 09:30:00"
"544337",18,"27.04","2021-04-18 09:45:00"
"544437",18,"28.33","2021-04-18 10:00:00"
"544296",18,"24.03","2021-03-15 19:30:00"
"544407",18,"23.84","2021-03-15 19:45:00"
"544547",18,"29.55","2021-04-18 10:15:00"
"546784",18,"30.72","2021-04-18 10:30:00"
"544511",18,"23.61","2021-03-15 20:00:00"
"544615",18,"23.4","2021-03-15 20:15:00"
"544688",18,"23.22","2021-03-15 20:30:00"
"545844",18,"19.46","2021-05-27 21:15:00"
"545942",18,"19.23","2021-05-27 21:30:00"
"546051",18,"19.03","2021-05-27 21:45:00"
"545839",18,"11.65","2021-07-07 23:45:00"
"545957",18,"11.46","2021-07-08 00:00:00"
"546063",18,"11.38","2021-07-08 00:15:00"
"546170",18,"18.82","2021-05-27 22:00:00"
"546291",18,"18.61","2021-05-27 22:15:00"
"546161",18,"11.32","2021-07-08 00:30:00"
"546254",18,"11.22","2021-07-08 00:45:00"
"547490",18,"37.98","2021-04-18 12:15:00"
"547592",18,"38.76","2021-04-18 12:30:00"
"547625",18,"22.21","2021-03-15 22:45:00"
"547722",18,"22.12","2021-03-15 23:00:00"
"547714",18,"39.14","2021-04-18 12:45:00"
"547819",18,"37.13","2021-04-18 13:00:00"
"547915",18,"38.33","2021-04-18 13:15:00"
"547832",18,"22.01","2021-03-15 23:15:00"
"547948",18,"21.93","2021-03-15 23:30:00"
"548053",18,"21.87","2021-03-15 23:45:00"
"548607",18,"21.38","2021-03-16 01:15:00"
"548711",18,"21.29","2021-03-16 01:30:00"
"548665",18,"37.22","2021-04-18 14:45:00"
"548756",18,"38.18","2021-04-18 15:00:00"
"548922",18,"17.4","2021-05-27 23:45:00"
"549026",18,"17.26","2021-05-28 00:00:00"
"549135",18,"17.14","2021-05-28 00:15:00"
"548916",18,"10.23","2021-07-08 02:15:00"
"549032",18,"10.03","2021-07-08 02:30:00"
"507238",18,"13.38","2021-05-25 22:45:00"
"507292",18,"13.2","2021-05-25 23:00:00"
"507346",18,"13.02","2021-05-25 23:15:00"
"507400",18,"12.83","2021-05-25 23:30:00"
"507454",18,"12.66","2021-05-25 23:45:00"
"507508",18,"12.57","2021-05-26 00:00:00"
"507562",18,"12.51","2021-05-26 00:15:00"
"507616",18,"12.43","2021-05-26 00:30:00"
"507670",18,"12.32","2021-05-26 00:45:00"
"508230",18,"38.41","2021-04-16 13:15:00"
"508352",18,"37.31","2021-04-16 13:30:00"
"508456",18,"37.54","2021-04-16 13:45:00"
"508372",18,"26.14","2021-03-14 00:00:00"
"508477",18,"25.97","2021-03-14 00:15:00"
"508564",18,"25.82","2021-03-14 00:30:00"
"508586",18,"36.41","2021-04-16 14:00:00"
"508673",18,"35.28","2021-04-16 14:15:00"
"508695",18,"25.75","2021-03-14 00:45:00"
"508797",18,"25.57","2021-03-14 01:00:00"
"508937",18,"25.37","2021-03-14 01:15:00"
"509433",18,"24.92","2021-03-14 02:00:00"
"509562",18,"24.73","2021-03-14 02:15:00"
"509616",18,"24.52","2021-03-14 02:30:00"
"509442",18,"29.74","2021-04-16 16:30:00"
"509516",18,"31","2021-04-16 16:45:00"
"511820",18,"31","2021-04-16 17:00:00"
"509670",18,"24.42","2021-03-14 02:45:00"
"509724",18,"24.36","2021-03-14 03:00:00"
"509778",18,"24.26","2021-03-14 03:15:00"
"512832",18,"24.15","2021-03-14 03:30:00"
"512886",18,"24.03","2021-03-14 03:45:00"
"510439",18,"12.03","2021-05-26 02:45:00"
"510515",18,"12.11","2021-05-26 03:00:00"
"510597",18,"12.35","2021-05-26 03:15:00"
"510492",18,"17.67","2021-07-06 09:45:00"
"510643",18,"18.78","2021-07-06 10:00:00"
"510796",18,"19.91","2021-07-06 10:15:00"
"510688",18,"12.62","2021-05-26 03:30:00"
"510767",18,"12.61","2021-05-26 03:45:00"
"510850",18,"12.48","2021-05-26 04:00:00"
"510925",18,"12.68","2021-05-26 04:15:00"
"511005",18,"12.93","2021-05-26 04:30:00"
"511564",18,"25.75","2021-07-06 11:45:00"
"511618",18,"26.71","2021-07-06 12:00:00"
"511672",18,"27.46","2021-07-06 12:15:00"
"511726",18,"27.97","2021-07-06 12:30:00"
"511780",18,"28.39","2021-07-06 12:45:00"
"511874",18,"30.51","2021-04-16 17:15:00"
"511928",18,"29.33","2021-04-16 17:30:00"
"511982",18,"28.23","2021-04-16 17:45:00"
"512036",18,"27.33","2021-04-16 18:00:00"
"512090",18,"26.48","2021-04-16 18:15:00"
"513266",18,"13.19","2021-05-26 06:45:00"
"513349",18,"13.04","2021-05-26 07:00:00"
"513438",18,"12.73","2021-05-26 07:15:00"
"513517",18,"12.68","2021-05-26 07:30:00"
"513584",18,"13.18","2021-05-26 07:45:00"
"513661",18,"23.23","2021-03-14 05:15:00"
"513815",18,"23.04","2021-03-14 05:30:00"
"513671",18,"13.77","2021-05-26 08:00:00"
"513750",18,"14.2","2021-05-26 08:15:00"
"514942",18,"29.34","2021-07-06 13:30:00"
"514996",18,"29.15","2021-07-06 13:45:00"
"515050",18,"28.05","2021-07-06 14:00:00"
"515104",18,"27.2","2021-07-06 14:15:00"
"515158",18,"26.7","2021-07-06 14:30:00"
"515212",18,"25.8","2021-07-06 14:45:00"
"515266",18,"24.61","2021-07-06 15:00:00"
"515320",18,"25.17","2021-07-06 15:15:00"
"515374",18,"26.05","2021-07-06 15:30:00"
"515428",18,"26.44","2021-07-06 15:45:00"
"516494",18,"21.58","2021-04-17 00:45:00"
"516548",18,"21.55","2021-04-17 01:00:00"
"516602",18,"21.51","2021-04-17 01:15:00"
"516656",18,"21.44","2021-04-17 01:30:00"
"516710",18,"21.48","2021-04-17 01:45:00"
"516764",18,"21.44","2021-04-17 02:00:00"
"518703",18,"21.31","2021-04-17 02:15:00"
"518847",18,"21.12","2021-04-17 02:30:00"
"516804",18,"23.81","2021-03-14 08:00:00"
"516858",18,"24.23","2021-03-14 08:15:00"
"516912",18,"24.96","2021-03-14 08:30:00"
"518046",18,"22.36","2021-05-26 11:45:00"
"518100",18,"22.84","2021-05-26 12:00:00"
"518154",18,"23.74","2021-05-26 12:15:00"
"518208",18,"24.89","2021-05-26 12:30:00"
"518262",18,"26.49","2021-05-26 12:45:00"
"518316",18,"26.13","2021-05-26 13:00:00"
"518370",18,"26.92","2021-05-26 13:15:00"
"518424",18,"27.04","2021-05-26 13:30:00"
"518478",18,"26.57","2021-05-26 13:45:00"
"518532",18,"25.91","2021-05-26 14:00:00"
"519822",18,"16.26","2021-07-06 19:45:00"
"519923",18,"15.87","2021-07-06 20:00:00"
"520019",18,"15.5","2021-07-06 20:15:00"
"519924",18,"18.89","2021-04-17 04:45:00"
"520044",18,"18.69","2021-04-17 05:00:00"
"520140",18,"15.16","2021-07-06 20:30:00"
"520248",18,"14.89","2021-07-06 20:45:00"
"520139",18,"18.55","2021-04-17 05:15:00"
"520247",18,"18.49","2021-04-17 05:30:00"
"520355",18,"18.49","2021-04-17 05:45:00"
"521478",18,"38.53","2021-03-14 15:45:00"
"521532",18,"37.08","2021-03-14 16:00:00"
"521586",18,"35.71","2021-03-14 16:15:00"
"521640",18,"31.93","2021-03-14 16:30:00"
"521694",18,"30.34","2021-03-14 16:45:00"
"521748",18,"29.48","2021-03-14 17:00:00"
"523338",18,"28.66","2021-03-14 17:15:00"
"521856",18,"25.85","2021-05-26 15:30:00"
"521910",18,"25.44","2021-05-26 15:45:00"
"521964",18,"24.53","2021-05-26 16:00:00"
"523147",18,"18.95","2021-04-17 07:45:00"
"523515",18,"20","2021-04-17 08:00:00"
"523755",18,"21.4","2021-04-17 08:15:00"
"523225",18,"13.19","2021-07-06 23:00:00"
"523332",18,"13.02","2021-07-06 23:15:00"
"523501",18,"12.9","2021-07-06 23:30:00"
"523446",18,"17.63","2021-05-26 20:00:00"
"523637",18,"17.44","2021-05-26 20:15:00"
"523850",18,"17.18","2021-05-26 20:30:00"
"523552",18,"28.25","2021-03-14 17:30:00"
"523747",18,"27.96","2021-03-14 17:45:00"
"523939",18,"27.8","2021-03-14 18:00:00"
"524837",18,"11.91","2021-07-07 01:00:00"
"525079",18,"11.77","2021-07-07 01:15:00"
"525032",18,"28.65","2021-04-17 09:45:00"
"525216",18,"29.38","2021-04-17 10:00:00"
"525387",18,"30.9","2021-04-17 10:15:00"
"525092",18,"16.05","2021-05-26 22:00:00"
"525322",18,"16.06","2021-05-26 22:15:00"
"525525",18,"16.09","2021-05-26 22:30:00"
"525298",18,"25.24","2021-03-14 19:30:00"
"525496",18,"25.08","2021-03-14 19:45:00"
"525691",18,"24.87","2021-03-14 20:00:00"
"526576",18,"15.28","2021-05-27 00:00:00"
"526679",18,"15.12","2021-05-27 00:15:00"
"526692",18,"23.77","2021-03-14 21:30:00"
"526774",18,"23.69","2021-03-14 21:45:00"
"526804",18,"11.13","2021-07-07 02:45:00"
"526896",18,"11","2021-07-07 03:00:00"
"527008",18,"10.83","2021-07-07 03:15:00"
"526995",18,"37.45","2021-04-17 11:45:00"
"527159",18,"37.81","2021-04-17 12:00:00"
"527544",18,"23.57","2021-03-14 22:00:00"
"527760",18,"23.43","2021-03-14 22:15:00"
"527962",18,"23.29","2021-03-14 22:30:00"
"527714",18,"15.11","2021-05-27 01:15:00"
"527914",18,"14.96","2021-05-27 01:30:00"
"527945",18,"38.34","2021-04-17 13:00:00"
"528201",18,"37.43","2021-04-17 13:15:00"
"528409",18,"37.42","2021-04-17 13:30:00"
"528120",18,"14.89","2021-05-27 01:45:00"
"528377",18,"14.78","2021-05-27 02:00:00"
"528597",18,"23.09","2021-03-14 23:15:00"
"528740",18,"9.76","2021-07-07 05:30:00"
"528809",18,"23.03","2021-03-14 23:30:00"
"529057",18,"22.93","2021-03-14 23:45:00"
"529238",18,"22.85","2021-03-15 00:00:00"
"528983",18,"9.59","2021-07-07 05:45:00"
"529204",18,"9.44","2021-07-07 06:00:00"
"529408",18,"9.29","2021-07-07 06:15:00"
"529284",18,"34.69","2021-04-17 14:30:00"
"529483",18,"33.72","2021-04-17 14:45:00"
"529720",18,"32.82","2021-04-17 15:00:00"
"529931",18,"31.7","2021-04-17 15:15:00"
"530132",18,"30.53","2021-04-17 15:30:00"
"530094",18,"22.67","2021-03-15 01:00:00"
"530286",18,"22.61","2021-03-15 01:15:00"
"530088",18,"8.87","2021-07-07 07:00:00"
"530270",18,"8.82","2021-07-07 07:15:00"
"530830",18,"8.91","2021-07-07 07:30:00"
"530287",18,"14.27","2021-05-27 04:15:00"
"530456",18,"14.16","2021-05-27 04:30:00"
"530887",18,"9.15","2021-07-07 07:45:00"
"531013",18,"9.53","2021-07-07 08:00:00"
"531038",18,"29.13","2021-04-17 16:15:00"
"531261",18,"29.05","2021-04-17 16:30:00"
"531480",18,"28.93","2021-04-17 16:45:00"
"531231",18,"10.23","2021-07-07 08:15:00"
"531431",18,"11.48","2021-07-07 08:30:00"
"531674",18,"12.81","2021-07-07 08:45:00"
"531237",18,"22.36","2021-03-15 02:45:00"
"531457",18,"22.35","2021-03-15 03:00:00"
"531624",18,"22.29","2021-03-15 03:15:00"
"532408",18,"16.33","2021-07-07 09:30:00"
"532606",18,"17.45","2021-07-07 09:45:00"
"532963",18,"18.47","2021-07-07 10:00:00"
"532770",18,"26.06","2021-04-17 18:15:00"
"532940",18,"25.58","2021-04-17 18:30:00"
"533136",18,"25.23","2021-04-17 18:45:00"
"532851",18,"21.63","2021-03-15 04:45:00"
"533048",18,"21.54","2021-03-15 05:00:00"
"533297",18,"21.45","2021-03-15 05:15:00"
"533085",18,"13.75","2021-05-27 07:30:00"
"533276",18,"13.97","2021-05-27 07:45:00"
"534228",18,"25.02","2021-07-07 11:30:00"
"534427",18,"25.96","2021-07-07 11:45:00"
"536802",18,"26.94","2021-07-07 12:00:00"
"534514",18,"23.32","2021-04-17 20:15:00"
"534672",18,"23.08","2021-04-17 20:30:00"
"534570",18,"20.9","2021-03-15 06:45:00"
"534725",18,"20.89","2021-03-15 07:00:00"
"534571",18,"18.44","2021-05-27 09:15:00"
"534744",18,"19.66","2021-05-27 09:30:00"
"536998",18,"20.85","2021-05-27 09:45:00"
"535914",18,"20.64","2021-04-17 23:15:00"
"536014",18,"20.38","2021-04-17 23:30:00"
"536122",18,"20.14","2021-04-17 23:45:00"
"536081",18,"30.14","2021-03-15 10:00:00"
"536182",18,"31.16","2021-03-15 10:15:00"
"536238",18,"19.91","2021-04-18 00:00:00"
"536339",18,"19.74","2021-04-18 00:15:00"
"536453",18,"19.55","2021-04-18 00:30:00"
"536295",18,"32.78","2021-03-15 10:30:00"
"536399",18,"33.32","2021-03-15 10:45:00"
"536508",18,"34.04","2021-03-15 11:00:00"
"537488",18,"28.46","2021-07-07 14:00:00"
"537592",18,"27.7","2021-07-07 14:15:00"
"537696",18,"27.2","2021-07-07 14:30:00"
"537671",18,"26.49","2021-05-27 11:15:00"
"537773",18,"27.95","2021-05-27 11:30:00"
"537870",18,"28.87","2021-05-27 11:45:00"
"537810",18,"26.19","2021-07-07 14:45:00"
"537927",18,"24.98","2021-07-07 15:00:00"
"537984",18,"29.79","2021-05-27 12:00:00"
"538086",18,"30.46","2021-05-27 12:15:00"
"539167",18,"18.34","2021-04-18 02:30:00"
"539269",18,"18.17","2021-04-18 02:45:00"
"539393",18,"18.02","2021-04-18 03:00:00"
"539307",18,"37.26","2021-03-15 12:30:00"
"539404",18,"37.45","2021-03-15 12:45:00"
"539499",18,"17.88","2021-04-18 03:15:00"
"539606",18,"17.74","2021-04-18 03:30:00"
"539513",18,"37.16","2021-03-15 13:00:00"
"539621",18,"37.34","2021-03-15 13:15:00"
"539746",18,"37.09","2021-03-15 13:30:00"
"540770",18,"30.62","2021-03-15 16:15:00"
"543016",18,"27.47","2021-03-15 16:30:00"
"543115",18,"25.09","2021-03-15 16:45:00"
"540987",18,"30.75","2021-05-27 14:30:00"
"541084",18,"29.51","2021-05-27 14:45:00"
"540972",18,"23.54","2021-07-07 17:15:00"
"541091",18,"22.45","2021-07-07 17:30:00"
"541193",18,"21.29","2021-07-07 17:45:00"
"541198",18,"28.72","2021-05-27 15:00:00"
"541291",18,"29.41","2021-05-27 15:15:00"
"541404",18,"29.75","2021-05-27 15:30:00"
"542514",18,"24.28","2021-05-27 18:00:00"
"542621",18,"23.51","2021-05-27 18:15:00"
"542459",18,"14.14","2021-07-07 20:45:00"
"542578",18,"13.83","2021-07-07 21:00:00"
"544825",18,"13.59","2021-07-07 21:15:00"
"542688",18,"22.84","2021-05-27 18:30:00"
"542742",18,"22.33","2021-05-27 18:45:00"
"544804",18,"21.96","2021-05-27 19:00:00"
"542920",18,"16.55","2021-04-18 06:30:00"
"543022",18,"16.46","2021-04-18 06:45:00"
"544742",18,"23.11","2021-03-15 20:45:00"
"546881",18,"23.03","2021-03-15 21:00:00"
"546984",18,"22.9","2021-03-15 21:15:00"
"544937",18,"21.53","2021-05-27 19:15:00"
"545042",18,"21.14","2021-05-27 19:30:00"
"544910",18,"13.56","2021-07-07 21:30:00"
"545017",18,"13.38","2021-07-07 21:45:00"
"545127",18,"13.2","2021-07-07 22:00:00"
"545229",18,"12.89","2021-07-07 22:15:00"
"545317",18,"12.62","2021-07-07 22:30:00"
"546381",18,"18.37","2021-05-27 22:30:00"
"546490",18,"18.13","2021-05-27 22:45:00"
"546602",18,"17.92","2021-05-27 23:00:00"
"546382",18,"11.1","2021-07-08 01:00:00"
"546489",18,"10.99","2021-07-08 01:15:00"
"546593",18,"10.84","2021-07-08 01:30:00"
"546714",18,"17.72","2021-05-27 23:15:00"
"546768",18,"17.56","2021-05-27 23:30:00"
"546689",18,"10.65","2021-07-08 01:45:00"
"548826",18,"10.42","2021-07-08 02:00:00"
"548029",18,"38.68","2021-04-18 13:30:00"
"548133",18,"37.91","2021-04-18 13:45:00"
"548165",18,"21.81","2021-03-16 00:00:00"
"548257",18,"21.74","2021-03-16 00:15:00"
"548258",18,"37.78","2021-04-18 14:00:00"
"548409",18,"36.48","2021-04-18 14:15:00"
"548550",18,"36.46","2021-04-18 14:30:00"
"548339",18,"21.68","2021-03-16 00:30:00"
"548425",18,"21.58","2021-03-16 00:45:00"
"548506",18,"21.48","2021-03-16 01:00:00"
"549753",18,"9.12","2021-07-08 04:15:00"
"549848",18,"8.95","2021-07-08 04:30:00"
"549967",18,"8.86","2021-07-08 04:45:00"
"549832",18,"16.41","2021-05-28 01:45:00"
"549926",18,"16.31","2021-05-28 02:00:00"
"549140",18,"9.85","2021-07-08 02:45:00"
"550299",18,"8.68","2021-07-08 05:30:00"
"550393",18,"8.56","2021-07-08 05:45:00"
"550525",18,"8.4","2021-07-08 06:00:00"
"550367",18,"16.15","2021-05-28 03:00:00"
"550461",18,"16.08","2021-05-28 03:15:00"
"550559",18,"16.12","2021-05-28 03:30:00"
"550634",18,"8.3","2021-07-08 06:15:00"
"552809",18,"8.22","2021-07-08 06:30:00"
"550665",18,"16.15","2021-05-28 03:45:00"
"550740",18,"15.97","2021-05-28 04:00:00"
"555878",18,"21.35","2021-04-18 23:15:00"
"556048",18,"21.1","2021-04-18 23:30:00"
"556512",18,"31.07","2021-03-16 10:15:00"
"556661",18,"32.06","2021-03-16 10:30:00"
"556739",18,"32.95","2021-03-16 10:45:00"
"557312",18,"33.71","2021-03-16 11:00:00"
"556770",18,"23.28","2021-07-08 11:00:00"
"557497",18,"24.49","2021-07-08 11:15:00"
"557659",18,"25.77","2021-07-08 11:30:00"
"559060",18,"30.29","2021-07-08 13:15:00"
"559211",18,"30.21","2021-07-08 13:30:00"
"559347",18,"29.89","2021-07-08 13:45:00"
"559337",18,"24.4","2021-05-28 10:15:00"
"559505",18,"26.22","2021-05-28 10:30:00"
"559398",18,"35.43","2021-03-16 14:00:00"
"559557",18,"36.11","2021-03-16 14:15:00"
"559736",18,"36.14","2021-03-16 14:30:00"
"559507",18,"28.68","2021-07-08 14:00:00"
"559656",18,"27.85","2021-07-08 14:15:00"
"560214",18,"35.95","2021-03-16 15:15:00"
"561295",18,"36.04","2021-03-16 15:30:00"
"561424",18,"35.74","2021-03-16 15:45:00"
"560325",18,"25.46","2021-07-08 15:15:00"
"560432",18,"26.3","2021-07-08 15:30:00"
"560522",18,"30.3","2021-05-28 12:15:00"
"560576",18,"31.22","2021-05-28 12:30:00"
"560630",18,"31.17","2021-05-28 12:45:00"
"560684",18,"32","2021-05-28 13:00:00"
"560738",18,"32.75","2021-05-28 13:15:00"
"561734",18,"34.33","2021-03-16 16:30:00"
"561842",18,"33.41","2021-03-16 16:45:00"
"561953",18,"32.38","2021-03-16 17:00:00"
"562004",18,"23.63","2021-04-19 09:00:00"
"562111",18,"25.15","2021-04-19 09:15:00"
"562064",18,"31.49","2021-03-16 17:15:00"
"562172",18,"31.24","2021-03-16 17:30:00"
"562220",18,"26.36","2021-04-19 09:30:00"
"564806",18,"27.34","2021-04-19 09:45:00"
"564860",18,"28.64","2021-04-19 10:00:00"
"562796",18,"26.62","2021-07-08 15:45:00"
"562850",18,"26.69","2021-07-08 16:00:00"
"562904",18,"26.51","2021-07-08 16:15:00"
"562958",18,"26.17","2021-07-08 16:30:00"
"563012",18,"25.65","2021-07-08 16:45:00"
"563075",18,"24.93","2021-07-08 17:00:00"
"563194",18,"23.94","2021-07-08 17:15:00"
"563290",18,"22.81","2021-07-08 17:30:00"
"563297",18,"31.2","2021-05-28 14:00:00"
"563422",18,"31.11","2021-05-28 14:15:00"
"563520",18,"30.74","2021-05-28 14:30:00"
"564445",18,"15.75","2021-07-08 20:15:00"
"566515",18,"15.46","2021-07-08 20:30:00"
"566593",18,"15.23","2021-07-08 20:45:00"
"564602",18,"27.74","2021-05-28 17:15:00"
"564656",18,"26.83","2021-05-28 17:30:00"
"564710",18,"26.03","2021-05-28 17:45:00"
"564764",18,"25.35","2021-05-28 18:00:00"
"567818",18,"24.81","2021-05-28 18:15:00"
"564914",18,"29.74","2021-04-19 10:15:00"
"564968",18,"30.9","2021-04-19 10:30:00"
"565022",18,"31.95","2021-04-19 10:45:00"
"566142",18,"25.27","2021-03-16 21:45:00"
"566196",18,"25.04","2021-03-16 22:00:00"
"566250",18,"24.69","2021-03-16 22:15:00"
"566304",18,"24.34","2021-03-16 22:30:00"
"566358",18,"24.1","2021-03-16 22:45:00"
"566412",18,"23.89","2021-03-16 23:00:00"
"566493",18,"23.7","2021-03-16 23:15:00"
"566681",18,"15","2021-07-08 21:00:00"
"566757",18,"14.56","2021-07-08 21:15:00"
"567872",18,"24.39","2021-05-28 18:30:00"
"567926",18,"24.02","2021-05-28 18:45:00"
"567980",18,"23.68","2021-05-28 19:00:00"
"568034",18,"23.36","2021-05-28 19:15:00"
"568088",18,"23.07","2021-05-28 19:30:00"
"568142",18,"22.8","2021-05-28 19:45:00"
"568196",18,"22.56","2021-05-28 20:00:00"
"568250",18,"22.38","2021-05-28 20:15:00"
"568304",18,"22.22","2021-05-28 20:30:00"
"568358",18,"22.06","2021-05-28 20:45:00"
"569588",18,"30.32","2021-04-19 18:00:00"
"569642",18,"29.17","2021-04-19 18:15:00"
"569696",18,"28.13","2021-04-19 18:30:00"
"569750",18,"27.27","2021-04-19 18:45:00"
"571812",18,"26.59","2021-04-19 19:00:00"
"525833",18,"32.92","2021-04-17 10:45:00"
"525720",18,"15.84","2021-05-26 22:45:00"
"525903",18,"15.62","2021-05-26 23:00:00"
"525948",18,"24.65","2021-03-14 20:15:00"
"526154",18,"24.41","2021-03-14 20:30:00"
"527086",18,"15.21","2021-05-27 00:30:00"
"527283",18,"15.35","2021-05-27 00:45:00"
"527483",18,"15.28","2021-05-27 01:00:00"
"527130",18,"10.64","2021-07-07 03:30:00"
"527276",18,"10.49","2021-07-07 03:45:00"
"527461",18,"10.44","2021-07-07 04:00:00"
"527322",18,"36.66","2021-04-17 12:15:00"
"527522",18,"36.79","2021-04-17 12:30:00"
"527720",18,"38.09","2021-04-17 12:45:00"
"527666",18,"10.46","2021-07-07 04:15:00"
"527905",18,"10.47","2021-07-07 04:30:00"
"528099",18,"10.46","2021-07-07 04:45:00"
"528330",18,"10.32","2021-07-07 05:00:00"
"528523",18,"10.02","2021-07-07 05:15:00"
"528161",18,"23.15","2021-03-14 22:45:00"
"528350",18,"23.11","2021-03-14 23:00:00"
"528612",18,"37.61","2021-04-17 13:45:00"
"528847",18,"36.79","2021-04-17 14:00:00"
"529017",18,"35.94","2021-04-17 14:15:00"
"528592",18,"14.57","2021-05-27 02:15:00"
"528793",18,"14.43","2021-05-27 02:30:00"
"528979",18,"14.36","2021-05-27 02:45:00"
"529191",18,"14.3","2021-05-27 03:00:00"
"529436",18,"14.27","2021-05-27 03:15:00"
"529437",18,"22.76","2021-03-15 00:15:00"
"529627",18,"22.73","2021-03-15 00:30:00"
"529848",18,"22.71","2021-03-15 00:45:00"
"529657",18,"9.12","2021-07-07 06:30:00"
"529881",18,"9.02","2021-07-07 06:45:00"
"529655",18,"14.24","2021-05-27 03:30:00"
"529842",18,"14.2","2021-05-27 03:45:00"
"530058",18,"14.27","2021-05-27 04:00:00"
"530371",18,"30.01","2021-04-17 15:45:00"
"530896",18,"29.23","2021-04-17 16:00:00"
"530444",18,"22.5","2021-03-15 01:30:00"
"530573",18,"22.37","2021-03-15 01:45:00"
"530680",18,"22.3","2021-03-15 02:00:00"
"530582",18,"14","2021-05-27 04:45:00"
"530687",18,"13.87","2021-05-27 05:00:00"
"531189",18,"13.79","2021-05-27 05:15:00"
"530746",18,"22.32","2021-03-15 02:15:00"
"531018",18,"22.36","2021-03-15 02:30:00"
"532032",18,"13.77","2021-05-27 06:15:00"
"532238",18,"13.94","2021-05-27 06:30:00"
"532085",18,"27.57","2021-04-17 17:30:00"
"532315",18,"27.08","2021-04-17 17:45:00"
"532563",18,"26.6","2021-04-17 18:00:00"
"532473",18,"21.89","2021-03-15 04:15:00"
"532659",18,"21.76","2021-03-15 04:30:00"
"532445",18,"13.89","2021-05-27 06:45:00"
"532673",18,"13.79","2021-05-27 07:00:00"
"532866",18,"13.73","2021-05-27 07:15:00"
"533590",18,"21.73","2021-07-07 10:45:00"
"533774",18,"22.88","2021-07-07 11:00:00"
"534012",18,"23.86","2021-07-07 11:15:00"
"533860",18,"24.43","2021-04-17 19:30:00"
"534054",18,"24.12","2021-04-17 19:45:00"
"534297",18,"23.69","2021-04-17 20:00:00"
"533952",18,"21.12","2021-03-15 06:00:00"
"534147",18,"21.04","2021-03-15 06:15:00"
"534362",18,"20.96","2021-03-15 06:30:00"
"534132",18,"16.67","2021-05-27 08:45:00"
"534332",18,"17.72","2021-05-27 09:00:00"
"535373",18,"21.9","2021-04-17 22:00:00"
"535465",18,"21.67","2021-04-17 22:15:00"
"535573",18,"21.47","2021-04-17 22:30:00"
"535442",18,"22.55","2021-03-15 08:30:00"
"535551",18,"23.69","2021-03-15 08:45:00"
"535652",18,"25.21","2021-03-15 09:00:00"
"535685",18,"21.25","2021-04-17 22:45:00"
"535802",18,"21.02","2021-04-17 23:00:00"
"535753",18,"26.53","2021-03-15 09:15:00"
"535859",18,"27.57","2021-03-15 09:30:00"
"535968",18,"28.96","2021-03-15 09:45:00"
"536965",18,"28.62","2021-07-07 12:45:00"
"537062",18,"29.16","2021-07-07 13:00:00"
"537160",18,"29.59","2021-07-07 13:15:00"
"537128",18,"22.23","2021-05-27 10:00:00"
"537237",18,"23.3","2021-05-27 10:15:00"
"537266",18,"29.73","2021-07-07 13:30:00"
"537383",18,"29.61","2021-07-07 13:45:00"
"537334",18,"24.23","2021-05-27 10:30:00"
"537453",18,"25.59","2021-05-27 10:45:00"
"537557",18,"26.17","2021-05-27 11:00:00"
"538574",18,"26.1","2021-07-07 16:30:00"
"540828",18,"25.26","2021-07-07 16:45:00"
"540887",18,"24.44","2021-07-07 17:00:00"
"538662",18,"30.79","2021-05-27 13:45:00"
"538716",18,"30.77","2021-05-27 14:00:00"
"538770",18,"31.2","2021-05-27 14:15:00"
"538955",18,"18.87","2021-04-18 02:00:00"
"539072",18,"18.58","2021-04-18 02:15:00"
"538974",18,"35.91","2021-03-15 11:45:00"
"539075",18,"36.45","2021-03-15 12:00:00"
"539194",18,"36.93","2021-03-15 12:15:00"
"540241",18,"17.41","2021-04-18 05:00:00"
"540346",18,"17.25","2021-04-18 05:15:00"
"540466",18,"17.01","2021-04-18 05:30:00"
"540395",18,"36.79","2021-03-15 15:00:00"
"540489",18,"36.26","2021-03-15 15:15:00"
"540593",18,"34.88","2021-03-15 15:30:00"
"540579",18,"16.86","2021-04-18 05:45:00"
"542812",18,"16.65","2021-04-18 06:00:00"
"542866",18,"16.63","2021-04-18 06:15:00"
"540662",18,"33.48","2021-03-15 15:45:00"
"540716",18,"32.16","2021-03-15 16:00:00"
"541754",18,"29.52","2021-05-27 16:15:00"
"541860",18,"29.34","2021-05-27 16:30:00"
"541969",18,"28.54","2021-05-27 16:45:00"
"542033",18,"15.61","2021-07-07 19:45:00"
"542144",18,"15.2","2021-07-07 20:00:00"
"542254",18,"14.81","2021-07-07 20:15:00"
"542087",18,"28.04","2021-05-27 17:00:00"
"542192",18,"27.02","2021-05-27 17:15:00"
"542299",18,"26.2","2021-05-27 17:30:00"
"542346",18,"14.43","2021-07-07 20:30:00"
"542421",18,"25.21","2021-05-27 17:45:00"
"543679",18,"19.86","2021-04-18 08:15:00"
"543783",18,"21.34","2021-04-18 08:30:00"
"543880",18,"22.62","2021-04-18 08:45:00"
"543764",18,"25.02","2021-03-15 18:15:00"
"543883",18,"24.86","2021-03-15 18:30:00"
"543993",18,"23.56","2021-04-18 09:00:00"
"544113",18,"24.73","2021-04-18 09:15:00"
"543986",18,"24.64","2021-03-15 18:45:00"
"544083",18,"24.42","2021-03-15 19:00:00"
"544189",18,"24.2","2021-03-15 19:15:00"
"545152",18,"20.87","2021-05-27 19:45:00"
"545275",18,"20.59","2021-05-27 20:00:00"
"545416",18,"20.35","2021-05-27 20:15:00"
"545403",18,"12.35","2021-07-07 22:45:00"
"545511",18,"12.17","2021-07-07 23:00:00"
"545524",18,"20.18","2021-05-27 20:30:00"
"545626",18,"20.01","2021-05-27 20:45:00"
"545736",18,"19.78","2021-05-27 21:00:00"
"545625",18,"12","2021-07-07 23:15:00"
"545731",18,"11.82","2021-07-07 23:30:00"
"546838",18,"31.8","2021-04-18 10:45:00"
"546937",18,"32.93","2021-04-18 11:00:00"
"547038",18,"34.2","2021-04-18 11:15:00"
"547092",18,"22.82","2021-03-15 21:30:00"
"547188",18,"22.72","2021-03-15 21:45:00"
"547168",18,"35.42","2021-04-18 11:30:00"
"547282",18,"36.26","2021-04-18 11:45:00"
"547377",18,"37.35","2021-04-18 12:00:00"
"547289",18,"22.56","2021-03-15 22:00:00"
"547406",18,"22.43","2021-03-15 22:15:00"
"547514",18,"22.33","2021-03-15 22:30:00"
"549248",18,"17.05","2021-05-28 00:30:00"
"549359",18,"16.95","2021-05-28 00:45:00"
"549244",18,"9.63","2021-07-08 03:00:00"
"549349",18,"9.49","2021-07-08 03:15:00"
"549455",18,"9.41","2021-07-08 03:30:00"
"549538",18,"9.33","2021-07-08 03:45:00"
"549638",18,"9.26","2021-07-08 04:00:00"
"549469",18,"16.81","2021-05-28 01:00:00"
"549608",18,"16.67","2021-05-28 01:15:00"
"549714",18,"16.54","2021-05-28 01:30:00"
"550835",18,"21.2","2021-03-16 01:45:00"
"550933",18,"21.14","2021-03-16 02:00:00"
"551018",18,"21.09","2021-03-16 02:15:00"
"550875",18,"38.67","2021-04-18 15:15:00"
"551004",18,"39","2021-04-18 15:30:00"
"551151",18,"39.24","2021-04-18 15:45:00"
"551107",18,"21.02","2021-03-16 02:30:00"
"551190",18,"20.96","2021-03-16 02:45:00"
"551277",18,"21.06","2021-03-16 03:00:00"
"551285",18,"39.26","2021-04-18 16:00:00"
"551377",18,"37.19","2021-04-18 16:15:00"
"551928",18,"20.8","2021-03-16 04:30:00"
"552036",18,"20.74","2021-03-16 04:45:00"
"552168",18,"29.37","2021-04-18 18:00:00"
"552269",18,"28.46","2021-04-18 18:15:00"
"552127",18,"20.78","2021-03-16 05:00:00"
"552242",18,"20.72","2021-03-16 05:15:00"
"552345",18,"20.62","2021-03-16 05:30:00"
"552378",18,"27.64","2021-04-18 18:30:00"
"552476",18,"26.95","2021-04-18 18:45:00"
"552584",18,"26.32","2021-04-18 19:00:00"
"552953",18,"20.4","2021-03-16 06:15:00"
"553168",18,"20.33","2021-03-16 06:30:00"
"553367",18,"20.29","2021-03-16 06:45:00"
"552961",18,"8.1","2021-07-08 06:45:00"
"553139",18,"7.9879999999999995","2021-07-08 07:00:00"
"553366",18,"7.958","2021-07-08 07:15:00"
"553406",18,"15.63","2021-05-28 05:00:00"
"553579",18,"15.63","2021-05-28 05:15:00"
"553574",18,"23.94","2021-04-18 20:30:00"
"553774",18,"23.68","2021-04-18 20:45:00"
"553966",18,"8.61","2021-07-08 08:00:00"
"554198",18,"9.39","2021-07-08 08:15:00"
"554444",18,"10.77","2021-07-08 08:30:00"
"554025",18,"20.71","2021-03-16 07:30:00"
"554238",18,"21.02","2021-03-16 07:45:00"
"554438",18,"21.36","2021-03-16 08:00:00"
"554493",18,"16.04","2021-05-28 06:15:00"
"554680",18,"16.11","2021-05-28 06:30:00"
"554615",18,"22.69","2021-04-18 21:45:00"
"554812",18,"22.42","2021-04-18 22:00:00"
"555334",18,"25.76","2021-03-16 09:00:00"
"555542",18,"26.71","2021-03-16 09:15:00"
"555388",18,"16","2021-05-28 07:15:00"
"555585",18,"16.27","2021-05-28 07:30:00"
"555267",18,"21.97","2021-04-18 22:30:00"
"555461",18,"21.78","2021-04-18 22:45:00"
"555715",18,"21.57","2021-04-18 23:00:00"
"555760",18,"27.84","2021-03-16 09:30:00"
"556045",18,"29.07","2021-03-16 09:45:00"
"556347",18,"30.11","2021-03-16 10:00:00"
"556808",18,"20.4","2021-04-19 00:30:00"
"556862",18,"20.25","2021-04-19 00:45:00"
"556916",18,"20.06","2021-04-19 01:00:00"
"556970",18,"19.92","2021-04-19 01:15:00"
"557024",18,"19.85","2021-04-19 01:30:00"
"557078",18,"19.7","2021-04-19 01:45:00"
"557132",18,"19.53","2021-04-19 02:00:00"
"557186",18,"19.39","2021-04-19 02:15:00"
"557241",18,"19.29","2021-04-19 02:30:00"
"557353",18,"19.17","2021-04-19 02:45:00"
"557939",18,"18.74","2021-04-19 03:45:00"
"558155",18,"18.63","2021-04-19 04:00:00"
"558356",18,"18.49","2021-04-19 04:15:00"
"558039",18,"27.92","2021-07-08 12:00:00"
"558214",18,"28.65","2021-07-08 12:15:00"
"558416",18,"29.31","2021-07-08 12:30:00"
"558278",18,"19.99","2021-05-28 09:00:00"
"558534",18,"20.98","2021-05-28 09:15:00"
"558477",18,"37.24","2021-03-16 12:45:00"
"558678",18,"36.81","2021-03-16 13:00:00"
"558914",18,"36.87","2021-03-16 13:15:00"
"559668",18,"27.14","2021-05-28 10:45:00"
"559810",18,"27.47","2021-05-28 11:00:00"
"559973",18,"28.88","2021-05-28 11:15:00"
"559818",18,"27.24","2021-07-08 14:30:00"
"559981",18,"26.15","2021-07-08 14:45:00"
"560154",18,"24.88","2021-07-08 15:00:00"
"559912",18,"36.25","2021-03-16 14:45:00"
"560058",18,"35.99","2021-03-16 15:00:00"
"560150",18,"29.88","2021-05-28 11:30:00"
"560318",18,"28.77","2021-05-28 11:45:00"
"560427",18,"28.63","2021-05-28 12:00:00"
"561212",18,"16.77","2021-04-19 07:00:00"
"561267",18,"16.84","2021-04-19 07:15:00"
"561359",18,"17.16","2021-04-19 07:30:00"
"561455",18,"17.61","2021-04-19 07:45:00"
"561571",18,"18.45","2021-04-19 08:00:00"
"561524",18,"35.02","2021-03-16 16:00:00"
"561632",18,"34.7","2021-03-16 16:15:00"
"561698",18,"19.84","2021-04-19 08:15:00"
"561793",18,"21.09","2021-04-19 08:30:00"
"561899",18,"22.33","2021-04-19 08:45:00"
"563380",18,"21.68","2021-07-08 17:45:00"
"563499",18,"20.44","2021-07-08 18:00:00"
"563593",18,"19.37","2021-07-08 18:15:00"
"563636",18,"30.14","2021-05-28 14:45:00"
"563734",18,"29.72","2021-05-28 15:00:00"
"563717",18,"18.53","2021-07-08 18:30:00"
"563820",18,"17.83","2021-07-08 18:45:00"
"563853",18,"29.75","2021-05-28 15:15:00"
"563968",18,"29.98","2021-05-28 15:30:00"
"564078",18,"29.63","2021-05-28 15:45:00"
"565076",18,"33.18","2021-04-19 11:00:00"
"565130",18,"34.05","2021-04-19 11:15:00"
"565184",18,"35.14","2021-04-19 11:30:00"
"565238",18,"36.2","2021-04-19 11:45:00"
"565292",18,"37.59","2021-04-19 12:00:00"
"565346",18,"38.63","2021-04-19 12:15:00"
"565406",18,"38.82","2021-04-19 12:30:00"
"565483",18,"39.47","2021-04-19 12:45:00"
"565560",18,"37.29","2021-04-19 13:00:00"
"565639",18,"34.81","2021-04-19 13:15:00"
"566643",18,"23.54","2021-03-16 23:30:00"
"566820",18,"23.47","2021-03-16 23:45:00"
"567000",18,"23.39","2021-03-17 00:00:00"
"566839",18,"14.18","2021-07-08 21:30:00"
"566915",18,"13.87","2021-07-08 21:45:00"
"566991",18,"13.47","2021-07-08 22:00:00"
"567076",18,"13.22","2021-07-08 22:15:00"
"567149",18,"13.01","2021-07-08 22:30:00"
"567173",18,"23.29","2021-03-17 00:15:00"
"567367",18,"23.22","2021-03-17 00:30:00"
"570790",18,"23.13","2021-03-17 00:45:00"
"568412",18,"21.97","2021-05-28 21:00:00"
"568466",18,"22.01","2021-05-28 21:15:00"
"568520",18,"21.97","2021-05-28 21:30:00"
"568574",18,"21.85","2021-05-28 21:45:00"
"568645",18,"21.65","2021-05-28 22:00:00"
"568758",18,"21.47","2021-05-28 22:15:00"
"569902",18,"10.65","2021-07-09 01:30:00"
"569956",18,"10.52","2021-07-09 01:45:00"
"570010",18,"10.48","2021-07-09 02:00:00"
"570064",18,"10.39","2021-07-09 02:15:00"
"570118",18,"10.34","2021-07-09 02:30:00"
"575229",18,"21.31","2021-03-17 06:00:00"
"575367",18,"21.27","2021-03-17 06:15:00"
"575516",18,"21.24","2021-03-17 06:30:00"
"575176",18,"18.78","2021-05-29 04:00:00"
"575378",18,"18.85","2021-05-29 04:15:00"
"575562",18,"18.97","2021-05-29 04:30:00"
"575265",18,"20.62","2021-04-20 00:15:00"
"575419",18,"20.41","2021-04-20 00:30:00"
"575558",18,"20.2","2021-04-20 00:45:00"
"575694",18,"21.26","2021-03-17 06:45:00"
"575848",18,"21.4","2021-03-17 07:00:00"
"576841",18,"24.53","2021-03-17 08:30:00"
"576996",18,"24.93","2021-03-17 08:45:00"
"577153",18,"25.69","2021-03-17 09:00:00"
"576983",18,"19.65","2021-05-29 06:45:00"
"577157",18,"19.68","2021-05-29 07:00:00"
"576871",18,"18.63","2021-04-20 02:45:00"
"577041",18,"18.42","2021-04-20 03:00:00"
"577194",18,"18.24","2021-04-20 03:15:00"
"577326",18,"26.63","2021-03-17 09:15:00"
"577464",18,"27.5","2021-03-17 09:30:00"
"578478",18,"20.65","2021-05-29 08:00:00"
"578710",18,"20.82","2021-05-29 08:15:00"
"577792",18,"19.54","2021-07-09 10:15:00"
"577846",18,"20.88","2021-07-09 10:30:00"
"577900",18,"22.18","2021-07-09 10:45:00"
"577954",18,"23.36","2021-07-09 11:00:00"
"578008",18,"24.37","2021-07-09 11:15:00"
"578062",18,"25.55","2021-07-09 11:30:00"
"578116",18,"26.46","2021-07-09 11:45:00"
"578170",18,"27.26","2021-07-09 12:00:00"
"579522",18,"22.17","2021-05-29 09:15:00"
"579773",18,"22.44","2021-05-29 09:30:00"
"579614",18,"16.54","2021-04-20 05:30:00"
"579797",18,"16.39","2021-04-20 05:45:00"
"579697",18,"26.65","2021-07-09 14:45:00"
"581818",18,"25.34","2021-07-09 15:00:00"
"581872",18,"25.72","2021-07-09 15:15:00"
"579961",18,"27.11","2021-03-17 11:45:00"
"580111",18,"26.65","2021-03-17 12:00:00"
"580257",18,"26.32","2021-03-17 12:15:00"
"580932",18,"16.59","2021-04-20 07:30:00"
"581109",18,"16.96","2021-04-20 07:45:00"
"581284",18,"17.8","2021-04-20 08:00:00"
"581365",18,"27.25","2021-03-17 14:00:00"
"581557",18,"28.28","2021-03-17 14:15:00"
"581421",18,"30.17","2021-05-29 12:00:00"
"581576",18,"30.53","2021-05-29 12:15:00"
"581437",18,"19.33","2021-04-20 08:15:00"
"581580",18,"20.72","2021-04-20 08:30:00"
"582628",18,"18.45","2021-07-09 18:45:00"
"582682",18,"17.91","2021-07-09 19:00:00"
"582792",18,"17.44","2021-07-09 19:15:00"
"585790",18,"17.11","2021-07-09 19:30:00"
"585844",18,"16.84","2021-07-09 19:45:00"
"583200",18,"29.81","2021-05-29 13:15:00"
"583349",18,"29.93","2021-05-29 13:30:00"
"583220",18,"25.91","2021-04-20 09:30:00"
"583362",18,"26.98","2021-04-20 09:45:00"
"584579",18,"27.43","2021-03-17 17:15:00"
"584773",18,"27.05","2021-03-17 17:30:00"
"584936",18,"26.58","2021-03-17 17:45:00"
"584596",18,"28.63","2021-05-29 15:30:00"
"584726",18,"28.54","2021-05-29 15:45:00"
"584517",18,"35.34","2021-04-20 11:30:00"
"584697",18,"36.05","2021-04-20 11:45:00"
"584838",18,"28.07","2021-05-29 16:00:00"
"584995",18,"27.6","2021-05-29 16:15:00"
"585142",18,"27.22","2021-05-29 16:30:00"
"586006",18,"15.64","2021-07-09 20:30:00"
"586060",18,"15.24","2021-07-09 20:45:00"
"586114",18,"15.08","2021-07-09 21:00:00"
"586168",18,"14.94","2021-07-09 21:15:00"
"586222",18,"14.73","2021-07-09 21:30:00"
"586276",18,"14.66","2021-07-09 21:45:00"
"586366",18,"14.54","2021-07-09 22:00:00"
"586522",18,"14.39","2021-07-09 22:15:00"
"586676",18,"25.58","2021-05-29 17:30:00"
"586898",18,"24.62","2021-05-29 17:45:00"
"587110",18,"23.96","2021-05-29 18:00:00"
"588714",18,"22.28","2021-03-17 22:15:00"
"588875",18,"22.17","2021-03-17 22:30:00"
"589035",18,"22.06","2021-03-17 22:45:00"
"589196",18,"20.3","2021-05-29 20:45:00"
"589332",18,"20.12","2021-05-29 21:00:00"
"589166",18,"33.25","2021-04-20 17:15:00"
"589342",18,"31.91","2021-04-20 17:30:00"
"589200",18,"21.9","2021-03-17 23:00:00"
"589373",18,"21.74","2021-03-17 23:15:00"
"589515",18,"21.58","2021-03-17 23:30:00"
"590552",18,"24.32","2021-04-20 19:45:00"
"590735",18,"23.9","2021-04-20 20:00:00"
"590922",18,"23.5","2021-04-20 20:15:00"
"590668",18,"19.28","2021-05-29 23:15:00"
"590819",18,"19.23","2021-05-29 23:30:00"
"590976",18,"19.23","2021-05-29 23:45:00"
"590706",18,"11.8","2021-07-10 01:00:00"
"590854",18,"11.61","2021-07-10 01:15:00"
"591004",18,"11.46","2021-07-10 01:30:00"
"591080",18,"23.2","2021-04-20 20:30:00"
"591254",18,"23.01","2021-04-20 20:45:00"
"591565",18,"18.92","2021-05-30 00:30:00"
"591785",18,"18.82","2021-05-30 00:45:00"
"592070",18,"18.78","2021-05-30 01:00:00"
"591834",18,"10.64","2021-07-10 03:00:00"
"591991",18,"10.54","2021-07-10 03:15:00"
"591921",18,"21.21","2021-03-18 00:15:00"
"592082",18,"21.05","2021-03-18 00:30:00"
"592231",18,"20.96","2021-03-18 00:45:00"
"592263",18,"21.97","2021-04-20 21:45:00"
"592483",18,"21.83","2021-04-20 22:00:00"
"593922",18,"18.86","2021-05-30 02:30:00"
"550029",18,"16.2","2021-05-28 02:15:00"
"550076",18,"8.75","2021-07-08 05:00:00"
"550184",18,"8.73","2021-07-08 05:15:00"
"550143",18,"16.09","2021-05-28 02:30:00"
"550251",18,"16.01","2021-05-28 02:45:00"
"551407",18,"21.1","2021-03-16 03:15:00"
"551508",18,"21.11","2021-03-16 03:30:00"
"551491",18,"34.57","2021-04-18 16:30:00"
"551613",18,"33.52","2021-04-18 16:45:00"
"551734",18,"33.06","2021-04-18 17:00:00"
"551602",18,"21.06","2021-03-16 03:45:00"
"551698",18,"20.98","2021-03-16 04:00:00"
"551800",18,"20.91","2021-03-16 04:15:00"
"551840",18,"32.53","2021-04-18 17:15:00"
"551935",18,"31.4","2021-04-18 17:30:00"
"552043",18,"30.4","2021-04-18 17:45:00"
"552467",18,"20.55","2021-03-16 05:45:00"
"552575",18,"20.47","2021-03-16 06:00:00"
"552674",18,"25.79","2021-04-18 19:15:00"
"552728",18,"25.32","2021-04-18 19:30:00"
"552865",18,"24.89","2021-04-18 19:45:00"
"553122",18,"24.52","2021-04-18 20:00:00"
"553322",18,"24.18","2021-04-18 20:15:00"
"552814",18,"15.88","2021-05-28 04:15:00"
"552957",18,"15.76","2021-05-28 04:30:00"
"553174",18,"15.67","2021-05-28 04:45:00"
"553609",18,"20.32","2021-03-16 07:00:00"
"553816",18,"20.46","2021-03-16 07:15:00"
"553568",18,"8.03","2021-07-08 07:30:00"
"553768",18,"8.18","2021-07-08 07:45:00"
"553869",18,"15.66","2021-05-28 05:30:00"
"554069",18,"15.8","2021-05-28 05:45:00"
"554279",18,"15.99","2021-05-28 06:00:00"
"553995",18,"23.43","2021-04-18 21:00:00"
"554207",18,"23.18","2021-04-18 21:15:00"
"554406",18,"22.94","2021-04-18 21:30:00"
"554636",18,"12.19","2021-07-08 08:45:00"
"554864",18,"13.53","2021-07-08 09:00:00"
"555078",18,"14.57","2021-07-08 09:15:00"
"554719",18,"22.02","2021-03-16 08:15:00"
"554915",18,"22.85","2021-03-16 08:30:00"
"555122",18,"24.02","2021-03-16 08:45:00"
"554928",18,"16.22","2021-05-28 06:45:00"
"555029",18,"22.17","2021-04-18 22:15:00"
"555148",18,"16.09","2021-05-28 07:00:00"
"555255",18,"16.03","2021-07-08 09:30:00"
"555505",18,"17.28","2021-07-08 09:45:00"
"555721",18,"18.33","2021-07-08 10:00:00"
"555762",18,"16.58","2021-05-28 07:45:00"
"555954",18,"16.97","2021-05-28 08:00:00"
"556127",18,"17.4","2021-05-28 08:15:00"
"556015",18,"19.5","2021-07-08 10:15:00"
"556319",18,"20.8","2021-07-08 10:30:00"
"556298",18,"18.1","2021-05-28 08:30:00"
"556519",18,"18.9","2021-05-28 08:45:00"
"556608",18,"22","2021-07-08 10:45:00"
"556214",18,"20.86","2021-04-18 23:45:00"
"556385",18,"20.64","2021-04-19 00:00:00"
"556581",18,"20.52","2021-04-19 00:15:00"
"557492",18,"19.04","2021-04-19 03:00:00"
"557655",18,"18.91","2021-04-19 03:15:00"
"557800",18,"18.83","2021-04-19 03:30:00"
"557469",18,"34.6","2021-03-16 11:15:00"
"557627",18,"35.18","2021-03-16 11:30:00"
"557767",18,"35.69","2021-03-16 11:45:00"
"557856",18,"26.88","2021-07-08 11:45:00"
"557943",18,"36.27","2021-03-16 12:00:00"
"558075",18,"36.47","2021-03-16 12:15:00"
"558272",18,"36.91","2021-03-16 12:30:00"
"558642",18,"29.76","2021-07-08 12:45:00"
"558865",18,"30.16","2021-07-08 13:00:00"
"558557",18,"18.3","2021-04-19 04:30:00"
"558744",18,"18.09","2021-04-19 04:45:00"
"558982",18,"17.88","2021-04-19 05:00:00"
"558762",18,"21.29","2021-05-28 09:30:00"
"558963",18,"21.38","2021-05-28 09:45:00"
"559127",18,"21.85","2021-05-28 10:00:00"
"559087",18,"35.95","2021-03-16 13:30:00"
"559231",18,"34.91","2021-03-16 13:45:00"
"563080",18,"32.25","2021-05-28 13:30:00"
"563177",18,"31.57","2021-05-28 13:45:00"
"560834",18,"17.7","2021-04-19 05:15:00"
"560888",18,"17.58","2021-04-19 05:30:00"
"560942",18,"17.49","2021-04-19 05:45:00"
"560996",18,"17.28","2021-04-19 06:00:00"
"561050",18,"17.2","2021-04-19 06:15:00"
"561104",18,"17.03","2021-04-19 06:30:00"
"561158",18,"16.91","2021-04-19 06:45:00"
"562278",18,"30.64","2021-03-16 17:45:00"
"562332",18,"29.9","2021-03-16 18:00:00"
"562386",18,"29.2","2021-03-16 18:15:00"
"562440",18,"28.72","2021-03-16 18:30:00"
"562494",18,"28.21","2021-03-16 18:45:00"
"562548",18,"27.71","2021-03-16 19:00:00"
"562602",18,"27.29","2021-03-16 19:15:00"
"562656",18,"26.86","2021-03-16 19:30:00"
"562710",18,"26.59","2021-03-16 19:45:00"
"562764",18,"26.33","2021-03-16 20:00:00"
"565504",18,"26.13","2021-03-16 20:15:00"
"563915",18,"17.3","2021-07-08 19:00:00"
"564023",18,"16.84","2021-07-08 19:15:00"
"564125",18,"16.42","2021-07-08 19:30:00"
"564185",18,"29.69","2021-05-28 16:00:00"
"564300",18,"29.29","2021-05-28 16:15:00"
"564234",18,"16.24","2021-07-08 19:45:00"
"564340",18,"16.01","2021-07-08 20:00:00"
"564411",18,"29.38","2021-05-28 16:30:00"
"564494",18,"28.7","2021-05-28 16:45:00"
"564548",18,"28.42","2021-05-28 17:00:00"
"565682",18,"25.94","2021-03-16 20:30:00"
"565854",18,"25.76","2021-03-16 20:45:00"
"565719",18,"35.9","2021-04-19 13:30:00"
"565789",18,"35.28","2021-04-19 13:45:00"
"565880",18,"35.53","2021-04-19 14:00:00"
"565957",18,"35.21","2021-04-19 14:15:00"
"568709",18,"34.2","2021-04-19 14:30:00"
"565980",18,"25.58","2021-03-16 21:00:00"
"566034",18,"25.4","2021-03-16 21:15:00"
"566088",18,"25.3","2021-03-16 21:30:00"
"567227",18,"12.88","2021-07-08 22:45:00"
"567296",18,"12.59","2021-07-08 23:00:00"
"567373",18,"12.17","2021-07-08 23:15:00"
"567461",18,"11.94","2021-07-08 23:30:00"
"567524",18,"11.83","2021-07-08 23:45:00"
"567578",18,"11.79","2021-07-09 00:00:00"
"567632",18,"11.62","2021-07-09 00:15:00"
"567686",18,"11.41","2021-07-09 00:30:00"
"567740",18,"11.15","2021-07-09 00:45:00"
"569794",18,"10.98","2021-07-09 01:00:00"
"569848",18,"10.79","2021-07-09 01:15:00"
"568994",18,"38.2","2021-04-19 15:15:00"
"569048",18,"38.31","2021-04-19 15:30:00"
"569102",18,"38.32","2021-04-19 15:45:00"
"569156",18,"37.92","2021-04-19 16:00:00"
"569210",18,"37.15","2021-04-19 16:15:00"
"569264",18,"36.55","2021-04-19 16:30:00"
"569318",18,"35.9","2021-04-19 16:45:00"
"569372",18,"35.23","2021-04-19 17:00:00"
"569426",18,"34.17","2021-04-19 17:15:00"
"569480",18,"32.93","2021-04-19 17:30:00"
"569534",18,"31.58","2021-04-19 17:45:00"
"570712",18,"8.97","2021-07-09 05:15:00"
"570766",18,"8.87","2021-07-09 05:30:00"
"573820",18,"8.8","2021-07-09 05:45:00"
"570844",18,"23.12","2021-03-17 01:00:00"
"570898",18,"23","2021-03-17 01:15:00"
"570952",18,"22.89","2021-03-17 01:30:00"
"571006",18,"22.79","2021-03-17 01:45:00"
"571060",18,"22.72","2021-03-17 02:00:00"
"571114",18,"22.63","2021-03-17 02:15:00"
"571168",18,"22.56","2021-03-17 02:30:00"
"571818",18,"21.2","2021-05-28 23:00:00"
"571967",18,"21.13","2021-05-28 23:15:00"
"572063",18,"21.09","2021-05-28 23:30:00"
"571987",18,"26.03","2021-04-19 19:15:00"
"572094",18,"25.67","2021-04-19 19:30:00"
"571921",18,"21.51","2021-03-17 05:15:00"
"574896",18,"21.43","2021-03-17 05:30:00"
"575056",18,"21.36","2021-03-17 05:45:00"
"572175",18,"21.01","2021-05-28 23:45:00"
"572254",18,"20.89","2021-05-29 00:00:00"
"572831",18,"19.73","2021-05-29 01:30:00"
"572920",18,"19.48","2021-05-29 01:45:00"
"573029",18,"19.34","2021-05-29 02:00:00"
"572848",18,"24.06","2021-04-19 21:00:00"
"572974",18,"23.61","2021-04-19 21:15:00"
"573083",18,"23.33","2021-04-19 21:30:00"
"573137",18,"19.27","2021-05-29 02:15:00"
"573236",18,"19.17","2021-05-29 02:30:00"
"573198",18,"22.94","2021-04-19 21:45:00"
"573308",18,"22.63","2021-04-19 22:00:00"
"573409",18,"22.39","2021-04-19 22:15:00"
"573982",18,"8.67","2021-07-09 06:30:00"
"574036",18,"8.53","2021-07-09 06:45:00"
"574090",18,"8.48","2021-07-09 07:00:00"
"574144",18,"8.53","2021-07-09 07:15:00"
"574198",18,"8.56","2021-07-09 07:30:00"
"574252",18,"8.72","2021-07-09 07:45:00"
"574306",18,"9.11","2021-07-09 08:00:00"
"574360",18,"9.88","2021-07-09 08:15:00"
"574414",18,"11.32","2021-07-09 08:30:00"
"574468",18,"12.77","2021-07-09 08:45:00"
"575717",18,"19.97","2021-04-20 01:00:00"
"575893",18,"19.75","2021-04-20 01:15:00"
"575725",18,"18.99","2021-05-29 04:45:00"
"575877",18,"19.1","2021-05-29 05:00:00"
"576030",18,"19.29","2021-05-29 05:15:00"
"576029",18,"21.65","2021-03-17 07:15:00"
"576192",18,"22.01","2021-03-17 07:30:00"
"576323",18,"22.44","2021-03-17 07:45:00"
"576047",18,"19.55","2021-04-20 01:30:00"
"576208",18,"19.34","2021-04-20 01:45:00"
"576381",18,"19.17","2021-04-20 02:00:00"
"577344",18,"18.05","2021-04-20 03:30:00"
"577520",18,"17.87","2021-04-20 03:45:00"
"577679",18,"17.7","2021-04-20 04:00:00"
"577324",18,"19.84","2021-05-29 07:15:00"
"577497",18,"20.08","2021-05-29 07:30:00"
"577659",18,"20.42","2021-05-29 07:45:00"
"577626",18,"27.51","2021-03-17 09:45:00"
"578530",18,"27.11","2021-03-17 10:00:00"
"578723",18,"27.36","2021-03-17 10:15:00"
"578529",18,"17.51","2021-04-20 04:15:00"
"578722",18,"17.3","2021-04-20 04:30:00"
"578936",18,"17.09","2021-04-20 04:45:00"
"579221",18,"16.86","2021-04-20 05:00:00"
"579417",18,"16.66","2021-04-20 05:15:00"
"578927",18,"21.15","2021-05-29 08:30:00"
"579132",18,"21.54","2021-05-29 08:45:00"
"579336",18,"21.98","2021-05-29 09:00:00"
"579235",18,"28.19","2021-07-09 14:15:00"
"579476",18,"27.71","2021-07-09 14:30:00"
"579361",18,"27.68","2021-03-17 11:00:00"
"579605",18,"27.7","2021-03-17 11:15:00"
"579792",18,"27.5","2021-03-17 11:30:00"
"580447",18,"24.08","2021-05-29 10:30:00"
"580632",18,"25.63","2021-05-29 10:45:00"
"580774",18,"26.65","2021-05-29 11:00:00"
"580737",18,"16.31","2021-04-20 07:15:00"
"580768",18,"25.51","2021-03-17 13:00:00"
"580909",18,"25.32","2021-03-17 13:15:00"
"581058",18,"25.47","2021-03-17 13:30:00"
"581205",18,"26.16","2021-03-17 13:45:00"
"580931",18,"27.92","2021-05-29 11:15:00"
"581092",18,"28.63","2021-05-29 11:30:00"
"581246",18,"29.17","2021-05-29 11:45:00"
"582034",18,"26.87","2021-07-09 16:00:00"
"582088",18,"26.63","2021-07-09 16:15:00"
"582142",18,"26.26","2021-07-09 16:30:00"
"582196",18,"25.66","2021-07-09 16:45:00"
"582250",18,"24.87","2021-07-09 17:00:00"
"582304",18,"23.89","2021-07-09 17:15:00"
"582358",18,"22.76","2021-07-09 17:30:00"
"582412",18,"21.69","2021-07-09 17:45:00"
"582466",18,"20.66","2021-07-09 18:00:00"
"582520",18,"19.77","2021-07-09 18:15:00"
"582574",18,"19.06","2021-07-09 18:30:00"
"583709",18,"29.45","2021-04-20 10:15:00"
"583877",18,"30.76","2021-04-20 10:30:00"
"584029",18,"32.07","2021-04-20 10:45:00"
"584060",18,"27.57","2021-03-17 16:30:00"
"584223",18,"27.69","2021-03-17 16:45:00"
"584375",18,"27.74","2021-03-17 17:00:00"
"584195",18,"33.24","2021-04-20 11:00:00"
"584374",18,"34.33","2021-04-20 11:15:00"
"584155",18,"28.79","2021-05-29 14:45:00"
"584308",18,"28.42","2021-05-29 15:00:00"
"584469",18,"28.54","2021-05-29 15:15:00"
"585425",18,"25.77","2021-03-17 18:30:00"
"585588",18,"25.43","2021-03-17 18:45:00"
"585702",18,"24.97","2021-03-17 19:00:00"
"585692",18,"39.16","2021-04-20 13:15:00"
"586333",18,"39.13","2021-04-20 13:30:00"
"586525",18,"37.78","2021-04-20 13:45:00"
"586396",18,"24.63","2021-03-17 19:15:00"
"586589",18,"24.39","2021-03-17 19:30:00"
"585898",18,"16.57","2021-07-09 20:00:00"
"585952",18,"16.16","2021-07-09 20:15:00"
"587375",18,"13.33","2021-07-09 23:15:00"
"587572",18,"13.2","2021-07-09 23:30:00"
"587368",18,"37.1","2021-04-20 14:45:00"
"587611",18,"37.3","2021-04-20 15:00:00"
"587439",18,"23.67","2021-03-17 20:30:00"
"587652",18,"23.46","2021-03-17 20:45:00"
"587799",18,"13.01","2021-07-09 23:45:00"
"588051",18,"12.73","2021-07-10 00:00:00"
"590214",18,"12.46","2021-07-10 00:15:00"
"588407",18,"21.85","2021-05-29 19:30:00"
"588557",18,"21.41","2021-05-29 19:45:00"
"588400",18,"22.56","2021-03-17 21:45:00"
"588549",18,"22.4","2021-03-17 22:00:00"
"588681",18,"36.21","2021-04-20 16:30:00"
"588840",18,"34.75","2021-04-20 16:45:00"
"589018",18,"33.93","2021-04-20 17:00:00"
"588713",18,"20.99","2021-05-29 20:00:00"
"588874",18,"20.69","2021-05-29 20:15:00"
"589022",18,"20.48","2021-05-29 20:30:00"
"589885",18,"27.37","2021-04-20 18:30:00"
"589988",18,"26.59","2021-04-20 18:45:00"
"590092",18,"25.93","2021-04-20 19:00:00"
"590231",18,"25.35","2021-04-20 19:15:00"
"590374",18,"24.81","2021-04-20 19:30:00"
"590207",18,"19.45","2021-05-29 22:30:00"
"590345",18,"19.3","2021-05-29 22:45:00"
"590497",18,"19.25","2021-05-29 23:00:00"
"590420",18,"12.21","2021-07-10 00:30:00"
"590570",18,"11.99","2021-07-10 00:45:00"
"592153",18,"10.47","2021-07-10 03:30:00"
"592311",18,"10.36","2021-07-10 03:45:00"
"592506",18,"10.22","2021-07-10 04:00:00"
"592456",18,"18.81","2021-05-30 01:15:00"
"592719",18,"18.88","2021-05-30 01:30:00"
"592396",18,"20.85","2021-03-18 01:00:00"
"594079",18,"18.89","2021-05-30 02:45:00"
"593406",18,"20.7","2021-03-18 02:45:00"
"593460",18,"20.62","2021-03-18 03:00:00"
"593514",18,"20.54","2021-03-18 03:15:00"
"593568",18,"20.44","2021-03-18 03:30:00"
"593622",18,"20.49","2021-03-18 03:45:00"
"593676",18,"20.68","2021-03-18 04:00:00"
"593730",18,"20.84","2021-03-18 04:15:00"
"595506",18,"20.94","2021-03-18 04:30:00"
"598730",18,"16.63","2021-04-21 04:45:00"
"598910",18,"16.43","2021-04-21 05:00:00"
"598858",18,"16.96","2021-05-30 08:45:00"
"599023",18,"16.94","2021-05-30 09:00:00"
"599189",18,"16.93","2021-05-30 09:15:00"
"598971",18,"25.23","2021-07-10 11:15:00"
"599128",18,"26.38","2021-07-10 11:30:00"
"599331",18,"27.28","2021-07-10 11:45:00"
"599073",18,"16.29","2021-04-21 05:15:00"
"599222",18,"16.14","2021-04-21 05:30:00"
"599363",18,"15.98","2021-04-21 05:45:00"
"600543",18,"31.92","2021-03-18 10:30:00"
"600713",18,"32.88","2021-03-18 10:45:00"
"600917",18,"33.75","2021-03-18 11:00:00"
"600613",18,"31.38","2021-07-10 13:15:00"
"600835",18,"31.49","2021-07-10 13:30:00"
"600671",18,"15.66","2021-04-21 07:15:00"
"600896",18,"15.94","2021-04-21 07:30:00"
"601067",18,"17.09","2021-05-30 11:30:00"
"601783",18,"17.03","2021-05-30 11:45:00"
"601986",18,"18.92","2021-04-21 08:15:00"
"602176",18,"20.67","2021-04-21 08:30:00"
"602332",18,"22.06","2021-04-21 08:45:00"
"602115",18,"28.89","2021-07-10 14:30:00"
"602282",18,"28.59","2021-07-10 14:45:00"
"602413",18,"17.52","2021-05-30 12:45:00"
"602588",18,"17.59","2021-05-30 13:00:00"
"602814",18,"17.57","2021-05-30 13:15:00"
"602481",18,"23.37","2021-04-21 09:00:00"
"602618",18,"24.6","2021-04-21 09:15:00"
"602741",18,"25.75","2021-04-21 09:30:00"
"603964",18,"34.85","2021-03-18 14:30:00"
"604186",18,"35.4","2021-03-18 14:45:00"
"603987",18,"17.3","2021-05-30 14:45:00"
"604208",18,"17.26","2021-05-30 15:00:00"
"604399",18,"17.26","2021-05-30 15:15:00"
"604023",18,"23.93","2021-07-10 17:15:00"
"604231",18,"23.11","2021-07-10 17:30:00"
"604483",18,"22.36","2021-07-10 17:45:00"
"604108",18,"33.39","2021-04-21 11:15:00"
"604305",18,"34.4","2021-04-21 11:30:00"
"605484",18,"34.13","2021-03-18 17:00:00"
"605538",18,"33.51","2021-03-18 17:15:00"
"605592",18,"32.55","2021-03-18 17:30:00"
"605646",18,"31.8","2021-03-18 17:45:00"
"605700",18,"30.89","2021-03-18 18:00:00"
"605754",18,"30.04","2021-03-18 18:15:00"
"608808",18,"29.3","2021-03-18 18:30:00"
"608862",18,"28.64","2021-03-18 18:45:00"
"605822",18,"38.36","2021-04-21 12:45:00"
"605876",18,"38.76","2021-04-21 13:00:00"
"606524",18,"37.04","2021-04-21 16:00:00"
"606578",18,"36.76","2021-04-21 16:15:00"
"606651",18,"35.01","2021-04-21 16:30:00"
"606760",18,"33.6","2021-04-21 16:45:00"
"606874",18,"33.45","2021-04-21 17:00:00"
"606778",18,"18.68","2021-07-10 19:00:00"
"606885",18,"18.22","2021-07-10 19:15:00"
"606974",18,"17.83","2021-07-10 19:30:00"
"609794",18,"32.75","2021-04-21 17:15:00"
"609848",18,"31.85","2021-04-21 17:30:00"
"608167",18,"16.88","2021-05-30 18:30:00"
"608251",18,"16.85","2021-05-30 18:45:00"
"608232",18,"14.45","2021-07-10 23:00:00"
"610784",18,"14.09","2021-07-10 23:15:00"
"608336",18,"16.82","2021-05-30 19:00:00"
"608402",18,"16.78","2021-05-30 19:15:00"
"608456",18,"16.77","2021-05-30 19:30:00"
"608510",18,"16.76","2021-05-30 19:45:00"
"608564",18,"16.76","2021-05-30 20:00:00"
"609726",18,"24.06","2021-03-18 22:45:00"
"609780",18,"23.87","2021-03-18 23:00:00"
"612724",18,"23.74","2021-03-18 23:15:00"
"609902",18,"30.91","2021-04-21 17:45:00"
"609956",18,"29.64","2021-04-21 18:00:00"
"610010",18,"28.43","2021-04-21 18:15:00"
"610064",18,"27.48","2021-04-21 18:30:00"
"610118",18,"26.67","2021-04-21 18:45:00"
"610172",18,"26","2021-04-21 19:00:00"
"610226",18,"25.4","2021-04-21 19:15:00"
"610280",18,"24.82","2021-04-21 19:30:00"
"611432",18,"12.12","2021-07-11 02:15:00"
"611486",18,"12.06","2021-07-11 02:30:00"
"611540",18,"12.02","2021-07-11 02:45:00"
"611594",18,"11.89","2021-07-11 03:00:00"
"611648",18,"11.75","2021-07-11 03:15:00"
"611702",18,"11.65","2021-07-11 03:30:00"
"611756",18,"11.45","2021-07-11 03:45:00"
"611888",18,"16.88","2021-05-30 21:30:00"
"611942",18,"16.9","2021-05-30 21:45:00"
"611996",18,"16.91","2021-05-30 22:00:00"
"612590",18,"16.65","2021-05-31 00:45:00"
"612666",18,"16.64","2021-05-31 01:00:00"
"612776",18,"16.66","2021-05-31 01:15:00"
"612829",18,"23.65","2021-03-18 23:30:00"
"612936",18,"23.56","2021-03-18 23:45:00"
"612889",18,"16.7","2021-05-31 01:30:00"
"568867",18,"21.41","2021-05-28 22:30:00"
"571627",18,"21.31","2021-05-28 22:45:00"
"568818",18,"35.8","2021-04-19 14:45:00"
"568921",18,"37.27","2021-04-19 15:00:00"
"570172",18,"10.28","2021-07-09 02:45:00"
"570226",18,"10.15","2021-07-09 03:00:00"
"570280",18,"9.99","2021-07-09 03:15:00"
"570334",18,"9.83","2021-07-09 03:30:00"
"570388",18,"9.67","2021-07-09 03:45:00"
"570442",18,"9.54","2021-07-09 04:00:00"
"570496",18,"9.43","2021-07-09 04:15:00"
"570550",18,"9.4","2021-07-09 04:30:00"
"570604",18,"9.25","2021-07-09 04:45:00"
"570658",18,"9.09","2021-07-09 05:00:00"
"571222",18,"22.48","2021-03-17 02:45:00"
"571276",18,"22.38","2021-03-17 03:00:00"
"571330",18,"22.27","2021-03-17 03:15:00"
"571384",18,"22.15","2021-03-17 03:30:00"
"571438",18,"22.04","2021-03-17 03:45:00"
"571492",18,"21.95","2021-03-17 04:00:00"
"571546",18,"21.87","2021-03-17 04:15:00"
"571603",18,"21.77","2021-03-17 04:30:00"
"571679",18,"21.7","2021-03-17 04:45:00"
"571753",18,"21.61","2021-03-17 05:00:00"
"572226",18,"25.6","2021-04-19 19:45:00"
"572407",18,"25.43","2021-04-19 20:00:00"
"572524",18,"24.98","2021-04-19 20:15:00"
"572328",18,"20.8","2021-05-29 00:15:00"
"572408",18,"20.7","2021-05-29 00:30:00"
"572497",18,"20.5","2021-05-29 00:45:00"
"572596",18,"20.15","2021-05-29 01:00:00"
"572719",18,"19.9","2021-05-29 01:15:00"
"572646",18,"24.67","2021-04-19 20:30:00"
"572743",18,"24.47","2021-04-19 20:45:00"
"573351",18,"19.09","2021-05-29 02:45:00"
"573452",18,"19","2021-05-29 03:00:00"
"573572",18,"18.94","2021-05-29 03:15:00"
"573523",18,"22.17","2021-04-19 22:30:00"
"573614",18,"22.15","2021-04-19 22:45:00"
"573668",18,"22.09","2021-04-19 23:00:00"
"573722",18,"21.74","2021-04-19 23:15:00"
"573776",18,"21.38","2021-04-19 23:30:00"
"573874",18,"8.81","2021-07-09 06:00:00"
"573928",18,"8.78","2021-07-09 06:15:00"
"574522",18,"14.02","2021-07-09 09:00:00"
"574576",18,"14.67","2021-07-09 09:15:00"
"574630",18,"15.97","2021-07-09 09:30:00"
"574684",18,"17.23","2021-07-09 09:45:00"
"574738",18,"18.37","2021-07-09 10:00:00"
"574857",18,"18.87","2021-05-29 03:30:00"
"575015",18,"18.76","2021-05-29 03:45:00"
"574946",18,"21.1","2021-04-19 23:45:00"
"575121",18,"20.85","2021-04-20 00:00:00"
"576193",18,"19.47","2021-05-29 05:30:00"
"576364",18,"19.57","2021-05-29 05:45:00"
"576504",18,"22.96","2021-03-17 08:00:00"
"576668",18,"23.73","2021-03-17 08:15:00"
"576535",18,"19.02","2021-04-20 02:15:00"
"576722",18,"18.84","2021-04-20 02:30:00"
"576527",18,"19.63","2021-05-29 06:00:00"
"576659",18,"19.65","2021-05-29 06:15:00"
"576817",18,"19.64","2021-05-29 06:30:00"
"578224",18,"28.1","2021-07-09 12:15:00"
"578278",18,"28.74","2021-07-09 12:30:00"
"578332",18,"29.38","2021-07-09 12:45:00"
"578386",18,"29.9","2021-07-09 13:00:00"
"578440",18,"30.13","2021-07-09 13:15:00"
"578622",18,"30.29","2021-07-09 13:30:00"
"578832",18,"30.06","2021-07-09 13:45:00"
"579021",18,"28.92","2021-07-09 14:00:00"
"578958",18,"28.05","2021-03-17 10:30:00"
"579135",18,"27.96","2021-03-17 10:45:00"
"579951",18,"16.25","2021-04-20 06:00:00"
"580135",18,"16.12","2021-04-20 06:15:00"
"580291",18,"15.94","2021-04-20 06:30:00"
"579941",18,"22.67","2021-05-29 09:45:00"
"580095",18,"22.98","2021-05-29 10:00:00"
"580273",18,"23.45","2021-05-29 10:15:00"
"580420",18,"25.99","2021-03-17 12:30:00"
"580575",18,"25.75","2021-03-17 12:45:00"
"580443",18,"15.96","2021-04-20 06:45:00"
"580595",18,"16.13","2021-04-20 07:00:00"
"581713",18,"28.92","2021-03-17 14:30:00"
"582911",18,"28.62","2021-03-17 14:45:00"
"583084",18,"29.44","2021-03-17 15:00:00"
"581732",18,"30.7","2021-05-29 12:30:00"
"582800",18,"29.85","2021-05-29 12:45:00"
"583004",18,"30.28","2021-05-29 13:00:00"
"581762",18,"21.8","2021-04-20 08:45:00"
"582895",18,"23.17","2021-04-20 09:00:00"
"583073",18,"24.57","2021-04-20 09:15:00"
"581926",18,"26.47","2021-07-09 15:30:00"
"581980",18,"26.8","2021-07-09 15:45:00"
"583243",18,"29.64","2021-03-17 15:15:00"
"583440",18,"29.29","2021-03-17 15:30:00"
"583500",18,"29.82","2021-05-29 13:45:00"
"583535",18,"28.23","2021-04-20 10:00:00"
"583596",18,"28.91","2021-03-17 15:45:00"
"583655",18,"29.98","2021-05-29 14:00:00"
"583743",18,"28.37","2021-03-17 16:00:00"
"583896",18,"27.84","2021-03-17 16:15:00"
"583834",18,"29.64","2021-05-29 14:15:00"
"584014",18,"29.38","2021-05-29 14:30:00"
"584908",18,"36.9","2021-04-20 12:00:00"
"585055",18,"37.72","2021-04-20 12:15:00"
"585238",18,"38.36","2021-04-20 12:30:00"
"585130",18,"26.19","2021-03-17 18:00:00"
"585276",18,"25.95","2021-03-17 18:15:00"
"585307",18,"26.97","2021-05-29 16:45:00"
"585480",18,"26.7","2021-05-29 17:00:00"
"586449",18,"26.27","2021-05-29 17:15:00"
"585395",18,"38.97","2021-04-20 12:45:00"
"585551",18,"39.18","2021-04-20 13:00:00"
"586726",18,"14.2","2021-07-09 22:30:00"
"586929",18,"14.01","2021-07-09 22:45:00"
"587131",18,"13.68","2021-07-09 23:00:00"
"586770",18,"36.26","2021-04-20 14:00:00"
"586983",18,"35.45","2021-04-20 14:15:00"
"587178",18,"36.72","2021-04-20 14:30:00"
"586792",18,"24.24","2021-03-17 19:45:00"
"587009",18,"24.02","2021-03-17 20:00:00"
"587205",18,"23.79","2021-03-17 20:15:00"
"587362",18,"23.55","2021-05-29 18:15:00"
"587574",18,"23.18","2021-05-29 18:30:00"
"587800",18,"22.86","2021-05-29 18:45:00"
"588001",18,"22.38","2021-05-29 19:00:00"
"588234",18,"22.1","2021-05-29 19:15:00"
"587827",18,"37.41","2021-04-20 15:15:00"
"588018",18,"38.08","2021-04-20 15:30:00"
"588184",18,"38.2","2021-04-20 15:45:00"
"587859",18,"23.22","2021-03-17 21:00:00"
"588066",18,"22.99","2021-03-17 21:15:00"
"588220",18,"22.76","2021-03-17 21:30:00"
"588326",18,"37.7","2021-04-20 16:00:00"
"588511",18,"37.09","2021-04-20 16:15:00"
"589494",18,"19.97","2021-05-29 21:15:00"
"589675",18,"19.73","2021-05-29 21:30:00"
"589758",18,"19.56","2021-05-29 21:45:00"
"589535",18,"30.58","2021-04-20 17:45:00"
"589689",18,"29.38","2021-04-20 18:00:00"
"589826",18,"28.28","2021-04-20 18:15:00"
"589657",18,"21.44","2021-03-17 23:45:00"
"591718",18,"21.37","2021-03-18 00:00:00"
"589940",18,"19.47","2021-05-29 22:00:00"
"590061",18,"19.54","2021-05-29 22:15:00"
"591162",18,"19.21","2021-05-30 00:00:00"
"591363",18,"19.05","2021-05-30 00:15:00"
"591168",18,"11.3","2021-07-10 01:45:00"
"591285",18,"11.2","2021-07-10 02:00:00"
"591402",18,"11.08","2021-07-10 02:15:00"
"591517",18,"10.94","2021-07-10 02:30:00"
"591620",18,"10.77","2021-07-10 02:45:00"
"591462",18,"22.76","2021-04-20 21:00:00"
"591698",18,"22.5","2021-04-20 21:15:00"
"591958",18,"22.21","2021-04-20 21:30:00"
"592675",18,"21.77","2021-04-20 22:15:00"
"592908",18,"21.8","2021-04-20 22:30:00"
"593851",18,"21.6","2021-04-20 22:45:00"
"592808",18,"20.68","2021-03-18 01:30:00"
"593024",18,"20.68","2021-03-18 01:45:00"
"593158",18,"20.68","2021-03-18 02:00:00"
"592953",18,"18.92","2021-05-30 01:45:00"
"593120",18,"18.9","2021-05-30 02:00:00"
"593222",18,"18.87","2021-05-30 02:15:00"
"593269",18,"20.64","2021-03-18 02:15:00"
"593352",18,"20.66","2021-03-18 02:30:00"
"594340",18,"21.52","2021-04-20 23:30:00"
"594496",18,"21.53","2021-04-20 23:45:00"
"594639",18,"21.34","2021-04-21 00:00:00"
"594655",18,"9.26","2021-07-10 06:15:00"
"594811",18,"9.25","2021-07-10 06:30:00"
"594722",18,"18.94","2021-05-30 03:45:00"
"594886",18,"18.79","2021-05-30 04:00:00"
"594812",18,"21.01","2021-04-21 00:15:00"
"594949",18,"20.58","2021-04-21 00:30:00"
"595586",18,"18.63","2021-05-30 05:00:00"
"595782",18,"18.67","2021-05-30 05:15:00"
"595961",18,"18.63","2021-05-30 05:30:00"
"595624",18,"19.44","2021-04-21 01:30:00"
"595814",18,"19.23","2021-04-21 01:45:00"
"596051",18,"18.99","2021-04-21 02:00:00"
"595754",18,"21.07","2021-03-18 04:45:00"
"595966",18,"21.17","2021-03-18 05:00:00"
"596222",18,"21.24","2021-03-18 05:15:00"
"595914",18,"9.91","2021-07-10 08:00:00"
"596105",18,"10.66","2021-07-10 08:15:00"
"596295",18,"11.91","2021-07-10 08:30:00"
"596627",18,"17.67","2021-05-30 06:15:00"
"596790",18,"17.46","2021-05-30 06:30:00"
"596997",18,"17.45","2021-05-30 06:45:00"
"596735",18,"18.34","2021-04-21 02:45:00"
"596943",18,"18.16","2021-04-21 03:00:00"
"597140",18,"18.02","2021-04-21 03:15:00"
"596842",18,"21.34","2021-03-18 06:00:00"
"597042",18,"21.15","2021-03-18 06:15:00"
"597205",18,"20.91","2021-03-18 06:30:00"
"597015",18,"15.24","2021-07-10 09:15:00"
"597840",18,"16.77","2021-07-10 09:30:00"
"598006",18,"18.11","2021-07-10 09:45:00"
"597648",18,"22.24","2021-03-18 08:30:00"
"597702",18,"24.04","2021-03-18 08:45:00"
"597756",18,"25.42","2021-03-18 09:00:00"
"599447",18,"26.19","2021-03-18 09:15:00"
"599638",18,"27.8","2021-03-18 09:30:00"
"597937",18,"17.91","2021-04-21 03:30:00"
"598087",18,"17.71","2021-04-21 03:45:00"
"598053",18,"17.33","2021-05-30 07:30:00"
"598211",18,"17.28","2021-05-30 07:45:00"
"598382",18,"17.06","2021-05-30 08:00:00"
"599365",18,"16.73","2021-05-30 09:30:00"
"599573",18,"16.67","2021-05-30 09:45:00"
"599564",18,"28.24","2021-07-10 12:00:00"
"599779",18,"29.02","2021-07-10 12:15:00"
"599587",18,"15.85","2021-04-21 06:00:00"
"599795",18,"15.72","2021-04-21 06:15:00"
"599821",18,"16.71","2021-05-30 10:00:00"
"600048",18,"16.67","2021-05-30 10:15:00"
"600236",18,"16.7","2021-05-30 10:30:00"
"601098",18,"16.31","2021-04-21 07:45:00"
"601860",18,"17.21","2021-04-21 08:00:00"
"601242",18,"34.45","2021-03-18 11:15:00"
"601296",18,"35.02","2021-03-18 11:30:00"
"601059",18,"31.1","2021-07-10 13:45:00"
"601795",18,"29.99","2021-07-10 14:00:00"
"601987",18,"29.29","2021-07-10 14:15:00"
"601350",18,"35.66","2021-03-18 11:45:00"
"601404",18,"36.08","2021-03-18 12:00:00"
"601458",18,"36.54","2021-03-18 12:15:00"
"602468",18,"27.83","2021-07-10 15:00:00"
"602623",18,"27.88","2021-07-10 15:15:00"
"602769",18,"28.45","2021-07-10 15:30:00"
"602922",18,"26.79","2021-04-21 09:45:00"
"603068",18,"27.94","2021-04-21 10:00:00"
"602894",18,"28.37","2021-07-10 15:45:00"
"603024",18,"28.13","2021-07-10 16:00:00"
"603186",18,"27.77","2021-07-10 16:15:00"
"603040",18,"17.52","2021-05-30 13:30:00"
"603202",18,"17.43","2021-05-30 13:45:00"
"604472",18,"35.39","2021-04-21 11:45:00"
"604620",18,"36.24","2021-04-21 12:00:00"
"604798",18,"37.23","2021-04-21 12:15:00"
"604571",18,"17.22","2021-05-30 15:30:00"
"604721",18,"17.15","2021-05-30 15:45:00"
"604471",18,"35.67","2021-03-18 15:00:00"
"604790",18,"35.96","2021-03-18 15:15:00"
"605038",18,"36.27","2021-03-18 15:30:00"
"604810",18,"21.53","2021-07-10 18:00:00"
"604922",18,"17.13","2021-05-30 16:00:00"
"605930",18,"38.82","2021-04-21 13:15:00"
"605984",18,"38.88","2021-04-21 13:30:00"
"606038",18,"37.56","2021-04-21 13:45:00"
"606092",18,"37.07","2021-04-21 14:00:00"
"606146",18,"35.98","2021-04-21 14:15:00"
"606200",18,"36.86","2021-04-21 14:30:00"
"606254",18,"38.28","2021-04-21 14:45:00"
"606308",18,"38.5","2021-04-21 15:00:00"
"606362",18,"37","2021-04-21 15:15:00"
"606416",18,"36.7","2021-04-21 15:30:00"
"606470",18,"35.56","2021-04-21 15:45:00"
"607626",18,"15.67","2021-07-10 21:45:00"
"607733",18,"15.72","2021-07-10 22:00:00"
"607672",18,"17.09","2021-05-30 17:15:00"
"607782",18,"17.04","2021-05-30 17:30:00"
"607845",18,"15.43","2021-07-10 22:15:00"
"607949",18,"15.14","2021-07-10 22:30:00"
"608062",18,"14.86","2021-07-10 22:45:00"
"607891",18,"16.94","2021-05-30 17:45:00"
"607997",18,"16.9","2021-05-30 18:00:00"
"608093",18,"16.88","2021-05-30 18:15:00"
"609186",18,"26.74","2021-03-18 20:15:00"
"609240",18,"26.53","2021-03-18 20:30:00"
"609294",18,"26.25","2021-03-18 20:45:00"
"609348",18,"25.81","2021-03-18 21:00:00"
"609402",18,"25.47","2021-03-18 21:15:00"
"609456",18,"25.22","2021-03-18 21:30:00"
"609510",18,"24.95","2021-03-18 21:45:00"
"609564",18,"24.69","2021-03-18 22:00:00"
"609618",18,"24.47","2021-03-18 22:15:00"
"609672",18,"24.26","2021-03-18 22:30:00"
"610838",18,"13.92","2021-07-10 23:30:00"
"610892",18,"13.76","2021-07-10 23:45:00"
"610946",18,"13.62","2021-07-11 00:00:00"
"611000",18,"13.47","2021-07-11 00:15:00"
"611054",18,"13.24","2021-07-11 00:30:00"
"611108",18,"13.12","2021-07-11 00:45:00"
"611162",18,"13.01","2021-07-11 01:00:00"
"611216",18,"12.89","2021-07-11 01:15:00"
"611270",18,"12.71","2021-07-11 01:30:00"
"611324",18,"12.49","2021-07-11 01:45:00"
"611378",18,"12.26","2021-07-11 02:00:00"
"613158",18,"23.03","2021-03-19 00:45:00"
"613212",18,"22.99","2021-03-19 01:00:00"
"613266",18,"23.11","2021-03-19 01:15:00"
"615722",18,"16.72","2021-05-31 01:45:00"
"612996",18,"23.48","2021-03-19 00:00:00"
"613050",18,"23.3","2021-03-19 00:15:00"
"613104",18,"23.14","2021-03-19 00:30:00"
"618656",18,"15.35","2021-04-22 06:30:00"
"618710",18,"15.43","2021-04-22 06:45:00"
"618764",18,"15.42","2021-04-22 07:00:00"
"618782",18,"12.66","2021-07-11 08:30:00"
"618836",18,"14.02","2021-07-11 08:45:00"
"618890",18,"15.39","2021-07-11 09:00:00"
"618944",18,"16.03","2021-07-11 09:15:00"
"618998",18,"17.74","2021-07-11 09:30:00"
"619062",18,"19.24","2021-07-11 09:45:00"
"619138",18,"20.52","2021-07-11 10:00:00"
"619220",18,"21.67","2021-07-11 10:15:00"
"620698",18,"32.08","2021-03-19 12:15:00"
"620782",18,"32.08","2021-03-19 12:30:00"
"620857",18,"33.18","2021-03-19 12:45:00"
"622804",18,"33.55","2021-03-19 13:00:00"
"622858",18,"34.49","2021-03-19 13:15:00"
"620926",18,"16.19","2021-04-22 07:45:00"
"621022",18,"16.99","2021-04-22 08:00:00"
"621200",18,"18.54","2021-04-22 08:15:00"
"621191",18,"16.84","2021-05-31 07:00:00"
"621273",18,"16.86","2021-05-31 07:15:00"
"622372",18,"19.57","2021-05-31 10:45:00"
"623889",18,"20.52","2021-05-31 11:00:00"
"624139",18,"20.46","2021-05-31 11:15:00"
"622520",18,"30.32","2021-04-22 10:30:00"
"622574",18,"31.19","2021-04-22 10:45:00"
"622628",18,"31.97","2021-04-22 11:00:00"
"622682",18,"32.99","2021-04-22 11:15:00"
"622736",18,"34.02","2021-04-22 11:30:00"
"623796",18,"35.01","2021-04-22 11:45:00"
"623983",18,"35.67","2021-04-22 12:00:00"
"624151",18,"36.7","2021-04-22 12:15:00"
"624317",18,"37.3","2021-04-22 12:30:00"
"624482",18,"37.38","2021-04-22 12:45:00"
"624444",18,"20.02","2021-05-31 11:30:00"
"624734",18,"19.92","2021-05-31 11:45:00"
"624550",18,"26.49","2021-07-11 17:00:00"
"624711",18,"25.49","2021-07-11 17:15:00"
"624661",18,"37.67","2021-04-22 13:00:00"
"624853",18,"37.79","2021-04-22 13:15:00"
"625820",18,"32.87","2021-03-19 16:45:00"
"626006",18,"33.32","2021-03-19 17:00:00"
"626213",18,"33.31","2021-03-19 17:15:00"
"625960",18,"34.41","2021-04-22 15:30:00"
"626083",18,"35.72","2021-04-22 15:45:00"
"626192",18,"35.71","2021-04-22 16:00:00"
"626040",18,"25.23","2021-05-31 13:15:00"
"626240",18,"25.35","2021-05-31 13:30:00"
"626387",18,"24.39","2021-05-31 13:45:00"
"626313",18,"35.54","2021-04-22 16:15:00"
"626831",18,"35.41","2021-04-22 16:30:00"
"626902",18,"34.41","2021-04-22 16:45:00"
"626993",18,"32.84","2021-04-22 17:00:00"
"627068",18,"30.88","2021-04-22 17:15:00"
"627119",18,"21.09","2021-07-11 18:15:00"
"627291",18,"20.23","2021-07-11 18:30:00"
"627149",18,"29.92","2021-04-22 17:30:00"
"627226",18,"29","2021-04-22 17:45:00"
"627307",18,"27.83","2021-04-22 18:00:00"
"627391",18,"26.76","2021-04-22 18:15:00"
"627465",18,"25.89","2021-04-22 18:30:00"
"628521",18,"15.61","2021-07-11 21:15:00"
"628590",18,"15.32","2021-07-11 21:30:00"
"628644",18,"15.03","2021-07-11 21:45:00"
"628698",18,"14.68","2021-07-11 22:00:00"
"628752",18,"14.37","2021-07-11 22:15:00"
"631143",18,"14.12","2021-07-11 22:30:00"
"631262",18,"13.92","2021-07-11 22:45:00"
"628884",18,"23.19","2021-05-31 16:00:00"
"628938",18,"23.5","2021-05-31 16:15:00"
"630154",18,"27.63","2021-03-19 19:15:00"
"630208",18,"27.29","2021-03-19 19:30:00"
"630262",18,"26.98","2021-03-19 19:45:00"
"630316",18,"26.66","2021-03-19 20:00:00"
"630370",18,"26.32","2021-03-19 20:15:00"
"630424",18,"26.01","2021-03-19 20:30:00"
"630478",18,"25.77","2021-03-19 20:45:00"
"630532",18,"25.56","2021-03-19 21:00:00"
"630586",18,"25.4","2021-03-19 21:15:00"
"630640",18,"25.38","2021-03-19 21:30:00"
"630694",18,"25.32","2021-03-19 21:45:00"
"631366",18,"13.73","2021-07-11 23:00:00"
"631459",18,"13.69","2021-07-11 23:15:00"
"631561",18,"13.69","2021-07-11 23:30:00"
"631578",18,"19.23","2021-04-22 23:30:00"
"631679",18,"19.07","2021-04-22 23:45:00"
"631676",18,"13.5","2021-07-11 23:45:00"
"631802",18,"13.25","2021-07-12 00:00:00"
"631910",18,"12.99","2021-07-12 00:15:00"
"631769",18,"18.88","2021-04-23 00:00:00"
"631877",18,"18.74","2021-04-23 00:15:00"
"631993",18,"18.63","2021-04-23 00:30:00"
"632964",18,"16.75","2021-05-31 21:00:00"
"633018",18,"16.54","2021-05-31 21:15:00"
"633072",18,"16.36","2021-05-31 21:30:00"
"633126",18,"16.22","2021-05-31 21:45:00"
"633180",18,"16.14","2021-05-31 22:00:00"
"633234",18,"15.93","2021-05-31 22:15:00"
"633288",18,"15.7","2021-05-31 22:30:00"
"633342",18,"15.74","2021-05-31 22:45:00"
"633396",18,"15.82","2021-05-31 23:00:00"
"633458",18,"15.75","2021-05-31 23:15:00"
"634644",18,"17.34","2021-04-23 02:30:00"
"634793",18,"17.07","2021-04-23 02:45:00"
"634981",18,"16.77","2021-04-23 03:00:00"
"634724",18,"10.83","2021-07-12 04:15:00"
"634880",18,"10.76","2021-07-12 04:30:00"
"634892",18,"23.64","2021-03-20 00:30:00"
"635049",18,"23.6","2021-03-20 00:45:00"
"635036",18,"10.66","2021-07-12 04:45:00"
"635208",18,"10.55","2021-07-12 05:00:00"
"635372",18,"10.44","2021-07-12 05:15:00"
"636315",18,"9.96","2021-07-12 06:45:00"
"636409",18,"9.87","2021-07-12 07:00:00"
"592601",18,"20.74","2021-03-18 01:15:00"
"592731",18,"10.09","2021-07-10 04:15:00"
"592917",18,"9.98","2021-07-10 04:30:00"
"593788",18,"9.85","2021-07-10 04:45:00"
"593869",18,"9.8","2021-07-10 05:00:00"
"593969",18,"9.68","2021-07-10 05:15:00"
"594021",18,"21.38","2021-04-20 23:00:00"
"594166",18,"21.39","2021-04-20 23:15:00"
"594162",18,"9.59","2021-07-10 05:30:00"
"594315",18,"9.51","2021-07-10 05:45:00"
"594495",18,"9.37","2021-07-10 06:00:00"
"594241",18,"18.91","2021-05-30 03:00:00"
"594394",18,"18.96","2021-05-30 03:15:00"
"594557",18,"19.02","2021-05-30 03:30:00"
"595000",18,"9.2","2021-07-10 06:45:00"
"595157",18,"9.13","2021-07-10 07:00:00"
"595304",18,"9.13","2021-07-10 07:15:00"
"595068",18,"18.73","2021-05-30 04:15:00"
"595216",18,"18.63","2021-05-30 04:30:00"
"595402",18,"18.59","2021-05-30 04:45:00"
"595096",18,"20.22","2021-04-21 00:45:00"
"595279",18,"19.93","2021-04-21 01:00:00"
"595423",18,"19.67","2021-04-21 01:15:00"
"595462",18,"9.2","2021-07-10 07:30:00"
"595656",18,"9.45","2021-07-10 07:45:00"
"596167",18,"18.01","2021-05-30 05:45:00"
"596404",18,"17.76","2021-05-30 06:00:00"
"596271",18,"18.74","2021-04-21 02:15:00"
"596473",18,"18.53","2021-04-21 02:30:00"
"596418",18,"21.31","2021-03-18 05:30:00"
"596611",18,"21.35","2021-03-18 05:45:00"
"596548",18,"13.16","2021-07-10 08:45:00"
"596767",18,"14.41","2021-07-10 09:00:00"
"597176",18,"17.38","2021-05-30 07:00:00"
"597892",18,"17.32","2021-05-30 07:15:00"
"597270",18,"20.71","2021-03-18 06:45:00"
"597324",18,"20.67","2021-03-18 07:00:00"
"597378",18,"20.75","2021-03-18 07:15:00"
"597432",18,"20.96","2021-03-18 07:30:00"
"597486",18,"21.09","2021-03-18 07:45:00"
"597540",18,"21.12","2021-03-18 08:00:00"
"597594",18,"21.32","2021-03-18 08:15:00"
"598180",18,"19.33","2021-07-10 10:00:00"
"598331",18,"20.61","2021-07-10 10:15:00"
"598513",18,"21.86","2021-07-10 10:30:00"
"598249",18,"17.46","2021-04-21 04:00:00"
"598410",18,"17.21","2021-04-21 04:15:00"
"598547",18,"16.94","2021-04-21 04:30:00"
"598536",18,"16.92","2021-05-30 08:15:00"
"598706",18,"16.96","2021-05-30 08:30:00"
"598658",18,"22.98","2021-07-10 10:45:00"
"598815",18,"24.23","2021-07-10 11:00:00"
"599869",18,"28.86","2021-03-18 09:45:00"
"600075",18,"29.85","2021-03-18 10:00:00"
"600322",18,"30.89","2021-03-18 10:15:00"
"599967",18,"29.91","2021-07-10 12:30:00"
"600174",18,"30.52","2021-07-10 12:45:00"
"600401",18,"31.03","2021-07-10 13:00:00"
"600007",18,"15.54","2021-04-21 06:30:00"
"600221",18,"15.41","2021-04-21 06:45:00"
"600428",18,"15.46","2021-04-21 07:00:00"
"600447",18,"16.85","2021-05-30 10:45:00"
"600664",18,"17.06","2021-05-30 11:00:00"
"600891",18,"17.14","2021-05-30 11:15:00"
"601512",18,"36.75","2021-03-18 12:30:00"
"601566",18,"35.51","2021-03-18 12:45:00"
"601620",18,"33.38","2021-03-18 13:00:00"
"601674",18,"33.8","2021-03-18 13:15:00"
"601728",18,"34.43","2021-03-18 13:30:00"
"603275",18,"33.66","2021-03-18 13:45:00"
"603506",18,"33.89","2021-03-18 14:00:00"
"603748",18,"33.88","2021-03-18 14:15:00"
"601908",18,"17.06","2021-05-30 12:00:00"
"602093",18,"17.25","2021-05-30 12:15:00"
"602258",18,"17.47","2021-05-30 12:30:00"
"603233",18,"28.97","2021-04-21 10:15:00"
"603384",18,"17.36","2021-05-30 14:00:00"
"603387",18,"26.79","2021-07-10 16:30:00"
"603568",18,"17.39","2021-05-30 14:15:00"
"603765",18,"17.37","2021-05-30 14:30:00"
"603434",18,"30.26","2021-04-21 10:30:00"
"603632",18,"31.73","2021-04-21 10:45:00"
"603902",18,"32.56","2021-04-21 11:00:00"
"603614",18,"25.82","2021-07-10 16:45:00"
"603804",18,"24.63","2021-07-10 17:00:00"
"604946",18,"37.93","2021-04-21 12:30:00"
"605044",18,"20.6","2021-07-10 18:15:00"
"605077",18,"17.22","2021-05-30 16:15:00"
"605185",18,"36.04","2021-03-18 15:45:00"
"605268",18,"35.5","2021-03-18 16:00:00"
"605322",18,"35.35","2021-03-18 16:15:00"
"605198",18,"19.82","2021-07-10 18:30:00"
"606675",18,"19.17","2021-07-10 18:45:00"
"605376",18,"35.03","2021-03-18 16:30:00"
"605430",18,"34.67","2021-03-18 16:45:00"
"607028",18,"17.5","2021-07-10 19:45:00"
"607082",18,"17.08","2021-07-10 20:00:00"
"607136",18,"16.65","2021-07-10 20:15:00"
"607190",18,"16.29","2021-07-10 20:30:00"
"607244",18,"16.05","2021-07-10 20:45:00"
"607328",18,"17.27","2021-05-30 16:30:00"
"607439",18,"17.24","2021-05-30 16:45:00"
"607553",18,"17.15","2021-05-30 17:00:00"
"607323",18,"15.84","2021-07-10 21:00:00"
"607427",18,"15.63","2021-07-10 21:15:00"
"607530",18,"15.56","2021-07-10 21:30:00"
"608618",18,"16.76","2021-05-30 20:15:00"
"608672",18,"16.77","2021-05-30 20:30:00"
"608726",18,"16.77","2021-05-30 20:45:00"
"608780",18,"16.81","2021-05-30 21:00:00"
"611834",18,"16.84","2021-05-30 21:15:00"
"608916",18,"28.19","2021-03-18 19:00:00"
"608970",18,"27.91","2021-03-18 19:15:00"
"609024",18,"27.59","2021-03-18 19:30:00"
"609078",18,"27.25","2021-03-18 19:45:00"
"609132",18,"26.92","2021-03-18 20:00:00"
"610334",18,"24.35","2021-04-21 19:45:00"
"610388",18,"24.06","2021-04-21 20:00:00"
"610442",18,"23.76","2021-04-21 20:15:00"
"610496",18,"23.48","2021-04-21 20:30:00"
"610550",18,"23.2","2021-04-21 20:45:00"
"610604",18,"22.88","2021-04-21 21:00:00"
"610658",18,"22.61","2021-04-21 21:15:00"
"610712",18,"22.35","2021-04-21 21:30:00"
"610766",18,"22.3","2021-04-21 21:45:00"
"613820",18,"22.35","2021-04-21 22:00:00"
"612050",18,"16.88","2021-05-30 22:15:00"
"612104",18,"16.75","2021-05-30 22:30:00"
"612158",18,"16.67","2021-05-30 22:45:00"
"612212",18,"16.64","2021-05-30 23:00:00"
"612266",18,"16.62","2021-05-30 23:15:00"
"612320",18,"16.64","2021-05-30 23:30:00"
"612374",18,"16.64","2021-05-30 23:45:00"
"612428",18,"16.64","2021-05-31 00:00:00"
"612482",18,"16.64","2021-05-31 00:15:00"
"612536",18,"16.66","2021-05-31 00:30:00"
"613698",18,"22.14","2021-03-19 03:15:00"
"613752",18,"22.03","2021-03-19 03:30:00"
"615556",18,"21.93","2021-03-19 03:45:00"
"613874",18,"21.99","2021-04-21 22:15:00"
"613928",18,"22.02","2021-04-21 22:30:00"
"613982",18,"21.83","2021-04-21 22:45:00"
"614036",18,"21.36","2021-04-21 23:00:00"
"614090",18,"21.03","2021-04-21 23:15:00"
"614144",18,"20.75","2021-04-21 23:30:00"
"614198",18,"20.52","2021-04-21 23:45:00"
"614252",18,"20.31","2021-04-22 00:00:00"
"614810",18,"11.27","2021-07-11 04:00:00"
"614864",18,"11.11","2021-07-11 04:15:00"
"614918",18,"10.93","2021-07-11 04:30:00"
"614972",18,"10.76","2021-07-11 04:45:00"
"615026",18,"10.68","2021-07-11 05:00:00"
"615080",18,"10.61","2021-07-11 05:15:00"
"615134",18,"10.53","2021-07-11 05:30:00"
"615188",18,"10.4","2021-07-11 05:45:00"
"615242",18,"10.32","2021-07-11 06:00:00"
"615296",18,"10.29","2021-07-11 06:15:00"
"615901",18,"16.74","2021-05-31 02:00:00"
"616072",18,"16.76","2021-05-31 02:15:00"
"616213",18,"16.77","2021-05-31 02:30:00"
"615951",18,"21.58","2021-03-19 04:30:00"
"616104",18,"21.49","2021-03-19 04:45:00"
"616305",18,"21.41","2021-03-19 05:00:00"
"616325",18,"16.76","2021-05-31 02:45:00"
"616407",18,"16.72","2021-05-31 03:00:00"
"616449",18,"21.34","2021-03-19 05:15:00"
"616536",18,"21.27","2021-03-19 05:30:00"
"616619",18,"21.2","2021-03-19 05:45:00"
"617156",18,"16.81","2021-05-31 04:30:00"
"617283",18,"16.82","2021-05-31 04:45:00"
"617195",18,"21.1","2021-03-19 07:15:00"
"617296",18,"21.26","2021-03-19 07:30:00"
"617394",18,"16.83","2021-05-31 05:00:00"
"617498",18,"16.82","2021-05-31 05:15:00"
"617595",18,"16.82","2021-05-31 05:30:00"
"617405",18,"21.43","2021-03-19 07:45:00"
"617514",18,"21.64","2021-03-19 08:00:00"
"617628",18,"22.06","2021-03-19 08:15:00"
"618116",18,"16.91","2021-04-22 04:00:00"
"618170",18,"16.79","2021-04-22 04:15:00"
"618224",18,"16.58","2021-04-22 04:30:00"
"618278",18,"16.31","2021-04-22 04:45:00"
"618332",18,"16.18","2021-04-22 05:00:00"
"618386",18,"16.01","2021-04-22 05:15:00"
"618440",18,"15.84","2021-04-22 05:30:00"
"618494",18,"15.68","2021-04-22 05:45:00"
"618548",18,"15.54","2021-04-22 06:00:00"
"618602",18,"15.46","2021-04-22 06:15:00"
"619679",18,"28.42","2021-07-11 11:45:00"
"619763",18,"29.49","2021-07-11 12:00:00"
"619841",18,"30.25","2021-07-11 12:15:00"
"619922",18,"30.75","2021-07-11 12:30:00"
"620000",18,"31.35","2021-07-11 12:45:00"
"620061",18,"26.63","2021-03-19 09:45:00"
"620156",18,"28.04","2021-03-19 10:00:00"
"620210",18,"28.97","2021-03-19 10:15:00"
"620095",18,"31.92","2021-07-11 13:00:00"
"622959",18,"32.3","2021-07-11 13:15:00"
"623026",18,"32.4","2021-07-11 13:30:00"
"621369",18,"20.15","2021-04-22 08:30:00"
"621544",18,"21.5","2021-04-22 08:45:00"
"621708",18,"22.88","2021-04-22 09:00:00"
"621348",18,"16.9","2021-05-31 07:30:00"
"621428",18,"16.95","2021-05-31 07:45:00"
"621504",18,"17.02","2021-05-31 08:00:00"
"621591",18,"17.12","2021-05-31 08:15:00"
"621667",18,"17.23","2021-05-31 08:30:00"
"621742",18,"17.43","2021-05-31 08:45:00"
"621888",18,"24.09","2021-04-22 09:15:00"
"622071",18,"25.15","2021-04-22 09:30:00"
"622912",18,"33.85","2021-03-19 13:30:00"
"623092",18,"32.85","2021-03-19 13:45:00"
"623259",18,"33.26","2021-03-19 14:00:00"
"623106",18,"31.86","2021-07-11 13:45:00"
"623188",18,"30.49","2021-07-11 14:00:00"
"623268",18,"29.86","2021-07-11 14:15:00"
"623340",18,"29.36","2021-07-11 14:30:00"
"623412",18,"28.13","2021-07-11 14:45:00"
"623448",18,"32.97","2021-03-19 14:15:00"
"623610",18,"33.36","2021-03-19 14:30:00"
"623793",18,"33.5","2021-03-19 14:45:00"
"624717",18,"34.28","2021-03-19 15:30:00"
"624975",18,"34.2","2021-03-19 15:45:00"
"625193",18,"34.9","2021-03-19 16:00:00"
"624880",18,"24.37","2021-07-11 17:30:00"
"625057",18,"23.22","2021-07-11 17:45:00"
"626951",18,"22.09","2021-07-11 18:00:00"
"625012",18,"36.85","2021-04-22 13:30:00"
"625143",18,"35.59","2021-04-22 13:45:00"
"625266",18,"35.37","2021-04-22 14:00:00"
"625058",18,"20.42","2021-05-31 12:00:00"
"625243",18,"21.49","2021-05-31 12:15:00"
"625429",18,"22.67","2021-05-31 12:30:00"
"626400",18,"32.64","2021-03-19 17:30:00"
"629577",18,"31.66","2021-03-19 17:45:00"
"626452",18,"24.15","2021-05-31 14:00:00"
"626506",18,"23.69","2021-05-31 14:15:00"
"626560",18,"23.32","2021-05-31 14:30:00"
"626614",18,"23.22","2021-05-31 14:45:00"
"626668",18,"22.83","2021-05-31 15:00:00"
"626722",18,"22.89","2021-05-31 15:15:00"
"626776",18,"22.89","2021-05-31 15:30:00"
"628830",18,"22.91","2021-05-31 15:45:00"
"628085",18,"22.83","2021-04-22 20:00:00"
"628205",18,"22.44","2021-04-22 20:15:00"
"628326",18,"22.09","2021-04-22 20:30:00"
"628033",18,"17.1","2021-07-11 20:00:00"
"628134",18,"16.71","2021-07-11 20:15:00"
"628231",18,"16.39","2021-07-11 20:30:00"
"628329",18,"16.07","2021-07-11 20:45:00"
"628417",18,"15.89","2021-07-11 21:00:00"
"628451",18,"21.73","2021-04-22 20:45:00"
"630788",18,"21.41","2021-04-22 21:00:00"
"630842",18,"21.13","2021-04-22 21:15:00"
"629586",18,"19.79","2021-05-31 19:00:00"
"629716",18,"19.4","2021-05-31 19:15:00"
"629840",18,"18.97","2021-05-31 19:30:00"
"629665",18,"30.68","2021-03-19 18:00:00"
"629771",18,"29.84","2021-03-19 18:15:00"
"629863",18,"29.1","2021-03-19 18:30:00"
"629937",18,"18.67","2021-05-31 19:45:00"
"630044",18,"18.18","2021-05-31 20:00:00"
"632802",18,"17.71","2021-05-31 20:15:00"
"629983",18,"28.46","2021-03-19 18:45:00"
"630089",18,"28","2021-03-19 19:00:00"
"632010",18,"12.79","2021-07-12 00:30:00"
"632112",18,"12.64","2021-07-12 00:45:00"
"632107",18,"18.46","2021-04-23 00:45:00"
"632211",18,"18.34","2021-04-23 01:00:00"
"632224",18,"12.5","2021-07-12 01:00:00"
"632337",18,"12.31","2021-07-12 01:15:00"
"632445",18,"12.15","2021-07-12 01:30:00"
"632314",18,"18.18","2021-04-23 01:15:00"
"632423",18,"17.97","2021-04-23 01:30:00"
"634066",18,"17.73","2021-04-23 01:45:00"
"633564",18,"15.67","2021-05-31 23:30:00"
"633668",18,"15.44","2021-05-31 23:45:00"
"633777",18,"15.18","2021-06-01 00:00:00"
"633599",18,"24.96","2021-03-19 22:30:00"
"633707",18,"24.73","2021-03-19 22:45:00"
"633821",18,"24.51","2021-03-19 23:00:00"
"633884",18,"15.01","2021-06-01 00:15:00"
"634139",18,"14.97","2021-06-01 00:30:00"
"634018",18,"24.31","2021-03-19 23:15:00"
"634191",18,"24.09","2021-03-19 23:30:00"
"635140",18,"16.58","2021-04-23 03:15:00"
"635286",18,"16.4","2021-04-23 03:30:00"
"635219",18,"23.52","2021-03-20 01:00:00"
"635379",18,"23.4","2021-03-20 01:15:00"
"635554",18,"23.21","2021-03-20 01:30:00"
"635452",18,"16.18","2021-04-23 03:45:00"
"635597",18,"16.1","2021-04-23 04:00:00"
"635764",18,"16","2021-04-23 04:15:00"
"636510",18,"9.83","2021-07-12 07:15:00"
"636461",18,"15.55","2021-04-23 05:15:00"
"636567",18,"15.41","2021-04-23 05:30:00"
"636625",18,"9.88","2021-07-12 07:30:00"
"636953",18,"10.12","2021-07-12 07:45:00"
"636674",18,"15.19","2021-04-23 05:45:00"
"636732",18,"15.13","2021-04-23 06:00:00"
"636977",18,"15.11","2021-04-23 06:15:00"
"642362",18,"37.21","2021-04-23 15:00:00"
"642468",18,"37.45","2021-04-23 15:15:00"
"644784",18,"37.31","2021-04-23 15:30:00"
"642495",18,"28.78","2021-07-12 15:45:00"
"642586",18,"28.66","2021-07-12 16:00:00"
"642640",18,"28.09","2021-07-12 16:15:00"
"642694",18,"27.76","2021-07-12 16:30:00"
"642748",18,"27.19","2021-07-12 16:45:00"
"644948",18,"26.46","2021-07-12 17:00:00"
"645052",18,"25.61","2021-07-12 17:15:00"
"643966",18,"17.68","2021-06-01 09:30:00"
"644060",18,"18.46","2021-06-01 09:45:00"
"644167",18,"19.05","2021-06-01 10:00:00"
"645863",18,"19.66","2021-06-01 10:15:00"
"645987",18,"20.19","2021-06-01 10:30:00"
"644232",18,"27.96","2021-03-20 09:30:00"
"644286",18,"29.09","2021-03-20 09:45:00"
"644340",18,"30.11","2021-03-20 10:00:00"
"644394",18,"31.22","2021-03-20 10:15:00"
"644448",18,"32.2","2021-03-20 10:30:00"
"645643",18,"28.56","2021-04-23 17:45:00"
"645750",18,"27.61","2021-04-23 18:00:00"
"645837",18,"19.24","2021-07-12 19:00:00"
"646029",18,"18.75","2021-07-12 19:15:00"
"645940",18,"26.45","2021-04-23 18:15:00"
"646146",18,"25.43","2021-04-23 18:30:00"
"646300",18,"24.59","2021-04-23 18:45:00"
"646109",18,"21.48","2021-06-01 10:45:00"
"646278",18,"21.57","2021-06-01 11:00:00"
"646465",18,"22.09","2021-06-01 11:15:00"
"648810",18,"21.62","2021-04-23 20:15:00"
"648864",18,"21.21","2021-04-23 20:30:00"
"647512",18,"17","2021-07-12 20:45:00"
"647649",18,"16.64","2021-07-12 21:00:00"
"647810",18,"16.37","2021-07-12 21:15:00"
"647833",18,"36.9","2021-03-20 14:00:00"
"647855",18,"24.92","2021-06-01 13:15:00"
"647574",18,"24.08","2021-06-01 12:45:00"
"647730",18,"24.67","2021-06-01 13:00:00"
"648368",18,"24.28","2021-06-01 14:15:00"
"648475",18,"24.18","2021-06-01 14:30:00"
"648515",18,"38.15","2021-03-20 15:30:00"
"648582",18,"38.26","2021-03-20 15:45:00"
"648636",18,"38.29","2021-03-20 16:00:00"
"649162",18,"23.92","2021-06-01 14:45:00"
"649244",18,"23.69","2021-06-01 15:00:00"
"649332",18,"23.49","2021-06-01 15:15:00"
"648690",18,"38.25","2021-03-20 16:15:00"
"648744",18,"38.1","2021-03-20 16:30:00"
"650721",18,"18.46","2021-04-24 00:00:00"
"650994",18,"18.25","2021-04-24 00:15:00"
"651226",18,"18.11","2021-04-24 00:30:00"
"650870",18,"15.26","2021-07-12 22:15:00"
"651038",18,"15.18","2021-07-12 22:30:00"
"651031",18,"34.53","2021-03-20 17:30:00"
"651311",18,"33.8","2021-03-20 17:45:00"
"651131",18,"17.36","2021-06-01 19:15:00"
"652824",18,"17.03","2021-06-01 19:30:00"
"652878",18,"16.76","2021-06-01 19:45:00"
"652276",18,"12.59","2021-07-13 02:00:00"
"653800",18,"12.53","2021-07-13 02:15:00"
"653854",18,"12.46","2021-07-13 02:30:00"
"652392",18,"27.32","2021-03-20 19:30:00"
"652446",18,"27.01","2021-03-20 19:45:00"
"652500",18,"26.73","2021-03-20 20:00:00"
"652554",18,"26.47","2021-03-20 20:15:00"
"652608",18,"26.19","2021-03-20 20:30:00"
"652662",18,"25.93","2021-03-20 20:45:00"
"652716",18,"25.69","2021-03-20 21:00:00"
"653908",18,"12.39","2021-07-13 02:45:00"
"653962",18,"12.27","2021-07-13 03:00:00"
"654022",18,"12.18","2021-07-13 03:15:00"
"654076",18,"12.05","2021-07-13 03:30:00"
"654130",18,"11.91","2021-07-13 03:45:00"
"654184",18,"11.74","2021-07-13 04:00:00"
"654238",18,"11.59","2021-07-13 04:15:00"
"654292",18,"11.44","2021-07-13 04:30:00"
"654346",18,"11.28","2021-07-13 04:45:00"
"654407",18,"11.21","2021-07-13 05:00:00"
"655667",18,"24.46","2021-03-20 22:30:00"
"655766",18,"24.28","2021-03-20 22:45:00"
"655832",18,"24.14","2021-03-20 23:00:00"
"655717",18,"16.92","2021-04-24 03:45:00"
"655880",18,"16.64","2021-04-24 04:00:00"
"656048",18,"16.29","2021-04-24 04:15:00"
"655922",18,"24.01","2021-03-20 23:15:00"
"655999",18,"23.88","2021-03-20 23:30:00"
"656084",18,"23.75","2021-03-20 23:45:00"
"656165",18,"23.63","2021-03-21 00:00:00"
"656243",18,"23.57","2021-03-21 00:15:00"
"656719",18,"22.96","2021-03-21 01:45:00"
"657353",18,"22.88","2021-03-21 02:00:00"
"657521",18,"22.78","2021-03-21 02:15:00"
"656850",18,"14.11","2021-06-02 00:15:00"
"656904",18,"13.91","2021-06-02 00:30:00"
"656958",18,"13.76","2021-06-02 00:45:00"
"657012",18,"13.69","2021-06-02 01:00:00"
"657066",18,"13.68","2021-06-02 01:15:00"
"657120",18,"13.65","2021-06-02 01:30:00"
"657174",18,"13.62","2021-06-02 01:45:00"
"657228",18,"13.68","2021-06-02 02:00:00"
"657884",18,"14.49","2021-06-02 03:00:00"
"658190",18,"14.64","2021-06-02 03:15:00"
"658042",18,"22.49","2021-03-21 03:00:00"
"658197",18,"22.38","2021-03-21 03:15:00"
"658362",18,"22.28","2021-03-21 03:30:00"
"658174",18,"14.9","2021-04-24 06:30:00"
"658339",18,"14.89","2021-04-24 06:45:00"
"658459",18,"10.76","2021-07-13 07:45:00"
"658740",18,"11.07","2021-07-13 08:00:00"
"659012",18,"11.7","2021-07-13 08:15:00"
"659379",18,"19.41","2021-04-24 08:15:00"
"659531",18,"19.69","2021-04-24 08:30:00"
"659692",18,"20.97","2021-04-24 08:45:00"
"659750",18,"22.25","2021-03-21 05:30:00"
"659865",18,"22.24","2021-03-21 05:45:00"
"660000",18,"22.17","2021-03-21 06:00:00"
"659856",18,"22.18","2021-04-24 09:00:00"
"659990",18,"23.69","2021-04-24 09:15:00"
"659897",18,"15.61","2021-07-13 09:00:00"
"660147",18,"16.35","2021-07-13 09:15:00"
"613320",18,"23.22","2021-03-19 01:30:00"
"613374",18,"23.14","2021-03-19 01:45:00"
"613428",18,"22.93","2021-03-19 02:00:00"
"613482",18,"22.72","2021-03-19 02:15:00"
"613536",18,"22.55","2021-03-19 02:30:00"
"613590",18,"22.39","2021-03-19 02:45:00"
"613644",18,"22.26","2021-03-19 03:00:00"
"614306",18,"20.11","2021-04-22 00:15:00"
"614360",18,"19.88","2021-04-22 00:30:00"
"614414",18,"19.66","2021-04-22 00:45:00"
"614468",18,"19.45","2021-04-22 01:00:00"
"614522",18,"19.23","2021-04-22 01:15:00"
"614576",18,"19.03","2021-04-22 01:30:00"
"614630",18,"18.83","2021-04-22 01:45:00"
"614684",18,"18.61","2021-04-22 02:00:00"
"614738",18,"18.43","2021-04-22 02:15:00"
"617792",18,"18.26","2021-04-22 02:30:00"
"615350",18,"10.23","2021-07-11 06:30:00"
"615404",18,"10.15","2021-07-11 06:45:00"
"615458",18,"10.04","2021-07-11 07:00:00"
"615524",18,"9.97","2021-07-11 07:15:00"
"615629",18,"10.02","2021-07-11 07:30:00"
"615810",18,"10.24","2021-07-11 07:45:00"
"615664",18,"21.78","2021-03-19 04:00:00"
"615802",18,"21.66","2021-03-19 04:15:00"
"615973",18,"10.65","2021-07-11 08:00:00"
"616133",18,"11.42","2021-07-11 08:15:00"
"616528",18,"16.7","2021-05-31 03:15:00"
"616664",18,"16.73","2021-05-31 03:30:00"
"616727",18,"21.13","2021-03-19 06:00:00"
"616844",18,"21.07","2021-03-19 06:15:00"
"616777",18,"16.76","2021-05-31 03:45:00"
"616872",18,"16.77","2021-05-31 04:00:00"
"616988",18,"16.8","2021-05-31 04:15:00"
"616944",18,"21.01","2021-03-19 06:30:00"
"617035",18,"20.97","2021-03-19 06:45:00"
"617108",18,"21.01","2021-03-19 07:00:00"
"617670",18,"16.82","2021-05-31 05:45:00"
"617724",18,"16.83","2021-05-31 06:00:00"
"617778",18,"16.83","2021-05-31 06:15:00"
"621036",18,"16.82","2021-05-31 06:30:00"
"621112",18,"16.82","2021-05-31 06:45:00"
"617846",18,"18.08","2021-04-22 02:45:00"
"617900",18,"17.8","2021-04-22 03:00:00"
"617954",18,"17.45","2021-04-22 03:15:00"
"618008",18,"17.2","2021-04-22 03:30:00"
"618062",18,"17.07","2021-04-22 03:45:00"
"619190",18,"22.79","2021-03-19 08:30:00"
"619386",18,"23.91","2021-03-19 08:45:00"
"619563",18,"25.26","2021-03-19 09:00:00"
"619293",18,"22.83","2021-07-11 10:30:00"
"619368",18,"23.95","2021-07-11 10:45:00"
"619443",18,"25.12","2021-07-11 11:00:00"
"619522",18,"26.25","2021-07-11 11:15:00"
"619600",18,"27.28","2021-07-11 11:30:00"
"619727",18,"25.8","2021-03-19 09:15:00"
"619897",18,"26.06","2021-03-19 09:30:00"
"620264",18,"29.92","2021-03-19 10:30:00"
"620318",18,"29.46","2021-03-19 10:45:00"
"620372",18,"30.26","2021-03-19 11:00:00"
"620426",18,"30.23","2021-03-19 11:15:00"
"620480",18,"30.98","2021-03-19 11:30:00"
"620541",18,"31.44","2021-03-19 11:45:00"
"620619",18,"31.36","2021-03-19 12:00:00"
"620641",18,"15.55","2021-04-22 07:15:00"
"620803",18,"15.85","2021-04-22 07:30:00"
"621822",18,"17.47","2021-05-31 09:00:00"
"621899",18,"17.7","2021-05-31 09:15:00"
"621977",18,"18.03","2021-05-31 09:30:00"
"622052",18,"18.33","2021-05-31 09:45:00"
"622131",18,"18.85","2021-05-31 10:00:00"
"622212",18,"18.84","2021-05-31 10:15:00"
"622289",18,"18.97","2021-05-31 10:30:00"
"622238",18,"26.33","2021-04-22 09:45:00"
"622405",18,"27.67","2021-04-22 10:00:00"
"622466",18,"29.1","2021-04-22 10:15:00"
"623495",18,"26.84","2021-07-11 15:00:00"
"623578",18,"27.37","2021-07-11 15:15:00"
"623655",18,"28.37","2021-07-11 15:30:00"
"623734",18,"28.68","2021-07-11 15:45:00"
"623853",18,"28.53","2021-07-11 16:00:00"
"624125",18,"33.66","2021-03-19 15:00:00"
"624413",18,"33.61","2021-03-19 15:15:00"
"624007",18,"28.34","2021-07-11 16:15:00"
"624203",18,"27.86","2021-07-11 16:30:00"
"624368",18,"27.27","2021-07-11 16:45:00"
"625420",18,"34.77","2021-03-19 16:15:00"
"625613",18,"33.26","2021-03-19 16:30:00"
"625378",18,"34.7","2021-04-22 14:15:00"
"625509",18,"35","2021-04-22 14:30:00"
"625622",18,"35.45","2021-04-22 14:45:00"
"625619",18,"22.73","2021-05-31 12:45:00"
"625812",18,"23.75","2021-05-31 13:00:00"
"625748",18,"35.62","2021-04-22 15:00:00"
"625858",18,"35.64","2021-04-22 15:15:00"
"627460",18,"19.5","2021-07-11 18:45:00"
"627654",18,"18.86","2021-07-11 19:00:00"
"627776",18,"18.26","2021-07-11 19:15:00"
"627545",18,"25.21","2021-04-22 18:45:00"
"627613",18,"24.6","2021-04-22 19:00:00"
"627693",18,"24.09","2021-04-22 19:15:00"
"627803",18,"23.65","2021-04-22 19:30:00"
"627917",18,"23.23","2021-04-22 19:45:00"
"627878",18,"17.83","2021-07-11 19:30:00"
"627972",18,"17.52","2021-07-11 19:45:00"
"628992",18,"23.16","2021-05-31 16:30:00"
"629046",18,"22.61","2021-05-31 16:45:00"
"629100",18,"22.03","2021-05-31 17:00:00"
"629154",18,"21.64","2021-05-31 17:15:00"
"629208",18,"21.4","2021-05-31 17:30:00"
"629262",18,"20.96","2021-05-31 17:45:00"
"629316",18,"20.55","2021-05-31 18:00:00"
"629370",18,"20.35","2021-05-31 18:15:00"
"629424",18,"20.17","2021-05-31 18:30:00"
"629480",18,"19.98","2021-05-31 18:45:00"
"630748",18,"25.21","2021-03-19 22:00:00"
"633486",18,"25.12","2021-03-19 22:15:00"
"630896",18,"20.83","2021-04-22 21:30:00"
"630950",18,"20.63","2021-04-22 21:45:00"
"631004",18,"20.82","2021-04-22 22:00:00"
"631058",18,"20.98","2021-04-22 22:15:00"
"631133",18,"20.71","2021-04-22 22:30:00"
"631227",18,"20.24","2021-04-22 22:45:00"
"631347",18,"19.87","2021-04-22 23:00:00"
"631464",18,"19.51","2021-04-22 23:15:00"
"632508",18,"11.99","2021-07-12 01:45:00"
"632562",18,"11.91","2021-07-12 02:00:00"
"632616",18,"11.85","2021-07-12 02:15:00"
"632670",18,"11.75","2021-07-12 02:30:00"
"632724",18,"11.62","2021-07-12 02:45:00"
"632778",18,"11.42","2021-07-12 03:00:00"
"633981",18,"11.26","2021-07-12 03:15:00"
"632856",18,"17.37","2021-05-31 20:30:00"
"632910",18,"17.04","2021-05-31 20:45:00"
"634196",18,"11.11","2021-07-12 03:30:00"
"634406",18,"10.97","2021-07-12 03:45:00"
"634569",18,"10.88","2021-07-12 04:00:00"
"634318",18,"17.57","2021-04-23 02:00:00"
"634479",18,"17.46","2021-04-23 02:15:00"
"634331",18,"14.87","2021-06-01 00:45:00"
"636828",18,"14.69","2021-06-01 01:00:00"
"636882",18,"14.57","2021-06-01 01:15:00"
"634398",18,"23.9","2021-03-19 23:45:00"
"634561",18,"23.77","2021-03-20 00:00:00"
"634734",18,"23.69","2021-03-20 00:15:00"
"635713",18,"22.99","2021-03-20 01:45:00"
"635854",18,"22.84","2021-03-20 02:00:00"
"635996",18,"22.82","2021-03-20 02:15:00"
"635945",18,"15.86","2021-04-23 04:30:00"
"636132",18,"15.77","2021-04-23 04:45:00"
"636332",18,"15.63","2021-04-23 05:00:00"
"636027",18,"10.22","2021-07-12 06:15:00"
"636175",18,"10.09","2021-07-12 06:30:00"
"636153",18,"22.84","2021-03-20 02:30:00"
"636302",18,"22.85","2021-03-20 02:45:00"
"637527",18,"13.77","2021-07-12 08:45:00"
"637678",18,"15.11","2021-07-12 09:00:00"
"637580",18,"15.14","2021-06-01 02:15:00"
"637799",18,"15.13","2021-06-01 02:30:00"
"637877",18,"15.51","2021-04-23 07:45:00"
"638100",18,"16.41","2021-04-23 08:00:00"
"637808",18,"15.71","2021-07-12 09:15:00"
"637929",18,"17.12","2021-07-12 09:30:00"
"638026",18,"18.56","2021-07-12 09:45:00"
"638709",18,"24.82","2021-07-12 11:00:00"
"638892",18,"25.91","2021-07-12 11:15:00"
"638657",18,"21.91","2021-04-23 09:00:00"
"638821",18,"22.91","2021-04-23 09:15:00"
"638977",18,"24.17","2021-04-23 09:30:00"
"638911",18,"22.79","2021-03-20 03:00:00"
"639204",18,"22.78","2021-03-20 03:15:00"
"639464",18,"22.78","2021-03-20 03:30:00"
"639068",18,"15.58","2021-06-01 03:45:00"
"639367",18,"15.56","2021-06-01 04:00:00"
"639681",18,"15.55","2021-06-01 04:15:00"
"639711",18,"22.77","2021-03-20 03:45:00"
"639864",18,"22.76","2021-03-20 04:00:00"
"639831",18,"15.56","2021-06-01 04:30:00"
"639940",18,"15.57","2021-06-01 04:45:00"
"640828",18,"28.39","2021-04-23 11:00:00"
"640913",18,"30.5","2021-04-23 11:15:00"
"639978",18,"22.72","2021-03-20 04:15:00"
"640081",18,"22.58","2021-03-20 04:30:00"
"640192",18,"22.57","2021-03-20 04:45:00"
"640638",18,"22.03","2021-03-20 06:45:00"
"640692",18,"22.07","2021-03-20 07:00:00"
"640746",18,"22.24","2021-03-20 07:15:00"
"643382",18,"22.58","2021-03-20 07:30:00"
"643507",18,"22.86","2021-03-20 07:45:00"
"643615",18,"23","2021-03-20 08:00:00"
"641017",18,"32.05","2021-04-23 11:30:00"
"641142",18,"33.24","2021-04-23 11:45:00"
"641252",18,"34.55","2021-04-23 12:00:00"
"641030",18,"31.15","2021-07-12 12:45:00"
"641121",18,"31.54","2021-07-12 13:00:00"
"641227",18,"31.8","2021-07-12 13:15:00"
"641819",18,"36.25","2021-04-23 13:45:00"
"641929",18,"35.96","2021-04-23 14:00:00"
"642047",18,"35.08","2021-04-23 14:15:00"
"641954",18,"29.87","2021-07-12 14:30:00"
"642051",18,"28.61","2021-07-12 14:45:00"
"642141",18,"35.71","2021-04-23 14:30:00"
"642248",18,"36.6","2021-04-23 14:45:00"
"642176",18,"27.3","2021-07-12 15:00:00"
"642281",18,"27.84","2021-07-12 15:15:00"
"642383",18,"28.65","2021-07-12 15:30:00"
"643441",18,"16.54","2021-06-01 08:15:00"
"643537",18,"16.82","2021-06-01 08:30:00"
"643737",18,"23.26","2021-03-20 08:15:00"
"643830",18,"23.85","2021-03-20 08:30:00"
"643643",18,"17","2021-06-01 08:45:00"
"643738",18,"17.17","2021-06-01 09:00:00"
"643860",18,"17.34","2021-06-01 09:15:00"
"643942",18,"24.74","2021-03-20 08:45:00"
"644063",18,"25.65","2021-03-20 09:00:00"
"644172",18,"26.71","2021-03-20 09:15:00"
"644994",18,"33.46","2021-04-23 16:15:00"
"645099",18,"33.4","2021-04-23 16:30:00"
"645200",18,"32.78","2021-04-23 16:45:00"
"645166",18,"24.58","2021-07-12 17:30:00"
"645262",18,"23.44","2021-07-12 17:45:00"
"645378",18,"22.28","2021-07-12 18:00:00"
"645314",18,"31.97","2021-04-23 17:00:00"
"645425",18,"30.95","2021-04-23 17:15:00"
"645531",18,"29.4","2021-04-23 17:30:00"
"645483",18,"21.26","2021-07-12 18:15:00"
"645587",18,"20.5","2021-07-12 18:30:00"
"645697",18,"19.82","2021-07-12 18:45:00"
"647148",18,"17.39","2021-07-12 20:15:00"
"647325",18,"17.33","2021-07-12 20:30:00"
"646999",18,"24.09","2021-06-01 12:00:00"
"647231",18,"24.15","2021-06-01 12:15:00"
"647410",18,"24.14","2021-06-01 12:30:00"
"647063",18,"37.89","2021-03-20 13:15:00"
"647371",18,"37.06","2021-03-20 13:30:00"
"647648",18,"36.24","2021-03-20 13:45:00"
"647033",18,"22.78","2021-04-23 19:30:00"
"647217",18,"22.35","2021-04-23 19:45:00"
"647404",18,"21.98","2021-04-23 20:00:00"
"648918",18,"20.9","2021-04-23 20:45:00"
"648972",18,"20.64","2021-04-23 21:00:00"
"649026",18,"20.48","2021-04-23 21:15:00"
"649080",18,"20.33","2021-04-23 21:30:00"
"649135",18,"20.14","2021-04-23 21:45:00"
"649283",18,"19.88","2021-04-23 22:00:00"
"649416",18,"19.6","2021-04-23 22:15:00"
"649559",18,"19.39","2021-04-23 22:30:00"
"649425",18,"23.24","2021-06-01 15:30:00"
"649514",18,"23.48","2021-06-01 15:45:00"
"650214",18,"18.79","2021-04-23 23:30:00"
"650442",18,"18.63","2021-04-23 23:45:00"
"650219",18,"37.18","2021-03-20 16:45:00"
"650482",18,"36.17","2021-03-20 17:00:00"
"650775",18,"35.42","2021-03-20 17:15:00"
"650311",18,"19.33","2021-06-01 18:00:00"
"650448",18,"18.77","2021-06-01 18:15:00"
"650589",18,"18.3","2021-06-01 18:30:00"
"650735",18,"17.94","2021-06-01 18:45:00"
"650901",18,"17.68","2021-06-01 19:00:00"
"651657",18,"14.01","2021-07-13 00:00:00"
"651734",18,"13.77","2021-07-13 00:15:00"
"651811",18,"13.55","2021-07-13 00:30:00"
"651893",18,"13.33","2021-07-13 00:45:00"
"651971",18,"13.15","2021-07-13 01:00:00"
"652001",18,"28.46","2021-03-20 18:45:00"
"652198",18,"28.02","2021-03-20 19:00:00"
"652338",18,"27.62","2021-03-20 19:15:00"
"652050",18,"13.03","2021-07-13 01:15:00"
"652118",18,"12.85","2021-07-13 01:30:00"
"652195",18,"12.73","2021-07-13 01:45:00"
"653310",18,"15.31","2021-06-01 21:45:00"
"653364",18,"15.16","2021-06-01 22:00:00"
"653418",18,"15.12","2021-06-01 22:15:00"
"653472",18,"15.07","2021-06-01 22:30:00"
"653526",18,"14.89","2021-06-01 22:45:00"
"653580",18,"14.66","2021-06-01 23:00:00"
"653634",18,"14.5","2021-06-01 23:15:00"
"653688",18,"14.39","2021-06-01 23:30:00"
"653742",18,"14.31","2021-06-01 23:45:00"
"656796",18,"14.24","2021-06-02 00:00:00"
"655048",18,"17.26","2021-04-24 02:00:00"
"655106",18,"17.23","2021-04-24 02:15:00"
"655160",18,"17.25","2021-04-24 02:30:00"
"655214",18,"17.3","2021-04-24 02:45:00"
"655277",18,"17.19","2021-04-24 03:00:00"
"655435",18,"16.97","2021-04-24 03:15:00"
"655600",18,"17.01","2021-04-24 03:30:00"
"655491",18,"24.86","2021-03-20 22:00:00"
"655571",18,"24.66","2021-03-20 22:15:00"
"659047",18,"16.08","2021-04-24 07:45:00"
"659214",18,"17.67","2021-04-24 08:00:00"
"659329",18,"12.98","2021-07-13 08:30:00"
"659595",18,"14.27","2021-07-13 08:45:00"
"660366",18,"17.91","2021-07-13 09:30:00"
"660690",18,"25.32","2021-07-13 11:00:00"
"660744",18,"26.6","2021-07-13 11:15:00"
"660876",18,"22","2021-03-21 07:00:00"
"660930",18,"22.15","2021-03-21 07:15:00"
"660984",18,"22.25","2021-03-21 07:30:00"
"661038",18,"22.39","2021-03-21 07:45:00"
"661092",18,"22.64","2021-03-21 08:00:00"
"661146",18,"22.98","2021-03-21 08:15:00"
"661200",18,"23.58","2021-03-21 08:30:00"
"665583",18,"32.86","2021-03-21 14:30:00"
"665674",18,"31.7","2021-03-21 14:45:00"
"665789",18,"31.03","2021-03-21 15:00:00"
"665699",18,"38.5","2021-04-24 15:15:00"
"665794",18,"38.51","2021-04-24 15:30:00"
"665896",18,"38.04","2021-04-24 15:45:00"
"665903",18,"30.42","2021-03-21 15:15:00"
"666007",18,"29.97","2021-03-21 15:30:00"
"666008",18,"37.61","2021-04-24 16:00:00"
"666111",18,"36.91","2021-04-24 16:15:00"
"667150",18,"23.08","2021-06-02 10:15:00"
"667230",18,"24.11","2021-06-02 10:30:00"
"667328",18,"27.5","2021-07-13 17:00:00"
"667467",18,"26.52","2021-07-13 17:15:00"
"667569",18,"25.2","2021-07-13 17:30:00"
"667320",18,"24.99","2021-06-02 10:45:00"
"667405",18,"25.84","2021-06-02 11:00:00"
"667504",18,"26.4","2021-06-02 11:15:00"
"667616",18,"26.48","2021-06-02 11:30:00"
"667723",18,"27.19","2021-06-02 11:45:00"
"667840",18,"27.8","2021-06-02 12:00:00"
"668202",18,"20.21","2021-07-13 19:00:00"
"668307",18,"19.73","2021-07-13 19:15:00"
"668400",18,"19.28","2021-07-13 19:30:00"
"668517",18,"18.85","2021-07-13 19:45:00"
"668624",18,"18.64","2021-07-13 20:00:00"
"668507",18,"28.54","2021-06-02 13:30:00"
"668614",18,"27.72","2021-06-02 13:45:00"
"668688",18,"18.24","2021-07-13 20:15:00"
"668742",18,"18","2021-07-13 20:30:00"
"671294",18,"17.84","2021-07-13 20:45:00"
"670048",18,"24.47","2021-04-24 20:30:00"
"670102",18,"24.16","2021-04-24 20:45:00"
"670156",18,"23.87","2021-04-24 21:00:00"
"670210",18,"23.62","2021-04-24 21:15:00"
"670264",18,"23.37","2021-04-24 21:30:00"
"670318",18,"22.95","2021-04-24 21:45:00"
"670372",18,"22.61","2021-04-24 22:00:00"
"670426",18,"22.33","2021-04-24 22:15:00"
"670480",18,"22.08","2021-04-24 22:30:00"
"670534",18,"21.8","2021-04-24 22:45:00"
"671090",18,"25.35","2021-06-02 15:15:00"
"671144",18,"25.77","2021-06-02 15:30:00"
"671198",18,"25.3","2021-06-02 15:45:00"
"671252",18,"25.59","2021-06-02 16:00:00"
"671339",18,"25.5","2021-06-02 16:15:00"
"671427",18,"17.59","2021-07-13 21:00:00"
"671524",18,"17.35","2021-07-13 21:15:00"
"671436",18,"25.27","2021-06-02 16:30:00"
"671554",18,"24.82","2021-06-02 16:45:00"
"671672",18,"24.26","2021-06-02 17:00:00"
"672660",18,"14.1","2021-07-14 00:45:00"
"672714",18,"14.01","2021-07-14 01:00:00"
"672768",18,"13.87","2021-07-14 01:15:00"
"675543",18,"13.76","2021-07-14 01:30:00"
"675638",18,"13.63","2021-07-14 01:45:00"
"672900",18,"24.04","2021-03-21 21:00:00"
"672954",18,"23.95","2021-03-21 21:15:00"
"673008",18,"23.85","2021-03-21 21:30:00"
"673062",18,"23.75","2021-03-21 21:45:00"
"673116",18,"23.71","2021-03-21 22:00:00"
"673710",18,"22.4","2021-03-22 00:45:00"
"673767",18,"22.33","2021-03-22 01:00:00"
"676094",18,"22.21","2021-03-22 01:15:00"
"673858",18,"20.85","2021-04-25 00:15:00"
"673912",18,"20.72","2021-04-25 00:30:00"
"673966",18,"20.7","2021-04-25 00:45:00"
"674020",18,"20.73","2021-04-25 01:00:00"
"674074",18,"20.75","2021-04-25 01:15:00"
"635532",18,"10.33","2021-07-12 05:30:00"
"635686",18,"10.26","2021-07-12 05:45:00"
"635864",18,"10.21","2021-07-12 06:00:00"
"636981",18,"14.62","2021-06-01 01:30:00"
"637241",18,"14.88","2021-06-01 01:45:00"
"637409",18,"15.1","2021-06-01 02:00:00"
"637120",18,"14.99","2021-04-23 06:30:00"
"637262",18,"14.81","2021-04-23 06:45:00"
"637079",18,"10.54","2021-07-12 08:00:00"
"637198",18,"11.28","2021-07-12 08:15:00"
"637359",18,"12.5","2021-07-12 08:30:00"
"637429",18,"14.64","2021-04-23 07:00:00"
"637569",18,"14.78","2021-04-23 07:15:00"
"637716",18,"15.1","2021-04-23 07:30:00"
"638008",18,"15.11","2021-06-01 02:45:00"
"638164",18,"19.81","2021-07-12 10:00:00"
"638234",18,"15.2","2021-06-01 03:00:00"
"638498",18,"15.39","2021-06-01 03:15:00"
"638780",18,"15.53","2021-06-01 03:30:00"
"638238",18,"18.04","2021-04-23 08:15:00"
"638372",18,"19.43","2021-04-23 08:30:00"
"638515",18,"20.76","2021-04-23 08:45:00"
"638305",18,"21.08","2021-07-12 10:15:00"
"638434",18,"22.43","2021-07-12 10:30:00"
"638560",18,"23.62","2021-07-12 10:45:00"
"639141",18,"24.98","2021-04-23 09:45:00"
"639313",18,"25.59","2021-04-23 10:00:00"
"639075",18,"27.03","2021-07-12 11:30:00"
"639248",18,"28.07","2021-07-12 11:45:00"
"639428",18,"29.05","2021-07-12 12:00:00"
"639479",18,"25.7","2021-04-23 10:15:00"
"639623",18,"25.65","2021-04-23 10:30:00"
"639739",18,"26.04","2021-04-23 10:45:00"
"639572",18,"29.93","2021-07-12 12:15:00"
"640919",18,"30.56","2021-07-12 12:30:00"
"640046",18,"15.59","2021-06-01 05:00:00"
"640154",18,"15.59","2021-06-01 05:15:00"
"642800",18,"15.62","2021-06-01 05:30:00"
"640260",18,"22.45","2021-03-20 05:00:00"
"640314",18,"22.33","2021-03-20 05:15:00"
"640368",18,"22.26","2021-03-20 05:30:00"
"640422",18,"22.19","2021-03-20 05:45:00"
"640476",18,"22.14","2021-03-20 06:00:00"
"640530",18,"22.1","2021-03-20 06:15:00"
"640584",18,"22.05","2021-03-20 06:30:00"
"641336",18,"32.03","2021-07-12 13:30:00"
"641359",18,"35.66","2021-04-23 12:15:00"
"641478",18,"31.76","2021-07-12 13:45:00"
"641746",18,"30.63","2021-07-12 14:00:00"
"641849",18,"30.11","2021-07-12 14:15:00"
"641444",18,"36.42","2021-04-23 12:30:00"
"641513",18,"37.16","2021-04-23 12:45:00"
"641567",18,"37.59","2021-04-23 13:00:00"
"641621",18,"37.23","2021-04-23 13:15:00"
"641705",18,"37.26","2021-04-23 13:30:00"
"642854",18,"15.64","2021-06-01 05:45:00"
"642908",18,"15.65","2021-06-01 06:00:00"
"642962",18,"15.68","2021-06-01 06:15:00"
"643016",18,"15.73","2021-06-01 06:30:00"
"643070",18,"15.77","2021-06-01 06:45:00"
"643124",18,"15.82","2021-06-01 07:00:00"
"643178",18,"15.88","2021-06-01 07:15:00"
"643232",18,"15.92","2021-06-01 07:30:00"
"643286",18,"16.04","2021-06-01 07:45:00"
"643341",18,"16.27","2021-06-01 08:00:00"
"644502",18,"33.07","2021-03-20 10:45:00"
"644556",18,"33.92","2021-03-20 11:00:00"
"644610",18,"34.71","2021-03-20 11:15:00"
"644664",18,"35.71","2021-03-20 11:30:00"
"644718",18,"36.68","2021-03-20 11:45:00"
"644772",18,"37.35","2021-03-20 12:00:00"
"646307",18,"38.04","2021-03-20 12:15:00"
"644838",18,"34.64","2021-04-23 15:45:00"
"644892",18,"34.14","2021-04-23 16:00:00"
"646332",18,"18.4","2021-07-12 19:30:00"
"646638",18,"18.02","2021-07-12 19:45:00"
"646845",18,"17.63","2021-07-12 20:00:00"
"646546",18,"23.86","2021-04-23 19:00:00"
"646853",18,"23.27","2021-04-23 19:15:00"
"646478",18,"38.52","2021-03-20 12:30:00"
"646677",18,"38.58","2021-03-20 12:45:00"
"646852",18,"38.28","2021-03-20 13:00:00"
"646618",18,"23.6","2021-06-01 11:30:00"
"646820",18,"24.17","2021-06-01 11:45:00"
"647971",18,"37.23","2021-03-20 14:15:00"
"648083",18,"37.2","2021-03-20 14:30:00"
"648191",18,"37.14","2021-03-20 14:45:00"
"648016",18,"24.49","2021-06-01 13:30:00"
"648143",18,"23.78","2021-06-01 13:45:00"
"648250",18,"23.39","2021-06-01 14:00:00"
"648033",18,"16.1","2021-07-12 21:30:00"
"650477",18,"15.8","2021-07-12 21:45:00"
"650691",18,"15.51","2021-07-12 22:00:00"
"648297",18,"37.08","2021-03-20 15:00:00"
"648398",18,"37.8","2021-03-20 15:15:00"
"649600",18,"23.48","2021-06-01 16:00:00"
"649687",18,"23.5","2021-06-01 16:15:00"
"649766",18,"23.14","2021-06-01 16:30:00"
"649701",18,"19.2","2021-04-23 22:45:00"
"649875",18,"18.99","2021-04-23 23:00:00"
"650035",18,"18.89","2021-04-23 23:15:00"
"649843",18,"22.77","2021-06-01 16:45:00"
"649925",18,"22.23","2021-06-01 17:00:00"
"650005",18,"21.47","2021-06-01 17:15:00"
"650085",18,"20.73","2021-06-01 17:30:00"
"650175",18,"20","2021-06-01 17:45:00"
"651189",18,"15.01","2021-07-12 22:45:00"
"651286",18,"14.82","2021-07-12 23:00:00"
"651401",18,"14.65","2021-07-12 23:15:00"
"653989",18,"17.96","2021-04-24 00:45:00"
"654475",18,"17.67","2021-04-24 01:00:00"
"651490",18,"14.59","2021-07-12 23:30:00"
"651573",18,"14.31","2021-07-12 23:45:00"
"651504",18,"31.94","2021-03-20 18:00:00"
"651652",18,"29.61","2021-03-20 18:15:00"
"651832",18,"28.94","2021-03-20 18:30:00"
"652770",18,"25.46","2021-03-20 21:15:00"
"655332",18,"25.25","2021-03-20 21:30:00"
"655409",18,"25.06","2021-03-20 21:45:00"
"652932",18,"16.52","2021-06-01 20:00:00"
"652986",18,"16.3","2021-06-01 20:15:00"
"653040",18,"16.05","2021-06-01 20:30:00"
"653094",18,"15.84","2021-06-01 20:45:00"
"653148",18,"15.72","2021-06-01 21:00:00"
"653202",18,"15.58","2021-06-01 21:15:00"
"653256",18,"15.43","2021-06-01 21:30:00"
"654536",18,"11.15","2021-07-13 05:15:00"
"654622",18,"11.03","2021-07-13 05:30:00"
"654587",18,"17.47","2021-04-24 01:15:00"
"654820",18,"17.32","2021-04-24 01:30:00"
"654926",18,"17.24","2021-04-24 01:45:00"
"654676",18,"10.91","2021-07-13 05:45:00"
"654743",18,"10.81","2021-07-13 06:00:00"
"654835",18,"10.66","2021-07-13 06:15:00"
"654944",18,"10.52","2021-07-13 06:30:00"
"655039",18,"10.38","2021-07-13 06:45:00"
"656202",18,"15.98","2021-04-24 04:30:00"
"656359",18,"15.75","2021-04-24 04:45:00"
"656529",18,"15.56","2021-04-24 05:00:00"
"656323",18,"23.49","2021-03-21 00:30:00"
"656406",18,"23.39","2021-03-21 00:45:00"
"656475",18,"23.27","2021-03-21 01:00:00"
"656560",18,"23.16","2021-03-21 01:15:00"
"656635",18,"23.05","2021-03-21 01:30:00"
"656708",18,"15.54","2021-04-24 05:15:00"
"657472",18,"15.39","2021-04-24 05:30:00"
"657282",18,"13.94","2021-06-02 02:15:00"
"657350",18,"14.18","2021-06-02 02:30:00"
"657583",18,"14.35","2021-06-02 02:45:00"
"657706",18,"22.69","2021-03-21 02:30:00"
"657873",18,"22.6","2021-03-21 02:45:00"
"657632",18,"15.25","2021-04-24 05:45:00"
"657800",18,"15.14","2021-04-24 06:00:00"
"657971",18,"15.02","2021-04-24 06:15:00"
"657605",18,"10.25","2021-07-13 07:00:00"
"657900",18,"10.45","2021-07-13 07:15:00"
"658155",18,"10.6","2021-07-13 07:30:00"
"658479",18,"14.72","2021-06-02 03:30:00"
"658772",18,"14.61","2021-06-02 03:45:00"
"659042",18,"14.58","2021-06-02 04:00:00"
"658560",18,"22.17","2021-03-21 03:45:00"
"658728",18,"22.08","2021-03-21 04:00:00"
"658500",18,"14.87","2021-04-24 07:00:00"
"658675",18,"15.06","2021-04-24 07:15:00"
"658842",18,"15.49","2021-04-24 07:30:00"
"658903",18,"22.02","2021-03-21 04:15:00"
"659056",18,"21.99","2021-03-21 04:30:00"
"659198",18,"22.05","2021-03-21 04:45:00"
"660153",18,"22.09","2021-03-21 06:15:00"
"660286",18,"21.99","2021-03-21 06:30:00"
"660822",18,"21.92","2021-03-21 06:45:00"
"660117",18,"25.19","2021-04-24 09:30:00"
"660250",18,"26.63","2021-04-24 09:45:00"
"660358",18,"28.07","2021-04-24 10:00:00"
"660420",18,"19.59","2021-07-13 09:45:00"
"660474",18,"20.91","2021-07-13 10:00:00"
"660528",18,"21.49","2021-07-13 10:15:00"
"660582",18,"22.19","2021-07-13 10:30:00"
"660636",18,"23.54","2021-07-13 10:45:00"
"661254",18,"24.7","2021-03-21 08:45:00"
"661308",18,"25.63","2021-03-21 09:00:00"
"661362",18,"26.15","2021-03-21 09:15:00"
"661416",18,"27.23","2021-03-21 09:30:00"
"661497",18,"28.3","2021-03-21 09:45:00"
"661551",18,"29.51","2021-04-24 10:15:00"
"661633",18,"30.92","2021-04-24 10:30:00"
"661630",18,"28.75","2021-03-21 10:00:00"
"661755",18,"30.4","2021-03-21 10:15:00"
"661847",18,"31.66","2021-03-21 10:30:00"
"662286",18,"27.75","2021-07-13 11:30:00"
"662394",18,"28.8","2021-07-13 11:45:00"
"662501",18,"29.77","2021-07-13 12:00:00"
"662498",18,"37.39","2021-04-24 12:45:00"
"662589",18,"38.26","2021-04-24 13:00:00"
"662698",18,"39.03","2021-04-24 13:15:00"
"662626",18,"30.35","2021-07-13 12:15:00"
"662728",18,"31.13","2021-07-13 12:30:00"
"662813",18,"38.43","2021-04-24 13:30:00"
"662930",18,"37.71","2021-04-24 13:45:00"
"665464",18,"37.73","2021-04-24 14:45:00"
"665568",18,"38.17","2021-04-24 15:00:00"
"663447",18,"14.84","2021-06-02 05:30:00"
"663567",18,"14.58","2021-06-02 05:45:00"
"663673",18,"14.35","2021-06-02 06:00:00"
"663735",18,"31.49","2021-07-13 14:15:00"
"663781",18,"14.09","2021-06-02 06:15:00"
"663885",18,"13.89","2021-06-02 06:30:00"
"663981",18,"13.59","2021-06-02 06:45:00"
"663846",18,"31.04","2021-07-13 14:30:00"
"663966",18,"30.46","2021-07-13 14:45:00"
"664067",18,"29.83","2021-07-13 15:00:00"
"664093",18,"13.37","2021-06-02 07:00:00"
"664207",18,"13.23","2021-06-02 07:15:00"
"664315",18,"13.22","2021-06-02 07:30:00"
"664172",18,"29.3","2021-07-13 15:15:00"
"664281",18,"29.82","2021-07-13 15:30:00"
"664421",18,"13.45","2021-06-02 07:45:00"
"664516",18,"13.84","2021-06-02 08:00:00"
"664956",18,"36.05","2021-03-21 12:00:00"
"665010",18,"36.6","2021-03-21 12:15:00"
"665064",18,"36.89","2021-03-21 12:30:00"
"665118",18,"36.84","2021-03-21 12:45:00"
"665172",18,"35.83","2021-03-21 13:00:00"
"665226",18,"35.22","2021-03-21 13:15:00"
"665280",18,"34.56","2021-03-21 13:30:00"
"665334",18,"33.57","2021-03-21 13:45:00"
"665388",18,"34.02","2021-03-21 14:00:00"
"665471",18,"34.25","2021-03-21 14:15:00"
"666122",18,"29.72","2021-03-21 15:45:00"
"668820",18,"29.41","2021-03-21 16:00:00"
"668874",18,"28.95","2021-03-21 16:15:00"
"666184",18,"36.18","2021-04-24 16:30:00"
"666238",18,"34.88","2021-04-24 16:45:00"
"666292",18,"33.55","2021-04-24 17:00:00"
"666346",18,"32.3","2021-04-24 17:15:00"
"666400",18,"30.76","2021-04-24 17:30:00"
"666454",18,"29.82","2021-04-24 17:45:00"
"666508",18,"28.9","2021-04-24 18:00:00"
"666562",18,"28.02","2021-04-24 18:15:00"
"667681",18,"23.94","2021-07-13 17:45:00"
"667783",18,"22.86","2021-07-13 18:00:00"
"667945",18,"28.21","2021-06-02 12:15:00"
"668056",18,"28.15","2021-06-02 12:30:00"
"667883",18,"21.98","2021-07-13 18:15:00"
"667997",18,"21.29","2021-07-13 18:30:00"
"668100",18,"20.64","2021-07-13 18:45:00"
"668173",18,"28.3","2021-06-02 12:45:00"
"668281",18,"28.61","2021-06-02 13:00:00"
"668408",18,"28.63","2021-06-02 13:15:00"
"669468",18,"25.29","2021-03-21 19:00:00"
"669522",18,"25.11","2021-03-21 19:15:00"
"669576",18,"25.03","2021-03-21 19:30:00"
"669630",18,"24.89","2021-03-21 19:45:00"
"669707",18,"24.68","2021-03-21 20:00:00"
"669847",18,"24.5","2021-03-21 20:15:00"
"672792",18,"24.34","2021-03-21 20:30:00"
"672846",18,"24.18","2021-03-21 20:45:00"
"669840",18,"25.6","2021-04-24 19:45:00"
"669940",18,"25.23","2021-04-24 20:00:00"
"669994",18,"24.81","2021-04-24 20:15:00"
"670588",18,"21.51","2021-04-24 23:00:00"
"670642",18,"21.26","2021-04-24 23:15:00"
"670696",18,"20.99","2021-04-24 23:30:00"
"670750",18,"21.11","2021-04-24 23:45:00"
"673804",18,"21.11","2021-04-25 00:00:00"
"670820",18,"26.97","2021-06-02 14:00:00"
"670874",18,"26.46","2021-06-02 14:15:00"
"670928",18,"25.87","2021-06-02 14:30:00"
"670982",18,"24.7","2021-06-02 14:45:00"
"671036",18,"24.34","2021-06-02 15:00:00"
"672159",18,"15.61","2021-07-13 22:45:00"
"672256",18,"15.37","2021-07-13 23:00:00"
"672336",18,"15.12","2021-07-13 23:15:00"
"674792",18,"20.45","2021-06-02 18:30:00"
"674846",18,"20.08","2021-06-02 18:45:00"
"674900",18,"19.77","2021-06-02 19:00:00"
"672390",18,"14.95","2021-07-13 23:30:00"
"672444",18,"14.81","2021-07-13 23:45:00"
"672498",18,"14.6","2021-07-14 00:00:00"
"672552",18,"14.4","2021-07-14 00:15:00"
"672606",18,"14.24","2021-07-14 00:30:00"
"673170",18,"23.63","2021-03-21 22:15:00"
"673224",18,"23.49","2021-03-21 22:30:00"
"673278",18,"23.35","2021-03-21 22:45:00"
"673332",18,"23.21","2021-03-21 23:00:00"
"673386",18,"23.08","2021-03-21 23:15:00"
"673440",18,"22.93","2021-03-21 23:30:00"
"673494",18,"22.79","2021-03-21 23:45:00"
"673548",18,"22.66","2021-03-22 00:00:00"
"673602",18,"22.57","2021-03-22 00:15:00"
"673656",18,"22.48","2021-03-22 00:30:00"
"674954",18,"19.45","2021-06-02 19:15:00"
"675008",18,"19.09","2021-06-02 19:30:00"
"674128",18,"20.71","2021-04-25 01:30:00"
"674182",18,"20.7","2021-04-25 01:45:00"
"674236",18,"20.68","2021-04-25 02:00:00"
"678262",18,"19.7","2021-04-25 06:45:00"
"678316",18,"19.66","2021-04-25 07:00:00"
"678370",18,"19.87","2021-04-25 07:15:00"
"678424",18,"20.3","2021-04-25 07:30:00"
"678478",18,"20.62","2021-04-25 07:45:00"
"678532",18,"21.28","2021-04-25 08:00:00"
"678586",18,"21.91","2021-04-25 08:15:00"
"678640",18,"22.23","2021-04-25 08:30:00"
"678694",18,"22.57","2021-04-25 08:45:00"
"678748",18,"22.92","2021-04-25 09:00:00"
"680412",18,"11.27","2021-07-14 07:00:00"
"680546",18,"11.17","2021-07-14 07:15:00"
"680695",18,"11.29","2021-07-14 07:30:00"
"680538",18,"14.84","2021-06-03 03:30:00"
"683229",18,"14.75","2021-06-03 03:45:00"
"680751",18,"23.47","2021-03-22 08:30:00"
"680799",18,"11.66","2021-07-14 07:45:00"
"680903",18,"12.35","2021-07-14 08:00:00"
"681009",18,"13.4","2021-07-14 08:15:00"
"682072",18,"27.41","2021-04-25 10:30:00"
"682126",18,"27.9","2021-04-25 10:45:00"
"682180",18,"29.34","2021-04-25 11:00:00"
"682234",18,"30.21","2021-04-25 11:15:00"
"682288",18,"31.33","2021-04-25 11:30:00"
"682342",18,"31.85","2021-04-25 11:45:00"
"682396",18,"32.69","2021-04-25 12:00:00"
"682450",18,"33.64","2021-04-25 12:15:00"
"682504",18,"35.09","2021-04-25 12:30:00"
"682558",18,"35.66","2021-04-25 12:45:00"
"683642",18,"35.67","2021-03-22 13:15:00"
"683784",18,"34.85","2021-03-22 13:30:00"
"683908",18,"33.33","2021-03-22 13:45:00"
"683907",18,"28.3","2021-07-14 11:45:00"
"684046",18,"28.93","2021-07-14 12:00:00"
"684165",18,"29.2","2021-07-14 12:15:00"
"684037",18,"33.93","2021-03-22 14:00:00"
"684186",18,"34.8","2021-03-22 14:15:00"
"684307",18,"30.42","2021-07-14 12:30:00"
"684428",18,"31.21","2021-07-14 12:45:00"
"684373",18,"14.48","2021-06-03 04:45:00"
"684618",18,"14.5","2021-06-03 05:00:00"
"684775",18,"14.45","2021-06-03 05:15:00"
"684313",18,"35.14","2021-03-22 14:30:00"
"684463",18,"35.15","2021-03-22 14:45:00"
"686181",18,"35.27","2021-03-22 15:00:00"
"684570",18,"31.74","2021-07-14 13:00:00"
"684649",18,"32.31","2021-07-14 13:15:00"
"684726",18,"32.68","2021-07-14 13:30:00"
"684814",18,"32.55","2021-07-14 13:45:00"
"684884",18,"31.65","2021-07-14 14:00:00"
"686044",18,"34.1","2021-04-25 15:00:00"
"686098",18,"33.2","2021-04-25 15:15:00"
"686152",18,"32.29","2021-04-25 15:30:00"
"686240",18,"31.54","2021-04-25 15:45:00"
"686356",18,"31.07","2021-04-25 16:00:00"
"686288",18,"34.37","2021-03-22 15:15:00"
"686395",18,"34.28","2021-03-22 15:30:00"
"686483",18,"34.08","2021-03-22 15:45:00"
"686484",18,"30.32","2021-04-25 16:15:00"
"686574",18,"29.43","2021-04-25 16:30:00"
"686684",18,"28.61","2021-04-25 16:45:00"
"687104",18,"27.64","2021-04-25 17:30:00"
"687253",18,"27.11","2021-04-25 17:45:00"
"687417",18,"26.54","2021-04-25 18:00:00"
"687234",18,"29.96","2021-03-22 17:45:00"
"687310",18,"29.22","2021-03-22 18:00:00"
"687391",18,"28.71","2021-03-22 18:15:00"
"687492",18,"28.27","2021-03-22 18:30:00"
"687639",18,"27.79","2021-03-22 18:45:00"
"687572",18,"25.92","2021-04-25 18:15:00"
"689252",18,"25.59","2021-04-25 18:30:00"
"688744",18,"26.98","2021-06-03 11:00:00"
"688798",18,"27.68","2021-06-03 11:15:00"
"688852",18,"28.4","2021-06-03 11:30:00"
"688906",18,"29.06","2021-06-03 11:45:00"
"688960",18,"29.37","2021-06-03 12:00:00"
"689014",18,"29.62","2021-06-03 12:15:00"
"689068",18,"29.87","2021-06-03 12:30:00"
"689122",18,"30.23","2021-06-03 12:45:00"
"691788",18,"30.47","2021-06-03 13:00:00"
"691842",18,"30.63","2021-06-03 13:15:00"
"689855",18,"24.59","2021-04-25 19:30:00"
"690009",18,"24.37","2021-04-25 19:45:00"
"690062",18,"25.1","2021-03-22 21:00:00"
"690201",18,"25.02","2021-03-22 21:15:00"
"690326",18,"24.99","2021-03-22 21:30:00"
"690169",18,"21.38","2021-07-14 18:30:00"
"690383",18,"20.74","2021-07-14 18:45:00"
"690220",18,"24.15","2021-04-25 20:00:00"
"690354",18,"23.9","2021-04-25 20:15:00"
"690510",18,"23.77","2021-04-25 20:30:00"
"691459",18,"23.87","2021-03-22 23:30:00"
"691553",18,"23.71","2021-03-22 23:45:00"
"691655",18,"23.58","2021-03-23 00:00:00"
"691683",18,"21.55","2021-04-25 22:45:00"
"691772",18,"21.43","2021-04-25 23:00:00"
"693048",18,"23.43","2021-03-23 00:15:00"
"693160",18,"23.28","2021-03-23 00:30:00"
"691896",18,"30.7","2021-06-03 13:30:00"
"691950",18,"29.67","2021-06-03 13:45:00"
"692004",18,"28.96","2021-06-03 14:00:00"
"693257",18,"21.35","2021-04-25 23:15:00"
"693393",18,"21.03","2021-04-25 23:30:00"
"693579",18,"20.91","2021-04-25 23:45:00"
"693335",18,"23.34","2021-03-23 00:45:00"
"693489",18,"23.24","2021-03-23 01:00:00"
"693643",18,"23.03","2021-03-23 01:15:00"
"693337",18,"16.77","2021-07-14 21:30:00"
"693492",18,"16.6","2021-07-14 21:45:00"
"693645",18,"16.43","2021-07-14 22:00:00"
"693739",18,"20.69","2021-04-26 00:00:00"
"693898",18,"20.41","2021-04-26 00:15:00"
"694168",18,"15.75","2021-07-14 22:45:00"
"694389",18,"15.55","2021-07-14 23:00:00"
"694573",18,"15.36","2021-07-14 23:15:00"
"694499",18,"19.97","2021-04-26 01:15:00"
"694646",18,"20.13","2021-04-26 01:30:00"
"694567",18,"22.23","2021-03-23 02:45:00"
"694709",18,"22.14","2021-03-23 03:00:00"
"694866",18,"22.03","2021-03-23 03:15:00"
"694783",18,"15.23","2021-07-14 23:30:00"
"694949",18,"15.19","2021-07-14 23:45:00"
"695121",18,"15.11","2021-07-15 00:00:00"
"695868",18,"22.5","2021-06-03 18:00:00"
"695922",18,"21.84","2021-06-03 18:15:00"
"695976",18,"21.3","2021-06-03 18:30:00"
"696030",18,"20.82","2021-06-03 18:45:00"
"696084",18,"20.39","2021-06-03 19:00:00"
"696138",18,"20.05","2021-06-03 19:15:00"
"696192",18,"19.71","2021-06-03 19:30:00"
"696246",18,"19.37","2021-06-03 19:45:00"
"696300",18,"19.06","2021-06-03 20:00:00"
"696354",18,"18.79","2021-06-03 20:15:00"
"697128",18,"14.57","2021-07-15 00:45:00"
"697321",18,"14.42","2021-07-15 01:00:00"
"697482",18,"14.25","2021-07-15 01:15:00"
"697212",18,"20.93","2021-03-23 06:00:00"
"697353",18,"20.86","2021-03-23 06:15:00"
"697464",18,"17.77","2021-04-26 04:30:00"
"697513",18,"20.77","2021-03-23 06:30:00"
"697652",18,"20.74","2021-03-23 06:45:00"
"697824",18,"20.78","2021-03-23 07:00:00"
"697987",18,"20.92","2021-03-23 07:15:00"
"698804",18,"17.02","2021-04-26 06:30:00"
"698966",18,"16.94","2021-04-26 06:45:00"
"698827",18,"23.01","2021-03-23 08:30:00"
"698991",18,"23.8","2021-03-23 08:45:00"
"699203",18,"13.03","2021-07-15 04:00:00"
"699347",18,"12.95","2021-07-15 04:15:00"
"699126",18,"17.03","2021-04-26 07:00:00"
"699315",18,"17.23","2021-04-26 07:15:00"
"699463",18,"17.55","2021-04-26 07:30:00"
"700218",18,"16.4","2021-06-04 00:15:00"
"700272",18,"16.24","2021-06-04 00:30:00"
"700326",18,"16.09","2021-06-04 00:45:00"
"700380",18,"16.03","2021-06-04 01:00:00"
"700434",18,"15.96","2021-06-04 01:15:00"
"700488",18,"15.84","2021-06-04 01:30:00"
"700542",18,"15.76","2021-06-04 01:45:00"
"700596",18,"15.64","2021-06-04 02:00:00"
"700650",18,"15.6","2021-06-04 02:15:00"
"700704",18,"15.42","2021-06-04 02:30:00"
"700758",18,"15.26","2021-06-04 02:45:00"
"701378",18,"24.27","2021-04-26 09:00:00"
"701533",18,"25.47","2021-04-26 09:15:00"
"701556",18,"13.7","2021-07-15 05:45:00"
"701746",18,"13.68","2021-07-15 06:00:00"
"701884",18,"13.65","2021-07-15 06:15:00"
"701759",18,"29.72","2021-03-23 11:45:00"
"701930",18,"30.02","2021-03-23 12:00:00"
"701676",18,"26.59","2021-04-26 09:30:00"
"701851",18,"27.87","2021-04-26 09:45:00"
"702007",18,"29.2","2021-04-26 10:00:00"
"703011",18,"37.11","2021-04-26 11:30:00"
"703174",18,"38.17","2021-04-26 11:45:00"
"703307",18,"39.38","2021-04-26 12:00:00"
"703328",18,"15.34","2021-07-15 08:30:00"
"703424",18,"16.49","2021-07-15 08:45:00"
"704626",18,"32.08","2021-03-23 14:15:00"
"704746",18,"32.24","2021-03-23 14:30:00"
"703427",18,"38.77","2021-04-26 12:15:00"
"703523",18,"36.69","2021-04-26 12:30:00"
"704082",18,"14.93","2021-06-04 04:15:00"
"704136",18,"14.99","2021-06-04 04:30:00"
"704190",18,"15","2021-06-04 04:45:00"
"704244",18,"14.98","2021-06-04 05:00:00"
"704298",18,"14.86","2021-06-04 05:15:00"
"704352",18,"14.72","2021-06-04 05:30:00"
"704406",18,"14.68","2021-06-04 05:45:00"
"704460",18,"14.61","2021-06-04 06:00:00"
"704514",18,"14.59","2021-06-04 06:15:00"
"704572",18,"14.45","2021-06-04 06:30:00"
"705819",18,"29.56","2021-03-23 17:30:00"
"705928",18,"29.13","2021-03-23 17:45:00"
"706041",18,"36.24","2021-04-26 14:45:00"
"706257",18,"37.2","2021-04-26 15:00:00"
"705997",18,"28.7","2021-03-23 18:00:00"
"706079",18,"28.29","2021-03-23 18:15:00"
"706133",18,"27.94","2021-03-23 18:30:00"
"707782",18,"27.6","2021-03-23 18:45:00"
"707836",18,"27.25","2021-03-23 19:00:00"
"706986",18,"34.15","2021-04-26 16:45:00"
"707074",18,"32.85","2021-04-26 17:00:00"
"707007",18,"29.78","2021-07-15 11:30:00"
"707127",18,"30.36","2021-07-15 11:45:00"
"707274",18,"30.73","2021-07-15 12:00:00"
"707171",18,"32.14","2021-04-26 17:15:00"
"707247",18,"31","2021-04-26 17:30:00"
"708772",18,"29.65","2021-04-26 17:45:00"
"707328",18,"32.13","2021-07-15 12:15:00"
"707382",18,"32.19","2021-07-15 12:30:00"
"708052",18,"26.49","2021-03-23 20:00:00"
"708106",18,"26.24","2021-03-23 20:15:00"
"708160",18,"26.08","2021-03-23 20:30:00"
"708252",18,"25.82","2021-03-23 20:45:00"
"708360",18,"25.56","2021-03-23 21:00:00"
"708401",18,"15.09","2021-06-04 08:00:00"
"708505",18,"15.9","2021-06-04 08:15:00"
"708625",18,"16.99","2021-06-04 08:30:00"
"708470",18,"25.33","2021-03-23 21:15:00"
"708577",18,"25.18","2021-03-23 21:30:00"
"709736",18,"24.23","2021-04-26 19:15:00"
"709842",18,"23.68","2021-04-26 19:30:00"
"709866",18,"23.88","2021-06-04 10:30:00"
"709955",18,"24.83","2021-06-04 10:45:00"
"710050",18,"25.75","2021-06-04 11:00:00"
"709964",18,"23.25","2021-04-26 19:45:00"
"710084",18,"22.83","2021-04-26 20:00:00"
"710185",18,"22.44","2021-04-26 20:15:00"
"710166",18,"26.58","2021-06-04 11:15:00"
"710285",18,"27.46","2021-06-04 11:30:00"
"711408",18,"27.55","2021-07-15 17:15:00"
"711462",18,"26.64","2021-07-15 17:30:00"
"711516",18,"25.8","2021-07-15 17:45:00"
"711570",18,"24.88","2021-07-15 18:00:00"
"711624",18,"24.15","2021-07-15 18:15:00"
"711678",18,"23.77","2021-07-15 18:30:00"
"711732",18,"23.52","2021-07-15 18:45:00"
"714786",18,"23.14","2021-07-15 19:00:00"
"711862",18,"23.96","2021-03-23 23:45:00"
"711916",18,"23.85","2021-03-24 00:00:00"
"711970",18,"23.74","2021-03-24 00:15:00"
"712663",18,"19.44","2021-04-26 22:30:00"
"712818",18,"19.16","2021-04-26 22:45:00"
"712750",18,"22.69","2021-03-24 03:00:00"
"712884",18,"22.58","2021-03-24 03:15:00"
"712743",18,"29.41","2021-06-04 12:30:00"
"712927",18,"29.86","2021-06-04 12:45:00"
"713124",18,"30.29","2021-06-04 13:00:00"
"712997",18,"18.93","2021-04-26 23:00:00"
"713138",18,"18.72","2021-04-26 23:15:00"
"713304",18,"18.5","2021-04-26 23:30:00"
"714675",18,"15.86","2021-04-27 02:45:00"
"716758",18,"15.68","2021-04-27 03:00:00"
"716867",18,"15.63","2021-04-27 03:15:00"
"714840",18,"23.06","2021-07-15 19:15:00"
"714894",18,"23","2021-07-15 19:30:00"
"714948",18,"22.89","2021-07-15 19:45:00"
"715002",18,"22.73","2021-07-15 20:00:00"
"715056",18,"22.48","2021-07-15 20:15:00"
"715110",18,"21.95","2021-07-15 20:30:00"
"715164",18,"21.63","2021-07-15 20:45:00"
"715218",18,"21.56","2021-07-15 21:00:00"
"715834",18,"22.32","2021-03-24 04:15:00"
"715888",18,"22.3","2021-03-24 04:30:00"
"715942",18,"22.3","2021-03-24 04:45:00"
"715996",18,"22.26","2021-03-24 05:00:00"
"716050",18,"22.21","2021-03-24 05:15:00"
"716104",18,"22.17","2021-03-24 05:30:00"
"716158",18,"22.11","2021-03-24 05:45:00"
"716212",18,"22.07","2021-03-24 06:00:00"
"716266",18,"22.04","2021-03-24 06:15:00"
"716320",18,"22","2021-03-24 06:30:00"
"717384",18,"24.47","2021-06-04 17:30:00"
"675062",18,"18.82","2021-06-02 19:45:00"
"675116",18,"18.54","2021-06-02 20:00:00"
"675170",18,"18.31","2021-06-02 20:15:00"
"675224",18,"18.1","2021-06-02 20:30:00"
"675278",18,"17.9","2021-06-02 20:45:00"
"675332",18,"17.7","2021-06-02 21:00:00"
"675386",18,"17.59","2021-06-02 21:15:00"
"675440",18,"17.53","2021-06-02 21:30:00"
"676100",18,"16.88","2021-06-02 23:00:00"
"678818",18,"16.62","2021-06-02 23:15:00"
"678872",18,"16.4","2021-06-02 23:30:00"
"676199",18,"22.11","2021-03-22 01:30:00"
"676268",18,"22.04","2021-03-22 01:45:00"
"676352",18,"22","2021-03-22 02:00:00"
"676440",18,"21.93","2021-03-22 02:15:00"
"676520",18,"21.89","2021-03-22 02:30:00"
"676485",18,"13.05","2021-07-14 03:15:00"
"676646",18,"12.92","2021-07-14 03:30:00"
"676831",18,"12.86","2021-07-14 03:45:00"
"676601",18,"21.92","2021-03-22 02:45:00"
"676673",18,"22.02","2021-03-22 03:00:00"
"676753",18,"22.09","2021-03-22 03:15:00"
"676832",18,"22.12","2021-03-22 03:30:00"
"676897",18,"22.14","2021-03-22 03:45:00"
"677038",18,"12.66","2021-07-14 04:00:00"
"677150",18,"12.51","2021-07-14 04:15:00"
"676980",18,"22.08","2021-03-22 04:00:00"
"677057",18,"21.96","2021-03-22 04:15:00"
"677740",18,"11.91","2021-07-14 05:45:00"
"679781",18,"11.75","2021-07-14 06:00:00"
"679950",18,"11.68","2021-07-14 06:15:00"
"677830",18,"20.36","2021-04-25 04:45:00"
"677884",18,"20.33","2021-04-25 05:00:00"
"677938",18,"20.29","2021-04-25 05:15:00"
"677992",18,"20.15","2021-04-25 05:30:00"
"678046",18,"20","2021-04-25 05:45:00"
"678100",18,"20.03","2021-04-25 06:00:00"
"678154",18,"19.92","2021-04-25 06:15:00"
"678208",18,"19.77","2021-04-25 06:30:00"
"679373",18,"21.37","2021-03-22 06:00:00"
"679469",18,"21.29","2021-03-22 06:15:00"
"679362",18,"15.28","2021-06-03 01:30:00"
"679483",18,"15.25","2021-06-03 01:45:00"
"679577",18,"15.28","2021-06-03 02:00:00"
"679590",18,"21.21","2021-03-22 06:30:00"
"679693",18,"21.2","2021-03-22 06:45:00"
"679822",18,"21.3","2021-03-22 07:00:00"
"679690",18,"15.3","2021-06-03 02:15:00"
"679838",18,"15.27","2021-06-03 02:30:00"
"680000",18,"21.54","2021-03-22 07:15:00"
"680138",18,"21.81","2021-03-22 07:30:00"
"679984",18,"15.18","2021-06-03 02:45:00"
"680182",18,"15.06","2021-06-03 03:00:00"
"680345",18,"14.95","2021-06-03 03:15:00"
"680093",18,"11.64","2021-07-14 06:30:00"
"680253",18,"11.51","2021-07-14 06:45:00"
"680302",18,"22.1","2021-03-22 07:45:00"
"680450",18,"22.39","2021-03-22 08:00:00"
"680626",18,"22.7","2021-03-22 08:15:00"
"681468",18,"16.93","2021-07-14 09:15:00"
"681550",18,"18.53","2021-07-14 09:30:00"
"681604",18,"20.24","2021-07-14 09:45:00"
"681658",18,"21.76","2021-07-14 10:00:00"
"681712",18,"22.84","2021-07-14 10:15:00"
"681766",18,"23.77","2021-07-14 10:30:00"
"683365",18,"24.87","2021-07-14 10:45:00"
"683495",18,"25.45","2021-07-14 11:00:00"
"681910",18,"25.01","2021-04-25 09:45:00"
"681964",18,"26.46","2021-04-25 10:00:00"
"682018",18,"26.7","2021-04-25 10:15:00"
"683140",18,"35.72","2021-03-22 12:00:00"
"683195",18,"36.07","2021-03-22 12:15:00"
"683272",18,"36.54","2021-03-22 12:30:00"
"683409",18,"36.59","2021-03-22 12:45:00"
"683530",18,"36.08","2021-03-22 13:00:00"
"683505",18,"14.65","2021-06-03 04:00:00"
"683832",18,"14.54","2021-06-03 04:15:00"
"684103",18,"14.45","2021-06-03 04:30:00"
"683645",18,"26.89","2021-07-14 11:15:00"
"683758",18,"27.48","2021-07-14 11:30:00"
"684964",18,"14.41","2021-06-03 05:30:00"
"685142",18,"14.29","2021-06-03 05:45:00"
"684962",18,"30.63","2021-07-14 14:15:00"
"685043",18,"30.77","2021-07-14 14:30:00"
"685119",18,"30.06","2021-07-14 14:45:00"
"685208",18,"29.36","2021-07-14 15:00:00"
"687497",18,"29.5","2021-07-14 15:15:00"
"687678",18,"29.05","2021-07-14 15:30:00"
"685276",18,"14.26","2021-06-03 06:00:00"
"685330",18,"14.24","2021-06-03 06:15:00"
"685384",18,"14.16","2021-06-03 06:30:00"
"686609",18,"34.01","2021-03-22 16:00:00"
"686709",18,"33.3","2021-03-22 16:15:00"
"686803",18,"28.2","2021-04-25 17:00:00"
"686942",18,"28.08","2021-04-25 17:15:00"
"686811",18,"32.32","2021-03-22 16:30:00"
"686901",18,"31.81","2021-03-22 16:45:00"
"686984",18,"31.87","2021-03-22 17:00:00"
"687063",18,"31.5","2021-03-22 17:15:00"
"687147",18,"30.83","2021-03-22 17:30:00"
"687794",18,"29.57","2021-07-14 15:45:00"
"687904",18,"29.73","2021-07-14 16:00:00"
"687749",18,"27.34","2021-03-22 19:00:00"
"687855",18,"26.95","2021-03-22 19:15:00"
"687961",18,"26.61","2021-03-22 19:30:00"
"689301",18,"26.33","2021-03-22 19:45:00"
"689408",18,"26.07","2021-03-22 20:00:00"
"688008",18,"29.28","2021-07-14 16:15:00"
"688062",18,"28.9","2021-07-14 16:30:00"
"688116",18,"28.25","2021-07-14 16:45:00"
"689151",18,"27.45","2021-07-14 17:00:00"
"689275",18,"26.53","2021-07-14 17:15:00"
"689485",18,"25.42","2021-07-14 17:30:00"
"689426",18,"25.23","2021-04-25 18:45:00"
"689558",18,"24.99","2021-04-25 19:00:00"
"689699",18,"24.81","2021-04-25 19:15:00"
"689590",18,"25.82","2021-03-22 20:15:00"
"689743",18,"25.54","2021-03-22 20:30:00"
"689883",18,"25.3","2021-03-22 20:45:00"
"689679",18,"24.33","2021-07-14 17:45:00"
"689875",18,"23.13","2021-07-14 18:00:00"
"690020",18,"22.17","2021-07-14 18:15:00"
"691018",18,"18.83","2021-07-14 19:45:00"
"692818",18,"18.41","2021-07-14 20:00:00"
"691017",18,"23.31","2021-04-25 21:15:00"
"691142",18,"23.04","2021-04-25 21:30:00"
"691250",18,"22.52","2021-04-25 21:45:00"
"691226",18,"24.27","2021-03-22 23:00:00"
"691335",18,"24.05","2021-03-22 23:15:00"
"691356",18,"22.27","2021-04-25 22:00:00"
"691448",18,"22.16","2021-04-25 22:15:00"
"691570",18,"21.9","2021-04-25 22:30:00"
"692058",18,"28.36","2021-06-03 14:15:00"
"692112",18,"27.91","2021-06-03 14:30:00"
"692166",18,"26.62","2021-06-03 14:45:00"
"692220",18,"26.13","2021-06-03 15:00:00"
"692274",18,"27.16","2021-06-03 15:15:00"
"692328",18,"27.67","2021-06-03 15:30:00"
"692382",18,"27.82","2021-06-03 15:45:00"
"692436",18,"27.69","2021-06-03 16:00:00"
"692490",18,"27.38","2021-06-03 16:15:00"
"692544",18,"27.06","2021-06-03 16:30:00"
"693812",18,"22.85","2021-03-23 01:30:00"
"693961",18,"22.7","2021-03-23 01:45:00"
"693811",18,"16.19","2021-07-14 22:15:00"
"694003",18,"15.94","2021-07-14 22:30:00"
"694051",18,"20.33","2021-04-26 00:30:00"
"694184",18,"20.18","2021-04-26 00:45:00"
"694334",18,"20.01","2021-04-26 01:00:00"
"694147",18,"22.58","2021-03-23 02:00:00"
"694286",18,"22.45","2021-03-23 02:15:00"
"694408",18,"22.33","2021-03-23 02:30:00"
"694789",18,"19.94","2021-04-26 01:45:00"
"694950",18,"19.52","2021-04-26 02:00:00"
"695126",18,"19.17","2021-04-26 02:15:00"
"695023",18,"21.94","2021-03-23 03:30:00"
"695160",18,"21.81","2021-03-23 03:45:00"
"695283",18,"15","2021-07-15 00:15:00"
"696960",18,"14.8","2021-07-15 00:30:00"
"695287",18,"18.89","2021-04-26 02:30:00"
"695438",18,"18.75","2021-04-26 02:45:00"
"696408",18,"18.56","2021-06-03 20:30:00"
"696462",18,"18.37","2021-06-03 20:45:00"
"696516",18,"18.22","2021-06-03 21:00:00"
"696570",18,"18.02","2021-06-03 21:15:00"
"696624",18,"17.83","2021-06-03 21:30:00"
"696678",18,"17.69","2021-06-03 21:45:00"
"696732",18,"17.53","2021-06-03 22:00:00"
"699786",18,"17.42","2021-06-03 22:15:00"
"696866",18,"21.21","2021-03-23 05:15:00"
"696920",18,"21.11","2021-03-23 05:30:00"
"697043",18,"21.02","2021-03-23 05:45:00"
"698390",18,"13.64","2021-07-15 02:45:00"
"698548",18,"13.52","2021-07-15 03:00:00"
"698329",18,"17.25","2021-04-26 05:45:00"
"698508",18,"17.18","2021-04-26 06:00:00"
"698650",18,"17.09","2021-04-26 06:15:00"
"698331",18,"21.39","2021-03-23 07:45:00"
"698473",18,"21.68","2021-03-23 08:00:00"
"698672",18,"22.13","2021-03-23 08:15:00"
"698699",18,"13.4","2021-07-15 03:15:00"
"698880",18,"13.29","2021-07-15 03:30:00"
"699040",18,"13.17","2021-07-15 03:45:00"
"699153",18,"24.07","2021-03-23 09:00:00"
"699307",18,"24.47","2021-03-23 09:15:00"
"700784",18,"24.92","2021-03-23 09:30:00"
"699498",18,"12.91","2021-07-15 04:30:00"
"699608",18,"12.93","2021-07-15 04:45:00"
"699706",18,"13.22","2021-07-15 05:00:00"
"699569",18,"18.01","2021-04-26 07:45:00"
"699689",18,"18.77","2021-04-26 08:00:00"
"701230",18,"13.53","2021-07-15 05:15:00"
"701373",18,"13.62","2021-07-15 05:30:00"
"703812",18,"15.31","2021-06-04 03:00:00"
"703866",18,"15.4","2021-06-04 03:15:00"
"700838",18,"25.42","2021-03-23 09:45:00"
"700892",18,"25.93","2021-03-23 10:00:00"
"700946",18,"26.48","2021-03-23 10:15:00"
"701009",18,"27.07","2021-03-23 10:30:00"
"701110",18,"27.62","2021-03-23 10:45:00"
"701278",18,"28.13","2021-03-23 11:00:00"
"701458",18,"28.69","2021-03-23 11:15:00"
"701608",18,"29.24","2021-03-23 11:30:00"
"702561",18,"31.57","2021-03-23 13:00:00"
"702722",18,"31.81","2021-03-23 13:15:00"
"702696",18,"34.69","2021-04-26 11:00:00"
"702846",18,"35.88","2021-04-26 11:15:00"
"702847",18,"13.77","2021-07-15 07:45:00"
"703004",18,"13.67","2021-07-15 08:00:00"
"703164",18,"14.21","2021-07-15 08:15:00"
"702894",18,"32.29","2021-03-23 13:30:00"
"703052",18,"31.35","2021-03-23 13:45:00"
"703214",18,"31.81","2021-03-23 14:00:00"
"703544",18,"17.7","2021-07-15 09:00:00"
"703647",18,"18.06","2021-07-15 09:15:00"
"703734",18,"19.47","2021-07-15 09:30:00"
"703636",18,"37.2","2021-04-26 12:45:00"
"705234",18,"37.59","2021-04-26 13:00:00"
"705340",18,"38.25","2021-04-26 13:15:00"
"706175",18,"21.15","2021-07-15 09:45:00"
"706314",18,"22.46","2021-07-15 10:00:00"
"703920",18,"15.46","2021-06-04 03:30:00"
"703974",18,"15.29","2021-06-04 03:45:00"
"704028",18,"15.05","2021-06-04 04:00:00"
"705188",18,"31.81","2021-03-23 16:00:00"
"705282",18,"31.29","2021-03-23 16:15:00"
"705387",18,"30.35","2021-03-23 16:30:00"
"705464",18,"37.38","2021-04-26 13:30:00"
"705564",18,"36.72","2021-04-26 13:45:00"
"705482",18,"29.96","2021-03-23 16:45:00"
"705597",18,"30.02","2021-03-23 17:00:00"
"705699",18,"29.86","2021-03-23 17:15:00"
"705679",18,"36.04","2021-04-26 14:00:00"
"705780",18,"35.26","2021-04-26 14:15:00"
"705882",18,"35.41","2021-04-26 14:30:00"
"707436",18,"33.09","2021-07-15 12:45:00"
"707490",18,"32.76","2021-07-15 13:00:00"
"707544",18,"32.8","2021-07-15 13:15:00"
"707598",18,"33.12","2021-07-15 13:30:00"
"707652",18,"32.55","2021-07-15 13:45:00"
"707706",18,"32.52","2021-07-15 14:00:00"
"707760",18,"32.1","2021-07-15 14:15:00"
"710814",18,"31.24","2021-07-15 14:30:00"
"707890",18,"26.92","2021-03-23 19:15:00"
"707944",18,"26.73","2021-03-23 19:30:00"
"707998",18,"26.68","2021-03-23 19:45:00"
"709179",18,"24.83","2021-03-23 22:30:00"
"709333",18,"24.62","2021-03-23 22:45:00"
"709492",18,"24.45","2021-03-23 23:00:00"
"709286",18,"26.39","2021-04-26 18:30:00"
"709441",18,"25.58","2021-04-26 18:45:00"
"709585",18,"24.87","2021-04-26 19:00:00"
"709564",18,"22.42","2021-06-04 10:00:00"
"709751",18,"23.15","2021-06-04 10:15:00"
"709667",18,"24.28","2021-03-23 23:15:00"
"711808",18,"24.11","2021-03-23 23:30:00"
"710868",18,"30.77","2021-07-15 14:45:00"
"710922",18,"30.7","2021-07-15 15:00:00"
"710976",18,"30.21","2021-07-15 15:15:00"
"711030",18,"30.68","2021-07-15 15:30:00"
"711084",18,"30.28","2021-07-15 15:45:00"
"711138",18,"29.81","2021-07-15 16:00:00"
"711192",18,"29.8","2021-07-15 16:15:00"
"711246",18,"29.74","2021-07-15 16:30:00"
"711300",18,"29.47","2021-07-15 16:45:00"
"711354",18,"28.43","2021-07-15 17:00:00"
"713031",18,"22.47","2021-03-24 03:30:00"
"713166",18,"22.4","2021-03-24 03:45:00"
"713302",18,"22.36","2021-03-24 04:00:00"
"713317",18,"30.5","2021-06-04 13:15:00"
"713428",18,"30.43","2021-06-04 13:30:00"
"713409",18,"18.3","2021-04-26 23:45:00"
"713505",18,"18.06","2021-04-27 00:00:00"
"713561",18,"29.68","2021-06-04 13:45:00"
"713696",18,"28.98","2021-06-04 14:00:00"
"713801",18,"28.49","2021-06-04 14:15:00"
"714126",18,"16.67","2021-04-27 01:30:00"
"714227",18,"16.47","2021-04-27 01:45:00"
"714355",18,"16.3","2021-04-27 02:00:00"
"714420",18,"28.28","2021-06-04 15:45:00"
"714528",18,"28.15","2021-06-04 16:00:00"
"714468",18,"16.19","2021-04-27 02:15:00"
"714573",18,"16.05","2021-04-27 02:30:00"
"714652",18,"27.87","2021-06-04 16:15:00"
"714728",18,"27.36","2021-06-04 16:30:00"
"717089",18,"26.79","2021-06-04 16:45:00"
"716374",18,"21.96","2021-03-24 06:45:00"
"716428",18,"22","2021-03-24 07:00:00"
"716482",18,"22.18","2021-03-24 07:15:00"
"716536",18,"22.43","2021-03-24 07:30:00"
"716590",18,"22.89","2021-03-24 07:45:00"
"716644",18,"23.39","2021-03-24 08:00:00"
"716722",18,"24.03","2021-03-24 08:15:00"
"659349",18,"14.66","2021-06-02 04:15:00"
"659680",18,"14.76","2021-06-02 04:30:00"
"659401",18,"22.13","2021-03-21 05:00:00"
"659582",18,"22.2","2021-03-21 05:15:00"
"661723",18,"32.09","2021-04-24 10:45:00"
"661848",18,"32.14","2021-04-24 11:00:00"
"661947",18,"33.06","2021-04-24 11:15:00"
"661964",18,"32.81","2021-03-21 10:45:00"
"662054",18,"33.82","2021-03-21 11:00:00"
"662072",18,"33.27","2021-04-24 11:30:00"
"662157",18,"35.32","2021-04-24 11:45:00"
"662212",18,"36.64","2021-04-24 12:00:00"
"662280",18,"37.15","2021-04-24 12:15:00"
"662389",18,"37.17","2021-04-24 12:30:00"
"662849",18,"31.78","2021-07-13 12:45:00"
"663048",18,"32.18","2021-07-13 13:00:00"
"663241",18,"32.81","2021-07-13 13:15:00"
"662947",18,"14.85","2021-06-02 04:45:00"
"663120",18,"14.91","2021-06-02 05:00:00"
"663304",18,"14.94","2021-06-02 05:15:00"
"663077",18,"37.82","2021-04-24 14:00:00"
"663191",18,"36.79","2021-04-24 14:15:00"
"663331",18,"37.17","2021-04-24 14:30:00"
"663420",18,"33.2","2021-07-13 13:30:00"
"663517",18,"32.86","2021-07-13 13:45:00"
"663626",18,"31.88","2021-07-13 14:00:00"
"664389",18,"30.24","2021-07-13 15:45:00"
"664511",18,"29.76","2021-07-13 16:00:00"
"666865",18,"29.27","2021-07-13 16:15:00"
"664578",18,"14.8","2021-06-02 08:15:00"
"664632",18,"16.5","2021-06-02 08:30:00"
"664686",18,"17.05","2021-06-02 08:45:00"
"664740",18,"17.51","2021-06-02 09:00:00"
"666824",18,"18.21","2021-06-02 09:15:00"
"664794",18,"34.7","2021-03-21 11:15:00"
"664848",18,"35.24","2021-03-21 11:30:00"
"664902",18,"35.72","2021-03-21 11:45:00"
"666616",18,"27.36","2021-04-24 18:30:00"
"666670",18,"26.97","2021-04-24 18:45:00"
"666724",18,"26.72","2021-04-24 19:00:00"
"666778",18,"26.4","2021-04-24 19:15:00"
"669758",18,"26.02","2021-04-24 19:30:00"
"667029",18,"28.89","2021-07-13 16:30:00"
"667185",18,"28.28","2021-07-13 16:45:00"
"666911",18,"19.15","2021-06-02 09:30:00"
"666988",18,"20.28","2021-06-02 09:45:00"
"667064",18,"21.73","2021-06-02 10:00:00"
"668928",18,"28.36","2021-03-21 16:30:00"
"668982",18,"26.9","2021-03-21 16:45:00"
"669036",18,"25.61","2021-03-21 17:00:00"
"669090",18,"25.83","2021-03-21 17:15:00"
"669144",18,"25.97","2021-03-21 17:30:00"
"669198",18,"26.04","2021-03-21 17:45:00"
"669252",18,"25.9","2021-03-21 18:00:00"
"669306",18,"25.73","2021-03-21 18:15:00"
"669360",18,"25.62","2021-03-21 18:30:00"
"669414",18,"25.47","2021-03-21 18:45:00"
"671620",18,"16.97","2021-07-13 21:30:00"
"671726",18,"16.61","2021-07-13 21:45:00"
"671827",18,"16.33","2021-07-13 22:00:00"
"671783",18,"23.57","2021-06-02 17:15:00"
"671889",18,"22.95","2021-06-02 17:30:00"
"671993",18,"22.3","2021-06-02 17:45:00"
"671952",18,"16.04","2021-07-13 22:15:00"
"672049",18,"15.81","2021-07-13 22:30:00"
"672106",18,"21.57","2021-06-02 18:00:00"
"672223",18,"20.94","2021-06-02 18:15:00"
"674290",18,"20.63","2021-04-25 02:15:00"
"674344",18,"20.58","2021-04-25 02:30:00"
"674398",18,"20.57","2021-04-25 02:45:00"
"674452",18,"20.53","2021-04-25 03:00:00"
"674506",18,"20.43","2021-04-25 03:15:00"
"674560",18,"20.38","2021-04-25 03:30:00"
"674614",18,"20.37","2021-04-25 03:45:00"
"674668",18,"20.41","2021-04-25 04:00:00"
"674722",18,"20.41","2021-04-25 04:15:00"
"674776",18,"20.39","2021-04-25 04:30:00"
"675529",18,"17.48","2021-06-02 21:45:00"
"675650",18,"17.4","2021-06-02 22:00:00"
"675751",18,"13.64","2021-07-14 02:00:00"
"675860",18,"13.65","2021-07-14 02:15:00"
"675968",18,"13.62","2021-07-14 02:30:00"
"675752",18,"17.3","2021-06-02 22:15:00"
"675859",18,"17.19","2021-06-02 22:30:00"
"675967",18,"17.07","2021-06-02 22:45:00"
"676149",18,"13.41","2021-07-14 02:45:00"
"676332",18,"13.21","2021-07-14 03:00:00"
"677167",18,"21.86","2021-03-22 04:30:00"
"677291",18,"21.79","2021-03-22 04:45:00"
"677399",18,"21.7","2021-03-22 05:00:00"
"677238",18,"12.38","2021-07-14 04:30:00"
"677344",18,"12.33","2021-07-14 04:45:00"
"677460",18,"12.28","2021-07-14 05:00:00"
"677495",18,"21.59","2021-03-22 05:15:00"
"677598",18,"21.5","2021-03-22 05:30:00"
"679240",18,"21.43","2021-03-22 05:45:00"
"677576",18,"12.19","2021-07-14 05:15:00"
"677686",18,"12.07","2021-07-14 05:30:00"
"681802",18,"23.05","2021-04-25 09:15:00"
"681856",18,"23.79","2021-04-25 09:30:00"
"678926",18,"16.21","2021-06-02 23:45:00"
"678980",18,"16.05","2021-06-03 00:00:00"
"679034",18,"15.9","2021-06-03 00:15:00"
"679088",18,"15.79","2021-06-03 00:30:00"
"679142",18,"15.75","2021-06-03 00:45:00"
"679196",18,"15.56","2021-06-03 01:00:00"
"679266",18,"15.38","2021-06-03 01:15:00"
"680864",18,"24.51","2021-03-22 08:45:00"
"680974",18,"25.74","2021-03-22 09:00:00"
"681081",18,"27.29","2021-03-22 09:15:00"
"681119",18,"14.45","2021-07-14 08:30:00"
"681235",18,"15.18","2021-07-14 08:45:00"
"681362",18,"16.18","2021-07-14 09:00:00"
"681181",18,"28.55","2021-03-22 09:30:00"
"681284",18,"29.7","2021-03-22 09:45:00"
"681377",18,"30.81","2021-03-22 10:00:00"
"681488",18,"31.82","2021-03-22 10:15:00"
"682816",18,"32.61","2021-03-22 10:30:00"
"682612",18,"36.84","2021-04-25 13:00:00"
"682666",18,"37.68","2021-04-25 13:15:00"
"682720",18,"38.26","2021-04-25 13:30:00"
"682774",18,"38.4","2021-04-25 13:45:00"
"685828",18,"36.99","2021-04-25 14:00:00"
"682870",18,"33.17","2021-03-22 10:45:00"
"682924",18,"33.72","2021-03-22 11:00:00"
"682978",18,"34.3","2021-03-22 11:15:00"
"683032",18,"34.9","2021-03-22 11:30:00"
"683086",18,"35.38","2021-03-22 11:45:00"
"685438",18,"14.07","2021-06-03 06:45:00"
"685492",18,"14","2021-06-03 07:00:00"
"685546",18,"14.07","2021-06-03 07:15:00"
"685600",18,"14.23","2021-06-03 07:30:00"
"685654",18,"14.51","2021-06-03 07:45:00"
"685708",18,"14.85","2021-06-03 08:00:00"
"685762",18,"15.81","2021-06-03 08:15:00"
"685882",18,"35.73","2021-04-25 14:15:00"
"685936",18,"34.65","2021-04-25 14:30:00"
"685990",18,"34.1","2021-04-25 14:45:00"
"688198",18,"17.01","2021-06-03 08:30:00"
"688258",18,"18.26","2021-06-03 08:45:00"
"688312",18,"19.18","2021-06-03 09:00:00"
"688366",18,"20.05","2021-06-03 09:15:00"
"688420",18,"21.13","2021-06-03 09:30:00"
"688474",18,"22.11","2021-06-03 09:45:00"
"688528",18,"23.1","2021-06-03 10:00:00"
"688582",18,"24.27","2021-06-03 10:15:00"
"688636",18,"25.28","2021-06-03 10:30:00"
"688690",18,"26.17","2021-06-03 10:45:00"
"690494",18,"24.94","2021-03-22 21:45:00"
"690644",18,"24.85","2021-03-22 22:00:00"
"690556",18,"20.21","2021-07-14 19:00:00"
"690715",18,"19.74","2021-07-14 19:15:00"
"690860",18,"19.31","2021-07-14 19:30:00"
"690687",18,"23.61","2021-04-25 20:45:00"
"690836",18,"23.45","2021-04-25 21:00:00"
"690835",18,"24.68","2021-03-22 22:15:00"
"690980",18,"24.53","2021-03-22 22:30:00"
"691113",18,"24.45","2021-03-22 22:45:00"
"692598",18,"26.52","2021-06-03 16:45:00"
"692652",18,"25.91","2021-06-03 17:00:00"
"692706",18,"25.17","2021-06-03 17:15:00"
"692760",18,"24.21","2021-06-03 17:30:00"
"695814",18,"23.27","2021-06-03 17:45:00"
"692872",18,"18.11","2021-07-14 20:15:00"
"692926",18,"17.76","2021-07-14 20:30:00"
"692980",18,"17.41","2021-07-14 20:45:00"
"693035",18,"17.11","2021-07-14 21:00:00"
"693170",18,"16.95","2021-07-14 21:15:00"
"695327",18,"21.67","2021-03-23 04:00:00"
"695464",18,"21.56","2021-03-23 04:15:00"
"695579",18,"21.45","2021-03-23 04:30:00"
"695535",18,"18.59","2021-04-26 03:00:00"
"695642",18,"18.33","2021-04-26 03:15:00"
"695744",18,"18.14","2021-04-26 03:30:00"
"695693",18,"21.37","2021-03-23 04:45:00"
"696812",18,"21.28","2021-03-23 05:00:00"
"697003",18,"18","2021-04-26 03:45:00"
"697147",18,"17.9","2021-04-26 04:00:00"
"697299",18,"17.84","2021-04-26 04:15:00"
"697621",18,"14.14","2021-07-15 01:30:00"
"697758",18,"14.05","2021-07-15 01:45:00"
"697920",18,"13.94","2021-07-15 02:00:00"
"697675",18,"17.71","2021-04-26 04:45:00"
"697852",18,"17.62","2021-04-26 05:00:00"
"698007",18,"17.48","2021-04-26 05:15:00"
"698089",18,"13.87","2021-07-15 02:15:00"
"698164",18,"17.39","2021-04-26 05:30:00"
"698153",18,"21.14","2021-03-23 07:30:00"
"698250",18,"13.74","2021-07-15 02:30:00"
"699770",18,"19.69","2021-04-26 08:15:00"
"701085",18,"21.01","2021-04-26 08:30:00"
"701215",18,"22.78","2021-04-26 08:45:00"
"699840",18,"17.34","2021-06-03 22:30:00"
"699894",18,"17.3","2021-06-03 22:45:00"
"699948",18,"17.29","2021-06-03 23:00:00"
"700002",18,"17.25","2021-06-03 23:15:00"
"700056",18,"17","2021-06-03 23:30:00"
"700110",18,"16.84","2021-06-03 23:45:00"
"700164",18,"16.63","2021-06-04 00:00:00"
"702057",18,"13.49","2021-07-15 06:30:00"
"702212",18,"13.41","2021-07-15 06:45:00"
"702092",18,"30.49","2021-03-23 12:15:00"
"702250",18,"30.86","2021-03-23 12:30:00"
"702408",18,"31.19","2021-03-23 12:45:00"
"702177",18,"30.6","2021-04-26 10:15:00"
"702339",18,"32.14","2021-04-26 10:30:00"
"702481",18,"33.57","2021-04-26 10:45:00"
"702376",18,"13.5","2021-07-15 07:00:00"
"702554",18,"13.71","2021-07-15 07:15:00"
"702680",18,"13.92","2021-07-15 07:30:00"
"704679",18,"14.32","2021-06-04 06:45:00"
"704777",18,"14.19","2021-06-04 07:00:00"
"704888",18,"14.29","2021-06-04 07:15:00"
"704846",18,"32.75","2021-03-23 14:45:00"
"704949",18,"32.42","2021-03-23 15:00:00"
"705026",18,"32.19","2021-03-23 15:15:00"
"708176",18,"14.52","2021-06-04 07:30:00"
"708290",18,"14.75","2021-06-04 07:45:00"
"705080",18,"32.75","2021-03-23 15:30:00"
"705134",18,"32.76","2021-03-23 15:45:00"
"706397",18,"23.84","2021-07-15 10:15:00"
"706500",18,"25.11","2021-07-15 10:30:00"
"706612",18,"26.4","2021-07-15 10:45:00"
"706398",18,"37.34","2021-04-26 15:15:00"
"706512",18,"37.53","2021-04-26 15:30:00"
"706615",18,"37.46","2021-04-26 15:45:00"
"706721",18,"27.66","2021-07-15 11:00:00"
"706858",18,"28.7","2021-07-15 11:15:00"
"706722",18,"37.37","2021-04-26 16:00:00"
"706810",18,"36.57","2021-04-26 16:15:00"
"706898",18,"35.74","2021-04-26 16:30:00"
"708773",18,"18.05","2021-06-04 08:45:00"
"708932",18,"18.82","2021-06-04 09:00:00"
"708689",18,"25.06","2021-03-23 21:45:00"
"708852",18,"25.02","2021-03-23 22:00:00"
"709015",18,"24.99","2021-03-23 22:15:00"
"708937",18,"28.4","2021-04-26 18:00:00"
"709090",18,"27.32","2021-04-26 18:15:00"
"709105",18,"19.67","2021-06-04 09:15:00"
"709244",18,"20.62","2021-06-04 09:30:00"
"709405",18,"21.55","2021-06-04 09:45:00"
"710282",18,"22.12","2021-04-26 20:30:00"
"710389",18,"21.81","2021-04-26 20:45:00"
"710399",18,"27.99","2021-06-04 11:45:00"
"710496",18,"28.47","2021-06-04 12:00:00"
"712580",18,"28.93","2021-06-04 12:15:00"
"710508",18,"21.54","2021-04-26 21:00:00"
"710578",18,"21.26","2021-04-26 21:15:00"
"710632",18,"20.9","2021-04-26 21:30:00"
"710686",18,"20.5","2021-04-26 21:45:00"
"710740",18,"20.11","2021-04-26 22:00:00"
"712492",18,"19.75","2021-04-26 22:15:00"
"712024",18,"23.62","2021-03-24 00:30:00"
"712078",18,"23.52","2021-03-24 00:45:00"
"712132",18,"23.42","2021-03-24 01:00:00"
"712186",18,"23.33","2021-03-24 01:15:00"
"712240",18,"23.24","2021-03-24 01:30:00"
"712294",18,"23.16","2021-03-24 01:45:00"
"712348",18,"23.09","2021-03-24 02:00:00"
"712402",18,"23","2021-03-24 02:15:00"
"712457",18,"22.9","2021-03-24 02:30:00"
"712576",18,"22.8","2021-03-24 02:45:00"
"713600",18,"17.84","2021-04-27 00:15:00"
"713682",18,"17.59","2021-04-27 00:30:00"
"713791",18,"17.31","2021-04-27 00:45:00"
"713902",18,"28.28","2021-06-04 14:30:00"
"714009",18,"27.1","2021-06-04 14:45:00"
"713905",18,"17.1","2021-04-27 01:00:00"
"714014",18,"16.87","2021-04-27 01:15:00"
"714113",18,"26.67","2021-06-04 15:00:00"
"714228",18,"27.68","2021-06-04 15:15:00"
"714310",18,"28.18","2021-06-04 15:30:00"
"715272",18,"21.57","2021-07-15 21:15:00"
"715326",18,"21.5","2021-07-15 21:30:00"
"715380",18,"21.24","2021-07-15 21:45:00"
"715434",18,"20.97","2021-07-15 22:00:00"
"715488",18,"20.82","2021-07-15 22:15:00"
"715542",18,"20.69","2021-07-15 22:30:00"
"715596",18,"20.66","2021-07-15 22:45:00"
"715650",18,"20.6","2021-07-15 23:00:00"
"715704",18,"20.49","2021-07-15 23:15:00"
"715758",18,"20.27","2021-07-15 23:30:00"
"716928",18,"15.52","2021-04-27 03:30:00"
"716982",18,"15.38","2021-04-27 03:45:00"
"717036",18,"15.28","2021-04-27 04:00:00"
"717093",18,"15.14","2021-04-27 04:15:00"
"717218",18,"14.96","2021-04-27 04:30:00"
"717187",18,"26.08","2021-06-04 17:00:00"
"717286",18,"25.26","2021-06-04 17:15:00"
"717334",18,"14.8","2021-04-27 04:45:00"
"717443",18,"14.67","2021-04-27 05:00:00"
"717541",18,"14.59","2021-04-27 05:15:00"
"718538",18,"19.69","2021-06-04 20:15:00"
"717505",18,"23.63","2021-06-04 17:45:00"
"717609",18,"22.83","2021-06-04 18:00:00"
"717653",18,"14.53","2021-04-27 05:30:00"
"717770",18,"14.49","2021-04-27 05:45:00"
"717713",18,"22.17","2021-06-04 18:15:00"
"717816",18,"21.67","2021-06-04 18:30:00"
"717921",18,"21.25","2021-06-04 18:45:00"
"717884",18,"14.5","2021-04-27 06:00:00"
"717982",18,"14.33","2021-04-27 06:15:00"
"718076",18,"14.18","2021-04-27 06:30:00"
"727464",18,"18.87","2021-07-16 10:00:00"
"727601",18,"18.88","2021-07-16 10:15:00"
"727668",18,"22.78","2021-01-01 03:15:00"
"727871",18,"22.8","2021-01-01 03:30:00"
"727655",18,"14.87","2021-06-05 05:45:00"
"727782",18,"14.96","2021-06-05 06:00:00"
"727938",18,"14.83","2021-06-05 06:15:00"
"727767",18,"18.88","2021-07-16 10:30:00"
"727903",18,"19.01","2021-07-16 10:45:00"
"728047",18,"19.14","2021-07-16 11:00:00"
"729025",18,"28.01","2021-03-24 19:30:00"
"729138",18,"27.43","2021-03-24 19:45:00"
"729236",18,"27.05","2021-03-24 20:00:00"
"729121",18,"19.45","2021-07-16 13:15:00"
"730787",18,"19.58","2021-07-16 13:30:00"
"729290",18,"26.82","2021-03-24 20:15:00"
"729344",18,"26.59","2021-03-24 20:30:00"
"729398",18,"26.38","2021-03-24 20:45:00"
"729452",18,"26.07","2021-03-24 21:00:00"
"729506",18,"25.81","2021-03-24 21:15:00"
"731320",18,"14.6","2021-06-05 07:00:00"
"731675",18,"14.51","2021-06-05 07:15:00"
"731991",18,"14.56","2021-06-05 07:30:00"
"731408",18,"22.64","2021-01-01 05:00:00"
"731572",18,"22.63","2021-01-01 05:15:00"
"731810",18,"22.56","2021-01-01 05:30:00"
"731624",18,"24.37","2021-03-24 23:30:00"
"731823",18,"24.24","2021-03-24 23:45:00"
"731718",18,"17.79","2021-04-27 22:00:00"
"732024",18,"17.49","2021-04-27 22:15:00"
"734431",18,"24.92","2021-01-01 08:15:00"
"734677",18,"25.57","2021-01-01 08:30:00"
"734912",18,"26.01","2021-01-01 08:45:00"
"734590",18,"17.84","2021-07-16 17:30:00"
"734836",18,"17.78","2021-07-16 17:45:00"
"735011",18,"17.69","2021-07-16 18:00:00"
"734849",18,"21.52","2021-06-05 09:30:00"
"735111",18,"22.36","2021-06-05 09:45:00"
"735226",18,"23.25","2021-06-05 10:00:00"
"735802",18,"22.87","2021-03-25 03:15:00"
"735856",18,"22.74","2021-03-25 03:30:00"
"735910",18,"22.63","2021-03-25 03:45:00"
"736125",18,"22.45","2021-03-25 04:30:00"
"736234",18,"22.41","2021-03-25 04:45:00"
"736337",18,"22.33","2021-03-25 05:00:00"
"736382",18,"17.29","2021-07-16 19:00:00"
"736477",18,"17.24","2021-07-16 19:15:00"
"736478",18,"22.24","2021-03-25 05:15:00"
"736568",18,"22.15","2021-03-25 05:30:00"
"736606",18,"17.22","2021-07-16 19:30:00"
"736708",18,"17.21","2021-07-16 19:45:00"
"736814",18,"17.15","2021-07-16 20:00:00"
"737801",18,"22.21","2021-03-25 07:45:00"
"737930",18,"30.7","2021-06-05 12:45:00"
"738034",18,"30.62","2021-06-05 13:00:00"
"738155",18,"30.46","2021-06-05 13:15:00"
"737954",18,"16.17","2021-07-16 22:00:00"
"738060",18,"16.16","2021-07-16 22:15:00"
"738156",18,"16.14","2021-07-16 22:30:00"
"738265",18,"31.13","2021-06-05 13:30:00"
"738382",18,"30.38","2021-06-05 13:45:00"
"739312",18,"36.38","2021-01-01 11:30:00"
"739366",18,"36.32","2021-01-01 11:45:00"
"739420",18,"36.68","2021-01-01 12:00:00"
"739474",18,"37.22","2021-01-01 12:15:00"
"739528",18,"38.67","2021-01-01 12:30:00"
"739582",18,"40.31","2021-01-01 12:45:00"
"739657",18,"40.97","2021-01-01 13:00:00"
"739753",18,"39.97","2021-01-01 13:15:00"
"739863",18,"38.41","2021-01-01 13:30:00"
"741360",18,"36.97","2021-01-01 13:45:00"
"740436",18,"13.54","2021-04-28 05:00:00"
"740490",18,"13.37","2021-04-28 05:15:00"
"740544",18,"13.2","2021-04-28 05:30:00"
"740598",18,"13.02","2021-04-28 05:45:00"
"740652",18,"12.87","2021-04-28 06:00:00"
"740706",18,"12.75","2021-04-28 06:15:00"
"740760",18,"12.73","2021-04-28 06:30:00"
"743425",18,"13.02","2021-04-28 06:45:00"
"740912",18,"28.32","2021-06-05 16:30:00"
"740966",18,"27.69","2021-06-05 16:45:00"
"741020",18,"27.02","2021-06-05 17:00:00"
"741665",18,"21.12","2021-06-05 19:15:00"
"741749",18,"20.81","2021-06-05 19:30:00"
"741888",18,"36.58","2021-01-01 14:45:00"
"742041",18,"39.82","2021-01-01 15:00:00"
"741821",18,"20.5","2021-06-05 19:45:00"
"741909",18,"20.13","2021-06-05 20:00:00"
"741991",18,"19.91","2021-06-05 20:15:00"
"742075",18,"19.66","2021-06-05 20:30:00"
"744533",18,"19.34","2021-06-05 20:45:00"
"743320",18,"15.8","2021-07-17 01:15:00"
"743375",18,"15.71","2021-07-17 01:30:00"
"743543",18,"15.65","2021-07-17 01:45:00"
"743499",18,"13.76","2021-04-28 07:00:00"
"743582",18,"14.43","2021-04-28 07:15:00"
"743711",18,"15.54","2021-07-17 02:00:00"
"743867",18,"15.37","2021-07-17 02:15:00"
"743662",18,"15.16","2021-04-28 07:30:00"
"743741",18,"15.73","2021-04-28 07:45:00"
"743825",18,"16.72","2021-04-28 08:00:00"
"745012",18,"30.99","2021-04-28 10:45:00"
"745176",18,"32.38","2021-04-28 11:00:00"
"745138",18,"18.49","2021-06-05 21:45:00"
"745267",18,"18.27","2021-06-05 22:00:00"
"745357",18,"32.53","2021-01-01 19:15:00"
"745513",18,"31.8","2021-01-01 19:30:00"
"745364",18,"18.11","2021-06-05 22:15:00"
"745448",18,"17.93","2021-06-05 22:30:00"
"745526",18,"17.69","2021-06-05 22:45:00"
"746634",18,"26.68","2021-01-01 22:15:00"
"746688",18,"26.45","2021-01-01 22:30:00"
"746742",18,"26.23","2021-01-01 22:45:00"
"749360",18,"26.02","2021-01-01 23:00:00"
"749468",18,"25.76","2021-01-01 23:15:00"
"749574",18,"25.51","2021-01-01 23:30:00"
"746786",18,"33.8","2021-04-28 11:15:00"
"746840",18,"34.9","2021-04-28 11:30:00"
"746956",18,"36.14","2021-04-28 11:45:00"
"746979",18,"16.19","2021-06-06 01:30:00"
"747057",18,"16.17","2021-06-06 01:45:00"
"747141",18,"15.98","2021-06-06 02:00:00"
"748282",18,"15.11","2021-06-06 04:45:00"
"748390",18,"15.08","2021-06-06 05:00:00"
"748522",18,"14.94","2021-06-06 05:15:00"
"748376",18,"36.49","2021-04-28 14:00:00"
"748536",18,"35.51","2021-04-28 14:15:00"
"748645",18,"14.84","2021-06-06 05:30:00"
"748764",18,"14.76","2021-06-06 05:45:00"
"748704",18,"14.62","2021-07-17 04:30:00"
"748883",18,"14.8","2021-07-17 04:45:00"
"749292",18,"15.42","2021-07-17 05:45:00"
"749363",18,"15.47","2021-07-17 06:00:00"
"749471",18,"15.49","2021-07-17 06:15:00"
"749580",18,"15.49","2021-07-17 06:30:00"
"749672",18,"15.5","2021-07-17 06:45:00"
"749699",18,"25.24","2021-01-01 23:45:00"
"749800",18,"24.95","2021-01-02 00:00:00"
"749786",18,"15.5","2021-07-17 07:00:00"
"749890",18,"15.5","2021-07-17 07:15:00"
"750000",18,"15.39","2021-07-17 07:30:00"
"750990",18,"14.19","2021-06-06 06:45:00"
"751044",18,"14.01","2021-06-06 07:00:00"
"751099",18,"14.01","2021-06-06 07:15:00"
"751172",18,"14.19","2021-06-06 07:30:00"
"751259",18,"14.49","2021-06-06 07:45:00"
"751350",18,"14.94","2021-06-06 08:00:00"
"751423",18,"15.86","2021-06-06 08:15:00"
"751486",18,"35.15","2021-04-28 16:30:00"
"751587",18,"33.38","2021-04-28 16:45:00"
"752622",18,"22.02","2021-04-28 19:45:00"
"752676",18,"21.65","2021-04-28 20:00:00"
"752730",18,"21.27","2021-04-28 20:15:00"
"755490",18,"20.83","2021-04-28 20:30:00"
"755592",18,"20.43","2021-04-28 20:45:00"
"752832",18,"16.24","2021-07-17 08:15:00"
"752886",18,"16.61","2021-07-17 08:30:00"
"752940",18,"16.94","2021-07-17 08:45:00"
"752994",18,"17.36","2021-07-17 09:00:00"
"753048",18,"17.49","2021-07-17 09:15:00"
"753740",18,"21.43","2021-07-17 12:15:00"
"753842",18,"21.52","2021-07-17 12:30:00"
"753849",18,"23.53","2021-01-02 04:00:00"
"753930",18,"23.47","2021-01-02 04:15:00"
"753984",18,"23.4","2021-01-02 04:30:00"
"754038",18,"23.33","2021-01-02 04:45:00"
"754092",18,"23.24","2021-01-02 05:00:00"
"754146",18,"23.15","2021-01-02 05:15:00"
"754200",18,"23.04","2021-01-02 05:30:00"
"754254",18,"22.85","2021-01-02 05:45:00"
"754962",18,"26.34","2021-06-06 11:15:00"
"755016",18,"27.67","2021-06-06 11:30:00"
"755070",18,"29.21","2021-06-06 11:45:00"
"755124",18,"29.5","2021-06-06 12:00:00"
"755178",18,"30.43","2021-06-06 12:15:00"
"755232",18,"31.2","2021-06-06 12:30:00"
"755286",18,"31.7","2021-06-06 12:45:00"
"716823",18,"24.69","2021-03-24 08:30:00"
"719806",18,"25.04","2021-03-24 08:45:00"
"719860",18,"26.1","2021-03-24 09:00:00"
"718051",18,"20.9","2021-06-04 19:00:00"
"718156",18,"20.62","2021-06-04 19:15:00"
"718187",18,"14.09","2021-04-27 06:45:00"
"718303",18,"14.09","2021-04-27 07:00:00"
"718258",18,"20.34","2021-06-04 19:30:00"
"718364",18,"20.09","2021-06-04 19:45:00"
"718464",18,"19.86","2021-06-04 20:00:00"
"718419",18,"14.3","2021-04-27 07:15:00"
"720792",18,"14.58","2021-04-27 07:30:00"
"720846",18,"14.95","2021-04-27 07:45:00"
"718920",18,"19.91","2021-07-16 00:15:00"
"718974",18,"19.86","2021-07-16 00:30:00"
"719028",18,"19.76","2021-07-16 00:45:00"
"719082",18,"19.64","2021-07-16 01:00:00"
"719136",18,"19.52","2021-07-16 01:15:00"
"719190",18,"19.42","2021-07-16 01:30:00"
"719244",18,"19.34","2021-07-16 01:45:00"
"719298",18,"19.24","2021-07-16 02:00:00"
"719352",18,"19.14","2021-07-16 02:15:00"
"719406",18,"19.04","2021-07-16 02:30:00"
"719460",18,"18.95","2021-07-16 02:45:00"
"720076",18,"29.99","2021-03-24 10:00:00"
"720130",18,"30.61","2021-03-24 10:15:00"
"720184",18,"30.44","2021-03-24 10:30:00"
"720238",18,"31.05","2021-03-24 10:45:00"
"720292",18,"32.15","2021-03-24 11:00:00"
"720346",18,"32.91","2021-03-24 11:15:00"
"720400",18,"33.34","2021-03-24 11:30:00"
"720454",18,"34.2","2021-03-24 11:45:00"
"720508",18,"35.09","2021-03-24 12:00:00"
"720562",18,"35.83","2021-03-24 12:15:00"
"721170",18,"23.42","2021-04-27 09:15:00"
"721224",18,"24.78","2021-04-27 09:30:00"
"721278",18,"25.81","2021-04-27 09:45:00"
"721332",18,"27.81","2021-04-27 10:00:00"
"721386",18,"29.38","2021-04-27 10:15:00"
"721440",18,"30.68","2021-04-27 10:30:00"
"721494",18,"32.24","2021-04-27 10:45:00"
"721548",18,"33.83","2021-04-27 11:00:00"
"721602",18,"35.52","2021-04-27 11:15:00"
"721656",18,"34.81","2021-04-27 11:30:00"
"722348",18,"16.79","2021-06-05 00:00:00"
"722402",18,"16.67","2021-06-05 00:15:00"
"722456",18,"16.61","2021-06-05 00:30:00"
"722510",18,"16.53","2021-06-05 00:45:00"
"722564",18,"16.41","2021-06-05 01:00:00"
"722618",18,"16.29","2021-06-05 01:15:00"
"722672",18,"16.15","2021-06-05 01:30:00"
"722726",18,"16.01","2021-06-05 01:45:00"
"722780",18,"15.92","2021-06-05 02:00:00"
"725835",18,"15.81","2021-06-05 02:15:00"
"723486",18,"17.74","2021-07-16 07:30:00"
"723540",18,"17.72","2021-07-16 07:45:00"
"723594",18,"17.2","2021-07-16 08:00:00"
"723648",18,"17.11","2021-07-16 08:15:00"
"723702",18,"17.05","2021-07-16 08:30:00"
"723756",18,"17.24","2021-07-16 08:45:00"
"726916",18,"17.62","2021-07-16 09:00:00"
"723886",18,"34.21","2021-03-24 13:45:00"
"723940",18,"34.52","2021-03-24 14:00:00"
"723994",18,"35.22","2021-03-24 14:15:00"
"724048",18,"35.66","2021-03-24 14:30:00"
"724102",18,"36","2021-03-24 14:45:00"
"724156",18,"36.07","2021-03-24 15:00:00"
"724210",18,"35.91","2021-03-24 15:15:00"
"724264",18,"35.13","2021-03-24 15:30:00"
"724318",18,"35.33","2021-03-24 15:45:00"
"724372",18,"35.03","2021-03-24 16:00:00"
"724426",18,"35.05","2021-03-24 16:15:00"
"724480",18,"34.22","2021-03-24 16:30:00"
"724534",18,"33.27","2021-03-24 16:45:00"
"725142",18,"37.92","2021-04-27 13:45:00"
"725196",18,"37.21","2021-04-27 14:00:00"
"725250",18,"36.22","2021-04-27 14:15:00"
"725304",18,"36.05","2021-04-27 14:30:00"
"725358",18,"36.03","2021-04-27 14:45:00"
"725412",18,"36.97","2021-04-27 15:00:00"
"725466",18,"37.44","2021-04-27 15:15:00"
"725520",18,"37.37","2021-04-27 15:30:00"
"725574",18,"37.15","2021-04-27 15:45:00"
"725628",18,"36.73","2021-04-27 16:00:00"
"726268",18,"15.47","2021-06-05 03:15:00"
"726361",18,"15.45","2021-06-05 03:30:00"
"726476",18,"23.46","2021-01-01 01:15:00"
"726585",18,"23.34","2021-01-01 01:30:00"
"726685",18,"23.21","2021-01-01 01:45:00"
"726475",18,"15.35","2021-06-05 03:45:00"
"726582",18,"15.23","2021-06-05 04:00:00"
"726697",18,"15.18","2021-06-05 04:15:00"
"726792",18,"23.1","2021-01-01 02:00:00"
"726942",18,"22.98","2021-01-01 02:15:00"
"728089",18,"14.75","2021-06-05 06:30:00"
"730933",18,"14.72","2021-06-05 06:45:00"
"728081",18,"22.76","2021-01-01 03:45:00"
"728220",18,"22.7","2021-01-01 04:00:00"
"728359",18,"22.58","2021-01-01 04:15:00"
"728195",18,"18.94","2021-07-16 11:15:00"
"728324",18,"19.13","2021-07-16 11:30:00"
"730885",18,"22.58","2021-01-01 04:30:00"
"731162",18,"22.64","2021-01-01 04:45:00"
"729560",18,"25.56","2021-03-24 21:30:00"
"729614",18,"25.31","2021-03-24 21:45:00"
"729668",18,"25.11","2021-03-24 22:00:00"
"729722",18,"25.02","2021-03-24 22:15:00"
"729776",18,"24.85","2021-03-24 22:30:00"
"729790",18,"33.65","2021-04-27 16:45:00"
"729844",18,"32.03","2021-04-27 17:00:00"
"729898",18,"31.34","2021-04-27 17:15:00"
"729952",18,"30.24","2021-04-27 17:30:00"
"730006",18,"28.84","2021-04-27 17:45:00"
"730654",18,"19.49","2021-04-27 20:45:00"
"730708",18,"19.16","2021-04-27 21:00:00"
"730762",18,"18.86","2021-04-27 21:15:00"
"730983",18,"18.49","2021-04-27 21:30:00"
"731356",18,"18.13","2021-04-27 21:45:00"
"731013",18,"24.71","2021-03-24 22:45:00"
"731178",18,"24.6","2021-03-24 23:00:00"
"731405",18,"24.51","2021-03-24 23:15:00"
"731012",18,"19.72","2021-07-16 13:45:00"
"731239",18,"19.88","2021-07-16 14:00:00"
"731469",18,"19.95","2021-07-16 14:15:00"
"732344",18,"19.63","2021-07-16 15:00:00"
"732563",18,"19.33","2021-07-16 15:15:00"
"732779",18,"19.13","2021-07-16 15:30:00"
"732395",18,"17.34","2021-04-27 22:30:00"
"732736",18,"17.18","2021-04-27 22:45:00"
"733129",18,"16.98","2021-04-27 23:00:00"
"732755",18,"21.98","2021-01-01 06:30:00"
"732964",18,"22.32","2021-01-01 06:45:00"
"732769",18,"23.72","2021-03-25 00:45:00"
"732950",18,"23.59","2021-03-25 01:00:00"
"733051",18,"19.06","2021-07-16 15:45:00"
"733279",18,"18.88","2021-07-16 16:00:00"
"733044",18,"16.25","2021-06-05 08:15:00"
"733382",18,"17.38","2021-06-05 08:30:00"
"733758",18,"18.51","2021-06-05 08:45:00"
"733218",18,"22.71","2021-01-01 07:00:00"
"733477",18,"22.91","2021-01-01 07:15:00"
"733707",18,"23.26","2021-01-01 07:30:00"
"733176",18,"23.45","2021-03-25 01:15:00"
"733379",18,"23.3","2021-03-25 01:30:00"
"733591",18,"23.18","2021-03-25 01:45:00"
"734122",18,"19.41","2021-06-05 09:00:00"
"734481",18,"20.4","2021-06-05 09:15:00"
"734151",18,"17.97","2021-07-16 17:00:00"
"734362",18,"17.87","2021-07-16 17:15:00"
"734264",18,"16.4","2021-04-27 23:45:00"
"734627",18,"16.18","2021-04-28 00:00:00"
"734950",18,"15.89","2021-04-28 00:15:00"
"734317",18,"23.06","2021-03-25 02:30:00"
"734532",18,"23.05","2021-03-25 02:45:00"
"734729",18,"23","2021-03-25 03:00:00"
"735558",18,"25.1","2021-06-05 10:45:00"
"735659",18,"25.49","2021-06-05 11:00:00"
"735778",18,"26.35","2021-06-05 11:15:00"
"735694",18,"14.76","2021-04-28 01:45:00"
"739629",18,"14.66","2021-04-28 02:00:00"
"739738",18,"14.49","2021-04-28 02:15:00"
"735964",18,"22.54","2021-03-25 04:00:00"
"736019",18,"22.47","2021-03-25 04:15:00"
"736079",18,"17.6","2021-07-16 18:15:00"
"736182",18,"17.47","2021-07-16 18:30:00"
"736288",18,"17.34","2021-07-16 18:45:00"
"737233",18,"16.94","2021-07-16 20:45:00"
"737411",18,"16.72","2021-07-16 21:00:00"
"737567",18,"16.46","2021-07-16 21:15:00"
"737305",18,"21.78","2021-03-25 07:00:00"
"737463",18,"21.88","2021-03-25 07:15:00"
"737640",18,"22.02","2021-03-25 07:30:00"
"737625",18,"29.82","2021-06-05 12:15:00"
"737808",18,"30.58","2021-06-05 12:30:00"
"737714",18,"16.3","2021-07-16 21:30:00"
"737848",18,"16.21","2021-07-16 21:45:00"
"738800",18,"31.47","2021-01-01 10:15:00"
"738896",18,"32.52","2021-01-01 10:30:00"
"739005",18,"32.59","2021-01-01 10:45:00"
"739118",18,"32.78","2021-01-01 11:00:00"
"739228",18,"34.34","2021-01-01 11:15:00"
"739018",18,"28.88","2021-06-05 15:15:00"
"739121",18,"29.15","2021-06-05 15:30:00"
"739227",18,"29.17","2021-06-05 15:45:00"
"740804",18,"29.14","2021-06-05 16:00:00"
"740858",18,"28.82","2021-06-05 16:15:00"
"741074",18,"26.14","2021-06-05 17:15:00"
"741128",18,"25.15","2021-06-05 17:30:00"
"741182",18,"24.18","2021-06-05 17:45:00"
"741236",18,"23.39","2021-06-05 18:00:00"
"741290",18,"22.72","2021-06-05 18:15:00"
"741363",18,"22.23","2021-06-05 18:30:00"
"741479",18,"21.83","2021-06-05 18:45:00"
"741570",18,"21.43","2021-06-05 19:00:00"
"741460",18,"36.11","2021-01-01 14:00:00"
"741588",18,"35.8","2021-01-01 14:15:00"
"741723",18,"35.67","2021-01-01 14:30:00"
"742764",18,"16.14","2021-07-16 23:15:00"
"742865",18,"16.1","2021-07-16 23:30:00"
"742962",18,"16.11","2021-07-16 23:45:00"
"742900",18,"36.64","2021-01-01 18:00:00"
"743007",18,"35.62","2021-01-01 18:15:00"
"743050",18,"16.09","2021-07-17 00:00:00"
"743104",18,"16.03","2021-07-17 00:15:00"
"743158",18,"15.94","2021-07-17 00:30:00"
"743212",18,"15.92","2021-07-17 00:45:00"
"743266",18,"15.87","2021-07-17 01:00:00"
"744602",18,"34.77","2021-01-01 18:30:00"
"744886",18,"33.96","2021-01-01 18:45:00"
"745113",18,"33.31","2021-01-01 19:00:00"
"744691",18,"14.97","2021-07-17 03:15:00"
"747756",18,"14.94","2021-07-17 03:30:00"
"744547",18,"27.35","2021-04-28 10:00:00"
"744727",18,"28.52","2021-04-28 10:15:00"
"744851",18,"29.71","2021-04-28 10:30:00"
"744710",18,"19.08","2021-06-05 21:00:00"
"744898",18,"18.85","2021-06-05 21:15:00"
"745016",18,"18.68","2021-06-05 21:30:00"
"745605",18,"17.63","2021-06-05 23:00:00"
"745678",18,"17.41","2021-06-05 23:15:00"
"745756",18,"17.14","2021-06-05 23:30:00"
"745697",18,"31.2","2021-01-01 19:45:00"
"745873",18,"30.58","2021-01-01 20:00:00"
"746045",18,"29.94","2021-01-01 20:15:00"
"745833",18,"17.04","2021-06-05 23:45:00"
"745911",18,"16.98","2021-06-06 00:00:00"
"745991",18,"16.91","2021-06-06 00:15:00"
"746069",18,"16.78","2021-06-06 00:30:00"
"746143",18,"16.56","2021-06-06 00:45:00"
"747113",18,"37.16","2021-04-28 12:00:00"
"747256",18,"37.15","2021-04-28 12:15:00"
"747409",18,"37.22","2021-04-28 12:30:00"
"747231",18,"15.98","2021-06-06 02:15:00"
"747313",18,"16","2021-06-06 02:30:00"
"747398",18,"15.9","2021-06-06 02:45:00"
"747481",18,"15.82","2021-06-06 03:00:00"
"747561",18,"15.7","2021-06-06 03:15:00"
"747569",18,"37.52","2021-04-28 12:45:00"
"747706",18,"37.78","2021-04-28 13:00:00"
"748675",18,"35.02","2021-04-28 14:30:00"
"748812",18,"34.97","2021-04-28 14:45:00"
"748896",18,"36.17","2021-04-28 15:00:00"
"748985",18,"36.66","2021-04-28 15:15:00"
"749067",18,"36.51","2021-04-28 15:30:00"
"749025",18,"15.03","2021-07-17 05:00:00"
"749173",18,"15.22","2021-07-17 05:15:00"
"749238",18,"15.35","2021-07-17 05:30:00"
"749156",18,"36.61","2021-04-28 15:45:00"
"751201",18,"36.43","2021-04-28 16:00:00"
"751337",18,"35.86","2021-04-28 16:15:00"
"750498",18,"24.04","2021-01-02 02:15:00"
"750552",18,"23.88","2021-01-02 02:30:00"
"750606",18,"23.85","2021-01-02 02:45:00"
"750660",18,"23.81","2021-01-02 03:00:00"
"750714",18,"23.75","2021-01-02 03:15:00"
"750768",18,"23.68","2021-01-02 03:30:00"
"753735",18,"23.59","2021-01-02 03:45:00"
"750828",18,"14.61","2021-06-06 06:00:00"
"750882",18,"14.54","2021-06-06 06:15:00"
"750936",18,"14.36","2021-06-06 06:30:00"
"752064",18,"21.62","2021-06-06 09:45:00"
"752162",18,"23.04","2021-06-06 10:00:00"
"752216",18,"24.4","2021-06-06 10:15:00"
"754800",18,"25.57","2021-06-06 10:30:00"
"754854",18,"26","2021-06-06 10:45:00"
"754908",18,"25.69","2021-06-06 11:00:00"
"752352",18,"24.87","2021-04-28 18:30:00"
"752406",18,"24.01","2021-04-28 18:45:00"
"752460",18,"23.35","2021-04-28 19:00:00"
"752514",18,"22.86","2021-04-28 19:15:00"
"752568",18,"22.39","2021-04-28 19:30:00"
"754308",18,"22.66","2021-01-02 06:00:00"
"754362",18,"22.56","2021-01-02 06:15:00"
"754416",18,"22.73","2021-01-02 06:30:00"
"754470",18,"23.01","2021-01-02 06:45:00"
"754524",18,"23.28","2021-01-02 07:00:00"
"754578",18,"23.51","2021-01-02 07:15:00"
"754632",18,"23.6","2021-01-02 07:30:00"
"754686",18,"23.74","2021-01-02 07:45:00"
"754740",18,"23.84","2021-01-02 08:00:00"
"757794",18,"23.97","2021-01-02 08:15:00"
"756045",18,"28.59","2021-06-06 15:00:00"
"758826",18,"29.49","2021-06-06 15:15:00"
"756162",18,"18.52","2021-04-28 22:15:00"
"756216",18,"18.19","2021-04-28 22:30:00"
"756257",18,"21.86","2021-07-17 12:45:00"
"756343",18,"22.16","2021-07-17 13:00:00"
"756416",18,"22.9","2021-07-17 13:15:00"
"756365",18,"17.89","2021-04-28 22:45:00"
"756571",18,"17.61","2021-04-28 23:00:00"
"756725",18,"17.37","2021-04-28 23:15:00"
"756485",18,"24.16","2021-07-17 13:30:00"
"756561",18,"24.38","2021-07-17 13:45:00"
"755340",18,"32.26","2021-06-06 13:00:00"
"755394",18,"32.43","2021-06-06 13:15:00"
"755448",18,"32.48","2021-06-06 13:30:00"
"761041",18,"14.79","2021-04-29 05:00:00"
"761138",18,"14.63","2021-04-29 05:15:00"
"761224",18,"14.46","2021-04-29 05:30:00"
"761054",18,"17.34","2021-07-17 19:15:00"
"761188",18,"16.93","2021-07-17 19:30:00"
"761316",18,"16.64","2021-07-17 19:45:00"
"762782",18,"14.31","2021-04-29 05:45:00"
"762837",18,"14.08","2021-04-29 06:00:00"
"761370",18,"16.42","2021-07-17 20:00:00"
"761424",18,"16.19","2021-07-17 20:15:00"
"763028",18,"13.84","2021-04-29 06:15:00"
"763197",18,"13.73","2021-04-29 06:30:00"
"763348",18,"13.56","2021-04-29 06:45:00"
"763169",18,"20.47","2021-06-06 20:45:00"
"718592",18,"19.53","2021-06-04 20:30:00"
"718646",18,"19.37","2021-06-04 20:45:00"
"718700",18,"19.07","2021-06-04 21:00:00"
"718754",18,"18.8","2021-06-04 21:15:00"
"721808",18,"18.61","2021-06-04 21:30:00"
"721862",18,"18.36","2021-06-04 21:45:00"
"718812",18,"20.03","2021-07-15 23:45:00"
"718866",18,"19.93","2021-07-16 00:00:00"
"719514",18,"18.88","2021-07-16 03:00:00"
"719568",18,"18.81","2021-07-16 03:15:00"
"719622",18,"18.71","2021-07-16 03:30:00"
"719676",18,"18.61","2021-07-16 03:45:00"
"719730",18,"18.57","2021-07-16 04:00:00"
"722784",18,"18.5","2021-07-16 04:15:00"
"722838",18,"18.43","2021-07-16 04:30:00"
"719914",18,"27.35","2021-03-24 09:15:00"
"719968",18,"28.28","2021-03-24 09:30:00"
"720022",18,"29.21","2021-03-24 09:45:00"
"720616",18,"36.33","2021-03-24 12:30:00"
"720670",18,"36.51","2021-03-24 12:45:00"
"720724",18,"36.06","2021-03-24 13:00:00"
"720778",18,"36.1","2021-03-24 13:15:00"
"723832",18,"35.72","2021-03-24 13:30:00"
"720900",18,"15.97","2021-04-27 08:00:00"
"720954",18,"17.37","2021-04-27 08:15:00"
"721008",18,"18.44","2021-04-27 08:30:00"
"721062",18,"20","2021-04-27 08:45:00"
"721116",18,"21.02","2021-04-27 09:00:00"
"721710",18,"33.32","2021-04-27 11:45:00"
"721764",18,"32.35","2021-04-27 12:00:00"
"724818",18,"34.88","2021-04-27 12:15:00"
"721916",18,"18.16","2021-06-04 22:00:00"
"721970",18,"17.97","2021-06-04 22:15:00"
"722024",18,"17.73","2021-06-04 22:30:00"
"722078",18,"17.52","2021-06-04 22:45:00"
"722132",18,"17.37","2021-06-04 23:00:00"
"722186",18,"17.22","2021-06-04 23:15:00"
"722240",18,"17.03","2021-06-04 23:30:00"
"722294",18,"16.87","2021-06-04 23:45:00"
"722892",18,"18.31","2021-07-16 04:45:00"
"722946",18,"18.23","2021-07-16 05:00:00"
"723000",18,"18.2","2021-07-16 05:15:00"
"723054",18,"18.19","2021-07-16 05:30:00"
"723108",18,"18.11","2021-07-16 05:45:00"
"723162",18,"17.99","2021-07-16 06:00:00"
"723216",18,"17.94","2021-07-16 06:15:00"
"723270",18,"17.92","2021-07-16 06:30:00"
"723324",18,"17.87","2021-07-16 06:45:00"
"723378",18,"17.81","2021-07-16 07:00:00"
"723432",18,"17.82","2021-07-16 07:15:00"
"724588",18,"32.77","2021-03-24 17:00:00"
"724642",18,"32.44","2021-03-24 17:15:00"
"724696",18,"32.04","2021-03-24 17:30:00"
"724750",18,"31.39","2021-03-24 17:45:00"
"728335",18,"30.78","2021-03-24 18:00:00"
"724872",18,"36.9","2021-04-27 12:30:00"
"724926",18,"37.68","2021-04-27 12:45:00"
"724980",18,"38.44","2021-04-27 13:00:00"
"725034",18,"38.76","2021-04-27 13:15:00"
"725088",18,"38.79","2021-04-27 13:30:00"
"725682",18,"36.2","2021-04-27 16:15:00"
"725736",18,"35.57","2021-04-27 16:30:00"
"725926",18,"23.52","2021-01-01 00:00:00"
"726031",18,"23.49","2021-01-01 00:15:00"
"726140",18,"23.45","2021-01-01 00:30:00"
"725943",18,"15.72","2021-06-05 02:30:00"
"726056",18,"15.62","2021-06-05 02:45:00"
"726158",18,"15.54","2021-06-05 03:00:00"
"726251",18,"23.51","2021-01-01 00:45:00"
"726374",18,"23.52","2021-01-01 01:00:00"
"726806",18,"15.14","2021-06-05 04:30:00"
"726939",18,"15.12","2021-06-05 04:45:00"
"727057",18,"17.91","2021-07-16 09:15:00"
"727190",18,"18.42","2021-07-16 09:30:00"
"727310",18,"18.76","2021-07-16 09:45:00"
"727125",18,"22.91","2021-01-01 02:30:00"
"727328",18,"22.91","2021-01-01 02:45:00"
"727478",18,"22.82","2021-01-01 03:00:00"
"727138",18,"15.02","2021-06-05 05:00:00"
"727306",18,"14.95","2021-06-05 05:15:00"
"727492",18,"14.9","2021-06-05 05:30:00"
"728489",18,"30.24","2021-03-24 18:15:00"
"728588",18,"29.77","2021-03-24 18:30:00"
"728698",18,"29.36","2021-03-24 18:45:00"
"728468",18,"19.05","2021-07-16 11:45:00"
"728591",18,"19.09","2021-07-16 12:00:00"
"728697",18,"19.06","2021-07-16 12:15:00"
"728806",18,"28.87","2021-03-24 19:00:00"
"728911",18,"28.44","2021-03-24 19:15:00"
"728805",18,"18.9","2021-07-16 12:30:00"
"728917",18,"19.04","2021-07-16 12:45:00"
"729018",18,"19.15","2021-07-16 13:00:00"
"730060",18,"27.37","2021-04-27 18:00:00"
"730114",18,"26.15","2021-04-27 18:15:00"
"730168",18,"25.08","2021-04-27 18:30:00"
"730222",18,"24.19","2021-04-27 18:45:00"
"730276",18,"23.39","2021-04-27 19:00:00"
"730330",18,"22.71","2021-04-27 19:15:00"
"730384",18,"22.09","2021-04-27 19:30:00"
"730438",18,"21.5","2021-04-27 19:45:00"
"730492",18,"20.92","2021-04-27 20:00:00"
"730546",18,"20.37","2021-04-27 20:15:00"
"730600",18,"19.9","2021-04-27 20:30:00"
"731843",18,"20","2021-07-16 14:30:00"
"732045",18,"19.78","2021-07-16 14:45:00"
"732052",18,"22.32","2021-01-01 05:45:00"
"732293",18,"22.09","2021-01-01 06:00:00"
"732521",18,"21.95","2021-01-01 06:15:00"
"732097",18,"24.11","2021-03-25 00:00:00"
"732285",18,"23.97","2021-03-25 00:15:00"
"732510",18,"23.84","2021-03-25 00:30:00"
"732315",18,"14.88","2021-06-05 07:45:00"
"732661",18,"15.37","2021-06-05 08:00:00"
"733550",18,"16.77","2021-04-27 23:15:00"
"733898",18,"16.59","2021-04-27 23:30:00"
"733492",18,"18.66","2021-07-16 16:15:00"
"733690",18,"18.42","2021-07-16 16:30:00"
"733875",18,"18.19","2021-07-16 16:45:00"
"733882",18,"23.11","2021-03-25 02:00:00"
"734092",18,"23.08","2021-03-25 02:15:00"
"733954",18,"23.91","2021-01-01 07:45:00"
"734184",18,"24.58","2021-01-01 08:00:00"
"735096",18,"26.8","2021-01-01 09:00:00"
"738344",18,"27.14","2021-01-01 09:15:00"
"735165",18,"15.69","2021-04-28 00:30:00"
"735264",18,"15.54","2021-04-28 00:45:00"
"735361",18,"15.33","2021-04-28 01:00:00"
"735346",18,"24.18","2021-06-05 10:15:00"
"735440",18,"24.92","2021-06-05 10:30:00"
"735480",18,"15.21","2021-04-28 01:15:00"
"735581",18,"14.99","2021-04-28 01:30:00"
"736679",18,"22.11","2021-03-25 05:45:00"
"736787",18,"22.04","2021-03-25 06:00:00"
"736902",18,"21.95","2021-03-25 06:15:00"
"736918",18,"17.11","2021-07-16 20:15:00"
"737034",18,"17.08","2021-07-16 20:30:00"
"737023",18,"21.83","2021-03-25 06:30:00"
"737146",18,"21.75","2021-03-25 06:45:00"
"737168",18,"27.22","2021-06-05 11:30:00"
"737310",18,"28.09","2021-06-05 11:45:00"
"737468",18,"28.91","2021-06-05 12:00:00"
"738264",18,"16.13","2021-07-16 22:45:00"
"742655",18,"16.14","2021-07-16 23:00:00"
"738458",18,"28.65","2021-01-01 09:30:00"
"738578",18,"29.65","2021-01-01 09:45:00"
"738689",18,"30.88","2021-01-01 10:00:00"
"738485",18,"29.44","2021-06-05 14:00:00"
"738581",18,"28.91","2021-06-05 14:15:00"
"738686",18,"28.83","2021-06-05 14:30:00"
"738792",18,"28.13","2021-06-05 14:45:00"
"738911",18,"28.06","2021-06-05 15:00:00"
"739856",18,"14.35","2021-04-28 02:30:00"
"739950",18,"14.19","2021-04-28 02:45:00"
"740004",18,"14.08","2021-04-28 03:00:00"
"740058",18,"14.03","2021-04-28 03:15:00"
"740112",18,"13.98","2021-04-28 03:30:00"
"740166",18,"13.95","2021-04-28 03:45:00"
"740220",18,"14.04","2021-04-28 04:00:00"
"740274",18,"14.03","2021-04-28 04:15:00"
"740328",18,"13.93","2021-04-28 04:30:00"
"740382",18,"13.72","2021-04-28 04:45:00"
"742122",18,"41.58","2021-01-01 15:15:00"
"742176",18,"42.56","2021-01-01 15:30:00"
"742230",18,"43.06","2021-01-01 15:45:00"
"742284",18,"40.82","2021-01-01 16:00:00"
"742338",18,"39.14","2021-01-01 16:15:00"
"742392",18,"40.01","2021-01-01 16:30:00"
"742446",18,"40.65","2021-01-01 16:45:00"
"742500",18,"40.77","2021-01-01 17:00:00"
"742559",18,"40.14","2021-01-01 17:15:00"
"742668",18,"38.73","2021-01-01 17:30:00"
"742770",18,"37.6","2021-01-01 17:45:00"
"743906",18,"17.79","2021-04-28 08:15:00"
"743990",18,"19.05","2021-04-28 08:30:00"
"744038",18,"15.27","2021-07-17 02:30:00"
"744205",18,"15.22","2021-07-17 02:45:00"
"744404",18,"15.12","2021-07-17 03:00:00"
"744066",18,"20.46","2021-04-28 08:45:00"
"744145",18,"21.88","2021-04-28 09:00:00"
"744223",18,"23.26","2021-04-28 09:15:00"
"744295",18,"24.81","2021-04-28 09:30:00"
"744370",18,"26.1","2021-04-28 09:45:00"
"746214",18,"29.39","2021-01-01 20:30:00"
"746310",18,"28.88","2021-01-01 20:45:00"
"746228",18,"16.33","2021-06-06 01:00:00"
"746896",18,"16.21","2021-06-06 01:15:00"
"746364",18,"28.4","2021-01-01 21:00:00"
"746418",18,"27.98","2021-01-01 21:15:00"
"746472",18,"27.61","2021-01-01 21:30:00"
"746526",18,"27.27","2021-01-01 21:45:00"
"746580",18,"26.96","2021-01-01 22:00:00"
"747661",18,"15.68","2021-06-06 03:30:00"
"747774",18,"15.75","2021-06-06 03:45:00"
"747904",18,"38","2021-04-28 13:15:00"
"748089",18,"37.81","2021-04-28 13:30:00"
"748227",18,"37.02","2021-04-28 13:45:00"
"747891",18,"15.59","2021-06-06 04:00:00"
"748012",18,"15.42","2021-06-06 04:15:00"
"748134",18,"15.22","2021-06-06 04:30:00"
"747965",18,"14.88","2021-07-17 03:45:00"
"748174",18,"14.77","2021-07-17 04:00:00"
"748439",18,"14.72","2021-07-17 04:15:00"
"749913",18,"24.77","2021-01-02 00:15:00"
"750019",18,"24.67","2021-01-02 00:30:00"
"750126",18,"24.6","2021-01-02 00:45:00"
"750110",18,"15.47","2021-07-17 07:45:00"
"750216",18,"15.73","2021-07-17 08:00:00"
"750228",18,"24.56","2021-01-02 01:00:00"
"750282",18,"24.45","2021-01-02 01:15:00"
"750336",18,"24.34","2021-01-02 01:30:00"
"750390",18,"24.24","2021-01-02 01:45:00"
"750444",18,"24.18","2021-01-02 02:00:00"
"751536",18,"17.17","2021-06-06 08:30:00"
"751638",18,"18.41","2021-06-06 08:45:00"
"751736",18,"18.95","2021-06-06 09:00:00"
"751711",18,"31.49","2021-04-28 17:00:00"
"751824",18,"30.89","2021-04-28 17:15:00"
"751933",18,"29.76","2021-04-28 17:30:00"
"751839",18,"20.12","2021-06-06 09:15:00"
"751947",18,"21.04","2021-06-06 09:30:00"
"752034",18,"28.54","2021-04-28 17:45:00"
"752138",18,"27.17","2021-04-28 18:00:00"
"752298",18,"25.95","2021-04-28 18:15:00"
"753102",18,"17.79","2021-07-17 09:30:00"
"753156",18,"18.12","2021-07-17 09:45:00"
"753210",18,"18.16","2021-07-17 10:00:00"
"753264",18,"18.51","2021-07-17 10:15:00"
"753318",18,"18.92","2021-07-17 10:30:00"
"753372",18,"19.41","2021-07-17 10:45:00"
"753426",18,"20.2","2021-07-17 11:00:00"
"753480",18,"20.17","2021-07-17 11:15:00"
"753534",18,"19.69","2021-07-17 11:30:00"
"753588",18,"19.78","2021-07-17 11:45:00"
"753642",18,"20.46","2021-07-17 12:00:00"
"755523",18,"31.6","2021-06-06 13:45:00"
"755629",18,"31.08","2021-06-06 14:00:00"
"755695",18,"20.04","2021-04-28 21:00:00"
"755774",18,"19.65","2021-04-28 21:15:00"
"755777",18,"30.9","2021-06-06 14:15:00"
"755880",18,"30.62","2021-06-06 14:30:00"
"755991",18,"29.27","2021-06-06 14:45:00"
"755887",18,"19.33","2021-04-28 21:30:00"
"756054",18,"19.14","2021-04-28 21:45:00"
"756108",18,"18.86","2021-04-28 22:00:00"
"757076",18,"22.64","2021-07-17 15:15:00"
"757179",18,"22.7","2021-07-17 15:30:00"
"757243",18,"16.83","2021-04-29 00:15:00"
"757351",18,"16.66","2021-04-29 00:30:00"
"757461",18,"16.58","2021-04-29 00:45:00"
"757289",18,"22.96","2021-07-17 15:45:00"
"757396",18,"23.19","2021-07-17 16:00:00"
"757502",18,"22.6","2021-07-17 16:15:00"
"757568",18,"16.65","2021-04-29 01:00:00"
"759810",18,"16.65","2021-04-29 01:15:00"
"759864",18,"16.69","2021-04-29 01:30:00"
"758118",18,"29.15","2021-01-02 09:45:00"
"758172",18,"29.97","2021-01-02 10:00:00"
"758226",18,"30.07","2021-01-02 10:15:00"
"758280",18,"29.55","2021-01-02 10:30:00"
"758334",18,"29.19","2021-01-02 10:45:00"
"758388",18,"29.56","2021-01-02 11:00:00"
"758442",18,"30.73","2021-01-02 11:15:00"
"758496",18,"32.91","2021-01-02 11:30:00"
"758550",18,"35.02","2021-01-02 11:45:00"
"758604",18,"37.81","2021-01-02 12:00:00"
"758658",18,"39.62","2021-01-02 12:15:00"
"759312",18,"23.99","2021-06-06 17:30:00"
"759366",18,"23.54","2021-06-06 17:45:00"
"759420",18,"23.12","2021-06-06 18:00:00"
"759474",18,"22.71","2021-06-06 18:15:00"
"759528",18,"22.41","2021-06-06 18:30:00"
"759582",18,"22.18","2021-06-06 18:45:00"
"759636",18,"21.97","2021-06-06 19:00:00"
"759690",18,"21.71","2021-06-06 19:15:00"
"759744",18,"21.43","2021-06-06 19:30:00"
"762862",18,"21.19","2021-06-06 19:45:00"
"760391",18,"16.14","2021-04-29 03:30:00"
"760488",18,"15.94","2021-04-29 03:45:00"
"760596",18,"15.69","2021-04-29 04:00:00"
"760634",18,"19.09","2021-07-17 18:15:00"
"760739",18,"18.79","2021-07-17 18:30:00"
"760846",18,"18.28","2021-07-17 18:45:00"
"760707",18,"15.48","2021-04-29 04:15:00"
"760817",18,"15.19","2021-04-29 04:30:00"
"760925",18,"14.92","2021-04-29 04:45:00"
"760952",18,"17.79","2021-07-17 19:00:00"
"765802",18,"14.83","2021-07-17 22:00:00"
"765856",18,"14.66","2021-07-17 22:15:00"
"762090",18,"41.92","2021-01-02 14:15:00"
"762144",18,"42.85","2021-01-02 14:30:00"
"762198",18,"42.55","2021-01-02 14:45:00"
"762252",18,"43.25","2021-01-02 15:00:00"
"762306",18,"43.86","2021-01-02 15:15:00"
"763253",18,"20.3","2021-06-06 21:00:00"
"763335",18,"20.08","2021-06-06 21:15:00"
"763417",18,"19.83","2021-06-06 21:30:00"
"763489",18,"19.48","2021-06-06 21:45:00"
"763527",18,"13.49","2021-04-29 07:00:00"
"763632",18,"13.66","2021-04-29 07:15:00"
"763745",18,"14.04","2021-04-29 07:30:00"
"768715",18,"36.01","2021-04-29 14:00:00"
"768845",18,"35.75","2021-04-29 14:15:00"
"768978",18,"33.97","2021-04-29 14:30:00"
"768864",18,"24.63","2021-01-03 01:45:00"
"769000",18,"24.59","2021-01-03 02:00:00"
"769159",18,"24.56","2021-01-03 02:15:00"
"769019",18,"16.98","2021-06-07 02:30:00"
"769266",18,"17","2021-06-07 02:45:00"
"769136",18,"33.59","2021-04-29 14:45:00"
"769323",18,"34.92","2021-04-29 15:00:00"
"772412",18,"16.73","2021-06-07 05:00:00"
"772574",18,"16.68","2021-06-07 05:15:00"
"772735",18,"16.66","2021-06-07 05:30:00"
"770422",18,"10.94","2021-07-18 05:30:00"
"770476",18,"10.84","2021-07-18 05:45:00"
"770530",18,"10.75","2021-07-18 06:00:00"
"770584",18,"10.68","2021-07-18 06:15:00"
"770638",18,"10.58","2021-07-18 06:30:00"
"770692",18,"10.33","2021-07-18 06:45:00"
"770746",18,"10.13","2021-07-18 07:00:00"
"773419",18,"10","2021-07-18 07:15:00"
"771944",18,"26.7","2021-04-29 17:45:00"
"772036",18,"25.51","2021-04-29 18:00:00"
"772121",18,"24.53","2021-04-29 18:15:00"
"772157",18,"21.99","2021-01-03 05:45:00"
"772257",18,"21.95","2021-01-03 06:00:00"
"772239",18,"23.72","2021-04-29 18:30:00"
"772353",18,"23.05","2021-04-29 18:45:00"
"772507",18,"22.46","2021-04-29 19:00:00"
"772361",18,"21.87","2021-01-03 06:15:00"
"772514",18,"21.79","2021-01-03 06:30:00"
"772685",18,"21.88","2021-01-03 06:45:00"
"773228",18,"16.49","2021-06-07 07:00:00"
"773282",18,"16.5","2021-06-07 07:15:00"
"773336",18,"16.48","2021-06-07 07:30:00"
"773395",18,"16.51","2021-06-07 07:45:00"
"773523",18,"16.54","2021-06-07 08:00:00"
"773511",18,"9.98","2021-07-18 07:30:00"
"773625",18,"10.12","2021-07-18 07:45:00"
"773626",18,"16.61","2021-06-07 08:15:00"
"773731",18,"16.75","2021-06-07 08:30:00"
"774286",18,"15.36","2021-07-18 09:30:00"
"774340",18,"16.52","2021-07-18 09:45:00"
"774394",18,"17.37","2021-07-18 10:00:00"
"774448",18,"18.15","2021-07-18 10:15:00"
"774502",18,"18.68","2021-07-18 10:30:00"
"774556",18,"19.21","2021-07-18 10:45:00"
"774610",18,"19.68","2021-07-18 11:00:00"
"774664",18,"20.64","2021-07-18 11:15:00"
"774718",18,"20.77","2021-07-18 11:30:00"
"774772",18,"20.7","2021-07-18 11:45:00"
"775944",18,"28.78","2021-01-03 09:30:00"
"776042",18,"29.94","2021-01-03 09:45:00"
"776141",18,"31.06","2021-01-03 10:00:00"
"776014",18,"18.23","2021-04-29 23:00:00"
"776134",18,"18.11","2021-04-29 23:15:00"
"776243",18,"31.61","2021-01-03 10:15:00"
"776350",18,"31.88","2021-01-03 10:30:00"
"776252",18,"17.93","2021-04-29 23:30:00"
"776356",18,"17.7","2021-04-29 23:45:00"
"776459",18,"17.48","2021-04-30 00:00:00"
"777463",18,"22.5","2021-07-18 13:00:00"
"777571",18,"22.36","2021-07-18 13:15:00"
"777671",18,"22.32","2021-07-18 13:30:00"
"777791",18,"19.95","2021-06-07 12:15:00"
"777889",18,"20.06","2021-06-07 12:30:00"
"777780",18,"21.45","2021-07-18 13:45:00"
"777898",18,"20.24","2021-07-18 14:00:00"
"777997",18,"20.02","2021-06-07 12:45:00"
"778007",18,"19.56","2021-07-18 14:15:00"
"778105",18,"19.78","2021-06-07 13:00:00"
"778115",18,"19.46","2021-07-18 14:30:00"
"779318",18,"16.2","2021-04-30 02:45:00"
"779372",18,"16.15","2021-04-30 03:00:00"
"779426",18,"16.08","2021-04-30 03:15:00"
"779480",18,"15.97","2021-04-30 03:30:00"
"779535",18,"15.89","2021-04-30 03:45:00"
"779564",18,"39.7","2021-01-03 12:00:00"
"779688",18,"41.86","2021-01-03 12:15:00"
"779831",18,"42.76","2021-01-03 12:30:00"
"779627",18,"15.79","2021-04-30 04:00:00"
"779715",18,"15.66","2021-04-30 04:15:00"
"779800",18,"15.51","2021-04-30 04:30:00"
"780743",18,"21.33","2021-06-07 15:00:00"
"780879",18,"20.84","2021-06-07 15:15:00"
"781039",18,"20.44","2021-06-07 15:30:00"
"781059",18,"15.73","2021-07-18 17:15:00"
"781185",18,"14.86","2021-07-18 17:30:00"
"781232",18,"20.39","2021-06-07 15:45:00"
"781357",18,"20.29","2021-06-07 16:00:00"
"781265",18,"41.71","2021-01-03 16:00:00"
"781430",18,"42.25","2021-01-03 16:15:00"
"782459",18,"17.88","2021-06-07 18:15:00"
"782557",18,"17.44","2021-06-07 18:30:00"
"782673",18,"17.12","2021-06-07 18:45:00"
"782621",18,"9.17","2021-07-18 20:30:00"
"782716",18,"8.88","2021-07-18 20:45:00"
"784854",18,"16.83","2021-06-07 19:00:00"
"785035",18,"16.66","2021-06-07 19:15:00"
"782770",18,"8.61","2021-07-18 21:00:00"
"784586",18,"8.33","2021-07-18 21:15:00"
"784695",18,"8.09","2021-07-18 21:30:00"
"783452",18,"15.51","2021-04-30 08:00:00"
"783506",18,"16.97","2021-04-30 08:15:00"
"783560",18,"18.33","2021-04-30 08:30:00"
"783614",18,"19.57","2021-04-30 08:45:00"
"783675",18,"20.87","2021-04-30 09:00:00"
"783772",18,"22.08","2021-04-30 09:15:00"
"783881",18,"23.24","2021-04-30 09:30:00"
"783922",18,"42.49","2021-01-03 17:15:00"
"783976",18,"41.57","2021-01-03 17:30:00"
"785212",18,"16.72","2021-06-07 19:30:00"
"785322",18,"16.85","2021-06-07 19:45:00"
"785418",18,"16.77","2021-06-07 20:00:00"
"785490",18,"6.779","2021-07-18 23:00:00"
"785601",18,"6.563","2021-07-18 23:15:00"
"785532",18,"16.58","2021-06-07 20:15:00"
"785637",18,"16.5","2021-06-07 20:30:00"
"785704",18,"6.34","2021-07-18 23:30:00"
"785807",18,"6.1370000000000005","2021-07-18 23:45:00"
"785935",18,"5.93","2021-07-19 00:00:00"
"786830",18,"24.58","2021-04-30 09:45:00"
"786884",18,"25.69","2021-04-30 10:00:00"
"786938",18,"26.89","2021-04-30 10:15:00"
"786992",18,"27.41","2021-04-30 10:30:00"
"787046",18,"28.61","2021-04-30 10:45:00"
"787100",18,"29.37","2021-04-30 11:00:00"
"787154",18,"30.02","2021-04-30 11:15:00"
"787208",18,"30.69","2021-04-30 11:30:00"
"787262",18,"31.96","2021-04-30 11:45:00"
"787316",18,"32.87","2021-04-30 12:00:00"
"787370",18,"33.12","2021-04-30 12:15:00"
"788002",18,"26.67","2021-01-03 22:15:00"
"788056",18,"26.38","2021-01-03 22:30:00"
"788110",18,"26.1","2021-01-03 22:45:00"
"788164",18,"25.85","2021-01-03 23:00:00"
"788218",18,"25.61","2021-01-03 23:15:00"
"788272",18,"25.42","2021-01-03 23:30:00"
"788326",18,"25.49","2021-01-03 23:45:00"
"788380",18,"25.56","2021-01-04 00:00:00"
"788434",18,"25.54","2021-01-04 00:15:00"
"788488",18,"25.33","2021-01-04 00:30:00"
"789799",18,"3.545","2021-07-19 04:00:00"
"789906",18,"3.441","2021-07-19 04:15:00"
"790015",18,"3.355","2021-07-19 04:30:00"
"789866",18,"15.34","2021-06-08 02:00:00"
"789976",18,"15.34","2021-06-08 02:15:00"
"790120",18,"3.2800000000000002","2021-07-19 04:45:00"
"790239",18,"3.189","2021-07-19 05:00:00"
"790086",18,"15.39","2021-06-08 02:30:00"
"790185",18,"15.51","2021-06-08 02:45:00"
"790302",18,"15.55","2021-06-08 03:00:00"
"791396",18,"29.36","2021-04-30 17:00:00"
"791450",18,"28.66","2021-04-30 17:15:00"
"791504",18,"27.67","2021-04-30 17:30:00"
"791558",18,"26.65","2021-04-30 17:45:00"
"791612",18,"25.56","2021-04-30 18:00:00"
"791666",18,"24.71","2021-04-30 18:15:00"
"791720",18,"23.99","2021-04-30 18:30:00"
"791774",18,"23.38","2021-04-30 18:45:00"
"794828",18,"22.87","2021-04-30 19:00:00"
"794882",18,"22.42","2021-04-30 19:15:00"
"792885",18,"15.69","2021-06-08 05:45:00"
"792963",18,"15.68","2021-06-08 06:00:00"
"793042",18,"15.67","2021-06-08 06:15:00"
"793116",18,"15.69","2021-06-08 06:30:00"
"793203",18,"15.7","2021-06-08 06:45:00"
"793280",18,"15.73","2021-06-08 07:00:00"
"793368",18,"15.76","2021-06-08 07:15:00"
"793449",18,"15.78","2021-06-08 07:30:00"
"793349",18,"20.88","2021-01-04 06:00:00"
"793513",18,"20.84","2021-01-04 06:15:00"
"794146",18,"2.642","2021-07-19 08:00:00"
"794200",18,"3.27","2021-07-19 08:15:00"
"794254",18,"4.616","2021-07-19 08:30:00"
"794308",18,"6.038","2021-07-19 08:45:00"
"794362",18,"7.319","2021-07-19 09:00:00"
"794416",18,"8.12","2021-07-19 09:15:00"
"794470",18,"9.4","2021-07-19 09:30:00"
"794524",18,"10.9","2021-07-19 09:45:00"
"794578",18,"12.25","2021-07-19 10:00:00"
"794632",18,"13.6","2021-07-19 10:15:00"
"795373",18,"17.21","2021-06-08 09:30:00"
"795382",18,"20.86","2021-04-30 20:45:00"
"795504",18,"20.57","2021-04-30 21:00:00"
"795616",18,"20.4","2021-04-30 21:15:00"
"795730",18,"20.11","2021-04-30 21:30:00"
"795475",18,"17.27","2021-06-08 09:45:00"
"795567",18,"17.47","2021-06-08 10:00:00"
"795675",18,"17.9","2021-06-08 10:15:00"
"795771",18,"18.2","2021-06-08 10:30:00"
"795858",18,"19.01","2021-06-08 10:45:00"
"795961",18,"19.32","2021-06-08 11:00:00"
"796922",18,"20.58","2021-07-19 11:45:00"
"797013",18,"20.99","2021-07-19 12:00:00"
"797350",18,"21.17","2021-07-19 12:15:00"
"797023",18,"20.89","2021-01-04 06:30:00"
"797084",18,"20.99","2021-01-04 06:45:00"
"797138",18,"21.15","2021-01-04 07:00:00"
"797192",18,"21.33","2021-01-04 07:15:00"
"797246",18,"21.57","2021-01-04 07:30:00"
"797318",18,"21.94","2021-01-04 07:45:00"
"797419",18,"22.69","2021-01-04 08:00:00"
"797524",18,"23.76","2021-01-04 08:15:00"
"797989",18,"32.09","2021-01-04 09:45:00"
"798043",18,"33.75","2021-01-04 10:00:00"
"798097",18,"35.07","2021-01-04 10:15:00"
"798151",18,"36.09","2021-01-04 10:30:00"
"798205",18,"37.89","2021-01-04 10:45:00"
"798259",18,"39.28","2021-01-04 11:00:00"
"799846",18,"40.95","2021-01-04 11:15:00"
"800081",18,"42.17","2021-01-04 11:30:00"
"798388",18,"24.77","2021-07-19 13:45:00"
"798442",18,"23.37","2021-07-19 14:00:00"
"799565",18,"22.5","2021-06-08 15:00:00"
"799669",18,"22.34","2021-06-08 15:15:00"
"799623",18,"16.83","2021-05-01 01:30:00"
"799729",18,"16.67","2021-05-01 01:45:00"
"799956",18,"16.57","2021-05-01 02:00:00"
"799835",18,"22.16","2021-06-08 15:30:00"
"800028",18,"21.59","2021-06-08 15:45:00"
"800248",18,"21.25","2021-06-08 16:00:00"
"800171",18,"16.45","2021-05-01 02:15:00"
"800333",18,"16.31","2021-05-01 02:30:00"
"801327",18,"17.34","2021-07-19 17:30:00"
"801545",18,"16.41","2021-07-19 17:45:00"
"756642",18,"24.41","2021-07-17 14:00:00"
"756726",18,"23.82","2021-07-17 14:15:00"
"756803",18,"22.99","2021-07-17 14:30:00"
"756900",18,"17.2","2021-04-28 23:30:00"
"757009",18,"17.07","2021-04-28 23:45:00"
"757131",18,"16.97","2021-04-29 00:00:00"
"756877",18,"22.45","2021-07-17 14:45:00"
"756985",18,"22.34","2021-07-17 15:00:00"
"757612",18,"21.97","2021-07-17 16:30:00"
"757668",18,"21.27","2021-07-17 16:45:00"
"757722",18,"20.88","2021-07-17 17:00:00"
"757776",18,"20.46","2021-07-17 17:15:00"
"760298",18,"20.12","2021-07-17 17:30:00"
"757848",18,"24.31","2021-01-02 08:30:00"
"757902",18,"24.74","2021-01-02 08:45:00"
"757956",18,"25.93","2021-01-02 09:00:00"
"758010",18,"26.7","2021-01-02 09:15:00"
"758064",18,"27.86","2021-01-02 09:30:00"
"758712",18,"38.77","2021-01-02 12:30:00"
"758766",18,"37.28","2021-01-02 12:45:00"
"758880",18,"30","2021-06-06 15:30:00"
"758934",18,"29.9","2021-06-06 15:45:00"
"758988",18,"28.95","2021-06-06 16:00:00"
"759042",18,"28.61","2021-06-06 16:15:00"
"759096",18,"27.07","2021-06-06 16:30:00"
"759150",18,"26.22","2021-06-06 16:45:00"
"759204",18,"25.54","2021-06-06 17:00:00"
"759258",18,"24.62","2021-06-06 17:15:00"
"759918",18,"16.7","2021-04-29 01:45:00"
"759972",18,"16.53","2021-04-29 02:00:00"
"760026",18,"16.39","2021-04-29 02:15:00"
"760080",18,"16.38","2021-04-29 02:30:00"
"760134",18,"16.46","2021-04-29 02:45:00"
"760188",18,"16.44","2021-04-29 03:00:00"
"760285",18,"16.32","2021-04-29 03:15:00"
"760409",18,"19.8","2021-07-17 17:45:00"
"760528",18,"19.38","2021-07-17 18:00:00"
"761478",18,"15.95","2021-07-17 20:30:00"
"761532",18,"15.75","2021-07-17 20:45:00"
"761586",18,"15.52","2021-07-17 21:00:00"
"761640",18,"15.32","2021-07-17 21:15:00"
"761772",18,"15.18","2021-07-17 21:30:00"
"761934",18,"15.02","2021-07-17 21:45:00"
"761716",18,"38.6","2021-01-02 13:00:00"
"761795",18,"39.55","2021-01-02 13:15:00"
"761869",18,"38.35","2021-01-02 13:30:00"
"761954",18,"38.81","2021-01-02 13:45:00"
"762036",18,"41.66","2021-01-02 14:00:00"
"762522",18,"40.27","2021-01-02 16:15:00"
"762576",18,"41","2021-01-02 16:30:00"
"762630",18,"42.05","2021-01-02 16:45:00"
"762684",18,"42.12","2021-01-02 17:00:00"
"762738",18,"40.89","2021-01-02 17:15:00"
"764345",18,"38.74","2021-01-02 17:30:00"
"764569",18,"37.12","2021-01-02 17:45:00"
"764703",18,"36.18","2021-01-02 18:00:00"
"762935",18,"20.98","2021-06-06 20:00:00"
"763014",18,"20.8","2021-06-06 20:15:00"
"763087",18,"20.63","2021-06-06 20:30:00"
"764109",18,"18.5","2021-06-06 23:15:00"
"764227",18,"18.42","2021-06-06 23:30:00"
"764327",18,"18.3","2021-06-06 23:45:00"
"764445",18,"21.31","2021-04-29 09:00:00"
"764585",18,"22.44","2021-04-29 09:15:00"
"764468",18,"18.2","2021-06-07 00:00:00"
"764622",18,"18.06","2021-06-07 00:15:00"
"764720",18,"23.64","2021-04-29 09:30:00"
"764825",18,"24.78","2021-04-29 09:45:00"
"764949",18,"26.13","2021-04-29 10:00:00"
"764815",18,"35.17","2021-01-02 18:15:00"
"764907",18,"34.32","2021-01-02 18:30:00"
"765053",18,"27.4","2021-04-29 10:15:00"
"766821",18,"28.3","2021-04-29 10:30:00"
"765017",18,"33.55","2021-01-02 18:45:00"
"765116",18,"32.76","2021-01-02 19:00:00"
"765170",18,"32.03","2021-01-02 19:15:00"
"765224",18,"31.35","2021-01-02 19:30:00"
"765278",18,"30.69","2021-01-02 19:45:00"
"765910",18,"14.5","2021-07-17 22:30:00"
"765964",18,"14.27","2021-07-17 22:45:00"
"766018",18,"14.07","2021-07-17 23:00:00"
"766072",18,"13.9","2021-07-17 23:15:00"
"766126",18,"13.77","2021-07-17 23:30:00"
"766180",18,"13.67","2021-07-17 23:45:00"
"766234",18,"13.59","2021-07-18 00:00:00"
"766288",18,"13.52","2021-07-18 00:15:00"
"766342",18,"13.47","2021-07-18 00:30:00"
"766396",18,"13.35","2021-07-18 00:45:00"
"766905",18,"29.61","2021-04-29 10:45:00"
"767055",18,"30.85","2021-04-29 11:00:00"
"767184",18,"31.66","2021-04-29 11:15:00"
"767247",18,"26.74","2021-01-02 22:45:00"
"767374",18,"26.41","2021-01-02 23:00:00"
"767332",18,"32.57","2021-04-29 11:30:00"
"767460",18,"33.49","2021-04-29 11:45:00"
"767518",18,"26.08","2021-01-02 23:15:00"
"767635",18,"25.86","2021-01-02 23:30:00"
"767784",18,"25.61","2021-01-02 23:45:00"
"768202",18,"25.4","2021-01-03 00:30:00"
"768329",18,"25.15","2021-01-03 00:45:00"
"768453",18,"24.96","2021-01-03 01:00:00"
"768245",18,"17.27","2021-06-07 01:45:00"
"768515",18,"17.2","2021-06-07 02:00:00"
"768750",18,"17.09","2021-06-07 02:15:00"
"768413",18,"37.21","2021-04-29 13:30:00"
"768553",18,"36.06","2021-04-29 13:45:00"
"768602",18,"24.79","2021-01-03 01:15:00"
"768723",18,"24.69","2021-01-03 01:30:00"
"769788",18,"16.84","2021-06-07 03:45:00"
"769885",18,"16.85","2021-06-07 04:00:00"
"769998",18,"16.85","2021-06-07 04:15:00"
"770010",18,"11.66","2021-07-18 04:15:00"
"770108",18,"11.54","2021-07-18 04:30:00"
"770215",18,"11.38","2021-07-18 04:45:00"
"770120",18,"16.81","2021-06-07 04:30:00"
"770228",18,"16.78","2021-06-07 04:45:00"
"770314",18,"11.24","2021-07-18 05:00:00"
"770368",18,"11.12","2021-07-18 05:15:00"
"771393",18,"32.51","2021-04-29 16:30:00"
"771494",18,"30.86","2021-04-29 16:45:00"
"771600",18,"29.51","2021-04-29 17:00:00"
"771599",18,"22.9","2021-01-03 04:30:00"
"771697",18,"22.62","2021-01-03 04:45:00"
"771718",18,"28.97","2021-04-29 17:15:00"
"771834",18,"27.9","2021-04-29 17:30:00"
"771797",18,"22.39","2021-01-03 05:00:00"
"771905",18,"22.21","2021-01-03 05:15:00"
"772010",18,"22.07","2021-01-03 05:30:00"
"773743",18,"10.31","2021-07-18 08:00:00"
"773844",18,"10.8","2021-07-18 08:15:00"
"773953",18,"11.87","2021-07-18 08:30:00"
"773839",18,"16.8","2021-06-07 08:45:00"
"773946",18,"16.85","2021-06-07 09:00:00"
"774051",18,"16.94","2021-06-07 09:15:00"
"774065",18,"13.01","2021-07-18 08:45:00"
"774176",18,"14.02","2021-07-18 09:00:00"
"774232",18,"14.48","2021-07-18 09:15:00"
"774154",18,"17.04","2021-06-07 09:30:00"
"776618",18,"17.21","2021-06-07 09:45:00"
"776728",18,"17.42","2021-06-07 10:00:00"
"775262",18,"19.61","2021-04-29 21:00:00"
"775353",18,"19.3","2021-04-29 21:15:00"
"775437",18,"19.09","2021-04-29 21:30:00"
"775516",18,"19.07","2021-04-29 21:45:00"
"775596",18,"18.97","2021-04-29 22:00:00"
"775600",18,"26.2","2021-01-03 08:45:00"
"775717",18,"27.37","2021-01-03 09:00:00"
"775834",18,"28.3","2021-01-03 09:15:00"
"775696",18,"18.8","2021-04-29 22:15:00"
"775796",18,"18.57","2021-04-29 22:30:00"
"775894",18,"18.38","2021-04-29 22:45:00"
"776464",18,"31.95","2021-01-03 10:45:00"
"776607",18,"31.94","2021-01-03 11:00:00"
"776715",18,"33.04","2021-01-03 11:15:00"
"776610",18,"17.34","2021-04-30 00:15:00"
"778832",18,"17.23","2021-04-30 00:30:00"
"778886",18,"17.12","2021-04-30 00:45:00"
"776825",18,"35.49","2021-01-03 11:30:00"
"776996",18,"38.48","2021-01-03 11:45:00"
"776859",18,"17.69","2021-06-07 10:15:00"
"776995",18,"18.08","2021-06-07 10:30:00"
"778228",18,"19.64","2021-06-07 13:15:00"
"778327",18,"19.69","2021-06-07 13:30:00"
"778207",18,"18.27","2021-07-18 14:45:00"
"778324",18,"16.93","2021-07-18 15:00:00"
"778422",18,"20.23","2021-06-07 13:45:00"
"778564",18,"20.03","2021-06-07 14:00:00"
"780341",18,"19.96","2021-06-07 14:15:00"
"778440",18,"17.33","2021-07-18 15:15:00"
"778528",18,"17.81","2021-07-18 15:30:00"
"778612",18,"18.09","2021-07-18 15:45:00"
"779892",18,"15.33","2021-04-30 04:45:00"
"782804",18,"15.16","2021-04-30 05:00:00"
"782858",18,"14.99","2021-04-30 05:15:00"
"779950",18,"43.52","2021-01-03 12:45:00"
"780004",18,"43.97","2021-01-03 13:00:00"
"780058",18,"44.89","2021-01-03 13:15:00"
"780112",18,"45.39","2021-01-03 13:30:00"
"780166",18,"45.28","2021-01-03 13:45:00"
"780220",18,"44.75","2021-01-03 14:00:00"
"780274",18,"43.96","2021-01-03 14:15:00"
"780342",18,"45.36","2021-01-03 14:30:00"
"781361",18,"13.99","2021-07-18 17:45:00"
"781530",18,"13.24","2021-07-18 18:00:00"
"781675",18,"12.58","2021-07-18 18:15:00"
"781532",18,"20.21","2021-06-07 16:15:00"
"781676",18,"20.09","2021-06-07 16:30:00"
"781784",18,"19.84","2021-06-07 16:45:00"
"781587",18,"43.03","2021-01-03 16:30:00"
"783740",18,"42.4","2021-01-03 16:45:00"
"783841",18,"42.64","2021-01-03 17:00:00"
"781783",18,"11.97","2021-07-18 18:30:00"
"781873",18,"11.48","2021-07-18 18:45:00"
"782912",18,"14.81","2021-04-30 05:30:00"
"782966",18,"14.78","2021-04-30 05:45:00"
"783020",18,"14.72","2021-04-30 06:00:00"
"783074",18,"14.66","2021-04-30 06:15:00"
"783128",18,"14.59","2021-04-30 06:30:00"
"783182",18,"14.4","2021-04-30 06:45:00"
"783236",18,"14.26","2021-04-30 07:00:00"
"783290",18,"14.34","2021-04-30 07:15:00"
"783344",18,"14.51","2021-04-30 07:30:00"
"783398",18,"14.79","2021-04-30 07:45:00"
"784752",18,"29.67","2021-01-03 20:30:00"
"784924",18,"29.13","2021-01-03 20:45:00"
"784830",18,"7.864","2021-07-18 21:45:00"
"784983",18,"7.609","2021-07-18 22:00:00"
"785086",18,"28.58","2021-01-03 21:00:00"
"787786",18,"28.1","2021-01-03 21:15:00"
"787840",18,"27.68","2021-01-03 21:30:00"
"785144",18,"7.368","2021-07-18 22:15:00"
"785269",18,"7.154","2021-07-18 22:30:00"
"785385",18,"6.968","2021-07-18 22:45:00"
"786286",18,"16.62","2021-06-07 22:00:00"
"786403",18,"16.64","2021-06-07 22:15:00"
"786501",18,"16.63","2021-06-07 22:30:00"
"786572",18,"4.9030000000000005","2021-07-19 01:30:00"
"788796",18,"4.753","2021-07-19 01:45:00"
"788917",18,"4.609","2021-07-19 02:00:00"
"786611",18,"16.63","2021-06-07 22:45:00"
"786684",18,"16.63","2021-06-07 23:00:00"
"786738",18,"16.69","2021-06-07 23:15:00"
"788829",18,"16.72","2021-06-07 23:30:00"
"788914",18,"16.63","2021-06-07 23:45:00"
"788542",18,"25.11","2021-01-04 00:45:00"
"788596",18,"24.75","2021-01-04 01:00:00"
"788650",18,"24.53","2021-01-04 01:15:00"
"788704",18,"24.28","2021-01-04 01:30:00"
"788758",18,"23.94","2021-01-04 01:45:00"
"791812",18,"23.66","2021-01-04 02:00:00"
"789025",18,"4.476","2021-07-19 02:15:00"
"789155",18,"4.313","2021-07-19 02:30:00"
"789022",18,"16.56","2021-06-08 00:00:00"
"789115",18,"16.47","2021-06-08 00:15:00"
"789220",18,"16.4","2021-06-08 00:30:00"
"790339",18,"3.084","2021-07-19 05:15:00"
"790444",18,"2.9530000000000003","2021-07-19 05:30:00"
"790554",18,"2.819","2021-07-19 05:45:00"
"790410",18,"15.54","2021-06-08 03:15:00"
"790519",18,"15.56","2021-06-08 03:30:00"
"790671",18,"2.739","2021-07-19 06:00:00"
"790768",18,"2.66","2021-07-19 06:15:00"
"790614",18,"15.61","2021-06-08 03:45:00"
"790725",18,"15.64","2021-06-08 04:00:00"
"792389",18,"15.6","2021-06-08 04:15:00"
"792473",18,"15.59","2021-06-08 04:30:00"
"792559",18,"15.61","2021-06-08 04:45:00"
"792642",18,"15.61","2021-06-08 05:00:00"
"792538",18,"21.54","2021-01-04 04:45:00"
"792684",18,"21.39","2021-01-04 05:00:00"
"792731",18,"15.61","2021-06-08 05:15:00"
"792805",18,"15.67","2021-06-08 05:30:00"
"792857",18,"21.26","2021-01-04 05:15:00"
"793028",18,"21.13","2021-01-04 05:30:00"
"793192",18,"21","2021-01-04 05:45:00"
"794686",18,"14.97","2021-07-19 10:30:00"
"794740",18,"16.16","2021-07-19 10:45:00"
"796520",18,"17.17","2021-07-19 11:00:00"
"794936",18,"22.02","2021-04-30 19:30:00"
"794990",18,"21.67","2021-04-30 19:45:00"
"795136",18,"17.01","2021-06-08 09:00:00"
"795266",18,"17.13","2021-06-08 09:15:00"
"795077",18,"21.43","2021-04-30 20:00:00"
"795185",18,"21.28","2021-04-30 20:15:00"
"795274",18,"21.14","2021-04-30 20:30:00"
"796491",18,"18.59","2021-04-30 23:00:00"
"796639",18,"18.39","2021-04-30 23:15:00"
"796555",18,"22.86","2021-06-08 12:30:00"
"796696",18,"22.7","2021-06-08 12:45:00"
"796726",18,"18.2","2021-07-19 11:15:00"
"796818",18,"19.28","2021-07-19 11:30:00"
"796842",18,"22.32","2021-06-08 13:00:00"
"796953",18,"22.08","2021-06-08 13:15:00"
"798911",18,"22.06","2021-06-08 13:30:00"
"798496",18,"22.07","2021-07-19 14:15:00"
"798550",18,"21.97","2021-07-19 14:30:00"
"798604",18,"20.95","2021-07-19 14:45:00"
"798658",18,"20.23","2021-07-19 15:00:00"
"798712",18,"20.28","2021-07-19 15:15:00"
"798766",18,"20.83","2021-07-19 15:30:00"
"799878",18,"21.45","2021-07-19 15:45:00"
"800079",18,"21.46","2021-07-19 16:00:00"
"798800",18,"18.19","2021-04-30 23:30:00"
"798867",18,"18","2021-04-30 23:45:00"
"798970",18,"17.85","2021-05-01 00:00:00"
"800310",18,"21.19","2021-07-19 16:15:00"
"800516",18,"20.69","2021-07-19 16:30:00"
"800721",18,"19.92","2021-07-19 16:45:00"
"800336",18,"42.98","2021-01-04 11:45:00"
"800533",18,"43.58","2021-01-04 12:00:00"
"800492",18,"21.01","2021-06-08 16:15:00"
"800705",18,"20.55","2021-06-08 16:30:00"
"800920",18,"20.52","2021-06-08 16:45:00"
"801751",18,"15.51","2021-07-19 18:00:00"
"801416",18,"48.12","2021-01-04 13:00:00"
"801619",18,"49.04","2021-01-04 13:15:00"
"801779",18,"49.03","2021-01-04 13:30:00"
"801628",18,"19.56","2021-06-08 17:30:00"
"801788",18,"19.22","2021-06-08 17:45:00"
"802797",18,"18.91","2021-06-08 18:00:00"
"801632",18,"15.7","2021-05-01 04:00:00"
"802870",18,"15.56","2021-05-01 04:15:00"
"803006",18,"15.44","2021-05-01 04:30:00"
"807404",18,"15.46","2021-06-09 00:00:00"
"807517",18,"15.3","2021-06-09 00:15:00"
"807551",18,"29.04","2021-05-01 10:30:00"
"807670",18,"29.14","2021-05-01 10:45:00"
"807617",18,"15.2","2021-06-09 00:30:00"
"807718",18,"15.11","2021-06-09 00:45:00"
"807812",18,"15.05","2021-06-09 01:00:00"
"807793",18,"30.13","2021-05-01 11:00:00"
"807891",18,"32.35","2021-05-01 11:15:00"
"807993",18,"32.98","2021-05-01 11:30:00"
"809029",18,"6.319","2021-07-20 01:15:00"
"809132",18,"6.13","2021-07-20 01:30:00"
"809100",18,"30.56","2021-01-04 21:15:00"
"809216",18,"29.67","2021-01-04 21:30:00"
"809323",18,"28.91","2021-01-04 21:45:00"
"809231",18,"5.961","2021-07-20 01:45:00"
"762360",18,"43.48","2021-01-02 15:30:00"
"762414",18,"42.77","2021-01-02 15:45:00"
"762468",18,"42.13","2021-01-02 16:00:00"
"763582",18,"19.22","2021-06-06 22:00:00"
"763692",18,"19.06","2021-06-06 22:15:00"
"763788",18,"18.94","2021-06-06 22:30:00"
"763858",18,"14.58","2021-04-29 07:45:00"
"763975",18,"15.7","2021-04-29 08:00:00"
"763899",18,"18.82","2021-06-06 22:45:00"
"764001",18,"18.69","2021-06-06 23:00:00"
"764082",18,"17.37","2021-04-29 08:15:00"
"764179",18,"18.92","2021-04-29 08:30:00"
"764304",18,"20.21","2021-04-29 08:45:00"
"765332",18,"30.12","2021-01-02 20:00:00"
"765386",18,"29.62","2021-01-02 20:15:00"
"765440",18,"29.17","2021-01-02 20:30:00"
"765494",18,"28.76","2021-01-02 20:45:00"
"765548",18,"28.41","2021-01-02 21:00:00"
"765602",18,"28.1","2021-01-02 21:15:00"
"765656",18,"27.8","2021-01-02 21:30:00"
"765710",18,"27.56","2021-01-02 21:45:00"
"765764",18,"27.33","2021-01-02 22:00:00"
"766980",18,"27.07","2021-01-02 22:15:00"
"767104",18,"26.9","2021-01-02 22:30:00"
"766450",18,"13.19","2021-07-18 01:00:00"
"766504",18,"12.88","2021-07-18 01:15:00"
"766558",18,"12.59","2021-07-18 01:30:00"
"766612",18,"12.48","2021-07-18 01:45:00"
"766666",18,"12.41","2021-07-18 02:00:00"
"766720",18,"12.39","2021-07-18 02:15:00"
"766774",18,"12.35","2021-07-18 02:30:00"
"769291",18,"12.29","2021-07-18 02:45:00"
"766929",18,"17.97","2021-06-07 00:30:00"
"767197",18,"17.68","2021-06-07 00:45:00"
"767465",18,"17.46","2021-06-07 01:00:00"
"767755",18,"17.42","2021-06-07 01:15:00"
"767989",18,"17.33","2021-06-07 01:30:00"
"767597",18,"34.47","2021-04-29 12:00:00"
"767719",18,"35.55","2021-04-29 12:15:00"
"767861",18,"36.36","2021-04-29 12:30:00"
"767927",18,"25.51","2021-01-03 00:00:00"
"768057",18,"25.55","2021-01-03 00:15:00"
"768008",18,"36.67","2021-04-29 12:45:00"
"768146",18,"37.11","2021-04-29 13:00:00"
"768276",18,"37.35","2021-04-29 13:15:00"
"769335",18,"24.44","2021-01-03 02:30:00"
"770817",18,"24.21","2021-01-03 02:45:00"
"769478",18,"12.18","2021-07-18 03:00:00"
"769575",18,"12.09","2021-07-18 03:15:00"
"769683",18,"11.94","2021-07-18 03:30:00"
"769453",18,"16.99","2021-06-07 03:00:00"
"769572",18,"16.94","2021-06-07 03:15:00"
"769680",18,"16.87","2021-06-07 03:30:00"
"769791",18,"11.77","2021-07-18 03:45:00"
"769909",18,"11.7","2021-07-18 04:00:00"
"770874",18,"35.32","2021-04-29 15:15:00"
"770972",18,"35.26","2021-04-29 15:30:00"
"771077",18,"34.89","2021-04-29 15:45:00"
"770932",18,"24.09","2021-01-03 03:00:00"
"771041",18,"23.89","2021-01-03 03:15:00"
"771147",18,"23.49","2021-01-03 03:30:00"
"771186",18,"34.1","2021-04-29 16:00:00"
"771281",18,"33.56","2021-04-29 16:15:00"
"771270",18,"23.26","2021-01-03 03:45:00"
"771377",18,"23.16","2021-01-03 04:00:00"
"771485",18,"23.04","2021-01-03 04:15:00"
"772667",18,"22","2021-04-29 19:15:00"
"772814",18,"21.55","2021-04-29 19:30:00"
"772842",18,"22.4","2021-01-03 07:00:00"
"772959",18,"22.82","2021-01-03 07:15:00"
"772921",18,"16.7","2021-06-07 05:45:00"
"773012",18,"16.62","2021-06-07 06:00:00"
"773066",18,"16.53","2021-06-07 06:15:00"
"773120",18,"16.5","2021-06-07 06:30:00"
"773174",18,"16.48","2021-06-07 06:45:00"
"774806",18,"21.2","2021-04-29 19:45:00"
"774860",18,"20.98","2021-04-29 20:00:00"
"774946",18,"20.7","2021-04-29 20:15:00"
"774953",18,"22.78","2021-01-03 07:30:00"
"775054",18,"23.19","2021-01-03 07:45:00"
"775174",18,"23.69","2021-01-03 08:00:00"
"775061",18,"20.38","2021-04-29 20:30:00"
"775152",18,"20.01","2021-04-29 20:45:00"
"775292",18,"24.1","2021-01-03 08:15:00"
"775432",18,"25.25","2021-01-03 08:30:00"
"776950",18,"20.98","2021-07-18 12:00:00"
"777128",18,"21.73","2021-07-18 12:15:00"
"777147",18,"18.42","2021-06-07 10:45:00"
"777254",18,"18.61","2021-06-07 11:00:00"
"777354",18,"19.02","2021-06-07 11:15:00"
"777237",18,"22.05","2021-07-18 12:30:00"
"777353",18,"22.43","2021-07-18 12:45:00"
"777460",18,"19.35","2021-06-07 11:30:00"
"777568",18,"19.26","2021-06-07 11:45:00"
"777684",18,"19.5","2021-06-07 12:00:00"
"778690",18,"18.06","2021-07-18 16:00:00"
"778744",18,"18.1","2021-07-18 16:15:00"
"778940",18,"17.01","2021-04-30 01:00:00"
"778994",18,"16.88","2021-04-30 01:15:00"
"779048",18,"16.74","2021-04-30 01:30:00"
"779102",18,"16.67","2021-04-30 01:45:00"
"779156",18,"16.58","2021-04-30 02:00:00"
"779210",18,"16.43","2021-04-30 02:15:00"
"779264",18,"16.26","2021-04-30 02:30:00"
"780449",18,"47.01","2021-01-03 14:45:00"
"780566",18,"47.25","2021-01-03 15:00:00"
"780450",18,"20.64","2021-06-07 14:30:00"
"780574",18,"21.33","2021-06-07 14:45:00"
"780580",18,"18.03","2021-07-18 16:30:00"
"780778",18,"17.57","2021-07-18 16:45:00"
"780915",18,"16.75","2021-07-18 17:00:00"
"780708",18,"44.37","2021-01-03 15:15:00"
"780906",18,"43.71","2021-01-03 15:30:00"
"781088",18,"43.16","2021-01-03 15:45:00"
"781909",18,"19.46","2021-06-07 17:00:00"
"782009",18,"19.19","2021-06-07 17:15:00"
"782118",18,"19.11","2021-06-07 17:30:00"
"781990",18,"11.1","2021-07-18 19:00:00"
"782098",18,"10.73","2021-07-18 19:15:00"
"782196",18,"10.37","2021-07-18 19:30:00"
"782235",18,"18.95","2021-06-07 17:45:00"
"782338",18,"18.42","2021-06-07 18:00:00"
"782310",18,"10.04","2021-07-18 19:45:00"
"782405",18,"9.72","2021-07-18 20:00:00"
"782516",18,"9.44","2021-07-18 20:15:00"
"784030",18,"40.33","2021-01-03 17:45:00"
"784084",18,"38.66","2021-01-03 18:00:00"
"784138",18,"37.31","2021-01-03 18:15:00"
"784192",18,"36.19","2021-01-03 18:30:00"
"784246",18,"35.15","2021-01-03 18:45:00"
"784300",18,"34.16","2021-01-03 19:00:00"
"784354",18,"33.25","2021-01-03 19:15:00"
"784408",18,"32.44","2021-01-03 19:30:00"
"784462",18,"31.68","2021-01-03 19:45:00"
"784533",18,"30.9","2021-01-03 20:00:00"
"784641",18,"30.25","2021-01-03 20:15:00"
"785758",18,"16.55","2021-06-07 20:45:00"
"785858",18,"16.59","2021-06-07 21:00:00"
"785951",18,"16.61","2021-06-07 21:15:00"
"786047",18,"5.76","2021-07-19 00:15:00"
"786154",18,"5.595","2021-07-19 00:30:00"
"786057",18,"16.61","2021-06-07 21:30:00"
"786166",18,"16.56","2021-06-07 21:45:00"
"786253",18,"5.421","2021-07-19 00:45:00"
"786345",18,"5.264","2021-07-19 01:00:00"
"786467",18,"5.089","2021-07-19 01:15:00"
"787424",18,"33.95","2021-04-30 12:30:00"
"787478",18,"34.33","2021-04-30 12:45:00"
"787532",18,"34.81","2021-04-30 13:00:00"
"787586",18,"34.8","2021-04-30 13:15:00"
"787640",18,"35.02","2021-04-30 13:30:00"
"787694",18,"34.2","2021-04-30 13:45:00"
"787748",18,"33.96","2021-04-30 14:00:00"
"787894",18,"27.31","2021-01-03 21:45:00"
"787948",18,"26.98","2021-01-03 22:00:00"
"789255",18,"4.171","2021-07-19 02:45:00"
"789369",18,"4.033","2021-07-19 03:00:00"
"789478",18,"3.896","2021-07-19 03:15:00"
"789324",18,"16.32","2021-06-08 00:45:00"
"789435",18,"16.12","2021-06-08 01:00:00"
"789586",18,"3.773","2021-07-19 03:30:00"
"789699",18,"3.65","2021-07-19 03:45:00"
"789544",18,"15.83","2021-06-08 01:15:00"
"789645",18,"15.64","2021-06-08 01:30:00"
"789759",18,"15.44","2021-06-08 01:45:00"
"790802",18,"33.4","2021-04-30 14:15:00"
"790856",18,"32.25","2021-04-30 14:30:00"
"790910",18,"31.77","2021-04-30 14:45:00"
"790964",18,"33.04","2021-04-30 15:00:00"
"791018",18,"32.97","2021-04-30 15:15:00"
"791072",18,"32.39","2021-04-30 15:30:00"
"791126",18,"31.92","2021-04-30 15:45:00"
"791180",18,"31.6","2021-04-30 16:00:00"
"791234",18,"31.72","2021-04-30 16:15:00"
"791288",18,"31.44","2021-04-30 16:30:00"
"791342",18,"30.38","2021-04-30 16:45:00"
"791866",18,"23.4","2021-01-04 02:15:00"
"791920",18,"23.17","2021-01-04 02:30:00"
"791974",18,"22.94","2021-01-04 02:45:00"
"792028",18,"22.73","2021-01-04 03:00:00"
"792082",18,"22.54","2021-01-04 03:15:00"
"792136",18,"22.36","2021-01-04 03:30:00"
"792190",18,"22.19","2021-01-04 03:45:00"
"792244",18,"22.02","2021-01-04 04:00:00"
"792304",18,"21.86","2021-01-04 04:15:00"
"792391",18,"21.69","2021-01-04 04:30:00"
"793529",18,"15.78","2021-06-08 07:45:00"
"793627",18,"15.9","2021-06-08 08:00:00"
"793684",18,"2.484","2021-07-19 06:30:00"
"793797",18,"2.292","2021-07-19 06:45:00"
"793906",18,"2.209","2021-07-19 07:00:00"
"793757",18,"16.15","2021-06-08 08:15:00"
"793866",18,"16.42","2021-06-08 08:30:00"
"795028",18,"16.76","2021-06-08 08:45:00"
"793984",18,"2.167","2021-07-19 07:15:00"
"794038",18,"2.219","2021-07-19 07:30:00"
"794092",18,"2.399","2021-07-19 07:45:00"
"795875",18,"19.82","2021-04-30 21:45:00"
"795977",18,"19.57","2021-04-30 22:00:00"
"796053",18,"19.11","2021-06-08 11:15:00"
"796145",18,"19.98","2021-06-08 11:30:00"
"796118",18,"19.33","2021-04-30 22:15:00"
"796223",18,"19.06","2021-04-30 22:30:00"
"796341",18,"18.82","2021-04-30 22:45:00"
"796258",18,"20.71","2021-06-08 11:45:00"
"796356",18,"21.57","2021-06-08 12:00:00"
"796434",18,"22.38","2021-06-08 12:15:00"
"797474",18,"22.16","2021-07-19 12:30:00"
"797582",18,"23.06","2021-07-19 12:45:00"
"797645",18,"24.82","2021-01-04 08:30:00"
"797759",18,"26.21","2021-01-04 08:45:00"
"797827",18,"27.45","2021-01-04 09:00:00"
"797681",18,"23.76","2021-07-19 13:00:00"
"797789",18,"24.24","2021-07-19 13:15:00"
"798334",18,"24.79","2021-07-19 13:30:00"
"797881",18,"28.85","2021-01-04 09:15:00"
"797935",18,"30.26","2021-01-04 09:30:00"
"799021",18,"22.18","2021-06-08 13:45:00"
"799125",18,"22.21","2021-06-08 14:00:00"
"799086",18,"17.74","2021-05-01 00:15:00"
"799187",18,"17.61","2021-05-01 00:30:00"
"799241",18,"22.62","2021-06-08 14:15:00"
"799344",18,"22.44","2021-06-08 14:30:00"
"799452",18,"22.5","2021-06-08 14:45:00"
"799298",18,"17.43","2021-05-01 00:45:00"
"799408",18,"17.24","2021-05-01 01:00:00"
"799510",18,"17.04","2021-05-01 01:15:00"
"800927",18,"19.05","2021-07-19 17:00:00"
"801094",18,"18.18","2021-07-19 17:15:00"
"800763",18,"44.83","2021-01-04 12:15:00"
"800950",18,"46.04","2021-01-04 12:30:00"
"801187",18,"47.11","2021-01-04 12:45:00"
"801206",18,"20.29","2021-06-08 17:00:00"
"801401",18,"19.9","2021-06-08 17:15:00"
"801205",18,"15.94","2021-05-01 03:30:00"
"801407",18,"15.84","2021-05-01 03:45:00"
"802464",18,"11.76","2021-07-19 19:30:00"
"802561",18,"11.44","2021-07-19 19:45:00"
"802475",18,"47.99","2021-01-04 15:00:00"
"802594",18,"47.13","2021-01-04 15:15:00"
"802678",18,"11.16","2021-07-19 20:00:00"
"804809",18,"10.89","2021-07-19 20:15:00"
"804896",18,"10.59","2021-07-19 20:30:00"
"802693",18,"45.54","2021-01-04 15:30:00"
"804783",18,"45.96","2021-01-04 15:45:00"
"805136",18,"46.98","2021-01-04 16:00:00"
"803431",18,"18.19","2021-06-08 19:30:00"
"803523",18,"18.1","2021-06-08 19:45:00"
"803624",18,"17.95","2021-06-08 20:00:00"
"803733",18,"17.82","2021-06-08 20:15:00"
"803854",18,"17.72","2021-06-08 20:30:00"
"803662",18,"14.85","2021-05-01 06:00:00"
"803770",18,"14.67","2021-05-01 06:15:00"
"803866",18,"14.5","2021-05-01 06:30:00"
"803974",18,"14.39","2021-05-01 06:45:00"
"804095",18,"14.3","2021-05-01 07:00:00"
"804490",18,"17.09","2021-06-08 22:00:00"
"804591",18,"16.95","2021-06-08 22:15:00"
"804705",18,"16.75","2021-06-08 22:30:00"
"806866",18,"16.54","2021-06-08 22:45:00"
"806982",18,"16.28","2021-06-08 23:00:00"
"804744",18,"18.26","2021-05-01 08:30:00"
"806799",18,"19.66","2021-05-01 08:45:00"
"806905",18,"20.98","2021-05-01 09:00:00"
"804950",18,"10.34","2021-07-19 20:45:00"
"805004",18,"10.18","2021-07-19 21:00:00"
"805648",18,"8.69","2021-07-19 22:45:00"
"805754",18,"8.5","2021-07-19 23:00:00"
"805777",18,"40.25","2021-01-04 17:30:00"
"805892",18,"39.47","2021-01-04 17:45:00"
"805855",18,"8.25","2021-07-19 23:15:00"
"805970",18,"8.02","2021-07-19 23:30:00"
"806085",18,"7.854","2021-07-19 23:45:00"
"805996",18,"38.47","2021-01-04 18:00:00"
"806094",18,"37.7","2021-01-04 18:15:00"
"806190",18,"37.04","2021-01-04 18:30:00"
"806700",18,"32.84","2021-01-04 20:00:00"
"806754",18,"32.34","2021-01-04 20:15:00"
"808808",18,"31.91","2021-01-04 20:30:00"
"807005",18,"22.26","2021-05-01 09:15:00"
"807123",18,"23.7","2021-05-01 09:30:00"
"807081",18,"16.02","2021-06-08 23:15:00"
"807188",18,"15.8","2021-06-08 23:30:00"
"807291",18,"15.55","2021-06-08 23:45:00"
"807237",18,"24.92","2021-05-01 09:45:00"
"807339",18,"26.31","2021-05-01 10:00:00"
"807449",18,"27.67","2021-05-01 10:15:00"
"808549",18,"14.48","2021-06-09 02:30:00"
"808661",18,"14.32","2021-06-09 02:45:00"
"808570",18,"37.84","2021-05-01 13:00:00"
"808675",18,"37.35","2021-05-01 13:15:00"
"810946",18,"37.11","2021-05-01 13:30:00"
"808732",18,"14.29","2021-06-09 03:00:00"
"809340",18,"5.802","2021-07-20 02:00:00"
"809461",18,"5.7620000000000005","2021-07-20 02:15:00"
"809425",18,"28.34","2021-01-04 22:00:00"
"809518",18,"27.94","2021-01-04 22:15:00"
"814400",18,"16.26","2021-06-09 08:45:00"
"814582",18,"17.39","2021-06-09 09:00:00"
"814722",18,"17.9","2021-06-09 09:15:00"
"814701",18,"24.09","2021-05-01 19:30:00"
"814861",18,"23.71","2021-05-01 19:45:00"
"814846",18,"3.5460000000000003","2021-07-20 07:00:00"
"815009",18,"3.555","2021-07-20 07:15:00"
"814884",18,"18.34","2021-06-09 09:30:00"
"815020",18,"18.45","2021-06-09 09:45:00"
"816162",18,"20.32","2021-06-09 11:30:00"
"816312",18,"20.84","2021-06-09 11:45:00"
"816355",18,"21.31","2021-05-01 22:00:00"
"816504",18,"21.06","2021-05-01 22:15:00"
"816462",18,"10.12","2021-07-20 09:30:00"
"816642",18,"10.96","2021-07-20 09:45:00"
"816762",18,"12.08","2021-07-20 10:00:00"
"816480",18,"21.03","2021-06-09 12:00:00"
"816635",18,"21.29","2021-06-09 12:15:00"
"817893",18,"22.1","2021-06-09 12:30:00"
"817724",18,"29.52","2021-01-05 10:00:00"
"817778",18,"30.16","2021-01-05 10:15:00"
"820832",18,"31.96","2021-01-05 10:30:00"
"818007",18,"22.72","2021-06-09 12:45:00"
"818163",18,"23.28","2021-06-09 13:00:00"
"817969",18,"20.29","2021-05-01 23:15:00"
"818110",18,"20.1","2021-05-01 23:30:00"
"818260",18,"19.74","2021-05-01 23:45:00"
"818422",18,"19.6","2021-05-02 00:00:00"
"818572",18,"19.41","2021-05-02 00:15:00"
"818905",18,"19.4","2021-07-20 11:30:00"
"819054",18,"19.81","2021-07-20 11:45:00"
"819215",18,"20.03","2021-07-20 12:00:00"
"819451",18,"20.58","2021-07-20 12:15:00"
"819241",18,"18.75","2021-05-02 01:15:00"
"819366",18,"18.49","2021-05-02 01:30:00"
"819178",18,"22.83","2021-06-09 14:30:00"
"819328",18,"22.69","2021-06-09 14:45:00"
"819459",18,"22.48","2021-06-09 15:00:00"
"820565",18,"23.8","2021-07-20 14:00:00"
"820666",18,"23.33","2021-07-20 14:15:00"
"821810",18,"20.39","2021-06-09 17:15:00"
"821864",18,"20.03","2021-06-09 17:30:00"
"820734",18,"22.97","2021-07-20 14:30:00"
"821900",18,"21.89","2021-07-20 14:45:00"
"822008",18,"20.9","2021-07-20 15:00:00"
"820886",18,"32.07","2021-01-05 10:45:00"
"820940",18,"32.15","2021-01-05 11:00:00"
"822822",18,"18.01","2021-06-09 19:45:00"
"822924",18,"17.95","2021-06-09 20:00:00"
"822870",18,"19.72","2021-07-20 17:00:00"
"822979",18,"18.61","2021-07-20 17:15:00"
"823081",18,"17.72","2021-07-20 17:30:00"
"823039",18,"17.82","2021-06-09 20:15:00"
"823142",18,"17.67","2021-06-09 20:30:00"
"823244",18,"17.56","2021-06-09 20:45:00"
"823195",18,"16.72","2021-07-20 17:45:00"
"823304",18,"15.77","2021-07-20 18:00:00"
"824356",18,"33.71","2021-01-05 15:45:00"
"824442",18,"34.83","2021-01-05 16:00:00"
"824535",18,"33.98","2021-01-05 16:15:00"
"824608",18,"33.91","2021-01-05 16:30:00"
"824678",18,"33.06","2021-01-05 16:45:00"
"824732",18,"31.88","2021-01-05 17:00:00"
"824786",18,"31.27","2021-01-05 17:15:00"
"824840",18,"31.06","2021-01-05 17:30:00"
"824896",18,"30.43","2021-01-05 17:45:00"
"824998",18,"29.93","2021-01-05 18:00:00"
"825106",18,"29.62","2021-01-05 18:15:00"
"825498",18,"28.47","2021-01-05 19:00:00"
"825612",18,"28.2","2021-01-05 19:15:00"
"825704",18,"27.76","2021-01-05 19:30:00"
"825712",18,"16.54","2021-05-02 07:30:00"
"825766",18,"16.99","2021-05-02 07:45:00"
"828820",18,"17.78","2021-05-02 08:00:00"
"825968",18,"11.91","2021-07-20 19:45:00"
"826076",18,"11.59","2021-07-20 20:00:00"
"825988",18,"17.13","2021-06-09 22:15:00"
"826093",18,"17.03","2021-06-09 22:30:00"
"826205",18,"16.92","2021-06-09 22:45:00"
"827259",18,"9.4","2021-07-20 22:45:00"
"827360",18,"9.37","2021-07-20 23:00:00"
"827470",18,"9.35","2021-07-20 23:15:00"
"827402",18,"16.96","2021-06-10 01:30:00"
"827512",18,"16.94","2021-06-10 01:45:00"
"827585",18,"9.35","2021-07-20 23:30:00"
"827723",18,"9.21","2021-07-20 23:45:00"
"827608",18,"16.94","2021-06-10 02:00:00"
"827696",18,"16.97","2021-06-10 02:15:00"
"829297",18,"16.94","2021-06-10 02:30:00"
"828874",18,"19.08","2021-05-02 08:15:00"
"828928",18,"20.35","2021-05-02 08:30:00"
"828982",18,"21.99","2021-05-02 08:45:00"
"829036",18,"23.4","2021-05-02 09:00:00"
"829090",18,"23.52","2021-05-02 09:15:00"
"829144",18,"23.75","2021-05-02 09:30:00"
"829198",18,"24.19","2021-05-02 09:45:00"
"829253",18,"24.75","2021-05-02 10:00:00"
"829377",18,"25.45","2021-05-02 10:15:00"
"829575",18,"27.72","2021-05-02 10:30:00"
"830415",18,"7.703","2021-07-21 02:00:00"
"830616",18,"7.6530000000000005","2021-07-21 02:15:00"
"830811",18,"7.534","2021-07-21 02:30:00"
"830689",18,"16.82","2021-06-10 04:45:00"
"830808",18,"16.8","2021-06-10 05:00:00"
"830766",18,"31.94","2021-05-02 12:00:00"
"830973",18,"34.07","2021-05-02 12:15:00"
"832893",18,"34.59","2021-05-02 12:30:00"
"831012",18,"7.421","2021-07-21 02:45:00"
"831208",18,"7.327","2021-07-21 03:00:00"
"832180",18,"23.6","2021-01-06 02:00:00"
"832234",18,"23.59","2021-01-06 02:15:00"
"832288",18,"23.55","2021-01-06 02:30:00"
"832342",18,"23.54","2021-01-06 02:45:00"
"832396",18,"23.52","2021-01-06 03:00:00"
"832450",18,"23.48","2021-01-06 03:15:00"
"832504",18,"23.41","2021-01-06 03:30:00"
"832558",18,"23.32","2021-01-06 03:45:00"
"832612",18,"23.25","2021-01-06 04:00:00"
"832666",18,"23.21","2021-01-06 04:15:00"
"833765",18,"35.27","2021-05-02 15:15:00"
"833850",18,"35.59","2021-05-02 15:30:00"
"833925",18,"35.56","2021-05-02 15:45:00"
"833929",18,"17.61","2021-06-10 09:00:00"
"834048",18,"17.69","2021-06-10 09:15:00"
"834142",18,"17.83","2021-06-10 09:30:00"
"834021",18,"35.39","2021-05-02 16:00:00"
"834140",18,"35.06","2021-05-02 16:15:00"
"834263",18,"18.13","2021-06-10 09:45:00"
"834382",18,"18.48","2021-06-10 10:00:00"
"834482",18,"18.99","2021-06-10 10:15:00"
"835456",18,"22.83","2021-01-06 06:30:00"
"835567",18,"23.01","2021-01-06 06:45:00"
"835668",18,"23.37","2021-01-06 07:00:00"
"835671",18,"5.321","2021-07-21 06:30:00"
"835759",18,"5.143","2021-07-21 06:45:00"
"835879",18,"4.969","2021-07-21 07:00:00"
"835798",18,"23.61","2021-01-06 07:15:00"
"835892",18,"23.68","2021-01-06 07:30:00"
"835985",18,"4.921","2021-07-21 07:15:00"
"836133",18,"4.895","2021-07-21 07:30:00"
"836622",18,"7.891","2021-07-21 08:30:00"
"836676",18,"9.3","2021-07-21 08:45:00"
"836730",18,"10.79","2021-07-21 09:00:00"
"838067",18,"11.74","2021-07-21 09:15:00"
"838206",18,"12.8","2021-07-21 09:30:00"
"836914",18,"19.38","2021-06-10 12:15:00"
"836968",18,"19.61","2021-06-10 12:30:00"
"837022",18,"20.33","2021-06-10 12:45:00"
"837076",18,"20.38","2021-06-10 13:00:00"
"837130",18,"20.17","2021-06-10 13:15:00"
"838357",18,"28.84","2021-01-06 09:45:00"
"838550",18,"29.56","2021-01-06 10:00:00"
"838308",18,"14.23","2021-07-21 09:45:00"
"838423",18,"15.62","2021-07-21 10:00:00"
"838538",18,"16.88","2021-07-21 10:15:00"
"838648",18,"18.04","2021-07-21 10:30:00"
"838759",18,"19.23","2021-07-21 10:45:00"
"838552",18,"24.29","2021-05-02 19:00:00"
"838776",18,"23.83","2021-05-02 19:15:00"
"838976",18,"23.41","2021-05-02 19:30:00"
"839911",18,"38.53","2021-01-06 11:45:00"
"840051",18,"39.96","2021-01-06 12:00:00"
"840088",18,"21.54","2021-05-02 21:00:00"
"840226",18,"21.34","2021-05-02 21:15:00"
"840391",18,"21.02","2021-05-02 21:30:00"
"840184",18,"27.96","2021-07-21 13:30:00"
"840344",18,"27.65","2021-07-21 13:45:00"
"842293",18,"26.5","2021-07-21 14:00:00"
"840243",18,"40.97","2021-01-06 12:15:00"
"840401",18,"41.03","2021-01-06 12:30:00"
"840497",18,"41.93","2021-01-06 12:45:00"
"841048",18,"19.59","2021-06-10 17:30:00"
"841102",18,"19.25","2021-06-10 17:45:00"
"841156",18,"18.97","2021-06-10 18:00:00"
"841210",18,"18.83","2021-06-10 18:15:00"
"841264",18,"18.69","2021-06-10 18:30:00"
"841318",18,"18.59","2021-06-10 18:45:00"
"841372",18,"18.31","2021-06-10 19:00:00"
"841426",18,"18.07","2021-06-10 19:15:00"
"841480",18,"17.95","2021-06-10 19:30:00"
"841534",18,"17.9","2021-06-10 19:45:00"
"842667",18,"16.97","2021-06-10 22:00:00"
"842806",18,"17.15","2021-06-10 22:15:00"
"842742",18,"24.79","2021-07-21 14:45:00"
"842885",18,"23.06","2021-07-21 15:00:00"
"843008",18,"23.57","2021-07-21 15:15:00"
"842961",18,"17.32","2021-06-10 22:30:00"
"843085",18,"17.46","2021-06-10 22:45:00"
"843256",18,"17.57","2021-06-10 23:00:00"
"843135",18,"41.84","2021-01-06 16:45:00"
"843418",18,"38.97","2021-01-06 17:00:00"
"800567",18,"16.21","2021-05-01 02:45:00"
"800784",18,"16.15","2021-05-01 03:00:00"
"800999",18,"16.04","2021-05-01 03:15:00"
"801900",18,"14.6","2021-07-19 18:15:00"
"802025",18,"13.82","2021-07-19 18:30:00"
"801930",18,"47.4","2021-01-04 13:45:00"
"802051",18,"48.56","2021-01-04 14:00:00"
"802145",18,"48.14","2021-01-04 14:15:00"
"802253",18,"48.38","2021-01-04 14:30:00"
"802369",18,"48.31","2021-01-04 14:45:00"
"802146",18,"13.22","2021-07-19 18:45:00"
"802254",18,"12.68","2021-07-19 19:00:00"
"802354",18,"12.17","2021-07-19 19:15:00"
"802906",18,"18.71","2021-06-08 18:15:00"
"802985",18,"18.62","2021-06-08 18:30:00"
"803112",18,"15.29","2021-05-01 04:45:00"
"803231",18,"15.17","2021-05-01 05:00:00"
"803095",18,"18.55","2021-06-08 18:45:00"
"803191",18,"18.43","2021-06-08 19:00:00"
"803318",18,"18.26","2021-06-08 19:15:00"
"803321",18,"15.12","2021-05-01 05:15:00"
"803424",18,"15.07","2021-05-01 05:30:00"
"803548",18,"14.96","2021-05-01 05:45:00"
"803961",18,"17.6","2021-06-08 20:45:00"
"804057",18,"17.41","2021-06-08 21:00:00"
"804165",18,"17.27","2021-06-08 21:15:00"
"804273",18,"17.35","2021-06-08 21:30:00"
"804393",18,"17.26","2021-06-08 21:45:00"
"804203",18,"14.39","2021-05-01 07:15:00"
"804310",18,"14.67","2021-05-01 07:30:00"
"804406",18,"15.07","2021-05-01 07:45:00"
"804526",18,"15.79","2021-05-01 08:00:00"
"804640",18,"17.09","2021-05-01 08:15:00"
"805058",18,"9.96","2021-07-19 21:15:00"
"805112",18,"9.67","2021-07-19 21:30:00"
"805201",18,"9.44","2021-07-19 21:45:00"
"805250",18,"46.97","2021-01-04 16:15:00"
"805365",18,"45.5","2021-01-04 16:30:00"
"805307",18,"9.16","2021-07-19 22:00:00"
"805410",18,"8.97","2021-07-19 22:15:00"
"805525",18,"8.82","2021-07-19 22:30:00"
"805469",18,"44.06","2021-01-04 16:45:00"
"805572",18,"42.75","2021-01-04 17:00:00"
"805667",18,"41.32","2021-01-04 17:15:00"
"806205",18,"7.709","2021-07-20 00:00:00"
"806307",18,"7.439","2021-07-20 00:15:00"
"806304",18,"36.25","2021-01-04 18:45:00"
"806418",18,"35.45","2021-01-04 19:00:00"
"806527",18,"34.68","2021-01-04 19:15:00"
"806409",18,"7.101","2021-07-20 00:30:00"
"806517",18,"6.8","2021-07-20 00:45:00"
"808914",18,"6.5440000000000005","2021-07-20 01:00:00"
"806592",18,"34.01","2021-01-04 19:30:00"
"806646",18,"33.42","2021-01-04 19:45:00"
"807933",18,"15.09","2021-06-09 01:15:00"
"808048",18,"15.1","2021-06-09 01:30:00"
"808092",18,"34.51","2021-05-01 11:45:00"
"808181",18,"35.41","2021-05-01 12:00:00"
"808264",18,"36.19","2021-05-01 12:15:00"
"808182",18,"15.09","2021-06-09 01:45:00"
"808328",18,"14.9","2021-06-09 02:00:00"
"808437",18,"14.7","2021-06-09 02:15:00"
"808359",18,"36.89","2021-05-01 12:30:00"
"808466",18,"37.45","2021-05-01 12:45:00"
"809582",18,"5.677","2021-07-20 02:30:00"
"809683",18,"5.556","2021-07-20 02:45:00"
"809626",18,"27.62","2021-01-04 22:30:00"
"809732",18,"27.32","2021-01-04 22:45:00"
"809835",18,"27.02","2021-01-04 23:00:00"
"809801",18,"5.342","2021-07-20 03:00:00"
"809902",18,"5.163","2021-07-20 03:15:00"
"810022",18,"5.113","2021-07-20 03:30:00"
"809949",18,"26.75","2021-01-04 23:15:00"
"810046",18,"26.49","2021-01-04 23:30:00"
"810679",18,"4.594","2021-07-20 05:00:00"
"810736",18,"4.432","2021-07-20 05:15:00"
"813833",18,"4.232","2021-07-20 05:30:00"
"810924",18,"14.12","2021-06-09 03:45:00"
"811076",18,"13.87","2021-06-09 04:00:00"
"811023",18,"36.96","2021-05-01 13:45:00"
"811114",18,"36.52","2021-05-01 14:00:00"
"811212",18,"36.91","2021-05-01 14:15:00"
"811333",18,"35.77","2021-05-01 14:30:00"
"811441",18,"34.65","2021-05-01 14:45:00"
"811843",18,"13.45","2021-06-09 05:45:00"
"811950",18,"13.47","2021-06-09 06:00:00"
"812052",18,"13.57","2021-06-09 06:15:00"
"812172",18,"13.62","2021-06-09 06:30:00"
"812277",18,"13.73","2021-06-09 06:45:00"
"812092",18,"35.14","2021-05-01 16:15:00"
"812187",18,"34.76","2021-05-01 16:30:00"
"812299",18,"33.81","2021-05-01 16:45:00"
"812418",18,"33.06","2021-05-01 17:00:00"
"812522",18,"32.17","2021-05-01 17:15:00"
"812942",18,"24.77","2021-01-05 01:45:00"
"812996",18,"24.74","2021-01-05 02:00:00"
"813050",18,"24.67","2021-01-05 02:15:00"
"813104",18,"24.61","2021-01-05 02:30:00"
"813158",18,"24.55","2021-01-05 02:45:00"
"813212",18,"24.5","2021-01-05 03:00:00"
"813266",18,"24.44","2021-01-05 03:15:00"
"813320",18,"24.38","2021-01-05 03:30:00"
"813374",18,"24.32","2021-01-05 03:45:00"
"813428",18,"24.2","2021-01-05 04:00:00"
"813994",18,"4.076","2021-07-20 05:45:00"
"814198",18,"3.909","2021-07-20 06:00:00"
"814085",18,"14.51","2021-06-09 08:15:00"
"814232",18,"15.39","2021-06-09 08:30:00"
"814216",18,"25.58","2021-05-01 18:45:00"
"814367",18,"25.02","2021-05-01 19:00:00"
"814503",18,"24.53","2021-05-01 19:15:00"
"814374",18,"3.758","2021-07-20 06:15:00"
"814525",18,"3.691","2021-07-20 06:30:00"
"814678",18,"3.604","2021-07-20 06:45:00"
"815636",18,"5.678","2021-07-20 08:15:00"
"815821",18,"6.71","2021-07-20 08:30:00"
"815683",18,"19.29","2021-06-09 10:45:00"
"815831",18,"19.5","2021-06-09 11:00:00"
"815992",18,"19.89","2021-06-09 11:15:00"
"815861",18,"22.07","2021-05-01 21:15:00"
"816018",18,"21.82","2021-05-01 21:30:00"
"816167",18,"21.57","2021-05-01 21:45:00"
"815975",18,"7.643","2021-07-20 08:45:00"
"816148",18,"8.74","2021-07-20 09:00:00"
"816296",18,"9.38","2021-07-20 09:15:00"
"817184",18,"24.36","2021-01-05 07:30:00"
"817238",18,"24.83","2021-01-05 07:45:00"
"817292",18,"25.47","2021-01-05 08:00:00"
"817346",18,"25.97","2021-01-05 08:15:00"
"817400",18,"26.44","2021-01-05 08:30:00"
"817454",18,"27.14","2021-01-05 08:45:00"
"817508",18,"28.36","2021-01-05 09:00:00"
"817562",18,"28.46","2021-01-05 09:15:00"
"817616",18,"28.76","2021-01-05 09:30:00"
"817670",18,"29.22","2021-01-05 09:45:00"
"819629",18,"22.19","2021-06-09 15:15:00"
"819786",18,"22.03","2021-06-09 15:30:00"
"819555",18,"18.3","2021-05-02 01:45:00"
"819732",18,"18.11","2021-05-02 02:00:00"
"819889",18,"17.89","2021-05-02 02:15:00"
"819575",18,"21.52","2021-07-20 12:30:00"
"819736",18,"22.31","2021-07-20 12:45:00"
"819899",18,"23.2","2021-07-20 13:00:00"
"819953",18,"21.79","2021-06-09 15:45:00"
"820096",18,"21.62","2021-06-09 16:00:00"
"820254",18,"21.63","2021-06-09 16:15:00"
"820994",18,"31.85","2021-01-05 11:15:00"
"821048",18,"30.84","2021-01-05 11:30:00"
"821102",18,"31.16","2021-01-05 11:45:00"
"821156",18,"31.59","2021-01-05 12:00:00"
"821210",18,"32.03","2021-01-05 12:15:00"
"821264",18,"33.07","2021-01-05 12:30:00"
"821318",18,"33.87","2021-01-05 12:45:00"
"821372",18,"34.48","2021-01-05 13:00:00"
"821426",18,"35.54","2021-01-05 13:15:00"
"821480",18,"35.09","2021-01-05 13:30:00"
"821534",18,"33.46","2021-01-05 13:45:00"
"822274",18,"18.67","2021-06-09 18:30:00"
"822373",18,"18.4","2021-06-09 18:45:00"
"822342",18,"22.24","2021-07-20 15:45:00"
"822453",18,"21.81","2021-07-20 16:00:00"
"822543",18,"21.56","2021-07-20 16:15:00"
"822483",18,"18.23","2021-06-09 19:00:00"
"822600",18,"18.18","2021-06-09 19:15:00"
"822707",18,"18.18","2021-06-09 19:30:00"
"822656",18,"21.28","2021-07-20 16:30:00"
"822758",18,"20.81","2021-07-20 16:45:00"
"823902",18,"17.51","2021-05-02 03:45:00"
"823956",18,"17.41","2021-05-02 04:00:00"
"824010",18,"17.29","2021-05-02 04:15:00"
"824105",18,"17.23","2021-05-02 04:30:00"
"824213",18,"17.13","2021-05-02 04:45:00"
"824184",18,"32.18","2021-01-05 15:15:00"
"824272",18,"33.9","2021-01-05 15:30:00"
"824360",18,"17.01","2021-05-02 05:00:00"
"824493",18,"16.9","2021-05-02 05:15:00"
"824899",18,"16.79","2021-05-02 05:30:00"
"826183",18,"11.26","2021-07-20 20:15:00"
"826286",18,"10.92","2021-07-20 20:30:00"
"826395",18,"10.62","2021-07-20 20:45:00"
"826316",18,"16.87","2021-06-09 23:00:00"
"826422",18,"16.87","2021-06-09 23:15:00"
"826524",18,"10.38","2021-07-20 21:00:00"
"826630",18,"10.21","2021-07-20 21:15:00"
"826511",18,"16.91","2021-06-09 23:30:00"
"826621",18,"16.94","2021-06-09 23:45:00"
"826736",18,"16.98","2021-06-10 00:00:00"
"827830",18,"27.34","2021-01-05 19:45:00"
"827884",18,"27.04","2021-01-05 20:00:00"
"827938",18,"26.87","2021-01-05 20:15:00"
"827992",18,"26.49","2021-01-05 20:30:00"
"828046",18,"26.07","2021-01-05 20:45:00"
"828100",18,"25.76","2021-01-05 21:00:00"
"828154",18,"25.51","2021-01-05 21:15:00"
"828208",18,"25.36","2021-01-05 21:30:00"
"828262",18,"25.21","2021-01-05 21:45:00"
"828316",18,"25.08","2021-01-05 22:00:00"
"829439",18,"16.9","2021-06-10 02:45:00"
"829585",18,"16.88","2021-06-10 03:00:00"
"829357",18,"9.02","2021-07-21 00:00:00"
"829506",18,"8.83","2021-07-21 00:15:00"
"829676",18,"8.65","2021-07-21 00:30:00"
"829746",18,"29.28","2021-05-02 10:45:00"
"829890",18,"29.95","2021-05-02 11:00:00"
"830035",18,"29.94","2021-05-02 11:15:00"
"829743",18,"16.9","2021-06-10 03:15:00"
"829860",18,"16.89","2021-06-10 03:30:00"
"830006",18,"16.87","2021-06-10 03:45:00"
"830924",18,"16.72","2021-06-10 05:15:00"
"831035",18,"16.66","2021-06-10 05:30:00"
"831141",18,"16.64","2021-06-10 05:45:00"
"831222",18,"16.73","2021-06-10 06:00:00"
"831299",18,"16.82","2021-06-10 06:15:00"
"831389",18,"7.157","2021-07-21 03:15:00"
"831542",18,"6.992","2021-07-21 03:30:00"
"831596",18,"6.804","2021-07-21 03:45:00"
"831375",18,"16.88","2021-06-10 06:30:00"
"831454",18,"16.89","2021-06-10 06:45:00"
"831532",18,"16.9","2021-06-10 07:00:00"
"832720",18,"23.17","2021-01-06 04:30:00"
"832774",18,"23.13","2021-01-06 04:45:00"
"834828",18,"23.09","2021-01-06 05:00:00"
"832834",18,"16.97","2021-06-10 07:15:00"
"832914",18,"17.04","2021-06-10 07:30:00"
"832974",18,"35.14","2021-05-02 12:45:00"
"833055",18,"35.46","2021-05-02 13:00:00"
"833081",18,"17.1","2021-06-10 07:45:00"
"833239",18,"17.18","2021-06-10 08:00:00"
"833393",18,"17.29","2021-06-10 08:15:00"
"834240",18,"34.16","2021-05-02 16:30:00"
"834331",18,"33.1","2021-05-02 16:45:00"
"834432",18,"31.84","2021-05-02 17:00:00"
"834536",18,"19.33","2021-06-10 10:30:00"
"834590",18,"19.47","2021-06-10 10:45:00"
"834644",18,"19.29","2021-06-10 11:00:00"
"834698",18,"19.13","2021-06-10 11:15:00"
"834752",18,"19.25","2021-06-10 11:30:00"
"836806",18,"19.4","2021-06-10 11:45:00"
"836860",18,"19.37","2021-06-10 12:00:00"
"835998",18,"23.84","2021-01-06 07:45:00"
"836084",18,"24.26","2021-01-06 08:00:00"
"836168",18,"25.07","2021-01-06 08:15:00"
"836257",18,"26.05","2021-01-06 08:30:00"
"836341",18,"27.24","2021-01-06 08:45:00"
"836279",18,"5.081","2021-07-21 07:45:00"
"836426",18,"5.526","2021-07-21 08:00:00"
"836568",18,"6.418","2021-07-21 08:15:00"
"836425",18,"27.96","2021-01-06 09:00:00"
"836505",18,"27.66","2021-01-06 09:15:00"
"838131",18,"28.09","2021-01-06 09:30:00"
"837778",18,"20.78","2021-06-10 16:15:00"
"840689",18,"20.7","2021-06-10 16:30:00"
"837818",18,"30.94","2021-05-02 17:15:00"
"837872",18,"29.78","2021-05-02 17:30:00"
"837926",18,"28.58","2021-05-02 17:45:00"
"837980",18,"27.43","2021-05-02 18:00:00"
"838034",18,"26.43","2021-05-02 18:15:00"
"838148",18,"25.6","2021-05-02 18:30:00"
"838330",18,"24.87","2021-05-02 18:45:00"
"839344",18,"34.67","2021-01-06 11:00:00"
"839535",18,"36.4","2021-01-06 11:15:00"
"839712",18,"37.19","2021-01-06 11:30:00"
"839471",18,"25.36","2021-07-21 12:15:00"
"839587",18,"26.14","2021-07-21 12:30:00"
"839699",18,"26.78","2021-07-21 12:45:00"
"839773",18,"22.19","2021-05-02 20:30:00"
"839924",18,"21.89","2021-05-02 20:45:00"
"839844",18,"27.43","2021-07-21 13:00:00"
"840028",18,"27.77","2021-07-21 13:15:00"
"841588",18,"17.67","2021-06-10 20:00:00"
"841642",18,"17.48","2021-06-10 20:15:00"
"841696",18,"17.33","2021-06-10 20:30:00"
"841750",18,"17.15","2021-06-10 20:45:00"
"842158",18,"17.01","2021-06-10 21:00:00"
"841826",18,"40.44","2021-01-06 14:15:00"
"841880",18,"39.86","2021-01-06 14:30:00"
"841934",18,"38.71","2021-01-06 14:45:00"
"841988",18,"41.15","2021-01-06 15:00:00"
"842042",18,"42.47","2021-01-06 15:15:00"
"843177",18,"24.75","2021-07-21 15:30:00"
"843353",18,"25.22","2021-07-21 15:45:00"
"843420",18,"17.65","2021-06-10 23:15:00"
"843570",18,"17.71","2021-06-10 23:30:00"
"843539",18,"25.29","2021-07-21 16:00:00"
"843678",18,"25.19","2021-07-21 16:15:00"
"843851",18,"24.83","2021-07-21 16:30:00"
"843755",18,"20.4","2021-05-02 22:15:00"
"844061",18,"20.29","2021-05-02 22:30:00"
"844362",18,"20.23","2021-05-02 22:45:00"
"844356",18,"22.45","2021-07-21 17:15:00"
"844512",18,"21.42","2021-07-21 17:30:00"
"844661",18,"20.15","2021-07-21 17:45:00"
"844712",18,"20.12","2021-05-02 23:00:00"
"843725",18,"35.57","2021-01-06 17:15:00"
"845438",18,"18.34","2021-05-03 00:45:00"
"845492",18,"18.15","2021-05-03 01:00:00"
"845546",18,"17.95","2021-05-03 01:15:00"
"845600",18,"17.75","2021-05-03 01:30:00"
"845654",18,"17.59","2021-05-03 01:45:00"
"845708",18,"17.44","2021-05-03 02:00:00"
"845762",18,"17.33","2021-05-03 02:15:00"
"846932",18,"17.31","2021-05-03 02:30:00"
"845830",18,"17.86","2021-06-11 01:45:00"
"845884",18,"17.85","2021-06-11 02:00:00"
"851476",18,"15.27","2021-05-03 07:15:00"
"851712",18,"15.6","2021-05-03 07:30:00"
"852330",18,"16.1","2021-05-03 07:45:00"
"851768",18,"23.96","2021-01-07 02:00:00"
"852408",18,"23.85","2021-01-07 02:15:00"
"852652",18,"23.74","2021-01-07 02:30:00"
"852349",18,"24.12","2021-06-11 15:15:00"
"852492",18,"24.26","2021-06-11 15:30:00"
"851868",18,"9.31","2021-07-22 01:00:00"
"851954",18,"9.23","2021-07-22 01:15:00"
"852008",18,"9.08","2021-07-22 01:30:00"
"852838",18,"23.61","2021-01-07 02:45:00"
"852935",18,"23.47","2021-01-07 03:00:00"
"852698",18,"7.94","2021-07-22 03:30:00"
"810759",18,"14.32","2021-06-09 03:15:00"
"810840",18,"14.31","2021-06-09 03:30:00"
"808883",18,"31.58","2021-01-04 20:45:00"
"808986",18,"31.15","2021-01-04 21:00:00"
"810129",18,"5.071","2021-07-20 03:45:00"
"810224",18,"4.946","2021-07-20 04:00:00"
"810332",18,"4.787","2021-07-20 04:15:00"
"810158",18,"26.22","2021-01-04 23:45:00"
"810275",18,"25.9","2021-01-05 00:00:00"
"810379",18,"25.59","2021-01-05 00:15:00"
"810437",18,"4.723","2021-07-20 04:30:00"
"810564",18,"4.647","2021-07-20 04:45:00"
"810493",18,"25.44","2021-01-05 00:30:00"
"810583",18,"25.35","2021-01-05 00:45:00"
"810684",18,"25.11","2021-01-05 01:00:00"
"811203",18,"13.78","2021-06-09 04:15:00"
"811298",18,"13.81","2021-06-09 04:30:00"
"811406",18,"13.86","2021-06-09 04:45:00"
"811514",18,"13.79","2021-06-09 05:00:00"
"811638",18,"13.78","2021-06-09 05:15:00"
"811741",18,"13.59","2021-06-09 05:30:00"
"811548",18,"35.92","2021-05-01 15:00:00"
"811641",18,"36.77","2021-05-01 15:15:00"
"811753",18,"36.72","2021-05-01 15:30:00"
"811868",18,"36.2","2021-05-01 15:45:00"
"811977",18,"35.7","2021-05-01 16:00:00"
"812369",18,"13.85","2021-06-09 07:00:00"
"812485",18,"13.73","2021-06-09 07:15:00"
"812593",18,"13.61","2021-06-09 07:30:00"
"812714",18,"13.69","2021-06-09 07:45:00"
"813930",18,"13.93","2021-06-09 08:00:00"
"812630",18,"30.67","2021-05-01 17:30:00"
"812725",18,"29.27","2021-05-01 17:45:00"
"813796",18,"28.08","2021-05-01 18:00:00"
"812834",18,"24.9","2021-01-05 01:15:00"
"812888",18,"24.78","2021-01-05 01:30:00"
"813482",18,"24.1","2021-01-05 04:15:00"
"813536",18,"23.97","2021-01-05 04:30:00"
"813590",18,"23.85","2021-01-05 04:45:00"
"813644",18,"23.73","2021-01-05 05:00:00"
"813698",18,"23.53","2021-01-05 05:15:00"
"813752",18,"23.35","2021-01-05 05:30:00"
"816806",18,"23.32","2021-01-05 05:45:00"
"816860",18,"23.41","2021-01-05 06:00:00"
"813912",18,"27.08","2021-05-01 18:15:00"
"814065",18,"26.26","2021-05-01 18:30:00"
"815048",18,"23.38","2021-05-01 20:00:00"
"815197",18,"23.08","2021-05-01 20:15:00"
"815339",18,"22.81","2021-05-01 20:30:00"
"815177",18,"3.683","2021-07-20 07:30:00"
"815320",18,"4.085","2021-07-20 07:45:00"
"815469",18,"4.756","2021-07-20 08:00:00"
"815192",18,"18.73","2021-06-09 10:00:00"
"815387",18,"18.97","2021-06-09 10:15:00"
"815523",18,"19.13","2021-06-09 10:30:00"
"815537",18,"22.53","2021-05-01 20:45:00"
"815700",18,"22.28","2021-05-01 21:00:00"
"816665",18,"20.82","2021-05-01 22:30:00"
"817822",18,"20.57","2021-05-01 22:45:00"
"817876",18,"20.39","2021-05-01 23:00:00"
"818123",18,"13.07","2021-07-20 10:15:00"
"818271",18,"14.33","2021-07-20 10:30:00"
"816914",18,"23.48","2021-01-05 06:15:00"
"816968",18,"23.56","2021-01-05 06:30:00"
"817022",18,"23.63","2021-01-05 06:45:00"
"817076",18,"23.77","2021-01-05 07:00:00"
"817130",18,"23.94","2021-01-05 07:15:00"
"818353",18,"24.44","2021-06-09 13:15:00"
"818513",18,"24.44","2021-06-09 13:30:00"
"818658",18,"24.25","2021-06-09 13:45:00"
"818432",18,"15.99","2021-07-20 10:45:00"
"818616",18,"17.84","2021-07-20 11:00:00"
"818747",18,"18.95","2021-07-20 11:15:00"
"818829",18,"23.85","2021-06-09 14:00:00"
"818993",18,"23.19","2021-06-09 14:15:00"
"818764",18,"19.29","2021-05-02 00:30:00"
"818925",18,"19.22","2021-05-02 00:45:00"
"819079",18,"19.04","2021-05-02 01:00:00"
"820042",18,"17.72","2021-05-02 02:30:00"
"820180",18,"17.58","2021-05-02 02:45:00"
"820320",18,"17.45","2021-05-02 03:00:00"
"820089",18,"24.14","2021-07-20 13:15:00"
"820301",18,"24.54","2021-07-20 13:30:00"
"820450",18,"24.63","2021-07-20 13:45:00"
"823794",18,"17.54","2021-05-02 03:15:00"
"823848",18,"17.55","2021-05-02 03:30:00"
"820430",18,"21.44","2021-06-09 16:30:00"
"820530",18,"21.2","2021-06-09 16:45:00"
"820641",18,"20.81","2021-06-09 17:00:00"
"821588",18,"31.86","2021-01-05 14:00:00"
"821642",18,"31.25","2021-01-05 14:15:00"
"821696",18,"30.45","2021-01-05 14:30:00"
"821750",18,"29.87","2021-01-05 14:45:00"
"824067",18,"30.84","2021-01-05 15:00:00"
"821948",18,"19.55","2021-06-09 17:45:00"
"822055",18,"19.12","2021-06-09 18:00:00"
"822159",18,"18.83","2021-06-09 18:15:00"
"822121",18,"20.9","2021-07-20 15:15:00"
"822227",18,"21.76","2021-07-20 15:30:00"
"823355",18,"17.5","2021-06-09 21:00:00"
"823459",18,"17.43","2021-06-09 21:15:00"
"823412",18,"14.98","2021-07-20 18:15:00"
"823525",18,"14.26","2021-07-20 18:30:00"
"823628",18,"13.64","2021-07-20 18:45:00"
"823572",18,"17.32","2021-06-09 21:30:00"
"825782",18,"17.17","2021-06-09 21:45:00"
"825876",18,"17.12","2021-06-09 22:00:00"
"823706",18,"13.15","2021-07-20 19:00:00"
"823760",18,"12.71","2021-07-20 19:15:00"
"825857",18,"12.34","2021-07-20 19:30:00"
"825013",18,"16.62","2021-05-02 05:45:00"
"825119",18,"16.55","2021-05-02 06:00:00"
"825228",18,"29.19","2021-01-05 18:30:00"
"825364",18,"28.73","2021-01-05 18:45:00"
"825216",18,"16.29","2021-05-02 06:15:00"
"825303",18,"16.19","2021-05-02 06:30:00"
"825395",18,"16.07","2021-05-02 06:45:00"
"825486",18,"16.15","2021-05-02 07:00:00"
"825586",18,"16.29","2021-05-02 07:15:00"
"826731",18,"10.06","2021-07-20 21:30:00"
"826834",18,"9.95","2021-07-20 21:45:00"
"826944",18,"9.74","2021-07-20 22:00:00"
"826849",18,"17","2021-06-10 00:15:00"
"826956",18,"17.03","2021-06-10 00:30:00"
"827062",18,"9.5","2021-07-20 22:15:00"
"827169",18,"9.44","2021-07-20 22:30:00"
"827052",18,"17.06","2021-06-10 00:45:00"
"827162",18,"17.08","2021-06-10 01:00:00"
"827288",18,"17.02","2021-06-10 01:15:00"
"828370",18,"24.99","2021-01-05 22:15:00"
"828424",18,"24.91","2021-01-05 22:30:00"
"828478",18,"24.81","2021-01-05 22:45:00"
"828532",18,"24.72","2021-01-05 23:00:00"
"828586",18,"24.63","2021-01-05 23:15:00"
"828640",18,"24.43","2021-01-05 23:30:00"
"828694",18,"24.18","2021-01-05 23:45:00"
"828748",18,"24.01","2021-01-06 00:00:00"
"831802",18,"23.93","2021-01-06 00:15:00"
"831856",18,"23.84","2021-01-06 00:30:00"
"829898",18,"8.56","2021-07-21 00:45:00"
"830136",18,"8.45","2021-07-21 01:00:00"
"830190",18,"8.24","2021-07-21 01:15:00"
"830347",18,"16.88","2021-06-10 04:00:00"
"830460",18,"16.85","2021-06-10 04:15:00"
"830570",18,"16.83","2021-06-10 04:30:00"
"830348",18,"29.78","2021-05-02 11:30:00"
"830565",18,"31.03","2021-05-02 11:45:00"
"830244",18,"7.933","2021-07-21 01:30:00"
"830298",18,"7.774","2021-07-21 01:45:00"
"831650",18,"6.614","2021-07-21 04:00:00"
"831704",18,"6.468","2021-07-21 04:15:00"
"831758",18,"6.32","2021-07-21 04:30:00"
"834900",18,"6.128","2021-07-21 04:45:00"
"835011",18,"5.97","2021-07-21 05:00:00"
"831910",18,"23.75","2021-01-06 00:45:00"
"831964",18,"23.72","2021-01-06 01:00:00"
"832018",18,"23.72","2021-01-06 01:15:00"
"832072",18,"23.66","2021-01-06 01:30:00"
"832126",18,"23.6","2021-01-06 01:45:00"
"833132",18,"35.7","2021-05-02 13:15:00"
"833213",18,"35.7","2021-05-02 13:30:00"
"833294",18,"35.84","2021-05-02 13:45:00"
"833382",18,"35.6","2021-05-02 14:00:00"
"833463",18,"35.06","2021-05-02 14:15:00"
"833539",18,"33.35","2021-05-02 14:30:00"
"833563",18,"17.36","2021-06-10 08:30:00"
"833761",18,"17.46","2021-06-10 08:45:00"
"833618",18,"32.68","2021-05-02 14:45:00"
"833687",18,"34.08","2021-05-02 15:00:00"
"834926",18,"23.04","2021-01-06 05:15:00"
"835031",18,"22.97","2021-01-06 05:30:00"
"835140",18,"22.9","2021-01-06 05:45:00"
"835120",18,"5.968","2021-07-21 05:15:00"
"835211",18,"5.971","2021-07-21 05:30:00"
"835265",18,"22.81","2021-01-06 06:00:00"
"835355",18,"22.78","2021-01-06 06:15:00"
"835331",18,"5.824","2021-07-21 05:45:00"
"835451",18,"5.609","2021-07-21 06:00:00"
"835556",18,"5.509","2021-07-21 06:15:00"
"837184",18,"19.98","2021-06-10 13:30:00"
"837238",18,"20.03","2021-06-10 13:45:00"
"837292",18,"20.58","2021-06-10 14:00:00"
"837346",18,"20.8","2021-06-10 14:15:00"
"837400",18,"20.77","2021-06-10 14:30:00"
"837454",18,"21.16","2021-06-10 14:45:00"
"837508",18,"21.34","2021-06-10 15:00:00"
"837562",18,"21.1","2021-06-10 15:15:00"
"837616",18,"21.06","2021-06-10 15:30:00"
"837670",18,"21.01","2021-06-10 15:45:00"
"837724",18,"20.86","2021-06-10 16:00:00"
"838743",18,"29.76","2021-01-06 10:15:00"
"838940",18,"31.42","2021-01-06 10:30:00"
"839137",18,"32.81","2021-01-06 10:45:00"
"838881",18,"20.36","2021-07-21 11:00:00"
"838996",18,"21.35","2021-07-21 11:15:00"
"839188",18,"23.05","2021-05-02 19:45:00"
"839376",18,"22.71","2021-05-02 20:00:00"
"839571",18,"22.43","2021-05-02 20:15:00"
"839102",18,"22.4","2021-07-21 11:30:00"
"839223",18,"23.65","2021-07-21 11:45:00"
"839343",18,"24.54","2021-07-21 12:00:00"
"843130",18,"20.75","2021-05-02 21:45:00"
"843421",18,"20.48","2021-05-02 22:00:00"
"840556",18,"41.82","2021-01-06 13:00:00"
"840625",18,"41.75","2021-01-06 13:15:00"
"840751",18,"42.42","2021-01-06 13:30:00"
"840857",18,"40.5","2021-01-06 13:45:00"
"840963",18,"39.25","2021-01-06 14:00:00"
"840791",18,"20.51","2021-06-10 16:45:00"
"840898",18,"20.15","2021-06-10 17:00:00"
"840994",18,"19.86","2021-06-10 17:15:00"
"842096",18,"43.15","2021-01-06 15:30:00"
"842201",18,"43.21","2021-01-06 15:45:00"
"842276",18,"16.89","2021-06-10 21:15:00"
"842397",18,"16.82","2021-06-10 21:30:00"
"842528",18,"16.85","2021-06-10 21:45:00"
"842447",18,"25.99","2021-07-21 14:15:00"
"842605",18,"26.25","2021-07-21 14:30:00"
"842420",18,"43.72","2021-01-06 16:00:00"
"842633",18,"44.15","2021-01-06 16:15:00"
"842864",18,"43.95","2021-01-06 16:30:00"
"843752",18,"17.75","2021-06-10 23:45:00"
"843904",18,"17.79","2021-06-11 00:00:00"
"844085",18,"17.82","2021-06-11 00:15:00"
"844020",18,"33.95","2021-01-06 17:30:00"
"844330",18,"33.02","2021-01-06 17:45:00"
"844024",18,"24.3","2021-07-21 16:45:00"
"844199",18,"23.57","2021-07-21 17:00:00"
"844246",18,"17.84","2021-06-11 00:30:00"
"844420",18,"17.84","2021-06-11 00:45:00"
"844862",18,"18.76","2021-07-21 18:00:00"
"845009",18,"17.55","2021-07-21 18:15:00"
"846711",18,"16.58","2021-07-21 18:30:00"
"845146",18,"19.58","2021-05-02 23:30:00"
"845222",18,"19.24","2021-05-02 23:45:00"
"845276",18,"18.95","2021-05-03 00:00:00"
"846098",18,"29.76","2021-01-06 18:45:00"
"846184",18,"29.34","2021-01-06 19:00:00"
"845330",18,"18.7","2021-05-03 00:15:00"
"845384",18,"18.53","2021-05-03 00:30:00"
"846523",18,"27.57","2021-01-06 20:00:00"
"846604",18,"27.21","2021-01-06 20:15:00"
"846688",18,"26.9","2021-01-06 20:30:00"
"846809",18,"26.62","2021-01-06 20:45:00"
"846967",18,"26.38","2021-01-06 21:00:00"
"846942",18,"15.78","2021-07-21 18:45:00"
"847221",18,"15.2","2021-07-21 19:00:00"
"847031",18,"17.54","2021-06-11 04:15:00"
"847300",18,"17.45","2021-06-11 04:30:00"
"847626",18,"17.44","2021-06-11 04:45:00"
"847648",18,"16.75","2021-05-03 03:30:00"
"847806",18,"16.57","2021-05-03 03:45:00"
"847913",18,"17.45","2021-06-11 05:00:00"
"848211",18,"19.71","2021-06-11 10:00:00"
"847946",18,"25.37","2021-01-06 22:30:00"
"848136",18,"25.25","2021-01-06 22:45:00"
"848308",18,"25.08","2021-01-06 23:00:00"
"847987",18,"16.42","2021-05-03 04:00:00"
"848140",18,"16.26","2021-05-03 04:15:00"
"848297",18,"16.1","2021-05-03 04:30:00"
"848753",18,"15.86","2021-05-03 05:15:00"
"848861",18,"15.7","2021-05-03 05:30:00"
"848965",18,"15.58","2021-05-03 05:45:00"
"848843",18,"13.43","2021-07-21 20:30:00"
"849055",18,"13.01","2021-07-21 20:45:00"
"849230",18,"12.83","2021-07-21 21:00:00"
"849802",18,"20.48","2021-06-11 11:00:00"
"849856",18,"20.77","2021-06-11 11:15:00"
"849061",18,"15.48","2021-05-03 06:00:00"
"849136",18,"15.38","2021-05-03 06:15:00"
"849754",18,"10.69","2021-07-21 23:00:00"
"850580",18,"10.5","2021-07-21 23:15:00"
"850727",18,"10.29","2021-07-21 23:30:00"
"849910",18,"21.05","2021-06-11 11:30:00"
"849964",18,"22.12","2021-06-11 11:45:00"
"850018",18,"24.14","2021-06-11 12:00:00"
"850077",18,"24.68","2021-06-11 12:15:00"
"850162",18,"24.59","2021-06-11 12:30:00"
"850290",18,"24.85","2021-01-06 23:45:00"
"850404",18,"24.7","2021-01-07 00:00:00"
"850504",18,"24.58","2021-01-07 00:15:00"
"850846",18,"10.08","2021-07-21 23:45:00"
"851139",18,"9.91","2021-07-22 00:00:00"
"851295",18,"9.74","2021-07-22 00:15:00"
"851115",18,"24.23","2021-01-07 01:15:00"
"851242",18,"24.18","2021-01-07 01:30:00"
"851454",18,"24.09","2021-01-07 01:45:00"
"851359",18,"25.06","2021-06-11 14:30:00"
"851533",18,"24.09","2021-06-11 14:45:00"
"851723",18,"23.73","2021-06-11 15:00:00"
"851499",18,"9.57","2021-07-22 00:30:00"
"851652",18,"9.41","2021-07-22 00:45:00"
"855093",18,"22.84","2021-01-07 04:00:00"
"852832",18,"7.808","2021-07-22 03:45:00"
"854834",18,"7.651","2021-07-22 04:00:00"
"852888",18,"20.29","2021-05-03 08:30:00"
"852993",18,"21.63","2021-05-03 08:45:00"
"853220",18,"22.93","2021-05-03 09:00:00"
"853047",18,"23.38","2021-01-07 03:15:00"
"853126",18,"23.23","2021-01-07 03:30:00"
"853180",18,"23.03","2021-01-07 03:45:00"
"858768",18,"25.53","2021-01-07 08:30:00"
"861309",18,"26.74","2021-01-07 08:45:00"
"858786",18,"34.48","2021-05-03 16:15:00"
"858840",18,"34.15","2021-05-03 16:30:00"
"858895",18,"33.44","2021-05-03 16:45:00"
"858977",18,"32.17","2021-05-03 17:00:00"
"859048",18,"31.16","2021-05-03 17:15:00"
"859142",18,"11.22","2021-07-22 08:45:00"
"859289",18,"12.68","2021-07-22 09:00:00"
"859804",18,"13.45","2021-06-12 01:15:00"
"859967",18,"13.33","2021-06-12 01:30:00"
"860168",18,"13.2","2021-06-12 01:45:00"
"860037",18,"23.23","2021-05-03 19:30:00"
"860217",18,"22.8","2021-05-03 19:45:00"
"859982",18,"17.69","2021-07-22 10:00:00"
"860088",18,"19.14","2021-07-22 10:15:00"
"860225",18,"20.23","2021-07-22 10:30:00"
"860329",18,"21.22","2021-07-22 10:45:00"
"860439",18,"22.29","2021-07-22 11:00:00"
"861454",18,"28.26","2021-01-07 09:00:00"
"861576",18,"29.63","2021-01-07 09:15:00"
"861687",18,"30.35","2021-01-07 09:30:00"
"861669",18,"12.08","2021-06-12 04:00:00"
"861774",18,"11.96","2021-06-12 04:15:00"
"861801",18,"31.35","2021-01-07 09:45:00"
"861927",18,"33.03","2021-01-07 10:00:00"
"861867",18,"11.88","2021-06-12 04:30:00"
"861967",18,"11.72","2021-06-12 04:45:00"
"862073",18,"11.58","2021-06-12 05:00:00"
"863136",18,"19.7","2021-05-03 22:30:00"
"863190",18,"19.58","2021-05-03 22:45:00"
"863244",18,"19.39","2021-05-03 23:00:00"
"863298",18,"19.13","2021-05-03 23:15:00"
"863352",18,"18.9","2021-05-03 23:30:00"
"863406",18,"18.69","2021-05-03 23:45:00"
"863460",18,"18.51","2021-05-04 00:00:00"
"863514",18,"18.35","2021-05-04 00:15:00"
"863568",18,"18.2","2021-05-04 00:30:00"
"863622",18,"18.01","2021-05-04 00:45:00"
"863676",18,"17.83","2021-05-04 01:00:00"
"864209",18,"27.49","2021-07-22 14:30:00"
"864312",18,"25.95","2021-07-22 14:45:00"
"864537",18,"10.72","2021-06-12 06:30:00"
"864698",18,"10.62","2021-06-12 06:45:00"
"864527",18,"32.21","2021-01-07 13:30:00"
"864763",18,"30.9","2021-01-07 13:45:00"
"864968",18,"30.23","2021-01-07 14:00:00"
"864887",18,"26.65","2021-07-22 15:45:00"
"865033",18,"26.74","2021-07-22 16:00:00"
"865935",18,"22.65","2021-07-22 17:30:00"
"867817",18,"21.39","2021-07-22 17:45:00"
"867931",18,"20.19","2021-07-22 18:00:00"
"866105",18,"14","2021-06-12 09:00:00"
"866225",18,"15.42","2021-06-12 09:15:00"
"866013",18,"26.98","2021-01-07 15:30:00"
"866110",18,"26.86","2021-01-07 15:45:00"
"866206",18,"27.06","2021-01-07 16:00:00"
"866328",18,"27.55","2021-01-07 16:15:00"
"866435",18,"28","2021-01-07 16:30:00"
"866533",18,"28.23","2021-01-07 16:45:00"
"867000",18,"16.93","2021-05-04 02:30:00"
"867054",18,"16.81","2021-05-04 02:45:00"
"867108",18,"16.63","2021-05-04 03:00:00"
"867162",18,"16.5","2021-05-04 03:15:00"
"867216",18,"16.36","2021-05-04 03:30:00"
"867270",18,"16.3","2021-05-04 03:45:00"
"867324",18,"16.2","2021-05-04 04:00:00"
"867378",18,"16.01","2021-05-04 04:15:00"
"867432",18,"15.84","2021-05-04 04:30:00"
"867486",18,"15.7","2021-05-04 04:45:00"
"868688",18,"27.02","2021-01-07 18:15:00"
"868840",18,"26.81","2021-01-07 18:30:00"
"868806",18,"25.07","2021-06-12 12:00:00"
"868968",18,"25.67","2021-06-12 12:15:00"
"869124",18,"26.19","2021-06-12 12:30:00"
"869083",18,"14.77","2021-07-22 20:15:00"
"869262",18,"14.45","2021-07-22 20:30:00"
"869024",18,"26.58","2021-01-07 18:45:00"
"869174",18,"26.29","2021-01-07 19:00:00"
"869329",18,"25.92","2021-01-07 19:15:00"
"869921",18,"13.52","2021-07-22 21:30:00"
"870112",18,"13.33","2021-07-22 21:45:00"
"869820",18,"24.85","2021-01-07 20:00:00"
"869987",18,"24.61","2021-01-07 20:15:00"
"870122",18,"24.45","2021-01-07 20:30:00"
"870067",18,"24.77","2021-06-12 14:00:00"
"870237",18,"24.15","2021-06-12 14:15:00"
"870400",18,"23.84","2021-06-12 14:30:00"
"870298",18,"24.35","2021-01-07 20:45:00"
"870459",18,"24.24","2021-01-07 21:00:00"
"870810",18,"15.03","2021-05-04 06:15:00"
"870864",18,"14.94","2021-05-04 06:30:00"
"870918",18,"14.84","2021-05-04 06:45:00"
"870972",18,"14.79","2021-05-04 07:00:00"
"871026",18,"14.93","2021-05-04 07:15:00"
"871080",18,"15.26","2021-05-04 07:30:00"
"871134",18,"15.75","2021-05-04 07:45:00"
"871188",18,"16.81","2021-05-04 08:00:00"
"871242",18,"18.61","2021-05-04 08:15:00"
"871321",18,"20.05","2021-05-04 08:30:00"
"872478",18,"10.63","2021-07-23 01:30:00"
"872532",18,"10.56","2021-07-23 01:45:00"
"872586",18,"10.49","2021-07-23 02:00:00"
"872640",18,"10.38","2021-07-23 02:15:00"
"872694",18,"10.09","2021-07-23 02:30:00"
"872748",18,"9.8","2021-07-23 02:45:00"
"875332",18,"9.66","2021-07-23 03:00:00"
"875439",18,"9.57","2021-07-23 03:15:00"
"872904",18,"22.88","2021-06-12 15:15:00"
"872958",18,"23.53","2021-06-12 15:30:00"
"873012",18,"23.74","2021-06-12 15:45:00"
"873528",18,"23.55","2021-01-07 23:15:00"
"873636",18,"23.6","2021-01-07 23:30:00"
"873750",18,"23.68","2021-01-07 23:45:00"
"873699",18,"19.31","2021-06-12 17:45:00"
"873815",18,"18.53","2021-06-12 18:00:00"
"873923",18,"17.84","2021-06-12 18:15:00"
"873852",18,"23.74","2021-01-08 00:00:00"
"873960",18,"23.8","2021-01-08 00:15:00"
"874036",18,"17.24","2021-06-12 18:30:00"
"874141",18,"16.77","2021-06-12 18:45:00"
"875106",18,"39.15","2021-05-04 12:15:00"
"875160",18,"39.56","2021-05-04 12:30:00"
"875214",18,"39.97","2021-05-04 12:45:00"
"875268",18,"40.29","2021-05-04 13:00:00"
"875355",18,"40.39","2021-05-04 13:15:00"
"875464",18,"40.36","2021-05-04 13:30:00"
"875571",18,"39.14","2021-05-04 13:45:00"
"875690",18,"37.75","2021-05-04 14:00:00"
"875548",18,"9.44","2021-07-23 03:30:00"
"875644",18,"9.28","2021-07-23 03:45:00"
"877465",18,"13.34","2021-06-12 21:45:00"
"877575",18,"13.09","2021-06-12 22:00:00"
"877442",18,"23.1","2021-01-08 03:45:00"
"877548",18,"22.94","2021-01-08 04:00:00"
"877657",18,"22.94","2021-01-08 04:15:00"
"877678",18,"12.86","2021-06-12 22:15:00"
"877781",18,"12.65","2021-06-12 22:30:00"
"877870",18,"12.45","2021-06-12 22:45:00"
"877774",18,"22.91","2021-01-08 04:30:00"
"877902",18,"22.8","2021-01-08 04:45:00"
"879024",18,"35.85","2021-05-04 16:30:00"
"879078",18,"35.04","2021-05-04 16:45:00"
"879132",18,"33.62","2021-05-04 17:00:00"
"879207",18,"32.38","2021-05-04 17:15:00"
"879319",18,"31.03","2021-05-04 17:30:00"
"879426",18,"29.64","2021-05-04 17:45:00"
"879534",18,"28.32","2021-05-04 18:00:00"
"879642",18,"27.25","2021-05-04 18:15:00"
"879473",18,"9.74","2021-07-23 08:15:00"
"879581",18,"11.07","2021-07-23 08:30:00"
"879743",18,"26.38","2021-05-04 18:30:00"
"879851",18,"25.63","2021-05-04 18:45:00"
"879689",18,"12.3","2021-07-23 08:45:00"
"879804",18,"13.52","2021-07-23 09:00:00"
"879911",18,"14.58","2021-07-23 09:15:00"
"879964",18,"24.93","2021-05-04 19:00:00"
"880070",18,"24.31","2021-05-04 19:15:00"
"880178",18,"23.79","2021-05-04 19:30:00"
"880018",18,"15.62","2021-07-23 09:30:00"
"880124",18,"16.9","2021-07-23 09:45:00"
"880228",18,"18.17","2021-07-23 10:00:00"
"881335",18,"10.27","2021-06-13 02:30:00"
"881451",18,"10.13","2021-06-13 02:45:00"
"881572",18,"10.02","2021-06-13 03:00:00"
"881362",18,"24.35","2021-01-08 07:45:00"
"881452",18,"24.97","2021-01-08 08:00:00"
"881547",18,"25.47","2021-01-08 08:15:00"
"881666",18,"9.92","2021-06-13 03:15:00"
"881762",18,"9.81","2021-06-13 03:30:00"
"881669",18,"26.47","2021-01-08 08:30:00"
"881789",18,"26.66","2021-01-08 08:45:00"
"881891",18,"27.77","2021-01-08 09:00:00"
"882384",18,"33.95","2021-01-08 10:30:00"
"882438",18,"35.18","2021-01-08 10:45:00"
"882492",18,"36.33","2021-01-08 11:00:00"
"882546",18,"37.55","2021-01-08 11:15:00"
"882600",18,"38.41","2021-01-08 11:30:00"
"882654",18,"39.29","2021-01-08 11:45:00"
"882708",18,"40.71","2021-01-08 12:00:00"
"882762",18,"40.78","2021-01-08 12:15:00"
"885816",18,"42.11","2021-01-08 12:30:00"
"885870",18,"43.43","2021-01-08 12:45:00"
"884044",18,"30.34","2021-07-23 13:15:00"
"884148",18,"30.43","2021-07-23 13:30:00"
"884245",18,"30.25","2021-07-23 13:45:00"
"884186",18,"9.15","2021-06-13 05:00:00"
"884299",18,"9.03","2021-06-13 05:15:00"
"884401",18,"8.94","2021-06-13 05:30:00"
"884358",18,"29.26","2021-07-23 14:00:00"
"884462",18,"28.75","2021-07-23 14:15:00"
"884517",18,"8.85","2021-06-13 05:45:00"
"884630",18,"8.76","2021-06-13 06:00:00"
"885738",18,"13.3","2021-06-13 09:00:00"
"887792",18,"14.48","2021-06-13 09:15:00"
"885924",18,"44.69","2021-01-08 13:00:00"
"885978",18,"45.18","2021-01-08 13:15:00"
"886032",18,"45.2","2021-01-08 13:30:00"
"886086",18,"45.49","2021-01-08 13:45:00"
"886140",18,"45.86","2021-01-08 14:00:00"
"886194",18,"45.98","2021-01-08 14:15:00"
"886248",18,"46.04","2021-01-08 14:30:00"
"886302",18,"44.91","2021-01-08 14:45:00"
"887400",18,"17.1","2021-05-05 03:30:00"
"887454",18,"16.96","2021-05-05 03:45:00"
"887508",18,"16.85","2021-05-05 04:00:00"
"887562",18,"16.69","2021-05-05 04:15:00"
"887616",18,"16.54","2021-05-05 04:30:00"
"887670",18,"16.39","2021-05-05 04:45:00"
"887724",18,"16.25","2021-05-05 05:00:00"
"887778",18,"16.16","2021-05-05 05:15:00"
"890832",18,"16.03","2021-05-05 05:30:00"
"890886",18,"15.87","2021-05-05 05:45:00"
"889631",18,"41.74","2021-01-08 17:30:00"
"889730",18,"40.19","2021-01-08 17:45:00"
"889666",18,"17.02","2021-07-23 20:15:00"
"889774",18,"16.74","2021-07-23 20:30:00"
"889880",18,"16.48","2021-07-23 20:45:00"
"889841",18,"38.64","2021-01-08 18:00:00"
"889937",18,"37.28","2021-01-08 18:15:00"
"890053",18,"36.11","2021-01-08 18:30:00"
"889995",18,"16.26","2021-07-23 21:00:00"
"890097",18,"16.05","2021-07-23 21:15:00"
"891798",18,"15.79","2021-07-23 21:30:00"
"891852",18,"15.54","2021-07-23 21:45:00"
"891906",18,"15.28","2021-07-23 22:00:00"
"891960",18,"15.02","2021-07-23 22:15:00"
"844970",18,"19.92","2021-05-02 23:15:00"
"844617",18,"32.05","2021-01-06 18:00:00"
"844886",18,"31.11","2021-01-06 18:15:00"
"845119",18,"30.26","2021-01-06 18:30:00"
"844589",18,"17.84","2021-06-11 01:00:00"
"844770",18,"17.83","2021-06-11 01:15:00"
"844933",18,"17.85","2021-06-11 01:30:00"
"845938",18,"17.84","2021-06-11 02:15:00"
"845992",18,"17.83","2021-06-11 02:30:00"
"846046",18,"17.82","2021-06-11 02:45:00"
"846150",18,"17.82","2021-06-11 03:00:00"
"846286",18,"17.77","2021-06-11 03:15:00"
"846445",18,"17.74","2021-06-11 03:30:00"
"846276",18,"28.82","2021-01-06 19:15:00"
"846358",18,"28.43","2021-01-06 19:30:00"
"846440",18,"28","2021-01-06 19:45:00"
"846603",18,"17.73","2021-06-11 03:45:00"
"846748",18,"17.67","2021-06-11 04:00:00"
"847132",18,"26.2","2021-01-06 21:15:00"
"847297",18,"26.03","2021-01-06 21:30:00"
"847136",18,"17.14","2021-05-03 02:45:00"
"847310",18,"16.91","2021-05-03 03:00:00"
"847470",18,"16.85","2021-05-03 03:15:00"
"847524",18,"14.85","2021-07-21 19:15:00"
"847864",18,"14.65","2021-07-21 19:30:00"
"848156",18,"14.43","2021-07-21 19:45:00"
"847466",18,"25.82","2021-01-06 21:45:00"
"847622",18,"25.62","2021-01-06 22:00:00"
"847787",18,"25.48","2021-01-06 22:15:00"
"848440",18,"14.17","2021-07-21 20:00:00"
"848649",18,"13.83","2021-07-21 20:15:00"
"848474",18,"24.99","2021-01-06 23:15:00"
"850179",18,"24.92","2021-01-06 23:30:00"
"848479",18,"15.99","2021-05-03 04:45:00"
"848618",18,"15.98","2021-05-03 05:00:00"
"848514",18,"20.01","2021-06-11 10:15:00"
"848696",18,"20.31","2021-06-11 10:30:00"
"848896",18,"20.55","2021-06-11 10:45:00"
"849218",18,"15.28","2021-05-03 06:30:00"
"849294",18,"15.18","2021-05-03 06:45:00"
"851256",18,"15.12","2021-05-03 07:00:00"
"849376",18,"12.5","2021-07-21 21:15:00"
"849430",18,"12.14","2021-07-21 21:30:00"
"849484",18,"12.03","2021-07-21 21:45:00"
"849538",18,"11.85","2021-07-21 22:00:00"
"849592",18,"11.51","2021-07-21 22:15:00"
"849646",18,"11.17","2021-07-21 22:30:00"
"849700",18,"10.88","2021-07-21 22:45:00"
"850267",18,"25.02","2021-06-11 12:45:00"
"850367",18,"25.84","2021-06-11 13:00:00"
"850486",18,"26.03","2021-06-11 13:15:00"
"850621",18,"25.43","2021-06-11 13:30:00"
"850699",18,"24.48","2021-01-07 00:30:00"
"850863",18,"24.4","2021-01-07 00:45:00"
"850978",18,"24.3","2021-01-07 01:00:00"
"850795",18,"24.93","2021-06-11 13:45:00"
"850971",18,"25.3","2021-06-11 14:00:00"
"851099",18,"25.37","2021-06-11 14:15:00"
"852062",18,"8.92","2021-07-22 01:45:00"
"852116",18,"8.79","2021-07-22 02:00:00"
"852170",18,"8.64","2021-07-22 02:15:00"
"852224",18,"8.49","2021-07-22 02:30:00"
"852278",18,"8.37","2021-07-22 02:45:00"
"852384",18,"8.25","2021-07-22 03:00:00"
"852558",18,"8.08","2021-07-22 03:15:00"
"852548",18,"17.02","2021-05-03 08:00:00"
"852711",18,"18.74","2021-05-03 08:15:00"
"853652",18,"33.77","2021-05-03 11:00:00"
"853706",18,"34.83","2021-05-03 11:15:00"
"853760",18,"35.75","2021-05-03 11:30:00"
"853828",18,"24.43","2021-06-11 15:45:00"
"853882",18,"24.51","2021-06-11 16:00:00"
"853936",18,"23.86","2021-06-11 16:15:00"
"853990",18,"23.22","2021-06-11 16:30:00"
"854044",18,"22.8","2021-06-11 16:45:00"
"854098",18,"23","2021-06-11 17:00:00"
"854152",18,"22.19","2021-06-11 17:15:00"
"854206",18,"21.28","2021-06-11 17:30:00"
"855180",18,"16.54","2021-06-11 20:15:00"
"855348",18,"16.25","2021-06-11 20:30:00"
"855517",18,"16.04","2021-06-11 20:45:00"
"854888",18,"7.522","2021-07-22 04:15:00"
"854942",18,"7.422","2021-07-22 04:30:00"
"854996",18,"7.307","2021-07-22 04:45:00"
"855055",18,"7.222","2021-07-22 05:00:00"
"855253",18,"7.112","2021-07-22 05:15:00"
"855159",18,"36.61","2021-05-03 11:45:00"
"855331",18,"37.27","2021-05-03 12:00:00"
"855998",18,"15.52","2021-06-11 21:30:00"
"856140",18,"15.4","2021-06-11 21:45:00"
"856315",18,"15.26","2021-06-11 22:00:00"
"856239",18,"6.541","2021-07-22 06:15:00"
"856396",18,"6.44","2021-07-22 06:30:00"
"856229",18,"39.69","2021-05-03 13:00:00"
"856504",18,"39.67","2021-05-03 13:15:00"
"856720",18,"39.44","2021-05-03 13:30:00"
"856498",18,"22.04","2021-01-07 05:15:00"
"856714",18,"21.93","2021-01-07 05:30:00"
"856974",18,"21.86","2021-01-07 05:45:00"
"857143",18,"21.81","2021-01-07 06:00:00"
"857370",18,"21.83","2021-01-07 06:15:00"
"857187",18,"6.295","2021-07-22 07:30:00"
"857363",18,"6.554","2021-07-22 07:45:00"
"857524",18,"14.49","2021-06-11 23:30:00"
"857735",18,"14.34","2021-06-11 23:45:00"
"857492",18,"36.51","2021-05-03 14:15:00"
"857702",18,"34.56","2021-05-03 14:30:00"
"857891",18,"33.7","2021-05-03 14:45:00"
"857991",18,"22.29","2021-01-07 07:00:00"
"858164",18,"22.47","2021-01-07 07:15:00"
"858319",18,"22.72","2021-01-07 07:30:00"
"858375",18,"36.51","2021-05-03 15:30:00"
"858530",18,"33.98","2021-05-03 15:45:00"
"858659",18,"34.08","2021-05-03 16:00:00"
"858493",18,"13.76","2021-06-12 00:45:00"
"859651",18,"13.6","2021-06-12 01:00:00"
"858459",18,"23.04","2021-01-07 07:45:00"
"858566",18,"23.57","2021-01-07 08:00:00"
"858672",18,"24.4","2021-01-07 08:15:00"
"860368",18,"13.07","2021-06-12 02:00:00"
"860565",18,"12.97","2021-06-12 02:15:00"
"860756",18,"12.87","2021-06-12 02:30:00"
"860453",18,"22.43","2021-05-03 20:00:00"
"860672",18,"22.07","2021-05-03 20:15:00"
"860850",18,"21.76","2021-05-03 20:30:00"
"860555",18,"23.53","2021-07-22 11:15:00"
"860660",18,"24.42","2021-07-22 11:30:00"
"860785",18,"25.6","2021-07-22 11:45:00"
"860965",18,"12.77","2021-06-12 02:45:00"
"861219",18,"12.66","2021-06-12 03:00:00"
"862040",18,"34.04","2021-01-07 10:15:00"
"862142",18,"34.63","2021-01-07 10:30:00"
"862245",18,"34.94","2021-01-07 10:45:00"
"862188",18,"11.44","2021-06-12 05:15:00"
"864017",18,"11.29","2021-06-12 05:30:00"
"862308",18,"35.81","2021-01-07 11:00:00"
"862362",18,"35.8","2021-01-07 11:15:00"
"862416",18,"35.85","2021-01-07 11:30:00"
"862470",18,"35.93","2021-01-07 11:45:00"
"862524",18,"35.56","2021-01-07 12:00:00"
"863730",18,"17.68","2021-05-04 01:15:00"
"866784",18,"17.51","2021-05-04 01:30:00"
"863832",18,"29.69","2021-07-22 13:15:00"
"863886",18,"29.71","2021-07-22 13:30:00"
"863940",18,"29.36","2021-07-22 13:45:00"
"864005",18,"27.95","2021-07-22 14:00:00"
"864113",18,"27.35","2021-07-22 14:15:00"
"864129",18,"11.1","2021-06-12 05:45:00"
"864247",18,"10.96","2021-06-12 06:00:00"
"864373",18,"10.9","2021-06-12 06:15:00"
"865171",18,"29.92","2021-01-07 14:15:00"
"865344",18,"29.5","2021-01-07 14:30:00"
"865508",18,"28.58","2021-01-07 14:45:00"
"865614",18,"24.84","2021-07-22 17:00:00"
"865763",18,"23.84","2021-07-22 17:15:00"
"865624",18,"11.26","2021-06-12 08:15:00"
"865801",18,"11.68","2021-06-12 08:30:00"
"865964",18,"12.73","2021-06-12 08:45:00"
"865694",18,"27.83","2021-01-07 15:00:00"
"865856",18,"27.31","2021-01-07 15:15:00"
"867540",18,"15.58","2021-05-04 05:00:00"
"867594",18,"15.51","2021-05-04 05:15:00"
"867648",18,"15.4","2021-05-04 05:30:00"
"867702",18,"15.27","2021-05-04 05:45:00"
"867756",18,"15.12","2021-05-04 06:00:00"
"867870",18,"19.34","2021-06-12 10:15:00"
"867976",18,"20.41","2021-06-12 10:30:00"
"868045",18,"19.15","2021-07-22 18:15:00"
"868135",18,"18.27","2021-07-22 18:30:00"
"869287",18,"26.32","2021-06-12 12:45:00"
"869456",18,"26.4","2021-06-12 13:00:00"
"869418",18,"14.17","2021-07-22 20:45:00"
"869602",18,"13.93","2021-07-22 21:00:00"
"869751",18,"13.71","2021-07-22 21:15:00"
"869479",18,"25.52","2021-01-07 19:30:00"
"869628",18,"25.15","2021-01-07 19:45:00"
"869610",18,"26.44","2021-06-12 13:15:00"
"869771",18,"26.57","2021-06-12 13:30:00"
"869916",18,"25.82","2021-06-12 13:45:00"
"871963",18,"28.4","2021-05-04 10:00:00"
"872020",18,"11.19","2021-07-23 00:00:00"
"872075",18,"29.83","2021-05-04 10:15:00"
"872132",18,"11.03","2021-07-23 00:15:00"
"872239",18,"10.87","2021-07-23 00:30:00"
"872316",18,"10.69","2021-07-23 00:45:00"
"872180",18,"31.27","2021-05-04 10:30:00"
"874782",18,"32.7","2021-05-04 10:45:00"
"872370",18,"10.68","2021-07-23 01:00:00"
"872424",18,"10.69","2021-07-23 01:15:00"
"874656",18,"23.57","2021-01-08 02:30:00"
"874710",18,"23.48","2021-01-08 02:45:00"
"874764",18,"23.38","2021-01-08 03:00:00"
"877209",18,"23.24","2021-01-08 03:15:00"
"877335",18,"23.12","2021-01-08 03:30:00"
"874836",18,"33.8","2021-05-04 11:00:00"
"874890",18,"35.17","2021-05-04 11:15:00"
"874944",18,"36.26","2021-05-04 11:30:00"
"874998",18,"37.38","2021-05-04 11:45:00"
"875052",18,"38.43","2021-05-04 12:00:00"
"876235",18,"36.66","2021-05-04 15:15:00"
"878808",18,"37.12","2021-05-04 15:30:00"
"878862",18,"37.28","2021-05-04 15:45:00"
"876396",18,"8.43","2021-07-23 05:45:00"
"876450",18,"8.3","2021-07-23 06:00:00"
"876504",18,"8.25","2021-07-23 06:15:00"
"876558",18,"8.22","2021-07-23 06:30:00"
"876612",18,"8.16","2021-07-23 06:45:00"
"876666",18,"8.11","2021-07-23 07:00:00"
"876720",18,"8.1","2021-07-23 07:15:00"
"877991",18,"12.23","2021-06-12 23:00:00"
"877996",18,"22.62","2021-01-08 05:00:00"
"878095",18,"22.52","2021-01-08 05:15:00"
"878202",18,"22.53","2021-01-08 05:30:00"
"878320",18,"22.61","2021-01-08 05:45:00"
"878109",18,"12.03","2021-06-12 23:15:00"
"878217",18,"11.85","2021-06-12 23:30:00"
"878315",18,"11.72","2021-06-12 23:45:00"
"878412",18,"22.68","2021-01-08 06:00:00"
"878466",18,"22.75","2021-01-08 06:15:00"
"880746",18,"27.25","2021-07-23 12:00:00"
"883728",18,"27.94","2021-07-23 12:15:00"
"883832",18,"28.71","2021-07-23 12:30:00"
"880902",18,"11.28","2021-06-13 00:30:00"
"880956",18,"11.08","2021-06-13 00:45:00"
"881010",18,"10.96","2021-06-13 01:00:00"
"881064",18,"10.88","2021-06-13 01:15:00"
"881118",18,"10.79","2021-06-13 01:30:00"
"881172",18,"10.7","2021-06-13 01:45:00"
"881226",18,"10.56","2021-06-13 02:00:00"
"881280",18,"10.4","2021-06-13 02:15:00"
"882834",18,"22.65","2021-05-04 20:15:00"
"882888",18,"22.34","2021-05-04 20:30:00"
"882942",18,"22.04","2021-05-04 20:45:00"
"882996",18,"21.77","2021-05-04 21:00:00"
"883050",18,"21.52","2021-05-04 21:15:00"
"883104",18,"21.28","2021-05-04 21:30:00"
"883158",18,"21.07","2021-05-04 21:45:00"
"883212",18,"20.88","2021-05-04 22:00:00"
"883266",18,"20.63","2021-05-04 22:15:00"
"883320",18,"20.4","2021-05-04 22:30:00"
"883374",18,"20.19","2021-05-04 22:45:00"
"884564",18,"28.92","2021-07-23 14:30:00"
"884669",18,"27.58","2021-07-23 14:45:00"
"884785",18,"26.15","2021-07-23 15:00:00"
"884730",18,"8.7","2021-06-13 06:15:00"
"884839",18,"8.62","2021-06-13 06:30:00"
"884939",18,"8.54","2021-06-13 06:45:00"
"884898",18,"26.63","2021-07-23 15:15:00"
"884998",18,"27.5","2021-07-23 15:30:00"
"885108",18,"27.88","2021-07-23 15:45:00"
"885059",18,"8.47","2021-06-13 07:00:00"
"885156",18,"8.43","2021-06-13 07:15:00"
"886356",18,"45.89","2021-01-08 15:00:00"
"886410",18,"46.29","2021-01-08 15:15:00"
"886464",18,"46.36","2021-01-08 15:30:00"
"886518",18,"46.19","2021-01-08 15:45:00"
"886572",18,"45.91","2021-01-08 16:00:00"
"886626",18,"45.58","2021-01-08 16:15:00"
"886680",18,"45.16","2021-01-08 16:30:00"
"886734",18,"44.74","2021-01-08 16:45:00"
"889363",18,"44.02","2021-01-08 17:00:00"
"889532",18,"43.16","2021-01-08 17:15:00"
"887873",18,"15.57","2021-06-13 09:30:00"
"887955",18,"16.7","2021-06-13 09:45:00"
"888035",18,"17.71","2021-06-13 10:00:00"
"888075",18,"25.15","2021-07-23 17:15:00"
"888154",18,"24.14","2021-07-23 17:30:00"
"888176",18,"18.65","2021-06-13 10:15:00"
"888299",18,"19.45","2021-06-13 10:30:00"
"888254",18,"22.99","2021-07-23 17:45:00"
"888335",18,"21.86","2021-07-23 18:00:00"
"888413",18,"20.94","2021-07-23 18:15:00"
"888892",18,"17.83","2021-07-23 19:45:00"
"889496",18,"17.43","2021-07-23 20:00:00"
"889027",18,"23.69","2021-06-13 12:00:00"
"889081",18,"24.36","2021-06-13 12:15:00"
"889135",18,"24.96","2021-06-13 12:30:00"
"889190",18,"25.19","2021-06-13 12:45:00"
"889244",18,"25.35","2021-06-13 13:00:00"
"889298",18,"25.4","2021-06-13 13:15:00"
"889382",18,"25.57","2021-06-13 13:30:00"
"889523",18,"25.03","2021-06-13 13:45:00"
"890706",18,"29.51","2021-01-08 21:15:00"
"890760",18,"29.11","2021-01-08 21:30:00"
"893164",18,"28.71","2021-01-08 21:45:00"
"890940",18,"15.76","2021-05-05 06:00:00"
"890994",18,"15.7","2021-05-05 06:15:00"
"891048",18,"15.62","2021-05-05 06:30:00"
"891102",18,"15.5","2021-05-05 06:45:00"
"891156",18,"15.43","2021-05-05 07:00:00"
"891210",18,"15.53","2021-05-05 07:15:00"
"891264",18,"15.87","2021-05-05 07:30:00"
"892329",18,"24.25","2021-06-13 14:00:00"
"855394",18,"22.68","2021-01-07 04:15:00"
"853274",18,"24.28","2021-05-03 09:15:00"
"853328",18,"25.77","2021-05-03 09:30:00"
"853382",18,"27.29","2021-05-03 09:45:00"
"853436",18,"28.69","2021-05-03 10:00:00"
"853490",18,"30.04","2021-05-03 10:15:00"
"853544",18,"31.4","2021-05-03 10:30:00"
"853598",18,"32.52","2021-05-03 10:45:00"
"854260",18,"20.55","2021-06-11 17:45:00"
"854314",18,"19.86","2021-06-11 18:00:00"
"854368",18,"19.26","2021-06-11 18:15:00"
"854422",18,"18.79","2021-06-11 18:30:00"
"854476",18,"18.39","2021-06-11 18:45:00"
"854530",18,"17.98","2021-06-11 19:00:00"
"854584",18,"17.62","2021-06-11 19:15:00"
"854638",18,"17.27","2021-06-11 19:30:00"
"854692",18,"17.01","2021-06-11 19:45:00"
"854746",18,"16.79","2021-06-11 20:00:00"
"855576",18,"7.001","2021-07-22 05:30:00"
"855817",18,"6.835","2021-07-22 05:45:00"
"856053",18,"6.663","2021-07-22 06:00:00"
"855497",18,"38.16","2021-05-03 12:15:00"
"855658",18,"38.81","2021-05-03 12:30:00"
"855944",18,"39.4","2021-05-03 12:45:00"
"855713",18,"15.84","2021-06-11 21:00:00"
"855838",18,"15.66","2021-06-11 21:15:00"
"855649",18,"22.5","2021-01-07 04:30:00"
"855923",18,"22.33","2021-01-07 04:45:00"
"856190",18,"22.18","2021-01-07 05:00:00"
"856491",18,"15.15","2021-06-11 22:15:00"
"856705",18,"15.01","2021-06-11 22:30:00"
"856593",18,"6.371","2021-07-22 06:45:00"
"856808",18,"6.283","2021-07-22 07:00:00"
"856979",18,"6.218","2021-07-22 07:15:00"
"856955",18,"38.52","2021-05-03 13:45:00"
"857287",18,"37.31","2021-05-03 14:00:00"
"856913",18,"14.9","2021-06-11 22:45:00"
"857117",18,"14.79","2021-06-11 23:00:00"
"857307",18,"14.67","2021-06-11 23:15:00"
"857581",18,"21.94","2021-01-07 06:30:00"
"857792",18,"22.11","2021-01-07 06:45:00"
"857612",18,"6.926","2021-07-22 08:00:00"
"857827",18,"7.874","2021-07-22 08:15:00"
"858965",18,"9.59","2021-07-22 08:30:00"
"858053",18,"35.35","2021-05-03 15:00:00"
"858221",18,"36.27","2021-05-03 15:15:00"
"857981",18,"14.21","2021-06-12 00:00:00"
"858130",18,"14.07","2021-06-12 00:15:00"
"858318",18,"13.9","2021-06-12 00:30:00"
"859133",18,"30.17","2021-05-03 17:30:00"
"859220",18,"28.92","2021-05-03 17:45:00"
"859305",18,"27.6","2021-05-03 18:00:00"
"859379",18,"26.4","2021-05-03 18:15:00"
"859454",18,"25.5","2021-05-03 18:30:00"
"859481",18,"13.64","2021-07-22 09:15:00"
"859646",18,"14.73","2021-07-22 09:30:00"
"859824",18,"16.22","2021-07-22 09:45:00"
"859530",18,"24.79","2021-05-03 18:45:00"
"859704",18,"24.2","2021-05-03 19:00:00"
"859858",18,"23.7","2021-05-03 19:15:00"
"860911",18,"26.6","2021-07-22 12:00:00"
"861020",18,"27.47","2021-07-22 12:15:00"
"861080",18,"21.44","2021-05-03 20:45:00"
"862812",18,"21.16","2021-05-03 21:00:00"
"861108",18,"28.28","2021-07-22 12:30:00"
"861216",18,"28.79","2021-07-22 12:45:00"
"861361",18,"29.32","2021-07-22 13:00:00"
"861372",18,"12.51","2021-06-12 03:15:00"
"861468",18,"12.38","2021-06-12 03:30:00"
"861564",18,"12.21","2021-06-12 03:45:00"
"862578",18,"33.94","2021-01-07 12:15:00"
"862632",18,"33.21","2021-01-07 12:30:00"
"862686",18,"34.11","2021-01-07 12:45:00"
"862740",18,"35.77","2021-01-07 13:00:00"
"864370",18,"34.07","2021-01-07 13:15:00"
"862866",18,"20.9","2021-05-03 21:15:00"
"862920",18,"20.66","2021-05-03 21:30:00"
"862974",18,"20.39","2021-05-03 21:45:00"
"863028",18,"20.15","2021-05-03 22:00:00"
"863082",18,"19.91","2021-05-03 22:15:00"
"864473",18,"24.4","2021-07-22 15:00:00"
"864612",18,"25.02","2021-07-22 15:15:00"
"864737",18,"26.14","2021-07-22 15:30:00"
"864836",18,"10.56","2021-06-12 07:00:00"
"864982",18,"10.42","2021-06-12 07:15:00"
"865169",18,"26.49","2021-07-22 16:15:00"
"865324",18,"26.19","2021-07-22 16:30:00"
"865477",18,"25.61","2021-07-22 16:45:00"
"865134",18,"10.43","2021-06-12 07:30:00"
"865300",18,"10.64","2021-06-12 07:45:00"
"865466",18,"10.99","2021-06-12 08:00:00"
"866319",18,"16.66","2021-06-12 09:30:00"
"866428",18,"17.58","2021-06-12 09:45:00"
"866544",18,"18.38","2021-06-12 10:00:00"
"866604",18,"28.34","2021-01-07 17:00:00"
"866658",18,"28.21","2021-01-07 17:15:00"
"866712",18,"27.93","2021-01-07 17:30:00"
"866766",18,"27.56","2021-01-07 17:45:00"
"868534",18,"27.26","2021-01-07 18:00:00"
"866838",18,"17.37","2021-05-04 01:45:00"
"866892",18,"17.2","2021-05-04 02:00:00"
"866946",18,"17.03","2021-05-04 02:15:00"
"868087",18,"21.27","2021-06-12 10:45:00"
"868221",18,"22.25","2021-06-12 11:00:00"
"868325",18,"23.11","2021-06-12 11:15:00"
"868237",18,"17.51","2021-07-22 18:45:00"
"868342",18,"16.92","2021-07-22 19:00:00"
"868465",18,"16.48","2021-07-22 19:15:00"
"868429",18,"23.98","2021-06-12 11:30:00"
"868614",18,"24.56","2021-06-12 11:45:00"
"868615",18,"16.05","2021-07-22 19:30:00"
"868778",18,"15.6","2021-07-22 19:45:00"
"868926",18,"15.16","2021-07-22 20:00:00"
"870257",18,"13.15","2021-07-22 22:00:00"
"870411",18,"12.94","2021-07-22 22:15:00"
"871373",18,"12.57","2021-07-22 22:30:00"
"872796",18,"22.43","2021-06-12 14:45:00"
"872850",18,"21.8","2021-06-12 15:00:00"
"870522",18,"24.08","2021-01-07 21:15:00"
"870576",18,"23.97","2021-01-07 21:30:00"
"870630",18,"23.86","2021-01-07 21:45:00"
"870684",18,"23.8","2021-01-07 22:00:00"
"870738",18,"23.77","2021-01-07 22:15:00"
"873213",18,"23.72","2021-01-07 22:30:00"
"871471",18,"12.2","2021-07-22 22:45:00"
"871594",18,"11.97","2021-07-22 23:00:00"
"871434",18,"21.42","2021-05-04 08:45:00"
"871535",18,"22.81","2021-05-04 09:00:00"
"871637",18,"24.3","2021-05-04 09:15:00"
"871741",18,"25.81","2021-05-04 09:30:00"
"871852",18,"27.04","2021-05-04 09:45:00"
"871707",18,"11.78","2021-07-22 23:15:00"
"871812",18,"11.64","2021-07-22 23:30:00"
"871913",18,"11.36","2021-07-22 23:45:00"
"873066",18,"23.6","2021-06-12 16:00:00"
"873120",18,"23.33","2021-06-12 16:15:00"
"873174",18,"22.88","2021-06-12 16:30:00"
"873258",18,"22.32","2021-06-12 16:45:00"
"873364",18,"21.64","2021-06-12 17:00:00"
"873332",18,"23.63","2021-01-07 22:45:00"
"873433",18,"23.57","2021-01-07 23:00:00"
"873490",18,"20.91","2021-06-12 17:15:00"
"873599",18,"20.11","2021-06-12 17:30:00"
"874065",18,"23.84","2021-01-08 00:30:00"
"874173",18,"23.85","2021-01-08 00:45:00"
"874288",18,"23.85","2021-01-08 01:00:00"
"874239",18,"16.31","2021-06-12 19:00:00"
"874359",18,"15.91","2021-06-12 19:15:00"
"876822",18,"15.58","2021-06-12 19:30:00"
"874386",18,"23.85","2021-01-08 01:15:00"
"874440",18,"23.85","2021-01-08 01:30:00"
"874494",18,"23.81","2021-01-08 01:45:00"
"874548",18,"23.75","2021-01-08 02:00:00"
"874602",18,"23.69","2021-01-08 02:15:00"
"875767",18,"9.22","2021-07-23 04:00:00"
"875784",18,"36.83","2021-05-04 14:15:00"
"875875",18,"9.24","2021-07-23 04:15:00"
"875982",18,"9.24","2021-07-23 04:30:00"
"876073",18,"9.16","2021-07-23 04:45:00"
"875893",18,"34.79","2021-05-04 14:30:00"
"876004",18,"33.72","2021-05-04 14:45:00"
"876128",18,"35.59","2021-05-04 15:00:00"
"876180",18,"9.02","2021-07-23 05:00:00"
"876288",18,"8.8","2021-07-23 05:15:00"
"876342",18,"8.6","2021-07-23 05:30:00"
"876774",18,"8.26","2021-07-23 07:30:00"
"879261",18,"8.52","2021-07-23 07:45:00"
"879365",18,"8.91","2021-07-23 08:00:00"
"876876",18,"15.29","2021-06-12 19:45:00"
"876930",18,"15","2021-06-12 20:00:00"
"876984",18,"14.8","2021-06-12 20:15:00"
"877038",18,"14.59","2021-06-12 20:30:00"
"877092",18,"14.32","2021-06-12 20:45:00"
"877158",18,"14.09","2021-06-12 21:00:00"
"877265",18,"13.87","2021-06-12 21:15:00"
"877353",18,"13.57","2021-06-12 21:30:00"
"880794",18,"11.68","2021-06-13 00:00:00"
"880848",18,"11.49","2021-06-13 00:15:00"
"878520",18,"22.86","2021-01-08 06:30:00"
"878574",18,"23.02","2021-01-08 06:45:00"
"878628",18,"23.23","2021-01-08 07:00:00"
"878682",18,"23.58","2021-01-08 07:15:00"
"878736",18,"23.98","2021-01-08 07:30:00"
"878916",18,"37.04","2021-05-04 16:00:00"
"878970",18,"36.53","2021-05-04 16:15:00"
"880287",18,"23.36","2021-05-04 19:45:00"
"880408",18,"22.97","2021-05-04 20:00:00"
"880338",18,"19.46","2021-07-23 10:15:00"
"880422",18,"20.52","2021-07-23 10:30:00"
"880476",18,"21.68","2021-07-23 10:45:00"
"880530",18,"22.99","2021-07-23 11:00:00"
"880584",18,"24.06","2021-07-23 11:15:00"
"880638",18,"25.13","2021-07-23 11:30:00"
"880692",18,"26.25","2021-07-23 11:45:00"
"881876",18,"9.68","2021-06-13 03:45:00"
"881991",18,"9.57","2021-06-13 04:00:00"
"882100",18,"9.47","2021-06-13 04:15:00"
"881992",18,"29.4","2021-01-08 09:15:00"
"882099",18,"29.37","2021-01-08 09:30:00"
"882197",18,"9.37","2021-06-13 04:30:00"
"884068",18,"9.27","2021-06-13 04:45:00"
"882217",18,"30.32","2021-01-08 09:45:00"
"882276",18,"31.76","2021-01-08 10:00:00"
"882330",18,"32.48","2021-01-08 10:15:00"
"883428",18,"19.92","2021-05-04 23:00:00"
"883482",18,"19.66","2021-05-04 23:15:00"
"883536",18,"19.5","2021-05-04 23:30:00"
"883590",18,"19.36","2021-05-04 23:45:00"
"883644",18,"19.16","2021-05-05 00:00:00"
"883701",18,"18.95","2021-05-05 00:15:00"
"883820",18,"18.69","2021-05-05 00:30:00"
"883908",18,"29.45","2021-07-23 12:45:00"
"883962",18,"29.95","2021-07-23 13:00:00"
"885236",18,"27.89","2021-07-23 16:00:00"
"885325",18,"27.78","2021-07-23 16:15:00"
"885253",18,"8.49","2021-06-13 07:30:00"
"885377",18,"8.7","2021-06-13 07:45:00"
"885462",18,"9.04","2021-06-13 08:00:00"
"885457",18,"27.38","2021-07-23 16:30:00"
"885559",18,"26.8","2021-07-23 16:45:00"
"887926",18,"26.08","2021-07-23 17:00:00"
"885576",18,"9.87","2021-06-13 08:15:00"
"885630",18,"11.12","2021-06-13 08:30:00"
"885684",18,"12.34","2021-06-13 08:45:00"
"886806",18,"18.49","2021-05-05 00:45:00"
"886860",18,"18.33","2021-05-05 01:00:00"
"886914",18,"18.17","2021-05-05 01:15:00"
"886968",18,"17.99","2021-05-05 01:30:00"
"887022",18,"17.81","2021-05-05 01:45:00"
"887076",18,"17.68","2021-05-05 02:00:00"
"887130",18,"17.6","2021-05-05 02:15:00"
"887184",18,"17.49","2021-05-05 02:30:00"
"887238",18,"17.38","2021-05-05 02:45:00"
"887292",18,"17.28","2021-05-05 03:00:00"
"887346",18,"17.18","2021-05-05 03:15:00"
"888459",18,"20.35","2021-06-13 10:45:00"
"888621",18,"21.15","2021-06-13 11:00:00"
"888782",18,"21.65","2021-06-13 11:15:00"
"888497",18,"20.23","2021-07-23 18:30:00"
"888578",18,"19.63","2021-07-23 18:45:00"
"888665",18,"19.1","2021-07-23 19:00:00"
"888745",18,"18.63","2021-07-23 19:15:00"
"888821",18,"18.23","2021-07-23 19:30:00"
"888919",18,"22.3","2021-06-13 11:30:00"
"888973",18,"23.13","2021-06-13 11:45:00"
"890157",18,"35.11","2021-01-08 18:45:00"
"890220",18,"34.23","2021-01-08 19:00:00"
"890274",18,"33.44","2021-01-08 19:15:00"
"890328",18,"32.71","2021-01-08 19:30:00"
"890382",18,"32.03","2021-01-08 19:45:00"
"890436",18,"31.46","2021-01-08 20:00:00"
"890490",18,"30.98","2021-01-08 20:15:00"
"890544",18,"30.56","2021-01-08 20:30:00"
"890598",18,"30.2","2021-01-08 20:45:00"
"890652",18,"29.86","2021-01-08 21:00:00"
"891318",18,"16.41","2021-05-05 07:45:00"
"891372",18,"17.35","2021-05-05 08:00:00"
"891426",18,"18.51","2021-05-05 08:15:00"
"891480",18,"20.08","2021-05-05 08:30:00"
"891534",18,"21.64","2021-05-05 08:45:00"
"891588",18,"23.06","2021-05-05 09:00:00"
"891642",18,"24.53","2021-05-05 09:15:00"
"891696",18,"26.12","2021-05-05 09:30:00"
"891750",18,"27.58","2021-05-05 09:45:00"
"894804",18,"29.09","2021-05-05 10:00:00"
"894858",18,"30.7","2021-05-05 10:15:00"
"892951",18,"13.76","2021-07-24 00:15:00"
"893052",18,"13.34","2021-07-24 00:30:00"
"892993",18,"22.48","2021-06-13 16:30:00"
"893107",18,"21.91","2021-06-13 16:45:00"
"893304",18,"21.26","2021-06-13 17:00:00"
"893274",18,"28.35","2021-01-08 22:00:00"
"893403",18,"28.02","2021-01-08 22:15:00"
"893235",18,"12.9","2021-07-24 00:45:00"
"893424",18,"12.61","2021-07-24 01:00:00"
"893594",18,"12.41","2021-07-24 01:15:00"
"894079",18,"26.67","2021-01-08 23:30:00"
"894192",18,"26.45","2021-01-08 23:45:00"
"894246",18,"26.25","2021-01-09 00:00:00"
"894022",18,"11.75","2021-07-24 02:00:00"
"895824",18,"11.7","2021-07-24 02:15:00"
"895878",18,"11.56","2021-07-24 02:30:00"
"894736",18,"17.14","2021-06-13 18:15:00"
"896790",18,"16.62","2021-06-13 18:30:00"
"894300",18,"26.05","2021-01-09 00:15:00"
"894354",18,"25.86","2021-01-09 00:30:00"
"895020",18,"34.59","2021-05-05 11:00:00"
"895074",18,"35.92","2021-05-05 11:15:00"
"895128",18,"37.06","2021-05-05 11:30:00"
"895182",18,"38.02","2021-05-05 11:45:00"
"895236",18,"38.86","2021-05-05 12:00:00"
"895290",18,"39.41","2021-05-05 12:15:00"
"895344",18,"39.92","2021-05-05 12:30:00"
"892014",18,"14.85","2021-07-23 22:30:00"
"892068",18,"14.69","2021-07-23 22:45:00"
"892122",18,"14.51","2021-07-23 23:00:00"
"892176",18,"14.32","2021-07-23 23:15:00"
"892231",18,"14.19","2021-07-23 23:30:00"
"892316",18,"14.01","2021-07-23 23:45:00"
"892848",18,"13.9","2021-07-24 00:00:00"
"908722",18,"32.37","2021-01-09 19:15:00"
"908807",18,"31.73","2021-01-09 19:30:00"
"908893",18,"31.16","2021-01-09 19:45:00"
"908975",18,"30.69","2021-01-09 20:00:00"
"909066",18,"30.3","2021-01-09 20:15:00"
"909114",18,"18.61","2021-06-14 10:15:00"
"909227",18,"19.64","2021-06-14 10:30:00"
"909163",18,"30.04","2021-01-09 20:30:00"
"910410",18,"29.8","2021-01-09 20:45:00"
"910577",18,"29.47","2021-01-09 21:00:00"
"910579",18,"27.35","2021-06-14 13:15:00"
"910681",18,"27.37","2021-06-14 13:30:00"
"910817",18,"26.77","2021-06-14 13:45:00"
"910592",18,"13.51","2021-07-24 23:45:00"
"910753",18,"13.33","2021-07-25 00:00:00"
"910895",18,"13.18","2021-07-25 00:15:00"
"910839",18,"29.12","2021-01-09 21:15:00"
"911070",18,"28.88","2021-01-09 21:30:00"
"910960",18,"26.03","2021-06-14 14:00:00"
"911097",18,"25.75","2021-06-14 14:15:00"
"911227",18,"25.63","2021-06-14 14:30:00"
"911629",18,"28.29","2021-01-09 22:30:00"
"911705",18,"28.05","2021-01-09 22:45:00"
"911784",18,"27.75","2021-01-09 23:00:00"
"911706",18,"24.37","2021-06-14 15:15:00"
"911861",18,"25.08","2021-06-14 15:30:00"
"912012",18,"25.16","2021-06-14 15:45:00"
"911870",18,"27.49","2021-01-09 23:15:00"
"911951",18,"27.24","2021-01-09 23:30:00"
"912037",18,"27.03","2021-01-09 23:45:00"
"912110",18,"26.92","2021-01-10 00:00:00"
"912189",18,"26.82","2021-01-10 00:15:00"
"913279",18,"17.53","2021-06-14 18:30:00"
"913390",18,"16.96","2021-06-14 18:45:00"
"913449",18,"11.7","2021-07-25 03:00:00"
"913551",18,"11.6","2021-07-25 03:15:00"
"913669",18,"11.44","2021-07-25 03:30:00"
"913499",18,"16.49","2021-06-14 19:00:00"
"913607",18,"16.08","2021-06-14 19:15:00"
"913702",18,"15.76","2021-06-14 19:30:00"
"913772",18,"11.28","2021-07-25 03:45:00"
"913860",18,"11.22","2021-07-25 04:00:00"
"914862",18,"25.65","2021-01-10 01:45:00"
"914916",18,"25.48","2021-01-10 02:00:00"
"914970",18,"25.3","2021-01-10 02:15:00"
"915024",18,"25.11","2021-01-10 02:30:00"
"915078",18,"24.9","2021-01-10 02:45:00"
"915132",18,"24.69","2021-01-10 03:00:00"
"915186",18,"24.51","2021-01-10 03:15:00"
"915240",18,"24.33","2021-01-10 03:30:00"
"915294",18,"24.17","2021-01-10 03:45:00"
"915348",18,"24.01","2021-01-10 04:00:00"
"916574",18,"18.31","2021-07-25 09:30:00"
"916628",18,"19.7","2021-07-25 09:45:00"
"916682",18,"21.05","2021-07-25 10:00:00"
"916736",18,"22.29","2021-07-25 10:15:00"
"918790",18,"23.37","2021-07-25 10:30:00"
"916946",18,"13.1","2021-06-14 23:00:00"
"917000",18,"13.04","2021-06-14 23:15:00"
"917054",18,"12.92","2021-06-14 23:30:00"
"917108",18,"12.83","2021-06-14 23:45:00"
"917162",18,"12.67","2021-06-15 00:00:00"
"918212",18,"25.06","2021-01-10 08:00:00"
"918266",18,"25.93","2021-01-10 08:15:00"
"918320",18,"26.92","2021-01-10 08:30:00"
"918374",18,"28.02","2021-01-10 08:45:00"
"918428",18,"29.21","2021-01-10 09:00:00"
"918482",18,"30.41","2021-01-10 09:15:00"
"918536",18,"31.66","2021-01-10 09:30:00"
"918590",18,"33.06","2021-01-10 09:45:00"
"918644",18,"34.67","2021-01-10 10:00:00"
"918698",18,"36.31","2021-01-10 10:15:00"
"918752",18,"37.9","2021-01-10 10:30:00"
"921816",18,"28.29","2021-07-25 15:15:00"
"921870",18,"29.21","2021-07-25 15:30:00"
"919918",18,"11.11","2021-06-15 03:30:00"
"919972",18,"11.03","2021-06-15 03:45:00"
"920026",18,"10.96","2021-06-15 04:00:00"
"920080",18,"10.88","2021-06-15 04:15:00"
"920134",18,"10.63","2021-06-15 04:30:00"
"920188",18,"10.39","2021-06-15 04:45:00"
"920242",18,"10.19","2021-06-15 05:00:00"
"921454",18,"47.87","2021-01-10 13:45:00"
"921508",18,"47.4","2021-01-10 14:00:00"
"921562",18,"47.53","2021-01-10 14:15:00"
"921616",18,"47.24","2021-01-10 14:30:00"
"921670",18,"47.3","2021-01-10 14:45:00"
"921724",18,"48.25","2021-01-10 15:00:00"
"921778",18,"49.24","2021-01-10 15:15:00"
"923832",18,"49.54","2021-01-10 15:30:00"
"921924",18,"29.56","2021-07-25 15:45:00"
"921978",18,"29.52","2021-07-25 16:00:00"
"922032",18,"29.3","2021-07-25 16:15:00"
"923160",18,"16.07","2021-06-15 09:15:00"
"923214",18,"17.3","2021-06-15 09:30:00"
"923268",18,"18.44","2021-06-15 09:45:00"
"923322",18,"19.33","2021-06-15 10:00:00"
"923376",18,"20.25","2021-06-15 10:15:00"
"923430",18,"21.35","2021-06-15 10:30:00"
"923484",18,"22.48","2021-06-15 10:45:00"
"923538",18,"23.63","2021-06-15 11:00:00"
"923592",18,"24.72","2021-06-15 11:15:00"
"923646",18,"25.51","2021-06-15 11:30:00"
"924896",18,"18.43","2021-07-25 20:15:00"
"924950",18,"18.07","2021-07-25 20:30:00"
"925004",18,"17.72","2021-07-25 20:45:00"
"925058",18,"17.38","2021-07-25 21:00:00"
"925112",18,"17.2","2021-07-25 21:15:00"
"925166",18,"16.92","2021-07-25 21:30:00"
"925220",18,"16.59","2021-07-25 21:45:00"
"925274",18,"16.28","2021-07-25 22:00:00"
"925328",18,"16.01","2021-07-25 22:15:00"
"925382",18,"15.77","2021-07-25 22:30:00"
"926510",18,"26.09","2021-06-15 15:30:00"
"926564",18,"26.17","2021-06-15 15:45:00"
"926618",18,"26.06","2021-06-15 16:00:00"
"926672",18,"25.7","2021-06-15 16:15:00"
"926726",18,"25.36","2021-06-15 16:30:00"
"926780",18,"24.89","2021-06-15 16:45:00"
"928834",18,"24.18","2021-06-15 17:00:00"
"928888",18,"23.21","2021-06-15 17:15:00"
"926858",18,"33.8","2021-01-10 20:15:00"
"926912",18,"33.25","2021-01-10 20:30:00"
"928138",18,"13.45","2021-07-26 02:00:00"
"928192",18,"13.35","2021-07-26 02:15:00"
"928246",18,"13.14","2021-07-26 02:30:00"
"928300",18,"12.97","2021-07-26 02:45:00"
"928354",18,"12.82","2021-07-26 03:00:00"
"928408",18,"12.7","2021-07-26 03:15:00"
"928462",18,"12.61","2021-07-26 03:30:00"
"928516",18,"12.51","2021-07-26 03:45:00"
"928570",18,"12.42","2021-07-26 04:00:00"
"928624",18,"12.39","2021-07-26 04:15:00"
"929806",18,"14.73","2021-06-15 21:15:00"
"931473",18,"14.6","2021-06-15 21:30:00"
"931553",18,"14.44","2021-06-15 21:45:00"
"929938",18,"27.61","2021-01-11 01:15:00"
"929992",18,"27.38","2021-01-11 01:30:00"
"930046",18,"27.17","2021-01-11 01:45:00"
"930100",18,"26.98","2021-01-11 02:00:00"
"930154",18,"26.78","2021-01-11 02:15:00"
"930208",18,"26.6","2021-01-11 02:30:00"
"930262",18,"26.45","2021-01-11 02:45:00"
"930316",18,"26.29","2021-01-11 03:00:00"
"930840",18,"12.06","2021-07-26 05:15:00"
"930894",18,"12.07","2021-07-26 05:30:00"
"930948",18,"12.06","2021-07-26 05:45:00"
"931002",18,"11.99","2021-07-26 06:00:00"
"931056",18,"11.89","2021-07-26 06:15:00"
"931110",18,"11.77","2021-07-26 06:30:00"
"931164",18,"11.65","2021-07-26 06:45:00"
"931218",18,"11.57","2021-07-26 07:00:00"
"931272",18,"11.53","2021-07-26 07:15:00"
"931326",18,"11.6","2021-07-26 07:30:00"
"933812",18,"20.91","2021-07-26 09:45:00"
"933936",18,"22.21","2021-07-26 10:00:00"
"932670",18,"12.54","2021-06-16 00:30:00"
"932791",18,"12.33","2021-06-16 00:45:00"
"932883",18,"12.22","2021-06-16 01:00:00"
"932810",18,"24.68","2021-01-11 06:30:00"
"932925",18,"24.88","2021-01-11 06:45:00"
"932999",18,"12.1","2021-06-16 01:15:00"
"933105",18,"11.98","2021-06-16 01:30:00"
"933612",18,"30.53","2021-01-11 09:00:00"
"933666",18,"31.89","2021-01-11 09:15:00"
"933720",18,"32.97","2021-01-11 09:30:00"
"892396",18,"23.82","2021-06-13 14:15:00"
"892450",18,"23.66","2021-06-13 14:30:00"
"892504",18,"22.44","2021-06-13 14:45:00"
"892558",18,"21.7","2021-06-13 15:00:00"
"892612",18,"22.47","2021-06-13 15:15:00"
"892666",18,"23.02","2021-06-13 15:30:00"
"892720",18,"23.13","2021-06-13 15:45:00"
"892776",18,"23.11","2021-06-13 16:00:00"
"892876",18,"22.89","2021-06-13 16:15:00"
"893515",18,"20.45","2021-06-13 17:15:00"
"893518",18,"27.71","2021-01-08 22:30:00"
"893658",18,"27.42","2021-01-08 22:45:00"
"893792",18,"27.14","2021-01-08 23:00:00"
"893934",18,"26.9","2021-01-08 23:15:00"
"893741",18,"12.15","2021-07-24 01:30:00"
"893877",18,"11.92","2021-07-24 01:45:00"
"893739",18,"19.6","2021-06-13 17:30:00"
"893968",18,"18.66","2021-06-13 17:45:00"
"894106",18,"17.83","2021-06-13 18:00:00"
"894408",18,"25.68","2021-01-09 00:45:00"
"894462",18,"25.5","2021-01-09 01:00:00"
"894516",18,"25.32","2021-01-09 01:15:00"
"894570",18,"25.15","2021-01-09 01:30:00"
"894624",18,"24.99","2021-01-09 01:45:00"
"894678",18,"24.85","2021-01-09 02:00:00"
"898166",18,"24.71","2021-01-09 02:15:00"
"898389",18,"24.57","2021-01-09 02:30:00"
"894912",18,"32.09","2021-05-05 10:30:00"
"894966",18,"33.34","2021-05-05 10:45:00"
"895560",18,"40.27","2021-05-05 13:30:00"
"895614",18,"39.21","2021-05-05 13:45:00"
"895668",18,"38","2021-05-05 14:00:00"
"895722",18,"37.13","2021-05-05 14:15:00"
"895776",18,"35.05","2021-05-05 14:30:00"
"896931",18,"33.74","2021-05-05 14:45:00"
"895932",18,"11.42","2021-07-24 02:45:00"
"895986",18,"11.3","2021-07-24 03:00:00"
"896040",18,"11.27","2021-07-24 03:15:00"
"896094",18,"11.19","2021-07-24 03:30:00"
"896148",18,"11.14","2021-07-24 03:45:00"
"896742",18,"9.99","2021-07-24 06:30:00"
"899796",18,"9.96","2021-07-24 06:45:00"
"899850",18,"9.99","2021-07-24 07:00:00"
"896844",18,"16.2","2021-06-13 18:45:00"
"896963",18,"15.83","2021-06-13 19:00:00"
"897084",18,"15.5","2021-06-13 19:15:00"
"897025",18,"35.29","2021-05-05 15:00:00"
"897121",18,"36.43","2021-05-05 15:15:00"
"897256",18,"15.2","2021-06-13 19:30:00"
"897367",18,"14.97","2021-06-13 19:45:00"
"897903",18,"13.96","2021-06-13 20:45:00"
"898068",18,"13.74","2021-06-13 21:00:00"
"898245",18,"13.57","2021-06-13 21:15:00"
"897927",18,"31.28","2021-05-05 17:30:00"
"898005",18,"29.8","2021-05-05 17:45:00"
"898090",18,"28.32","2021-05-05 18:00:00"
"898186",18,"27.18","2021-05-05 18:15:00"
"898293",18,"26.2","2021-05-05 18:30:00"
"898462",18,"13.44","2021-06-13 21:30:00"
"898619",18,"13.35","2021-06-13 21:45:00"
"899058",18,"12.65","2021-06-13 22:45:00"
"899165",18,"12.53","2021-06-13 23:00:00"
"899128",18,"23.76","2021-01-09 04:00:00"
"899218",18,"23.63","2021-01-09 04:15:00"
"899272",18,"23.56","2021-01-09 04:30:00"
"899326",18,"23.54","2021-01-09 04:45:00"
"899380",18,"23.64","2021-01-09 05:00:00"
"899434",18,"23.65","2021-01-09 05:15:00"
"899488",18,"23.48","2021-01-09 05:30:00"
"899542",18,"23.32","2021-01-09 05:45:00"
"900174",18,"12.7","2021-07-24 08:30:00"
"900228",18,"13.99","2021-07-24 08:45:00"
"900282",18,"15.34","2021-07-24 09:00:00"
"900336",18,"16.55","2021-07-24 09:15:00"
"900390",18,"17.84","2021-07-24 09:30:00"
"900444",18,"19.22","2021-07-24 09:45:00"
"900498",18,"20.49","2021-07-24 10:00:00"
"900552",18,"21.82","2021-07-24 10:15:00"
"900606",18,"23.15","2021-07-24 10:30:00"
"900660",18,"24.31","2021-07-24 10:45:00"
"901234",18,"21.42","2021-05-05 21:15:00"
"901288",18,"21.16","2021-05-05 21:30:00"
"901342",18,"20.98","2021-05-05 21:45:00"
"901396",18,"20.79","2021-05-05 22:00:00"
"901450",18,"20.57","2021-05-05 22:15:00"
"901504",18,"20.38","2021-05-05 22:30:00"
"901558",18,"20.17","2021-05-05 22:45:00"
"901612",18,"19.96","2021-05-05 23:00:00"
"901666",18,"19.78","2021-05-05 23:15:00"
"901720",18,"19.61","2021-05-05 23:30:00"
"902288",18,"11.64","2021-06-14 01:15:00"
"902391",18,"11.55","2021-06-14 01:30:00"
"902384",18,"24.3","2021-01-09 07:15:00"
"902499",18,"24.83","2021-01-09 07:30:00"
"902492",18,"11.38","2021-06-14 01:45:00"
"902588",18,"11.21","2021-06-14 02:00:00"
"902697",18,"11.06","2021-06-14 02:15:00"
"902620",18,"25.43","2021-01-09 07:45:00"
"902727",18,"25.99","2021-01-09 08:00:00"
"902816",18,"26.57","2021-01-09 08:15:00"
"904788",18,"10.51","2021-06-14 03:45:00"
"904842",18,"10.45","2021-06-14 04:00:00"
"904896",18,"10.38","2021-06-14 04:15:00"
"903406",18,"30.54","2021-01-09 09:45:00"
"903460",18,"31.61","2021-01-09 10:00:00"
"903514",18,"32.69","2021-01-09 10:15:00"
"903568",18,"35.1","2021-01-09 10:30:00"
"903622",18,"34.82","2021-01-09 10:45:00"
"903676",18,"34.2","2021-01-09 11:00:00"
"903730",18,"33.53","2021-01-09 11:15:00"
"905531",18,"35.26","2021-01-09 11:30:00"
"904416",18,"30.25","2021-07-24 14:15:00"
"904470",18,"30.3","2021-07-24 14:30:00"
"904524",18,"28.8","2021-07-24 14:45:00"
"904578",18,"27.29","2021-07-24 15:00:00"
"904632",18,"27.84","2021-07-24 15:15:00"
"904686",18,"28.72","2021-07-24 15:30:00"
"904740",18,"29.06","2021-07-24 15:45:00"
"906247",18,"29.14","2021-07-24 16:00:00"
"904950",18,"10.25","2021-06-14 04:30:00"
"905004",18,"10.11","2021-06-14 04:45:00"
"905651",18,"35.84","2021-01-09 11:45:00"
"905754",18,"35.04","2021-01-09 12:00:00"
"905668",18,"8.66","2021-06-14 07:30:00"
"905773",18,"8.86","2021-06-14 07:45:00"
"905893",18,"9.21","2021-06-14 08:00:00"
"905856",18,"34.83","2021-01-09 12:15:00"
"905958",18,"36.37","2021-01-09 12:30:00"
"906054",18,"36.11","2021-01-09 12:45:00"
"906007",18,"10.01","2021-06-14 08:15:00"
"908016",18,"11.23","2021-06-14 08:30:00"
"908188",18,"12.37","2021-06-14 08:45:00"
"906607",18,"27.87","2021-07-24 16:45:00"
"906718",18,"27.09","2021-07-24 17:00:00"
"906828",18,"26.21","2021-07-24 17:15:00"
"906714",18,"41.66","2021-01-09 14:45:00"
"906820",18,"40.35","2021-01-09 15:00:00"
"906905",18,"39.43","2021-01-09 15:15:00"
"906972",18,"25.09","2021-07-24 17:30:00"
"907080",18,"23.97","2021-07-24 17:45:00"
"906996",18,"38.93","2021-01-09 15:30:00"
"907106",18,"40.93","2021-01-09 15:45:00"
"907658",18,"18.31","2021-07-24 20:00:00"
"907712",18,"17.94","2021-07-24 20:15:00"
"907766",18,"17.54","2021-07-24 20:30:00"
"909338",18,"17.13","2021-07-24 20:45:00"
"909455",18,"16.61","2021-07-24 21:00:00"
"907919",18,"38.85","2021-01-09 16:45:00"
"908000",18,"38.16","2021-01-09 17:00:00"
"908080",18,"37.48","2021-01-09 17:15:00"
"908157",18,"37.62","2021-01-09 17:30:00"
"908237",18,"37.37","2021-01-09 17:45:00"
"909920",18,"25.09","2021-06-14 12:00:00"
"910015",18,"25.68","2021-06-14 12:15:00"
"910127",18,"26.34","2021-06-14 12:30:00"
"910069",18,"14.82","2021-07-24 22:30:00"
"910169",18,"14.51","2021-07-24 22:45:00"
"910273",18,"14.24","2021-07-24 23:00:00"
"910242",18,"26.79","2021-06-14 12:45:00"
"910435",18,"27.12","2021-06-14 13:00:00"
"910360",18,"13.99","2021-07-24 23:15:00"
"910421",18,"13.73","2021-07-24 23:30:00"
"912193",18,"24.98","2021-06-14 16:00:00"
"912377",18,"24.65","2021-06-14 16:15:00"
"912273",18,"26.58","2021-01-10 00:30:00"
"912344",18,"26.37","2021-01-10 00:45:00"
"912424",18,"26.21","2021-01-10 01:00:00"
"912499",18,"26.02","2021-01-10 01:15:00"
"914808",18,"25.83","2021-01-10 01:30:00"
"912542",18,"24.07","2021-06-14 16:30:00"
"912596",18,"23.44","2021-06-14 16:45:00"
"912650",18,"22.69","2021-06-14 17:00:00"
"913836",18,"15.55","2021-06-14 19:45:00"
"913976",18,"15.35","2021-06-14 20:00:00"
"914093",18,"15.2","2021-06-14 20:15:00"
"913944",18,"11.11","2021-07-25 04:15:00"
"914037",18,"11","2021-07-25 04:30:00"
"914138",18,"11.01","2021-07-25 04:45:00"
"914217",18,"15.08","2021-06-14 20:30:00"
"914312",18,"14.85","2021-06-14 20:45:00"
"914236",18,"10.92","2021-07-25 05:00:00"
"914365",18,"10.73","2021-07-25 05:15:00"
"915402",18,"23.84","2021-01-10 04:15:00"
"915456",18,"23.66","2021-01-10 04:30:00"
"915510",18,"23.5","2021-01-10 04:45:00"
"915564",18,"23.35","2021-01-10 05:00:00"
"915618",18,"23.22","2021-01-10 05:15:00"
"915672",18,"23.17","2021-01-10 05:30:00"
"915726",18,"23.36","2021-01-10 05:45:00"
"915780",18,"23.54","2021-01-10 06:00:00"
"915872",18,"10.26","2021-07-25 06:15:00"
"915926",18,"10.14","2021-07-25 06:30:00"
"917216",18,"12.58","2021-06-15 00:15:00"
"917270",18,"12.47","2021-06-15 00:30:00"
"917324",18,"12.35","2021-06-15 00:45:00"
"917378",18,"12.2","2021-06-15 01:00:00"
"917432",18,"12.09","2021-06-15 01:15:00"
"917486",18,"11.99","2021-06-15 01:30:00"
"917540",18,"11.89","2021-06-15 01:45:00"
"917594",18,"11.75","2021-06-15 02:00:00"
"917648",18,"11.65","2021-06-15 02:15:00"
"917777",18,"11.43","2021-06-15 02:30:00"
"919222",18,"30.19","2021-07-25 12:30:00"
"919276",18,"30.69","2021-07-25 12:45:00"
"919330",18,"31.12","2021-07-25 13:00:00"
"919384",18,"31.6","2021-07-25 13:15:00"
"919438",18,"31.92","2021-07-25 13:30:00"
"919492",18,"31.86","2021-07-25 13:45:00"
"919546",18,"30.77","2021-07-25 14:00:00"
"919600",18,"30.28","2021-07-25 14:15:00"
"919654",18,"30.29","2021-07-25 14:30:00"
"919708",18,"28.92","2021-07-25 14:45:00"
"919762",18,"27.63","2021-07-25 15:00:00"
"920914",18,"41.84","2021-01-10 11:15:00"
"920968",18,"42.97","2021-01-10 11:30:00"
"921022",18,"44.29","2021-01-10 11:45:00"
"921076",18,"45.05","2021-01-10 12:00:00"
"921130",18,"45.06","2021-01-10 12:15:00"
"921184",18,"46.02","2021-01-10 12:30:00"
"921238",18,"47.41","2021-01-10 12:45:00"
"921292",18,"48.39","2021-01-10 13:00:00"
"921346",18,"49.1","2021-01-10 13:15:00"
"921400",18,"47.92","2021-01-10 13:30:00"
"922626",18,"20.5","2021-07-25 19:00:00"
"922680",18,"20.03","2021-07-25 19:15:00"
"922734",18,"19.61","2021-07-25 19:30:00"
"924788",18,"19.18","2021-07-25 19:45:00"
"924842",18,"18.81","2021-07-25 20:00:00"
"922890",18,"9.98","2021-06-15 08:00:00"
"922944",18,"10.88","2021-06-15 08:15:00"
"922998",18,"12.31","2021-06-15 08:30:00"
"923052",18,"13.69","2021-06-15 08:45:00"
"923106",18,"14.69","2021-06-15 09:00:00"
"924318",18,"42.29","2021-01-10 17:45:00"
"924372",18,"41.11","2021-01-10 18:00:00"
"924426",18,"40","2021-01-10 18:15:00"
"924480",18,"39.01","2021-01-10 18:30:00"
"924534",18,"38.07","2021-01-10 18:45:00"
"924588",18,"37.22","2021-01-10 19:00:00"
"924642",18,"36.42","2021-01-10 19:15:00"
"924696",18,"35.64","2021-01-10 19:30:00"
"924750",18,"34.94","2021-01-10 19:45:00"
"926804",18,"34.36","2021-01-10 20:00:00"
"925970",18,"28.4","2021-06-15 13:00:00"
"926024",18,"28.61","2021-06-15 13:15:00"
"926078",18,"28.77","2021-06-15 13:30:00"
"926132",18,"28.23","2021-06-15 13:45:00"
"926186",18,"27.64","2021-06-15 14:00:00"
"926240",18,"27.4","2021-06-15 14:15:00"
"926294",18,"27.2","2021-06-15 14:30:00"
"926348",18,"26.15","2021-06-15 14:45:00"
"926402",18,"25.54","2021-06-15 15:00:00"
"926456",18,"25.85","2021-06-15 15:15:00"
"927560",18,"29.21","2021-01-10 23:30:00"
"927614",18,"28.91","2021-01-10 23:45:00"
"927668",18,"28.64","2021-01-11 00:00:00"
"927722",18,"28.37","2021-01-11 00:15:00"
"927776",18,"28.12","2021-01-11 00:30:00"
"927868",18,"14.16","2021-07-26 00:45:00"
"927922",18,"13.94","2021-07-26 01:00:00"
"927976",18,"13.75","2021-07-26 01:15:00"
"928030",18,"13.56","2021-07-26 01:30:00"
"928084",18,"13.47","2021-07-26 01:45:00"
"929374",18,"16.61","2021-06-15 19:30:00"
"929428",18,"16.23","2021-06-15 19:45:00"
"929482",18,"15.89","2021-06-15 20:00:00"
"929536",18,"15.51","2021-06-15 20:15:00"
"929590",18,"15.19","2021-06-15 20:30:00"
"929644",18,"15","2021-06-15 20:45:00"
"929698",18,"14.86","2021-06-15 21:00:00"
"929800",18,"27.89","2021-01-11 00:45:00"
"929881",18,"27.76","2021-01-11 01:00:00"
"931380",18,"11.9","2021-07-26 07:45:00"
"931435",18,"12.33","2021-07-26 08:00:00"
"931589",18,"13.09","2021-07-26 08:15:00"
"931633",18,"14.25","2021-06-15 22:00:00"
"931717",18,"14.08","2021-06-15 22:15:00"
"931755",18,"14.35","2021-07-26 08:30:00"
"931918",18,"15.67","2021-07-26 08:45:00"
"931801",18,"13.89","2021-06-15 22:30:00"
"931880",18,"13.74","2021-06-15 22:45:00"
"931958",18,"13.6","2021-06-15 23:00:00"
"933036",18,"25.11","2021-01-11 07:00:00"
"933143",18,"25.33","2021-01-11 07:15:00"
"933243",18,"25.55","2021-01-11 07:30:00"
"933220",18,"11.84","2021-06-16 01:45:00"
"933330",18,"11.61","2021-06-16 02:00:00"
"933977",18,"11.39","2021-06-16 02:15:00"
"933342",18,"25.78","2021-01-11 07:45:00"
"933396",18,"26.17","2021-01-11 08:00:00"
"933450",18,"27","2021-01-11 08:15:00"
"933504",18,"28.16","2021-01-11 08:30:00"
"933558",18,"29.23","2021-01-11 08:45:00"
"895398",18,"40.38","2021-05-05 12:45:00"
"895452",18,"40.61","2021-05-05 13:00:00"
"895506",18,"40.48","2021-05-05 13:15:00"
"896202",18,"10.93","2021-07-24 04:00:00"
"896256",18,"10.72","2021-07-24 04:15:00"
"896310",18,"10.57","2021-07-24 04:30:00"
"896364",18,"10.42","2021-07-24 04:45:00"
"896418",18,"10.32","2021-07-24 05:00:00"
"896472",18,"10.36","2021-07-24 05:15:00"
"896526",18,"10.44","2021-07-24 05:30:00"
"896580",18,"10.31","2021-07-24 05:45:00"
"896634",18,"10.13","2021-07-24 06:00:00"
"896688",18,"10.02","2021-07-24 06:15:00"
"897199",18,"36.98","2021-05-05 15:30:00"
"897282",18,"36.89","2021-05-05 15:45:00"
"897392",18,"36.91","2021-05-05 16:00:00"
"897497",18,"36.47","2021-05-05 16:15:00"
"897580",18,"35.62","2021-05-05 16:30:00"
"897473",18,"14.71","2021-06-13 20:00:00"
"897622",18,"14.42","2021-06-13 20:15:00"
"897753",18,"14.18","2021-06-13 20:30:00"
"897671",18,"34.75","2021-05-05 16:45:00"
"897761",18,"33.55","2021-05-05 17:00:00"
"897845",18,"32.45","2021-05-05 17:15:00"
"898387",18,"25.39","2021-05-05 18:45:00"
"898501",18,"24.71","2021-05-05 19:00:00"
"898592",18,"24.44","2021-01-09 02:45:00"
"898693",18,"24.33","2021-01-09 03:00:00"
"898734",18,"13.21","2021-06-13 22:00:00"
"898840",18,"13.02","2021-06-13 22:15:00"
"898947",18,"12.84","2021-06-13 22:30:00"
"898804",18,"24.22","2021-01-09 03:15:00"
"898912",18,"24.08","2021-01-09 03:30:00"
"899016",18,"23.92","2021-01-09 03:45:00"
"899596",18,"23.2","2021-01-09 06:00:00"
"899650",18,"23.14","2021-01-09 06:15:00"
"899704",18,"23.19","2021-01-09 06:30:00"
"899758",18,"23.48","2021-01-09 06:45:00"
"902270",18,"23.9","2021-01-09 07:00:00"
"899904",18,"10.04","2021-07-24 07:15:00"
"899958",18,"10.14","2021-07-24 07:30:00"
"900012",18,"10.33","2021-07-24 07:45:00"
"900066",18,"10.72","2021-07-24 08:00:00"
"900120",18,"11.5","2021-07-24 08:15:00"
"900714",18,"25.44","2021-07-24 11:00:00"
"900768",18,"26.33","2021-07-24 11:15:00"
"903822",18,"27.23","2021-07-24 11:30:00"
"900802",18,"24.24","2021-05-05 19:15:00"
"900856",18,"23.78","2021-05-05 19:30:00"
"900910",18,"23.33","2021-05-05 19:45:00"
"900964",18,"22.93","2021-05-05 20:00:00"
"901018",18,"22.51","2021-05-05 20:15:00"
"901072",18,"22.19","2021-05-05 20:30:00"
"901126",18,"21.94","2021-05-05 20:45:00"
"901180",18,"21.68","2021-05-05 21:00:00"
"901774",18,"19.39","2021-05-05 23:45:00"
"901816",18,"12.43","2021-06-13 23:15:00"
"901870",18,"12.37","2021-06-13 23:30:00"
"901924",18,"12.3","2021-06-13 23:45:00"
"901978",18,"12.21","2021-06-14 00:00:00"
"902032",18,"12.07","2021-06-14 00:15:00"
"902086",18,"11.94","2021-06-14 00:30:00"
"902140",18,"11.8","2021-06-14 00:45:00"
"902194",18,"11.69","2021-06-14 01:00:00"
"902824",18,"10.98","2021-06-14 02:30:00"
"902924",18,"10.9","2021-06-14 02:45:00"
"903021",18,"10.85","2021-06-14 03:00:00"
"902931",18,"27.07","2021-01-09 08:30:00"
"903043",18,"27.39","2021-01-09 08:45:00"
"903134",18,"10.75","2021-06-14 03:15:00"
"903239",18,"10.6","2021-06-14 03:30:00"
"903154",18,"27.98","2021-01-09 09:00:00"
"903264",18,"28.7","2021-01-09 09:15:00"
"903352",18,"29.65","2021-01-09 09:30:00"
"903876",18,"28.17","2021-07-24 11:45:00"
"903930",18,"29.12","2021-07-24 12:00:00"
"903984",18,"29.99","2021-07-24 12:15:00"
"904038",18,"30.58","2021-07-24 12:30:00"
"904092",18,"31.07","2021-07-24 12:45:00"
"904146",18,"31.44","2021-07-24 13:00:00"
"904200",18,"31.69","2021-07-24 13:15:00"
"904254",18,"31.87","2021-07-24 13:30:00"
"904308",18,"31.79","2021-07-24 13:45:00"
"904362",18,"30.74","2021-07-24 14:00:00"
"905058",18,"9.99","2021-06-14 05:00:00"
"905112",18,"9.83","2021-06-14 05:15:00"
"905166",18,"9.69","2021-06-14 05:30:00"
"905220",18,"9.62","2021-06-14 05:45:00"
"905274",18,"9.6","2021-06-14 06:00:00"
"905328",18,"9.58","2021-06-14 06:15:00"
"905382",18,"9.47","2021-06-14 06:30:00"
"905436",18,"9.17","2021-06-14 06:45:00"
"905490",18,"8.92","2021-06-14 07:00:00"
"905553",18,"8.72","2021-06-14 07:15:00"
"906108",18,"35.64","2021-01-09 13:00:00"
"906162",18,"38.61","2021-01-09 13:15:00"
"906217",18,"39.25","2021-01-09 13:30:00"
"906320",18,"40.41","2021-01-09 13:45:00"
"906422",18,"43.09","2021-01-09 14:00:00"
"906354",18,"28.81","2021-07-24 16:15:00"
"906473",18,"28.34","2021-07-24 16:30:00"
"906517",18,"44.1","2021-01-09 14:15:00"
"906608",18,"43.27","2021-01-09 14:30:00"
"907198",18,"22.86","2021-07-24 18:00:00"
"907280",18,"21.87","2021-07-24 18:15:00"
"907334",18,"21.09","2021-07-24 18:30:00"
"907206",18,"43.04","2021-01-09 16:00:00"
"907810",18,"42.47","2021-01-09 16:15:00"
"907864",18,"40.45","2021-01-09 16:30:00"
"907388",18,"20.49","2021-07-24 18:45:00"
"907442",18,"19.98","2021-07-24 19:00:00"
"907496",18,"19.49","2021-07-24 19:15:00"
"907550",18,"19.09","2021-07-24 19:30:00"
"907604",18,"18.67","2021-07-24 19:45:00"
"908368",18,"13.26","2021-06-14 09:00:00"
"908519",18,"14.39","2021-06-14 09:15:00"
"908311",18,"36.62","2021-01-09 18:00:00"
"908391",18,"35.67","2021-01-09 18:15:00"
"908472",18,"34.74","2021-01-09 18:30:00"
"908562",18,"33.89","2021-01-09 18:45:00"
"908635",18,"33.09","2021-01-09 19:00:00"
"908688",18,"15.35","2021-06-14 09:30:00"
"908828",18,"16.36","2021-06-14 09:45:00"
"908982",18,"17.42","2021-06-14 10:00:00"
"909341",18,"20.55","2021-06-14 10:45:00"
"909440",18,"21.42","2021-06-14 11:00:00"
"909546",18,"22.53","2021-06-14 11:15:00"
"909565",18,"16.27","2021-07-24 21:15:00"
"909663",18,"15.99","2021-07-24 21:30:00"
"909757",18,"15.7","2021-07-24 21:45:00"
"909664",18,"23.48","2021-06-14 11:30:00"
"909783",18,"24.27","2021-06-14 11:45:00"
"909848",18,"15.33","2021-07-24 22:00:00"
"909947",18,"15.01","2021-07-24 22:15:00"
"911047",18,"13.13","2021-07-25 00:30:00"
"911174",18,"13.01","2021-07-25 00:45:00"
"911389",18,"24.3","2021-06-14 14:45:00"
"911543",18,"23.48","2021-06-14 15:00:00"
"911329",18,"28.7","2021-01-09 21:45:00"
"911458",18,"28.55","2021-01-09 22:00:00"
"911544",18,"28.42","2021-01-09 22:15:00"
"911327",18,"12.75","2021-07-25 01:00:00"
"912792",18,"12.45","2021-07-25 01:15:00"
"912846",18,"12.25","2021-07-25 01:30:00"
"912704",18,"21.86","2021-06-14 17:15:00"
"912758",18,"20.94","2021-06-14 17:30:00"
"912908",18,"12.2","2021-07-25 01:45:00"
"913008",18,"12.03","2021-07-25 02:00:00"
"913121",18,"11.85","2021-07-25 02:15:00"
"912962",18,"19.96","2021-06-14 17:45:00"
"913067",18,"19.05","2021-06-14 18:00:00"
"913166",18,"18.22","2021-06-14 18:15:00"
"913231",18,"11.76","2021-07-25 02:30:00"
"913337",18,"11.79","2021-07-25 02:45:00"
"914405",18,"14.62","2021-06-14 21:00:00"
"914518",18,"14.44","2021-06-14 21:15:00"
"914622",18,"14.14","2021-06-14 21:30:00"
"914477",18,"10.6","2021-07-25 05:30:00"
"914583",18,"10.45","2021-07-25 05:45:00"
"915818",18,"10.34","2021-07-25 06:00:00"
"914676",18,"13.89","2021-06-14 21:45:00"
"914730",18,"13.67","2021-06-14 22:00:00"
"916784",18,"13.49","2021-06-14 22:15:00"
"916838",18,"13.32","2021-06-14 22:30:00"
"916892",18,"13.19","2021-06-14 22:45:00"
"915980",18,"10.05","2021-07-25 06:45:00"
"916034",18,"9.99","2021-07-25 07:00:00"
"916088",18,"9.95","2021-07-25 07:15:00"
"916142",18,"10.04","2021-07-25 07:30:00"
"916196",18,"10.33","2021-07-25 07:45:00"
"916250",18,"10.79","2021-07-25 08:00:00"
"916304",18,"11.62","2021-07-25 08:15:00"
"916358",18,"13","2021-07-25 08:30:00"
"916412",18,"14.4","2021-07-25 08:45:00"
"916466",18,"15.82","2021-07-25 09:00:00"
"916520",18,"17","2021-07-25 09:15:00"
"917744",18,"23.55","2021-01-10 06:15:00"
"917832",18,"23.57","2021-01-10 06:30:00"
"917934",18,"11.31","2021-06-15 02:45:00"
"919810",18,"11.27","2021-06-15 03:00:00"
"919864",18,"11.17","2021-06-15 03:15:00"
"917911",18,"23.72","2021-01-10 06:45:00"
"917993",18,"23.89","2021-01-10 07:00:00"
"918050",18,"24.04","2021-01-10 07:15:00"
"918104",18,"24.26","2021-01-10 07:30:00"
"918158",18,"24.53","2021-01-10 07:45:00"
"920749",18,"39.13","2021-01-10 10:45:00"
"920856",18,"40.48","2021-01-10 11:00:00"
"918844",18,"24.46","2021-07-25 10:45:00"
"918898",18,"25.57","2021-07-25 11:00:00"
"918952",18,"26.63","2021-07-25 11:15:00"
"919006",18,"27.45","2021-07-25 11:30:00"
"919060",18,"28.34","2021-07-25 11:45:00"
"919114",18,"29.19","2021-07-25 12:00:00"
"919168",18,"29.7","2021-07-25 12:15:00"
"920296",18,"10.04","2021-06-15 05:15:00"
"920350",18,"9.96","2021-06-15 05:30:00"
"920404",18,"9.94","2021-06-15 05:45:00"
"920458",18,"9.94","2021-06-15 06:00:00"
"920512",18,"9.78","2021-06-15 06:15:00"
"920566",18,"9.62","2021-06-15 06:30:00"
"920620",18,"9.56","2021-06-15 06:45:00"
"920674",18,"9.4","2021-06-15 07:00:00"
"920758",18,"9.29","2021-06-15 07:15:00"
"922782",18,"9.33","2021-06-15 07:30:00"
"922836",18,"9.52","2021-06-15 07:45:00"
"922086",18,"28.88","2021-07-25 16:30:00"
"922140",18,"28.31","2021-07-25 16:45:00"
"922194",18,"27.53","2021-07-25 17:00:00"
"922248",18,"26.69","2021-07-25 17:15:00"
"922302",18,"25.61","2021-07-25 17:30:00"
"922356",18,"24.56","2021-07-25 17:45:00"
"922410",18,"23.51","2021-07-25 18:00:00"
"922464",18,"22.52","2021-07-25 18:15:00"
"922518",18,"21.68","2021-07-25 18:30:00"
"922572",18,"21.03","2021-07-25 18:45:00"
"923700",18,"26","2021-06-15 11:45:00"
"923754",18,"26.92","2021-06-15 12:00:00"
"923886",18,"49.71","2021-01-10 15:45:00"
"923940",18,"49.92","2021-01-10 16:00:00"
"923994",18,"49.97","2021-01-10 16:15:00"
"924048",18,"48.17","2021-01-10 16:30:00"
"924102",18,"46.81","2021-01-10 16:45:00"
"924156",18,"46.74","2021-01-10 17:00:00"
"924210",18,"45.75","2021-01-10 17:15:00"
"924264",18,"43.72","2021-01-10 17:30:00"
"925436",18,"15.55","2021-07-25 22:45:00"
"925490",18,"15.33","2021-07-25 23:00:00"
"925544",18,"15.2","2021-07-25 23:15:00"
"925598",18,"14.97","2021-07-25 23:30:00"
"925652",18,"14.74","2021-07-25 23:45:00"
"925706",18,"14.54","2021-07-26 00:00:00"
"925760",18,"14.44","2021-07-26 00:15:00"
"927814",18,"14.35","2021-07-26 00:30:00"
"925808",18,"27.45","2021-06-15 12:15:00"
"925862",18,"27.95","2021-06-15 12:30:00"
"925916",18,"28.23","2021-06-15 12:45:00"
"926966",18,"32.74","2021-01-10 20:45:00"
"927020",18,"32.3","2021-01-10 21:00:00"
"927074",18,"31.93","2021-01-10 21:15:00"
"927128",18,"31.71","2021-01-10 21:30:00"
"927182",18,"31.33","2021-01-10 21:45:00"
"927236",18,"31.02","2021-01-10 22:00:00"
"927290",18,"30.65","2021-01-10 22:15:00"
"927344",18,"30.27","2021-01-10 22:30:00"
"927398",18,"29.94","2021-01-10 22:45:00"
"927452",18,"29.71","2021-01-10 23:00:00"
"927506",18,"29.51","2021-01-10 23:15:00"
"928678",18,"12.3","2021-07-26 04:30:00"
"928732",18,"12.18","2021-07-26 04:45:00"
"930786",18,"12.13","2021-07-26 05:00:00"
"928942",18,"22.01","2021-06-15 17:30:00"
"928996",18,"20.92","2021-06-15 17:45:00"
"929050",18,"20.06","2021-06-15 18:00:00"
"929104",18,"19.26","2021-06-15 18:15:00"
"929158",18,"18.52","2021-06-15 18:30:00"
"929212",18,"17.93","2021-06-15 18:45:00"
"929266",18,"17.44","2021-06-15 19:00:00"
"929320",18,"16.99","2021-06-15 19:15:00"
"930370",18,"26.14","2021-01-11 03:15:00"
"930424",18,"25.97","2021-01-11 03:30:00"
"930478",18,"25.81","2021-01-11 03:45:00"
"930532",18,"25.68","2021-01-11 04:00:00"
"930586",18,"25.55","2021-01-11 04:15:00"
"930640",18,"25.42","2021-01-11 04:30:00"
"930694",18,"25.3","2021-01-11 04:45:00"
"930748",18,"25.18","2021-01-11 05:00:00"
"932210",18,"25.05","2021-01-11 05:15:00"
"932365",18,"24.92","2021-01-11 05:30:00"
"932030",18,"13.46","2021-06-15 23:15:00"
"932114",18,"13.28","2021-06-15 23:30:00"
"932093",18,"17.01","2021-07-26 09:00:00"
"932294",18,"18.29","2021-07-26 09:15:00"
"932466",18,"19.56","2021-07-26 09:30:00"
"932228",18,"13.12","2021-06-15 23:45:00"
"932358",18,"12.93","2021-06-16 00:00:00"
"932534",18,"12.76","2021-06-16 00:15:00"
"932525",18,"24.8","2021-01-11 05:45:00"
"932612",18,"24.69","2021-01-11 06:00:00"
"932708",18,"24.62","2021-01-11 06:15:00"
"934103",18,"23.47","2021-07-26 10:15:00"
"934262",18,"24.62","2021-07-26 10:30:00"
"934440",18,"25.96","2021-07-26 10:45:00"
"934415",18,"10.87","2021-06-16 03:00:00"
"934568",18,"10.79","2021-06-16 03:15:00"
"934715",18,"10.64","2021-06-16 03:30:00"
"934599",18,"27.08","2021-07-26 11:00:00"
"934764",18,"28.28","2021-07-26 11:15:00"
"934681",18,"38.76","2021-01-11 11:00:00"
"934846",18,"40.6","2021-01-11 11:15:00"
"935833",18,"46.38","2021-01-11 12:45:00"
"935965",18,"47.76","2021-01-11 13:00:00"
"936100",18,"48.94","2021-01-11 13:15:00"
"933774",18,"34.55","2021-01-11 09:45:00"
"933981",18,"35.97","2021-01-11 10:00:00"
"934128",18,"11.2","2021-06-16 02:30:00"
"934263",18,"11.03","2021-06-16 02:45:00"
"934154",18,"37.11","2021-01-11 10:15:00"
"934346",18,"37.38","2021-01-11 10:30:00"
"934502",18,"37.67","2021-01-11 10:45:00"
"944234",18,"19.29","2021-06-16 18:00:00"
"944288",18,"18.62","2021-06-16 18:15:00"
"944342",18,"18.03","2021-06-16 18:30:00"
"944396",18,"17.55","2021-06-16 18:45:00"
"944450",18,"17.08","2021-06-16 19:00:00"
"944504",18,"16.65","2021-06-16 19:15:00"
"944636",18,"16.24","2021-06-16 19:30:00"
"944665",18,"26.28","2021-01-12 04:45:00"
"944746",18,"26.16","2021-01-12 05:00:00"
"944827",18,"26.01","2021-01-12 05:15:00"
"945859",18,"15.62","2021-07-27 01:00:00"
"945967",18,"15.49","2021-07-27 01:15:00"
"945948",18,"27.59","2021-01-12 08:00:00"
"946049",18,"28.23","2021-01-12 08:15:00"
"946099",18,"15.34","2021-07-27 01:30:00"
"946203",18,"15.21","2021-07-27 01:45:00"
"946322",18,"15.18","2021-07-27 02:00:00"
"946144",18,"29.26","2021-01-12 08:30:00"
"946246",18,"30.64","2021-01-12 08:45:00"
"946796",18,"32.09","2021-01-12 09:00:00"
"947444",18,"14.43","2021-07-27 04:45:00"
"947528",18,"14.18","2021-07-27 05:00:00"
"947613",18,"14.12","2021-07-27 05:15:00"
"947661",18,"42.21","2021-01-12 11:45:00"
"947770",18,"41.28","2021-01-12 12:00:00"
"947877",18,"41.01","2021-01-12 12:15:00"
"947719",18,"14.25","2021-07-27 05:30:00"
"947816",18,"14.07","2021-07-27 05:45:00"
"947930",18,"13.88","2021-07-27 06:00:00"
"947985",18,"40.21","2021-01-12 12:30:00"
"949156",18,"18.63","2021-07-27 09:00:00"
"949272",18,"20.06","2021-07-27 09:15:00"
"949233",18,"39.5","2021-01-12 15:15:00"
"949339",18,"38.89","2021-01-12 15:30:00"
"949438",18,"37.72","2021-01-12 15:45:00"
"949391",18,"20.55","2021-07-27 09:30:00"
"949486",18,"21.83","2021-07-27 09:45:00"
"949597",18,"23.27","2021-07-27 10:00:00"
"949558",18,"36.93","2021-01-12 16:00:00"
"949660",18,"36.43","2021-01-12 16:15:00"
"950919",18,"24.24","2021-07-27 13:30:00"
"951028",18,"25.24","2021-07-27 13:45:00"
"950848",18,"33.47","2021-01-12 18:30:00"
"950936",18,"32.96","2021-01-12 18:45:00"
"951049",18,"32.41","2021-01-12 19:00:00"
"951155",18,"31.93","2021-01-12 19:15:00"
"951266",18,"31.46","2021-01-12 19:30:00"
"951134",18,"26","2021-07-27 14:00:00"
"951238",18,"25.56","2021-07-27 14:15:00"
"951333",18,"25.22","2021-07-27 14:30:00"
"952340",18,"28.61","2021-01-12 22:00:00"
"952605",18,"28.42","2021-01-12 22:15:00"
"952695",18,"28.24","2021-01-12 22:30:00"
"952505",18,"20.04","2021-07-27 17:30:00"
"952598",18,"19.78","2021-07-27 17:45:00"
"952719",18,"19.51","2021-07-27 18:00:00"
"952766",18,"28.04","2021-01-12 22:45:00"
"953136",18,"27.81","2021-01-12 23:00:00"
"952832",18,"19.13","2021-07-27 18:15:00"
"952886",18,"18.68","2021-07-27 18:30:00"
"954110",18,"26.66","2021-01-13 01:15:00"
"954212",18,"26.72","2021-01-13 01:30:00"
"954230",18,"15.09","2021-07-27 22:00:00"
"954321",18,"14.59","2021-07-27 22:15:00"
"954345",18,"26.71","2021-01-13 01:45:00"
"954446",18,"26.6","2021-01-13 02:00:00"
"954522",18,"26.56","2021-01-13 02:15:00"
"954428",18,"14.14","2021-07-27 22:30:00"
"954804",18,"13.81","2021-07-27 22:45:00"
"954858",18,"13.58","2021-07-27 23:00:00"
"955747",18,"25.33","2021-01-13 05:00:00"
"955846",18,"25.19","2021-01-13 05:15:00"
"955969",18,"25.05","2021-01-13 05:30:00"
"955838",18,"12.02","2021-07-28 01:45:00"
"955930",18,"11.88","2021-07-28 02:00:00"
"956026",18,"11.54","2021-07-28 02:15:00"
"956074",18,"24.91","2021-01-13 05:45:00"
"956169",18,"24.86","2021-01-13 06:00:00"
"956162",18,"11.19","2021-07-28 02:30:00"
"956284",18,"10.96","2021-07-28 02:45:00"
"957424",18,"10.03","2021-07-28 06:15:00"
"957478",18,"10.04","2021-07-28 06:30:00"
"957532",18,"9.96","2021-07-28 06:45:00"
"957586",18,"9.7","2021-07-28 07:00:00"
"957640",18,"9.57","2021-07-28 07:15:00"
"957694",18,"9.66","2021-07-28 07:30:00"
"957748",18,"9.65","2021-07-28 07:45:00"
"958802",18,"9.87","2021-07-28 08:00:00"
"957818",18,"27.7","2021-01-13 08:15:00"
"957872",18,"28.5","2021-01-13 08:30:00"
"957926",18,"29.23","2021-01-13 08:45:00"
"958964",18,"10.68","2021-07-28 08:45:00"
"959018",18,"10.95","2021-07-28 09:00:00"
"959072",18,"11.32","2021-07-28 09:15:00"
"959126",18,"11.5","2021-07-28 09:30:00"
"959180",18,"11.53","2021-07-28 09:45:00"
"959234",18,"11.72","2021-07-28 10:00:00"
"959288",18,"13.59","2021-07-28 10:15:00"
"959342",18,"13.69","2021-07-28 10:30:00"
"959396",18,"13.75","2021-07-28 10:45:00"
"959450",18,"14.97","2021-07-28 11:00:00"
"959504",18,"15.45","2021-07-28 11:15:00"
"960762",18,"42.44","2021-01-13 17:15:00"
"960816",18,"41.63","2021-01-13 17:30:00"
"960870",18,"40.88","2021-01-13 17:45:00"
"960924",18,"39.58","2021-01-13 18:00:00"
"960978",18,"38.42","2021-01-13 18:15:00"
"961032",18,"37.4","2021-01-13 18:30:00"
"961086",18,"36.58","2021-01-13 18:45:00"
"961140",18,"35.84","2021-01-13 19:00:00"
"961194",18,"35.11","2021-01-13 19:15:00"
"961248",18,"34.4","2021-01-13 19:30:00"
"961842",18,"27.43","2021-01-13 22:15:00"
"961896",18,"27.23","2021-01-13 22:30:00"
"961950",18,"27.03","2021-01-13 22:45:00"
"962004",18,"26.9","2021-01-13 23:00:00"
"962058",18,"26.67","2021-01-13 23:15:00"
"962112",18,"26.35","2021-01-13 23:30:00"
"962166",18,"26.11","2021-01-13 23:45:00"
"962220",18,"25.88","2021-01-14 00:00:00"
"962274",18,"25.69","2021-01-14 00:15:00"
"962328",18,"25.59","2021-01-14 00:30:00"
"963516",18,"23.46","2021-01-14 06:00:00"
"963570",18,"23.31","2021-01-14 06:15:00"
"963624",18,"23.27","2021-01-14 06:30:00"
"963678",18,"23.33","2021-01-14 06:45:00"
"963732",18,"23.38","2021-01-14 07:00:00"
"963786",18,"23.59","2021-01-14 07:15:00"
"963840",18,"23.95","2021-01-14 07:30:00"
"963894",18,"24.15","2021-01-14 07:45:00"
"963948",18,"24.55","2021-01-14 08:00:00"
"964002",18,"25.36","2021-01-14 08:15:00"
"965190",18,"32.18","2021-01-14 13:45:00"
"965244",18,"31.22","2021-01-14 14:00:00"
"965298",18,"31.53","2021-01-14 14:15:00"
"965352",18,"32.49","2021-01-14 14:30:00"
"965406",18,"31.6","2021-01-14 14:45:00"
"965460",18,"30.67","2021-01-14 15:00:00"
"965514",18,"30.17","2021-01-14 15:15:00"
"965568",18,"30.87","2021-01-14 15:30:00"
"965622",18,"33.37","2021-01-14 15:45:00"
"965676",18,"34.9","2021-01-14 16:00:00"
"966270",18,"30.08","2021-01-14 18:45:00"
"966324",18,"29.42","2021-01-14 19:00:00"
"966378",18,"28.83","2021-01-14 19:15:00"
"966432",18,"28.35","2021-01-14 19:30:00"
"966486",18,"27.87","2021-01-14 19:45:00"
"966540",18,"27.52","2021-01-14 20:00:00"
"966594",18,"27.2","2021-01-14 20:15:00"
"966648",18,"26.85","2021-01-14 20:30:00"
"966702",18,"26.06","2021-01-14 20:45:00"
"966756",18,"25.83","2021-01-14 21:00:00"
"967944",18,"23.33","2021-01-15 02:30:00"
"967998",18,"23.28","2021-01-15 02:45:00"
"968052",18,"23.25","2021-01-15 03:00:00"
"968106",18,"23.2","2021-01-15 03:15:00"
"968160",18,"23.13","2021-01-15 03:30:00"
"968214",18,"23.07","2021-01-15 03:45:00"
"968268",18,"23","2021-01-15 04:00:00"
"968322",18,"22.84","2021-01-15 04:15:00"
"968376",18,"22.81","2021-01-15 04:30:00"
"968430",18,"22.84","2021-01-15 04:45:00"
"969564",18,"28.41","2021-01-15 10:00:00"
"969618",18,"28.32","2021-01-15 10:15:00"
"969672",18,"28.24","2021-01-15 10:30:00"
"969726",18,"28.21","2021-01-15 10:45:00"
"969780",18,"28.44","2021-01-15 11:00:00"
"969834",18,"29.5","2021-01-15 11:15:00"
"969888",18,"30.27","2021-01-15 11:30:00"
"969942",18,"30.36","2021-01-15 11:45:00"
"969996",18,"31.51","2021-01-15 12:00:00"
"970050",18,"33.42","2021-01-15 12:15:00"
"970104",18,"35.63","2021-01-15 12:30:00"
"971238",18,"31.16","2021-01-15 17:45:00"
"971292",18,"30.3","2021-01-15 18:00:00"
"971346",18,"29.37","2021-01-15 18:15:00"
"971400",18,"28.7","2021-01-15 18:30:00"
"971454",18,"28.21","2021-01-15 18:45:00"
"971508",18,"27.81","2021-01-15 19:00:00"
"971562",18,"27.42","2021-01-15 19:15:00"
"971616",18,"26.98","2021-01-15 19:30:00"
"971670",18,"26.56","2021-01-15 19:45:00"
"971724",18,"26.23","2021-01-15 20:00:00"
"972912",18,"23.82","2021-01-16 01:30:00"
"972966",18,"23.79","2021-01-16 01:45:00"
"973020",18,"23.78","2021-01-16 02:00:00"
"973074",18,"23.76","2021-01-16 02:15:00"
"973128",18,"23.69","2021-01-16 02:30:00"
"973182",18,"23.6","2021-01-16 02:45:00"
"973236",18,"23.57","2021-01-16 03:00:00"
"973290",18,"23.55","2021-01-16 03:15:00"
"973344",18,"23.51","2021-01-16 03:30:00"
"973398",18,"23.44","2021-01-16 03:45:00"
"975126",18,"25.29","2021-01-16 11:45:00"
"975180",18,"25.78","2021-01-16 12:00:00"
"975234",18,"25.94","2021-01-16 12:15:00"
"975288",18,"26.39","2021-01-16 12:30:00"
"975342",18,"26.73","2021-01-16 12:45:00"
"975396",18,"26.87","2021-01-16 13:00:00"
"975450",18,"26.95","2021-01-16 13:15:00"
"975504",18,"27.01","2021-01-16 13:30:00"
"975558",18,"27.21","2021-01-16 13:45:00"
"975612",18,"27.78","2021-01-16 14:00:00"
"976206",18,"27.76","2021-01-16 16:45:00"
"976260",18,"27.53","2021-01-16 17:00:00"
"976314",18,"27.18","2021-01-16 17:15:00"
"976368",18,"26.89","2021-01-16 17:30:00"
"934879",18,"10.5","2021-06-16 03:45:00"
"935027",18,"10.41","2021-06-16 04:00:00"
"934940",18,"29.02","2021-07-26 11:30:00"
"935091",18,"29.48","2021-07-26 11:45:00"
"935257",18,"30.25","2021-07-26 12:00:00"
"935009",18,"40.79","2021-01-11 11:30:00"
"935197",18,"41.66","2021-01-11 11:45:00"
"935343",18,"43.51","2021-01-11 12:00:00"
"935170",18,"10.39","2021-06-16 04:15:00"
"935346",18,"10.54","2021-06-16 04:30:00"
"935502",18,"10.68","2021-06-16 04:45:00"
"935417",18,"31.4","2021-07-26 12:15:00"
"935567",18,"32.2","2021-07-26 12:30:00"
"935721",18,"32.65","2021-07-26 12:45:00"
"935512",18,"45.28","2021-01-11 12:15:00"
"935674",18,"46.91","2021-01-11 12:30:00"
"935684",18,"10.64","2021-06-16 05:00:00"
"935864",18,"10.71","2021-06-16 05:15:00"
"935871",18,"33.07","2021-07-26 13:00:00"
"936027",18,"33.38","2021-07-26 13:15:00"
"937317",18,"31.83","2021-07-26 14:15:00"
"937527",18,"31.71","2021-07-26 14:30:00"
"936536",18,"48.35","2021-01-11 14:00:00"
"936668",18,"47.26","2021-01-11 14:15:00"
"936800",18,"49.55","2021-01-11 14:30:00"
"936655",18,"10.44","2021-06-16 06:15:00"
"936750",18,"10.21","2021-06-16 06:30:00"
"937422",18,"9.96","2021-06-16 06:45:00"
"936854",18,"49.21","2021-01-11 14:45:00"
"936908",18,"50.14","2021-01-11 15:00:00"
"936962",18,"51.19","2021-01-11 15:15:00"
"937477",18,"49.12","2021-01-11 17:15:00"
"937579",18,"47.37","2021-01-11 17:30:00"
"937707",18,"45.39","2021-01-11 17:45:00"
"937713",18,"30.18","2021-07-26 14:45:00"
"937829",18,"43.41","2021-01-11 18:00:00"
"937939",18,"41.78","2021-01-11 18:15:00"
"938049",18,"40.51","2021-01-11 18:30:00"
"938163",18,"39.42","2021-01-11 18:45:00"
"937938",18,"28.85","2021-07-26 15:00:00"
"938133",18,"29.47","2021-07-26 15:15:00"
"938317",18,"30.37","2021-07-26 15:30:00"
"938747",18,"30.05","2021-07-26 16:30:00"
"938843",18,"29.51","2021-07-26 16:45:00"
"938951",18,"28.81","2021-07-26 17:00:00"
"938822",18,"14.94","2021-06-16 09:00:00"
"938929",18,"16.07","2021-06-16 09:15:00"
"939040",18,"27.97","2021-07-26 17:15:00"
"939130",18,"26.96","2021-07-26 17:30:00"
"939227",18,"26.01","2021-07-26 17:45:00"
"939068",18,"17.28","2021-06-16 09:30:00"
"939195",18,"18.33","2021-06-16 09:45:00"
"939288",18,"19.16","2021-06-16 10:00:00"
"939826",18,"37.49","2021-01-11 19:15:00"
"939880",18,"36.66","2021-01-11 19:30:00"
"939934",18,"35.93","2021-01-11 19:45:00"
"939988",18,"35.31","2021-01-11 20:00:00"
"940042",18,"34.75","2021-01-11 20:15:00"
"940096",18,"34.23","2021-01-11 20:30:00"
"940150",18,"33.75","2021-01-11 20:45:00"
"940204",18,"33.28","2021-01-11 21:00:00"
"940258",18,"32.84","2021-01-11 21:15:00"
"940312",18,"32.42","2021-01-11 21:30:00"
"940864",18,"21.25","2021-07-26 19:15:00"
"940947",18,"20.88","2021-07-26 19:30:00"
"940979",18,"24.04","2021-06-16 11:30:00"
"941060",18,"25.01","2021-06-16 11:45:00"
"941150",18,"26.01","2021-06-16 12:00:00"
"941100",18,"20.72","2021-07-26 19:45:00"
"941256",18,"20.54","2021-07-26 20:00:00"
"941431",18,"20.12","2021-07-26 20:15:00"
"941229",18,"26.81","2021-06-16 12:15:00"
"941307",18,"27.1","2021-06-16 12:30:00"
"941966",18,"19.07","2021-07-26 21:00:00"
"942127",18,"18.78","2021-07-26 21:15:00"
"942279",18,"18.52","2021-07-26 21:30:00"
"942005",18,"25.2","2021-06-16 14:45:00"
"942089",18,"24.45","2021-06-16 15:00:00"
"942171",18,"25","2021-06-16 15:15:00"
"942255",18,"25.14","2021-06-16 15:30:00"
"942341",18,"25.28","2021-06-16 15:45:00"
"942404",18,"18.25","2021-07-26 21:45:00"
"942458",18,"18.02","2021-07-26 22:00:00"
"943068",18,"28.35","2021-01-12 01:00:00"
"943122",18,"28.17","2021-01-12 01:15:00"
"943176",18,"27.99","2021-01-12 01:30:00"
"943230",18,"27.81","2021-01-12 01:45:00"
"943284",18,"27.64","2021-01-12 02:00:00"
"943338",18,"27.48","2021-01-12 02:15:00"
"943392",18,"27.33","2021-01-12 02:30:00"
"943446",18,"27.22","2021-01-12 02:45:00"
"943500",18,"27.11","2021-01-12 03:00:00"
"943554",18,"27.01","2021-01-12 03:15:00"
"944797",18,"15.89","2021-06-16 19:45:00"
"944952",18,"15.57","2021-06-16 20:00:00"
"945078",18,"15.27","2021-06-16 20:15:00"
"944909",18,"25.87","2021-01-12 05:30:00"
"944992",18,"25.73","2021-01-12 05:45:00"
"945148",18,"25.61","2021-01-12 06:00:00"
"945214",18,"25.59","2021-01-12 06:15:00"
"945332",18,"25.73","2021-01-12 06:30:00"
"945132",18,"15.07","2021-06-16 20:30:00"
"946376",18,"15.17","2021-07-27 02:15:00"
"946430",18,"14.96","2021-07-27 02:30:00"
"946484",18,"14.79","2021-07-27 02:45:00"
"946538",18,"14.72","2021-07-27 03:00:00"
"946592",18,"14.69","2021-07-27 03:15:00"
"946646",18,"14.64","2021-07-27 03:30:00"
"946700",18,"14.85","2021-07-27 03:45:00"
"946754",18,"15.09","2021-07-27 04:00:00"
"947254",18,"14.94","2021-07-27 04:15:00"
"947346",18,"14.68","2021-07-27 04:30:00"
"948033",18,"13.84","2021-07-27 06:15:00"
"948125",18,"13.68","2021-07-27 06:30:00"
"948244",18,"13.55","2021-07-27 06:45:00"
"948114",18,"40.13","2021-01-12 12:45:00"
"948210",18,"39.81","2021-01-12 13:00:00"
"948351",18,"13.58","2021-07-27 07:00:00"
"948456",18,"13.58","2021-07-27 07:15:00"
"948510",18,"13.5","2021-07-27 07:30:00"
"948320",18,"40.92","2021-01-12 13:15:00"
"948430",18,"44.59","2021-01-12 13:30:00"
"948822",18,"46.37","2021-01-12 13:45:00"
"949709",18,"24.51","2021-07-27 10:15:00"
"949818",18,"25.87","2021-07-27 10:30:00"
"949767",18,"36.08","2021-01-12 16:30:00"
"949886",18,"35.72","2021-01-12 16:45:00"
"950022",18,"35.31","2021-01-12 17:00:00"
"949918",18,"26.07","2021-07-27 10:45:00"
"950005",18,"26.95","2021-07-27 11:00:00"
"950090",18,"26.58","2021-07-27 11:15:00"
"950147",18,"35.11","2021-01-12 17:15:00"
"950253",18,"34.96","2021-01-12 17:30:00"
"951394",18,"31","2021-01-12 19:45:00"
"951503",18,"30.57","2021-01-12 20:00:00"
"951615",18,"30.2","2021-01-12 20:15:00"
"951432",18,"25.2","2021-07-27 14:45:00"
"951531",18,"24.65","2021-07-27 15:00:00"
"951638",18,"23.76","2021-07-27 15:15:00"
"951754",18,"22.91","2021-07-27 15:30:00"
"951869",18,"22.61","2021-07-27 15:45:00"
"951718",18,"29.85","2021-01-12 20:30:00"
"951830",18,"29.52","2021-01-12 20:45:00"
"952940",18,"18.08","2021-07-27 18:45:00"
"952994",18,"17.43","2021-07-27 19:00:00"
"953048",18,"17.02","2021-07-27 19:15:00"
"953149",18,"16.78","2021-07-27 19:30:00"
"953236",18,"16.56","2021-07-27 19:45:00"
"953262",18,"27.6","2021-01-12 23:15:00"
"953364",18,"27.42","2021-01-12 23:30:00"
"953493",18,"27.26","2021-01-12 23:45:00"
"953353",18,"16.37","2021-07-27 20:00:00"
"953438",18,"16.22","2021-07-27 20:15:00"
"953551",18,"16.05","2021-07-27 20:30:00"
"954576",18,"26.54","2021-01-13 02:30:00"
"954630",18,"26.45","2021-01-13 02:45:00"
"954684",18,"26.44","2021-01-13 03:00:00"
"954738",18,"26.42","2021-01-13 03:15:00"
"955066",18,"26.25","2021-01-13 03:30:00"
"954912",18,"13.59","2021-07-27 23:15:00"
"954966",18,"13.5","2021-07-27 23:30:00"
"955020",18,"13.37","2021-07-27 23:45:00"
"955106",18,"13.19","2021-07-28 00:00:00"
"955199",18,"12.9","2021-07-28 00:15:00"
"956265",18,"24.82","2021-01-13 06:15:00"
"956361",18,"24.87","2021-01-13 06:30:00"
"956479",18,"25.09","2021-01-13 06:45:00"
"956406",18,"10.73","2021-07-28 03:00:00"
"956500",18,"10.55","2021-07-28 03:15:00"
"956830",18,"10.54","2021-07-28 03:30:00"
"956548",18,"25.43","2021-01-13 07:00:00"
"956602",18,"25.84","2021-01-13 07:15:00"
"956656",18,"26.17","2021-01-13 07:30:00"
"956710",18,"26.55","2021-01-13 07:45:00"
"956764",18,"27.05","2021-01-13 08:00:00"
"957980",18,"29.91","2021-01-13 09:00:00"
"958034",18,"30.74","2021-01-13 09:15:00"
"958088",18,"32.27","2021-01-13 09:30:00"
"958142",18,"33.87","2021-01-13 09:45:00"
"958196",18,"35.72","2021-01-13 10:00:00"
"958250",18,"37.06","2021-01-13 10:15:00"
"958304",18,"38.06","2021-01-13 10:30:00"
"958358",18,"39.01","2021-01-13 10:45:00"
"958412",18,"39.29","2021-01-13 11:00:00"
"958466",18,"39.27","2021-01-13 11:15:00"
"959558",18,"15.59","2021-07-28 11:30:00"
"959612",18,"16.04","2021-07-28 11:45:00"
"959666",18,"16.85","2021-07-28 12:00:00"
"959720",18,"17.76","2021-07-28 12:15:00"
"959774",18,"18.64","2021-07-28 12:30:00"
"959898",18,"43.58","2021-01-13 13:15:00"
"959952",18,"44.55","2021-01-13 13:30:00"
"960006",18,"44.63","2021-01-13 13:45:00"
"960060",18,"44.88","2021-01-13 14:00:00"
"960114",18,"45.45","2021-01-13 14:15:00"
"960168",18,"46.97","2021-01-13 14:30:00"
"961302",18,"33.9","2021-01-13 19:45:00"
"961356",18,"33.46","2021-01-13 20:00:00"
"961410",18,"32.23","2021-01-13 20:15:00"
"961464",18,"29.19","2021-01-13 20:30:00"
"961518",18,"28.77","2021-01-13 20:45:00"
"961572",18,"28.5","2021-01-13 21:00:00"
"961626",18,"28.2","2021-01-13 21:15:00"
"961680",18,"27.93","2021-01-13 21:30:00"
"961734",18,"27.73","2021-01-13 21:45:00"
"961788",18,"27.59","2021-01-13 22:00:00"
"962976",18,"24.69","2021-01-14 03:30:00"
"963030",18,"24.63","2021-01-14 03:45:00"
"963084",18,"24.43","2021-01-14 04:00:00"
"963138",18,"24.28","2021-01-14 04:15:00"
"963192",18,"24.26","2021-01-14 04:30:00"
"963246",18,"24.22","2021-01-14 04:45:00"
"963300",18,"24.13","2021-01-14 05:00:00"
"963354",18,"24.05","2021-01-14 05:15:00"
"963408",18,"23.89","2021-01-14 05:30:00"
"963462",18,"23.66","2021-01-14 05:45:00"
"964596",18,"29.41","2021-01-14 11:00:00"
"964650",18,"29.01","2021-01-14 11:15:00"
"964704",18,"28.69","2021-01-14 11:30:00"
"964758",18,"28.58","2021-01-14 11:45:00"
"964812",18,"29.64","2021-01-14 12:00:00"
"964866",18,"30.11","2021-01-14 12:15:00"
"964920",18,"30.12","2021-01-14 12:30:00"
"964974",18,"29.95","2021-01-14 12:45:00"
"965028",18,"31.03","2021-01-14 13:00:00"
"965082",18,"31.96","2021-01-14 13:15:00"
"965136",18,"33.11","2021-01-14 13:30:00"
"966810",18,"25.68","2021-01-14 21:15:00"
"966864",18,"25.34","2021-01-14 21:30:00"
"966918",18,"25.07","2021-01-14 21:45:00"
"966972",18,"24.92","2021-01-14 22:00:00"
"967026",18,"24.85","2021-01-14 22:15:00"
"967080",18,"24.77","2021-01-14 22:30:00"
"967134",18,"24.69","2021-01-14 22:45:00"
"967188",18,"24.58","2021-01-14 23:00:00"
"967242",18,"24.4","2021-01-14 23:15:00"
"967296",18,"24.21","2021-01-14 23:30:00"
"968484",18,"22.86","2021-01-15 05:00:00"
"968538",18,"22.82","2021-01-15 05:15:00"
"968592",18,"22.73","2021-01-15 05:30:00"
"968646",18,"22.66","2021-01-15 05:45:00"
"968700",18,"22.63","2021-01-15 06:00:00"
"968754",18,"22.65","2021-01-15 06:15:00"
"968808",18,"22.67","2021-01-15 06:30:00"
"968862",18,"22.78","2021-01-15 06:45:00"
"968916",18,"23.01","2021-01-15 07:00:00"
"968970",18,"23.2","2021-01-15 07:15:00"
"970158",18,"35.41","2021-01-15 12:45:00"
"970212",18,"35.11","2021-01-15 13:00:00"
"970266",18,"34.54","2021-01-15 13:15:00"
"970320",18,"34.05","2021-01-15 13:30:00"
"970374",18,"33.92","2021-01-15 13:45:00"
"970428",18,"34.38","2021-01-15 14:00:00"
"970482",18,"33.47","2021-01-15 14:15:00"
"970536",18,"33.05","2021-01-15 14:30:00"
"970590",18,"33.11","2021-01-15 14:45:00"
"970644",18,"34.24","2021-01-15 15:00:00"
"971778",18,"25.97","2021-01-15 20:15:00"
"971832",18,"25.72","2021-01-15 20:30:00"
"971886",18,"25.48","2021-01-15 20:45:00"
"971940",18,"25.26","2021-01-15 21:00:00"
"971994",18,"25.07","2021-01-15 21:15:00"
"972048",18,"24.89","2021-01-15 21:30:00"
"972102",18,"24.72","2021-01-15 21:45:00"
"972156",18,"24.55","2021-01-15 22:00:00"
"972210",18,"24.44","2021-01-15 22:15:00"
"972264",18,"24.4","2021-01-15 22:30:00"
"973452",18,"23.39","2021-01-16 04:00:00"
"973506",18,"23.35","2021-01-16 04:15:00"
"973560",18,"23.31","2021-01-16 04:30:00"
"973614",18,"23.27","2021-01-16 04:45:00"
"973668",18,"23.26","2021-01-16 05:00:00"
"973722",18,"23.22","2021-01-16 05:15:00"
"973776",18,"23.19","2021-01-16 05:30:00"
"973830",18,"23.18","2021-01-16 05:45:00"
"973884",18,"23.16","2021-01-16 06:00:00"
"973938",18,"23.15","2021-01-16 06:15:00"
"974532",18,"22.85","2021-01-16 09:00:00"
"974586",18,"22.76","2021-01-16 09:15:00"
"974640",18,"22.72","2021-01-16 09:30:00"
"974694",18,"22.82","2021-01-16 09:45:00"
"974748",18,"22.99","2021-01-16 10:00:00"
"974802",18,"23.2","2021-01-16 10:15:00"
"974856",18,"23.52","2021-01-16 10:30:00"
"974910",18,"23.9","2021-01-16 10:45:00"
"974964",18,"24.29","2021-01-16 11:00:00"
"975018",18,"24.68","2021-01-16 11:15:00"
"975072",18,"25.11","2021-01-16 11:30:00"
"976746",18,"24.96","2021-01-16 19:15:00"
"976800",18,"24.66","2021-01-16 19:30:00"
"976854",18,"24.48","2021-01-16 19:45:00"
"976908",18,"24.36","2021-01-16 20:00:00"
"976962",18,"24.31","2021-01-16 20:15:00"
"936114",18,"10.71","2021-06-16 05:30:00"
"936358",18,"10.63","2021-06-16 05:45:00"
"936534",18,"10.55","2021-06-16 06:00:00"
"936160",18,"33.49","2021-07-26 13:30:00"
"936283",18,"33.3","2021-07-26 13:45:00"
"936438",18,"32.27","2021-07-26 14:00:00"
"936237",18,"50.06","2021-01-11 13:30:00"
"936384",18,"49.54","2021-01-11 13:45:00"
"937016",18,"51.97","2021-01-11 15:30:00"
"937070",18,"52.46","2021-01-11 15:45:00"
"937124",18,"52.69","2021-01-11 16:00:00"
"937178",18,"52.09","2021-01-11 16:15:00"
"937232",18,"51.52","2021-01-11 16:30:00"
"937286",18,"51.01","2021-01-11 16:45:00"
"937369",18,"49.99","2021-01-11 17:00:00"
"937641",18,"9.76","2021-06-16 07:00:00"
"937825",18,"9.62","2021-06-16 07:15:00"
"938029",18,"9.65","2021-06-16 07:30:00"
"938239",18,"9.82","2021-06-16 07:45:00"
"938375",18,"10.19","2021-06-16 08:00:00"
"938284",18,"38.41","2021-01-11 19:00:00"
"938429",18,"30.71","2021-07-26 15:45:00"
"938530",18,"30.74","2021-07-26 16:00:00"
"938637",18,"30.48","2021-07-26 16:15:00"
"938488",18,"10.92","2021-06-16 08:15:00"
"938597",18,"12.27","2021-06-16 08:30:00"
"938706",18,"13.77","2021-06-16 08:45:00"
"939350",18,"24.96","2021-07-26 18:00:00"
"939470",18,"23.99","2021-07-26 18:15:00"
"939397",18,"20.2","2021-06-16 10:15:00"
"939495",18,"21.29","2021-06-16 10:30:00"
"939610",18,"22.22","2021-06-16 10:45:00"
"939568",18,"23.08","2021-07-26 18:30:00"
"939673",18,"22.29","2021-07-26 18:45:00"
"940810",18,"21.73","2021-07-26 19:00:00"
"939722",18,"22.74","2021-06-16 11:00:00"
"939776",18,"23.71","2021-06-16 11:15:00"
"940366",18,"32.04","2021-01-11 21:45:00"
"940420",18,"31.66","2021-01-11 22:00:00"
"940474",18,"31.31","2021-01-11 22:15:00"
"940528",18,"31","2021-01-11 22:30:00"
"940582",18,"30.69","2021-01-11 22:45:00"
"940636",18,"30.38","2021-01-11 23:00:00"
"940690",18,"30.08","2021-01-11 23:15:00"
"940744",18,"29.78","2021-01-11 23:30:00"
"942798",18,"29.49","2021-01-11 23:45:00"
"942852",18,"29.22","2021-01-12 00:00:00"
"941387",18,"26.9","2021-06-16 12:45:00"
"941462",18,"27.67","2021-06-16 13:00:00"
"941543",18,"28.05","2021-06-16 13:15:00"
"941588",18,"19.75","2021-07-26 20:30:00"
"941771",18,"19.4","2021-07-26 20:45:00"
"941636",18,"28.25","2021-06-16 13:30:00"
"941703",18,"27.81","2021-06-16 13:45:00"
"941780",18,"26.93","2021-06-16 14:00:00"
"941854",18,"26.64","2021-06-16 14:15:00"
"941930",18,"26.45","2021-06-16 14:30:00"
"943802",18,"24.17","2021-06-16 16:00:00"
"943856",18,"23.26","2021-06-16 16:15:00"
"943910",18,"23.32","2021-06-16 16:30:00"
"942512",18,"17.82","2021-07-26 22:15:00"
"942566",18,"17.61","2021-07-26 22:30:00"
"942620",18,"17.4","2021-07-26 22:45:00"
"942674",18,"17.15","2021-07-26 23:00:00"
"942728",18,"16.96","2021-07-26 23:15:00"
"945181",18,"16.81","2021-07-26 23:30:00"
"942906",18,"28.97","2021-01-12 00:15:00"
"942960",18,"28.74","2021-01-12 00:30:00"
"943014",18,"28.53","2021-01-12 00:45:00"
"943608",18,"26.89","2021-01-12 03:30:00"
"943662",18,"26.75","2021-01-12 03:45:00"
"943716",18,"26.61","2021-01-12 04:00:00"
"943770",18,"26.48","2021-01-12 04:15:00"
"944581",18,"26.37","2021-01-12 04:30:00"
"943964",18,"23.04","2021-06-16 16:45:00"
"944018",18,"22.61","2021-06-16 17:00:00"
"944072",18,"21.83","2021-06-16 17:15:00"
"944126",18,"20.96","2021-06-16 17:30:00"
"944180",18,"20.1","2021-06-16 17:45:00"
"945287",18,"16.59","2021-07-26 23:45:00"
"945406",18,"16.37","2021-07-27 00:00:00"
"945434",18,"26.01","2021-01-12 06:45:00"
"945534",18,"26.35","2021-01-12 07:00:00"
"945521",18,"16.19","2021-07-27 00:15:00"
"945638",18,"15.96","2021-07-27 00:30:00"
"945759",18,"15.79","2021-07-27 00:45:00"
"945633",18,"26.71","2021-01-12 07:15:00"
"945728",18,"27.02","2021-01-12 07:30:00"
"945843",18,"27.26","2021-01-12 07:45:00"
"946850",18,"33.5","2021-01-12 09:15:00"
"946904",18,"34.72","2021-01-12 09:30:00"
"946958",18,"35.26","2021-01-12 09:45:00"
"947012",18,"36.52","2021-01-12 10:00:00"
"947066",18,"38.5","2021-01-12 10:15:00"
"947120",18,"39.11","2021-01-12 10:30:00"
"947175",18,"41.05","2021-01-12 10:45:00"
"947261",18,"42.6","2021-01-12 11:00:00"
"947388",18,"44.17","2021-01-12 11:15:00"
"947523",18,"43.78","2021-01-12 11:30:00"
"948564",18,"13.67","2021-07-27 07:45:00"
"948618",18,"14.09","2021-07-27 08:00:00"
"948672",18,"14.97","2021-07-27 08:15:00"
"948726",18,"16.24","2021-07-27 08:30:00"
"948780",18,"17.62","2021-07-27 08:45:00"
"948876",18,"45.88","2021-01-12 14:00:00"
"948930",18,"44.22","2021-01-12 14:15:00"
"948984",18,"42.91","2021-01-12 14:30:00"
"949038",18,"41.43","2021-01-12 14:45:00"
"949134",18,"40.26","2021-01-12 15:00:00"
"950190",18,"26.08","2021-07-27 11:30:00"
"950302",18,"25.73","2021-07-27 11:45:00"
"950366",18,"34.69","2021-01-12 17:45:00"
"950486",18,"34.37","2021-01-12 18:00:00"
"950794",18,"33.96","2021-01-12 18:15:00"
"950406",18,"24.32","2021-07-27 12:00:00"
"950503",18,"23.96","2021-07-27 12:15:00"
"950590",18,"22.86","2021-07-27 12:30:00"
"950644",18,"22.27","2021-07-27 12:45:00"
"950698",18,"22.34","2021-07-27 13:00:00"
"950752",18,"23.2","2021-07-27 13:15:00"
"951925",18,"29.27","2021-01-12 21:00:00"
"952008",18,"29.05","2021-01-12 21:15:00"
"952113",18,"28.85","2021-01-12 21:30:00"
"952006",18,"22.06","2021-07-27 16:00:00"
"952118",18,"21.54","2021-07-27 16:15:00"
"952203",18,"21.39","2021-07-27 16:30:00"
"952250",18,"28.76","2021-01-12 21:45:00"
"952309",18,"21.02","2021-07-27 16:45:00"
"952397",18,"20.64","2021-07-27 17:00:00"
"952451",18,"20.29","2021-07-27 17:15:00"
"953590",18,"27.12","2021-01-13 00:00:00"
"953693",18,"27","2021-01-13 00:15:00"
"953669",18,"15.99","2021-07-27 20:45:00"
"953778",18,"15.85","2021-07-27 21:00:00"
"953804",18,"26.88","2021-01-13 00:30:00"
"953906",18,"26.75","2021-01-13 00:45:00"
"954008",18,"26.64","2021-01-13 01:00:00"
"953889",18,"15.73","2021-07-27 21:15:00"
"954003",18,"15.66","2021-07-27 21:30:00"
"954117",18,"15.47","2021-07-27 21:45:00"
"955188",18,"26.06","2021-01-13 03:45:00"
"955290",18,"25.88","2021-01-13 04:00:00"
"955419",18,"25.71","2021-01-13 04:15:00"
"955310",18,"12.79","2021-07-28 00:30:00"
"955401",18,"12.69","2021-07-28 00:45:00"
"955502",18,"12.56","2021-07-28 01:00:00"
"955528",18,"25.57","2021-01-13 04:30:00"
"955638",18,"25.45","2021-01-13 04:45:00"
"955614",18,"12.38","2021-07-28 01:15:00"
"955720",18,"12.15","2021-07-28 01:30:00"
"956884",18,"10.63","2021-07-28 03:45:00"
"956938",18,"10.33","2021-07-28 04:00:00"
"956992",18,"10.01","2021-07-28 04:15:00"
"957046",18,"9.72","2021-07-28 04:30:00"
"957100",18,"9.8","2021-07-28 04:45:00"
"957154",18,"10.13","2021-07-28 05:00:00"
"957208",18,"10.26","2021-07-28 05:15:00"
"957262",18,"10.26","2021-07-28 05:30:00"
"957316",18,"10.29","2021-07-28 05:45:00"
"957370",18,"10.24","2021-07-28 06:00:00"
"958520",18,"40.22","2021-01-13 11:30:00"
"958574",18,"41.29","2021-01-13 11:45:00"
"958628",18,"40.68","2021-01-13 12:00:00"
"958682",18,"41.34","2021-01-13 12:15:00"
"958736",18,"43.47","2021-01-13 12:30:00"
"959790",18,"43.69","2021-01-13 12:45:00"
"959844",18,"43.51","2021-01-13 13:00:00"
"958856",18,"10.13","2021-07-28 08:15:00"
"958910",18,"10.29","2021-07-28 08:30:00"
"960222",18,"46.77","2021-01-13 14:45:00"
"960276",18,"47.78","2021-01-13 15:00:00"
"960330",18,"48.45","2021-01-13 15:15:00"
"960384",18,"48.49","2021-01-13 15:30:00"
"960438",18,"47.05","2021-01-13 15:45:00"
"960492",18,"46.66","2021-01-13 16:00:00"
"960546",18,"46.42","2021-01-13 16:15:00"
"960600",18,"45.84","2021-01-13 16:30:00"
"960654",18,"44.48","2021-01-13 16:45:00"
"960708",18,"43.79","2021-01-13 17:00:00"
"962382",18,"25.5","2021-01-14 00:45:00"
"962436",18,"25.5","2021-01-14 01:00:00"
"962490",18,"25.48","2021-01-14 01:15:00"
"962544",18,"25.42","2021-01-14 01:30:00"
"962598",18,"25.35","2021-01-14 01:45:00"
"962652",18,"25.25","2021-01-14 02:00:00"
"962706",18,"25.15","2021-01-14 02:15:00"
"962760",18,"25.03","2021-01-14 02:30:00"
"962814",18,"24.92","2021-01-14 02:45:00"
"962868",18,"24.85","2021-01-14 03:00:00"
"962922",18,"24.77","2021-01-14 03:15:00"
"964056",18,"26.21","2021-01-14 08:30:00"
"964110",18,"27.03","2021-01-14 08:45:00"
"964164",18,"27.87","2021-01-14 09:00:00"
"964218",18,"28.05","2021-01-14 09:15:00"
"964272",18,"27.54","2021-01-14 09:30:00"
"964326",18,"27.59","2021-01-14 09:45:00"
"964380",18,"28.13","2021-01-14 10:00:00"
"964434",18,"28.91","2021-01-14 10:15:00"
"964488",18,"29.58","2021-01-14 10:30:00"
"964542",18,"29.88","2021-01-14 10:45:00"
"965730",18,"36.21","2021-01-14 16:15:00"
"965784",18,"34.73","2021-01-14 16:30:00"
"965838",18,"33.45","2021-01-14 16:45:00"
"965892",18,"32.96","2021-01-14 17:00:00"
"965946",18,"32.52","2021-01-14 17:15:00"
"966000",18,"32.73","2021-01-14 17:30:00"
"966054",18,"32.73","2021-01-14 17:45:00"
"966108",18,"31.82","2021-01-14 18:00:00"
"966162",18,"31.15","2021-01-14 18:15:00"
"966216",18,"30.63","2021-01-14 18:30:00"
"967350",18,"24.08","2021-01-14 23:45:00"
"967404",18,"23.92","2021-01-15 00:00:00"
"967458",18,"23.79","2021-01-15 00:15:00"
"967512",18,"23.65","2021-01-15 00:30:00"
"967566",18,"23.57","2021-01-15 00:45:00"
"967620",18,"23.57","2021-01-15 01:00:00"
"967674",18,"23.59","2021-01-15 01:15:00"
"967728",18,"23.59","2021-01-15 01:30:00"
"967782",18,"23.55","2021-01-15 01:45:00"
"967836",18,"23.43","2021-01-15 02:00:00"
"967890",18,"23.37","2021-01-15 02:15:00"
"969024",18,"23.47","2021-01-15 07:30:00"
"969078",18,"23.72","2021-01-15 07:45:00"
"969132",18,"24.11","2021-01-15 08:00:00"
"969186",18,"24.49","2021-01-15 08:15:00"
"969240",18,"25.08","2021-01-15 08:30:00"
"969294",18,"26.39","2021-01-15 08:45:00"
"969348",18,"28","2021-01-15 09:00:00"
"969402",18,"28.22","2021-01-15 09:15:00"
"969456",18,"28.41","2021-01-15 09:30:00"
"969510",18,"28.48","2021-01-15 09:45:00"
"970698",18,"34.08","2021-01-15 15:15:00"
"970752",18,"35.86","2021-01-15 15:30:00"
"970806",18,"36.13","2021-01-15 15:45:00"
"970860",18,"35.53","2021-01-15 16:00:00"
"970914",18,"34.59","2021-01-15 16:15:00"
"970968",18,"35.3","2021-01-15 16:30:00"
"971022",18,"34.34","2021-01-15 16:45:00"
"971076",18,"33.17","2021-01-15 17:00:00"
"971130",18,"32.48","2021-01-15 17:15:00"
"971184",18,"31.88","2021-01-15 17:30:00"
"972318",18,"24.46","2021-01-15 22:45:00"
"972372",18,"24.49","2021-01-15 23:00:00"
"972426",18,"24.47","2021-01-15 23:15:00"
"972480",18,"24.41","2021-01-15 23:30:00"
"972534",18,"24.35","2021-01-15 23:45:00"
"972588",18,"24.27","2021-01-16 00:00:00"
"972642",18,"24.2","2021-01-16 00:15:00"
"972696",18,"24.09","2021-01-16 00:30:00"
"972750",18,"23.98","2021-01-16 00:45:00"
"972804",18,"23.94","2021-01-16 01:00:00"
"972858",18,"23.89","2021-01-16 01:15:00"
"973992",18,"23.14","2021-01-16 06:30:00"
"974046",18,"23.17","2021-01-16 06:45:00"
"974100",18,"23.19","2021-01-16 07:00:00"
"974154",18,"23.21","2021-01-16 07:15:00"
"974208",18,"23.21","2021-01-16 07:30:00"
"974262",18,"23.22","2021-01-16 07:45:00"
"974316",18,"23.21","2021-01-16 08:00:00"
"974370",18,"23.15","2021-01-16 08:15:00"
"974424",18,"23.06","2021-01-16 08:30:00"
"974478",18,"22.99","2021-01-16 08:45:00"
"975666",18,"27.52","2021-01-16 14:15:00"
"975720",18,"27.63","2021-01-16 14:30:00"
"975774",18,"28.2","2021-01-16 14:45:00"
"975828",18,"28.62","2021-01-16 15:00:00"
"975882",18,"28.6","2021-01-16 15:15:00"
"975936",18,"28.65","2021-01-16 15:30:00"
"975990",18,"28.95","2021-01-16 15:45:00"
"976044",18,"28.45","2021-01-16 16:00:00"
"976098",18,"28.27","2021-01-16 16:15:00"
"976152",18,"27.98","2021-01-16 16:30:00"
"977286",18,"23.4","2021-01-16 21:45:00"
"977340",18,"23.39","2021-01-16 22:00:00"
"977394",18,"23.37","2021-01-16 22:15:00"
"977448",18,"23.38","2021-01-16 22:30:00"
"977502",18,"23.41","2021-01-16 22:45:00"
"977556",18,"23.45","2021-01-16 23:00:00"
"977610",18,"23.45","2021-01-16 23:15:00"
"977664",18,"23.22","2021-01-16 23:30:00"
"977718",18,"23.02","2021-01-16 23:45:00"
"977772",18,"23.01","2021-01-17 00:00:00"
"977826",18,"23","2021-01-17 00:15:00"
"978420",18,"22.96","2021-01-17 03:00:00"
"978474",18,"22.96","2021-01-17 03:15:00"
"978528",18,"22.95","2021-01-17 03:30:00"
"978582",18,"22.9","2021-01-17 03:45:00"
"978636",18,"22.87","2021-01-17 04:00:00"
"978690",18,"22.83","2021-01-17 04:15:00"
"978744",18,"22.77","2021-01-17 04:30:00"
"978798",18,"22.73","2021-01-17 04:45:00"
"978852",18,"22.68","2021-01-17 05:00:00"
"978906",18,"22.59","2021-01-17 05:15:00"
"976422",18,"26.86","2021-01-16 17:45:00"
"976476",18,"26.69","2021-01-16 18:00:00"
"976530",18,"26.37","2021-01-16 18:15:00"
"976584",18,"26.03","2021-01-16 18:30:00"
"976638",18,"25.7","2021-01-16 18:45:00"
"976692",18,"25.33","2021-01-16 19:00:00"
"986682",18,"28.02","2021-01-18 17:15:00"
"986736",18,"27.8","2021-01-18 17:30:00"
"986790",18,"27.5","2021-01-18 17:45:00"
"986844",18,"27.23","2021-01-18 18:00:00"
"986898",18,"27.14","2021-01-18 18:15:00"
"986952",18,"27.01","2021-01-18 18:30:00"
"987006",18,"26.75","2021-01-18 18:45:00"
"987060",18,"26.46","2021-01-18 19:00:00"
"987114",18,"26.15","2021-01-18 19:15:00"
"987168",18,"25.87","2021-01-18 19:30:00"
"988356",18,"24.03","2021-01-19 01:00:00"
"988410",18,"24.01","2021-01-19 01:15:00"
"988464",18,"23.98","2021-01-19 01:30:00"
"988518",18,"23.93","2021-01-19 01:45:00"
"988572",18,"23.85","2021-01-19 02:00:00"
"988626",18,"23.75","2021-01-19 02:15:00"
"988680",18,"23.66","2021-01-19 02:30:00"
"988734",18,"23.64","2021-01-19 02:45:00"
"988788",18,"23.64","2021-01-19 03:00:00"
"988842",18,"23.6","2021-01-19 03:15:00"
"990030",18,"24.3","2021-01-19 08:45:00"
"990084",18,"24.49","2021-01-19 09:00:00"
"990138",18,"24.79","2021-01-19 09:15:00"
"990192",18,"25.13","2021-01-19 09:30:00"
"990246",18,"26.37","2021-01-19 09:45:00"
"990300",18,"28.2","2021-01-19 10:00:00"
"990354",18,"29.11","2021-01-19 10:15:00"
"990408",18,"29.48","2021-01-19 10:30:00"
"990462",18,"30.24","2021-01-19 10:45:00"
"990516",18,"30.11","2021-01-19 11:00:00"
"991110",18,"29","2021-01-19 13:45:00"
"991164",18,"29.64","2021-01-19 14:00:00"
"991218",18,"31.24","2021-01-19 14:15:00"
"991272",18,"32.21","2021-01-19 14:30:00"
"991326",18,"32.84","2021-01-19 14:45:00"
"991380",18,"32.37","2021-01-19 15:00:00"
"991434",18,"31.1","2021-01-19 15:15:00"
"991488",18,"29.13","2021-01-19 15:30:00"
"991542",18,"27.67","2021-01-19 15:45:00"
"991596",18,"26.7","2021-01-19 16:00:00"
"992784",18,"22.9","2021-01-19 21:30:00"
"992838",18,"22.86","2021-01-19 21:45:00"
"992892",18,"22.86","2021-01-19 22:00:00"
"992946",18,"22.87","2021-01-19 22:15:00"
"993000",18,"22.85","2021-01-19 22:30:00"
"993054",18,"22.8","2021-01-19 22:45:00"
"993108",18,"22.75","2021-01-19 23:00:00"
"993162",18,"22.71","2021-01-19 23:15:00"
"993216",18,"22.71","2021-01-19 23:30:00"
"993270",18,"22.7","2021-01-19 23:45:00"
"994404",18,"21.99","2021-01-20 05:00:00"
"994458",18,"21.96","2021-01-20 05:15:00"
"994512",18,"21.94","2021-01-20 05:30:00"
"994566",18,"21.93","2021-01-20 05:45:00"
"994620",18,"21.92","2021-01-20 06:00:00"
"994674",18,"21.91","2021-01-20 06:15:00"
"994728",18,"21.94","2021-01-20 06:30:00"
"994782",18,"22.02","2021-01-20 06:45:00"
"994836",18,"22.16","2021-01-20 07:00:00"
"994890",18,"22.36","2021-01-20 07:15:00"
"994944",18,"22.61","2021-01-20 07:30:00"
"996078",18,"25.54","2021-01-20 12:45:00"
"996132",18,"24.73","2021-01-20 13:00:00"
"996186",18,"24.61","2021-01-20 13:15:00"
"996240",18,"25.39","2021-01-20 13:30:00"
"996294",18,"26.6","2021-01-20 13:45:00"
"996348",18,"27.41","2021-01-20 14:00:00"
"996402",18,"27.9","2021-01-20 14:15:00"
"996456",18,"28.3","2021-01-20 14:30:00"
"996510",18,"27.99","2021-01-20 14:45:00"
"996564",18,"28.05","2021-01-20 15:00:00"
"997158",18,"29.24","2021-01-20 17:45:00"
"997212",18,"28.74","2021-01-20 18:00:00"
"997266",18,"28.13","2021-01-20 18:15:00"
"997320",18,"27.53","2021-01-20 18:30:00"
"997374",18,"27.16","2021-01-20 18:45:00"
"997428",18,"26.82","2021-01-20 19:00:00"
"997482",18,"26.4","2021-01-20 19:15:00"
"997536",18,"25.98","2021-01-20 19:30:00"
"997590",18,"25.62","2021-01-20 19:45:00"
"997644",18,"25.3","2021-01-20 20:00:00"
"997698",18,"25.03","2021-01-20 20:15:00"
"998832",18,"22.46","2021-01-21 01:30:00"
"998886",18,"22.39","2021-01-21 01:45:00"
"998940",18,"22.3","2021-01-21 02:00:00"
"998994",18,"22.18","2021-01-21 02:15:00"
"999048",18,"22.03","2021-01-21 02:30:00"
"999102",18,"21.85","2021-01-21 02:45:00"
"999156",18,"21.67","2021-01-21 03:00:00"
"999210",18,"21.51","2021-01-21 03:15:00"
"999264",18,"21.38","2021-01-21 03:30:00"
"999318",18,"21.33","2021-01-21 03:45:00"
"1000506",18,"26.12","2021-01-21 09:15:00"
"1000560",18,"26.65","2021-01-21 09:30:00"
"1000614",18,"26.8","2021-01-21 09:45:00"
"1000668",18,"26.84","2021-01-21 10:00:00"
"1000722",18,"27.02","2021-01-21 10:15:00"
"1000776",18,"27.42","2021-01-21 10:30:00"
"1000830",18,"28.05","2021-01-21 10:45:00"
"1000884",18,"28.65","2021-01-21 11:00:00"
"1000938",18,"28.89","2021-01-21 11:15:00"
"1000992",18,"28.81","2021-01-21 11:30:00"
"1002126",18,"31.18","2021-01-21 16:45:00"
"1002180",18,"31.24","2021-01-21 17:00:00"
"1002234",18,"30.96","2021-01-21 17:15:00"
"1002288",18,"30.56","2021-01-21 17:30:00"
"1002342",18,"30.07","2021-01-21 17:45:00"
"1002396",18,"29.72","2021-01-21 18:00:00"
"1002450",18,"29.16","2021-01-21 18:15:00"
"1002504",18,"28.6","2021-01-21 18:30:00"
"1002558",18,"28.22","2021-01-21 18:45:00"
"1002612",18,"27.82","2021-01-21 19:00:00"
"1002666",18,"27.24","2021-01-21 19:15:00"
"1003260",18,"23.59","2021-01-21 22:00:00"
"1003314",18,"23.44","2021-01-21 22:15:00"
"1003368",18,"23.3","2021-01-21 22:30:00"
"1003422",18,"23.13","2021-01-21 22:45:00"
"1003476",18,"22.91","2021-01-21 23:00:00"
"1003530",18,"22.74","2021-01-21 23:15:00"
"1003584",18,"22.57","2021-01-21 23:30:00"
"1003638",18,"22.43","2021-01-21 23:45:00"
"1003692",18,"22.33","2021-01-22 00:00:00"
"1003746",18,"22.24","2021-01-22 00:15:00"
"1004934",18,"21.16","2021-01-22 05:45:00"
"1004988",18,"21.15","2021-01-22 06:00:00"
"1005042",18,"21.19","2021-01-22 06:15:00"
"1005096",18,"21.31","2021-01-22 06:30:00"
"1005150",18,"21.52","2021-01-22 06:45:00"
"1005204",18,"21.76","2021-01-22 07:00:00"
"1005258",18,"21.92","2021-01-22 07:15:00"
"1005312",18,"22.16","2021-01-22 07:30:00"
"1005366",18,"22.63","2021-01-22 07:45:00"
"1005420",18,"23.07","2021-01-22 08:00:00"
"1006554",18,"37.34","2021-01-22 13:15:00"
"1006608",18,"37.24","2021-01-22 13:30:00"
"1006662",18,"36.29","2021-01-22 13:45:00"
"1006716",18,"34.91","2021-01-22 14:00:00"
"1006770",18,"35.59","2021-01-22 14:15:00"
"1006824",18,"35.8","2021-01-22 14:30:00"
"1006878",18,"35.78","2021-01-22 14:45:00"
"1006932",18,"34.99","2021-01-22 15:00:00"
"1006986",18,"35.29","2021-01-22 15:15:00"
"1007040",18,"34.72","2021-01-22 15:30:00"
"1008768",18,"24.19","2021-01-22 23:30:00"
"1008822",18,"24.1","2021-01-22 23:45:00"
"1008876",18,"24.02","2021-01-23 00:00:00"
"1008930",18,"23.91","2021-01-23 00:15:00"
"1008984",18,"23.82","2021-01-23 00:30:00"
"1009038",18,"23.7","2021-01-23 00:45:00"
"1009092",18,"23.61","2021-01-23 01:00:00"
"1009146",18,"23.53","2021-01-23 01:15:00"
"1009200",18,"23.45","2021-01-23 01:30:00"
"1009254",18,"23.31","2021-01-23 01:45:00"
"1010442",18,"21.63","2021-01-23 07:15:00"
"1010496",18,"21.99","2021-01-23 07:30:00"
"1010550",18,"22.44","2021-01-23 07:45:00"
"1010604",18,"22.94","2021-01-23 08:00:00"
"1010658",18,"23.41","2021-01-23 08:15:00"
"1010712",18,"23.85","2021-01-23 08:30:00"
"1010766",18,"24.39","2021-01-23 08:45:00"
"1010820",18,"24.99","2021-01-23 09:00:00"
"1010874",18,"25.61","2021-01-23 09:15:00"
"1010928",18,"26.26","2021-01-23 09:30:00"
"1011522",18,"30.02","2021-01-23 12:15:00"
"1011576",18,"30.57","2021-01-23 12:30:00"
"1011630",18,"30.82","2021-01-23 12:45:00"
"1011684",18,"30.87","2021-01-23 13:00:00"
"1011738",18,"31.56","2021-01-23 13:15:00"
"1011792",18,"32.04","2021-01-23 13:30:00"
"1011846",18,"31.56","2021-01-23 13:45:00"
"1011900",18,"31.16","2021-01-23 14:00:00"
"1011954",18,"30.96","2021-01-23 14:15:00"
"1012008",18,"31.4","2021-01-23 14:30:00"
"1012656",18,"36.23","2021-01-23 17:30:00"
"1012710",18,"34.91","2021-01-23 17:45:00"
"1012764",18,"33.89","2021-01-23 18:00:00"
"1012818",18,"33","2021-01-23 18:15:00"
"1012872",18,"32.16","2021-01-23 18:30:00"
"1012926",18,"31.41","2021-01-23 18:45:00"
"1012980",18,"30.77","2021-01-23 19:00:00"
"1013034",18,"30.19","2021-01-23 19:15:00"
"1013088",18,"29.66","2021-01-23 19:30:00"
"1013142",18,"29.16","2021-01-23 19:45:00"
"1014276",18,"22.58","2021-01-24 01:00:00"
"1014330",18,"22.55","2021-01-24 01:15:00"
"1014384",18,"22.53","2021-01-24 01:30:00"
"1014438",18,"22.5","2021-01-24 01:45:00"
"1014492",18,"22.48","2021-01-24 02:00:00"
"1014546",18,"22.46","2021-01-24 02:15:00"
"1014600",18,"22.4","2021-01-24 02:30:00"
"1014654",18,"22.32","2021-01-24 02:45:00"
"1014708",18,"22.25","2021-01-24 03:00:00"
"1014762",18,"22.21","2021-01-24 03:15:00"
"1014816",18,"22.18","2021-01-24 03:30:00"
"1015950",18,"24.44","2021-01-24 08:45:00"
"1016004",18,"24.73","2021-01-24 09:00:00"
"1016058",18,"25.04","2021-01-24 09:15:00"
"1016112",18,"25.31","2021-01-24 09:30:00"
"1016166",18,"25.81","2021-01-24 09:45:00"
"1016220",18,"26.56","2021-01-24 10:00:00"
"1016274",18,"27","2021-01-24 10:15:00"
"1016328",18,"27.31","2021-01-24 10:30:00"
"1016382",18,"28.25","2021-01-24 10:45:00"
"1016436",18,"29.21","2021-01-24 11:00:00"
"1017030",18,"34.5","2021-01-24 13:45:00"
"1017084",18,"34.39","2021-01-24 14:00:00"
"1017138",18,"34.29","2021-01-24 14:15:00"
"1017192",18,"34.16","2021-01-24 14:30:00"
"1017246",18,"33.73","2021-01-24 14:45:00"
"1017300",18,"33.24","2021-01-24 15:00:00"
"1017354",18,"33.15","2021-01-24 15:15:00"
"1017408",18,"34.62","2021-01-24 15:30:00"
"1017462",18,"35.41","2021-01-24 15:45:00"
"1017516",18,"35.14","2021-01-24 16:00:00"
"1017570",18,"34.24","2021-01-24 16:15:00"
"1018704",18,"24.56","2021-01-24 21:30:00"
"1018758",18,"24.42","2021-01-24 21:45:00"
"1018812",18,"24.28","2021-01-24 22:00:00"
"1018866",18,"24.09","2021-01-24 22:15:00"
"1018920",18,"23.8","2021-01-24 22:30:00"
"1018974",18,"23.51","2021-01-24 22:45:00"
"1019028",18,"23.32","2021-01-24 23:00:00"
"1019082",18,"23.23","2021-01-24 23:15:00"
"1019136",18,"23.24","2021-01-24 23:30:00"
"1019190",18,"23.22","2021-01-24 23:45:00"
"1020378",18,"21.29","2021-01-25 05:15:00"
"1020432",18,"21.3","2021-01-25 05:30:00"
"1020486",18,"21.3","2021-01-25 05:45:00"
"1020540",18,"21.33","2021-01-25 06:00:00"
"1020594",18,"21.37","2021-01-25 06:15:00"
"1020648",18,"21.41","2021-01-25 06:30:00"
"1020702",18,"21.48","2021-01-25 06:45:00"
"1020756",18,"21.56","2021-01-25 07:00:00"
"1020810",18,"21.68","2021-01-25 07:15:00"
"1020864",18,"21.83","2021-01-25 07:30:00"
"1021998",18,"29.69","2021-01-25 12:45:00"
"977016",18,"24.2","2021-01-16 20:30:00"
"977070",18,"23.98","2021-01-16 20:45:00"
"977124",18,"23.78","2021-01-16 21:00:00"
"977178",18,"23.59","2021-01-16 21:15:00"
"977232",18,"23.43","2021-01-16 21:30:00"
"977880",18,"22.97","2021-01-17 00:30:00"
"977934",18,"22.9","2021-01-17 00:45:00"
"977988",18,"22.86","2021-01-17 01:00:00"
"978042",18,"22.89","2021-01-17 01:15:00"
"978096",18,"22.95","2021-01-17 01:30:00"
"978150",18,"22.97","2021-01-17 01:45:00"
"978204",18,"22.98","2021-01-17 02:00:00"
"978258",18,"22.97","2021-01-17 02:15:00"
"978312",18,"22.96","2021-01-17 02:30:00"
"978366",18,"22.95","2021-01-17 02:45:00"
"978960",18,"22.56","2021-01-17 05:30:00"
"979014",18,"22.55","2021-01-17 05:45:00"
"979068",18,"22.49","2021-01-17 06:00:00"
"979122",18,"22.46","2021-01-17 06:15:00"
"979176",18,"22.46","2021-01-17 06:30:00"
"979230",18,"22.49","2021-01-17 06:45:00"
"979284",18,"22.55","2021-01-17 07:00:00"
"979338",18,"22.64","2021-01-17 07:15:00"
"979392",18,"22.8","2021-01-17 07:30:00"
"979446",18,"23.03","2021-01-17 07:45:00"
"980094",18,"25.94","2021-01-17 10:45:00"
"980148",18,"26.09","2021-01-17 11:00:00"
"980202",18,"26.08","2021-01-17 11:15:00"
"980256",18,"25.94","2021-01-17 11:30:00"
"980310",18,"26.36","2021-01-17 11:45:00"
"980364",18,"27.14","2021-01-17 12:00:00"
"980418",18,"27.81","2021-01-17 12:15:00"
"980472",18,"28.23","2021-01-17 12:30:00"
"980526",18,"28.53","2021-01-17 12:45:00"
"980580",18,"29.25","2021-01-17 13:00:00"
"981174",18,"28.8","2021-01-17 15:45:00"
"981228",18,"28.09","2021-01-17 16:00:00"
"981282",18,"26.88","2021-01-17 16:15:00"
"981336",18,"26.39","2021-01-17 16:30:00"
"981390",18,"25.72","2021-01-17 16:45:00"
"981444",18,"24.94","2021-01-17 17:00:00"
"981498",18,"24.58","2021-01-17 17:15:00"
"981552",18,"24.31","2021-01-17 17:30:00"
"981606",18,"24.19","2021-01-17 17:45:00"
"981660",18,"24.16","2021-01-17 18:00:00"
"982254",18,"23.77","2021-01-17 20:45:00"
"982308",18,"23.7","2021-01-17 21:00:00"
"982362",18,"23.63","2021-01-17 21:15:00"
"982416",18,"23.56","2021-01-17 21:30:00"
"982470",18,"23.49","2021-01-17 21:45:00"
"982524",18,"23.44","2021-01-17 22:00:00"
"982578",18,"23.4","2021-01-17 22:15:00"
"982632",18,"23.36","2021-01-17 22:30:00"
"982686",18,"23.31","2021-01-17 22:45:00"
"982740",18,"23.27","2021-01-17 23:00:00"
"982794",18,"23.23","2021-01-17 23:15:00"
"983388",18,"22.82","2021-01-18 02:00:00"
"983442",18,"22.85","2021-01-18 02:15:00"
"983496",18,"22.87","2021-01-18 02:30:00"
"983550",18,"22.88","2021-01-18 02:45:00"
"983604",18,"22.88","2021-01-18 03:00:00"
"983658",18,"22.86","2021-01-18 03:15:00"
"983712",18,"22.81","2021-01-18 03:30:00"
"983766",18,"22.78","2021-01-18 03:45:00"
"983820",18,"22.79","2021-01-18 04:00:00"
"983874",18,"22.8","2021-01-18 04:15:00"
"984468",18,"22.9","2021-01-18 07:00:00"
"984522",18,"23.05","2021-01-18 07:15:00"
"984576",18,"23.18","2021-01-18 07:30:00"
"984630",18,"23.29","2021-01-18 07:45:00"
"984684",18,"23.46","2021-01-18 08:00:00"
"984738",18,"23.65","2021-01-18 08:15:00"
"984792",18,"23.9","2021-01-18 08:30:00"
"984846",18,"24.08","2021-01-18 08:45:00"
"984900",18,"24.28","2021-01-18 09:00:00"
"984954",18,"24.67","2021-01-18 09:15:00"
"985008",18,"25.09","2021-01-18 09:30:00"
"985602",18,"29.25","2021-01-18 12:15:00"
"985656",18,"28.23","2021-01-18 12:30:00"
"985710",18,"27.58","2021-01-18 12:45:00"
"985764",18,"26.98","2021-01-18 13:00:00"
"985818",18,"26.56","2021-01-18 13:15:00"
"985872",18,"26.26","2021-01-18 13:30:00"
"985926",18,"26.03","2021-01-18 13:45:00"
"985980",18,"25.94","2021-01-18 14:00:00"
"986034",18,"25.99","2021-01-18 14:15:00"
"986088",18,"26.19","2021-01-18 14:30:00"
"987222",18,"25.65","2021-01-18 19:45:00"
"987276",18,"25.49","2021-01-18 20:00:00"
"987330",18,"25.33","2021-01-18 20:15:00"
"987384",18,"25.17","2021-01-18 20:30:00"
"987438",18,"25.02","2021-01-18 20:45:00"
"987492",18,"24.89","2021-01-18 21:00:00"
"987546",18,"24.76","2021-01-18 21:15:00"
"987600",18,"24.63","2021-01-18 21:30:00"
"987654",18,"24.51","2021-01-18 21:45:00"
"987708",18,"24.42","2021-01-18 22:00:00"
"987762",18,"24.32","2021-01-18 22:15:00"
"988896",18,"23.58","2021-01-19 03:30:00"
"988950",18,"23.54","2021-01-19 03:45:00"
"989004",18,"23.52","2021-01-19 04:00:00"
"989058",18,"23.5","2021-01-19 04:15:00"
"989112",18,"23.46","2021-01-19 04:30:00"
"989166",18,"23.43","2021-01-19 04:45:00"
"989220",18,"23.38","2021-01-19 05:00:00"
"989274",18,"23.33","2021-01-19 05:15:00"
"989328",18,"23.29","2021-01-19 05:30:00"
"989382",18,"23.23","2021-01-19 05:45:00"
"990570",18,"30.11","2021-01-19 11:15:00"
"990624",18,"30.08","2021-01-19 11:30:00"
"990678",18,"29.68","2021-01-19 11:45:00"
"990732",18,"29.61","2021-01-19 12:00:00"
"990786",18,"29.67","2021-01-19 12:15:00"
"990840",18,"29.49","2021-01-19 12:30:00"
"990894",18,"28.84","2021-01-19 12:45:00"
"990948",18,"28.66","2021-01-19 13:00:00"
"991002",18,"29.41","2021-01-19 13:15:00"
"991056",18,"29.23","2021-01-19 13:30:00"
"992190",18,"24.4","2021-01-19 18:45:00"
"992244",18,"24.29","2021-01-19 19:00:00"
"992298",18,"24.12","2021-01-19 19:15:00"
"992352",18,"23.97","2021-01-19 19:30:00"
"992406",18,"23.8","2021-01-19 19:45:00"
"992460",18,"23.63","2021-01-19 20:00:00"
"992514",18,"23.48","2021-01-19 20:15:00"
"992568",18,"23.35","2021-01-19 20:30:00"
"992622",18,"23.24","2021-01-19 20:45:00"
"992676",18,"23.18","2021-01-19 21:00:00"
"992730",18,"23.11","2021-01-19 21:15:00"
"993864",18,"22.34","2021-01-20 02:30:00"
"993918",18,"22.23","2021-01-20 02:45:00"
"993972",18,"22.21","2021-01-20 03:00:00"
"994026",18,"22.15","2021-01-20 03:15:00"
"994080",18,"22.06","2021-01-20 03:30:00"
"994134",18,"22.01","2021-01-20 03:45:00"
"994188",18,"22.04","2021-01-20 04:00:00"
"994242",18,"22.04","2021-01-20 04:15:00"
"994296",18,"22.03","2021-01-20 04:30:00"
"994350",18,"22.02","2021-01-20 04:45:00"
"995538",18,"28.7","2021-01-20 10:15:00"
"995592",18,"28.1","2021-01-20 10:30:00"
"995646",18,"27.63","2021-01-20 10:45:00"
"995700",18,"27.23","2021-01-20 11:00:00"
"995754",18,"26.75","2021-01-20 11:15:00"
"995808",18,"26.35","2021-01-20 11:30:00"
"995862",18,"26.04","2021-01-20 11:45:00"
"995916",18,"25.87","2021-01-20 12:00:00"
"995970",18,"25.69","2021-01-20 12:15:00"
"996024",18,"25.63","2021-01-20 12:30:00"
"997752",18,"24.8","2021-01-20 20:30:00"
"997806",18,"24.58","2021-01-20 20:45:00"
"997860",18,"24.34","2021-01-20 21:00:00"
"997914",18,"24.13","2021-01-20 21:15:00"
"997968",18,"23.92","2021-01-20 21:30:00"
"998022",18,"23.72","2021-01-20 21:45:00"
"998076",18,"23.52","2021-01-20 22:00:00"
"998130",18,"23.36","2021-01-20 22:15:00"
"998184",18,"23.28","2021-01-20 22:30:00"
"998238",18,"23.24","2021-01-20 22:45:00"
"999372",18,"21.32","2021-01-21 04:00:00"
"999426",18,"21.26","2021-01-21 04:15:00"
"999480",18,"21.23","2021-01-21 04:30:00"
"999534",18,"21.23","2021-01-21 04:45:00"
"999588",18,"21.17","2021-01-21 05:00:00"
"999642",18,"21.08","2021-01-21 05:15:00"
"999696",18,"21","2021-01-21 05:30:00"
"999750",18,"20.93","2021-01-21 05:45:00"
"999804",18,"20.88","2021-01-21 06:00:00"
"999858",18,"20.9","2021-01-21 06:15:00"
"999912",18,"21.08","2021-01-21 06:30:00"
"1001046",18,"28.85","2021-01-21 11:45:00"
"1001100",18,"29.24","2021-01-21 12:00:00"
"1001154",18,"29.7","2021-01-21 12:15:00"
"1001208",18,"30.62","2021-01-21 12:30:00"
"1001262",18,"31.13","2021-01-21 12:45:00"
"1001316",18,"31.7","2021-01-21 13:00:00"
"1001370",18,"31.85","2021-01-21 13:15:00"
"1001424",18,"32.1","2021-01-21 13:30:00"
"1001478",18,"32.18","2021-01-21 13:45:00"
"1001532",18,"32.03","2021-01-21 14:00:00"
"1002720",18,"26.39","2021-01-21 19:30:00"
"1002774",18,"25.9","2021-01-21 19:45:00"
"1002828",18,"25.58","2021-01-21 20:00:00"
"1002882",18,"25.34","2021-01-21 20:15:00"
"1002936",18,"25.06","2021-01-21 20:30:00"
"1002990",18,"24.8","2021-01-21 20:45:00"
"1003044",18,"24.56","2021-01-21 21:00:00"
"1003098",18,"24.3","2021-01-21 21:15:00"
"1003152",18,"24.03","2021-01-21 21:30:00"
"1003206",18,"23.79","2021-01-21 21:45:00"
"1004340",18,"21.36","2021-01-22 03:00:00"
"1004394",18,"21.32","2021-01-22 03:15:00"
"1004448",18,"21.3","2021-01-22 03:30:00"
"1004502",18,"21.23","2021-01-22 03:45:00"
"1004556",18,"21.16","2021-01-22 04:00:00"
"1004610",18,"21.1","2021-01-22 04:15:00"
"1004664",18,"21.08","2021-01-22 04:30:00"
"1004718",18,"21.12","2021-01-22 04:45:00"
"1004772",18,"21.17","2021-01-22 05:00:00"
"1004826",18,"21.21","2021-01-22 05:15:00"
"1004880",18,"21.2","2021-01-22 05:30:00"
"1006014",18,"30.38","2021-01-22 10:45:00"
"1006068",18,"30.94","2021-01-22 11:00:00"
"1006122",18,"31.74","2021-01-22 11:15:00"
"1006176",18,"32.19","2021-01-22 11:30:00"
"1006230",18,"33.38","2021-01-22 11:45:00"
"1006284",18,"35.33","2021-01-22 12:00:00"
"1006338",18,"35.3","2021-01-22 12:15:00"
"1006392",18,"34.83","2021-01-22 12:30:00"
"1006446",18,"34.98","2021-01-22 12:45:00"
"1006500",18,"36.26","2021-01-22 13:00:00"
"1007688",18,"28.79","2021-01-22 18:30:00"
"1007742",18,"28.32","2021-01-22 18:45:00"
"1007796",18,"27.86","2021-01-22 19:00:00"
"1007850",18,"27.43","2021-01-22 19:15:00"
"1007904",18,"26.9","2021-01-22 19:30:00"
"1007958",18,"26.43","2021-01-22 19:45:00"
"1008012",18,"26.13","2021-01-22 20:00:00"
"1008066",18,"25.91","2021-01-22 20:15:00"
"1008120",18,"25.72","2021-01-22 20:30:00"
"1008174",18,"25.56","2021-01-22 20:45:00"
"1009308",18,"23.1","2021-01-23 02:00:00"
"1009362",18,"22.9","2021-01-23 02:15:00"
"1009416",18,"22.73","2021-01-23 02:30:00"
"1009470",18,"22.58","2021-01-23 02:45:00"
"1009524",18,"22.42","2021-01-23 03:00:00"
"1009578",18,"22.28","2021-01-23 03:15:00"
"1009632",18,"22.13","2021-01-23 03:30:00"
"1009686",18,"22","2021-01-23 03:45:00"
"1009740",18,"21.85","2021-01-23 04:00:00"
"1009794",18,"21.71","2021-01-23 04:15:00"
"1009848",18,"21.58","2021-01-23 04:30:00"
"1010982",18,"26.92","2021-01-23 09:45:00"
"1011036",18,"27.15","2021-01-23 10:00:00"
"1011090",18,"27.13","2021-01-23 10:15:00"
"1011144",18,"27.34","2021-01-23 10:30:00"
"1011198",18,"27.78","2021-01-23 10:45:00"
"1011252",18,"28.17","2021-01-23 11:00:00"
"1011306",18,"28.58","2021-01-23 11:15:00"
"1011360",18,"29.22","2021-01-23 11:30:00"
"1011414",18,"29.59","2021-01-23 11:45:00"
"1011468",18,"29.8","2021-01-23 12:00:00"
"1013196",18,"28.69","2021-01-23 20:00:00"
"1013250",18,"28.23","2021-01-23 20:15:00"
"1013304",18,"27.83","2021-01-23 20:30:00"
"1013358",18,"27.58","2021-01-23 20:45:00"
"1013412",18,"27.31","2021-01-23 21:00:00"
"1013466",18,"27.06","2021-01-23 21:15:00"
"1013520",18,"26.9","2021-01-23 21:30:00"
"1013574",18,"26.77","2021-01-23 21:45:00"
"1013628",18,"25.98","2021-01-23 22:00:00"
"1013682",18,"23.56","2021-01-23 22:15:00"
"1014870",18,"22.14","2021-01-24 03:45:00"
"1014924",18,"22.1","2021-01-24 04:00:00"
"1014978",18,"22.07","2021-01-24 04:15:00"
"1015032",18,"22.03","2021-01-24 04:30:00"
"1015086",18,"22","2021-01-24 04:45:00"
"1015140",18,"21.97","2021-01-24 05:00:00"
"1015194",18,"21.95","2021-01-24 05:15:00"
"1015248",18,"21.92","2021-01-24 05:30:00"
"1015302",18,"21.9","2021-01-24 05:45:00"
"1015356",18,"21.89","2021-01-24 06:00:00"
"1016490",18,"29.79","2021-01-24 11:15:00"
"1016544",18,"29.9","2021-01-24 11:30:00"
"1016598",18,"29.95","2021-01-24 11:45:00"
"1016652",18,"30.12","2021-01-24 12:00:00"
"1016706",18,"30.82","2021-01-24 12:15:00"
"1016760",18,"32.41","2021-01-24 12:30:00"
"1016814",18,"33.01","2021-01-24 12:45:00"
"1016868",18,"33.03","2021-01-24 13:00:00"
"1016922",18,"32.99","2021-01-24 13:15:00"
"1016976",18,"33.77","2021-01-24 13:30:00"
"1018164",18,"27.34","2021-01-24 19:00:00"
"1018218",18,"26.83","2021-01-24 19:15:00"
"1018272",18,"26.45","2021-01-24 19:30:00"
"1018326",18,"26.11","2021-01-24 19:45:00"
"1018380",18,"25.83","2021-01-24 20:00:00"
"1018434",18,"25.55","2021-01-24 20:15:00"
"1018488",18,"25.33","2021-01-24 20:30:00"
"1018542",18,"25.13","2021-01-24 20:45:00"
"1018596",18,"24.95","2021-01-24 21:00:00"
"1018650",18,"24.75","2021-01-24 21:15:00"
"1019838",18,"22.23","2021-01-25 02:45:00"
"1019892",18,"22.11","2021-01-25 03:00:00"
"1019946",18,"22","2021-01-25 03:15:00"
"1020000",18,"21.85","2021-01-25 03:30:00"
"1020054",18,"21.69","2021-01-25 03:45:00"
"1020108",18,"21.55","2021-01-25 04:00:00"
"1020162",18,"21.42","2021-01-25 04:15:00"
"1020216",18,"21.31","2021-01-25 04:30:00"
"1020270",18,"21.24","2021-01-25 04:45:00"
"1020324",18,"21.24","2021-01-25 05:00:00"
"1021458",18,"26.08","2021-01-25 10:15:00"
"979500",18,"23.35","2021-01-17 08:00:00"
"979554",18,"23.71","2021-01-17 08:15:00"
"979608",18,"23.98","2021-01-17 08:30:00"
"979662",18,"24.25","2021-01-17 08:45:00"
"979716",18,"24.5","2021-01-17 09:00:00"
"979770",18,"24.73","2021-01-17 09:15:00"
"979824",18,"25.02","2021-01-17 09:30:00"
"979878",18,"25.16","2021-01-17 09:45:00"
"979932",18,"25.27","2021-01-17 10:00:00"
"979986",18,"25.59","2021-01-17 10:15:00"
"980040",18,"25.75","2021-01-17 10:30:00"
"980634",18,"30.11","2021-01-17 13:15:00"
"980688",18,"30.08","2021-01-17 13:30:00"
"980742",18,"31.09","2021-01-17 13:45:00"
"980796",18,"29.97","2021-01-17 14:00:00"
"980850",18,"29.61","2021-01-17 14:15:00"
"980904",18,"30.34","2021-01-17 14:30:00"
"980958",18,"30.2","2021-01-17 14:45:00"
"981012",18,"29.67","2021-01-17 15:00:00"
"981066",18,"28.98","2021-01-17 15:15:00"
"981120",18,"28.8","2021-01-17 15:30:00"
"981714",18,"24.11","2021-01-17 18:15:00"
"981768",18,"24.11","2021-01-17 18:30:00"
"981822",18,"24.15","2021-01-17 18:45:00"
"981876",18,"24.15","2021-01-17 19:00:00"
"981930",18,"24.11","2021-01-17 19:15:00"
"981984",18,"24.07","2021-01-17 19:30:00"
"982038",18,"23.98","2021-01-17 19:45:00"
"982092",18,"23.92","2021-01-17 20:00:00"
"982146",18,"23.88","2021-01-17 20:15:00"
"982200",18,"23.83","2021-01-17 20:30:00"
"982848",18,"23.18","2021-01-17 23:30:00"
"982902",18,"23.12","2021-01-17 23:45:00"
"982956",18,"23.09","2021-01-18 00:00:00"
"983010",18,"23.08","2021-01-18 00:15:00"
"983064",18,"23.06","2021-01-18 00:30:00"
"983118",18,"23.01","2021-01-18 00:45:00"
"983172",18,"22.93","2021-01-18 01:00:00"
"983226",18,"22.87","2021-01-18 01:15:00"
"983280",18,"22.82","2021-01-18 01:30:00"
"983334",18,"22.8","2021-01-18 01:45:00"
"983928",18,"22.77","2021-01-18 04:30:00"
"983982",18,"22.72","2021-01-18 04:45:00"
"984036",18,"22.72","2021-01-18 05:00:00"
"984090",18,"22.72","2021-01-18 05:15:00"
"984144",18,"22.67","2021-01-18 05:30:00"
"984198",18,"22.63","2021-01-18 05:45:00"
"984252",18,"22.65","2021-01-18 06:00:00"
"984306",18,"22.66","2021-01-18 06:15:00"
"984360",18,"22.69","2021-01-18 06:30:00"
"984414",18,"22.77","2021-01-18 06:45:00"
"985062",18,"25.69","2021-01-18 09:45:00"
"985116",18,"26.29","2021-01-18 10:00:00"
"985170",18,"26.83","2021-01-18 10:15:00"
"985224",18,"28.4","2021-01-18 10:30:00"
"985278",18,"30.64","2021-01-18 10:45:00"
"985332",18,"31.91","2021-01-18 11:00:00"
"985386",18,"31.31","2021-01-18 11:15:00"
"985440",18,"32.57","2021-01-18 11:30:00"
"985494",18,"32.66","2021-01-18 11:45:00"
"985548",18,"31.27","2021-01-18 12:00:00"
"986142",18,"26.61","2021-01-18 14:45:00"
"986196",18,"27.17","2021-01-18 15:00:00"
"986250",18,"27.42","2021-01-18 15:15:00"
"986304",18,"27.68","2021-01-18 15:30:00"
"986358",18,"27.95","2021-01-18 15:45:00"
"986412",18,"28.14","2021-01-18 16:00:00"
"986466",18,"28.29","2021-01-18 16:15:00"
"986520",18,"28.38","2021-01-18 16:30:00"
"986574",18,"28.39","2021-01-18 16:45:00"
"986628",18,"28.25","2021-01-18 17:00:00"
"987816",18,"24.23","2021-01-18 22:30:00"
"987870",18,"24.16","2021-01-18 22:45:00"
"987924",18,"24.12","2021-01-18 23:00:00"
"987978",18,"24.07","2021-01-18 23:15:00"
"988032",18,"24.01","2021-01-18 23:30:00"
"988086",18,"23.98","2021-01-18 23:45:00"
"988140",18,"24","2021-01-19 00:00:00"
"988194",18,"24.02","2021-01-19 00:15:00"
"988248",18,"24.03","2021-01-19 00:30:00"
"988302",18,"24.03","2021-01-19 00:45:00"
"989436",18,"23.17","2021-01-19 06:00:00"
"989490",18,"23.12","2021-01-19 06:15:00"
"989544",18,"23.07","2021-01-19 06:30:00"
"989598",18,"23.06","2021-01-19 06:45:00"
"989652",18,"23.06","2021-01-19 07:00:00"
"989706",18,"23.08","2021-01-19 07:15:00"
"989760",18,"23.21","2021-01-19 07:30:00"
"989814",18,"23.39","2021-01-19 07:45:00"
"989868",18,"23.68","2021-01-19 08:00:00"
"989922",18,"23.95","2021-01-19 08:15:00"
"989976",18,"24.15","2021-01-19 08:30:00"
"991650",18,"25.88","2021-01-19 16:15:00"
"991704",18,"25.6","2021-01-19 16:30:00"
"991758",18,"25.4","2021-01-19 16:45:00"
"991812",18,"25.25","2021-01-19 17:00:00"
"991866",18,"25.09","2021-01-19 17:15:00"
"991920",18,"24.94","2021-01-19 17:30:00"
"991974",18,"24.81","2021-01-19 17:45:00"
"992028",18,"24.75","2021-01-19 18:00:00"
"992082",18,"24.69","2021-01-19 18:15:00"
"992136",18,"24.54","2021-01-19 18:30:00"
"993324",18,"22.62","2021-01-20 00:00:00"
"993378",18,"22.48","2021-01-20 00:15:00"
"993432",18,"22.4","2021-01-20 00:30:00"
"993486",18,"22.37","2021-01-20 00:45:00"
"993540",18,"22.46","2021-01-20 01:00:00"
"993594",18,"22.53","2021-01-20 01:15:00"
"993648",18,"22.56","2021-01-20 01:30:00"
"993702",18,"22.55","2021-01-20 01:45:00"
"993756",18,"22.51","2021-01-20 02:00:00"
"993810",18,"22.44","2021-01-20 02:15:00"
"994998",18,"22.8","2021-01-20 07:45:00"
"995052",18,"23","2021-01-20 08:00:00"
"995106",18,"23.2","2021-01-20 08:15:00"
"995160",18,"23.45","2021-01-20 08:30:00"
"995214",18,"23.78","2021-01-20 08:45:00"
"995268",18,"24.5","2021-01-20 09:00:00"
"995322",18,"25.63","2021-01-20 09:15:00"
"995376",18,"26.51","2021-01-20 09:30:00"
"995430",18,"28.1","2021-01-20 09:45:00"
"995484",18,"28.44","2021-01-20 10:00:00"
"996618",18,"28.68","2021-01-20 15:15:00"
"996672",18,"29.94","2021-01-20 15:30:00"
"996726",18,"30.36","2021-01-20 15:45:00"
"996780",18,"30.01","2021-01-20 16:00:00"
"996834",18,"30.06","2021-01-20 16:15:00"
"996888",18,"30.22","2021-01-20 16:30:00"
"996942",18,"30.13","2021-01-20 16:45:00"
"996996",18,"30.22","2021-01-20 17:00:00"
"997050",18,"29.95","2021-01-20 17:15:00"
"997104",18,"29.92","2021-01-20 17:30:00"
"998292",18,"23.17","2021-01-20 23:00:00"
"998346",18,"23.08","2021-01-20 23:15:00"
"998400",18,"23.01","2021-01-20 23:30:00"
"998454",18,"22.9","2021-01-20 23:45:00"
"998508",18,"22.77","2021-01-21 00:00:00"
"998562",18,"22.66","2021-01-21 00:15:00"
"998616",18,"22.59","2021-01-21 00:30:00"
"998670",18,"22.56","2021-01-21 00:45:00"
"998724",18,"22.54","2021-01-21 01:00:00"
"998778",18,"22.51","2021-01-21 01:15:00"
"999966",18,"21.31","2021-01-21 06:45:00"
"1000020",18,"21.57","2021-01-21 07:00:00"
"1000074",18,"21.95","2021-01-21 07:15:00"
"1000128",18,"22.45","2021-01-21 07:30:00"
"1000182",18,"22.88","2021-01-21 07:45:00"
"1000236",18,"23.23","2021-01-21 08:00:00"
"1000290",18,"23.76","2021-01-21 08:15:00"
"1000344",18,"24.45","2021-01-21 08:30:00"
"1000398",18,"24.85","2021-01-21 08:45:00"
"1000452",18,"25.42","2021-01-21 09:00:00"
"1001586",18,"32.39","2021-01-21 14:15:00"
"1001640",18,"32.87","2021-01-21 14:30:00"
"1001694",18,"32.62","2021-01-21 14:45:00"
"1001748",18,"32.06","2021-01-21 15:00:00"
"1001802",18,"31.63","2021-01-21 15:15:00"
"1001856",18,"31.61","2021-01-21 15:30:00"
"1001910",18,"31.6","2021-01-21 15:45:00"
"1001964",18,"31.42","2021-01-21 16:00:00"
"1002018",18,"31.16","2021-01-21 16:15:00"
"1002072",18,"31.18","2021-01-21 16:30:00"
"1003800",18,"22.15","2021-01-22 00:30:00"
"1003854",18,"22.08","2021-01-22 00:45:00"
"1003908",18,"22.07","2021-01-22 01:00:00"
"1003962",18,"22.08","2021-01-22 01:15:00"
"1004016",18,"21.96","2021-01-22 01:30:00"
"1004070",18,"21.84","2021-01-22 01:45:00"
"1004124",18,"21.75","2021-01-22 02:00:00"
"1004178",18,"21.65","2021-01-22 02:15:00"
"1004232",18,"21.55","2021-01-22 02:30:00"
"1004286",18,"21.46","2021-01-22 02:45:00"
"1005474",18,"23.39","2021-01-22 08:15:00"
"1005528",18,"23.83","2021-01-22 08:30:00"
"1005582",18,"24.35","2021-01-22 08:45:00"
"1005636",18,"25.18","2021-01-22 09:00:00"
"1005690",18,"26.26","2021-01-22 09:15:00"
"1005744",18,"27.4","2021-01-22 09:30:00"
"1005798",18,"28.53","2021-01-22 09:45:00"
"1005852",18,"29.28","2021-01-22 10:00:00"
"1005906",18,"29.34","2021-01-22 10:15:00"
"1005960",18,"29.68","2021-01-22 10:30:00"
"1007094",18,"34.31","2021-01-22 15:45:00"
"1007148",18,"33.48","2021-01-22 16:00:00"
"1007202",18,"32.64","2021-01-22 16:15:00"
"1007256",18,"31.96","2021-01-22 16:30:00"
"1007310",18,"31.69","2021-01-22 16:45:00"
"1007364",18,"31.34","2021-01-22 17:00:00"
"1007418",18,"30.89","2021-01-22 17:15:00"
"1007472",18,"30.33","2021-01-22 17:30:00"
"1007526",18,"29.91","2021-01-22 17:45:00"
"1007580",18,"29.64","2021-01-22 18:00:00"
"1007634",18,"29.24","2021-01-22 18:15:00"
"1008228",18,"25.41","2021-01-22 21:00:00"
"1008282",18,"25.28","2021-01-22 21:15:00"
"1008336",18,"25.15","2021-01-22 21:30:00"
"1008390",18,"25","2021-01-22 21:45:00"
"1008444",18,"24.87","2021-01-22 22:00:00"
"1008498",18,"24.75","2021-01-22 22:15:00"
"1008552",18,"24.65","2021-01-22 22:30:00"
"1008606",18,"24.56","2021-01-22 22:45:00"
"1008660",18,"24.48","2021-01-22 23:00:00"
"1008714",18,"24.32","2021-01-22 23:15:00"
"1009902",18,"21.45","2021-01-23 04:45:00"
"1009956",18,"21.33","2021-01-23 05:00:00"
"1010010",18,"21.2","2021-01-23 05:15:00"
"1010064",18,"21.08","2021-01-23 05:30:00"
"1010118",18,"20.99","2021-01-23 05:45:00"
"1010172",18,"20.9","2021-01-23 06:00:00"
"1010226",18,"20.84","2021-01-23 06:15:00"
"1010280",18,"20.89","2021-01-23 06:30:00"
"1010334",18,"21.05","2021-01-23 06:45:00"
"1010388",18,"21.29","2021-01-23 07:00:00"
"1012062",18,"34.16","2021-01-23 14:45:00"
"1012116",18,"36.84","2021-01-23 15:00:00"
"1012170",18,"38.18","2021-01-23 15:15:00"
"1012224",18,"39.02","2021-01-23 15:30:00"
"1012278",18,"39.61","2021-01-23 15:45:00"
"1012332",18,"40.03","2021-01-23 16:00:00"
"1012386",18,"40.18","2021-01-23 16:15:00"
"1012440",18,"40.1","2021-01-23 16:30:00"
"1012494",18,"40.02","2021-01-23 16:45:00"
"1012548",18,"39.94","2021-01-23 17:00:00"
"1012602",18,"37.83","2021-01-23 17:15:00"
"1013736",18,"22.25","2021-01-23 22:30:00"
"1013790",18,"22.17","2021-01-23 22:45:00"
"1013844",18,"22.45","2021-01-23 23:00:00"
"1013898",18,"22.65","2021-01-23 23:15:00"
"1013952",18,"22.76","2021-01-23 23:30:00"
"1014006",18,"22.79","2021-01-23 23:45:00"
"1014060",18,"22.77","2021-01-24 00:00:00"
"1014114",18,"22.75","2021-01-24 00:15:00"
"1014168",18,"22.69","2021-01-24 00:30:00"
"1014222",18,"22.62","2021-01-24 00:45:00"
"1015410",18,"21.88","2021-01-24 06:15:00"
"1015464",18,"21.88","2021-01-24 06:30:00"
"1015518",18,"21.94","2021-01-24 06:45:00"
"1015572",18,"22.05","2021-01-24 07:00:00"
"1015626",18,"22.16","2021-01-24 07:15:00"
"1015680",18,"22.37","2021-01-24 07:30:00"
"1015734",18,"22.59","2021-01-24 07:45:00"
"1015788",18,"22.74","2021-01-24 08:00:00"
"1015842",18,"23.1","2021-01-24 08:15:00"
"1015896",18,"23.88","2021-01-24 08:30:00"
"1017624",18,"33.33","2021-01-24 16:30:00"
"1017678",18,"31.83","2021-01-24 16:45:00"
"1017732",18,"30.62","2021-01-24 17:00:00"
"1017786",18,"30.03","2021-01-24 17:15:00"
"1017840",18,"29.77","2021-01-24 17:30:00"
"1017894",18,"29.51","2021-01-24 17:45:00"
"1017948",18,"29.3","2021-01-24 18:00:00"
"1018002",18,"28.97","2021-01-24 18:15:00"
"1018056",18,"28.44","2021-01-24 18:30:00"
"1018110",18,"27.98","2021-01-24 18:45:00"
"1019244",18,"23.18","2021-01-25 00:00:00"
"1019298",18,"23.14","2021-01-25 00:15:00"
"1019352",18,"23.07","2021-01-25 00:30:00"
"1019406",18,"22.97","2021-01-25 00:45:00"
"1019460",18,"22.86","2021-01-25 01:00:00"
"1019514",18,"22.8","2021-01-25 01:15:00"
"1019568",18,"22.73","2021-01-25 01:30:00"
"1019622",18,"22.66","2021-01-25 01:45:00"
"1019676",18,"22.59","2021-01-25 02:00:00"
"1019730",18,"22.47","2021-01-25 02:15:00"
"1019784",18,"22.35","2021-01-25 02:30:00"
"1020918",18,"22.01","2021-01-25 07:45:00"
"1020972",18,"22.21","2021-01-25 08:00:00"
"1021026",18,"22.39","2021-01-25 08:15:00"
"1021080",18,"22.71","2021-01-25 08:30:00"
"1021134",18,"23.11","2021-01-25 08:45:00"
"1021188",18,"23.53","2021-01-25 09:00:00"
"1021242",18,"23.94","2021-01-25 09:15:00"
"1021296",18,"24.43","2021-01-25 09:30:00"
"1021350",18,"24.81","2021-01-25 09:45:00"
"1021404",18,"25.14","2021-01-25 10:00:00"
"1022592",18,"30.56","2021-01-25 15:30:00"
"1022646",18,"30.27","2021-01-25 15:45:00"
"1022700",18,"29.52","2021-01-25 16:00:00"
"1022754",18,"28.63","2021-01-25 16:15:00"
"1022808",18,"28.04","2021-01-25 16:30:00"
"1022862",18,"27.46","2021-01-25 16:45:00"
"1022916",18,"26.99","2021-01-25 17:00:00"
"1022970",18,"26.66","2021-01-25 17:15:00"
"1023024",18,"26.48","2021-01-25 17:30:00"
"1023078",18,"26.28","2021-01-25 17:45:00"
"1023672",18,"23.87","2021-01-25 20:30:00"
"1023726",18,"23.73","2021-01-25 20:45:00"
"1023780",18,"23.64","2021-01-25 21:00:00"
"1023834",18,"23.55","2021-01-25 21:15:00"
"1023888",18,"23.46","2021-01-25 21:30:00"
"1023942",18,"23.36","2021-01-25 21:45:00"
"1023996",18,"23.24","2021-01-25 22:00:00"
"1024050",18,"23.14","2021-01-25 22:15:00"
"1022052",18,"29.54","2021-01-25 13:00:00"
"1022106",18,"29.95","2021-01-25 13:15:00"
"1022160",18,"30.28","2021-01-25 13:30:00"
"1022214",18,"30.22","2021-01-25 13:45:00"
"1022268",18,"30.17","2021-01-25 14:00:00"
"1022322",18,"30.77","2021-01-25 14:15:00"
"1022376",18,"31.2","2021-01-25 14:30:00"
"1022430",18,"31.02","2021-01-25 14:45:00"
"1022484",18,"31.48","2021-01-25 15:00:00"
"1022538",18,"30.97","2021-01-25 15:15:00"
"1031394",18,"24.38","2021-01-27 08:15:00"
"1031448",18,"24.76","2021-01-27 08:30:00"
"1031502",18,"25.36","2021-01-27 08:45:00"
"1031556",18,"26.03","2021-01-27 09:00:00"
"1031610",18,"26.37","2021-01-27 09:15:00"
"1031664",18,"26.63","2021-01-27 09:30:00"
"1031718",18,"26.98","2021-01-27 09:45:00"
"1031772",18,"28.04","2021-01-27 10:00:00"
"1031826",18,"29.52","2021-01-27 10:15:00"
"1031880",18,"30.73","2021-01-27 10:30:00"
"1033068",18,"35.75","2021-01-27 16:00:00"
"1033122",18,"35.6","2021-01-27 16:15:00"
"1033176",18,"35.8","2021-01-27 16:30:00"
"1033230",18,"35.8","2021-01-27 16:45:00"
"1033284",18,"35.48","2021-01-27 17:00:00"
"1033338",18,"34.88","2021-01-27 17:15:00"
"1033392",18,"34.29","2021-01-27 17:30:00"
"1033446",18,"33.66","2021-01-27 17:45:00"
"1033500",18,"33.05","2021-01-27 18:00:00"
"1033554",18,"32.46","2021-01-27 18:15:00"
"1034148",18,"26.43","2021-01-27 21:00:00"
"1034202",18,"26.03","2021-01-27 21:15:00"
"1034256",18,"25.68","2021-01-27 21:30:00"
"1034310",18,"25.38","2021-01-27 21:45:00"
"1034364",18,"25.19","2021-01-27 22:00:00"
"1034418",18,"25.03","2021-01-27 22:15:00"
"1034472",18,"24.87","2021-01-27 22:30:00"
"1034526",18,"24.73","2021-01-27 22:45:00"
"1034580",18,"24.59","2021-01-27 23:00:00"
"1034634",18,"24.46","2021-01-27 23:15:00"
"1034688",18,"24.37","2021-01-27 23:30:00"
"1035282",18,"23.83","2021-01-28 02:15:00"
"1035336",18,"23.82","2021-01-28 02:30:00"
"1035390",18,"23.77","2021-01-28 02:45:00"
"1035444",18,"23.69","2021-01-28 03:00:00"
"1035498",18,"23.67","2021-01-28 03:15:00"
"1035552",18,"23.64","2021-01-28 03:30:00"
"1035606",18,"23.44","2021-01-28 03:45:00"
"1035660",18,"23.33","2021-01-28 04:00:00"
"1035714",18,"23.31","2021-01-28 04:15:00"
"1035768",18,"23.32","2021-01-28 04:30:00"
"1036902",18,"25.46","2021-01-28 09:45:00"
"1036956",18,"26.38","2021-01-28 10:00:00"
"1037010",18,"28.07","2021-01-28 10:15:00"
"1037064",18,"28.93","2021-01-28 10:30:00"
"1037118",18,"28.82","2021-01-28 10:45:00"
"1037172",18,"29.01","2021-01-28 11:00:00"
"1037226",18,"30.66","2021-01-28 11:15:00"
"1037280",18,"31.54","2021-01-28 11:30:00"
"1037334",18,"32.05","2021-01-28 11:45:00"
"1037388",18,"33.17","2021-01-28 12:00:00"
"1037442",18,"32.67","2021-01-28 12:15:00"
"1039710",18,"23.67","2021-01-28 22:45:00"
"1039764",18,"23.52","2021-01-28 23:00:00"
"1039818",18,"23.39","2021-01-28 23:15:00"
"1039872",18,"23.17","2021-01-28 23:30:00"
"1039926",18,"23.01","2021-01-28 23:45:00"
"1039980",18,"22.96","2021-01-29 00:00:00"
"1040034",18,"22.93","2021-01-29 00:15:00"
"1040088",18,"22.91","2021-01-29 00:30:00"
"1040142",18,"22.93","2021-01-29 00:45:00"
"1040196",18,"22.92","2021-01-29 01:00:00"
"1040790",18,"22.48","2021-01-29 03:45:00"
"1040844",18,"22.44","2021-01-29 04:00:00"
"1040898",18,"22.43","2021-01-29 04:15:00"
"1040952",18,"22.42","2021-01-29 04:30:00"
"1041006",18,"22.38","2021-01-29 04:45:00"
"1041060",18,"22.32","2021-01-29 05:00:00"
"1041114",18,"22.27","2021-01-29 05:15:00"
"1041168",18,"22.24","2021-01-29 05:30:00"
"1041222",18,"22.24","2021-01-29 05:45:00"
"1041276",18,"22.22","2021-01-29 06:00:00"
"1042464",18,"31.62","2021-01-29 11:30:00"
"1042518",18,"31.63","2021-01-29 11:45:00"
"1042572",18,"30.59","2021-01-29 12:00:00"
"1042626",18,"30.01","2021-01-29 12:15:00"
"1042680",18,"29.62","2021-01-29 12:30:00"
"1042734",18,"29.42","2021-01-29 12:45:00"
"1042788",18,"29.26","2021-01-29 13:00:00"
"1042842",18,"29.66","2021-01-29 13:15:00"
"1042896",18,"30.02","2021-01-29 13:30:00"
"1042950",18,"31.01","2021-01-29 13:45:00"
"1044084",18,"27.43","2021-01-29 19:00:00"
"1044138",18,"27","2021-01-29 19:15:00"
"1044192",18,"26.59","2021-01-29 19:30:00"
"1044246",18,"26.22","2021-01-29 19:45:00"
"1044300",18,"25.86","2021-01-29 20:00:00"
"1044354",18,"25.59","2021-01-29 20:15:00"
"1044408",18,"25.38","2021-01-29 20:30:00"
"1044462",18,"25.15","2021-01-29 20:45:00"
"1044516",18,"24.95","2021-01-29 21:00:00"
"1044570",18,"24.74","2021-01-29 21:15:00"
"1044624",18,"24.48","2021-01-29 21:30:00"
"1045758",18,"23.17","2021-01-30 02:45:00"
"1045812",18,"23.11","2021-01-30 03:00:00"
"1045866",18,"23.04","2021-01-30 03:15:00"
"1045920",18,"23","2021-01-30 03:30:00"
"1045974",18,"23.01","2021-01-30 03:45:00"
"1046028",18,"23.04","2021-01-30 04:00:00"
"1046082",18,"23.04","2021-01-30 04:15:00"
"1046136",18,"23.03","2021-01-30 04:30:00"
"1046190",18,"23.01","2021-01-30 04:45:00"
"1046244",18,"22.95","2021-01-30 05:00:00"
"1047432",18,"28.18","2021-01-30 10:30:00"
"1047486",18,"28.21","2021-01-30 10:45:00"
"1047540",18,"28.05","2021-01-30 11:00:00"
"1047594",18,"27.7","2021-01-30 11:15:00"
"1047648",18,"27.17","2021-01-30 11:30:00"
"1047702",18,"27.23","2021-01-30 11:45:00"
"1047756",18,"26.99","2021-01-30 12:00:00"
"1047810",18,"26.92","2021-01-30 12:15:00"
"1047864",18,"26.33","2021-01-30 12:30:00"
"1047918",18,"26.14","2021-01-30 12:45:00"
"1048512",18,"33.07","2021-01-30 15:30:00"
"1048566",18,"32.05","2021-01-30 15:45:00"
"1048620",18,"31.36","2021-01-30 16:00:00"
"1048674",18,"30.75","2021-01-30 16:15:00"
"1048728",18,"29.93","2021-01-30 16:30:00"
"1048782",18,"29.31","2021-01-30 16:45:00"
"1048836",18,"28.9","2021-01-30 17:00:00"
"1048890",18,"28.59","2021-01-30 17:15:00"
"1048944",18,"28.21","2021-01-30 17:30:00"
"1048998",18,"27.73","2021-01-30 17:45:00"
"1050726",18,"22.67","2021-01-31 01:45:00"
"1050780",18,"22.63","2021-01-31 02:00:00"
"1050834",18,"22.58","2021-01-31 02:15:00"
"1050888",18,"22.53","2021-01-31 02:30:00"
"1050942",18,"22.47","2021-01-31 02:45:00"
"1050996",18,"22.39","2021-01-31 03:00:00"
"1051050",18,"22.34","2021-01-31 03:15:00"
"1051104",18,"22.26","2021-01-31 03:30:00"
"1051158",18,"22.19","2021-01-31 03:45:00"
"1051212",18,"22.16","2021-01-31 04:00:00"
"1051806",18,"21.86","2021-01-31 06:45:00"
"1051860",18,"22.01","2021-01-31 07:00:00"
"1051914",18,"22.25","2021-01-31 07:15:00"
"1051968",18,"22.44","2021-01-31 07:30:00"
"1052022",18,"22.83","2021-01-31 07:45:00"
"1052076",18,"23.05","2021-01-31 08:00:00"
"1052130",18,"23.31","2021-01-31 08:15:00"
"1052184",18,"23.88","2021-01-31 08:30:00"
"1052238",18,"24.11","2021-01-31 08:45:00"
"1052292",18,"24.4","2021-01-31 09:00:00"
"1052346",18,"24.88","2021-01-31 09:15:00"
"1053480",18,"29.72","2021-01-31 14:30:00"
"1053534",18,"31.16","2021-01-31 14:45:00"
"1053588",18,"31.02","2021-01-31 15:00:00"
"1053642",18,"31.66","2021-01-31 15:15:00"
"1053696",18,"31.42","2021-01-31 15:30:00"
"1053750",18,"31.72","2021-01-31 15:45:00"
"1053804",18,"31.86","2021-01-31 16:00:00"
"1053858",18,"31.23","2021-01-31 16:15:00"
"1053912",18,"31.67","2021-01-31 16:30:00"
"1053966",18,"30.68","2021-01-31 16:45:00"
"1055154",18,"22.9","2021-01-31 22:15:00"
"1055208",18,"22.77","2021-01-31 22:30:00"
"1055262",18,"22.67","2021-01-31 22:45:00"
"1055316",18,"22.46","2021-01-31 23:00:00"
"1055370",18,"22.23","2021-01-31 23:15:00"
"1055424",18,"22.04","2021-01-31 23:30:00"
"1055478",18,"21.95","2021-01-31 23:45:00"
"1055532",18,"21.87","2021-02-01 00:00:00"
"1055586",18,"21.79","2021-02-01 00:15:00"
"1055640",18,"21.77","2021-02-01 00:30:00"
"1056774",18,"21.32","2021-02-01 05:45:00"
"1056828",18,"21.27","2021-02-01 06:00:00"
"1056882",18,"21.31","2021-02-01 06:15:00"
"1056936",18,"21.39","2021-02-01 06:30:00"
"1056990",18,"21.52","2021-02-01 06:45:00"
"1057044",18,"21.61","2021-02-01 07:00:00"
"1057098",18,"21.75","2021-02-01 07:15:00"
"1057152",18,"21.97","2021-02-01 07:30:00"
"1057206",18,"22.24","2021-02-01 07:45:00"
"1057260",18,"22.41","2021-02-01 08:00:00"
"1057314",18,"22.59","2021-02-01 08:15:00"
"1058448",18,"33.75","2021-02-01 13:30:00"
"1058502",18,"33.28","2021-02-01 13:45:00"
"1058556",18,"33.48","2021-02-01 14:00:00"
"1058610",18,"34.14","2021-02-01 14:15:00"
"1058664",18,"33.85","2021-02-01 14:30:00"
"1058718",18,"33.36","2021-02-01 14:45:00"
"1058772",18,"32.84","2021-02-01 15:00:00"
"1058826",18,"33.34","2021-02-01 15:15:00"
"1058880",18,"33.43","2021-02-01 15:30:00"
"1058934",18,"33.51","2021-02-01 15:45:00"
"1060122",18,"25.41","2021-02-01 21:15:00"
"1060176",18,"25.27","2021-02-01 21:30:00"
"1060230",18,"25.12","2021-02-01 21:45:00"
"1060284",18,"24.99","2021-02-01 22:00:00"
"1060338",18,"24.89","2021-02-01 22:15:00"
"1060392",18,"24.76","2021-02-01 22:30:00"
"1060446",18,"24.65","2021-02-01 22:45:00"
"1060500",18,"24.55","2021-02-01 23:00:00"
"1060554",18,"24.44","2021-02-01 23:15:00"
"1060608",18,"24.34","2021-02-01 23:30:00"
"1061742",18,"22.52","2021-02-02 04:45:00"
"1061796",18,"22.36","2021-02-02 05:00:00"
"1061850",18,"22.23","2021-02-02 05:15:00"
"1061904",18,"22.12","2021-02-02 05:30:00"
"1061958",18,"21.99","2021-02-02 05:45:00"
"1062012",18,"21.85","2021-02-02 06:00:00"
"1062066",18,"21.73","2021-02-02 06:15:00"
"1062120",18,"21.63","2021-02-02 06:30:00"
"1062174",18,"21.6","2021-02-02 06:45:00"
"1062228",18,"21.68","2021-02-02 07:00:00"
"1062282",18,"21.81","2021-02-02 07:15:00"
"1063416",18,"36.79","2021-02-02 12:30:00"
"1063470",18,"37.91","2021-02-02 12:45:00"
"1063524",18,"38.76","2021-02-02 13:00:00"
"1063578",18,"39.17","2021-02-02 13:15:00"
"1063632",18,"38.72","2021-02-02 13:30:00"
"1063686",18,"38.76","2021-02-02 13:45:00"
"1063740",18,"39.17","2021-02-02 14:00:00"
"1063794",18,"39.49","2021-02-02 14:15:00"
"1063848",18,"38.94","2021-02-02 14:30:00"
"1021512",18,"27.79","2021-01-25 10:30:00"
"1021566",18,"29.37","2021-01-25 10:45:00"
"1021620",18,"30.14","2021-01-25 11:00:00"
"1021674",18,"31.08","2021-01-25 11:15:00"
"1021728",18,"31.44","2021-01-25 11:30:00"
"1021782",18,"31.74","2021-01-25 11:45:00"
"1021836",18,"31.58","2021-01-25 12:00:00"
"1021890",18,"31.05","2021-01-25 12:15:00"
"1021944",18,"30.3","2021-01-25 12:30:00"
"1023132",18,"26.11","2021-01-25 18:00:00"
"1023186",18,"25.92","2021-01-25 18:15:00"
"1023240",18,"25.68","2021-01-25 18:30:00"
"1023294",18,"25.44","2021-01-25 18:45:00"
"1023348",18,"25.1","2021-01-25 19:00:00"
"1023402",18,"24.81","2021-01-25 19:15:00"
"1023456",18,"24.56","2021-01-25 19:30:00"
"1023510",18,"24.35","2021-01-25 19:45:00"
"1023564",18,"24.16","2021-01-25 20:00:00"
"1023618",18,"24.01","2021-01-25 20:15:00"
"1024212",18,"22.91","2021-01-25 23:00:00"
"1024266",18,"22.84","2021-01-25 23:15:00"
"1024320",18,"22.78","2021-01-25 23:30:00"
"1024374",18,"22.7","2021-01-25 23:45:00"
"1024428",18,"22.61","2021-01-26 00:00:00"
"1024482",18,"22.54","2021-01-26 00:15:00"
"1024536",18,"22.5","2021-01-26 00:30:00"
"1024590",18,"22.44","2021-01-26 00:45:00"
"1024644",18,"22.37","2021-01-26 01:00:00"
"1024698",18,"22.31","2021-01-26 01:15:00"
"1024752",18,"22.25","2021-01-26 01:30:00"
"1025346",18,"21.83","2021-01-26 04:15:00"
"1025400",18,"21.78","2021-01-26 04:30:00"
"1025454",18,"21.7","2021-01-26 04:45:00"
"1025508",18,"21.56","2021-01-26 05:00:00"
"1025562",18,"21.39","2021-01-26 05:15:00"
"1025616",18,"21.27","2021-01-26 05:30:00"
"1025670",18,"21.16","2021-01-26 05:45:00"
"1025724",18,"21.08","2021-01-26 06:00:00"
"1025778",18,"20.98","2021-01-26 06:15:00"
"1025832",18,"20.97","2021-01-26 06:30:00"
"1026426",18,"25.02","2021-01-26 09:15:00"
"1026480",18,"26.08","2021-01-26 09:30:00"
"1026534",18,"27.03","2021-01-26 09:45:00"
"1026588",18,"28.09","2021-01-26 10:00:00"
"1026642",18,"29.39","2021-01-26 10:15:00"
"1026696",18,"31.21","2021-01-26 10:30:00"
"1026750",18,"32.77","2021-01-26 10:45:00"
"1026804",18,"34.13","2021-01-26 11:00:00"
"1026858",18,"35.04","2021-01-26 11:15:00"
"1026912",18,"35.86","2021-01-26 11:30:00"
"1027560",18,"42.44","2021-01-26 14:30:00"
"1027614",18,"42.42","2021-01-26 14:45:00"
"1027668",18,"41.51","2021-01-26 15:00:00"
"1027722",18,"41.04","2021-01-26 15:15:00"
"1027776",18,"41.87","2021-01-26 15:30:00"
"1027830",18,"42.53","2021-01-26 15:45:00"
"1027884",18,"42.44","2021-01-26 16:00:00"
"1027938",18,"41.24","2021-01-26 16:15:00"
"1027992",18,"39.26","2021-01-26 16:30:00"
"1028046",18,"38.05","2021-01-26 16:45:00"
"1028640",18,"30.35","2021-01-26 19:30:00"
"1028694",18,"29.78","2021-01-26 19:45:00"
"1028748",18,"29.24","2021-01-26 20:00:00"
"1028802",18,"28.76","2021-01-26 20:15:00"
"1028856",18,"28.34","2021-01-26 20:30:00"
"1028910",18,"27.97","2021-01-26 20:45:00"
"1028964",18,"27.62","2021-01-26 21:00:00"
"1029018",18,"27.31","2021-01-26 21:15:00"
"1029072",18,"27.04","2021-01-26 21:30:00"
"1029126",18,"26.78","2021-01-26 21:45:00"
"1029180",18,"26.55","2021-01-26 22:00:00"
"1029234",18,"26.33","2021-01-26 22:15:00"
"1029288",18,"26.16","2021-01-26 22:30:00"
"1029342",18,"26.02","2021-01-26 22:45:00"
"1029396",18,"25.94","2021-01-26 23:00:00"
"1029450",18,"25.84","2021-01-26 23:15:00"
"1029504",18,"25.68","2021-01-26 23:30:00"
"1029558",18,"25.51","2021-01-26 23:45:00"
"1029612",18,"25.41","2021-01-27 00:00:00"
"1029666",18,"25.26","2021-01-27 00:15:00"
"1029720",18,"25.01","2021-01-27 00:30:00"
"1030314",18,"23.33","2021-01-27 03:15:00"
"1030368",18,"23.34","2021-01-27 03:30:00"
"1030422",18,"23.18","2021-01-27 03:45:00"
"1030476",18,"23.02","2021-01-27 04:00:00"
"1030530",18,"22.93","2021-01-27 04:15:00"
"1030584",18,"22.83","2021-01-27 04:30:00"
"1030638",18,"22.73","2021-01-27 04:45:00"
"1030692",18,"22.64","2021-01-27 05:00:00"
"1030746",18,"22.54","2021-01-27 05:15:00"
"1030800",18,"22.45","2021-01-27 05:30:00"
"1031934",18,"31.44","2021-01-27 10:45:00"
"1031988",18,"32.55","2021-01-27 11:00:00"
"1032042",18,"33.21","2021-01-27 11:15:00"
"1032096",18,"33.04","2021-01-27 11:30:00"
"1032150",18,"33.04","2021-01-27 11:45:00"
"1032204",18,"35","2021-01-27 12:00:00"
"1032258",18,"36.85","2021-01-27 12:15:00"
"1032312",18,"38.57","2021-01-27 12:30:00"
"1032366",18,"40.15","2021-01-27 12:45:00"
"1032420",18,"40.78","2021-01-27 13:00:00"
"1032474",18,"40.72","2021-01-27 13:15:00"
"1033608",18,"31.91","2021-01-27 18:30:00"
"1033662",18,"31.33","2021-01-27 18:45:00"
"1033716",18,"30.71","2021-01-27 19:00:00"
"1033770",18,"30.11","2021-01-27 19:15:00"
"1033824",18,"29.45","2021-01-27 19:30:00"
"1033878",18,"28.85","2021-01-27 19:45:00"
"1033932",18,"28.37","2021-01-27 20:00:00"
"1033986",18,"27.96","2021-01-27 20:15:00"
"1034040",18,"27.41","2021-01-27 20:30:00"
"1034094",18,"26.89","2021-01-27 20:45:00"
"1035822",18,"23.34","2021-01-28 04:45:00"
"1035876",18,"23.31","2021-01-28 05:00:00"
"1035930",18,"23.26","2021-01-28 05:15:00"
"1035984",18,"23.19","2021-01-28 05:30:00"
"1036038",18,"23.19","2021-01-28 05:45:00"
"1036092",18,"23.17","2021-01-28 06:00:00"
"1036146",18,"23.16","2021-01-28 06:15:00"
"1036200",18,"23.19","2021-01-28 06:30:00"
"1036254",18,"23.28","2021-01-28 06:45:00"
"1036308",18,"23.43","2021-01-28 07:00:00"
"1037496",18,"33.56","2021-01-28 12:30:00"
"1037550",18,"34.23","2021-01-28 12:45:00"
"1037604",18,"33.78","2021-01-28 13:00:00"
"1037658",18,"32.87","2021-01-28 13:15:00"
"1037712",18,"31.32","2021-01-28 13:30:00"
"1037766",18,"30.44","2021-01-28 13:45:00"
"1037820",18,"30.27","2021-01-28 14:00:00"
"1037874",18,"31.18","2021-01-28 14:15:00"
"1037928",18,"33.39","2021-01-28 14:30:00"
"1037982",18,"31.53","2021-01-28 14:45:00"
"1038576",18,"28.38","2021-01-28 17:30:00"
"1038630",18,"28.09","2021-01-28 17:45:00"
"1038684",18,"27.81","2021-01-28 18:00:00"
"1038738",18,"27.53","2021-01-28 18:15:00"
"1038792",18,"27.23","2021-01-28 18:30:00"
"1038846",18,"26.94","2021-01-28 18:45:00"
"1038900",18,"26.66","2021-01-28 19:00:00"
"1038954",18,"26.4","2021-01-28 19:15:00"
"1039008",18,"26.08","2021-01-28 19:30:00"
"1039062",18,"25.22","2021-01-28 19:45:00"
"1040250",18,"22.89","2021-01-29 01:15:00"
"1040304",18,"22.86","2021-01-29 01:30:00"
"1040358",18,"22.83","2021-01-29 01:45:00"
"1040412",18,"22.78","2021-01-29 02:00:00"
"1040466",18,"22.75","2021-01-29 02:15:00"
"1040520",18,"22.71","2021-01-29 02:30:00"
"1040574",18,"22.65","2021-01-29 02:45:00"
"1040628",18,"22.63","2021-01-29 03:00:00"
"1040682",18,"22.6","2021-01-29 03:15:00"
"1040736",18,"22.54","2021-01-29 03:30:00"
"1041870",18,"24.53","2021-01-29 08:45:00"
"1041924",18,"25.24","2021-01-29 09:00:00"
"1041978",18,"25.79","2021-01-29 09:15:00"
"1042032",18,"26.13","2021-01-29 09:30:00"
"1042086",18,"26.37","2021-01-29 09:45:00"
"1042140",18,"27.27","2021-01-29 10:00:00"
"1042194",18,"27.91","2021-01-29 10:15:00"
"1042248",18,"28.34","2021-01-29 10:30:00"
"1042302",18,"28.59","2021-01-29 10:45:00"
"1042356",18,"28.92","2021-01-29 11:00:00"
"1042410",18,"29.97","2021-01-29 11:15:00"
"1043544",18,"31.7","2021-01-29 16:30:00"
"1043598",18,"31.55","2021-01-29 16:45:00"
"1043652",18,"31.54","2021-01-29 17:00:00"
"1043706",18,"30.78","2021-01-29 17:15:00"
"1043760",18,"30.07","2021-01-29 17:30:00"
"1043814",18,"29.65","2021-01-29 17:45:00"
"1043868",18,"29.2","2021-01-29 18:00:00"
"1043922",18,"28.77","2021-01-29 18:15:00"
"1043976",18,"28.36","2021-01-29 18:30:00"
"1044030",18,"27.93","2021-01-29 18:45:00"
"1045218",18,"23.7","2021-01-30 00:15:00"
"1045272",18,"23.63","2021-01-30 00:30:00"
"1045326",18,"23.61","2021-01-30 00:45:00"
"1045380",18,"23.54","2021-01-30 01:00:00"
"1045434",18,"23.42","2021-01-30 01:15:00"
"1045488",18,"23.33","2021-01-30 01:30:00"
"1045542",18,"23.28","2021-01-30 01:45:00"
"1045596",18,"23.26","2021-01-30 02:00:00"
"1045650",18,"23.25","2021-01-30 02:15:00"
"1045704",18,"23.21","2021-01-30 02:30:00"
"1046838",18,"23.73","2021-01-30 07:45:00"
"1046892",18,"24.08","2021-01-30 08:00:00"
"1046946",18,"24.65","2021-01-30 08:15:00"
"1047000",18,"25.33","2021-01-30 08:30:00"
"1047054",18,"25.65","2021-01-30 08:45:00"
"1047108",18,"26.06","2021-01-30 09:00:00"
"1047162",18,"26.54","2021-01-30 09:15:00"
"1047216",18,"26.85","2021-01-30 09:30:00"
"1047270",18,"26.98","2021-01-30 09:45:00"
"1047324",18,"27.21","2021-01-30 10:00:00"
"1047378",18,"27.77","2021-01-30 10:15:00"
"1049052",18,"27.4","2021-01-30 18:00:00"
"1049106",18,"27.06","2021-01-30 18:15:00"
"1049160",18,"26.62","2021-01-30 18:30:00"
"1049214",18,"26.23","2021-01-30 18:45:00"
"1049268",18,"25.9","2021-01-30 19:00:00"
"1049322",18,"25.62","2021-01-30 19:15:00"
"1049376",18,"25.35","2021-01-30 19:30:00"
"1049430",18,"25.1","2021-01-30 19:45:00"
"1049484",18,"24.86","2021-01-30 20:00:00"
"1049538",18,"24.63","2021-01-30 20:15:00"
"1049592",18,"24.45","2021-01-30 20:30:00"
"1050186",18,"23","2021-01-30 23:15:00"
"1050240",18,"22.94","2021-01-30 23:30:00"
"1050294",18,"22.94","2021-01-30 23:45:00"
"1050348",18,"22.92","2021-01-31 00:00:00"
"1050402",18,"22.88","2021-01-31 00:15:00"
"1050456",18,"22.85","2021-01-31 00:30:00"
"1050510",18,"22.78","2021-01-31 00:45:00"
"1050564",18,"22.73","2021-01-31 01:00:00"
"1050618",18,"22.71","2021-01-31 01:15:00"
"1050672",18,"22.71","2021-01-31 01:30:00"
"1052400",18,"25.11","2021-01-31 09:30:00"
"1052454",18,"25.05","2021-01-31 09:45:00"
"1052508",18,"25.17","2021-01-31 10:00:00"
"1052562",18,"26.01","2021-01-31 10:15:00"
"1052616",18,"27.84","2021-01-31 10:30:00"
"1052670",18,"29.55","2021-01-31 10:45:00"
"1052724",18,"31.63","2021-01-31 11:00:00"
"1052778",18,"32.18","2021-01-31 11:15:00"
"1052832",18,"31.54","2021-01-31 11:30:00"
"1052886",18,"31.82","2021-01-31 11:45:00"
"1054020",18,"29.47","2021-01-31 17:00:00"
"1054074",18,"28.72","2021-01-31 17:15:00"
"1054128",18,"28.25","2021-01-31 17:30:00"
"1054182",18,"27.91","2021-01-31 17:45:00"
"1054236",18,"27.26","2021-01-31 18:00:00"
"1054290",18,"25.58","2021-01-31 18:15:00"
"1054344",18,"24.98","2021-01-31 18:30:00"
"1054398",18,"24.73","2021-01-31 18:45:00"
"1054452",18,"24.51","2021-01-31 19:00:00"
"1054506",18,"24.27","2021-01-31 19:15:00"
"1054560",18,"24.11","2021-01-31 19:30:00"
"1055694",18,"21.74","2021-02-01 00:45:00"
"1055748",18,"21.71","2021-02-01 01:00:00"
"1055802",18,"21.73","2021-02-01 01:15:00"
"1055856",18,"21.71","2021-02-01 01:30:00"
"1055910",18,"21.77","2021-02-01 01:45:00"
"1055964",18,"21.83","2021-02-01 02:00:00"
"1056018",18,"21.85","2021-02-01 02:15:00"
"1056072",18,"21.85","2021-02-01 02:30:00"
"1056126",18,"21.85","2021-02-01 02:45:00"
"1056180",18,"21.85","2021-02-01 03:00:00"
"1057368",18,"22.97","2021-02-01 08:30:00"
"1057422",18,"23.48","2021-02-01 08:45:00"
"1057476",18,"23.8","2021-02-01 09:00:00"
"1057530",18,"24","2021-02-01 09:15:00"
"1057584",18,"24.57","2021-02-01 09:30:00"
"1057638",18,"25.68","2021-02-01 09:45:00"
"1057692",18,"26.64","2021-02-01 10:00:00"
"1057746",18,"27.44","2021-02-01 10:15:00"
"1057800",18,"28.65","2021-02-01 10:30:00"
"1057854",18,"29.13","2021-02-01 10:45:00"
"1058988",18,"32.72","2021-02-01 16:00:00"
"1059042",18,"32.17","2021-02-01 16:15:00"
"1059096",18,"31.95","2021-02-01 16:30:00"
"1059150",18,"32.12","2021-02-01 16:45:00"
"1059204",18,"32.56","2021-02-01 17:00:00"
"1059258",18,"32.61","2021-02-01 17:15:00"
"1059312",18,"32.01","2021-02-01 17:30:00"
"1059366",18,"31.06","2021-02-01 17:45:00"
"1059420",18,"30.32","2021-02-01 18:00:00"
"1059474",18,"29.79","2021-02-01 18:15:00"
"1059528",18,"29.38","2021-02-01 18:30:00"
"1060662",18,"24.24","2021-02-01 23:45:00"
"1060716",18,"24.15","2021-02-02 00:00:00"
"1060770",18,"24.08","2021-02-02 00:15:00"
"1060824",18,"24.02","2021-02-02 00:30:00"
"1060878",18,"23.94","2021-02-02 00:45:00"
"1060932",18,"23.84","2021-02-02 01:00:00"
"1060986",18,"23.83","2021-02-02 01:15:00"
"1061040",18,"23.85","2021-02-02 01:30:00"
"1061094",18,"23.82","2021-02-02 01:45:00"
"1061148",18,"23.76","2021-02-02 02:00:00"
"1062336",18,"21.98","2021-02-02 07:30:00"
"1062390",18,"22.21","2021-02-02 07:45:00"
"1062444",18,"22.53","2021-02-02 08:00:00"
"1062498",18,"22.94","2021-02-02 08:15:00"
"1062552",18,"23.22","2021-02-02 08:30:00"
"1062606",18,"23.68","2021-02-02 08:45:00"
"1062660",18,"24.23","2021-02-02 09:00:00"
"1062714",18,"25.07","2021-02-02 09:15:00"
"1062768",18,"26.28","2021-02-02 09:30:00"
"1062822",18,"27.49","2021-02-02 09:45:00"
"1063956",18,"37.12","2021-02-02 15:00:00"
"1064010",18,"36.9","2021-02-02 15:15:00"
"1064064",18,"38.34","2021-02-02 15:30:00"
"1064118",18,"39.48","2021-02-02 15:45:00"
"1064172",18,"40.09","2021-02-02 16:00:00"
"1064226",18,"38.73","2021-02-02 16:15:00"
"1024104",18,"23.06","2021-01-25 22:30:00"
"1024158",18,"22.98","2021-01-25 22:45:00"
"1024806",18,"22.17","2021-01-26 01:45:00"
"1024860",18,"22.11","2021-01-26 02:00:00"
"1024914",18,"22.08","2021-01-26 02:15:00"
"1024968",18,"22.07","2021-01-26 02:30:00"
"1025022",18,"22.05","2021-01-26 02:45:00"
"1025076",18,"22.02","2021-01-26 03:00:00"
"1025130",18,"22.02","2021-01-26 03:15:00"
"1025184",18,"21.99","2021-01-26 03:30:00"
"1025238",18,"21.96","2021-01-26 03:45:00"
"1025292",18,"21.89","2021-01-26 04:00:00"
"1025886",18,"21.03","2021-01-26 06:45:00"
"1025940",18,"21.13","2021-01-26 07:00:00"
"1025994",18,"21.37","2021-01-26 07:15:00"
"1026048",18,"21.66","2021-01-26 07:30:00"
"1026102",18,"21.92","2021-01-26 07:45:00"
"1026156",18,"22.15","2021-01-26 08:00:00"
"1026210",18,"22.43","2021-01-26 08:15:00"
"1026264",18,"22.94","2021-01-26 08:30:00"
"1026318",18,"23.46","2021-01-26 08:45:00"
"1026372",18,"24.04","2021-01-26 09:00:00"
"1026966",18,"36.74","2021-01-26 11:45:00"
"1027020",18,"37.02","2021-01-26 12:00:00"
"1027074",18,"37.12","2021-01-26 12:15:00"
"1027128",18,"37.82","2021-01-26 12:30:00"
"1027182",18,"39.3","2021-01-26 12:45:00"
"1027236",18,"39.9","2021-01-26 13:00:00"
"1027290",18,"40.08","2021-01-26 13:15:00"
"1027344",18,"40.57","2021-01-26 13:30:00"
"1027398",18,"41.28","2021-01-26 13:45:00"
"1027452",18,"41.58","2021-01-26 14:00:00"
"1027506",18,"42.28","2021-01-26 14:15:00"
"1028100",18,"37.38","2021-01-26 17:00:00"
"1028154",18,"36.87","2021-01-26 17:15:00"
"1028208",18,"36.12","2021-01-26 17:30:00"
"1028262",18,"35.37","2021-01-26 17:45:00"
"1028316",18,"34.58","2021-01-26 18:00:00"
"1028370",18,"33.84","2021-01-26 18:15:00"
"1028424",18,"33.11","2021-01-26 18:30:00"
"1028478",18,"32.38","2021-01-26 18:45:00"
"1028532",18,"31.66","2021-01-26 19:00:00"
"1028586",18,"30.99","2021-01-26 19:15:00"
"1029774",18,"24.75","2021-01-27 00:45:00"
"1029828",18,"24.51","2021-01-27 01:00:00"
"1029882",18,"24.29","2021-01-27 01:15:00"
"1029936",18,"24.11","2021-01-27 01:30:00"
"1029990",18,"23.97","2021-01-27 01:45:00"
"1030044",18,"23.82","2021-01-27 02:00:00"
"1030098",18,"23.68","2021-01-27 02:15:00"
"1030152",18,"23.54","2021-01-27 02:30:00"
"1030206",18,"23.42","2021-01-27 02:45:00"
"1030260",18,"23.34","2021-01-27 03:00:00"
"1030854",18,"22.39","2021-01-27 05:45:00"
"1030908",18,"22.37","2021-01-27 06:00:00"
"1030962",18,"22.47","2021-01-27 06:15:00"
"1031016",18,"22.65","2021-01-27 06:30:00"
"1031070",18,"22.86","2021-01-27 06:45:00"
"1031124",18,"23.05","2021-01-27 07:00:00"
"1031178",18,"23.29","2021-01-27 07:15:00"
"1031232",18,"23.56","2021-01-27 07:30:00"
"1031286",18,"23.91","2021-01-27 07:45:00"
"1031340",18,"24.23","2021-01-27 08:00:00"
"1032528",18,"41.41","2021-01-27 13:30:00"
"1032582",18,"40.44","2021-01-27 13:45:00"
"1032636",18,"39.87","2021-01-27 14:00:00"
"1032690",18,"38.49","2021-01-27 14:15:00"
"1032744",18,"36.65","2021-01-27 14:30:00"
"1032798",18,"34.98","2021-01-27 14:45:00"
"1032852",18,"34.36","2021-01-27 15:00:00"
"1032906",18,"34.43","2021-01-27 15:15:00"
"1032960",18,"34.77","2021-01-27 15:30:00"
"1033014",18,"35.32","2021-01-27 15:45:00"
"1034742",18,"24.31","2021-01-27 23:45:00"
"1034796",18,"24.24","2021-01-28 00:00:00"
"1034850",18,"24.17","2021-01-28 00:15:00"
"1034904",18,"24.1","2021-01-28 00:30:00"
"1034958",18,"24.01","2021-01-28 00:45:00"
"1035012",18,"23.94","2021-01-28 01:00:00"
"1035066",18,"23.88","2021-01-28 01:15:00"
"1035120",18,"23.87","2021-01-28 01:30:00"
"1035174",18,"23.86","2021-01-28 01:45:00"
"1035228",18,"23.85","2021-01-28 02:00:00"
"1036362",18,"23.58","2021-01-28 07:15:00"
"1036416",18,"23.64","2021-01-28 07:30:00"
"1036470",18,"23.7","2021-01-28 07:45:00"
"1036524",18,"23.92","2021-01-28 08:00:00"
"1036578",18,"24.25","2021-01-28 08:15:00"
"1036632",18,"24.61","2021-01-28 08:30:00"
"1036686",18,"24.77","2021-01-28 08:45:00"
"1036740",18,"24.99","2021-01-28 09:00:00"
"1036794",18,"25.12","2021-01-28 09:15:00"
"1036848",18,"25.27","2021-01-28 09:30:00"
"1038036",18,"29.33","2021-01-28 15:00:00"
"1038090",18,"28.48","2021-01-28 15:15:00"
"1038144",18,"28.11","2021-01-28 15:30:00"
"1038198",18,"28.42","2021-01-28 15:45:00"
"1038252",18,"30.4","2021-01-28 16:00:00"
"1038306",18,"31.6","2021-01-28 16:15:00"
"1038360",18,"30.2","2021-01-28 16:30:00"
"1038414",18,"29.47","2021-01-28 16:45:00"
"1038468",18,"29.04","2021-01-28 17:00:00"
"1038522",18,"28.7","2021-01-28 17:15:00"
"1039116",18,"24.51","2021-01-28 20:00:00"
"1039170",18,"24.41","2021-01-28 20:15:00"
"1039224",18,"24.36","2021-01-28 20:30:00"
"1039278",18,"24.26","2021-01-28 20:45:00"
"1039332",18,"24.18","2021-01-28 21:00:00"
"1039386",18,"24.09","2021-01-28 21:15:00"
"1039440",18,"24","2021-01-28 21:30:00"
"1039494",18,"23.9","2021-01-28 21:45:00"
"1039548",18,"23.81","2021-01-28 22:00:00"
"1039602",18,"23.74","2021-01-28 22:15:00"
"1039656",18,"23.72","2021-01-28 22:30:00"
"1041330",18,"22.25","2021-01-29 06:15:00"
"1041384",18,"22.29","2021-01-29 06:30:00"
"1041438",18,"22.33","2021-01-29 06:45:00"
"1041492",18,"22.37","2021-01-29 07:00:00"
"1041546",18,"22.43","2021-01-29 07:15:00"
"1041600",18,"22.53","2021-01-29 07:30:00"
"1041654",18,"22.71","2021-01-29 07:45:00"
"1041708",18,"22.95","2021-01-29 08:00:00"
"1041762",18,"23.25","2021-01-29 08:15:00"
"1041816",18,"23.79","2021-01-29 08:30:00"
"1043004",18,"32.32","2021-01-29 14:00:00"
"1043058",18,"32.86","2021-01-29 14:15:00"
"1043112",18,"33.29","2021-01-29 14:30:00"
"1043166",18,"34.17","2021-01-29 14:45:00"
"1043220",18,"34.23","2021-01-29 15:00:00"
"1043274",18,"34.64","2021-01-29 15:15:00"
"1043328",18,"34.26","2021-01-29 15:30:00"
"1043382",18,"33.99","2021-01-29 15:45:00"
"1043436",18,"33.73","2021-01-29 16:00:00"
"1043490",18,"32.9","2021-01-29 16:15:00"
"1044678",18,"24.29","2021-01-29 21:45:00"
"1044732",18,"24.26","2021-01-29 22:00:00"
"1044786",18,"24.26","2021-01-29 22:15:00"
"1044840",18,"24.18","2021-01-29 22:30:00"
"1044894",18,"24.08","2021-01-29 22:45:00"
"1044948",18,"23.99","2021-01-29 23:00:00"
"1045002",18,"23.87","2021-01-29 23:15:00"
"1045056",18,"23.8","2021-01-29 23:30:00"
"1045110",18,"23.74","2021-01-29 23:45:00"
"1045164",18,"23.72","2021-01-30 00:00:00"
"1046298",18,"22.91","2021-01-30 05:15:00"
"1046352",18,"22.89","2021-01-30 05:30:00"
"1046406",18,"22.85","2021-01-30 05:45:00"
"1046460",18,"22.79","2021-01-30 06:00:00"
"1046514",18,"22.8","2021-01-30 06:15:00"
"1046568",18,"22.86","2021-01-30 06:30:00"
"1046622",18,"22.92","2021-01-30 06:45:00"
"1046676",18,"23.03","2021-01-30 07:00:00"
"1046730",18,"23.18","2021-01-30 07:15:00"
"1046784",18,"23.44","2021-01-30 07:30:00"
"1047972",18,"27.6","2021-01-30 13:00:00"
"1048026",18,"30.97","2021-01-30 13:15:00"
"1048080",18,"31.37","2021-01-30 13:30:00"
"1048134",18,"32.49","2021-01-30 13:45:00"
"1048188",18,"33.62","2021-01-30 14:00:00"
"1048242",18,"33.03","2021-01-30 14:15:00"
"1048296",18,"32.51","2021-01-30 14:30:00"
"1048350",18,"32.13","2021-01-30 14:45:00"
"1048404",18,"31.76","2021-01-30 15:00:00"
"1048458",18,"32.76","2021-01-30 15:15:00"
"1049646",18,"24.32","2021-01-30 20:45:00"
"1049700",18,"24.19","2021-01-30 21:00:00"
"1049754",18,"24.04","2021-01-30 21:15:00"
"1049808",18,"23.82","2021-01-30 21:30:00"
"1049862",18,"23.6","2021-01-30 21:45:00"
"1049916",18,"23.48","2021-01-30 22:00:00"
"1049970",18,"23.36","2021-01-30 22:15:00"
"1050024",18,"23.28","2021-01-30 22:30:00"
"1050078",18,"23.19","2021-01-30 22:45:00"
"1050132",18,"23.08","2021-01-30 23:00:00"
"1051266",18,"22.12","2021-01-31 04:15:00"
"1051320",18,"22.08","2021-01-31 04:30:00"
"1051374",18,"22.05","2021-01-31 04:45:00"
"1051428",18,"22","2021-01-31 05:00:00"
"1051482",18,"21.98","2021-01-31 05:15:00"
"1051536",18,"21.94","2021-01-31 05:30:00"
"1051590",18,"21.9","2021-01-31 05:45:00"
"1051644",18,"21.89","2021-01-31 06:00:00"
"1051698",18,"21.86","2021-01-31 06:15:00"
"1051752",18,"21.85","2021-01-31 06:30:00"
"1052940",18,"32.58","2021-01-31 12:00:00"
"1052994",18,"31.46","2021-01-31 12:15:00"
"1053048",18,"29.96","2021-01-31 12:30:00"
"1053102",18,"29.75","2021-01-31 12:45:00"
"1053156",18,"28.98","2021-01-31 13:00:00"
"1053210",18,"27.66","2021-01-31 13:15:00"
"1053264",18,"27.02","2021-01-31 13:30:00"
"1053318",18,"27.61","2021-01-31 13:45:00"
"1053372",18,"28.42","2021-01-31 14:00:00"
"1053426",18,"29.04","2021-01-31 14:15:00"
"1054614",18,"23.99","2021-01-31 19:45:00"
"1054668",18,"23.89","2021-01-31 20:00:00"
"1054722",18,"23.78","2021-01-31 20:15:00"
"1054776",18,"23.68","2021-01-31 20:30:00"
"1054830",18,"23.57","2021-01-31 20:45:00"
"1054884",18,"23.46","2021-01-31 21:00:00"
"1054938",18,"23.38","2021-01-31 21:15:00"
"1054992",18,"23.26","2021-01-31 21:30:00"
"1055046",18,"23.15","2021-01-31 21:45:00"
"1055100",18,"23.06","2021-01-31 22:00:00"
"1056234",18,"21.86","2021-02-01 03:15:00"
"1056288",18,"21.87","2021-02-01 03:30:00"
"1056342",18,"21.85","2021-02-01 03:45:00"
"1056396",18,"21.83","2021-02-01 04:00:00"
"1056450",18,"21.8","2021-02-01 04:15:00"
"1056504",18,"21.78","2021-02-01 04:30:00"
"1056558",18,"21.74","2021-02-01 04:45:00"
"1056612",18,"21.64","2021-02-01 05:00:00"
"1056666",18,"21.52","2021-02-01 05:15:00"
"1056720",18,"21.42","2021-02-01 05:30:00"
"1057908",18,"29.07","2021-02-01 11:00:00"
"1057962",18,"30.2","2021-02-01 11:15:00"
"1058016",18,"30.18","2021-02-01 11:30:00"
"1058070",18,"30.17","2021-02-01 11:45:00"
"1058124",18,"31.14","2021-02-01 12:00:00"
"1058178",18,"33.06","2021-02-01 12:15:00"
"1058232",18,"33.92","2021-02-01 12:30:00"
"1058286",18,"34.47","2021-02-01 12:45:00"
"1058340",18,"33.44","2021-02-01 13:00:00"
"1058394",18,"33.32","2021-02-01 13:15:00"
"1059582",18,"28.9","2021-02-01 18:45:00"
"1059636",18,"28.27","2021-02-01 19:00:00"
"1059690",18,"27.73","2021-02-01 19:15:00"
"1059744",18,"27.29","2021-02-01 19:30:00"
"1059798",18,"26.87","2021-02-01 19:45:00"
"1059852",18,"26.51","2021-02-01 20:00:00"
"1059906",18,"26.24","2021-02-01 20:15:00"
"1059960",18,"25.99","2021-02-01 20:30:00"
"1060014",18,"25.79","2021-02-01 20:45:00"
"1060068",18,"25.6","2021-02-01 21:00:00"
"1061202",18,"23.7","2021-02-02 02:15:00"
"1061256",18,"23.66","2021-02-02 02:30:00"
"1061310",18,"23.59","2021-02-02 02:45:00"
"1061364",18,"23.46","2021-02-02 03:00:00"
"1061418",18,"23.32","2021-02-02 03:15:00"
"1061472",18,"23.37","2021-02-02 03:30:00"
"1061526",18,"23.39","2021-02-02 03:45:00"
"1061580",18,"23.15","2021-02-02 04:00:00"
"1061634",18,"22.9","2021-02-02 04:15:00"
"1061688",18,"22.71","2021-02-02 04:30:00"
"1062876",18,"28.46","2021-02-02 10:00:00"
"1062930",18,"29.62","2021-02-02 10:15:00"
"1062984",18,"30.24","2021-02-02 10:30:00"
"1063038",18,"30.72","2021-02-02 10:45:00"
"1063092",18,"31.82","2021-02-02 11:00:00"
"1063146",18,"32.66","2021-02-02 11:15:00"
"1063200",18,"33.18","2021-02-02 11:30:00"
"1063254",18,"34.9","2021-02-02 11:45:00"
"1063308",18,"35.83","2021-02-02 12:00:00"
"1063362",18,"36.64","2021-02-02 12:15:00"
"1064550",18,"32.82","2021-02-02 17:45:00"
"1064604",18,"32.17","2021-02-02 18:00:00"
"1064658",18,"31.57","2021-02-02 18:15:00"
"1064712",18,"30.99","2021-02-02 18:30:00"
"1064766",18,"30.44","2021-02-02 18:45:00"
"1064820",18,"29.9","2021-02-02 19:00:00"
"1064874",18,"29.37","2021-02-02 19:15:00"
"1064928",18,"28.84","2021-02-02 19:30:00"
"1064982",18,"28.39","2021-02-02 19:45:00"
"1065036",18,"27.99","2021-02-02 20:00:00"
"1066170",18,"24.62","2021-02-03 01:15:00"
"1066224",18,"24.53","2021-02-03 01:30:00"
"1066278",18,"24.45","2021-02-03 01:45:00"
"1066332",18,"24.35","2021-02-03 02:00:00"
"1066386",18,"24.23","2021-02-03 02:15:00"
"1066440",18,"24.09","2021-02-03 02:30:00"
"1066494",18,"23.91","2021-02-03 02:45:00"
"1066548",18,"23.73","2021-02-03 03:00:00"
"1066602",18,"23.59","2021-02-03 03:15:00"
"1066656",18,"23.47","2021-02-03 03:30:00"
"1067304",18,"22.1","2021-02-03 06:30:00"
"1067358",18,"22.14","2021-02-03 06:45:00"
"1067412",18,"22.4","2021-02-03 07:00:00"
"1067466",18,"22.81","2021-02-03 07:15:00"
"1067520",18,"23.06","2021-02-03 07:30:00"
"1067574",18,"23.21","2021-02-03 07:45:00"
"1067628",18,"23.36","2021-02-03 08:00:00"
"1067682",18,"23.54","2021-02-03 08:15:00"
"1067736",18,"23.75","2021-02-03 08:30:00"
"1067790",18,"23.98","2021-02-03 08:45:00"
"1068384",18,"36.07","2021-02-03 11:30:00"
"1068438",18,"36.95","2021-02-03 11:45:00"
"1068492",18,"37.92","2021-02-03 12:00:00"
"1068546",18,"39.18","2021-02-03 12:15:00"
"1068600",18,"40.67","2021-02-03 12:30:00"
"1068654",18,"41.26","2021-02-03 12:45:00"
"1068708",18,"42.22","2021-02-03 13:00:00"
"1068762",18,"43.3","2021-02-03 13:15:00"
"1068816",18,"44.69","2021-02-03 13:30:00"
"1063902",18,"37.44","2021-02-02 14:45:00"
"1065090",18,"27.65","2021-02-02 20:15:00"
"1065144",18,"27.36","2021-02-02 20:30:00"
"1065198",18,"27.06","2021-02-02 20:45:00"
"1065252",18,"26.75","2021-02-02 21:00:00"
"1065306",18,"26.49","2021-02-02 21:15:00"
"1065360",18,"26.26","2021-02-02 21:30:00"
"1065414",18,"26.06","2021-02-02 21:45:00"
"1065468",18,"25.89","2021-02-02 22:00:00"
"1065522",18,"25.74","2021-02-02 22:15:00"
"1065576",18,"25.64","2021-02-02 22:30:00"
"1075026",18,"29.48","2021-02-04 18:15:00"
"1075080",18,"28.91","2021-02-04 18:30:00"
"1075134",18,"28.41","2021-02-04 18:45:00"
"1075188",18,"28.05","2021-02-04 19:00:00"
"1075242",18,"27.64","2021-02-04 19:15:00"
"1075296",18,"27.25","2021-02-04 19:30:00"
"1075350",18,"26.9","2021-02-04 19:45:00"
"1075404",18,"26.57","2021-02-04 20:00:00"
"1075458",18,"26.27","2021-02-04 20:15:00"
"1075512",18,"25.99","2021-02-04 20:30:00"
"1076646",18,"22.81","2021-02-05 01:45:00"
"1076700",18,"22.59","2021-02-05 02:00:00"
"1076754",18,"22.4","2021-02-05 02:15:00"
"1076808",18,"22.19","2021-02-05 02:30:00"
"1076862",18,"21.98","2021-02-05 02:45:00"
"1076916",18,"21.8","2021-02-05 03:00:00"
"1076970",18,"21.61","2021-02-05 03:15:00"
"1077024",18,"21.41","2021-02-05 03:30:00"
"1077078",18,"21.21","2021-02-05 03:45:00"
"1077132",18,"21.02","2021-02-05 04:00:00"
"1077186",18,"20.82","2021-02-05 04:15:00"
"1077510",18,"20.12","2021-02-05 05:45:00"
"1077564",18,"20.04","2021-02-05 06:00:00"
"1077618",18,"19.94","2021-02-05 06:15:00"
"1077672",18,"19.84","2021-02-05 06:30:00"
"1077726",18,"19.82","2021-02-05 06:45:00"
"1078320",18,"22.72","2021-02-05 09:30:00"
"1078374",18,"23.68","2021-02-05 09:45:00"
"1078428",18,"24.95","2021-02-05 10:00:00"
"1078482",18,"26.51","2021-02-05 10:15:00"
"1078536",18,"28.24","2021-02-05 10:30:00"
"1079130",18,"41.95","2021-02-05 13:15:00"
"1079184",18,"42.32","2021-02-05 13:30:00"
"1079238",18,"43.07","2021-02-05 13:45:00"
"1079292",18,"43.67","2021-02-05 14:00:00"
"1079346",18,"44.13","2021-02-05 14:15:00"
"1079400",18,"44.5","2021-02-05 14:30:00"
"1079994",18,"40.62","2021-02-05 17:15:00"
"1080048",18,"38.7","2021-02-05 17:30:00"
"1080102",18,"36.77","2021-02-05 17:45:00"
"1080156",18,"35.22","2021-02-05 18:00:00"
"1080210",18,"33.96","2021-02-05 18:15:00"
"1080534",18,"28.74","2021-02-05 19:45:00"
"1080588",18,"28.11","2021-02-05 20:00:00"
"1080642",18,"27.56","2021-02-05 20:15:00"
"1080696",18,"27.04","2021-02-05 20:30:00"
"1080750",18,"26.56","2021-02-05 20:45:00"
"1081074",18,"24.19","2021-02-05 22:15:00"
"1081128",18,"23.89","2021-02-05 22:30:00"
"1081182",18,"23.61","2021-02-05 22:45:00"
"1081236",18,"23.32","2021-02-05 23:00:00"
"1081290",18,"23.05","2021-02-05 23:15:00"
"1081938",18,"20.4","2021-02-06 02:15:00"
"1081992",18,"20.23","2021-02-06 02:30:00"
"1082046",18,"20.05","2021-02-06 02:45:00"
"1082100",18,"19.88","2021-02-06 03:00:00"
"1082154",18,"19.72","2021-02-06 03:15:00"
"1082748",18,"18.2","2021-02-06 06:00:00"
"1082802",18,"18.08","2021-02-06 06:15:00"
"1082856",18,"17.99","2021-02-06 06:30:00"
"1082910",18,"17.99","2021-02-06 06:45:00"
"1082964",18,"18.09","2021-02-06 07:00:00"
"1083558",18,"23.28","2021-02-06 09:45:00"
"1083612",18,"25.34","2021-02-06 10:00:00"
"1083666",18,"27.23","2021-02-06 10:15:00"
"1083720",18,"29.36","2021-02-06 10:30:00"
"1083774",18,"31.24","2021-02-06 10:45:00"
"1084422",18,"45.06","2021-02-06 13:45:00"
"1084476",18,"45.47","2021-02-06 14:00:00"
"1084530",18,"45.78","2021-02-06 14:15:00"
"1084584",18,"46.31","2021-02-06 14:30:00"
"1084638",18,"46.56","2021-02-06 14:45:00"
"1085232",18,"39.86","2021-02-06 17:30:00"
"1085286",18,"38.16","2021-02-06 17:45:00"
"1085340",18,"36.69","2021-02-06 18:00:00"
"1085394",18,"35.44","2021-02-06 18:15:00"
"1085448",18,"34.27","2021-02-06 18:30:00"
"1085502",18,"33.22","2021-02-06 18:45:00"
"1085556",18,"32.27","2021-02-06 19:00:00"
"1085610",18,"31.39","2021-02-06 19:15:00"
"1085664",18,"30.58","2021-02-06 19:30:00"
"1085718",18,"29.87","2021-02-06 19:45:00"
"1086312",18,"24.62","2021-02-06 22:30:00"
"1086366",18,"24.28","2021-02-06 22:45:00"
"1086420",18,"23.99","2021-02-06 23:00:00"
"1086474",18,"23.74","2021-02-06 23:15:00"
"1086528",18,"23.49","2021-02-06 23:30:00"
"1087176",18,"21.91","2021-02-07 02:30:00"
"1087230",18,"21.77","2021-02-07 02:45:00"
"1087284",18,"21.66","2021-02-07 03:00:00"
"1087338",18,"21.52","2021-02-07 03:15:00"
"1087392",18,"21.37","2021-02-07 03:30:00"
"1087986",18,"20.02","2021-02-07 06:15:00"
"1088040",18,"19.95","2021-02-07 06:30:00"
"1088094",18,"19.94","2021-02-07 06:45:00"
"1088148",18,"20.01","2021-02-07 07:00:00"
"1088202",18,"20.16","2021-02-07 07:15:00"
"1088796",18,"25.99","2021-02-07 10:00:00"
"1088850",18,"28.17","2021-02-07 10:15:00"
"1088904",18,"30.41","2021-02-07 10:30:00"
"1088958",18,"32.49","2021-02-07 10:45:00"
"1089012",18,"34.28","2021-02-07 11:00:00"
"1089390",18,"44.48","2021-02-07 12:45:00"
"1089444",18,"45.27","2021-02-07 13:00:00"
"1089498",18,"45.65","2021-02-07 13:15:00"
"1089552",18,"46.11","2021-02-07 13:30:00"
"1089606",18,"46.81","2021-02-07 13:45:00"
"1089930",18,"48.28","2021-02-07 15:15:00"
"1089984",18,"48.19","2021-02-07 15:30:00"
"1090038",18,"47.63","2021-02-07 15:45:00"
"1090092",18,"46.93","2021-02-07 16:00:00"
"1090146",18,"45.76","2021-02-07 16:15:00"
"1091550",18,"24.55","2021-02-07 22:45:00"
"1091604",18,"24.34","2021-02-07 23:00:00"
"1091658",18,"24.13","2021-02-07 23:15:00"
"1091712",18,"23.9","2021-02-07 23:30:00"
"1091766",18,"23.66","2021-02-07 23:45:00"
"1091820",18,"23.44","2021-02-08 00:00:00"
"1092414",18,"21.85","2021-02-08 02:45:00"
"1092468",18,"21.65","2021-02-08 03:00:00"
"1092522",18,"21.42","2021-02-08 03:15:00"
"1092576",18,"21.2","2021-02-08 03:30:00"
"1092630",18,"21","2021-02-08 03:45:00"
"1092954",18,"19.73","2021-02-08 05:15:00"
"1093008",18,"19.56","2021-02-08 05:30:00"
"1093062",18,"19.42","2021-02-08 05:45:00"
"1093116",18,"19.27","2021-02-08 06:00:00"
"1093170",18,"19.18","2021-02-08 06:15:00"
"1093764",18,"20.93","2021-02-08 09:00:00"
"1093818",18,"21.52","2021-02-08 09:15:00"
"1093872",18,"22.42","2021-02-08 09:30:00"
"1093926",18,"23.71","2021-02-08 09:45:00"
"1093980",18,"25.49","2021-02-08 10:00:00"
"1094628",18,"45.89","2021-02-08 13:00:00"
"1094682",18,"46.39","2021-02-08 13:15:00"
"1094898",18,"48.66","2021-02-08 14:15:00"
"1094952",18,"49.02","2021-02-08 14:30:00"
"1095276",18,"47.34","2021-02-08 16:00:00"
"1095330",18,"46.88","2021-02-08 16:15:00"
"1095384",18,"46.6","2021-02-08 16:30:00"
"1095600",18,"41.81","2021-02-08 17:30:00"
"1095654",18,"39.66","2021-02-08 17:45:00"
"1095978",18,"32.11","2021-02-08 19:15:00"
"1096032",18,"31.22","2021-02-08 19:30:00"
"1096086",18,"30.43","2021-02-08 19:45:00"
"1096410",18,"27.27","2021-02-08 21:15:00"
"1096464",18,"26.87","2021-02-08 21:30:00"
"1096842",18,"24.67","2021-02-08 23:15:00"
"1096896",18,"24.35","2021-02-08 23:30:00"
"1096950",18,"24.1","2021-02-08 23:45:00"
"1097004",18,"23.85","2021-02-09 00:00:00"
"1097058",18,"23.62","2021-02-09 00:15:00"
"1097382",18,"22.49","2021-02-09 01:45:00"
"1097436",18,"22.29","2021-02-09 02:00:00"
"1097760",18,"21.38","2021-02-09 03:30:00"
"1097814",18,"21.2","2021-02-09 03:45:00"
"1097868",18,"21.01","2021-02-09 04:00:00"
"1098084",18,"20.32","2021-02-09 05:00:00"
"1098138",18,"20.17","2021-02-09 05:15:00"
"1098354",18,"19.53","2021-02-09 06:15:00"
"1098408",18,"19.38","2021-02-09 06:30:00"
"1098732",18,"20.27","2021-02-09 08:00:00"
"1098786",18,"20.55","2021-02-09 08:15:00"
"1098840",18,"20.83","2021-02-09 08:30:00"
"1099002",18,"22.1","2021-02-09 09:15:00"
"1099056",18,"22.88","2021-02-09 09:30:00"
"1099110",18,"24.01","2021-02-09 09:45:00"
"1099434",18,"35.95","2021-02-09 11:15:00"
"1099488",18,"38.19","2021-02-09 11:30:00"
"1099542",18,"39.92","2021-02-09 11:45:00"
"1099704",18,"44.25","2021-02-09 12:30:00"
"1099758",18,"45.18","2021-02-09 12:45:00"
"1099812",18,"45.66","2021-02-09 13:00:00"
"1100136",18,"45.73","2021-02-09 14:30:00"
"1100190",18,"45.32","2021-02-09 14:45:00"
"1100568",18,"39.77","2021-02-09 16:30:00"
"1100622",18,"38.83","2021-02-09 16:45:00"
"1100946",18,"33.95","2021-02-09 18:15:00"
"1101000",18,"33.15","2021-02-09 18:30:00"
"1101054",18,"32.31","2021-02-09 18:45:00"
"1101378",18,"28.13","2021-02-09 20:15:00"
"1101432",18,"27.64","2021-02-09 20:30:00"
"1101648",18,"25.85","2021-02-09 21:30:00"
"1101702",18,"25.52","2021-02-09 21:45:00"
"1101756",18,"25.23","2021-02-09 22:00:00"
"1101918",18,"24.45","2021-02-09 22:45:00"
"1101972",18,"24.26","2021-02-09 23:00:00"
"1102026",18,"24.04","2021-02-09 23:15:00"
"1102350",18,"23.38","2021-02-10 00:45:00"
"1102404",18,"23.29","2021-02-10 01:00:00"
"1102728",18,"22.75","2021-02-10 02:30:00"
"1102782",18,"22.65","2021-02-10 02:45:00"
"1102836",18,"22.55","2021-02-10 03:00:00"
"1103160",18,"21.3","2021-02-10 04:30:00"
"1103214",18,"21.11","2021-02-10 04:45:00"
"1103268",18,"20.94","2021-02-10 05:00:00"
"1103592",18,"20.21","2021-02-10 06:30:00"
"1103646",18,"20.13","2021-02-10 06:45:00"
"1103700",18,"20.15","2021-02-10 07:00:00"
"1103754",18,"20.34","2021-02-10 07:15:00"
"1103808",18,"20.6","2021-02-10 07:30:00"
"1104132",18,"21.96","2021-02-10 09:00:00"
"1104186",18,"22.47","2021-02-10 09:15:00"
"1104240",18,"23.25","2021-02-10 09:30:00"
"1104564",18,"35.48","2021-02-10 11:00:00"
"1104618",18,"37.43","2021-02-10 11:15:00"
"1104672",18,"39.35","2021-02-10 11:30:00"
"1104726",18,"41.07","2021-02-10 11:45:00"
"1104780",18,"42.44","2021-02-10 12:00:00"
"1105104",18,"46.23","2021-02-10 13:30:00"
"1105158",18,"47.68","2021-02-10 13:45:00"
"1105536",18,"39.31","2021-02-10 15:30:00"
"1105590",18,"38.6","2021-02-10 15:45:00"
"1105644",18,"37.82","2021-02-10 16:00:00"
"1105698",18,"37.79","2021-02-10 16:15:00"
"1105752",18,"39.71","2021-02-10 16:30:00"
"1106076",18,"34.96","2021-02-10 18:00:00"
"1106130",18,"33.99","2021-02-10 18:15:00"
"1106454",18,"29.28","2021-02-10 19:45:00"
"1106508",18,"28.72","2021-02-10 20:00:00"
"1106562",18,"28.24","2021-02-10 20:15:00"
"1106886",18,"26.14","2021-02-10 21:45:00"
"1106940",18,"25.93","2021-02-10 22:00:00"
"1106994",18,"25.63","2021-02-10 22:15:00"
"1107156",18,"24.69","2021-02-10 23:00:00"
"1107210",18,"24.51","2021-02-10 23:15:00"
"1107264",18,"24.34","2021-02-10 23:30:00"
"1107696",18,"23.76","2021-02-11 01:30:00"
"1107750",18,"23.69","2021-02-11 01:45:00"
"1107804",18,"23.57","2021-02-11 02:00:00"
"1107858",18,"23.41","2021-02-11 02:15:00"
"1107912",18,"23.26","2021-02-11 02:30:00"
"1107966",18,"23.13","2021-02-11 02:45:00"
"1108290",18,"22.57","2021-02-11 04:15:00"
"1108344",18,"22.39","2021-02-11 04:30:00"
"1108668",18,"21.84","2021-02-11 06:00:00"
"1108722",18,"21.77","2021-02-11 06:15:00"
"1108776",18,"21.75","2021-02-11 06:30:00"
"1108830",18,"21.75","2021-02-11 06:45:00"
"1108884",18,"21.7","2021-02-11 07:00:00"
"1109262",18,"20.97","2021-02-11 08:45:00"
"1109316",18,"20.97","2021-02-11 09:00:00"
"1109640",18,"22.64","2021-02-11 10:30:00"
"1064280",18,"37.82","2021-02-02 16:30:00"
"1064334",18,"36.03","2021-02-02 16:45:00"
"1064388",18,"34.8","2021-02-02 17:00:00"
"1064442",18,"33.95","2021-02-02 17:15:00"
"1064496",18,"33.46","2021-02-02 17:30:00"
"1065630",18,"25.56","2021-02-02 22:45:00"
"1065684",18,"25.48","2021-02-02 23:00:00"
"1065738",18,"25.38","2021-02-02 23:15:00"
"1065792",18,"25.27","2021-02-02 23:30:00"
"1065846",18,"25.16","2021-02-02 23:45:00"
"1065900",18,"25.05","2021-02-03 00:00:00"
"1065954",18,"24.96","2021-02-03 00:15:00"
"1066008",18,"24.87","2021-02-03 00:30:00"
"1066062",18,"24.78","2021-02-03 00:45:00"
"1066116",18,"24.7","2021-02-03 01:00:00"
"1066710",18,"23.31","2021-02-03 03:45:00"
"1066764",18,"23.13","2021-02-03 04:00:00"
"1066818",18,"23","2021-02-03 04:15:00"
"1066872",18,"22.89","2021-02-03 04:30:00"
"1066926",18,"22.77","2021-02-03 04:45:00"
"1066980",18,"22.68","2021-02-03 05:00:00"
"1067034",18,"22.63","2021-02-03 05:15:00"
"1067088",18,"22.54","2021-02-03 05:30:00"
"1067142",18,"22.42","2021-02-03 05:45:00"
"1067196",18,"22.28","2021-02-03 06:00:00"
"1067250",18,"22.16","2021-02-03 06:15:00"
"1067844",18,"24.28","2021-02-03 09:00:00"
"1067898",18,"24.89","2021-02-03 09:15:00"
"1067952",18,"25.66","2021-02-03 09:30:00"
"1068006",18,"26.69","2021-02-03 09:45:00"
"1068060",18,"28","2021-02-03 10:00:00"
"1068114",18,"29.52","2021-02-03 10:15:00"
"1068168",18,"31.15","2021-02-03 10:30:00"
"1068222",18,"32.62","2021-02-03 10:45:00"
"1068276",18,"33.92","2021-02-03 11:00:00"
"1068330",18,"34.98","2021-02-03 11:15:00"
"1068924",18,"45.39","2021-02-03 14:00:00"
"1068978",18,"43.31","2021-02-03 14:15:00"
"1069032",18,"41.53","2021-02-03 14:30:00"
"1069086",18,"40.8","2021-02-03 14:45:00"
"1069140",18,"38.62","2021-02-03 15:00:00"
"1069194",18,"37.28","2021-02-03 15:15:00"
"1069248",18,"36.13","2021-02-03 15:30:00"
"1069302",18,"34.59","2021-02-03 15:45:00"
"1069356",18,"30.08","2021-02-03 16:00:00"
"1069410",18,"28.66","2021-02-03 16:15:00"
"1069464",18,"28.3","2021-02-03 16:30:00"
"1070058",18,"26.34","2021-02-03 19:15:00"
"1070112",18,"26.12","2021-02-03 19:30:00"
"1070166",18,"25.93","2021-02-03 19:45:00"
"1070220",18,"25.71","2021-02-03 20:00:00"
"1070274",18,"25.51","2021-02-03 20:15:00"
"1070328",18,"25.35","2021-02-03 20:30:00"
"1070382",18,"25.18","2021-02-03 20:45:00"
"1070436",18,"25.03","2021-02-03 21:00:00"
"1070490",18,"24.91","2021-02-03 21:15:00"
"1070544",18,"24.79","2021-02-03 21:30:00"
"1071138",18,"23.86","2021-02-04 00:15:00"
"1071192",18,"23.81","2021-02-04 00:30:00"
"1071246",18,"23.75","2021-02-04 00:45:00"
"1071300",18,"23.71","2021-02-04 01:00:00"
"1071354",18,"23.69","2021-02-04 01:15:00"
"1071408",18,"23.67","2021-02-04 01:30:00"
"1071462",18,"23.68","2021-02-04 01:45:00"
"1071516",18,"23.66","2021-02-04 02:00:00"
"1071570",18,"23.62","2021-02-04 02:15:00"
"1071624",18,"23.57","2021-02-04 02:30:00"
"1072272",18,"22.79","2021-02-04 05:30:00"
"1072326",18,"22.72","2021-02-04 05:45:00"
"1072380",18,"22.66","2021-02-04 06:00:00"
"1072434",18,"22.6","2021-02-04 06:15:00"
"1072488",18,"22.56","2021-02-04 06:30:00"
"1072542",18,"22.61","2021-02-04 06:45:00"
"1072596",18,"22.75","2021-02-04 07:00:00"
"1072650",18,"23.02","2021-02-04 07:15:00"
"1072704",18,"23.36","2021-02-04 07:30:00"
"1072758",18,"23.71","2021-02-04 07:45:00"
"1073352",18,"30.65","2021-02-04 10:30:00"
"1073406",18,"31.93","2021-02-04 10:45:00"
"1073460",18,"32.78","2021-02-04 11:00:00"
"1073514",18,"31.99","2021-02-04 11:15:00"
"1073568",18,"31.99","2021-02-04 11:30:00"
"1073622",18,"31.19","2021-02-04 11:45:00"
"1073676",18,"31.37","2021-02-04 12:00:00"
"1073730",18,"32.71","2021-02-04 12:15:00"
"1073784",18,"35.12","2021-02-04 12:30:00"
"1073838",18,"36.73","2021-02-04 12:45:00"
"1074486",18,"33.97","2021-02-04 15:45:00"
"1074540",18,"33.03","2021-02-04 16:00:00"
"1074594",18,"32.57","2021-02-04 16:15:00"
"1074648",18,"32.83","2021-02-04 16:30:00"
"1074702",18,"31.97","2021-02-04 16:45:00"
"1074756",18,"31.25","2021-02-04 17:00:00"
"1074810",18,"30.72","2021-02-04 17:15:00"
"1074864",18,"30.27","2021-02-04 17:30:00"
"1074918",18,"29.94","2021-02-04 17:45:00"
"1074972",18,"29.77","2021-02-04 18:00:00"
"1076106",18,"24.11","2021-02-04 23:15:00"
"1076160",18,"23.99","2021-02-04 23:30:00"
"1076214",18,"23.94","2021-02-04 23:45:00"
"1076268",18,"23.86","2021-02-05 00:00:00"
"1076322",18,"23.8","2021-02-05 00:15:00"
"1076376",18,"23.68","2021-02-05 00:30:00"
"1076430",18,"23.46","2021-02-05 00:45:00"
"1076484",18,"23.28","2021-02-05 01:00:00"
"1076538",18,"23.15","2021-02-05 01:15:00"
"1076592",18,"23.03","2021-02-05 01:30:00"
"1077780",18,"19.88","2021-02-05 07:00:00"
"1077834",18,"19.99","2021-02-05 07:15:00"
"1077888",18,"20.09","2021-02-05 07:30:00"
"1077942",18,"20.21","2021-02-05 07:45:00"
"1077996",18,"20.41","2021-02-05 08:00:00"
"1078590",18,"29.77","2021-02-05 10:45:00"
"1078644",18,"31.11","2021-02-05 11:00:00"
"1078698",18,"32.29","2021-02-05 11:15:00"
"1078752",18,"33.83","2021-02-05 11:30:00"
"1078806",18,"35.54","2021-02-05 11:45:00"
"1079454",18,"44.74","2021-02-05 14:45:00"
"1079508",18,"44.94","2021-02-05 15:00:00"
"1079562",18,"45.04","2021-02-05 15:15:00"
"1079616",18,"44.95","2021-02-05 15:30:00"
"1079670",18,"44.58","2021-02-05 15:45:00"
"1080264",18,"32.9","2021-02-05 18:30:00"
"1080318",18,"31.97","2021-02-05 18:45:00"
"1080372",18,"31.1","2021-02-05 19:00:00"
"1080426",18,"30.25","2021-02-05 19:15:00"
"1080480",18,"29.46","2021-02-05 19:30:00"
"1081344",18,"22.81","2021-02-05 23:30:00"
"1081398",18,"22.57","2021-02-05 23:45:00"
"1081452",18,"22.31","2021-02-06 00:00:00"
"1081506",18,"22.07","2021-02-06 00:15:00"
"1081560",18,"21.88","2021-02-06 00:30:00"
"1082208",18,"19.55","2021-02-06 03:30:00"
"1082262",18,"19.38","2021-02-06 03:45:00"
"1082316",18,"19.23","2021-02-06 04:00:00"
"1082370",18,"19.09","2021-02-06 04:15:00"
"1082424",18,"18.96","2021-02-06 04:30:00"
"1083018",18,"18.27","2021-02-06 07:15:00"
"1083072",18,"18.5","2021-02-06 07:30:00"
"1083126",18,"18.75","2021-02-06 07:45:00"
"1083180",18,"18.99","2021-02-06 08:00:00"
"1083234",18,"19.22","2021-02-06 08:15:00"
"1083828",18,"32.96","2021-02-06 11:00:00"
"1083882",18,"34.58","2021-02-06 11:15:00"
"1083936",18,"36.09","2021-02-06 11:30:00"
"1083990",18,"37.6","2021-02-06 11:45:00"
"1084044",18,"37.58","2021-02-06 12:00:00"
"1084962",18,"45.39","2021-02-06 16:15:00"
"1085016",18,"44.87","2021-02-06 16:30:00"
"1085070",18,"44.26","2021-02-06 16:45:00"
"1085124",18,"42.76","2021-02-06 17:00:00"
"1085178",18,"41.41","2021-02-06 17:15:00"
"1085772",18,"29.18","2021-02-06 20:00:00"
"1085826",18,"28.53","2021-02-06 20:15:00"
"1085880",18,"27.94","2021-02-06 20:30:00"
"1085934",18,"27.4","2021-02-06 20:45:00"
"1085988",18,"26.91","2021-02-06 21:00:00"
"1086582",18,"23.24","2021-02-06 23:45:00"
"1086636",18,"23.04","2021-02-07 00:00:00"
"1086690",18,"22.88","2021-02-07 00:15:00"
"1086744",18,"22.78","2021-02-07 00:30:00"
"1086798",18,"22.73","2021-02-07 00:45:00"
"1086852",18,"22.58","2021-02-07 01:00:00"
"1087446",18,"21.22","2021-02-07 03:45:00"
"1087500",18,"21.09","2021-02-07 04:00:00"
"1087554",18,"20.96","2021-02-07 04:15:00"
"1087608",18,"20.83","2021-02-07 04:30:00"
"1087662",18,"20.71","2021-02-07 04:45:00"
"1088256",18,"20.35","2021-02-07 07:30:00"
"1088310",18,"20.56","2021-02-07 07:45:00"
"1088364",18,"20.76","2021-02-07 08:00:00"
"1088418",18,"20.93","2021-02-07 08:15:00"
"1088472",18,"21.15","2021-02-07 08:30:00"
"1089066",18,"35.97","2021-02-07 11:15:00"
"1089120",18,"37.87","2021-02-07 11:30:00"
"1089174",18,"39.49","2021-02-07 11:45:00"
"1089228",18,"40.86","2021-02-07 12:00:00"
"1089282",18,"42.23","2021-02-07 12:15:00"
"1089336",18,"43.44","2021-02-07 12:30:00"
"1090200",18,"45.32","2021-02-07 16:30:00"
"1090254",18,"44.69","2021-02-07 16:45:00"
"1090308",18,"42.85","2021-02-07 17:00:00"
"1090362",18,"41.37","2021-02-07 17:15:00"
"1090416",18,"39.94","2021-02-07 17:30:00"
"1090740",18,"32.94","2021-02-07 19:00:00"
"1090794",18,"32.02","2021-02-07 19:15:00"
"1090848",18,"31.11","2021-02-07 19:30:00"
"1090902",18,"30.29","2021-02-07 19:45:00"
"1090956",18,"29.58","2021-02-07 20:00:00"
"1091280",18,"26.32","2021-02-07 21:30:00"
"1091334",18,"25.92","2021-02-07 21:45:00"
"1091388",18,"25.55","2021-02-07 22:00:00"
"1091442",18,"25.21","2021-02-07 22:15:00"
"1091496",18,"24.86","2021-02-07 22:30:00"
"1092144",18,"22.95","2021-02-08 01:30:00"
"1092198",18,"22.86","2021-02-08 01:45:00"
"1092252",18,"22.61","2021-02-08 02:00:00"
"1092306",18,"22.32","2021-02-08 02:15:00"
"1092360",18,"22.06","2021-02-08 02:30:00"
"1093224",18,"19.07","2021-02-08 06:30:00"
"1093278",18,"18.99","2021-02-08 06:45:00"
"1093332",18,"19.05","2021-02-08 07:00:00"
"1093386",18,"19.2","2021-02-08 07:15:00"
"1093440",18,"19.38","2021-02-08 07:30:00"
"1094034",18,"27.94","2021-02-08 10:15:00"
"1094088",18,"30.48","2021-02-08 10:30:00"
"1094142",18,"32.81","2021-02-08 10:45:00"
"1094358",18,"40.26","2021-02-08 11:45:00"
"1094412",18,"41.51","2021-02-08 12:00:00"
"1094736",18,"46.87","2021-02-08 13:30:00"
"1094790",18,"47.51","2021-02-08 13:45:00"
"1094844",18,"48.13","2021-02-08 14:00:00"
"1095168",18,"48.74","2021-02-08 15:30:00"
"1095222",18,"48.54","2021-02-08 15:45:00"
"1095708",18,"37.9","2021-02-08 18:00:00"
"1095762",18,"36.48","2021-02-08 18:15:00"
"1095816",18,"35.21","2021-02-08 18:30:00"
"1096140",18,"29.75","2021-02-08 20:00:00"
"1096194",18,"29.17","2021-02-08 20:15:00"
"1096680",18,"25.55","2021-02-08 22:30:00"
"1096734",18,"25.23","2021-02-08 22:45:00"
"1096788",18,"24.96","2021-02-08 23:00:00"
"1097112",18,"23.43","2021-02-09 00:30:00"
"1097166",18,"23.24","2021-02-09 00:45:00"
"1097652",18,"21.71","2021-02-09 03:00:00"
"1097706",18,"21.56","2021-02-09 03:15:00"
"1097922",18,"20.87","2021-02-09 04:15:00"
"1097976",18,"20.71","2021-02-09 04:30:00"
"1098030",18,"20.52","2021-02-09 04:45:00"
"1098462",18,"19.32","2021-02-09 06:45:00"
"1098516",18,"19.37","2021-02-09 07:00:00"
"1098570",18,"19.54","2021-02-09 07:15:00"
"1098894",18,"21.17","2021-02-09 08:45:00"
"1098948",18,"21.56","2021-02-09 09:00:00"
"1099326",18,"32.58","2021-02-09 10:45:00"
"1099380",18,"33.95","2021-02-09 11:00:00"
"1099596",18,"40.5","2021-02-09 12:00:00"
"1099650",18,"42.68","2021-02-09 12:15:00"
"1099974",18,"46.9","2021-02-09 13:45:00"
"1100028",18,"45.85","2021-02-09 14:00:00"
"1100082",18,"44.95","2021-02-09 14:15:00"
"1100406",18,"43.23","2021-02-09 15:45:00"
"1100460",18,"41.89","2021-02-09 16:00:00"
"1100514",18,"40.76","2021-02-09 16:15:00"
"1100838",18,"35.54","2021-02-09 17:45:00"
"1100892",18,"34.7","2021-02-09 18:00:00"
"1101216",18,"29.91","2021-02-09 19:30:00"
"1101270",18,"29.27","2021-02-09 19:45:00"
"1101324",18,"28.67","2021-02-09 20:00:00"
"1101486",18,"27.19","2021-02-09 20:45:00"
"1101540",18,"26.71","2021-02-09 21:00:00"
"1101594",18,"26.23","2021-02-09 21:15:00"
"1102188",18,"23.41","2021-02-10 00:00:00"
"1102242",18,"23.33","2021-02-10 00:15:00"
"1102296",18,"23.38","2021-02-10 00:30:00"
"1102458",18,"23.21","2021-02-10 01:15:00"
"1102512",18,"23.13","2021-02-10 01:30:00"
"1102566",18,"23.05","2021-02-10 01:45:00"
"1103052",18,"21.79","2021-02-10 04:00:00"
"1103106",18,"21.56","2021-02-10 04:15:00"
"1103322",18,"20.8","2021-02-10 05:15:00"
"1103376",18,"20.65","2021-02-10 05:30:00"
"1103862",18,"20.79","2021-02-10 07:45:00"
"1103916",18,"20.97","2021-02-10 08:00:00"
"1104294",18,"24.39","2021-02-10 09:45:00"
"1104348",18,"26.09","2021-02-10 10:00:00"
"1104942",18,"46.07","2021-02-10 12:45:00"
"1104996",18,"46.81","2021-02-10 13:00:00"
"1105050",18,"46.84","2021-02-10 13:15:00"
"1105374",18,"44.27","2021-02-10 14:45:00"
"1105428",18,"43.21","2021-02-10 15:00:00"
"1105482",18,"40.98","2021-02-10 15:15:00"
"1105914",18,"38.91","2021-02-10 17:15:00"
"1105968",18,"37.65","2021-02-10 17:30:00"
"1106022",18,"36.15","2021-02-10 17:45:00"
"1106346",18,"30.68","2021-02-10 19:15:00"
"1106400",18,"29.93","2021-02-10 19:30:00"
"1106778",18,"26.65","2021-02-10 21:15:00"
"1106832",18,"26.37","2021-02-10 21:30:00"
"1107318",18,"24.24","2021-02-10 23:45:00"
"1107372",18,"24.24","2021-02-11 00:00:00"
"1107588",18,"24.17","2021-02-11 01:00:00"
"1107642",18,"23.91","2021-02-11 01:15:00"
"1108128",18,"22.92","2021-02-11 03:30:00"
"1108182",18,"22.83","2021-02-11 03:45:00"
"1108236",18,"22.72","2021-02-11 04:00:00"
"1108398",18,"22.24","2021-02-11 04:45:00"
"1108452",18,"22.12","2021-02-11 05:00:00"
"1108506",18,"22.03","2021-02-11 05:15:00"
"1108938",18,"21.68","2021-02-11 07:15:00"
"1108992",18,"21.68","2021-02-11 07:30:00"
"1109046",18,"21.68","2021-02-11 07:45:00"
"1109370",18,"21.04","2021-02-11 09:15:00"
"1109424",18,"21.22","2021-02-11 09:30:00"
"1109478",18,"21.59","2021-02-11 09:45:00"
"1109802",18,"23.17","2021-02-11 11:15:00"
"1109856",18,"23.77","2021-02-11 11:30:00"
"1110180",18,"26.67","2021-02-11 13:00:00"
"1110234",18,"27.29","2021-02-11 13:15:00"
"1110288",18,"27.79","2021-02-11 13:30:00"
"1110504",18,"29.61","2021-02-11 14:30:00"
"1110558",18,"30.11","2021-02-11 14:45:00"
"1110774",18,"31.3","2021-02-11 15:45:00"
"1068870",18,"45.33","2021-02-03 13:45:00"
"1069518",18,"28.2","2021-02-03 16:45:00"
"1069572",18,"28.18","2021-02-03 17:00:00"
"1069626",18,"28.17","2021-02-03 17:15:00"
"1069680",18,"28.16","2021-02-03 17:30:00"
"1069734",18,"27.97","2021-02-03 17:45:00"
"1069788",18,"27.73","2021-02-03 18:00:00"
"1069842",18,"27.49","2021-02-03 18:15:00"
"1069896",18,"27.21","2021-02-03 18:30:00"
"1069950",18,"26.9","2021-02-03 18:45:00"
"1070004",18,"26.6","2021-02-03 19:00:00"
"1070598",18,"24.69","2021-02-03 21:45:00"
"1070652",18,"24.6","2021-02-03 22:00:00"
"1070706",18,"24.53","2021-02-03 22:15:00"
"1070760",18,"24.48","2021-02-03 22:30:00"
"1070814",18,"24.4","2021-02-03 22:45:00"
"1070868",18,"24.28","2021-02-03 23:00:00"
"1070922",18,"24.18","2021-02-03 23:15:00"
"1070976",18,"24.11","2021-02-03 23:30:00"
"1071030",18,"24.03","2021-02-03 23:45:00"
"1071084",18,"23.93","2021-02-04 00:00:00"
"1071678",18,"23.49","2021-02-04 02:45:00"
"1071732",18,"23.43","2021-02-04 03:00:00"
"1071786",18,"23.4","2021-02-04 03:15:00"
"1071840",18,"23.36","2021-02-04 03:30:00"
"1071894",18,"23.33","2021-02-04 03:45:00"
"1071948",18,"23.28","2021-02-04 04:00:00"
"1072002",18,"23.21","2021-02-04 04:15:00"
"1072056",18,"23.12","2021-02-04 04:30:00"
"1072110",18,"23","2021-02-04 04:45:00"
"1072164",18,"22.91","2021-02-04 05:00:00"
"1072218",18,"22.85","2021-02-04 05:15:00"
"1072812",18,"24.05","2021-02-04 08:00:00"
"1072866",18,"24.44","2021-02-04 08:15:00"
"1072920",18,"24.95","2021-02-04 08:30:00"
"1072974",18,"25.37","2021-02-04 08:45:00"
"1073028",18,"25.59","2021-02-04 09:00:00"
"1073082",18,"25.85","2021-02-04 09:15:00"
"1073136",18,"26.4","2021-02-04 09:30:00"
"1073190",18,"27.49","2021-02-04 09:45:00"
"1073244",18,"28.9","2021-02-04 10:00:00"
"1073298",18,"29.8","2021-02-04 10:15:00"
"1073892",18,"37.47","2021-02-04 13:00:00"
"1073946",18,"37.67","2021-02-04 13:15:00"
"1074000",18,"37.2","2021-02-04 13:30:00"
"1074054",18,"37.05","2021-02-04 13:45:00"
"1074108",18,"37.96","2021-02-04 14:00:00"
"1074162",18,"38.39","2021-02-04 14:15:00"
"1074216",18,"38.92","2021-02-04 14:30:00"
"1074270",18,"39.28","2021-02-04 14:45:00"
"1074324",18,"39.42","2021-02-04 15:00:00"
"1074378",18,"38.48","2021-02-04 15:15:00"
"1074432",18,"35.72","2021-02-04 15:30:00"
"1075566",18,"25.75","2021-02-04 20:45:00"
"1075620",18,"25.55","2021-02-04 21:00:00"
"1075674",18,"25.36","2021-02-04 21:15:00"
"1075728",18,"25.17","2021-02-04 21:30:00"
"1075782",18,"24.98","2021-02-04 21:45:00"
"1075836",18,"24.8","2021-02-04 22:00:00"
"1075890",18,"24.64","2021-02-04 22:15:00"
"1075944",18,"24.49","2021-02-04 22:30:00"
"1075998",18,"24.34","2021-02-04 22:45:00"
"1076052",18,"24.21","2021-02-04 23:00:00"
"1077240",18,"20.68","2021-02-05 04:30:00"
"1077294",18,"20.55","2021-02-05 04:45:00"
"1077348",18,"20.42","2021-02-05 05:00:00"
"1077402",18,"20.3","2021-02-05 05:15:00"
"1077456",18,"20.21","2021-02-05 05:30:00"
"1078050",18,"20.61","2021-02-05 08:15:00"
"1078104",18,"20.79","2021-02-05 08:30:00"
"1078158",18,"21","2021-02-05 08:45:00"
"1078212",18,"21.34","2021-02-05 09:00:00"
"1078266",18,"21.87","2021-02-05 09:15:00"
"1078860",18,"37.02","2021-02-05 12:00:00"
"1078914",18,"38.43","2021-02-05 12:15:00"
"1078968",18,"39.63","2021-02-05 12:30:00"
"1079022",18,"40.76","2021-02-05 12:45:00"
"1079076",18,"41.65","2021-02-05 13:00:00"
"1079724",18,"44.27","2021-02-05 16:00:00"
"1079778",18,"43.86","2021-02-05 16:15:00"
"1079832",18,"43.08","2021-02-05 16:30:00"
"1079886",18,"42.16","2021-02-05 16:45:00"
"1079940",18,"41.66","2021-02-05 17:00:00"
"1080804",18,"26.1","2021-02-05 21:00:00"
"1080858",18,"25.64","2021-02-05 21:15:00"
"1080912",18,"25.21","2021-02-05 21:30:00"
"1080966",18,"24.84","2021-02-05 21:45:00"
"1081020",18,"24.51","2021-02-05 22:00:00"
"1081614",18,"21.68","2021-02-06 00:45:00"
"1081668",18,"21.47","2021-02-06 01:00:00"
"1081722",18,"21.26","2021-02-06 01:15:00"
"1081776",18,"21.03","2021-02-06 01:30:00"
"1081830",18,"20.81","2021-02-06 01:45:00"
"1081884",18,"20.59","2021-02-06 02:00:00"
"1082478",18,"18.82","2021-02-06 04:45:00"
"1082532",18,"18.7","2021-02-06 05:00:00"
"1082586",18,"18.57","2021-02-06 05:15:00"
"1082640",18,"18.44","2021-02-06 05:30:00"
"1082694",18,"18.32","2021-02-06 05:45:00"
"1083288",18,"19.47","2021-02-06 08:30:00"
"1083342",18,"19.82","2021-02-06 08:45:00"
"1083396",18,"20.18","2021-02-06 09:00:00"
"1083450",18,"20.75","2021-02-06 09:15:00"
"1083504",18,"21.63","2021-02-06 09:30:00"
"1084098",18,"39.23","2021-02-06 12:15:00"
"1084152",18,"40.28","2021-02-06 12:30:00"
"1084206",18,"42.47","2021-02-06 12:45:00"
"1084260",18,"43.61","2021-02-06 13:00:00"
"1084314",18,"43.9","2021-02-06 13:15:00"
"1084368",18,"44.33","2021-02-06 13:30:00"
"1084692",18,"46.76","2021-02-06 15:00:00"
"1084746",18,"46.92","2021-02-06 15:15:00"
"1084800",18,"46.79","2021-02-06 15:30:00"
"1084854",18,"46.08","2021-02-06 15:45:00"
"1084908",18,"45.75","2021-02-06 16:00:00"
"1086042",18,"26.5","2021-02-06 21:15:00"
"1086096",18,"26.08","2021-02-06 21:30:00"
"1086150",18,"25.68","2021-02-06 21:45:00"
"1086204",18,"25.3","2021-02-06 22:00:00"
"1086258",18,"24.96","2021-02-06 22:15:00"
"1086906",18,"22.48","2021-02-07 01:15:00"
"1086960",18,"22.39","2021-02-07 01:30:00"
"1087014",18,"22.3","2021-02-07 01:45:00"
"1087068",18,"22.19","2021-02-07 02:00:00"
"1087122",18,"22.05","2021-02-07 02:15:00"
"1087716",18,"20.6","2021-02-07 05:00:00"
"1087770",18,"20.5","2021-02-07 05:15:00"
"1087824",18,"20.37","2021-02-07 05:30:00"
"1087878",18,"20.24","2021-02-07 05:45:00"
"1087932",18,"20.12","2021-02-07 06:00:00"
"1088526",18,"21.42","2021-02-07 08:45:00"
"1088580",18,"21.78","2021-02-07 09:00:00"
"1088634",18,"22.25","2021-02-07 09:15:00"
"1088688",18,"22.99","2021-02-07 09:30:00"
"1088742",18,"24.22","2021-02-07 09:45:00"
"1089660",18,"47.27","2021-02-07 14:00:00"
"1089714",18,"47.63","2021-02-07 14:15:00"
"1089768",18,"47.92","2021-02-07 14:30:00"
"1089822",18,"48.11","2021-02-07 14:45:00"
"1089876",18,"48.3","2021-02-07 15:00:00"
"1090470",18,"38.18","2021-02-07 17:45:00"
"1090524",18,"36.81","2021-02-07 18:00:00"
"1090578",18,"35.67","2021-02-07 18:15:00"
"1090632",18,"34.64","2021-02-07 18:30:00"
"1090686",18,"33.76","2021-02-07 18:45:00"
"1091010",18,"28.95","2021-02-07 20:15:00"
"1091064",18,"28.38","2021-02-07 20:30:00"
"1091118",18,"27.83","2021-02-07 20:45:00"
"1091172",18,"27.3","2021-02-07 21:00:00"
"1091226",18,"26.79","2021-02-07 21:15:00"
"1091874",18,"23.29","2021-02-08 00:15:00"
"1091928",18,"23.12","2021-02-08 00:30:00"
"1091982",18,"22.94","2021-02-08 00:45:00"
"1092036",18,"22.88","2021-02-08 01:00:00"
"1092090",18,"22.95","2021-02-08 01:15:00"
"1092684",18,"20.79","2021-02-08 04:00:00"
"1092738",18,"20.59","2021-02-08 04:15:00"
"1092792",18,"20.37","2021-02-08 04:30:00"
"1092846",18,"20.16","2021-02-08 04:45:00"
"1092900",18,"19.94","2021-02-08 05:00:00"
"1093494",18,"19.57","2021-02-08 07:45:00"
"1093548",18,"19.76","2021-02-08 08:00:00"
"1093602",18,"19.98","2021-02-08 08:15:00"
"1093656",18,"20.24","2021-02-08 08:30:00"
"1093710",18,"20.5","2021-02-08 08:45:00"
"1094196",18,"34.8","2021-02-08 11:00:00"
"1094250",18,"36.61","2021-02-08 11:15:00"
"1094304",18,"38.55","2021-02-08 11:30:00"
"1094466",18,"42.84","2021-02-08 12:15:00"
"1094520",18,"44.12","2021-02-08 12:30:00"
"1094574",18,"45.15","2021-02-08 12:45:00"
"1095006",18,"49.24","2021-02-08 14:45:00"
"1095060",18,"48.13","2021-02-08 15:00:00"
"1095114",18,"48.54","2021-02-08 15:15:00"
"1095438",18,"46.14","2021-02-08 16:45:00"
"1095492",18,"45.4","2021-02-08 17:00:00"
"1095546",18,"43.94","2021-02-08 17:15:00"
"1095870",18,"34.07","2021-02-08 18:45:00"
"1095924",18,"33.04","2021-02-08 19:00:00"
"1096248",18,"28.64","2021-02-08 20:30:00"
"1096302",18,"28.14","2021-02-08 20:45:00"
"1096356",18,"27.68","2021-02-08 21:00:00"
"1096518",18,"26.52","2021-02-08 21:45:00"
"1096572",18,"26.21","2021-02-08 22:00:00"
"1096626",18,"25.89","2021-02-08 22:15:00"
"1097220",18,"23.06","2021-02-09 01:00:00"
"1097274",18,"22.88","2021-02-09 01:15:00"
"1097328",18,"22.7","2021-02-09 01:30:00"
"1097490",18,"22.15","2021-02-09 02:15:00"
"1097544",18,"21.99","2021-02-09 02:30:00"
"1097598",18,"21.84","2021-02-09 02:45:00"
"1098192",18,"20.01","2021-02-09 05:30:00"
"1098246",18,"19.85","2021-02-09 05:45:00"
"1098300",18,"19.69","2021-02-09 06:00:00"
"1098624",18,"19.78","2021-02-09 07:30:00"
"1098678",18,"20.01","2021-02-09 07:45:00"
"1099164",18,"25.57","2021-02-09 10:00:00"
"1099218",18,"27.91","2021-02-09 10:15:00"
"1099272",18,"30.48","2021-02-09 10:30:00"
"1099866",18,"46.27","2021-02-09 13:15:00"
"1099920",18,"46.47","2021-02-09 13:30:00"
"1100244",18,"45.05","2021-02-09 15:00:00"
"1100298",18,"44.04","2021-02-09 15:15:00"
"1100352",18,"43.51","2021-02-09 15:30:00"
"1100676",18,"38.13","2021-02-09 17:00:00"
"1100730",18,"37.28","2021-02-09 17:15:00"
"1100784",18,"36.43","2021-02-09 17:30:00"
"1101108",18,"31.49","2021-02-09 19:00:00"
"1101162",18,"30.65","2021-02-09 19:15:00"
"1101810",18,"24.97","2021-02-09 22:15:00"
"1101864",18,"24.69","2021-02-09 22:30:00"
"1102080",18,"23.81","2021-02-09 23:30:00"
"1102134",18,"23.64","2021-02-09 23:45:00"
"1102620",18,"22.96","2021-02-10 02:00:00"
"1102674",18,"22.87","2021-02-10 02:15:00"
"1102890",18,"22.42","2021-02-10 03:15:00"
"1102944",18,"22.22","2021-02-10 03:30:00"
"1102998",18,"21.99","2021-02-10 03:45:00"
"1103430",18,"20.54","2021-02-10 05:45:00"
"1103484",18,"20.44","2021-02-10 06:00:00"
"1103538",18,"20.31","2021-02-10 06:15:00"
"1103970",18,"21.17","2021-02-10 08:15:00"
"1104024",18,"21.4","2021-02-10 08:30:00"
"1104078",18,"21.65","2021-02-10 08:45:00"
"1104402",18,"28.36","2021-02-10 10:15:00"
"1104456",18,"30.97","2021-02-10 10:30:00"
"1104510",18,"33.4","2021-02-10 10:45:00"
"1104834",18,"43.77","2021-02-10 12:15:00"
"1104888",18,"45.08","2021-02-10 12:30:00"
"1105212",18,"48.84","2021-02-10 14:00:00"
"1105266",18,"47.19","2021-02-10 14:15:00"
"1105320",18,"44.36","2021-02-10 14:30:00"
"1105806",18,"40.47","2021-02-10 16:45:00"
"1105860",18,"39.48","2021-02-10 17:00:00"
"1106184",18,"33.25","2021-02-10 18:30:00"
"1106238",18,"32.39","2021-02-10 18:45:00"
"1106292",18,"31.52","2021-02-10 19:00:00"
"1106616",18,"27.85","2021-02-10 20:30:00"
"1106670",18,"27.49","2021-02-10 20:45:00"
"1106724",18,"27.06","2021-02-10 21:00:00"
"1107048",18,"25.31","2021-02-10 22:30:00"
"1107102",18,"24.99","2021-02-10 22:45:00"
"1107426",18,"24.31","2021-02-11 00:15:00"
"1107480",18,"24.37","2021-02-11 00:30:00"
"1107534",18,"24.36","2021-02-11 00:45:00"
"1108020",18,"23.07","2021-02-11 03:00:00"
"1108074",18,"22.99","2021-02-11 03:15:00"
"1108560",18,"21.96","2021-02-11 05:30:00"
"1108614",18,"21.89","2021-02-11 05:45:00"
"1109100",18,"21.67","2021-02-11 08:00:00"
"1109154",18,"21.67","2021-02-11 08:15:00"
"1109208",18,"21.14","2021-02-11 08:30:00"
"1109532",18,"22.06","2021-02-11 10:00:00"
"1109586",18,"22.37","2021-02-11 10:15:00"
"1110072",18,"25.18","2021-02-11 12:30:00"
"1110126",18,"25.86","2021-02-11 12:45:00"
"1110342",18,"28.01","2021-02-11 13:45:00"
"1110396",18,"28.54","2021-02-11 14:00:00"
"1110450",18,"29.38","2021-02-11 14:15:00"
"1110612",18,"31.39","2021-02-11 15:00:00"
"1110666",18,"31.76","2021-02-11 15:15:00"
"1110720",18,"31.86","2021-02-11 15:30:00"
"1109694",18,"22.75","2021-02-11 10:45:00"
"1109748",18,"22.9","2021-02-11 11:00:00"
"1109910",18,"24.62","2021-02-11 11:45:00"
"1109964",18,"24.96","2021-02-11 12:00:00"
"1110018",18,"25.09","2021-02-11 12:15:00"
