"id_sample","id_sensor","value","date_ref"
"1",34,"4.065","2021-07-28 12:45:00"
"55",34,"4.189","2021-07-28 13:00:00"
"109",34,"4.345","2021-07-28 13:15:00"
"163",34,"4.679","2021-07-28 13:30:00"
"217",34,"4.283","2021-07-28 13:45:00"
"271",34,"4.616","2021-07-28 14:00:00"
"325",34,"4.401","2021-07-28 14:15:00"
"379",34,"4.195","2021-07-28 14:30:00"
"433",34,"4.298","2021-07-28 14:45:00"
"487",34,"3.892","2021-07-28 15:00:00"
"541",34,"3.778","2021-07-28 15:15:00"
"595",34,"4.275","2021-07-28 15:30:00"
"649",34,"4.948","2021-07-28 15:45:00"
"703",34,"5.725","2021-07-28 16:00:00"
"757",34,"5.148","2021-07-28 16:15:00"
"811",34,"5.733","2021-07-28 16:30:00"
"865",34,"5.292","2021-07-28 16:45:00"
"919",34,"5.22","2021-07-28 17:00:00"
"973",34,"4.483","2021-07-28 17:15:00"
"1027",34,"3.778","2021-07-28 17:30:00"
"1081",34,"3.051","2021-07-28 17:45:00"
"1135",34,"3.378","2021-07-28 18:00:00"
"1189",34,"2.27","2021-07-28 18:15:00"
"1243",34,"2.129","2021-07-28 18:30:00"
"1297",34,"2.359","2021-07-28 18:45:00"
"1351",34,"2.417","2021-07-28 19:00:00"
"1405",34,"3.197","2021-07-28 19:15:00"
"1459",34,"3.662","2021-07-28 19:30:00"
"1513",34,"4.321","2021-07-28 19:45:00"
"1567",34,"3.902","2021-07-28 20:00:00"
"1621",34,"3.673","2021-07-28 20:15:00"
"1675",34,"3.086","2021-07-28 20:30:00"
"1729",34,"3.043","2021-07-28 20:45:00"
"1783",34,"3.263","2021-07-28 21:00:00"
"1837",34,"3.384","2021-07-28 21:15:00"
"1891",34,"3.581","2021-07-28 21:30:00"
"1945",34,"3.606","2021-07-28 21:45:00"
"1999",34,"3.902","2021-07-28 22:00:00"
"2053",34,"3.698","2021-07-28 22:15:00"
"2107",34,"2.999","2021-07-28 22:30:00"
"2161",34,"2.55","2021-07-28 22:45:00"
"2215",34,"3.142","2021-07-28 23:00:00"
"2269",34,"3.226","2021-07-28 23:15:00"
"2323",34,"2.668","2021-07-28 23:30:00"
"2377",34,"2.6029999999999998","2021-07-28 23:45:00"
"2431",34,"2.991","2021-07-29 00:00:00"
"2485",34,"3.376","2021-07-29 00:15:00"
"2539",34,"3.683","2021-07-29 00:30:00"
"2593",34,"3.981","2021-07-29 00:45:00"
"2647",34,"3.505","2021-07-29 01:00:00"
"2701",34,"2.71","2021-07-29 01:15:00"
"2755",34,"2.496","2021-07-29 01:30:00"
"2809",34,"2.7279999999999998","2021-07-29 01:45:00"
"2863",34,"2.998","2021-07-29 02:00:00"
"2917",34,"2.3529999999999998","2021-07-29 02:15:00"
"2971",34,"2.498","2021-07-29 02:30:00"
"3025",34,"2.236","2021-07-29 02:45:00"
"3079",34,"2.306","2021-07-29 03:00:00"
"3133",34,"2.532","2021-07-29 03:15:00"
"3187",34,"2.2560000000000002","2021-07-29 03:30:00"
"3241",34,"2.197","2021-07-29 03:45:00"
"3295",34,"2.094","2021-07-29 04:00:00"
"3349",34,"2.332","2021-07-29 04:15:00"
"3403",34,"2.763","2021-07-29 04:30:00"
"3457",34,"3.092","2021-07-29 04:45:00"
"3511",34,"3.126","2021-07-29 05:00:00"
"3565",34,"2.521","2021-07-29 05:15:00"
"3619",34,"2.9","2021-07-29 05:30:00"
"3673",34,"2.717","2021-07-29 05:45:00"
"3727",34,"2.907","2021-07-29 06:00:00"
"3781",34,"1.9609999999999999","2021-07-29 06:15:00"
"3835",34,"2.277","2021-07-29 06:30:00"
"3889",34,"2.254","2021-07-29 06:45:00"
"3943",34,"1.862","2021-07-29 07:00:00"
"3997",34,"1.8860000000000001","2021-07-29 07:15:00"
"4051",34,"1.015","2021-07-29 07:30:00"
"4105",34,"1.673","2021-07-29 07:45:00"
"4159",34,"1.641","2021-07-29 08:00:00"
"4213",34,"1.832","2021-07-29 08:15:00"
"4267",34,"1.6560000000000001","2021-07-29 08:30:00"
"4321",34,"2.246","2021-07-29 08:45:00"
"4375",34,"2.043","2021-07-29 09:00:00"
"4429",34,"2.7439999999999998","2021-07-29 09:15:00"
"4483",34,"3.196","2021-07-29 09:30:00"
"4537",34,"2.667","2021-07-29 09:45:00"
"4591",34,"2.4859999999999998","2021-07-29 10:00:00"
"4645",34,"3.334","2021-07-29 10:15:00"
"4699",34,"2.883","2021-07-29 10:30:00"
"4753",34,"3.158","2021-07-29 10:45:00"
"4807",34,"3.495","2021-07-29 11:00:00"
"4861",34,"2.375","2021-07-29 11:15:00"
"4915",34,"2.729","2021-07-29 11:30:00"
"4969",34,"2.614","2021-07-29 11:45:00"
"5023",34,"2.68","2021-07-29 12:00:00"
"5077",34,"3.007","2021-07-29 12:15:00"
"5131",34,"2.8810000000000002","2021-07-29 12:30:00"
"5185",34,"2.428","2021-07-29 12:45:00"
"5239",34,"1.827","2021-07-29 13:00:00"
"5293",34,"2.315","2021-07-29 13:15:00"
"5347",34,"2.458","2021-07-29 13:30:00"
"5401",34,"1.822","2021-07-29 13:45:00"
"5455",34,"1.592","2021-07-29 14:00:00"
"5509",34,"1.883","2021-07-29 14:15:00"
"5563",34,"1.891","2021-07-29 14:30:00"
"5617",34,"0.91","2021-07-29 14:45:00"
"5671",34,"1.346","2021-07-29 15:00:00"
"5725",34,"1.289","2021-07-29 15:15:00"
"5779",34,"1.319","2021-07-29 15:30:00"
"5833",34,"2.007","2021-07-29 15:45:00"
"5887",34,"2.299","2021-07-29 16:00:00"
"5941",34,"1.923","2021-07-29 16:15:00"
"5995",34,"1.883","2021-07-29 16:30:00"
"6049",34,"2.454","2021-07-29 16:45:00"
"6103",34,"2.278","2021-07-29 17:00:00"
"6157",34,"1.532","2021-07-29 17:15:00"
"6211",34,"2.243","2021-07-29 17:30:00"
"6265",34,"2.01","2021-07-29 17:45:00"
"6319",34,"2.097","2021-07-29 18:00:00"
"6373",34,"2.198","2021-07-29 18:15:00"
"6427",34,"2.169","2021-07-29 18:30:00"
"6481",34,"2.015","2021-07-29 18:45:00"
"6535",34,"2.001","2021-07-29 19:00:00"
"6589",34,"1.889","2021-07-29 19:15:00"
"6643",34,"2.079","2021-07-29 19:30:00"
"6697",34,"2.161","2021-07-29 19:45:00"
"6751",34,"2.2439999999999998","2021-07-29 20:00:00"
"6805",34,"2.071","2021-07-29 20:15:00"
"6859",34,"1.982","2021-07-29 20:30:00"
"6913",34,"2.204","2021-07-29 20:45:00"
"6967",34,"2.584","2021-07-29 21:00:00"
"7021",34,"2.339","2021-07-29 21:15:00"
"7075",34,"2.07","2021-07-29 21:30:00"
"7129",34,"2.099","2021-07-29 21:45:00"
"7183",34,"1.9100000000000001","2021-07-29 22:00:00"
"7237",34,"0.608","2021-07-29 22:15:00"
"7291",34,"0.889","2021-07-29 22:30:00"
"7345",34,"1.373","2021-07-29 22:45:00"
"7399",34,"1.374","2021-07-29 23:00:00"
"7453",34,"1.9580000000000002","2021-07-29 23:15:00"
"7507",34,"1.959","2021-07-29 23:30:00"
"7561",34,"1.8679999999999999","2021-07-29 23:45:00"
"7615",34,"1.92","2021-07-30 00:00:00"
"7669",34,"1.962","2021-07-30 00:15:00"
"7723",34,"1.904","2021-07-30 00:30:00"
"7777",34,"1.867","2021-07-30 00:45:00"
"7831",34,"1.617","2021-07-30 01:00:00"
"7885",34,"1.524","2021-07-30 01:15:00"
"7939",34,"1.85","2021-07-30 01:30:00"
"7993",34,"2.085","2021-07-30 01:45:00"
"8047",34,"2.093","2021-07-30 02:00:00"
"8101",34,"1.876","2021-07-30 02:15:00"
"8155",34,"1.504","2021-07-30 02:30:00"
"8209",34,"0.91","2021-07-30 02:45:00"
"8263",34,"0.06","2021-07-30 03:00:00"
"8317",34,"0","2021-07-30 03:15:00"
"8371",34,"0","2021-07-30 03:30:00"
"8425",34,"0","2021-07-30 03:45:00"
"8479",34,"1.064","2021-07-30 04:00:00"
"8533",34,"2.642","2021-07-30 04:15:00"
"8587",34,"2.601","2021-07-30 04:30:00"
"8641",34,"2.444","2021-07-30 04:45:00"
"8695",34,"1.661","2021-07-30 05:00:00"
"8749",34,"2.336","2021-07-30 05:15:00"
"8803",34,"2.58","2021-07-30 05:30:00"
"8857",34,"2.629","2021-07-30 05:45:00"
"8911",34,"2.235","2021-07-30 06:00:00"
"8965",34,"2.388","2021-07-30 06:15:00"
"9019",34,"2.734","2021-07-30 06:30:00"
"9073",34,"3.098","2021-07-30 06:45:00"
"9127",34,"3.229","2021-07-30 07:00:00"
"9181",34,"3.443","2021-07-30 07:15:00"
"9235",34,"2.83","2021-07-30 07:30:00"
"9289",34,"2.635","2021-07-30 07:45:00"
"9343",34,"2.046","2021-07-30 08:00:00"
"9397",34,"2.035","2021-07-30 08:15:00"
"9451",34,"1.9420000000000002","2021-07-30 08:30:00"
"9505",34,"1.815","2021-07-30 08:45:00"
"9559",34,"1.514","2021-07-30 09:00:00"
"9613",34,"1.899","2021-07-30 09:15:00"
"9667",34,"2.327","2021-07-30 09:30:00"
"9721",34,"2.046","2021-07-30 09:45:00"
"9775",34,"2.763","2021-07-30 10:00:00"
"9829",34,"2.185","2021-07-30 10:15:00"
"9883",34,"4.824","2021-07-30 10:30:00"
"9937",34,"4.35","2021-07-30 10:45:00"
"9991",34,"3.807","2021-07-30 11:00:00"
"10045",34,"3.657","2021-07-30 11:15:00"
"10099",34,"3.815","2021-07-30 11:30:00"
"10153",34,"3.673","2021-07-30 11:45:00"
"10207",34,"2.894","2021-07-30 12:00:00"
"10261",34,"3.266","2021-07-30 12:15:00"
"10315",34,"3.51","2021-07-30 12:30:00"
"10369",34,"3.372","2021-07-30 12:45:00"
"10423",34,"2.632","2021-07-30 13:00:00"
"10477",34,"2.923","2021-07-30 13:15:00"
"10531",34,"2.091","2021-07-30 13:30:00"
"10585",34,"2.086","2021-07-30 13:45:00"
"10639",34,"2.304","2021-07-30 14:00:00"
"10693",34,"2.085","2021-07-30 14:15:00"
"10747",34,"2.266","2021-07-30 14:30:00"
"10801",34,"1.339","2021-07-30 14:45:00"
"10855",34,"1.888","2021-07-30 15:00:00"
"10909",34,"1.677","2021-07-30 15:15:00"
"10963",34,"3.249","2021-07-30 15:30:00"
"11017",34,"3.357","2021-07-30 15:45:00"
"11071",34,"3.261","2021-07-30 16:00:00"
"11125",34,"3.212","2021-07-30 16:15:00"
"11179",34,"3.235","2021-07-30 16:30:00"
"11233",34,"2.723","2021-07-30 16:45:00"
"11287",34,"2.304","2021-07-30 17:00:00"
"11341",34,"1.7890000000000001","2021-07-30 17:15:00"
"11395",34,"1.702","2021-07-30 17:30:00"
"11449",34,"1.935","2021-07-30 17:45:00"
"11503",34,"1.845","2021-07-30 18:00:00"
"11557",34,"2.012","2021-07-30 18:15:00"
"11611",34,"2.365","2021-07-30 18:30:00"
"11665",34,"2.893","2021-07-30 18:45:00"
"11719",34,"3.037","2021-07-30 19:00:00"
"11773",34,"2.742","2021-07-30 19:15:00"
"11827",34,"2.768","2021-07-30 19:30:00"
"11881",34,"2.763","2021-07-30 19:45:00"
"11935",34,"2.866","2021-07-30 20:00:00"
"11989",34,"2.762","2021-07-30 20:15:00"
"12043",34,"2.669","2021-07-30 20:30:00"
"12097",34,"2.726","2021-07-30 20:45:00"
"12151",34,"2.627","2021-07-30 21:00:00"
"12205",34,"2.577","2021-07-30 21:15:00"
"12259",34,"2.912","2021-07-30 21:30:00"
"12313",34,"3.54","2021-07-30 21:45:00"
"12367",34,"4.618","2021-07-30 22:00:00"
"12421",34,"4.9879999999999995","2021-07-30 22:15:00"
"12475",34,"4.134","2021-07-30 22:30:00"
"12529",34,"4.154","2021-07-30 22:45:00"
"12583",34,"3.768","2021-07-30 23:00:00"
"12637",34,"4.13","2021-07-30 23:15:00"
"12691",34,"4.915","2021-07-30 23:30:00"
"12745",34,"5.228","2021-07-30 23:45:00"
"12799",34,"4.101","2021-07-31 00:00:00"
"12853",34,"4.442","2021-07-31 00:15:00"
"12907",34,"5.298","2021-07-31 00:30:00"
"12961",34,"5.593","2021-07-31 00:45:00"
"13015",34,"5.26","2021-07-31 01:00:00"
"13069",34,"5.057","2021-07-31 01:15:00"
"13123",34,"5.504","2021-07-31 01:30:00"
"13177",34,"4.786","2021-07-31 01:45:00"
"13231",34,"4.795","2021-07-31 02:00:00"
"13285",34,"5.655","2021-07-31 02:15:00"
"13339",34,"4.466","2021-07-31 02:30:00"
"13393",34,"3.856","2021-07-31 02:45:00"
"13447",34,"4.128","2021-07-31 03:00:00"
"13501",34,"5.164","2021-07-31 03:15:00"
"13555",34,"5.516","2021-07-31 03:30:00"
"13609",34,"5.143","2021-07-31 03:45:00"
"13663",34,"4.133","2021-07-31 04:00:00"
"13717",34,"4.391","2021-07-31 04:15:00"
"13771",34,"4.013","2021-07-31 04:30:00"
"13825",34,"3.758","2021-07-31 04:45:00"
"13879",34,"3.83","2021-07-31 05:00:00"
"13933",34,"3.752","2021-07-31 05:15:00"
"13987",34,"3.164","2021-07-31 05:30:00"
"14041",34,"3.048","2021-07-31 05:45:00"
"14095",34,"3.076","2021-07-31 06:00:00"
"14149",34,"3.278","2021-07-31 06:15:00"
"14203",34,"2.882","2021-07-31 06:30:00"
"14257",34,"2.367","2021-07-31 06:45:00"
"14311",34,"1.2810000000000001","2021-07-31 07:00:00"
"14365",34,"0","2021-07-31 07:15:00"
"14419",34,"0","2021-07-31 07:30:00"
"14473",34,"0","2021-07-31 07:45:00"
"14527",34,"0","2021-07-31 08:00:00"
"14581",34,"0","2021-07-31 08:15:00"
"14635",34,"0.8","2021-07-31 08:30:00"
"14689",34,"2.761","2021-07-31 08:45:00"
"14743",34,"3.798","2021-07-31 09:00:00"
"14797",34,"4.661","2021-07-31 09:15:00"
"14851",34,"5.32","2021-07-31 09:30:00"
"14905",34,"5.145","2021-07-31 09:45:00"
"14959",34,"4.478","2021-07-31 10:00:00"
"15013",34,"5.221","2021-07-31 10:15:00"
"15067",34,"4.633","2021-07-31 10:30:00"
"15121",34,"4.922","2021-07-31 10:45:00"
"15175",34,"4.812","2021-07-31 11:00:00"
"15229",34,"4.353","2021-07-31 11:15:00"
"15283",34,"4.138","2021-07-31 11:30:00"
"15337",34,"4.043","2021-07-31 11:45:00"
"15391",34,"3.854","2021-07-31 12:00:00"
"15445",34,"4.228","2021-07-31 12:15:00"
"15499",34,"4.297","2021-07-31 12:30:00"
"15553",34,"4.139","2021-07-31 12:45:00"
"15607",34,"4.03","2021-07-31 13:00:00"
"15661",34,"4.501","2021-07-31 13:15:00"
"15715",34,"4.037","2021-07-31 13:30:00"
"15769",34,"4.645","2021-07-31 13:45:00"
"15823",34,"4.657","2021-07-31 14:00:00"
"15877",34,"4.003","2021-07-31 14:15:00"
"15931",34,"4.518","2021-07-31 14:30:00"
"15985",34,"4.142","2021-07-31 14:45:00"
"16039",34,"3.646","2021-07-31 15:00:00"
"16093",34,"3.871","2021-07-31 15:15:00"
"16147",34,"3.298","2021-07-31 15:30:00"
"16201",34,"3.134","2021-07-31 15:45:00"
"16255",34,"2.822","2021-07-31 16:00:00"
"16309",34,"2.9779999999999998","2021-07-31 16:15:00"
"16363",34,"3.069","2021-07-31 16:30:00"
"16417",34,"2.979","2021-07-31 16:45:00"
"16471",34,"3.168","2021-07-31 17:00:00"
"16525",34,"2.733","2021-07-31 17:15:00"
"16579",34,"2.906","2021-07-31 17:30:00"
"16633",34,"2.753","2021-07-31 17:45:00"
"16687",34,"3.339","2021-07-31 18:00:00"
"16741",34,"3.323","2021-07-31 18:15:00"
"16795",34,"3.377","2021-07-31 18:30:00"
"16849",34,"3.078","2021-07-31 18:45:00"
"16903",34,"2.308","2021-07-31 19:00:00"
"16957",34,"2.017","2021-07-31 19:15:00"
"17011",34,"2.327","2021-07-31 19:30:00"
"17065",34,"2.75","2021-07-31 19:45:00"
"17119",34,"2.433","2021-07-31 20:00:00"
"17173",34,"2.058","2021-07-31 20:15:00"
"17227",34,"1.995","2021-07-31 20:30:00"
"17281",34,"1.891","2021-07-31 20:45:00"
"17335",34,"2.132","2021-07-31 21:00:00"
"17389",34,"2.376","2021-07-31 21:15:00"
"17443",34,"2.762","2021-07-31 21:30:00"
"17497",34,"3.004","2021-07-31 21:45:00"
"17551",34,"2.79","2021-07-31 22:00:00"
"17605",34,"1.3820000000000001","2021-07-31 22:15:00"
"17659",34,"0.91","2021-07-31 22:30:00"
"17713",34,"2.301","2021-07-31 22:45:00"
"17767",34,"2.936","2021-07-31 23:00:00"
"17821",34,"3.633","2021-07-31 23:15:00"
"17875",34,"3.467","2021-07-31 23:30:00"
"17929",34,"3.171","2021-07-31 23:45:00"
"17983",34,"4.057","2021-08-01 00:00:00"
"18037",34,"3.85","2021-08-01 00:15:00"
"18091",34,"2.636","2021-08-01 00:30:00"
"18145",34,"2.203","2021-08-01 00:45:00"
"18199",34,"2.342","2021-08-01 01:00:00"
"18253",34,"2.972","2021-08-01 01:15:00"
"18307",34,"3.363","2021-08-01 01:30:00"
"18361",34,"3.597","2021-08-01 01:45:00"
"18415",34,"2.725","2021-08-01 02:00:00"
"18469",34,"3.374","2021-08-01 02:15:00"
"18523",34,"3.447","2021-08-01 02:30:00"
"18577",34,"2.192","2021-08-01 02:45:00"
"18631",34,"1.892","2021-08-01 03:00:00"
"18685",34,"1.542","2021-08-01 03:15:00"
"18739",34,"2.059","2021-08-01 03:30:00"
"18793",34,"2.196","2021-08-01 03:45:00"
"18847",34,"1.9260000000000002","2021-08-01 04:00:00"
"18901",34,"1.814","2021-08-01 04:15:00"
"18955",34,"1.151","2021-08-01 04:30:00"
"19009",34,"1.349","2021-08-01 04:45:00"
"19063",34,"2.289","2021-08-01 05:00:00"
"19117",34,"1.6059999999999999","2021-08-01 05:15:00"
"19171",34,"0.85","2021-08-01 05:30:00"
"19225",34,"1.173","2021-08-01 05:45:00"
"19279",34,"1.488","2021-08-01 06:00:00"
"19333",34,"0","2021-08-01 06:15:00"
"19387",34,"0","2021-08-01 06:30:00"
"19441",34,"0","2021-08-01 06:45:00"
"19495",34,"0","2021-08-01 07:00:00"
"19549",34,"2.098","2021-08-01 07:15:00"
"19603",34,"3.258","2021-08-01 07:30:00"
"19657",34,"1.881","2021-08-01 07:45:00"
"19711",34,"0.18","2021-08-01 08:00:00"
"19765",34,"0.07","2021-08-01 08:15:00"
"19819",34,"0.01","2021-08-01 08:30:00"
"19873",34,"0.13","2021-08-01 08:45:00"
"19927",34,"1.63","2021-08-01 09:00:00"
"19981",34,"0.1","2021-08-01 09:15:00"
"20035",34,"0","2021-08-01 09:30:00"
"20089",34,"0","2021-08-01 09:45:00"
"20143",34,"1.471","2021-08-01 10:00:00"
"20197",34,"2.492","2021-08-01 10:15:00"
"20251",34,"2.123","2021-08-01 10:30:00"
"20305",34,"3.892","2021-08-01 10:45:00"
"20359",34,"4.328","2021-08-01 11:00:00"
"20413",34,"3.633","2021-08-01 11:15:00"
"20467",34,"3.8810000000000002","2021-08-01 11:30:00"
"20521",34,"3.662","2021-08-01 11:45:00"
"20575",34,"3.383","2021-08-01 12:00:00"
"20629",34,"3.338","2021-08-01 12:15:00"
"20683",34,"3.295","2021-08-01 12:30:00"
"20737",34,"1.502","2021-08-01 12:45:00"
"20791",34,"2.13","2021-08-01 13:00:00"
"20845",34,"2.918","2021-08-01 13:15:00"
"20899",34,"2.678","2021-08-01 13:30:00"
"20953",34,"2.109","2021-08-01 13:45:00"
"21007",34,"1.574","2021-08-01 14:00:00"
"21061",34,"0.7000000000000001","2021-08-01 14:15:00"
"21115",34,"1.173","2021-08-01 14:30:00"
"21169",34,"1.098","2021-08-01 14:45:00"
"21223",34,"2.495","2021-08-01 15:00:00"
"21277",34,"1.264","2021-08-01 15:15:00"
"21331",34,"1.6360000000000001","2021-08-01 15:30:00"
"21385",34,"1.5110000000000001","2021-08-01 15:45:00"
"21439",34,"1.11","2021-08-01 16:00:00"
"21493",34,"1.178","2021-08-01 16:15:00"
"21547",34,"0.02","2021-08-01 16:30:00"
"21601",34,"0","2021-08-01 16:45:00"
"21655",34,"0","2021-08-01 17:00:00"
"21709",34,"0","2021-08-01 17:15:00"
"21763",34,"0","2021-08-01 17:30:00"
"21817",34,"0","2021-08-01 17:45:00"
"21871",34,"0","2021-08-01 18:00:00"
"21925",34,"0","2021-08-01 18:15:00"
"21979",34,"0","2021-08-01 18:30:00"
"22033",34,"0","2021-08-01 18:45:00"
"22087",34,"0","2021-08-01 19:00:00"
"22141",34,"0.11","2021-08-01 19:15:00"
"22195",34,"2.247","2021-08-01 19:30:00"
"22249",34,"2.136","2021-08-01 19:45:00"
"22303",34,"1.9180000000000001","2021-08-01 20:00:00"
"22357",34,"1.984","2021-08-01 20:15:00"
"22411",34,"2.129","2021-08-01 20:30:00"
"22465",34,"1.318","2021-08-01 20:45:00"
"22519",34,"1.116","2021-08-01 21:00:00"
"22573",34,"0.12","2021-08-01 21:15:00"
"22627",34,"0","2021-08-01 21:30:00"
"22681",34,"1.429","2021-08-01 21:45:00"
"22735",34,"1.35","2021-08-01 22:00:00"
"22789",34,"0","2021-08-01 22:15:00"
"22843",34,"0","2021-08-01 22:30:00"
"22897",34,"0","2021-08-01 22:45:00"
"22951",34,"0.52","2021-08-01 23:00:00"
"23005",34,"1.994","2021-08-01 23:15:00"
"23059",34,"1.774","2021-08-01 23:30:00"
"23113",34,"1.008","2021-08-01 23:45:00"
"23167",34,"0","2021-08-02 00:00:00"
"23221",34,"0","2021-08-02 00:15:00"
"23275",34,"1.086","2021-08-02 00:30:00"
"23329",34,"1.629","2021-08-02 00:45:00"
"23383",34,"1.408","2021-08-02 01:00:00"
"23437",34,"0.58","2021-08-02 01:15:00"
"23491",34,"0","2021-08-02 01:30:00"
"23545",34,"0","2021-08-02 01:45:00"
"23599",34,"0.29","2021-08-02 02:00:00"
"23653",34,"2.2720000000000002","2021-08-02 02:15:00"
"23707",34,"2.285","2021-08-02 02:30:00"
"23761",34,"2.38","2021-08-02 02:45:00"
"23815",34,"2.42","2021-08-02 03:00:00"
"23869",34,"2.115","2021-08-02 03:15:00"
"23923",34,"1.499","2021-08-02 03:30:00"
"23977",34,"1.5630000000000002","2021-08-02 03:45:00"
"24031",34,"1.1","2021-08-02 04:00:00"
"24085",34,"0","2021-08-02 04:15:00"
"24139",34,"0","2021-08-02 04:30:00"
"24193",34,"0","2021-08-02 04:45:00"
"24247",34,"0","2021-08-02 05:00:00"
"24301",34,"0","2021-08-02 05:15:00"
"24355",34,"0","2021-08-02 05:30:00"
"24409",34,"0","2021-08-02 05:45:00"
"24463",34,"0","2021-08-02 06:00:00"
"24517",34,"0","2021-08-02 06:15:00"
"24571",34,"0","2021-08-02 06:30:00"
"24625",34,"0","2021-08-02 06:45:00"
"24679",34,"0","2021-08-02 07:00:00"
"24733",34,"0","2021-08-02 07:15:00"
"24787",34,"0","2021-08-02 07:30:00"
"24841",34,"0","2021-08-02 07:45:00"
"24895",34,"0","2021-08-02 08:00:00"
"24949",34,"0","2021-08-02 08:15:00"
"25003",34,"0","2021-08-02 08:30:00"
"25057",34,"0","2021-08-02 08:45:00"
"25111",34,"1.379","2021-08-02 09:00:00"
"25165",34,"2.067","2021-08-02 09:15:00"
"25219",34,"1.974","2021-08-02 09:30:00"
"25273",34,"0.98","2021-08-02 09:45:00"
"25327",34,"0.67","2021-08-02 10:00:00"
"25381",34,"1.3780000000000001","2021-08-02 10:15:00"
"25435",34,"0.29","2021-08-02 10:30:00"
"25489",34,"0.63","2021-08-02 10:45:00"
"25543",34,"0.36","2021-08-02 11:00:00"
"25597",34,"1.627","2021-08-02 11:15:00"
"25651",34,"1.25","2021-08-02 11:30:00"
"25705",34,"1.454","2021-08-02 11:45:00"
"25759",34,"1.137","2021-08-02 12:00:00"
"25813",34,"0.21","2021-08-02 12:15:00"
"25867",34,"0","2021-08-02 12:30:00"
"25921",34,"0.23","2021-08-02 12:45:00"
"25975",34,"1.233","2021-08-02 13:00:00"
"26029",34,"0.6900000000000001","2021-08-02 13:15:00"
"26083",34,"1.036","2021-08-02 13:30:00"
"26137",34,"1.505","2021-08-02 13:45:00"
"26191",34,"1.897","2021-08-02 14:00:00"
"26245",34,"1.7810000000000001","2021-08-02 14:15:00"
"26299",34,"1.732","2021-08-02 14:30:00"
"26353",34,"1.717","2021-08-02 14:45:00"
"26407",34,"1.591","2021-08-02 15:00:00"
"26461",34,"0.5","2021-08-02 15:15:00"
"26515",34,"1.415","2021-08-02 15:30:00"
"26569",34,"0.72","2021-08-02 15:45:00"
"26623",34,"0.53","2021-08-02 16:00:00"
"26677",34,"0.32","2021-08-02 16:15:00"
"26731",34,"0.23","2021-08-02 16:30:00"
"26785",34,"0.06","2021-08-02 16:45:00"
"26839",34,"0","2021-08-02 17:00:00"
"26893",34,"0","2021-08-02 17:15:00"
"26947",34,"0","2021-08-02 17:30:00"
"27001",34,"0","2021-08-02 17:45:00"
"27055",34,"0","2021-08-02 18:00:00"
"27109",34,"0.44","2021-08-02 18:15:00"
"27163",34,"0.46","2021-08-02 18:30:00"
"27217",34,"1.032","2021-08-02 18:45:00"
"27271",34,"0","2021-08-02 19:00:00"
"27325",34,"0.45","2021-08-02 19:15:00"
"27379",34,"0.9400000000000001","2021-08-02 19:30:00"
"27433",34,"1.807","2021-08-02 19:45:00"
"27487",34,"1.698","2021-08-02 20:00:00"
"27541",34,"1.616","2021-08-02 20:15:00"
"27595",34,"0.16","2021-08-02 20:30:00"
"27649",34,"0","2021-08-02 20:45:00"
"27703",34,"0","2021-08-02 21:00:00"
"27757",34,"0","2021-08-02 21:15:00"
"27811",34,"0","2021-08-02 21:30:00"
"27865",34,"0","2021-08-02 21:45:00"
"27919",34,"0","2021-08-02 22:00:00"
"27973",34,"0","2021-08-02 22:15:00"
"28027",34,"0","2021-08-02 22:30:00"
"28081",34,"0","2021-08-02 22:45:00"
"28135",34,"0","2021-08-02 23:00:00"
"28189",34,"0","2021-08-02 23:15:00"
"28243",34,"0","2021-08-02 23:30:00"
"28297",34,"0","2021-08-02 23:45:00"
"28351",34,"0.09","2021-08-03 00:00:00"
"28405",34,"0","2021-08-03 00:15:00"
"28459",34,"0","2021-08-03 00:30:00"
"28513",34,"0","2021-08-03 00:45:00"
"28567",34,"2.142","2021-08-03 01:00:00"
"28621",34,"1.8900000000000001","2021-08-03 01:15:00"
"28675",34,"2.142","2021-08-03 01:30:00"
"28729",34,"1.8860000000000001","2021-08-03 01:45:00"
"28783",34,"1.896","2021-08-03 02:00:00"
"28837",34,"1.7189999999999999","2021-08-03 02:15:00"
"28891",34,"1.5470000000000002","2021-08-03 02:30:00"
"28945",34,"1.9420000000000002","2021-08-03 02:45:00"
"28999",34,"2.168","2021-08-03 03:00:00"
"29053",34,"1.994","2021-08-03 03:15:00"
"29107",34,"1.678","2021-08-03 03:30:00"
"29161",34,"1.647","2021-08-03 03:45:00"
"29215",34,"0.91","2021-08-03 04:00:00"
"29269",34,"0","2021-08-03 04:15:00"
"29323",34,"0","2021-08-03 04:30:00"
"29377",34,"0","2021-08-03 04:45:00"
"29431",34,"0","2021-08-03 05:00:00"
"29485",34,"0.01","2021-08-03 05:15:00"
"29539",34,"0","2021-08-03 05:30:00"
"29593",34,"0","2021-08-03 05:45:00"
"29647",34,"0","2021-08-03 06:00:00"
"29701",34,"0","2021-08-03 06:15:00"
"29755",34,"0","2021-08-03 06:30:00"
"29809",34,"0","2021-08-03 06:45:00"
"29863",34,"0","2021-08-03 07:00:00"
"29917",34,"1.48","2021-08-03 07:15:00"
"29971",34,"0.48","2021-08-03 07:30:00"
"30025",34,"0.49","2021-08-03 07:45:00"
"30079",34,"1.157","2021-08-03 08:00:00"
"30133",34,"1.042","2021-08-03 08:15:00"
"30187",34,"1.052","2021-08-03 08:30:00"
"30241",34,"0.55","2021-08-03 08:45:00"
"30295",34,"2.005","2021-08-03 09:00:00"
"30349",34,"2.081","2021-08-03 09:15:00"
"30403",34,"2.019","2021-08-03 09:30:00"
"30457",34,"2.097","2021-08-03 09:45:00"
"30511",34,"1.469","2021-08-03 10:00:00"
"30565",34,"2.318","2021-08-03 10:15:00"
"30619",34,"2.592","2021-08-03 10:30:00"
"30673",34,"3.3609999999999998","2021-08-03 10:45:00"
"30727",34,"3.245","2021-08-03 11:00:00"
"30781",34,"3.798","2021-02-11 16:00:00"
"30835",34,"3.528","2021-02-11 16:15:00"
"30889",34,"3.6630000000000003","2021-02-11 16:30:00"
"30943",34,"3.521","2021-02-11 16:45:00"
"30997",34,"3.492","2021-02-11 17:00:00"
"31051",34,"3.469","2021-02-11 17:15:00"
"31105",34,"2.867","2021-02-11 17:30:00"
"31159",34,"2.942","2021-02-11 17:45:00"
"31213",34,"3.077","2021-02-11 18:00:00"
"31267",34,"2.777","2021-02-11 18:15:00"
"31321",34,"1.749","2021-02-11 18:30:00"
"31375",34,"1.883","2021-02-11 18:45:00"
"31429",34,"2.056","2021-02-11 19:00:00"
"31483",34,"1.6600000000000001","2021-02-11 19:15:00"
"31537",34,"2.342","2021-02-11 19:30:00"
"31591",34,"1.032","2021-02-11 19:45:00"
"31645",34,"1.176","2021-02-11 20:00:00"
"31699",34,"2.12","2021-02-11 20:15:00"
"31753",34,"2.5300000000000002","2021-02-11 20:30:00"
"31807",34,"2.561","2021-02-11 20:45:00"
"31861",34,"2.447","2021-02-11 21:00:00"
"31915",34,"2.26","2021-02-11 21:15:00"
"31969",34,"2.396","2021-02-11 21:30:00"
"32023",34,"2.8609999999999998","2021-02-11 21:45:00"
"32077",34,"2.583","2021-02-11 22:00:00"
"32131",34,"2.163","2021-02-11 22:15:00"
"32185",34,"2.689","2021-02-11 22:30:00"
"32239",34,"2.787","2021-02-11 22:45:00"
"32293",34,"2.708","2021-02-11 23:00:00"
"32347",34,"2.128","2021-02-11 23:15:00"
"32401",34,"2.585","2021-02-11 23:30:00"
"32455",34,"2.991","2021-02-11 23:45:00"
"32509",34,"2.559","2021-02-12 00:00:00"
"32563",34,"2.491","2021-02-12 00:15:00"
"32617",34,"2.303","2021-02-12 00:30:00"
"32671",34,"1.312","2021-02-12 00:45:00"
"32725",34,"1.541","2021-02-12 01:00:00"
"32779",34,"0.92","2021-02-12 01:15:00"
"32833",34,"0","2021-02-12 01:30:00"
"32887",34,"0","2021-02-12 01:45:00"
"32941",34,"0","2021-02-12 02:00:00"
"32995",34,"0.1","2021-02-12 02:15:00"
"33049",34,"0","2021-02-12 02:30:00"
"33103",34,"0","2021-02-12 02:45:00"
"33157",34,"0","2021-02-12 03:00:00"
"33211",34,"0.1","2021-02-12 03:15:00"
"33265",34,"0","2021-02-12 03:30:00"
"33319",34,"0","2021-02-12 03:45:00"
"33373",34,"0.51","2021-02-12 04:00:00"
"33427",34,"1","2021-02-12 04:15:00"
"33481",34,"0.18","2021-02-12 04:30:00"
"33535",34,"0","2021-02-12 04:45:00"
"33589",34,"0.13","2021-02-12 05:00:00"
"33643",34,"1.184","2021-02-12 05:15:00"
"33697",34,"0","2021-02-12 05:30:00"
"33751",34,"0","2021-02-12 05:45:00"
"33805",34,"0.89","2021-02-12 06:00:00"
"33859",34,"2.575","2021-02-12 06:15:00"
"33913",34,"2.267","2021-02-12 06:30:00"
"33967",34,"1.4969999999999999","2021-02-12 06:45:00"
"34021",34,"1.067","2021-02-12 07:00:00"
"34075",34,"0.48","2021-02-12 07:15:00"
"34129",34,"0.41000000000000003","2021-02-12 07:30:00"
"34183",34,"0.84","2021-02-12 07:45:00"
"34237",34,"1.084","2021-02-12 08:00:00"
"34291",34,"1.514","2021-02-12 08:15:00"
"34345",34,"1.795","2021-02-12 08:30:00"
"34399",34,"1.425","2021-02-12 08:45:00"
"34453",34,"1.6480000000000001","2021-02-12 09:00:00"
"34507",34,"2.931","2021-02-12 09:15:00"
"34561",34,"2.4859999999999998","2021-02-12 09:30:00"
"34615",34,"2.197","2021-02-12 09:45:00"
"34669",34,"0.86","2021-02-12 10:00:00"
"34723",34,"0.58","2021-02-12 10:15:00"
"34777",34,"0.8","2021-02-12 10:30:00"
"34831",34,"0.29","2021-02-12 10:45:00"
"34885",34,"0.05","2021-02-12 11:00:00"
"34939",34,"0","2021-02-12 11:15:00"
"34993",34,"0.26","2021-02-12 11:30:00"
"35047",34,"1.237","2021-02-12 11:45:00"
"35101",34,"0.08","2021-02-12 12:00:00"
"35155",34,"0.13","2021-02-12 12:15:00"
"35209",34,"0.7000000000000001","2021-02-12 12:30:00"
"35263",34,"2.2640000000000002","2021-02-12 12:45:00"
"35317",34,"2.643","2021-02-12 13:00:00"
"35371",34,"3.213","2021-02-12 13:15:00"
"35425",34,"2.674","2021-02-12 13:30:00"
"35479",34,"2.124","2021-02-12 13:45:00"
"35533",34,"1.096","2021-02-12 14:00:00"
"35587",34,"0.9","2021-02-12 14:15:00"
"35641",34,"0","2021-02-12 14:30:00"
"35695",34,"0","2021-02-12 14:45:00"
"35749",34,"0","2021-02-12 15:00:00"
"35803",34,"0.04","2021-02-12 15:15:00"
"35857",34,"0.13","2021-02-12 15:30:00"
"35911",34,"0.34","2021-02-12 15:45:00"
"35965",34,"1.152","2021-02-12 16:00:00"
"36019",34,"0.88","2021-02-12 16:15:00"
"36073",34,"0.02","2021-02-12 16:30:00"
"36127",34,"0.18","2021-02-12 16:45:00"
"36181",34,"0","2021-02-12 17:00:00"
"36235",34,"0.01","2021-02-12 17:15:00"
"36289",34,"0","2021-02-12 17:30:00"
"36343",34,"0","2021-02-12 17:45:00"
"36397",34,"0","2021-02-12 18:00:00"
"36451",34,"0.35000000000000003","2021-02-12 18:15:00"
"36505",34,"2.337","2021-02-12 18:30:00"
"36559",34,"2.69","2021-02-12 18:45:00"
"36613",34,"2.348","2021-02-12 19:00:00"
"36667",34,"2.193","2021-02-12 19:15:00"
"36721",34,"0.91","2021-02-12 19:30:00"
"36775",34,"0","2021-02-12 19:45:00"
"36829",34,"0","2021-02-12 20:00:00"
"36883",34,"0","2021-02-12 20:15:00"
"36937",34,"0","2021-02-12 20:30:00"
"36991",34,"0","2021-02-12 20:45:00"
"37045",34,"0","2021-02-12 21:00:00"
"37099",34,"0","2021-02-12 21:15:00"
"37153",34,"0","2021-02-12 21:30:00"
"37207",34,"0","2021-02-12 21:45:00"
"37261",34,"0.88","2021-02-12 22:00:00"
"37315",34,"0.13","2021-02-12 22:15:00"
"37369",34,"0","2021-02-12 22:30:00"
"37423",34,"0","2021-02-12 22:45:00"
"37477",34,"0","2021-02-12 23:00:00"
"37531",34,"0","2021-02-12 23:15:00"
"37585",34,"0","2021-02-12 23:30:00"
"37639",34,"0","2021-02-12 23:45:00"
"37693",34,"0","2021-02-13 00:00:00"
"37747",34,"0","2021-02-13 00:15:00"
"37801",34,"0.84","2021-02-13 00:30:00"
"37855",34,"0.65","2021-02-13 00:45:00"
"37909",34,"0","2021-02-13 01:00:00"
"37963",34,"0","2021-02-13 01:15:00"
"38017",34,"0.58","2021-02-13 01:30:00"
"38071",34,"0.06","2021-02-13 01:45:00"
"38125",34,"0","2021-02-13 02:00:00"
"38179",34,"0","2021-02-13 02:15:00"
"38233",34,"0","2021-02-13 02:30:00"
"38287",34,"0","2021-02-13 02:45:00"
"38341",34,"1.456","2021-02-13 03:00:00"
"38395",34,"1.475","2021-02-13 03:15:00"
"38449",34,"0.62","2021-02-13 03:30:00"
"38503",34,"0.23","2021-02-13 03:45:00"
"38557",34,"0.27","2021-02-13 04:00:00"
"38611",34,"0","2021-02-13 04:15:00"
"38665",34,"0","2021-02-13 04:30:00"
"38719",34,"0","2021-02-13 04:45:00"
"38773",34,"0","2021-02-13 05:00:00"
"38827",34,"1.246","2021-02-13 05:15:00"
"38881",34,"1.339","2021-02-13 05:30:00"
"38935",34,"0.08","2021-02-13 05:45:00"
"38989",34,"0","2021-02-13 06:00:00"
"39043",34,"0","2021-02-13 06:15:00"
"39097",34,"0","2021-02-13 06:30:00"
"39151",34,"0","2021-02-13 06:45:00"
"39205",34,"0","2021-02-13 07:00:00"
"39259",34,"0","2021-02-13 07:15:00"
"39313",34,"0","2021-02-13 07:30:00"
"39367",34,"0","2021-02-13 07:45:00"
"39421",34,"0","2021-02-13 08:00:00"
"39475",34,"0","2021-02-13 08:15:00"
"39529",34,"0.27","2021-02-13 08:30:00"
"39583",34,"0","2021-02-13 08:45:00"
"39637",34,"0","2021-02-13 09:00:00"
"39691",34,"0","2021-02-13 09:15:00"
"39745",34,"0","2021-02-13 09:30:00"
"39799",34,"0.23","2021-02-13 09:45:00"
"39853",34,"0.6000000000000001","2021-02-13 10:00:00"
"39907",34,"1.361","2021-02-13 10:15:00"
"39961",34,"1.001","2021-02-13 10:30:00"
"40015",34,"1.169","2021-02-13 10:45:00"
"40069",34,"2.017","2021-02-13 11:00:00"
"40123",34,"1.832","2021-02-13 11:15:00"
"40177",34,"2.104","2021-02-13 11:30:00"
"40231",34,"2.105","2021-02-13 11:45:00"
"40285",34,"0.63","2021-02-13 12:00:00"
"40339",34,"0.8200000000000001","2021-02-13 12:15:00"
"40393",34,"1.365","2021-02-13 12:30:00"
"40447",34,"1.24","2021-02-13 12:45:00"
"40501",34,"1.955","2021-02-13 13:00:00"
"40555",34,"3.145","2021-02-13 13:15:00"
"40609",34,"2.944","2021-02-13 13:30:00"
"40663",34,"2.763","2021-02-13 13:45:00"
"40717",34,"2.944","2021-02-13 14:00:00"
"40771",34,"2.134","2021-02-13 14:15:00"
"40825",34,"1.8090000000000002","2021-02-13 14:30:00"
"40879",34,"1.669","2021-02-13 14:45:00"
"40933",34,"1.242","2021-02-13 15:00:00"
"40987",34,"2.378","2021-02-13 15:15:00"
"41041",34,"1.288","2021-02-13 15:30:00"
"41095",34,"1.759","2021-02-13 15:45:00"
"41149",34,"2.138","2021-02-13 16:00:00"
"41203",34,"0.88","2021-02-13 16:15:00"
"41257",34,"0.96","2021-02-13 16:30:00"
"41311",34,"0.5","2021-02-13 16:45:00"
"41365",34,"0.31","2021-02-13 17:00:00"
"41419",34,"2.337","2021-02-13 17:15:00"
"41473",34,"2.433","2021-02-13 17:30:00"
"41527",34,"1.8479999999999999","2021-02-13 17:45:00"
"41581",34,"1.7189999999999999","2021-02-13 18:00:00"
"41635",34,"1.3679999999999999","2021-02-13 18:15:00"
"41689",34,"1.118","2021-02-13 18:30:00"
"41743",34,"0.08","2021-02-13 18:45:00"
"41797",34,"0.01","2021-02-13 19:00:00"
"41851",34,"0","2021-02-13 19:15:00"
"41905",34,"0","2021-02-13 19:30:00"
"41959",34,"0","2021-02-13 19:45:00"
"42013",34,"0","2021-02-13 20:00:00"
"42067",34,"0","2021-02-13 20:15:00"
"42121",34,"0","2021-02-13 20:30:00"
"42175",34,"0","2021-02-13 20:45:00"
"42229",34,"0.51","2021-02-13 21:00:00"
"42283",34,"1.183","2021-02-13 21:15:00"
"42337",34,"0.93","2021-02-13 21:30:00"
"42391",34,"1.722","2021-02-13 21:45:00"
"42445",34,"1.5030000000000001","2021-02-13 22:00:00"
"42499",34,"1.446","2021-02-13 22:15:00"
"42553",34,"0.15","2021-02-13 22:30:00"
"42607",34,"1.8250000000000002","2021-02-13 22:45:00"
"42661",34,"1.888","2021-02-13 23:00:00"
"42715",34,"0.04","2021-02-13 23:15:00"
"42769",34,"0","2021-02-13 23:30:00"
"42823",34,"0.01","2021-02-13 23:45:00"
"42877",34,"1.96","2021-02-14 00:00:00"
"42931",34,"1.5859999999999999","2021-02-14 00:15:00"
"42985",34,"1.616","2021-02-14 00:30:00"
"43039",34,"0.71","2021-02-14 00:45:00"
"43093",34,"0.81","2021-02-14 01:00:00"
"43147",34,"0.17","2021-02-14 01:15:00"
"43201",34,"0.29","2021-02-14 01:30:00"
"43255",34,"0.26","2021-02-14 01:45:00"
"43309",34,"1.8399999999999999","2021-02-14 02:00:00"
"43363",34,"1.984","2021-02-14 02:15:00"
"43417",34,"0.78","2021-02-14 02:30:00"
"43471",34,"0","2021-02-14 02:45:00"
"43525",34,"0","2021-02-14 03:00:00"
"43579",34,"0","2021-02-14 03:15:00"
"43633",34,"0","2021-02-14 03:30:00"
"43687",34,"0","2021-02-14 03:45:00"
"43741",34,"0","2021-02-14 04:00:00"
"43795",34,"0","2021-02-14 04:15:00"
"43849",34,"0","2021-02-14 04:30:00"
"43903",34,"0","2021-02-14 04:45:00"
"43957",34,"1.944","2021-02-14 05:00:00"
"44011",34,"2.4050000000000002","2021-02-14 05:15:00"
"44065",34,"2.121","2021-02-14 05:30:00"
"44119",34,"2.001","2021-02-14 05:45:00"
"44173",34,"1.925","2021-02-14 06:00:00"
"44227",34,"1.616","2021-02-14 06:15:00"
"44281",34,"1.268","2021-02-14 06:30:00"
"44335",34,"1.655","2021-02-14 06:45:00"
"44389",34,"0.75","2021-02-14 07:00:00"
"44443",34,"0.15","2021-02-14 07:15:00"
"44497",34,"0.67","2021-02-14 07:30:00"
"44551",34,"1.422","2021-02-14 07:45:00"
"44605",34,"0.16","2021-02-14 08:00:00"
"44659",34,"0","2021-02-14 08:15:00"
"44713",34,"0","2021-02-14 08:30:00"
"44767",34,"0","2021-02-14 08:45:00"
"44821",34,"0.2","2021-02-14 09:00:00"
"44875",34,"1.704","2021-02-14 09:15:00"
"44929",34,"1.2770000000000001","2021-02-14 09:30:00"
"44983",34,"2.718","2021-02-14 09:45:00"
"45037",34,"1.932","2021-02-14 10:00:00"
"45091",34,"0.5","2021-02-14 10:15:00"
"45145",34,"0.71","2021-02-14 10:30:00"
"45199",34,"2.997","2021-02-14 10:45:00"
"45253",34,"2.651","2021-02-14 11:00:00"
"45307",34,"3.979","2021-02-14 11:15:00"
"45361",34,"6.4879999999999995","2021-02-14 11:30:00"
"45415",34,"3.981","2021-02-14 11:45:00"
"45469",34,"3.868","2021-02-14 12:00:00"
"45523",34,"1.095","2021-02-14 12:15:00"
"45577",34,"2.425","2021-02-14 12:30:00"
"45631",34,"3.038","2021-02-14 12:45:00"
"45685",34,"3.259","2021-02-14 13:00:00"
"45739",34,"3.432","2021-02-14 13:15:00"
"45793",34,"2.972","2021-02-14 13:30:00"
"45847",34,"3.5620000000000003","2021-02-14 13:45:00"
"45901",34,"3.52","2021-02-14 14:00:00"
"45955",34,"4.129","2021-02-14 14:15:00"
"46009",34,"4.002","2021-02-14 14:30:00"
"46063",34,"3.031","2021-02-14 14:45:00"
"46117",34,"3.094","2021-02-14 15:00:00"
"46171",34,"2.152","2021-02-14 15:15:00"
"46225",34,"2.3689999999999998","2021-02-14 15:30:00"
"46279",34,"2.153","2021-02-14 15:45:00"
"46333",34,"1.935","2021-02-14 16:00:00"
"46387",34,"0.29","2021-02-14 16:15:00"
"46441",34,"1.796","2021-02-14 16:30:00"
"46495",34,"2.459","2021-02-14 16:45:00"
"46549",34,"3.258","2021-02-14 17:00:00"
"46603",34,"2.719","2021-02-14 17:15:00"
"46657",34,"2.7279999999999998","2021-02-14 17:30:00"
"46711",34,"2.032","2021-02-14 17:45:00"
"46765",34,"2.218","2021-02-14 18:00:00"
"46819",34,"2.09","2021-02-14 18:15:00"
"46873",34,"3.199","2021-02-14 18:30:00"
"46927",34,"3.478","2021-02-14 18:45:00"
"46981",34,"2.823","2021-02-14 19:00:00"
"47035",34,"1.967","2021-02-14 19:15:00"
"47089",34,"2.674","2021-02-14 19:30:00"
"47143",34,"3.347","2021-02-14 19:45:00"
"47197",34,"3.142","2021-02-14 20:00:00"
"47251",34,"2.707","2021-02-14 20:15:00"
"47305",34,"3.183","2021-02-14 20:30:00"
"47359",34,"1.804","2021-02-14 20:45:00"
"47413",34,"2.117","2021-02-14 21:00:00"
"47467",34,"0.87","2021-02-14 21:15:00"
"47521",34,"0","2021-02-14 21:30:00"
"47575",34,"0","2021-02-14 21:45:00"
"47629",34,"1.9300000000000002","2021-02-14 22:00:00"
"47683",34,"2.327","2021-02-14 22:15:00"
"47737",34,"2.187","2021-02-14 22:30:00"
"47791",34,"2.6029999999999998","2021-02-14 22:45:00"
"47845",34,"2.533","2021-02-14 23:00:00"
"47899",34,"2.61","2021-02-14 23:15:00"
"47953",34,"2.291","2021-02-14 23:30:00"
"48007",34,"0.62","2021-02-14 23:45:00"
"48061",34,"0","2021-02-15 00:00:00"
"48115",34,"0","2021-02-15 00:15:00"
"48169",34,"0","2021-02-15 00:30:00"
"48223",34,"0","2021-02-15 00:45:00"
"48277",34,"0.84","2021-02-15 01:00:00"
"48331",34,"2.668","2021-02-15 01:15:00"
"48385",34,"2.767","2021-02-15 01:30:00"
"48439",34,"2.73","2021-02-15 01:45:00"
"48493",34,"2.345","2021-02-15 02:00:00"
"48547",34,"1.994","2021-02-15 02:15:00"
"48601",34,"0.74","2021-02-15 02:30:00"
"48655",34,"0","2021-02-15 02:45:00"
"48709",34,"0.04","2021-02-15 03:00:00"
"48763",34,"0.03","2021-02-15 03:15:00"
"48817",34,"0","2021-02-15 03:30:00"
"48871",34,"0.32","2021-02-15 03:45:00"
"48925",34,"0","2021-02-15 04:00:00"
"48979",34,"0","2021-02-15 04:15:00"
"49033",34,"0","2021-02-15 04:30:00"
"49087",34,"0","2021-02-15 04:45:00"
"49141",34,"0","2021-02-15 05:00:00"
"49195",34,"0.66","2021-02-15 05:15:00"
"49249",34,"0","2021-02-15 05:30:00"
"49303",34,"0","2021-02-15 05:45:00"
"49357",34,"0.42","2021-02-15 06:00:00"
"49411",34,"1.6139999999999999","2021-02-15 06:15:00"
"49465",34,"0.22","2021-02-15 06:30:00"
"49519",34,"0","2021-02-15 06:45:00"
"49573",34,"0","2021-02-15 07:00:00"
"49627",34,"0","2021-02-15 07:15:00"
"49681",34,"0","2021-02-15 07:30:00"
"49735",34,"0","2021-02-15 07:45:00"
"49789",34,"0","2021-02-15 08:00:00"
"49843",34,"0","2021-02-15 08:15:00"
"49897",34,"0.28","2021-02-15 08:30:00"
"49951",34,"0.61","2021-02-15 08:45:00"
"50005",34,"0.9","2021-02-15 09:00:00"
"50059",34,"1.066","2021-02-15 09:15:00"
"50113",34,"0.5","2021-02-15 09:30:00"
"50167",34,"0.44","2021-02-15 09:45:00"
"50221",34,"0.93","2021-02-15 10:00:00"
"50275",34,"0.6900000000000001","2021-02-15 10:15:00"
"50329",34,"1.189","2021-02-15 10:30:00"
"50383",34,"1.754","2021-02-15 10:45:00"
"50437",34,"1.129","2021-02-15 11:00:00"
"50491",34,"0.1","2021-02-15 11:15:00"
"50545",34,"0.48","2021-02-15 11:30:00"
"50599",34,"1.988","2021-02-15 11:45:00"
"50653",34,"2.219","2021-02-15 12:00:00"
"50707",34,"0.81","2021-02-15 12:15:00"
"50761",34,"1.5590000000000002","2021-02-15 12:30:00"
"50815",34,"1.544","2021-02-15 12:45:00"
"50869",34,"0.79","2021-02-15 13:00:00"
"50923",34,"1.837","2021-02-15 13:15:00"
"50977",34,"1.28","2021-02-15 13:30:00"
"51031",34,"3.091","2021-02-15 13:45:00"
"51085",34,"2.7","2021-02-15 14:00:00"
"51139",34,"1.094","2021-02-15 14:15:00"
"51193",34,"1.33","2021-02-15 14:30:00"
"51247",34,"0.75","2021-02-15 14:45:00"
"51301",34,"1.088","2021-02-15 15:00:00"
"51355",34,"1.706","2021-02-15 15:15:00"
"51409",34,"3.162","2021-02-15 15:30:00"
"51463",34,"2.591","2021-02-15 15:45:00"
"51517",34,"2.657","2021-02-15 16:00:00"
"51571",34,"2.122","2021-02-15 16:15:00"
"51625",34,"2.803","2021-02-15 16:30:00"
"51679",34,"2.39","2021-02-15 16:45:00"
"51733",34,"2.412","2021-02-15 17:00:00"
"51787",34,"3.01","2021-02-15 17:15:00"
"51841",34,"2.961","2021-02-15 17:30:00"
"51895",34,"2.805","2021-02-15 17:45:00"
"51949",34,"2.224","2021-02-15 18:00:00"
"52003",34,"2.463","2021-02-15 18:15:00"
"52057",34,"2.176","2021-02-15 18:30:00"
"52111",34,"0.6900000000000001","2021-02-15 18:45:00"
"52165",34,"0.29","2021-02-15 19:00:00"
"52219",34,"0","2021-02-15 19:15:00"
"52273",34,"0","2021-02-15 19:30:00"
"52327",34,"0","2021-02-15 19:45:00"
"52381",34,"0","2021-02-15 20:00:00"
"52435",34,"0","2021-02-15 20:15:00"
"52489",34,"0","2021-02-15 20:30:00"
"52543",34,"0","2021-02-15 20:45:00"
"52597",34,"0","2021-02-15 21:00:00"
"52651",34,"0","2021-02-15 21:15:00"
"52705",34,"0","2021-02-15 21:30:00"
"52759",34,"0","2021-02-15 21:45:00"
"52813",34,"0","2021-02-15 22:00:00"
"52867",34,"0","2021-02-15 22:15:00"
"52921",34,"0","2021-02-15 22:30:00"
"52975",34,"0","2021-02-15 22:45:00"
"53029",34,"0","2021-02-15 23:00:00"
"53083",34,"0","2021-02-15 23:15:00"
"53137",34,"0","2021-02-15 23:30:00"
"53191",34,"0","2021-02-15 23:45:00"
"53245",34,"0","2021-02-16 00:00:00"
"53299",34,"0","2021-02-16 00:15:00"
"53353",34,"0","2021-02-16 00:30:00"
"53407",34,"0","2021-02-16 00:45:00"
"53461",34,"0","2021-02-16 01:00:00"
"53515",34,"1.237","2021-02-16 01:15:00"
"53569",34,"2.104","2021-02-16 01:30:00"
"53623",34,"2.053","2021-02-16 01:45:00"
"53677",34,"1.97","2021-02-16 02:00:00"
"53731",34,"1.931","2021-02-16 02:15:00"
"53785",34,"1.772","2021-02-16 02:30:00"
"53839",34,"1.577","2021-02-16 02:45:00"
"53893",34,"1.913","2021-02-16 03:00:00"
"53947",34,"1.858","2021-02-16 03:15:00"
"54001",34,"1.76","2021-02-16 03:30:00"
"54055",34,"1.387","2021-02-16 03:45:00"
"54109",34,"0.22","2021-02-16 04:00:00"
"54163",34,"0","2021-02-16 04:15:00"
"54217",34,"0","2021-02-16 04:30:00"
"54271",34,"0","2021-02-16 04:45:00"
"54325",34,"0","2021-02-16 05:00:00"
"54379",34,"0","2021-02-16 05:15:00"
"54433",34,"0","2021-02-16 05:30:00"
"54487",34,"1.211","2021-02-16 05:45:00"
"54541",34,"1.5899999999999999","2021-02-16 06:00:00"
"54595",34,"1.445","2021-02-16 06:15:00"
"54649",34,"1.588","2021-02-16 06:30:00"
"54703",34,"1.148","2021-02-16 06:45:00"
"54757",34,"0","2021-02-16 07:00:00"
"54811",34,"0","2021-02-16 07:15:00"
"54865",34,"0","2021-02-16 07:30:00"
"54919",34,"0","2021-02-16 07:45:00"
"54973",34,"0","2021-02-16 08:00:00"
"55027",34,"0","2021-02-16 08:15:00"
"55081",34,"0","2021-02-16 08:30:00"
"55135",34,"0","2021-02-16 08:45:00"
"55189",34,"0","2021-02-16 09:00:00"
"55243",34,"0","2021-02-16 09:15:00"
"55297",34,"0","2021-02-16 09:30:00"
"55351",34,"1.469","2021-02-16 09:45:00"
"55405",34,"4.108","2021-02-16 10:00:00"
"55459",34,"4.018","2021-02-16 10:15:00"
"55513",34,"3.166","2021-02-16 10:30:00"
"55567",34,"3.588","2021-02-16 10:45:00"
"55621",34,"4.087","2021-02-16 11:00:00"
"55675",34,"4.353","2021-02-16 11:15:00"
"55729",34,"3.478","2021-02-16 11:30:00"
"55783",34,"4.042","2021-02-16 11:45:00"
"55837",34,"3.739","2021-02-16 12:00:00"
"55891",34,"3.417","2021-02-16 12:15:00"
"55945",34,"2.947","2021-02-16 12:30:00"
"55999",34,"2.6390000000000002","2021-02-16 12:45:00"
"56053",34,"3.362","2021-02-16 13:00:00"
"56107",34,"3.972","2021-02-16 13:15:00"
"56161",34,"3.524","2021-02-16 13:30:00"
"56215",34,"3.717","2021-02-16 13:45:00"
"56269",34,"2.65","2021-02-16 14:00:00"
"56323",34,"2.797","2021-02-16 14:15:00"
"56377",34,"2.516","2021-02-16 14:30:00"
"56431",34,"3.309","2021-02-16 14:45:00"
"56485",34,"2.891","2021-02-16 15:00:00"
"56539",34,"2.358","2021-02-16 15:15:00"
"56593",34,"2.377","2021-02-16 15:30:00"
"56647",34,"2.293","2021-02-16 15:45:00"
"56701",34,"2.479","2021-02-16 16:00:00"
"56755",34,"2.064","2021-02-16 16:15:00"
"56809",34,"2.055","2021-02-16 16:30:00"
"56863",34,"3.225","2021-02-16 16:45:00"
"56917",34,"1.145","2021-02-16 17:00:00"
"56971",34,"1.873","2021-02-16 17:15:00"
"57025",34,"5.264","2021-02-16 17:30:00"
"57079",34,"5.273","2021-02-16 17:45:00"
"57133",34,"4.791","2021-02-16 18:00:00"
"57187",34,"3.765","2021-02-16 18:15:00"
"57241",34,"2.368","2021-02-16 18:30:00"
"57295",34,"1.041","2021-02-16 18:45:00"
"57349",34,"1.226","2021-02-16 19:00:00"
"57403",34,"0.08","2021-02-16 19:15:00"
"57457",34,"0.89","2021-02-16 19:30:00"
"57511",34,"1.433","2021-02-16 19:45:00"
"57565",34,"1.217","2021-02-16 20:00:00"
"57619",34,"1.234","2021-02-16 20:15:00"
"57673",34,"1.138","2021-02-16 20:30:00"
"57727",34,"1.522","2021-02-16 20:45:00"
"57781",34,"1.7930000000000001","2021-02-16 21:00:00"
"57835",34,"1.729","2021-02-16 21:15:00"
"57889",34,"1.457","2021-02-16 21:30:00"
"57943",34,"0.14","2021-02-16 21:45:00"
"57997",34,"2.074","2021-02-16 22:00:00"
"58051",34,"1.984","2021-02-16 22:15:00"
"58105",34,"0.86","2021-02-16 22:30:00"
"58159",34,"0.56","2021-02-16 22:45:00"
"58213",34,"0.43","2021-02-16 23:00:00"
"58267",34,"0.56","2021-02-16 23:15:00"
"58321",34,"0","2021-02-16 23:30:00"
"58375",34,"0.68","2021-02-16 23:45:00"
"58429",34,"1.079","2021-02-17 00:00:00"
"58483",34,"0.16","2021-02-17 00:15:00"
"58537",34,"0","2021-02-17 00:30:00"
"58591",34,"0.17","2021-02-17 00:45:00"
"58645",34,"0.55","2021-02-17 01:00:00"
"58699",34,"1.407","2021-02-17 01:15:00"
"58753",34,"1.345","2021-02-17 01:30:00"
"58807",34,"1.353","2021-02-17 01:45:00"
"58861",34,"0.93","2021-02-17 02:00:00"
"58915",34,"1.234","2021-02-17 02:15:00"
"58969",34,"1.6019999999999999","2021-02-17 02:30:00"
"59023",34,"1.687","2021-02-17 02:45:00"
"59077",34,"1.7850000000000001","2021-02-17 03:00:00"
"59131",34,"1.597","2021-02-17 03:15:00"
"59185",34,"1.7970000000000002","2021-02-17 03:30:00"
"59239",34,"1.388","2021-02-17 03:45:00"
"59293",34,"1.565","2021-02-17 04:00:00"
"59347",34,"2.013","2021-02-17 04:15:00"
"59401",34,"1.76","2021-02-17 04:30:00"
"59455",34,"1.533","2021-02-17 04:45:00"
"59509",34,"1.456","2021-02-17 05:00:00"
"59563",34,"0.74","2021-02-17 05:15:00"
"60751",34,"1.266","2021-02-17 10:45:00"
"60805",34,"0.16","2021-02-17 11:00:00"
"60859",34,"1.075","2021-02-17 11:15:00"
"60913",34,"1.062","2021-02-17 11:30:00"
"60967",34,"1.517","2021-02-17 11:45:00"
"61021",34,"0.25","2021-02-17 12:00:00"
"61075",34,"1.661","2021-02-17 12:15:00"
"61129",34,"0.8","2021-02-17 12:30:00"
"61183",34,"1.8639999999999999","2021-02-17 12:45:00"
"61237",34,"2.592","2021-02-17 13:00:00"
"62425",34,"2.082","2021-02-17 18:30:00"
"62479",34,"2.456","2021-02-17 18:45:00"
"62533",34,"2.193","2021-02-17 19:00:00"
"62587",34,"2.491","2021-02-17 19:15:00"
"62641",34,"2.151","2021-02-17 19:30:00"
"62695",34,"2.042","2021-02-17 19:45:00"
"62749",34,"1.725","2021-02-17 20:00:00"
"62803",34,"1.705","2021-02-17 20:15:00"
"62857",34,"2.043","2021-02-17 20:30:00"
"62911",34,"1.964","2021-02-17 20:45:00"
"63505",34,"2.398","2021-02-17 23:30:00"
"63559",34,"2.468","2021-02-17 23:45:00"
"63613",34,"2.357","2021-02-18 00:00:00"
"63667",34,"2.363","2021-02-18 00:15:00"
"63721",34,"2.176","2021-02-18 00:30:00"
"63775",34,"2.117","2021-02-18 00:45:00"
"63829",34,"2.2","2021-02-18 01:00:00"
"63883",34,"2.221","2021-02-18 01:15:00"
"63937",34,"1.994","2021-02-18 01:30:00"
"63991",34,"1.766","2021-02-18 01:45:00"
"65179",34,"1.889","2021-02-18 07:15:00"
"65233",34,"1.411","2021-02-18 07:30:00"
"65287",34,"1.4929999999999999","2021-02-18 07:45:00"
"65341",34,"1.121","2021-02-18 08:00:00"
"65395",34,"1.2","2021-02-18 08:15:00"
"65449",34,"1.322","2021-02-18 08:30:00"
"65503",34,"1.4","2021-02-18 08:45:00"
"65557",34,"1.751","2021-02-18 09:00:00"
"65611",34,"2.565","2021-02-18 09:15:00"
"65665",34,"3.108","2021-02-18 09:30:00"
"66799",34,"4.127","2021-02-18 14:45:00"
"66853",34,"4.191","2021-02-18 15:00:00"
"66907",34,"4.146","2021-02-18 15:15:00"
"66961",34,"3.827","2021-02-18 15:30:00"
"67015",34,"3.791","2021-02-18 15:45:00"
"67069",34,"4.453","2021-02-18 16:00:00"
"67123",34,"4.006","2021-02-18 16:15:00"
"67177",34,"3.797","2021-02-18 16:30:00"
"67231",34,"4.287","2021-02-18 16:45:00"
"67285",34,"4.106","2021-02-18 17:00:00"
"67339",34,"4.097","2021-02-18 17:15:00"
"68473",34,"1.808","2021-02-18 22:30:00"
"68527",34,"2.065","2021-02-18 22:45:00"
"68581",34,"2.31","2021-02-18 23:00:00"
"68635",34,"2.33","2021-02-18 23:15:00"
"68689",34,"2.105","2021-02-18 23:30:00"
"68743",34,"2.485","2021-02-18 23:45:00"
"68797",34,"2.519","2021-02-19 00:00:00"
"68851",34,"2.673","2021-02-19 00:15:00"
"68905",34,"2.8449999999999998","2021-02-19 00:30:00"
"68959",34,"2.713","2021-02-19 00:45:00"
"70147",34,"2.632","2021-02-19 06:15:00"
"70201",34,"2.148","2021-02-19 06:30:00"
"70255",34,"1.541","2021-02-19 06:45:00"
"70309",34,"0","2021-02-19 07:00:00"
"70363",34,"0.32","2021-02-19 07:15:00"
"70417",34,"1.1280000000000001","2021-02-19 07:30:00"
"70471",34,"0.67","2021-02-19 07:45:00"
"70525",34,"0.9400000000000001","2021-02-19 08:00:00"
"70579",34,"2.199","2021-02-19 08:15:00"
"70633",34,"2.8120000000000003","2021-02-19 08:30:00"
"71227",34,"2.203","2021-02-19 11:15:00"
"71281",34,"1.956","2021-02-19 11:30:00"
"71335",34,"1.713","2021-02-19 11:45:00"
"71389",34,"1.871","2021-02-19 12:00:00"
"71443",34,"1.069","2021-02-19 12:15:00"
"71497",34,"2.068","2021-02-19 12:30:00"
"71551",34,"1.713","2021-02-19 12:45:00"
"71605",34,"1.74","2021-02-19 13:00:00"
"71659",34,"2.41","2021-02-19 13:15:00"
"71713",34,"1.843","2021-02-19 13:30:00"
"72901",34,"1.126","2021-02-19 19:00:00"
"72955",34,"1.035","2021-02-19 19:15:00"
"73009",34,"1.137","2021-02-19 19:30:00"
"73063",34,"2.172","2021-02-19 19:45:00"
"73117",34,"1.429","2021-02-19 20:00:00"
"73171",34,"0.97","2021-02-19 20:15:00"
"73225",34,"1.016","2021-02-19 20:30:00"
"73279",34,"0.99","2021-02-19 20:45:00"
"73333",34,"0.38","2021-02-19 21:00:00"
"73387",34,"0.75","2021-02-19 21:15:00"
"74521",34,"1.31","2021-02-20 02:30:00"
"74575",34,"2.004","2021-02-20 02:45:00"
"74629",34,"2.391","2021-02-20 03:00:00"
"74683",34,"2.303","2021-02-20 03:15:00"
"74737",34,"2.474","2021-02-20 03:30:00"
"74791",34,"2.348","2021-02-20 03:45:00"
"74845",34,"1.9609999999999999","2021-02-20 04:00:00"
"74899",34,"1.8210000000000002","2021-02-20 04:15:00"
"74953",34,"0.99","2021-02-20 04:30:00"
"75007",34,"0.5","2021-02-20 04:45:00"
"75061",34,"0.36","2021-02-20 05:00:00"
"76213",34,"3.449","2021-03-25 10:00:00"
"76267",34,"4.374","2021-03-25 10:15:00"
"76321",34,"3.7880000000000003","2021-03-25 10:30:00"
"76375",34,"5.19","2021-03-25 10:45:00"
"76429",34,"4.938","2021-03-25 11:00:00"
"76483",34,"5.008","2021-03-25 11:15:00"
"76537",34,"4.112","2021-03-25 11:30:00"
"76591",34,"4.089","2021-03-25 11:45:00"
"76645",34,"3.424","2021-03-25 12:00:00"
"76699",34,"3.693","2021-03-25 12:15:00"
"78033",34,"2.831","2021-02-20 13:00:00"
"78146",34,"2.801","2021-02-20 13:15:00"
"77915",34,"3.086","2021-03-25 13:15:00"
"77969",34,"3.263","2021-03-25 13:30:00"
"78030",34,"2.5300000000000002","2021-03-25 13:45:00"
"78133",34,"3.056","2021-03-25 14:00:00"
"78237",34,"3.12","2021-03-25 14:15:00"
"78260",34,"2.375","2021-02-20 13:30:00"
"78365",34,"2.224","2021-02-20 13:45:00"
"78484",34,"2.448","2021-02-20 14:00:00"
"79457",34,"3.292","2021-03-25 17:00:00"
"79568",34,"2.908","2021-03-25 17:15:00"
"79599",34,"2.841","2021-02-20 16:45:00"
"79653",34,"2.2800000000000002","2021-02-20 17:00:00"
"79707",34,"3.05","2021-02-20 17:15:00"
"79761",34,"2.939","2021-02-20 17:30:00"
"80194",34,"2.281","2021-02-20 17:45:00"
"79833",34,"3.37","2021-03-25 17:30:00"
"79887",34,"3.141","2021-03-25 17:45:00"
"79941",34,"2.713","2021-03-25 18:00:00"
"81111",34,"0.27","2021-02-20 20:00:00"
"81206",34,"0.11","2021-02-20 20:15:00"
"81350",34,"3.293","2021-03-25 21:30:00"
"81456",34,"2.318","2021-03-25 21:45:00"
"81303",34,"0.79","2021-02-20 20:30:00"
"81411",34,"1.482","2021-02-20 20:45:00"
"81517",34,"1.471","2021-02-20 21:00:00"
"81571",34,"1.666","2021-02-20 21:15:00"
"81625",34,"1.713","2021-02-20 21:30:00"
"81679",34,"1.603","2021-02-20 21:45:00"
"82698",34,"2.3890000000000002","2021-03-25 22:00:00"
"82854",34,"2.791","2021-03-25 22:15:00"
"82913",34,"2.617","2021-03-25 22:30:00"
"82967",34,"2.148","2021-03-25 22:45:00"
"83021",34,"2.351","2021-03-25 23:00:00"
"83075",34,"2.178","2021-03-25 23:15:00"
"83129",34,"2.229","2021-03-25 23:30:00"
"83183",34,"0.27","2021-03-25 23:45:00"
"83237",34,"0","2021-03-26 00:00:00"
"83291",34,"0.66","2021-03-26 00:15:00"
"83345",34,"1.725","2021-03-26 00:30:00"
"83813",34,"3.5789999999999997","2021-02-21 03:00:00"
"83867",34,"4.459","2021-02-21 03:15:00"
"83921",34,"3.342","2021-02-21 03:30:00"
"83975",34,"3.056","2021-02-21 03:45:00"
"84029",34,"2.789","2021-02-21 04:00:00"
"84083",34,"3.143","2021-02-21 04:15:00"
"84137",34,"3.23","2021-02-21 04:30:00"
"84191",34,"3.067","2021-02-21 04:45:00"
"84245",34,"2.4050000000000002","2021-02-21 05:00:00"
"84299",34,"2.657","2021-02-21 05:15:00"
"85479",34,"2.138","2021-03-26 05:45:00"
"85533",34,"2.042","2021-03-26 06:00:00"
"85587",34,"1.782","2021-03-26 06:15:00"
"85641",34,"1.228","2021-03-26 06:30:00"
"85695",34,"0","2021-03-26 06:45:00"
"85749",34,"0","2021-03-26 07:00:00"
"86803",34,"0.74","2021-03-26 07:15:00"
"86857",34,"0.25","2021-03-26 07:30:00"
"85893",34,"3.732","2021-02-21 08:00:00"
"85947",34,"3.543","2021-02-21 08:15:00"
"86001",34,"3.398","2021-02-21 08:30:00"
"87181",34,"2.512","2021-03-26 09:00:00"
"87235",34,"2.782","2021-03-26 09:15:00"
"87289",34,"2.313","2021-03-26 09:30:00"
"87343",34,"2.33","2021-03-26 09:45:00"
"87397",34,"2.243","2021-03-26 10:00:00"
"87451",34,"2.607","2021-03-26 10:15:00"
"87505",34,"2.924","2021-03-26 10:30:00"
"87559",34,"2.177","2021-03-26 10:45:00"
"87613",34,"2.411","2021-03-26 11:00:00"
"87667",34,"1.6600000000000001","2021-03-26 11:15:00"
"88883",34,"2.362","2021-03-26 12:15:00"
"88937",34,"2.18","2021-03-26 12:30:00"
"88991",34,"2.136","2021-03-26 12:45:00"
"89045",34,"3.287","2021-03-26 13:00:00"
"89099",34,"2.58","2021-03-26 13:15:00"
"89153",34,"2.503","2021-03-26 13:30:00"
"89207",34,"3.105","2021-03-26 13:45:00"
"89261",34,"2.504","2021-03-26 14:00:00"
"89315",34,"2.528","2021-03-26 14:15:00"
"89369",34,"1.487","2021-03-26 14:30:00"
"89999",34,"2.8449999999999998","2021-02-21 17:45:00"
"90053",34,"2.839","2021-02-21 18:00:00"
"90107",34,"2.874","2021-02-21 18:15:00"
"90161",34,"2.294","2021-02-21 18:30:00"
"90215",34,"2.508","2021-02-21 18:45:00"
"90269",34,"3.081","2021-02-21 19:00:00"
"90323",34,"2.347","2021-02-21 19:15:00"
"90377",34,"2.638","2021-02-21 19:30:00"
"90431",34,"2.334","2021-02-21 19:45:00"
"90485",34,"2.142","2021-02-21 20:00:00"
"91665",34,"2.649","2021-03-26 20:30:00"
"91719",34,"2.094","2021-03-26 20:45:00"
"91773",34,"1.884","2021-03-26 21:00:00"
"92827",34,"0.6000000000000001","2021-03-26 21:15:00"
"92881",34,"0","2021-03-26 21:30:00"
"91809",34,"2.416","2021-02-21 21:30:00"
"91863",34,"2.114","2021-02-21 21:45:00"
"91917",34,"2.251","2021-02-21 22:00:00"
"91971",34,"1.945","2021-02-21 22:15:00"
"92025",34,"1.978","2021-02-21 22:30:00"
"93205",34,"0.55","2021-03-26 23:00:00"
"93259",34,"2.136","2021-03-26 23:15:00"
"93313",34,"2.2880000000000003","2021-03-26 23:30:00"
"93367",34,"2.332","2021-03-26 23:45:00"
"93421",34,"2.79","2021-03-27 00:00:00"
"93475",34,"0.16","2021-03-27 00:15:00"
"93529",34,"0","2021-03-27 00:30:00"
"93583",34,"1.798","2021-03-27 00:45:00"
"93637",34,"1.726","2021-03-27 01:00:00"
"93691",34,"0","2021-03-27 01:15:00"
"94321",34,"2.8449999999999998","2021-02-22 04:30:00"
"94375",34,"3.233","2021-02-22 04:45:00"
"94429",34,"4.3629999999999995","2021-02-22 05:00:00"
"94483",34,"4.693","2021-02-22 05:15:00"
"94537",34,"3.564","2021-02-22 05:30:00"
"94591",34,"2.658","2021-02-22 05:45:00"
"94645",34,"1.6600000000000001","2021-02-22 06:00:00"
"94699",34,"2.841","2021-02-22 06:15:00"
"94753",34,"2.9","2021-02-22 06:30:00"
"95807",34,"2.436","2021-02-22 06:45:00"
"96023",34,"4.203","2021-02-22 07:45:00"
"96077",34,"4.339","2021-02-22 08:00:00"
"96131",34,"5.335","2021-02-22 08:15:00"
"96185",34,"4.424","2021-02-22 08:30:00"
"96239",34,"4.521","2021-02-22 08:45:00"
"96293",34,"3.805","2021-02-22 09:00:00"
"96347",34,"4.098","2021-02-22 09:15:00"
"96401",34,"4.5600000000000005","2021-02-22 09:30:00"
"96455",34,"4.021","2021-02-22 09:45:00"
"96509",34,"4.12","2021-02-22 10:00:00"
"97689",34,"3.098","2021-03-27 10:30:00"
"97743",34,"2.883","2021-03-27 10:45:00"
"98797",34,"2.5949999999999998","2021-03-27 11:00:00"
"97833",34,"5.112","2021-02-22 11:30:00"
"97887",34,"4.315","2021-02-22 11:45:00"
"97941",34,"3.628","2021-02-22 12:00:00"
"97995",34,"3.7279999999999998","2021-02-22 12:15:00"
"98049",34,"3.732","2021-02-22 12:30:00"
"98103",34,"3.6950000000000003","2021-02-22 12:45:00"
"98157",34,"4.133","2021-02-22 13:00:00"
"98211",34,"3.092","2021-02-22 13:15:00"
"99391",34,"2.797","2021-03-27 13:45:00"
"99445",34,"2.787","2021-03-27 14:00:00"
"99499",34,"5.601","2021-03-27 14:15:00"
"99553",34,"4.452","2021-03-27 14:30:00"
"99607",34,"3.918","2021-03-27 14:45:00"
"99661",34,"3.225","2021-03-27 15:00:00"
"99731",34,"2.443","2021-03-27 15:15:00"
"99744",34,"1.333","2021-02-22 16:00:00"
"99848",34,"2.077","2021-02-22 16:15:00"
"99913",34,"1.875","2021-02-22 16:30:00"
"101483",34,"0.01","2021-06-17 00:00:00"
"101537",34,"0","2021-06-17 00:15:00"
"101591",34,"0","2021-06-17 00:30:00"
"101645",34,"0.01","2021-06-17 00:45:00"
"101699",34,"0","2021-06-17 01:00:00"
"101753",34,"0","2021-06-17 01:15:00"
"103807",34,"0","2021-06-17 01:30:00"
"101931",34,"4.382","2021-03-27 16:15:00"
"101985",34,"4.7620000000000005","2021-03-27 16:30:00"
"102039",34,"6.468","2021-03-27 16:45:00"
"103101",34,"1.9180000000000001","2021-02-22 22:00:00"
"103155",34,"1.359","2021-02-22 22:15:00"
"103209",34,"1.381","2021-02-22 22:30:00"
"103263",34,"0.33","2021-02-22 22:45:00"
"103317",34,"0.74","2021-02-22 23:00:00"
"103371",34,"1.032","2021-02-22 23:15:00"
"103425",34,"1.55","2021-02-22 23:30:00"
"103479",34,"2.095","2021-02-22 23:45:00"
"103533",34,"2.102","2021-02-23 00:00:00"
"103587",34,"2.452","2021-02-23 00:15:00"
"104725",34,"0.32","2021-06-17 05:45:00"
"104779",34,"0","2021-06-17 06:00:00"
"104903",34,"1.323","2021-03-27 20:45:00"
"104957",34,"1.087","2021-03-27 21:00:00"
"105011",34,"0","2021-03-27 21:15:00"
"105065",34,"1.849","2021-03-27 21:30:00"
"105119",34,"1.758","2021-03-27 21:45:00"
"105173",34,"1.29","2021-03-27 22:00:00"
"105227",34,"0.72","2021-03-27 22:15:00"
"105281",34,"1.465","2021-03-27 22:30:00"
"106451",34,"0.9400000000000001","2021-02-23 04:15:00"
"106505",34,"1.9300000000000002","2021-02-23 04:30:00"
"106559",34,"1","2021-02-23 04:45:00"
"106613",34,"1.19","2021-02-23 05:00:00"
"106667",34,"1.151","2021-02-23 05:15:00"
"106721",34,"0.9500000000000001","2021-02-23 05:30:00"
"106775",34,"1.433","2021-02-23 05:45:00"
"109204",34,"2.121","2021-02-23 06:00:00"
"106833",34,"0","2021-06-17 06:15:00"
"106887",34,"0","2021-06-17 06:30:00"
"59617",34,"0","2021-02-17 05:30:00"
"59671",34,"0","2021-02-17 05:45:00"
"59725",34,"0.01","2021-02-17 06:00:00"
"59779",34,"0.91","2021-02-17 06:15:00"
"59833",34,"1.017","2021-02-17 06:30:00"
"59887",34,"0.9500000000000001","2021-02-17 06:45:00"
"59941",34,"1.096","2021-02-17 07:00:00"
"59995",34,"0.76","2021-02-17 07:15:00"
"60049",34,"0.30000000000000004","2021-02-17 07:30:00"
"60103",34,"0.67","2021-02-17 07:45:00"
"60157",34,"0.18","2021-02-17 08:00:00"
"61291",34,"1.274","2021-02-17 13:15:00"
"61345",34,"1.1360000000000001","2021-02-17 13:30:00"
"61399",34,"1.5630000000000002","2021-02-17 13:45:00"
"61453",34,"2.839","2021-02-17 14:00:00"
"61507",34,"3.509","2021-02-17 14:15:00"
"61561",34,"3.234","2021-02-17 14:30:00"
"61615",34,"3.661","2021-02-17 14:45:00"
"61669",34,"3.678","2021-02-17 15:00:00"
"61723",34,"3.6950000000000003","2021-02-17 15:15:00"
"61777",34,"4.233","2021-02-17 15:30:00"
"62965",34,"2.027","2021-02-17 21:00:00"
"63019",34,"1.924","2021-02-17 21:15:00"
"63073",34,"2.168","2021-02-17 21:30:00"
"63127",34,"2.282","2021-02-17 21:45:00"
"63181",34,"2.192","2021-02-17 22:00:00"
"63235",34,"2.249","2021-02-17 22:15:00"
"63289",34,"2.39","2021-02-17 22:30:00"
"63343",34,"2.44","2021-02-17 22:45:00"
"63397",34,"2.503","2021-02-17 23:00:00"
"63451",34,"2.456","2021-02-17 23:15:00"
"64585",34,"2.462","2021-02-18 04:30:00"
"64639",34,"2.504","2021-02-18 04:45:00"
"64693",34,"2.147","2021-02-18 05:00:00"
"64747",34,"2.184","2021-02-18 05:15:00"
"64801",34,"2.453","2021-02-18 05:30:00"
"64855",34,"2.225","2021-02-18 05:45:00"
"64909",34,"1.9060000000000001","2021-02-18 06:00:00"
"64963",34,"1.972","2021-02-18 06:15:00"
"65017",34,"2.063","2021-02-18 06:30:00"
"65071",34,"2.04","2021-02-18 06:45:00"
"65125",34,"1.924","2021-02-18 07:00:00"
"66259",34,"1.783","2021-02-18 12:15:00"
"66313",34,"3.047","2021-02-18 12:30:00"
"66367",34,"2.321","2021-02-18 12:45:00"
"66421",34,"3.5869999999999997","2021-02-18 13:00:00"
"66475",34,"4.683","2021-02-18 13:15:00"
"66529",34,"3.916","2021-02-18 13:30:00"
"66583",34,"4.328","2021-02-18 13:45:00"
"66637",34,"3.625","2021-02-18 14:00:00"
"66691",34,"4.275","2021-02-18 14:15:00"
"66745",34,"4.522","2021-02-18 14:30:00"
"67933",34,"1.876","2021-02-18 20:00:00"
"67987",34,"1.858","2021-02-18 20:15:00"
"68041",34,"1.9969999999999999","2021-02-18 20:30:00"
"68095",34,"2.067","2021-02-18 20:45:00"
"68149",34,"1.929","2021-02-18 21:00:00"
"68203",34,"2.122","2021-02-18 21:15:00"
"68257",34,"2.226","2021-02-18 21:30:00"
"68311",34,"2.231","2021-02-18 21:45:00"
"68365",34,"2.193","2021-02-18 22:00:00"
"68419",34,"1.9729999999999999","2021-02-18 22:15:00"
"69553",34,"2.648","2021-02-19 03:30:00"
"69607",34,"2.3529999999999998","2021-02-19 03:45:00"
"69661",34,"2.615","2021-02-19 04:00:00"
"69715",34,"2.682","2021-02-19 04:15:00"
"69769",34,"2.6630000000000003","2021-02-19 04:30:00"
"69823",34,"2.285","2021-02-19 04:45:00"
"69877",34,"2.182","2021-02-19 05:00:00"
"69931",34,"2.578","2021-02-19 05:15:00"
"69985",34,"2.733","2021-02-19 05:30:00"
"70039",34,"2.696","2021-02-19 05:45:00"
"70093",34,"2.903","2021-02-19 06:00:00"
"71767",34,"2.202","2021-02-19 13:45:00"
"71821",34,"2.324","2021-02-19 14:00:00"
"71875",34,"1.599","2021-02-19 14:15:00"
"71929",34,"1.222","2021-02-19 14:30:00"
"71983",34,"1.998","2021-02-19 14:45:00"
"72037",34,"2.064","2021-02-19 15:00:00"
"72091",34,"2.306","2021-02-19 15:15:00"
"72145",34,"2.466","2021-02-19 15:30:00"
"72199",34,"2.472","2021-02-19 15:45:00"
"72253",34,"2.784","2021-02-19 16:00:00"
"72307",34,"2.578","2021-02-19 16:15:00"
"73441",34,"0.14","2021-02-19 21:30:00"
"73495",34,"0","2021-02-19 21:45:00"
"73549",34,"0","2021-02-19 22:00:00"
"73603",34,"1.473","2021-02-19 22:15:00"
"73657",34,"1.351","2021-02-19 22:30:00"
"73711",34,"1.093","2021-02-19 22:45:00"
"73765",34,"1.309","2021-02-19 23:00:00"
"73819",34,"1.763","2021-02-19 23:15:00"
"73873",34,"2.419","2021-02-19 23:30:00"
"73927",34,"2.536","2021-02-19 23:45:00"
"75115",34,"0.89","2021-02-20 05:15:00"
"75169",34,"0.1","2021-02-20 05:30:00"
"75223",34,"0","2021-02-20 05:45:00"
"75277",34,"0.2","2021-02-20 06:00:00"
"75331",34,"1.04","2021-02-20 06:15:00"
"75385",34,"1.165","2021-02-20 06:30:00"
"75439",34,"1.284","2021-02-20 06:45:00"
"75493",34,"1.437","2021-02-20 07:00:00"
"75547",34,"1.212","2021-02-20 07:15:00"
"75601",34,"0.52","2021-02-20 07:30:00"
"76753",34,"3.713","2021-03-25 12:30:00"
"77807",34,"2.9210000000000003","2021-03-25 12:45:00"
"77861",34,"3.068","2021-03-25 13:00:00"
"76817",34,"2.626","2021-02-20 08:30:00"
"76871",34,"3.409","2021-02-20 08:45:00"
"76925",34,"3.188","2021-02-20 09:00:00"
"76979",34,"3.2880000000000003","2021-02-20 09:15:00"
"77033",34,"3.151","2021-02-20 09:30:00"
"77087",34,"3.12","2021-02-20 09:45:00"
"77141",34,"3.4130000000000003","2021-02-20 10:00:00"
"77195",34,"2.931","2021-02-20 10:15:00"
"78346",34,"2.326","2021-03-25 14:30:00"
"78439",34,"2.322","2021-03-25 14:45:00"
"78587",34,"2.041","2021-02-20 14:15:00"
"78702",34,"2.275","2021-02-20 14:30:00"
"78557",34,"3.04","2021-03-25 15:00:00"
"78655",34,"2.437","2021-03-25 15:15:00"
"78763",34,"3.625","2021-03-25 15:30:00"
"78868",34,"3.222","2021-03-25 15:45:00"
"78970",34,"2.892","2021-03-25 16:00:00"
"79995",34,"2.42","2021-03-25 18:15:00"
"80049",34,"2.083","2021-03-25 18:30:00"
"80103",34,"2.013","2021-03-25 18:45:00"
"80189",34,"2.071","2021-03-25 19:00:00"
"80309",34,"2.279","2021-03-25 19:15:00"
"80291",34,"2.645","2021-02-20 18:00:00"
"80390",34,"2.218","2021-02-20 18:15:00"
"80496",34,"1.651","2021-02-20 18:30:00"
"80426",34,"2.877","2021-03-25 19:30:00"
"80530",34,"3.498","2021-03-25 19:45:00"
"80645",34,"3.212","2021-03-25 20:00:00"
"81733",34,"1.337","2021-02-20 22:00:00"
"81787",34,"1.451","2021-02-20 22:15:00"
"81841",34,"1.159","2021-02-20 22:30:00"
"81895",34,"1.266","2021-02-20 22:45:00"
"81949",34,"2.441","2021-02-20 23:00:00"
"82003",34,"2.112","2021-02-20 23:15:00"
"82057",34,"2.241","2021-02-20 23:30:00"
"82111",34,"2.286","2021-02-20 23:45:00"
"82165",34,"2.3970000000000002","2021-02-21 00:00:00"
"82219",34,"2.313","2021-02-21 00:15:00"
"83399",34,"1.596","2021-03-26 00:45:00"
"83453",34,"1.3679999999999999","2021-03-26 01:00:00"
"83507",34,"0.34","2021-03-26 01:15:00"
"83561",34,"0","2021-03-26 01:30:00"
"83615",34,"0","2021-03-26 01:45:00"
"83669",34,"0.28","2021-03-26 02:00:00"
"83723",34,"0.85","2021-03-26 02:15:00"
"83777",34,"0","2021-03-26 02:30:00"
"84831",34,"0.03","2021-03-26 02:45:00"
"84885",34,"0.36","2021-03-26 03:00:00"
"84939",34,"0","2021-03-26 03:15:00"
"84993",34,"0.9500000000000001","2021-03-26 03:30:00"
"85047",34,"1.517","2021-03-26 03:45:00"
"85101",34,"1.851","2021-03-26 04:00:00"
"85155",34,"1.693","2021-03-26 04:15:00"
"85209",34,"1.924","2021-03-26 04:30:00"
"85263",34,"1.9260000000000002","2021-03-26 04:45:00"
"85317",34,"2.098","2021-03-26 05:00:00"
"85371",34,"2.228","2021-03-26 05:15:00"
"85425",34,"2.188","2021-03-26 05:30:00"
"86595",34,"4.848","2021-02-21 11:15:00"
"86649",34,"5.06","2021-02-21 11:30:00"
"86703",34,"4.574","2021-02-21 11:45:00"
"86757",34,"4.749","2021-02-21 12:00:00"
"87811",34,"4.7059999999999995","2021-02-21 12:15:00"
"86911",34,"0","2021-03-26 07:45:00"
"86965",34,"1.923","2021-03-26 08:00:00"
"87019",34,"2.171","2021-03-26 08:15:00"
"87073",34,"2.187","2021-03-26 08:30:00"
"87127",34,"2.444","2021-03-26 08:45:00"
"88297",34,"2.904","2021-02-21 14:30:00"
"88351",34,"3.653","2021-02-21 14:45:00"
"88405",34,"2.773","2021-02-21 15:00:00"
"88459",34,"3.252","2021-02-21 15:15:00"
"88513",34,"2.985","2021-02-21 15:30:00"
"88567",34,"2.44","2021-02-21 15:45:00"
"88621",34,"2.18","2021-02-21 16:00:00"
"88675",34,"2.955","2021-02-21 16:15:00"
"88729",34,"2.037","2021-02-21 16:30:00"
"89783",34,"1.494","2021-02-21 16:45:00"
"90539",34,"2.174","2021-02-21 20:15:00"
"90593",34,"2.248","2021-02-21 20:30:00"
"90647",34,"1.927","2021-02-21 20:45:00"
"90701",34,"2.122","2021-02-21 21:00:00"
"90755",34,"1.994","2021-02-21 21:15:00"
"90801",34,"2.407","2021-03-26 16:30:00"
"90855",34,"1.858","2021-03-26 16:45:00"
"90909",34,"1.9729999999999999","2021-03-26 17:00:00"
"90963",34,"6.025","2021-03-26 17:15:00"
"91017",34,"8.39","2021-03-26 17:30:00"
"91071",34,"5.292","2021-03-26 17:45:00"
"92079",34,"2.138","2021-02-21 22:45:00"
"92133",34,"4","2021-02-21 23:00:00"
"92187",34,"4.048","2021-02-21 23:15:00"
"92241",34,"4.9510000000000005","2021-02-21 23:30:00"
"92295",34,"4.478","2021-02-21 23:45:00"
"92349",34,"3.393","2021-02-22 00:00:00"
"92403",34,"2.701","2021-02-22 00:15:00"
"92457",34,"3.044","2021-02-22 00:30:00"
"92511",34,"4.139","2021-02-22 00:45:00"
"92565",34,"4.447","2021-02-22 01:00:00"
"93745",34,"0.01","2021-03-27 01:30:00"
"94799",34,"0.87","2021-03-27 01:45:00"
"94853",34,"0","2021-03-27 02:00:00"
"93943",34,"5.684","2021-02-22 02:45:00"
"93997",34,"4.707","2021-02-22 03:00:00"
"94051",34,"4.586","2021-02-22 03:15:00"
"94105",34,"4.161","2021-02-22 03:30:00"
"94159",34,"3.8369999999999997","2021-02-22 03:45:00"
"94213",34,"3.338","2021-02-22 04:00:00"
"94267",34,"3.103","2021-02-22 04:15:00"
"95447",34,"0","2021-03-27 04:45:00"
"95501",34,"0","2021-03-27 05:00:00"
"95555",34,"0","2021-03-27 05:15:00"
"95609",34,"0.31","2021-03-27 05:30:00"
"95663",34,"0.2","2021-03-27 05:45:00"
"95717",34,"1.9340000000000002","2021-03-27 06:00:00"
"95771",34,"1.4060000000000001","2021-03-27 06:15:00"
"96825",34,"0.67","2021-03-27 06:30:00"
"95861",34,"1.518","2021-02-22 07:00:00"
"95915",34,"2.823","2021-02-22 07:15:00"
"95969",34,"4.027","2021-02-22 07:30:00"
"97149",34,"0.24","2021-03-27 08:00:00"
"97203",34,"0.77","2021-03-27 08:15:00"
"97257",34,"0","2021-03-27 08:30:00"
"97311",34,"0.12","2021-03-27 08:45:00"
"97365",34,"2.031","2021-03-27 09:00:00"
"97419",34,"3.287","2021-03-27 09:15:00"
"97473",34,"2.643","2021-03-27 09:30:00"
"97527",34,"2.709","2021-03-27 09:45:00"
"97581",34,"2.001","2021-03-27 10:00:00"
"97635",34,"2.261","2021-03-27 10:15:00"
"98851",34,"2.215","2021-03-27 11:15:00"
"98905",34,"1.169","2021-03-27 11:30:00"
"98959",34,"1.52","2021-03-27 11:45:00"
"99013",34,"1.685","2021-03-27 12:00:00"
"99067",34,"2.058","2021-03-27 12:15:00"
"99121",34,"1.572","2021-03-27 12:30:00"
"99175",34,"1.417","2021-03-27 12:45:00"
"99229",34,"1.7530000000000001","2021-03-27 13:00:00"
"99283",34,"2.349","2021-03-27 13:15:00"
"99337",34,"2.133","2021-03-27 13:30:00"
"100345",34,"0.55","2021-02-22 18:30:00"
"100399",34,"0","2021-02-22 18:45:00"
"100453",34,"0","2021-02-22 19:00:00"
"100507",34,"0","2021-02-22 19:15:00"
"100561",34,"0","2021-02-22 19:30:00"
"100615",34,"0","2021-02-22 19:45:00"
"100669",34,"0","2021-02-22 20:00:00"
"100723",34,"0","2021-02-22 20:15:00"
"100777",34,"0.17","2021-02-22 20:30:00"
"100781",34,"2.245","2021-06-16 20:45:00"
"100835",34,"2.249","2021-06-16 21:00:00"
"100889",34,"1.9340000000000002","2021-06-16 21:15:00"
"102093",34,"4.071","2021-03-27 17:00:00"
"102147",34,"1.284","2021-03-27 17:15:00"
"102201",34,"2.472","2021-03-27 17:30:00"
"102255",34,"1.71","2021-03-27 17:45:00"
"102309",34,"1.412","2021-03-27 18:00:00"
"102363",34,"2.887","2021-03-27 18:15:00"
"102417",34,"3.732","2021-03-27 18:30:00"
"102472",34,"3.841","2021-03-27 18:45:00"
"102568",34,"2.947","2021-03-27 19:00:00"
"102674",34,"2.406","2021-03-27 19:15:00"
"103641",34,"1.875","2021-02-23 00:30:00"
"103695",34,"1.867","2021-02-23 00:45:00"
"103749",34,"1.701","2021-02-23 01:00:00"
"105803",34,"1.8519999999999999","2021-02-23 01:15:00"
"105857",34,"1.6400000000000001","2021-02-23 01:30:00"
"103861",34,"0","2021-06-17 01:45:00"
"103915",34,"0.75","2021-06-17 02:00:00"
"103969",34,"0.91","2021-06-17 02:15:00"
"104023",34,"0","2021-06-17 02:30:00"
"104077",34,"0.21","2021-06-17 02:45:00"
"104131",34,"1.237","2021-06-17 03:00:00"
"105335",34,"0.6000000000000001","2021-03-27 22:45:00"
"105389",34,"0","2021-03-27 23:00:00"
"105443",34,"0.01","2021-03-27 23:15:00"
"105497",34,"0.07","2021-03-27 23:30:00"
"105551",34,"0.73","2021-03-27 23:45:00"
"105605",34,"0","2021-03-28 00:00:00"
"105659",34,"0","2021-03-28 00:15:00"
"105713",34,"0.13","2021-03-28 00:30:00"
"105767",34,"0.02","2021-03-28 00:45:00"
"107821",34,"0","2021-03-28 01:00:00"
"106995",34,"0","2021-06-17 07:00:00"
"107049",34,"0","2021-06-17 07:15:00"
"107103",34,"0","2021-06-17 07:30:00"
"60211",34,"1","2021-02-17 08:15:00"
"60265",34,"1.3559999999999999","2021-02-17 08:30:00"
"60319",34,"1.635","2021-02-17 08:45:00"
"60373",34,"1.808","2021-02-17 09:00:00"
"60427",34,"1.71","2021-02-17 09:15:00"
"60481",34,"1.438","2021-02-17 09:30:00"
"60535",34,"0.9","2021-02-17 09:45:00"
"60589",34,"1.994","2021-02-17 10:00:00"
"60643",34,"1.5350000000000001","2021-02-17 10:15:00"
"60697",34,"1.125","2021-02-17 10:30:00"
"61831",34,"3.71","2021-02-17 15:45:00"
"61885",34,"3.556","2021-02-17 16:00:00"
"61939",34,"3.597","2021-02-17 16:15:00"
"61993",34,"3.365","2021-02-17 16:30:00"
"62047",34,"3.899","2021-02-17 16:45:00"
"62101",34,"3.805","2021-02-17 17:00:00"
"62155",34,"3.367","2021-02-17 17:15:00"
"62209",34,"3.408","2021-02-17 17:30:00"
"62263",34,"3.5620000000000003","2021-02-17 17:45:00"
"62317",34,"3.057","2021-02-17 18:00:00"
"62371",34,"2.543","2021-02-17 18:15:00"
"64045",34,"1.7069999999999999","2021-02-18 02:00:00"
"64099",34,"1.823","2021-02-18 02:15:00"
"64153",34,"2.059","2021-02-18 02:30:00"
"64207",34,"2.125","2021-02-18 02:45:00"
"64261",34,"2.373","2021-02-18 03:00:00"
"64315",34,"2.309","2021-02-18 03:15:00"
"64369",34,"2.307","2021-02-18 03:30:00"
"64423",34,"2.13","2021-02-18 03:45:00"
"64477",34,"2.091","2021-02-18 04:00:00"
"64531",34,"2.367","2021-02-18 04:15:00"
"65719",34,"2.855","2021-02-18 09:45:00"
"65773",34,"2.12","2021-02-18 10:00:00"
"65827",34,"2.103","2021-02-18 10:15:00"
"65881",34,"1.631","2021-02-18 10:30:00"
"65935",34,"1.377","2021-02-18 10:45:00"
"65989",34,"1.502","2021-02-18 11:00:00"
"66043",34,"0.96","2021-02-18 11:15:00"
"66097",34,"1.612","2021-02-18 11:30:00"
"66151",34,"1.625","2021-02-18 11:45:00"
"66205",34,"2.135","2021-02-18 12:00:00"
"67393",34,"4.3870000000000005","2021-02-18 17:30:00"
"67447",34,"3.569","2021-02-18 17:45:00"
"67501",34,"3.5300000000000002","2021-02-18 18:00:00"
"67555",34,"3.362","2021-02-18 18:15:00"
"67609",34,"3.051","2021-02-18 18:30:00"
"67663",34,"2.771","2021-02-18 18:45:00"
"67717",34,"2.681","2021-02-18 19:00:00"
"67771",34,"2.524","2021-02-18 19:15:00"
"67825",34,"2.262","2021-02-18 19:30:00"
"67879",34,"2.223","2021-02-18 19:45:00"
"69013",34,"2.608","2021-02-19 01:00:00"
"69067",34,"2.566","2021-02-19 01:15:00"
"69121",34,"2.342","2021-02-19 01:30:00"
"69175",34,"2.12","2021-02-19 01:45:00"
"69229",34,"2.209","2021-02-19 02:00:00"
"69283",34,"2.76","2021-02-19 02:15:00"
"69337",34,"3.085","2021-02-19 02:30:00"
"69391",34,"2.9290000000000003","2021-02-19 02:45:00"
"69445",34,"3.043","2021-02-19 03:00:00"
"69499",34,"3.005","2021-02-19 03:15:00"
"70687",34,"3.058","2021-02-19 08:45:00"
"70741",34,"2.443","2021-02-19 09:00:00"
"70795",34,"2.136","2021-02-19 09:15:00"
"70849",34,"1.927","2021-02-19 09:30:00"
"70903",34,"1.871","2021-02-19 09:45:00"
"70957",34,"1.581","2021-02-19 10:00:00"
"71011",34,"1.5670000000000002","2021-02-19 10:15:00"
"71065",34,"1.629","2021-02-19 10:30:00"
"71119",34,"1.655","2021-02-19 10:45:00"
"71173",34,"1.226","2021-02-19 11:00:00"
"72361",34,"2.386","2021-02-19 16:30:00"
"72415",34,"3.176","2021-02-19 16:45:00"
"72469",34,"3.118","2021-02-19 17:00:00"
"72523",34,"2.217","2021-02-19 17:15:00"
"72577",34,"3.012","2021-02-19 17:30:00"
"72631",34,"2.371","2021-02-19 17:45:00"
"72685",34,"1.859","2021-02-19 18:00:00"
"72739",34,"1.867","2021-02-19 18:15:00"
"72793",34,"1.957","2021-02-19 18:30:00"
"72847",34,"1.728","2021-02-19 18:45:00"
"73981",34,"2.498","2021-02-20 00:00:00"
"74035",34,"2.247","2021-02-20 00:15:00"
"74089",34,"2.134","2021-02-20 00:30:00"
"74143",34,"2.033","2021-02-20 00:45:00"
"74197",34,"2.047","2021-02-20 01:00:00"
"74251",34,"2.25","2021-02-20 01:15:00"
"74305",34,"2.27","2021-02-20 01:30:00"
"74359",34,"2.082","2021-02-20 01:45:00"
"74413",34,"2.001","2021-02-20 02:00:00"
"74467",34,"1.7149999999999999","2021-02-20 02:15:00"
"75655",34,"1.154","2021-02-20 07:45:00"
"75709",34,"1.667","2021-02-20 08:00:00"
"75763",34,"2.09","2021-02-20 08:15:00"
"75781",34,"1.135","2021-03-25 08:00:00"
"75835",34,"1.482","2021-03-25 08:15:00"
"75889",34,"2.3810000000000002","2021-03-25 08:30:00"
"75943",34,"2.974","2021-03-25 08:45:00"
"75997",34,"3.227","2021-03-25 09:00:00"
"76051",34,"3.883","2021-03-25 09:15:00"
"76105",34,"3.046","2021-03-25 09:30:00"
"76159",34,"3.156","2021-03-25 09:45:00"
"77249",34,"3.432","2021-02-20 10:30:00"
"77303",34,"3.079","2021-02-20 10:45:00"
"77357",34,"3.313","2021-02-20 11:00:00"
"77411",34,"2.7880000000000003","2021-02-20 11:15:00"
"77465",34,"3.779","2021-02-20 11:30:00"
"77519",34,"3.054","2021-02-20 11:45:00"
"77573",34,"2.298","2021-02-20 12:00:00"
"77627",34,"2.403","2021-02-20 12:15:00"
"77681",34,"2.382","2021-02-20 12:30:00"
"77735",34,"3.274","2021-02-20 12:45:00"
"78817",34,"3.122","2021-02-20 14:45:00"
"78921",34,"1.992","2021-02-20 15:00:00"
"79024",34,"3.173","2021-02-20 15:15:00"
"79119",34,"2.539","2021-02-20 15:30:00"
"79226",34,"1.802","2021-02-20 15:45:00"
"79309",34,"2.354","2021-02-20 16:00:00"
"79103",34,"3.173","2021-03-25 16:15:00"
"79209",34,"3.335","2021-03-25 16:30:00"
"79341",34,"2.501","2021-03-25 16:45:00"
"79409",34,"2.421","2021-02-20 16:15:00"
"79522",34,"2.838","2021-02-20 16:30:00"
"80591",34,"1.879","2021-02-20 18:45:00"
"80702",34,"1.681","2021-02-20 19:00:00"
"80761",34,"3.5","2021-03-25 20:15:00"
"80866",34,"3.057","2021-03-25 20:30:00"
"80814",34,"1.837","2021-02-20 19:15:00"
"80922",34,"1.4809999999999999","2021-02-20 19:30:00"
"81008",34,"0.32","2021-02-20 19:45:00"
"80994",34,"3.435","2021-03-25 20:45:00"
"81108",34,"3.648","2021-03-25 21:00:00"
"81232",34,"3.48","2021-03-25 21:15:00"
"82273",34,"1.677","2021-02-21 00:30:00"
"82327",34,"2.232","2021-02-21 00:45:00"
"82381",34,"3.111","2021-02-21 01:00:00"
"82435",34,"3.972","2021-02-21 01:15:00"
"82489",34,"3.237","2021-02-21 01:30:00"
"82543",34,"3.125","2021-02-21 01:45:00"
"82597",34,"2.933","2021-02-21 02:00:00"
"82656",34,"3.54","2021-02-21 02:15:00"
"82745",34,"3.568","2021-02-21 02:30:00"
"82826",34,"3.634","2021-02-21 02:45:00"
"84353",34,"3.142","2021-02-21 05:30:00"
"84407",34,"2.617","2021-02-21 05:45:00"
"84461",34,"2.533","2021-02-21 06:00:00"
"84515",34,"3.126","2021-02-21 06:15:00"
"84569",34,"2.926","2021-02-21 06:30:00"
"84623",34,"2.856","2021-02-21 06:45:00"
"84677",34,"3.212","2021-02-21 07:00:00"
"84731",34,"2.593","2021-02-21 07:15:00"
"85785",34,"3.151","2021-02-21 07:30:00"
"85839",34,"3.5789999999999997","2021-02-21 07:45:00"
"86055",34,"3.174","2021-02-21 08:45:00"
"86109",34,"3.951","2021-02-21 09:00:00"
"86163",34,"5.165","2021-02-21 09:15:00"
"86217",34,"5.207","2021-02-21 09:30:00"
"86271",34,"5.079","2021-02-21 09:45:00"
"86325",34,"5.204","2021-02-21 10:00:00"
"86379",34,"4.642","2021-02-21 10:15:00"
"86433",34,"4.666","2021-02-21 10:30:00"
"86487",34,"4.454","2021-02-21 10:45:00"
"86541",34,"5.004","2021-02-21 11:00:00"
"87721",34,"1.9","2021-03-26 11:30:00"
"87775",34,"2.382","2021-03-26 11:45:00"
"88829",34,"2.069","2021-03-26 12:00:00"
"87865",34,"4.327","2021-02-21 12:30:00"
"87919",34,"3.867","2021-02-21 12:45:00"
"87973",34,"3.946","2021-02-21 13:00:00"
"88027",34,"3.9210000000000003","2021-02-21 13:15:00"
"88081",34,"4.129","2021-02-21 13:30:00"
"88135",34,"3.673","2021-02-21 13:45:00"
"88189",34,"2.923","2021-02-21 14:00:00"
"88243",34,"3.763","2021-02-21 14:15:00"
"89423",34,"2.239","2021-03-26 14:45:00"
"89477",34,"2.339","2021-03-26 15:00:00"
"89531",34,"3.5460000000000003","2021-03-26 15:15:00"
"89585",34,"2.916","2021-03-26 15:30:00"
"89639",34,"2.318","2021-03-26 15:45:00"
"89693",34,"2.5380000000000003","2021-03-26 16:00:00"
"89747",34,"2.6950000000000003","2021-03-26 16:15:00"
"89837",34,"2.911","2021-02-21 17:00:00"
"89891",34,"2.318","2021-02-21 17:15:00"
"89945",34,"2.427","2021-02-21 17:30:00"
"91125",34,"3.1310000000000002","2021-03-26 18:00:00"
"91179",34,"2.213","2021-03-26 18:15:00"
"91233",34,"0.89","2021-03-26 18:30:00"
"91287",34,"2.1","2021-03-26 18:45:00"
"91341",34,"2.25","2021-03-26 19:00:00"
"91395",34,"1.9849999999999999","2021-03-26 19:15:00"
"91449",34,"2.204","2021-03-26 19:30:00"
"91503",34,"3.278","2021-03-26 19:45:00"
"91557",34,"4.159","2021-03-26 20:00:00"
"91611",34,"3","2021-03-26 20:15:00"
"92619",34,"4.668","2021-02-22 01:15:00"
"92673",34,"4.879","2021-02-22 01:30:00"
"92727",34,"5.777","2021-02-22 01:45:00"
"93781",34,"5.431","2021-02-22 02:00:00"
"93835",34,"4.684","2021-02-22 02:15:00"
"93889",34,"5.138","2021-02-22 02:30:00"
"92935",34,"0","2021-03-26 21:45:00"
"92989",34,"0","2021-03-26 22:00:00"
"93043",34,"0","2021-03-26 22:15:00"
"93097",34,"0","2021-03-26 22:30:00"
"93151",34,"0.89","2021-03-26 22:45:00"
"94907",34,"0.08","2021-03-27 02:15:00"
"94961",34,"0","2021-03-27 02:30:00"
"95015",34,"0","2021-03-27 02:45:00"
"95069",34,"0","2021-03-27 03:00:00"
"95123",34,"0","2021-03-27 03:15:00"
"95177",34,"0","2021-03-27 03:30:00"
"95231",34,"0","2021-03-27 03:45:00"
"95285",34,"0","2021-03-27 04:00:00"
"95339",34,"0","2021-03-27 04:15:00"
"95393",34,"0","2021-03-27 04:30:00"
"96563",34,"3.706","2021-02-22 10:15:00"
"96617",34,"3.847","2021-02-22 10:30:00"
"96671",34,"4.019","2021-02-22 10:45:00"
"96725",34,"4.41","2021-02-22 11:00:00"
"96779",34,"4.801","2021-02-22 11:15:00"
"96879",34,"0","2021-03-27 06:45:00"
"96933",34,"0","2021-03-27 07:00:00"
"96987",34,"0","2021-03-27 07:15:00"
"97041",34,"0","2021-03-27 07:30:00"
"97095",34,"0.36","2021-03-27 07:45:00"
"98265",34,"3.054","2021-02-22 13:30:00"
"98319",34,"3.542","2021-02-22 13:45:00"
"98373",34,"3.444","2021-02-22 14:00:00"
"98427",34,"2.996","2021-02-22 14:15:00"
"98481",34,"3.315","2021-02-22 14:30:00"
"98535",34,"3.3689999999999998","2021-02-22 14:45:00"
"98589",34,"2.759","2021-02-22 15:00:00"
"98643",34,"2.709","2021-02-22 15:15:00"
"98697",34,"1.953","2021-02-22 15:30:00"
"98751",34,"2.833","2021-02-22 15:45:00"
"99842",34,"2.255","2021-03-27 15:30:00"
"101823",34,"2.459","2021-03-27 15:45:00"
"101877",34,"3.818","2021-03-27 16:00:00"
"99967",34,"2.403","2021-02-22 16:45:00"
"100021",34,"1.248","2021-02-22 17:00:00"
"100075",34,"1.4060000000000001","2021-02-22 17:15:00"
"100129",34,"1.295","2021-02-22 17:30:00"
"100183",34,"1.923","2021-02-22 17:45:00"
"100237",34,"2.047","2021-02-22 18:00:00"
"100291",34,"1.155","2021-02-22 18:15:00"
"100943",34,"1.6480000000000001","2021-06-16 21:30:00"
"100997",34,"1.7349999999999999","2021-06-16 21:45:00"
"101051",34,"1.246","2021-06-16 22:00:00"
"101105",34,"0.51","2021-06-16 22:15:00"
"101159",34,"0.31","2021-06-16 22:30:00"
"101213",34,"0","2021-06-16 22:45:00"
"101267",34,"0","2021-06-16 23:00:00"
"101321",34,"0","2021-06-16 23:15:00"
"101375",34,"0","2021-06-16 23:30:00"
"101429",34,"0.01","2021-06-16 23:45:00"
"102585",34,"1.416","2021-02-22 20:45:00"
"102691",34,"1.697","2021-02-22 21:00:00"
"102784",34,"1.313","2021-03-27 19:30:00"
"102905",34,"0.51","2021-03-27 19:45:00"
"102795",34,"1.436","2021-02-22 21:15:00"
"102895",34,"1.7570000000000001","2021-02-22 21:30:00"
"103002",34,"2.26","2021-02-22 21:45:00"
"103016",34,"0.45","2021-03-27 20:00:00"
"104795",34,"0","2021-03-27 20:15:00"
"104849",34,"1.178","2021-03-27 20:30:00"
"104185",34,"0.26","2021-06-17 03:15:00"
"104239",34,"1.763","2021-06-17 03:30:00"
"104293",34,"1.992","2021-06-17 03:45:00"
"104347",34,"2.023","2021-06-17 04:00:00"
"104401",34,"1.554","2021-06-17 04:15:00"
"104455",34,"1.332","2021-06-17 04:30:00"
"104509",34,"0.65","2021-06-17 04:45:00"
"104563",34,"1.116","2021-06-17 05:00:00"
"104617",34,"0.43","2021-06-17 05:15:00"
"104671",34,"0","2021-06-17 05:30:00"
"105911",34,"0.92","2021-02-23 01:45:00"
"105965",34,"1.435","2021-02-23 02:00:00"
"106019",34,"0.8200000000000001","2021-02-23 02:15:00"
"106073",34,"0.9","2021-02-23 02:30:00"
"106127",34,"1.6920000000000002","2021-02-23 02:45:00"
"106181",34,"1.391","2021-02-23 03:00:00"
"106235",34,"0.5","2021-02-23 03:15:00"
"106289",34,"1.222","2021-02-23 03:30:00"
"106343",34,"1.683","2021-02-23 03:45:00"
"106397",34,"1.121","2021-02-23 04:00:00"
"108145",34,"0","2021-03-28 02:30:00"
"108199",34,"0","2021-03-28 02:45:00"
"108253",34,"0.03","2021-03-28 03:00:00"
"108307",34,"0.34","2021-03-28 03:15:00"
"108361",34,"0.15","2021-03-28 03:30:00"
"108416",34,"0","2021-03-28 03:45:00"
"108398",34,"1.855","2021-05-06 00:00:00"
"108501",34,"0","2021-03-28 04:00:00"
"106941",34,"0","2021-06-17 06:45:00"
"107535",34,"1.592","2021-06-17 09:30:00"
"107589",34,"1.641","2021-06-17 09:45:00"
"107643",34,"0.36","2021-06-17 10:00:00"
"107697",34,"1.391","2021-06-17 10:15:00"
"107751",34,"0.92","2021-06-17 10:30:00"
"107875",34,"0","2021-03-28 01:15:00"
"107929",34,"0","2021-03-28 01:30:00"
"107983",34,"0","2021-03-28 01:45:00"
"108037",34,"0.06","2021-03-28 02:00:00"
"108091",34,"0.01","2021-03-28 02:15:00"
"117995",34,"0.65","2021-05-06 10:15:00"
"118049",34,"1.473","2021-05-06 10:30:00"
"118103",34,"0.96","2021-05-06 10:45:00"
"118157",34,"1.233","2021-05-06 11:00:00"
"118211",34,"0.84","2021-05-06 11:15:00"
"118265",34,"1.573","2021-05-06 11:30:00"
"118319",34,"1.4020000000000001","2021-05-06 11:45:00"
"118373",34,"1.643","2021-05-06 12:00:00"
"118427",34,"1.116","2021-05-06 12:15:00"
"118481",34,"1.318","2021-05-06 12:30:00"
"119570",34,"1.308","2021-02-23 20:00:00"
"119696",34,"0.75","2021-02-23 20:15:00"
"119826",34,"0.5700000000000001","2021-02-23 20:30:00"
"119705",34,"1.088","2021-03-28 13:45:00"
"119789",34,"1.701","2021-03-28 14:00:00"
"119893",34,"2.126","2021-03-28 14:15:00"
"119984",34,"1.704","2021-03-28 14:30:00"
"122791",34,"2.138","2021-03-28 14:45:00"
"119957",34,"1.2650000000000001","2021-02-23 20:45:00"
"120068",34,"1.472","2021-02-23 21:00:00"
"120123",34,"1.6360000000000001","2021-02-23 21:15:00"
"120718",34,"0.53","2021-02-24 00:00:00"
"120831",34,"0.07","2021-02-24 00:15:00"
"120810",34,"0","2021-06-18 00:45:00"
"120883",34,"0.01","2021-06-18 01:00:00"
"120937",34,"0","2021-06-18 01:15:00"
"120991",34,"0","2021-06-18 01:30:00"
"121045",34,"0","2021-06-18 01:45:00"
"121099",34,"0","2021-06-18 02:00:00"
"121153",34,"0","2021-06-18 02:15:00"
"121207",34,"0","2021-06-18 02:30:00"
"122507",34,"5.923","2021-05-06 17:15:00"
"122561",34,"5.533","2021-05-06 17:30:00"
"122615",34,"4.816","2021-05-06 17:45:00"
"122669",34,"3.743","2021-05-06 18:00:00"
"122723",34,"4.286","2021-05-06 18:15:00"
"122777",34,"4.392","2021-05-06 18:30:00"
"125831",34,"4.632","2021-05-06 18:45:00"
"122845",34,"2.066","2021-03-28 15:00:00"
"122923",34,"2.125","2021-03-28 15:15:00"
"123021",34,"1.2530000000000001","2021-03-28 15:30:00"
"123465",34,"1.01","2021-03-28 16:15:00"
"123592",34,"0.66","2021-03-28 16:30:00"
"123741",34,"0","2021-03-28 16:45:00"
"123698",34,"1.8210000000000002","2021-06-18 06:00:00"
"123855",34,"2.098","2021-06-18 06:15:00"
"123907",34,"2.404","2021-02-24 02:00:00"
"124083",34,"2.313","2021-02-24 02:15:00"
"123897",34,"0.47000000000000003","2021-03-28 17:00:00"
"124057",34,"0.03","2021-03-28 17:15:00"
"125151",34,"0.6900000000000001","2021-02-24 03:45:00"
"125313",34,"1.6520000000000001","2021-02-24 04:00:00"
"125434",34,"2.151","2021-02-24 04:15:00"
"125250",34,"2.408","2021-06-18 08:30:00"
"125387",34,"2.592","2021-06-18 08:45:00"
"125535",34,"1.766","2021-02-24 04:30:00"
"125626",34,"1.7309999999999999","2021-02-24 04:45:00"
"125499",34,"2.831","2021-06-18 09:00:00"
"125629",34,"3.233","2021-06-18 09:15:00"
"125719",34,"3.226","2021-06-18 09:30:00"
"126817",34,"0.22","2021-03-28 19:30:00"
"126871",34,"0","2021-03-28 19:45:00"
"126925",34,"0","2021-03-28 20:00:00"
"126979",34,"0.96","2021-03-28 20:15:00"
"127038",34,"1.952","2021-03-28 20:30:00"
"127065",34,"2.093","2021-02-24 05:00:00"
"127186",34,"2.11","2021-02-24 05:15:00"
"127329",34,"1.948","2021-02-24 05:30:00"
"127131",34,"1.863","2021-03-28 20:45:00"
"127227",34,"2.083","2021-03-28 21:00:00"
"127311",34,"1.8719999999999999","2021-03-28 21:15:00"
"130789",34,"1.6480000000000001","2021-03-29 00:00:00"
"130843",34,"1.7570000000000001","2021-03-29 00:15:00"
"128499",34,"2.09","2021-02-24 08:15:00"
"128553",34,"1.455","2021-02-24 08:30:00"
"128607",34,"1.214","2021-02-24 08:45:00"
"128661",34,"1.019","2021-02-24 09:00:00"
"128715",34,"0.7000000000000001","2021-02-24 09:15:00"
"128769",34,"1.141","2021-02-24 09:30:00"
"131823",34,"1.413","2021-02-24 09:45:00"
"131877",34,"1.714","2021-02-24 10:00:00"
"129944",34,"0.74","2021-06-18 13:30:00"
"130025",34,"0.07","2021-06-18 13:45:00"
"130105",34,"0.96","2021-06-18 14:00:00"
"130192",34,"1.822","2021-06-18 14:15:00"
"132214",34,"1.5470000000000002","2021-06-18 14:30:00"
"130289",34,"0.1","2021-05-07 01:30:00"
"130343",34,"0.26","2021-05-07 01:45:00"
"130397",34,"0","2021-05-07 02:00:00"
"130451",34,"1.81","2021-05-07 02:15:00"
"130505",34,"3.552","2021-05-07 02:30:00"
"131761",34,"0.29","2021-03-29 04:30:00"
"134410",34,"0","2021-03-29 04:45:00"
"131931",34,"1.798","2021-02-24 10:15:00"
"131985",34,"1.7730000000000001","2021-02-24 10:30:00"
"132039",34,"1.752","2021-02-24 10:45:00"
"132093",34,"1.58","2021-02-24 11:00:00"
"132147",34,"2.403","2021-02-24 11:15:00"
"132225",34,"2.393","2021-02-24 11:30:00"
"132334",34,"1.881","2021-02-24 11:45:00"
"133447",34,"0.9","2021-06-18 17:30:00"
"133501",34,"0.54","2021-06-18 17:45:00"
"133555",34,"1.5030000000000001","2021-06-18 18:00:00"
"133609",34,"1.267","2021-06-18 18:15:00"
"133663",34,"1.513","2021-06-18 18:30:00"
"133717",34,"0.56","2021-06-18 18:45:00"
"133771",34,"0","2021-06-18 19:00:00"
"133829",34,"3.142","2021-05-07 04:00:00"
"133883",34,"2.329","2021-05-07 04:15:00"
"133937",34,"0.41000000000000003","2021-05-07 04:30:00"
"135133",34,"2.721","2021-05-07 07:45:00"
"135282",34,"2.8280000000000003","2021-05-07 08:00:00"
"135380",34,"3.5869999999999997","2021-05-07 08:15:00"
"135176",34,"1.686","2021-03-29 07:00:00"
"135260",34,"1.588","2021-03-29 07:15:00"
"135363",34,"1.433","2021-03-29 07:30:00"
"135463",34,"1.039","2021-03-29 07:45:00"
"135517",34,"0","2021-03-29 08:00:00"
"136081",34,"3.55","2021-05-07 08:30:00"
"136287",34,"4.128","2021-05-07 08:45:00"
"136519",34,"4.088","2021-05-07 09:00:00"
"136800",34,"1.384","2021-06-18 20:00:00"
"137009",34,"1.5390000000000001","2021-06-18 20:15:00"
"136903",34,"0.9500000000000001","2021-03-29 10:15:00"
"137095",34,"1.123","2021-03-29 10:30:00"
"137169",34,"2.917","2021-05-07 09:45:00"
"137364",34,"2.399","2021-05-07 10:00:00"
"137615",34,"2.322","2021-05-07 10:15:00"
"137147",34,"2.451","2021-02-24 16:30:00"
"137354",34,"2.457","2021-02-24 16:45:00"
"137554",34,"2.33","2021-02-24 17:00:00"
"138580",34,"4.108","2021-02-24 18:15:00"
"138807",34,"4.054","2021-02-24 18:30:00"
"138631",34,"2.223","2021-03-29 12:15:00"
"138856",34,"2.312","2021-03-29 12:30:00"
"139102",34,"2.418","2021-05-07 12:00:00"
"139176",34,"1.9580000000000002","2021-06-18 22:45:00"
"138564",34,"1.763","2021-06-18 22:00:00"
"138766",34,"1.9929999999999999","2021-06-18 22:15:00"
"138980",34,"1.907","2021-06-18 22:30:00"
"139663",34,"2.363","2021-06-18 23:30:00"
"139735",34,"4.755","2021-03-29 13:45:00"
"139741",34,"2.833","2021-05-07 13:00:00"
"139840",34,"5.16","2021-03-29 14:00:00"
"139953",34,"3.478","2021-03-29 14:15:00"
"140049",34,"2.972","2021-03-29 14:30:00"
"139819",34,"2.3970000000000002","2021-06-18 23:45:00"
"139913",34,"1.053","2021-06-19 00:00:00"
"140042",34,"0.41000000000000003","2021-06-19 00:15:00"
"140159",34,"2.4130000000000003","2021-03-29 14:45:00"
"140278",34,"3.133","2021-03-29 15:00:00"
"141189",34,"2.082","2021-06-19 02:30:00"
"141456",34,"1.803","2021-06-19 02:45:00"
"141256",34,"4.114","2021-02-24 19:30:00"
"141440",34,"3.833","2021-02-24 19:45:00"
"141581",34,"3.2640000000000002","2021-05-07 13:45:00"
"141607",34,"3.183","2021-02-24 20:00:00"
"141791",34,"2.086","2021-02-24 20:15:00"
"142025",34,"1.329","2021-02-24 20:30:00"
"141644",34,"1.488","2021-06-19 03:00:00"
"141879",34,"1.039","2021-06-19 03:15:00"
"142098",34,"0.41000000000000003","2021-06-19 03:30:00"
"142845",34,"2.993","2021-05-07 15:15:00"
"142954",34,"2.816","2021-05-07 15:30:00"
"142761",34,"1.411","2021-06-19 04:15:00"
"144167",34,"1.843","2021-06-19 04:30:00"
"144270",34,"2.501","2021-06-19 04:45:00"
"143049",34,"3.111","2021-02-24 22:00:00"
"143157",34,"3.588","2021-02-24 22:15:00"
"143267",34,"3.363","2021-02-24 22:30:00"
"143062",34,"2.284","2021-05-07 15:45:00"
"143170",34,"3.309","2021-05-07 16:00:00"
"143273",34,"3.341","2021-05-07 16:15:00"
"144379",34,"2.495","2021-06-19 05:00:00"
"144503",34,"2.165","2021-06-19 05:15:00"
"144563",34,"1.295","2021-03-29 21:00:00"
"144707",34,"0.97","2021-03-29 21:15:00"
"144891",34,"0","2021-03-29 21:30:00"
"144604",34,"1.266","2021-06-19 05:30:00"
"144744",34,"1.293","2021-06-19 05:45:00"
"144892",34,"1.842","2021-06-19 06:00:00"
"145034",34,"0.15","2021-03-29 21:45:00"
"145170",34,"1.77","2021-03-29 22:00:00"
"146180",34,"0","2021-06-19 08:15:00"
"146286",34,"0","2021-06-19 08:30:00"
"146203",34,"2.949","2021-05-07 20:15:00"
"146313",34,"3.171","2021-05-07 20:30:00"
"146424",34,"2.814","2021-05-07 20:45:00"
"146396",34,"0","2021-06-19 08:45:00"
"149795",34,"0","2021-06-19 09:00:00"
"149849",34,"1.57","2021-06-19 09:15:00"
"146501",34,"2.465","2021-05-07 21:00:00"
"146555",34,"2.602","2021-05-07 21:15:00"
"147171",34,"1.4929999999999999","2021-02-25 01:15:00"
"147225",34,"1.499","2021-02-25 01:30:00"
"147279",34,"0.97","2021-02-25 01:45:00"
"147333",34,"0.17","2021-02-25 02:00:00"
"147387",34,"1.5899999999999999","2021-02-25 02:15:00"
"147441",34,"0.98","2021-02-25 02:30:00"
"147495",34,"0.35000000000000003","2021-02-25 02:45:00"
"147549",34,"1.038","2021-02-25 03:00:00"
"147603",34,"0.37","2021-02-25 03:15:00"
"147657",34,"0.77","2021-02-25 03:30:00"
"148882",34,"1.984","2021-05-08 00:00:00"
"148987",34,"0.5700000000000001","2021-05-08 00:15:00"
"149110",34,"0","2021-05-08 00:30:00"
"148992",34,"1.367","2021-03-30 02:45:00"
"149083",34,"1.522","2021-03-30 03:00:00"
"149188",34,"1.536","2021-03-30 03:15:00"
"149224",34,"0","2021-05-08 00:45:00"
"149314",34,"1.228","2021-05-08 01:00:00"
"149419",34,"1.1320000000000001","2021-05-08 01:15:00"
"149313",34,"1.2530000000000001","2021-03-30 03:30:00"
"151783",34,"1.508","2021-03-30 03:45:00"
"150605",34,"0.87","2021-06-19 12:45:00"
"150659",34,"0.87","2021-06-19 13:00:00"
"150713",34,"1.585","2021-06-19 13:15:00"
"150767",34,"2.121","2021-06-19 13:30:00"
"153821",34,"1.748","2021-06-19 13:45:00"
"150873",34,"1.804","2021-02-25 04:30:00"
"150927",34,"1.413","2021-02-25 04:45:00"
"150981",34,"0.32","2021-02-25 05:00:00"
"151035",34,"2.003","2021-02-25 05:15:00"
"151089",34,"1.5859999999999999","2021-02-25 05:30:00"
"152372",34,"1.667","2021-03-30 05:30:00"
"152468",34,"1.7690000000000001","2021-03-30 05:45:00"
"107157",34,"0","2021-06-17 07:45:00"
"107211",34,"0","2021-06-17 08:00:00"
"107265",34,"0","2021-06-17 08:15:00"
"107319",34,"0","2021-06-17 08:30:00"
"107373",34,"0","2021-06-17 08:45:00"
"107427",34,"0","2021-06-17 09:00:00"
"107481",34,"0.04","2021-06-17 09:15:00"
"108553",34,"1.615","2021-05-06 00:15:00"
"108652",34,"1.5350000000000001","2021-05-06 00:30:00"
"108758",34,"1.448","2021-05-06 00:45:00"
"108862",34,"0.44","2021-05-06 01:00:00"
"108969",34,"0","2021-05-06 01:15:00"
"108830",34,"0","2021-03-28 04:45:00"
"108942",34,"0","2021-03-28 05:00:00"
"109050",34,"0","2021-03-28 05:15:00"
"109078",34,"0","2021-05-06 01:30:00"
"109210",34,"1.399","2021-06-17 10:45:00"
"109757",34,"1.2810000000000001","2021-02-23 07:00:00"
"109874",34,"0.53","2021-02-23 07:15:00"
"109993",34,"0.78","2021-02-23 07:30:00"
"110102",34,"2.168","2021-02-23 07:45:00"
"110255",34,"2.339","2021-02-23 08:00:00"
"110170",34,"0","2021-05-06 02:30:00"
"110436",34,"0","2021-05-06 02:45:00"
"110044",34,"1.762","2021-06-17 12:15:00"
"110172",34,"1.329","2021-06-17 12:30:00"
"110299",34,"1.613","2021-06-17 12:45:00"
"110912",34,"1.8439999999999999","2021-06-17 14:00:00"
"111030",34,"1.201","2021-06-17 14:15:00"
"111020",34,"1.429","2021-02-23 09:15:00"
"111136",34,"2.451","2021-02-23 09:30:00"
"111197",34,"0.21","2021-06-17 14:30:00"
"111319",34,"1.082","2021-06-17 14:45:00"
"111447",34,"0.92","2021-06-17 15:00:00"
"111263",34,"2.963","2021-02-23 09:45:00"
"111402",34,"2.4130000000000003","2021-02-23 10:00:00"
"111519",34,"1.992","2021-02-23 10:15:00"
"111909",34,"1.5979999999999999","2021-02-23 11:00:00"
"111963",34,"1.742","2021-02-23 11:15:00"
"112017",34,"1.905","2021-02-23 11:30:00"
"112071",34,"1.572","2021-02-23 11:45:00"
"112125",34,"1.7570000000000001","2021-02-23 12:00:00"
"112179",34,"1.629","2021-02-23 12:15:00"
"112233",34,"1.5590000000000002","2021-02-23 12:30:00"
"112287",34,"1.8","2021-02-23 12:45:00"
"112341",34,"2.282","2021-02-23 13:00:00"
"112395",34,"1.857","2021-02-23 13:15:00"
"113047",34,"1.754","2021-06-17 16:30:00"
"113101",34,"1.937","2021-06-17 16:45:00"
"113155",34,"2.013","2021-06-17 17:00:00"
"113209",34,"1.127","2021-06-17 17:15:00"
"113263",34,"1.721","2021-06-17 17:30:00"
"113317",34,"1.834","2021-06-17 17:45:00"
"113371",34,"1.744","2021-06-17 18:00:00"
"113425",34,"1.975","2021-06-17 18:15:00"
"113479",34,"1.763","2021-06-17 18:30:00"
"113533",34,"1.062","2021-06-17 18:45:00"
"114063",34,"0","2021-03-28 06:45:00"
"114117",34,"0","2021-03-28 07:00:00"
"114171",34,"0","2021-03-28 07:15:00"
"114225",34,"0","2021-03-28 07:30:00"
"114313",34,"0","2021-03-28 07:45:00"
"114413",34,"1.561","2021-05-06 05:00:00"
"114505",34,"0","2021-05-06 05:15:00"
"114624",34,"0.92","2021-05-06 05:30:00"
"114414",34,"0","2021-03-28 08:00:00"
"114542",34,"0","2021-03-28 08:15:00"
"114635",34,"0","2021-03-28 08:30:00"
"115276",34,"0","2021-05-06 07:00:00"
"115347",34,"0","2021-05-06 07:15:00"
"115279",34,"0.88","2021-03-28 10:00:00"
"118819",34,"0.81","2021-03-28 10:15:00"
"118873",34,"1.517","2021-03-28 10:30:00"
"115401",34,"0.21","2021-05-06 07:30:00"
"115455",34,"1.014","2021-05-06 07:45:00"
"115509",34,"0.73","2021-05-06 08:00:00"
"115563",34,"0","2021-05-06 08:15:00"
"115617",34,"0.18","2021-05-06 08:30:00"
"116313",34,"0.99","2021-02-23 17:30:00"
"116367",34,"1.086","2021-02-23 17:45:00"
"116421",34,"0.52","2021-02-23 18:00:00"
"116475",34,"0","2021-02-23 18:15:00"
"116529",34,"0.8200000000000001","2021-02-23 18:30:00"
"116583",34,"1.3559999999999999","2021-02-23 18:45:00"
"116637",34,"1.657","2021-02-23 19:00:00"
"116691",34,"1.895","2021-02-23 19:15:00"
"116745",34,"2.198","2021-02-23 19:30:00"
"119410",34,"1.588","2021-02-23 19:45:00"
"117451",34,"0","2021-06-17 23:00:00"
"117505",34,"0","2021-06-17 23:15:00"
"117559",34,"0.02","2021-06-17 23:30:00"
"117613",34,"0","2021-06-17 23:45:00"
"117667",34,"0.01","2021-06-18 00:00:00"
"117721",34,"0","2021-06-18 00:15:00"
"117775",34,"0","2021-06-18 00:30:00"
"117833",34,"0.01","2021-05-06 09:30:00"
"117887",34,"0.15","2021-05-06 09:45:00"
"117941",34,"0.66","2021-05-06 10:00:00"
"119035",34,"2.349","2021-03-28 11:15:00"
"119089",34,"1.038","2021-03-28 11:30:00"
"119143",34,"2.035","2021-03-28 11:45:00"
"119197",34,"2.478","2021-03-28 12:00:00"
"119251",34,"1.751","2021-03-28 12:15:00"
"119305",34,"1.62","2021-03-28 12:30:00"
"119360",34,"0.43","2021-03-28 12:45:00"
"119444",34,"0.81","2021-03-28 13:00:00"
"119518",34,"0.37","2021-03-28 13:15:00"
"119611",34,"0.91","2021-03-28 13:30:00"
"121261",34,"0","2021-06-18 02:45:00"
"121315",34,"0","2021-06-18 03:00:00"
"121369",34,"0","2021-06-18 03:15:00"
"121423",34,"0.44","2021-06-18 03:30:00"
"121477",34,"0.87","2021-06-18 03:45:00"
"121531",34,"0.73","2021-06-18 04:00:00"
"121585",34,"0","2021-06-18 04:15:00"
"121639",34,"0","2021-06-18 04:30:00"
"121693",34,"0.47000000000000003","2021-06-18 04:45:00"
"121747",34,"1.674","2021-06-18 05:00:00"
"122974",34,"0.06","2021-02-24 00:30:00"
"123080",34,"0.62","2021-02-24 00:45:00"
"123232",34,"0.22","2021-02-24 01:00:00"
"123144",34,"0.58","2021-03-28 15:45:00"
"123299",34,"2.635","2021-03-28 16:00:00"
"123154",34,"1.593","2021-06-18 05:15:00"
"123329",34,"1.752","2021-06-18 05:30:00"
"123476",34,"1.085","2021-06-18 05:45:00"
"123406",34,"1.558","2021-02-24 01:15:00"
"123555",34,"1.5939999999999999","2021-02-24 01:30:00"
"123711",34,"1.9100000000000001","2021-02-24 01:45:00"
"124661",34,"3.03","2021-03-28 18:15:00"
"124803",34,"3.171","2021-03-28 18:30:00"
"124733",34,"2.077","2021-06-18 07:45:00"
"124925",34,"2.243","2021-06-18 08:00:00"
"125083",34,"2.884","2021-06-18 08:15:00"
"124842",34,"1.444","2021-02-24 03:15:00"
"124998",34,"1.3719999999999999","2021-02-24 03:30:00"
"124966",34,"2.112","2021-03-28 18:45:00"
"125138",34,"1.679","2021-03-28 19:00:00"
"125296",34,"1.248","2021-03-28 19:15:00"
"126317",34,"1.9969999999999999","2021-05-06 21:00:00"
"126371",34,"2.237","2021-05-06 21:15:00"
"126425",34,"1.7530000000000001","2021-05-06 21:30:00"
"126479",34,"2.5789999999999997","2021-05-06 21:45:00"
"126533",34,"2.498","2021-05-06 22:00:00"
"126587",34,"2.234","2021-05-06 22:15:00"
"126641",34,"2.245","2021-05-06 22:30:00"
"126695",34,"2.382","2021-05-06 22:45:00"
"126749",34,"2.6870000000000003","2021-05-06 23:00:00"
"129160",34,"2.783","2021-05-06 23:15:00"
"127897",34,"1.392","2021-03-28 22:45:00"
"127997",34,"1.426","2021-03-28 23:00:00"
"128039",34,"2.124","2021-02-24 07:00:00"
"128144",34,"1.619","2021-02-24 07:15:00"
"128253",34,"1.276","2021-02-24 07:30:00"
"128116",34,"1.558","2021-03-28 23:15:00"
"128223",34,"0.01","2021-03-28 23:30:00"
"128313",34,"0.76","2021-03-28 23:45:00"
"128366",34,"0.48","2021-02-24 07:45:00"
"128445",34,"1.2610000000000001","2021-02-24 08:00:00"
"129592",34,"1.512","2021-05-07 00:15:00"
"129734",34,"1.311","2021-05-07 00:30:00"
"129525",34,"1.783","2021-06-18 12:15:00"
"129614",34,"2.084","2021-06-18 12:30:00"
"129693",34,"2.132","2021-06-18 12:45:00"
"129785",34,"1.987","2021-06-18 13:00:00"
"129865",34,"1.373","2021-06-18 13:15:00"
"129905",34,"2.223","2021-05-07 00:45:00"
"130065",34,"0.21","2021-05-07 01:00:00"
"130215",34,"0.24","2021-05-07 01:15:00"
"131221",34,"0","2021-03-29 02:00:00"
"131275",34,"1.255","2021-03-29 02:15:00"
"131329",34,"1.823","2021-03-29 02:30:00"
"131383",34,"1.798","2021-03-29 02:45:00"
"131437",34,"2.314","2021-03-29 03:00:00"
"131491",34,"2.322","2021-03-29 03:15:00"
"131545",34,"1.609","2021-03-29 03:30:00"
"131599",34,"0.68","2021-03-29 03:45:00"
"131653",34,"0.96","2021-03-29 04:00:00"
"131707",34,"0.29","2021-03-29 04:15:00"
"132978",34,"1.305","2021-06-18 16:15:00"
"133084",34,"0.14","2021-06-18 16:30:00"
"133083",34,"3.322","2021-02-24 13:30:00"
"133173",34,"2.6189999999999998","2021-02-24 13:45:00"
"133212",34,"0.07","2021-06-18 16:45:00"
"133305",34,"0.97","2021-06-18 17:00:00"
"133393",34,"0.44","2021-06-18 17:15:00"
"133293",34,"1.019","2021-02-24 14:00:00"
"135795",34,"2.346","2021-02-24 14:15:00"
"135849",34,"2.274","2021-02-24 14:30:00"
"134504",34,"1.812","2021-03-29 05:00:00"
"134590",34,"1.9180000000000001","2021-03-29 05:15:00"
"134667",34,"1.9849999999999999","2021-03-29 05:30:00"
"134742",34,"2.176","2021-03-29 05:45:00"
"134827",34,"2.174","2021-03-29 06:00:00"
"134844",34,"0.45","2021-05-07 07:15:00"
"134978",34,"1.427","2021-05-07 07:30:00"
"134922",34,"1.987","2021-03-29 06:15:00"
"135016",34,"1.824","2021-03-29 06:30:00"
"135089",34,"1.311","2021-03-29 06:45:00"
"136138",34,"0","2021-06-18 19:15:00"
"136377",34,"0","2021-06-18 19:30:00"
"136577",34,"1.191","2021-06-18 19:45:00"
"136240",34,"1.174","2021-03-29 09:30:00"
"136458",34,"0.26","2021-03-29 09:45:00"
"136672",34,"0.61","2021-03-29 10:00:00"
"136737",34,"3.458","2021-05-07 09:15:00"
"136962",34,"2.958","2021-05-07 09:30:00"
"136716",34,"1.5550000000000002","2021-02-24 16:00:00"
"136923",34,"2.14","2021-02-24 16:15:00"
"137981",34,"0.37","2021-03-29 11:30:00"
"138203",34,"1.491","2021-03-29 11:45:00"
"138413",34,"2.236","2021-03-29 12:00:00"
"137898",34,"0.47000000000000003","2021-06-18 21:15:00"
"138114",34,"1.447","2021-06-18 21:30:00"
"138342",34,"1.708","2021-06-18 21:45:00"
"137980",34,"2.207","2021-02-24 17:30:00"
"138194",34,"2.349","2021-02-24 17:45:00"
"138398",34,"2.943","2021-02-24 18:00:00"
"138455",34,"2.876","2021-05-07 11:15:00"
"138703",34,"2.963","2021-05-07 11:30:00"
"138905",34,"1.43","2021-05-07 11:45:00"
"140146",34,"1.188","2021-06-19 00:30:00"
"140245",34,"1.553","2021-06-19 00:45:00"
"140381",34,"5.146","2021-03-29 15:15:00"
"140488",34,"3.262","2021-03-29 15:30:00"
"140577",34,"4.012","2021-03-29 15:45:00"
"140357",34,"1.6280000000000001","2021-06-19 01:00:00"
"140467",34,"1.888","2021-06-19 01:15:00"
"140593",34,"1.7690000000000001","2021-06-19 01:30:00"
"140706",34,"3.954","2021-03-29 16:00:00"
"140817",34,"6.284","2021-03-29 16:15:00"
"141851",34,"2.622","2021-05-07 14:00:00"
"142060",34,"2.578","2021-05-07 14:15:00"
"141705",34,"1.682","2021-03-29 17:15:00"
"141905",34,"3.208","2021-03-29 17:30:00"
"142119",34,"3.963","2021-03-29 17:45:00"
"142241",34,"0.67","2021-02-24 20:45:00"
"142444",34,"0.13","2021-02-24 21:00:00"
"142343",34,"3.088","2021-03-29 18:00:00"
"142563",34,"3.078","2021-03-29 18:15:00"
"143367",34,"2.723","2021-02-24 22:45:00"
"143476",34,"2.336","2021-02-24 23:00:00"
"143392",34,"3.448","2021-05-07 16:30:00"
"143499",34,"3.415","2021-05-07 16:45:00"
"143585",34,"1.9689999999999999","2021-02-24 23:15:00"
"146793",34,"2.443","2021-02-24 23:30:00"
"146847",34,"1.815","2021-02-24 23:45:00"
"143605",34,"3.462","2021-05-07 17:00:00"
"143691",34,"3.449","2021-05-07 17:15:00"
"143745",34,"3.711","2021-05-07 17:30:00"
"144996",34,"3.343","2021-05-07 18:15:00"
"145195",34,"3.576","2021-05-07 18:30:00"
"145368",34,"3.908","2021-05-07 18:45:00"
"145044",34,"1","2021-06-19 06:15:00"
"145223",34,"1.155","2021-06-19 06:30:00"
"145359",34,"0","2021-06-19 06:45:00"
"145341",34,"1.992","2021-03-29 22:15:00"
"145576",34,"2.258","2021-03-29 22:30:00"
"145754",34,"1.471","2021-03-29 22:45:00"
"145487",34,"0","2021-06-19 07:00:00"
"145638",34,"0","2021-06-19 07:15:00"
"146609",34,"2.8689999999999998","2021-05-07 21:30:00"
"146663",34,"3.478","2021-05-07 21:45:00"
"146717",34,"2.959","2021-05-07 22:00:00"
"146771",34,"3.057","2021-05-07 22:15:00"
"148232",34,"3.044","2021-05-07 22:30:00"
"146901",34,"1.23","2021-02-25 00:00:00"
"146955",34,"1.469","2021-02-25 00:15:00"
"147009",34,"1.388","2021-02-25 00:30:00"
"147063",34,"1.207","2021-02-25 00:45:00"
"147117",34,"1.6280000000000001","2021-02-25 01:00:00"
"148345",34,"2.8529999999999998","2021-05-07 22:45:00"
"148449",34,"2.592","2021-05-07 23:00:00"
"148572",34,"2.733","2021-05-07 23:15:00"
"148450",34,"1.838","2021-03-30 01:30:00"
"148542",34,"1.945","2021-03-30 01:45:00"
"148642",34,"2.059","2021-03-30 02:00:00"
"148681",34,"2.422","2021-05-07 23:30:00"
"148768",34,"2.358","2021-05-07 23:45:00"
"148779",34,"1.841","2021-03-30 02:15:00"
"148881",34,"1.537","2021-03-30 02:30:00"
"150011",34,"1.931","2021-06-19 10:00:00"
"150065",34,"2.592","2021-06-19 10:15:00"
"150119",34,"2.7560000000000002","2021-06-19 10:30:00"
"150173",34,"2.17","2021-06-19 10:45:00"
"150227",34,"2.058","2021-06-19 11:00:00"
"150281",34,"2.259","2021-06-19 11:15:00"
"150335",34,"2.054","2021-06-19 11:30:00"
"150389",34,"2.065","2021-06-19 11:45:00"
"150443",34,"1.616","2021-06-19 12:00:00"
"150497",34,"0.9400000000000001","2021-06-19 12:15:00"
"150551",34,"0.8200000000000001","2021-06-19 12:30:00"
"151683",34,"0.86","2021-02-25 08:15:00"
"108600",34,"0","2021-03-28 04:15:00"
"108721",34,"0","2021-03-28 04:30:00"
"109330",34,"1.196","2021-06-17 11:00:00"
"109469",34,"0.09","2021-06-17 11:15:00"
"109585",34,"0.71","2021-06-17 11:30:00"
"109334",34,"2.202","2021-02-23 06:15:00"
"109466",34,"2.042","2021-02-23 06:30:00"
"109621",34,"1.7429999999999999","2021-02-23 06:45:00"
"109376",34,"0","2021-05-06 01:45:00"
"109623",34,"0","2021-05-06 02:00:00"
"109882",34,"0","2021-05-06 02:15:00"
"109728",34,"0.89","2021-06-17 11:45:00"
"109884",34,"0.81","2021-06-17 12:00:00"
"110411",34,"1.44","2021-06-17 13:00:00"
"110421",34,"2.5060000000000002","2021-02-23 08:15:00"
"110529",34,"2.308","2021-06-17 13:15:00"
"110649",34,"1.573","2021-06-17 13:30:00"
"110773",34,"1.83","2021-06-17 13:45:00"
"110584",34,"2.6029999999999998","2021-02-23 08:30:00"
"110730",34,"2.5620000000000003","2021-02-23 08:45:00"
"110851",34,"2.073","2021-02-23 09:00:00"
"110720",34,"0","2021-05-06 03:00:00"
"110975",34,"0","2021-05-06 03:15:00"
"111242",34,"0","2021-05-06 03:30:00"
"111540",34,"0","2021-05-06 03:45:00"
"111645",34,"0","2021-05-06 04:00:00"
"111699",34,"1.322","2021-05-06 04:15:00"
"111586",34,"1.452","2021-06-17 15:15:00"
"112831",34,"2.006","2021-06-17 15:30:00"
"111801",34,"1.724","2021-02-23 10:30:00"
"111855",34,"1.593","2021-02-23 10:45:00"
"111753",34,"2.341","2021-05-06 04:30:00"
"114298",34,"2.701","2021-05-06 04:45:00"
"112449",34,"1.745","2021-02-23 13:30:00"
"112503",34,"1.826","2021-02-23 13:45:00"
"112557",34,"1.9340000000000002","2021-02-23 14:00:00"
"112611",34,"2.318","2021-02-23 14:15:00"
"112665",34,"1.8","2021-02-23 14:30:00"
"112719",34,"1.9020000000000001","2021-02-23 14:45:00"
"112773",34,"2.179","2021-02-23 15:00:00"
"115827",34,"1.474","2021-02-23 15:15:00"
"112885",34,"1.379","2021-06-17 15:45:00"
"112939",34,"0.5700000000000001","2021-06-17 16:00:00"
"112993",34,"1.023","2021-06-17 16:15:00"
"113587",34,"1.318","2021-06-17 19:00:00"
"113641",34,"1.557","2021-06-17 19:15:00"
"113695",34,"0.35000000000000003","2021-06-17 19:30:00"
"113749",34,"0","2021-06-17 19:45:00"
"116803",34,"1.304","2021-06-17 20:00:00"
"113793",34,"0","2021-03-28 05:30:00"
"113847",34,"0","2021-03-28 05:45:00"
"113901",34,"0.7000000000000001","2021-03-28 06:00:00"
"113955",34,"0","2021-03-28 06:15:00"
"114009",34,"0","2021-03-28 06:30:00"
"114736",34,"1.583","2021-05-06 05:45:00"
"114846",34,"0.68","2021-05-06 06:00:00"
"114739",34,"0.1","2021-03-28 08:45:00"
"114845",34,"0.66","2021-03-28 09:00:00"
"114946",34,"0.78","2021-03-28 09:15:00"
"114960",34,"0.14","2021-05-06 06:15:00"
"115050",34,"0","2021-05-06 06:30:00"
"115174",34,"0","2021-05-06 06:45:00"
"115072",34,"0.89","2021-03-28 09:30:00"
"115166",34,"0.66","2021-03-28 09:45:00"
"115671",34,"0","2021-05-06 08:45:00"
"115725",34,"0.03","2021-05-06 09:00:00"
"115779",34,"0.16","2021-05-06 09:15:00"
"115881",34,"1.667","2021-02-23 15:30:00"
"115935",34,"1.907","2021-02-23 15:45:00"
"115989",34,"1.6280000000000001","2021-02-23 16:00:00"
"116043",34,"1.695","2021-02-23 16:15:00"
"116097",34,"1.223","2021-02-23 16:30:00"
"116151",34,"1.407","2021-02-23 16:45:00"
"116205",34,"1.351","2021-02-23 17:00:00"
"116259",34,"0.78","2021-02-23 17:15:00"
"116857",34,"1.432","2021-06-17 20:15:00"
"116911",34,"2.218","2021-06-17 20:30:00"
"116965",34,"2.135","2021-06-17 20:45:00"
"117019",34,"2.228","2021-06-17 21:00:00"
"117073",34,"2.391","2021-06-17 21:15:00"
"117127",34,"2.271","2021-06-17 21:30:00"
"117181",34,"0.54","2021-06-17 21:45:00"
"117235",34,"0","2021-06-17 22:00:00"
"117289",34,"0","2021-06-17 22:15:00"
"117343",34,"0","2021-06-17 22:30:00"
"117397",34,"0.05","2021-06-17 22:45:00"
"118535",34,"0.73","2021-05-06 12:45:00"
"118589",34,"2.3529999999999998","2021-05-06 13:00:00"
"118643",34,"2.677","2021-05-06 13:15:00"
"118697",34,"3.598","2021-05-06 13:30:00"
"118751",34,"4.509","2021-05-06 13:45:00"
"121805",34,"4.178","2021-05-06 14:00:00"
"121859",34,"4.171","2021-05-06 14:15:00"
"118927",34,"0.7000000000000001","2021-03-28 10:45:00"
"118981",34,"0.97","2021-03-28 11:00:00"
"120177",34,"1.768","2021-02-23 21:30:00"
"120231",34,"1.7730000000000001","2021-02-23 21:45:00"
"120285",34,"1.623","2021-02-23 22:00:00"
"120339",34,"1.391","2021-02-23 22:15:00"
"120393",34,"1.314","2021-02-23 22:30:00"
"120447",34,"1.3679999999999999","2021-02-23 22:45:00"
"120501",34,"0.04","2021-02-23 23:00:00"
"120555",34,"0.26","2021-02-23 23:15:00"
"120609",34,"1.15","2021-02-23 23:30:00"
"120663",34,"1.562","2021-02-23 23:45:00"
"121913",34,"4.765","2021-05-06 14:30:00"
"121967",34,"4.894","2021-05-06 14:45:00"
"122021",34,"3.988","2021-05-06 15:00:00"
"122075",34,"4.745","2021-05-06 15:15:00"
"122129",34,"4.463","2021-05-06 15:30:00"
"122183",34,"4.966","2021-05-06 15:45:00"
"122237",34,"5.552","2021-05-06 16:00:00"
"122291",34,"4.973","2021-05-06 16:15:00"
"122345",34,"5.222","2021-05-06 16:30:00"
"122399",34,"5.872","2021-05-06 16:45:00"
"122453",34,"6.038","2021-05-06 17:00:00"
"123992",34,"1.596","2021-06-18 06:30:00"
"124143",34,"1.752","2021-06-18 06:45:00"
"124269",34,"2.114","2021-06-18 07:00:00"
"124205",34,"0.8200000000000001","2021-03-28 17:30:00"
"124357",34,"2.13","2021-03-28 17:45:00"
"124494",34,"1.001","2021-03-28 18:00:00"
"124303",34,"2.162","2021-02-24 02:30:00"
"124518",34,"1.425","2021-02-24 02:45:00"
"124687",34,"1.297","2021-02-24 03:00:00"
"124421",34,"2.199","2021-06-18 07:15:00"
"124571",34,"2.278","2021-06-18 07:30:00"
"125773",34,"2.786","2021-06-18 09:45:00"
"128827",34,"2.515","2021-06-18 10:00:00"
"128881",34,"2.649","2021-06-18 10:15:00"
"125885",34,"4.12","2021-05-06 19:00:00"
"125939",34,"3.751","2021-05-06 19:15:00"
"125993",34,"5.442","2021-05-06 19:30:00"
"126047",34,"4.724","2021-05-06 19:45:00"
"126101",34,"4.509","2021-05-06 20:00:00"
"126155",34,"4.328","2021-05-06 20:15:00"
"126209",34,"4.475","2021-05-06 20:30:00"
"126263",34,"3.002","2021-05-06 20:45:00"
"127400",34,"1.317","2021-03-28 21:30:00"
"127489",34,"1.325","2021-03-28 21:45:00"
"127474",34,"1.7530000000000001","2021-02-24 05:45:00"
"127591",34,"1.892","2021-02-24 06:00:00"
"127588",34,"0","2021-03-28 22:00:00"
"127680",34,"0","2021-03-28 22:15:00"
"127772",34,"0.37","2021-03-28 22:30:00"
"127725",34,"2.166","2021-02-24 06:15:00"
"127826",34,"2.098","2021-02-24 06:30:00"
"127932",34,"2.058","2021-02-24 06:45:00"
"128935",34,"2.194","2021-06-18 10:30:00"
"128989",34,"2.678","2021-06-18 10:45:00"
"129043",34,"1.979","2021-06-18 11:00:00"
"129097",34,"2.336","2021-06-18 11:15:00"
"129184",34,"2.576","2021-06-18 11:30:00"
"129310",34,"2.438","2021-06-18 11:45:00"
"129419",34,"2.42","2021-06-18 12:00:00"
"129258",34,"2.34","2021-05-06 23:30:00"
"129359",34,"2.893","2021-05-06 23:45:00"
"129459",34,"2.967","2021-05-07 00:00:00"
"130559",34,"3.4859999999999998","2021-05-07 02:45:00"
"130613",34,"3.32","2021-05-07 03:00:00"
"130667",34,"4.089","2021-05-07 03:15:00"
"130721",34,"4.048","2021-05-07 03:30:00"
"130775",34,"3.83","2021-05-07 03:45:00"
"130897",34,"0.24","2021-03-29 00:30:00"
"130951",34,"0","2021-03-29 00:45:00"
"131005",34,"0","2021-03-29 01:00:00"
"131059",34,"0","2021-03-29 01:15:00"
"131113",34,"0","2021-03-29 01:30:00"
"131167",34,"0","2021-03-29 01:45:00"
"132321",34,"0.17","2021-06-18 14:45:00"
"132432",34,"0","2021-06-18 15:00:00"
"132544",34,"0.07","2021-06-18 15:15:00"
"132443",34,"2.615","2021-02-24 12:00:00"
"132543",34,"2.409","2021-02-24 12:15:00"
"132629",34,"3.002","2021-02-24 12:30:00"
"132672",34,"0","2021-06-18 15:30:00"
"132761",34,"1.8130000000000002","2021-06-18 15:45:00"
"132868",34,"1.691","2021-06-18 16:00:00"
"132758",34,"1.944","2021-02-24 12:45:00"
"132867",34,"0.68","2021-02-24 13:00:00"
"132970",34,"2.807","2021-02-24 13:15:00"
"133991",34,"1.788","2021-05-07 04:45:00"
"134045",34,"1.6920000000000002","2021-05-07 05:00:00"
"134099",34,"2.933","2021-05-07 05:15:00"
"134153",34,"3.374","2021-05-07 05:30:00"
"134207",34,"3.047","2021-05-07 05:45:00"
"134261",34,"1.312","2021-05-07 06:00:00"
"134315",34,"1.399","2021-05-07 06:15:00"
"134393",34,"2.668","2021-05-07 06:30:00"
"134525",34,"2.658","2021-05-07 06:45:00"
"134688",34,"2.032","2021-05-07 07:00:00"
"135571",34,"0","2021-03-29 08:15:00"
"135625",34,"0","2021-03-29 08:30:00"
"135679",34,"0.5700000000000001","2021-03-29 08:45:00"
"135733",34,"0.8300000000000001","2021-03-29 09:00:00"
"136029",34,"1.297","2021-03-29 09:15:00"
"135903",34,"1.9769999999999999","2021-02-24 14:45:00"
"135957",34,"2.614","2021-02-24 15:00:00"
"136091",34,"1.3519999999999999","2021-02-24 15:15:00"
"136295",34,"1.631","2021-02-24 15:30:00"
"136497",34,"1.581","2021-02-24 15:45:00"
"137267",34,"1.45","2021-06-18 20:30:00"
"137469",34,"0.26","2021-06-18 20:45:00"
"137662",34,"0","2021-06-18 21:00:00"
"137325",34,"1.055","2021-03-29 10:45:00"
"137525",34,"1.3679999999999999","2021-03-29 11:00:00"
"137777",34,"1.067","2021-03-29 11:15:00"
"137731",34,"1.842","2021-02-24 17:15:00"
"137845",34,"2.2640000000000002","2021-05-07 10:30:00"
"138026",34,"3.147","2021-05-07 10:45:00"
"138235",34,"2.939","2021-05-07 11:00:00"
"139028",34,"2.516","2021-02-24 18:45:00"
"139085",34,"1.851","2021-03-29 12:45:00"
"139242",34,"3.825","2021-03-29 13:00:00"
"139388",34,"3.302","2021-03-29 13:15:00"
"139545",34,"4.234","2021-03-29 13:30:00"
"139260",34,"1.7109999999999999","2021-05-07 12:15:00"
"139428",34,"2.116","2021-05-07 12:30:00"
"139596",34,"2.622","2021-05-07 12:45:00"
"139356",34,"1.734","2021-06-18 23:00:00"
"139517",34,"1.6099999999999999","2021-06-18 23:15:00"
"140684",34,"2.213","2021-06-19 01:45:00"
"140773",34,"1.8940000000000001","2021-06-19 02:00:00"
"140951",34,"2.182","2021-06-19 02:15:00"
"141119",34,"2.5700000000000003","2021-05-07 13:15:00"
"141358",34,"2.8280000000000003","2021-05-07 13:30:00"
"140906",34,"3.623","2021-02-24 19:00:00"
"141071",34,"3.597","2021-02-24 19:15:00"
"141030",34,"4.74","2021-03-29 16:30:00"
"141244",34,"3.649","2021-03-29 16:45:00"
"141458",34,"1.076","2021-03-29 17:00:00"
"142316",34,"0.01","2021-06-19 03:45:00"
"142556",34,"0.28","2021-06-19 04:00:00"
"142270",34,"2.642","2021-05-07 14:30:00"
"142473",34,"2.9530000000000003","2021-05-07 14:45:00"
"142685",34,"3.22","2021-05-07 15:00:00"
"142668",34,"1.915","2021-02-24 21:15:00"
"142834",34,"2.268","2021-02-24 21:30:00"
"142941",34,"2.114","2021-02-24 21:45:00"
"143785",34,"6.898","2021-03-29 18:30:00"
"143839",34,"5.227","2021-03-29 18:45:00"
"143893",34,"3.416","2021-03-29 19:00:00"
"144668",34,"3.568","2021-05-07 17:45:00"
"144827",34,"3.314","2021-05-07 18:00:00"
"143947",34,"2.888","2021-03-29 19:15:00"
"144001",34,"2.697","2021-03-29 19:30:00"
"144055",34,"0.72","2021-03-29 19:45:00"
"144131",34,"0.85","2021-03-29 20:00:00"
"144250",34,"2.479","2021-03-29 20:15:00"
"144356",34,"2.213","2021-03-29 20:30:00"
"144449",34,"1.177","2021-03-29 20:45:00"
"145510",34,"3.982","2021-05-07 19:00:00"
"145659",34,"3.395","2021-05-07 19:15:00"
"145832",34,"2.972","2021-05-07 19:30:00"
"145798",34,"0","2021-06-19 07:30:00"
"145933",34,"0","2021-06-19 07:45:00"
"146070",34,"0","2021-06-19 08:00:00"
"145971",34,"3.103","2021-05-07 19:45:00"
"146093",34,"3.515","2021-05-07 20:00:00"
"145952",34,"0.7000000000000001","2021-03-29 23:00:00"
"147811",34,"1.7469999999999999","2021-03-29 23:15:00"
"147865",34,"1.596","2021-03-29 23:30:00"
"147711",34,"0.39","2021-02-25 03:45:00"
"147765",34,"1.478","2021-02-25 04:00:00"
"150819",34,"1.7530000000000001","2021-02-25 04:15:00"
"147919",34,"1.948","2021-03-29 23:45:00"
"147973",34,"2.063","2021-03-30 00:00:00"
"148027",34,"1.623","2021-03-30 00:15:00"
"148081",34,"1.755","2021-03-30 00:30:00"
"148136",34,"2.133","2021-03-30 00:45:00"
"148235",34,"2.057","2021-03-30 01:00:00"
"148338",34,"1.9969999999999999","2021-03-30 01:15:00"
"149473",34,"0.64","2021-05-08 01:30:00"
"149527",34,"0","2021-05-08 01:45:00"
"149581",34,"0","2021-05-08 02:00:00"
"149635",34,"0.53","2021-05-08 02:15:00"
"149689",34,"1.859","2021-05-08 02:30:00"
"149743",34,"1.289","2021-05-08 02:45:00"
"152011",34,"1.5390000000000001","2021-05-08 03:00:00"
"149903",34,"2.217","2021-06-19 09:30:00"
"149957",34,"2.265","2021-06-19 09:45:00"
"151143",34,"1.623","2021-02-25 05:45:00"
"151197",34,"1.5150000000000001","2021-02-25 06:00:00"
"151251",34,"1.647","2021-02-25 06:15:00"
"151305",34,"1.471","2021-02-25 06:30:00"
"151359",34,"1.6059999999999999","2021-02-25 06:45:00"
"151413",34,"1.963","2021-02-25 07:00:00"
"151467",34,"2.127","2021-02-25 07:15:00"
"151521",34,"2.208","2021-02-25 07:30:00"
"151575",34,"2.215","2021-02-25 07:45:00"
"151629",34,"1.724","2021-02-25 08:00:00"
"152898",34,"0.04","2021-03-30 06:45:00"
"152997",34,"0","2021-03-30 07:00:00"
"152416",34,"0.85","2021-05-08 04:00:00"
"152535",34,"0.01","2021-05-08 04:15:00"
"152571",34,"1.7770000000000001","2021-03-30 06:00:00"
"152667",34,"1.008","2021-03-30 06:15:00"
"152782",34,"0.59","2021-03-30 06:30:00"
"152660",34,"0.28","2021-05-08 04:30:00"
"152761",34,"1.883","2021-05-08 04:45:00"
"152862",34,"1.9580000000000002","2021-05-08 05:00:00"
"161443",34,"4.772","2021-05-08 15:15:00"
"161497",34,"4.012","2021-05-08 15:30:00"
"161551",34,"3.5220000000000002","2021-05-08 15:45:00"
"161605",34,"4.13","2021-05-08 16:00:00"
"161659",34,"3.322","2021-05-08 16:15:00"
"161713",34,"2.747","2021-05-08 16:30:00"
"161767",34,"4.147","2021-05-08 16:45:00"
"163669",34,"3.726","2021-05-08 17:00:00"
"161927",34,"0.54","2021-06-19 23:30:00"
"161981",34,"1.333","2021-06-19 23:45:00"
"162035",34,"1.24","2021-06-20 00:00:00"
"163184",34,"1.384","2021-02-25 19:00:00"
"163271",34,"1.792","2021-02-25 19:15:00"
"163350",34,"2.093","2021-02-25 19:30:00"
"163426",34,"1.767","2021-02-25 19:45:00"
"163497",34,"1.488","2021-02-25 20:00:00"
"163580",34,"1.541","2021-02-25 20:15:00"
"163559",34,"2.792","2021-03-30 19:00:00"
"163757",34,"2.267","2021-03-30 19:15:00"
"163759",34,"0.03","2021-02-25 20:30:00"
"163794",34,"3.713","2021-05-08 17:15:00"
"165329",34,"3.626","2021-05-08 20:45:00"
"165408",34,"3.384","2021-05-08 21:00:00"
"165486",34,"3.358","2021-05-08 21:15:00"
"167059",34,"3.667","2021-05-08 21:30:00"
"167248",34,"3.791","2021-05-08 21:45:00"
"165617",34,"2.192","2021-03-30 21:30:00"
"165671",34,"2.236","2021-03-30 21:45:00"
"165725",34,"2.32","2021-03-30 22:00:00"
"165779",34,"2.2880000000000003","2021-03-30 22:15:00"
"168491",34,"1.609","2021-03-30 22:30:00"
"167118",34,"4.483","2021-02-26 00:00:00"
"167188",34,"3.8200000000000003","2021-02-26 00:15:00"
"167267",34,"3.197","2021-02-26 00:30:00"
"167345",34,"2.93","2021-02-26 00:45:00"
"167423",34,"2.702","2021-02-26 01:00:00"
"167420",34,"4.349","2021-05-08 22:00:00"
"167581",34,"4.904","2021-05-08 22:15:00"
"167504",34,"2.683","2021-02-26 01:15:00"
"167585",34,"2.746","2021-02-26 01:30:00"
"168789",34,"3.698","2021-05-09 01:15:00"
"168902",34,"3.61","2021-05-09 01:30:00"
"168949",34,"0","2021-03-30 23:30:00"
"169052",34,"1.4","2021-03-30 23:45:00"
"169014",34,"3.137","2021-05-09 01:45:00"
"169120",34,"2.884","2021-05-09 02:00:00"
"170939",34,"2.886","2021-05-09 02:15:00"
"169157",34,"1.8780000000000001","2021-03-31 00:00:00"
"169211",34,"0.46","2021-03-31 00:15:00"
"169265",34,"0.17","2021-03-31 00:30:00"
"170411",34,"2.347","2021-06-20 11:00:00"
"170465",34,"2.313","2021-06-20 11:15:00"
"170519",34,"2.691","2021-06-20 11:30:00"
"170573",34,"2.874","2021-06-20 11:45:00"
"170627",34,"2.732","2021-06-20 12:00:00"
"170681",34,"3.008","2021-06-20 12:15:00"
"170735",34,"2.2800000000000002","2021-06-20 12:30:00"
"173789",34,"2.58","2021-06-20 12:45:00"
"170863",34,"1.095","2021-03-31 03:15:00"
"170981",34,"1.5550000000000002","2021-03-31 03:30:00"
"172250",34,"3.922","2021-02-26 04:30:00"
"172511",34,"4.37","2021-02-26 04:45:00"
"172199",34,"1.311","2021-03-31 05:45:00"
"172328",34,"0.13","2021-03-31 06:00:00"
"172459",34,"0","2021-03-31 06:15:00"
"172455",34,"1.601","2021-05-09 05:00:00"
"172593",34,"1.72","2021-05-09 05:15:00"
"172597",34,"0","2021-03-31 06:30:00"
"172744",34,"0.06","2021-03-31 06:45:00"
"173843",34,"2.7030000000000003","2021-06-20 13:00:00"
"173897",34,"1.685","2021-06-20 13:15:00"
"173951",34,"1.591","2021-06-20 13:30:00"
"174005",34,"1.116","2021-06-20 13:45:00"
"174059",34,"1.513","2021-06-20 14:00:00"
"174113",34,"0.7000000000000001","2021-06-20 14:15:00"
"174167",34,"1.787","2021-06-20 14:30:00"
"174221",34,"2.311","2021-06-20 14:45:00"
"174275",34,"0.35000000000000003","2021-06-20 15:00:00"
"174329",34,"1.418","2021-06-20 15:15:00"
"175371",34,"2.422","2021-03-31 10:15:00"
"175425",34,"2.3","2021-03-31 10:30:00"
"175479",34,"2.169","2021-03-31 10:45:00"
"175533",34,"2.242","2021-03-31 11:00:00"
"175587",34,"1.462","2021-03-31 11:15:00"
"175641",34,"2.251","2021-03-31 11:30:00"
"175696",34,"1.6219999999999999","2021-03-31 11:45:00"
"175775",34,"1.655","2021-03-31 12:00:00"
"178061",34,"1.823","2021-03-31 12:15:00"
"178194",34,"0.35000000000000003","2021-03-31 12:30:00"
"176945",34,"6.197","2021-02-26 10:45:00"
"177048",34,"5.573","2021-02-26 11:00:00"
"177157",34,"5.537","2021-02-26 11:15:00"
"177083",34,"3.633","2021-05-09 09:30:00"
"177189",34,"3.636","2021-05-09 09:45:00"
"177281",34,"5.214","2021-02-26 11:30:00"
"177378",34,"4.715","2021-02-26 11:45:00"
"177282",34,"3.713","2021-05-09 10:00:00"
"177403",34,"3.557","2021-05-09 10:15:00"
"177632",34,"3.303","2021-05-09 10:30:00"
"178694",34,"1.824","2021-03-31 14:00:00"
"178748",34,"2.014","2021-03-31 14:15:00"
"178802",34,"2.041","2021-03-31 14:30:00"
"178856",34,"1.6960000000000002","2021-03-31 14:45:00"
"178910",34,"1.631","2021-03-31 15:00:00"
"179046",34,"0.98","2021-06-20 20:00:00"
"179155",34,"0.31","2021-06-20 20:15:00"
"178995",34,"0.43","2021-03-31 15:15:00"
"179112",34,"0.78","2021-03-31 15:30:00"
"179220",34,"0.93","2021-03-31 15:45:00"
"180382",34,"1.5310000000000001","2021-05-09 14:00:00"
"180453",34,"2.454","2021-05-09 14:15:00"
"180508",34,"5.232","2021-02-26 12:45:00"
"180648",34,"4.066","2021-02-26 13:00:00"
"180535",34,"2.151","2021-05-09 14:30:00"
"180622",34,"1.459","2021-05-09 14:45:00"
"180705",34,"1.778","2021-05-09 15:00:00"
"180799",34,"2.223","2021-05-09 15:15:00"
"180881",34,"1.418","2021-05-09 15:30:00"
"181497",34,"3.883","2021-02-26 14:45:00"
"181670",34,"2.333","2021-02-26 15:00:00"
"181573",34,"0.81","2021-06-20 23:15:00"
"181650",34,"0","2021-06-20 23:30:00"
"181730",34,"0","2021-06-20 23:45:00"
"181799",34,"0","2021-06-21 00:00:00"
"181879",34,"0","2021-06-21 00:15:00"
"181853",34,"2.7030000000000003","2021-02-26 15:15:00"
"181993",34,"2.537","2021-02-26 15:30:00"
"182101",34,"3.154","2021-02-26 15:45:00"
"182516",34,"0","2021-06-21 01:45:00"
"182627",34,"0","2021-06-21 02:00:00"
"184956",34,"4.451","2021-02-26 17:15:00"
"185062",34,"3.934","2021-02-26 17:30:00"
"182705",34,"0.39","2021-06-21 02:15:00"
"182759",34,"0.56","2021-06-21 02:30:00"
"184813",34,"0","2021-06-21 02:45:00"
"182883",34,"3.594","2021-03-31 17:15:00"
"182937",34,"3.268","2021-03-31 17:30:00"
"182991",34,"3.133","2021-03-31 17:45:00"
"184167",34,"0.78","2021-05-09 17:45:00"
"184221",34,"1.27","2021-05-09 18:00:00"
"184275",34,"1.186","2021-05-09 18:15:00"
"184329",34,"0.48","2021-05-09 18:30:00"
"184383",34,"1.233","2021-05-09 18:45:00"
"184437",34,"1.842","2021-05-09 19:00:00"
"184491",34,"2.527","2021-05-09 19:15:00"
"184545",34,"2.279","2021-05-09 19:30:00"
"184599",34,"1.9420000000000002","2021-05-09 19:45:00"
"184653",34,"1.883","2021-05-09 20:00:00"
"185929",34,"0","2021-06-21 05:30:00"
"186126",34,"0","2021-06-21 05:45:00"
"186344",34,"0","2021-06-21 06:00:00"
"185996",34,"3.948","2021-02-26 18:30:00"
"186174",34,"3.025","2021-02-26 18:45:00"
"186172",34,"0","2021-03-31 23:00:00"
"186299",34,"0","2021-03-31 23:15:00"
"186429",34,"0.12","2021-03-31 23:30:00"
"186337",34,"3.581","2021-02-26 19:00:00"
"186458",34,"3.672","2021-02-26 19:15:00"
"186607",34,"4.942","2021-02-26 19:30:00"
"187568",34,"0","2021-04-01 01:30:00"
"187664",34,"0.07","2021-04-01 01:45:00"
"187765",34,"0","2021-04-01 02:00:00"
"189425",34,"3.503","2021-02-26 21:45:00"
"189647",34,"3.012","2021-02-26 22:00:00"
"187869",34,"1.932","2021-05-09 21:00:00"
"187923",34,"1.859","2021-05-09 21:15:00"
"187977",34,"1.8980000000000001","2021-05-09 21:30:00"
"188031",34,"1.901","2021-05-09 21:45:00"
"188085",34,"1.5270000000000001","2021-05-09 22:00:00"
"189261",34,"0","2021-04-01 02:15:00"
"189353",34,"0","2021-04-01 02:30:00"
"189270",34,"1.292","2021-06-21 09:15:00"
"189390",34,"1.654","2021-06-21 09:30:00"
"189529",34,"2.107","2021-06-21 09:45:00"
"189474",34,"0","2021-04-01 02:45:00"
"189605",34,"0","2021-04-01 03:00:00"
"189755",34,"0.30000000000000004","2021-04-01 03:15:00"
"189686",34,"1.983","2021-06-21 10:00:00"
"189838",34,"0.62","2021-06-21 10:15:00"
"189996",34,"3.325","2021-06-21 10:30:00"
"191415",34,"3.291","2021-06-21 12:00:00"
"191607",34,"3.056","2021-06-21 12:15:00"
"191046",34,"2.262","2021-02-27 00:15:00"
"191157",34,"2.716","2021-02-27 00:30:00"
"191095",34,"0","2021-04-01 05:30:00"
"191203",34,"0","2021-04-01 05:45:00"
"191263",34,"2.952","2021-02-27 00:45:00"
"191309",34,"0","2021-04-01 06:00:00"
"191460",34,"3.596","2021-02-27 01:00:00"
"191470",34,"0","2021-04-01 06:15:00"
"195200",34,"2.02","2021-02-27 02:30:00"
"195275",34,"2.101","2021-02-27 02:45:00"
"192661",34,"0","2021-05-10 02:45:00"
"192826",34,"0","2021-05-10 03:00:00"
"192691",34,"2.872","2021-06-21 14:30:00"
"192775",34,"2.768","2021-06-21 14:45:00"
"192854",34,"2.8369999999999997","2021-06-21 15:00:00"
"192939",34,"2.56","2021-06-21 15:15:00"
"193013",34,"2.875","2021-06-21 15:30:00"
"194015",34,"0","2021-04-01 07:45:00"
"194069",34,"0","2021-04-01 08:00:00"
"194123",34,"1.6760000000000002","2021-04-01 08:15:00"
"194177",34,"2.258","2021-04-01 08:30:00"
"194231",34,"2.318","2021-04-01 08:45:00"
"194285",34,"2.248","2021-04-01 09:00:00"
"194339",34,"2.74","2021-04-01 09:15:00"
"194393",34,"3.243","2021-04-01 09:30:00"
"194447",34,"2.932","2021-04-01 09:45:00"
"194501",34,"2.868","2021-04-01 10:00:00"
"195783",34,"2.351","2021-02-27 04:15:00"
"151737",34,"1.238","2021-02-25 08:30:00"
"151837",34,"1.908","2021-03-30 04:00:00"
"151891",34,"1.988","2021-03-30 04:15:00"
"151945",34,"1.843","2021-03-30 04:30:00"
"152021",34,"1.8010000000000002","2021-03-30 04:45:00"
"152132",34,"1.728","2021-03-30 05:00:00"
"152263",34,"1.776","2021-03-30 05:15:00"
"152114",34,"1.87","2021-05-08 03:15:00"
"152214",34,"0.16","2021-05-08 03:30:00"
"152301",34,"0.14","2021-05-08 03:45:00"
"153430",34,"0","2021-03-30 08:00:00"
"153505",34,"0","2021-03-30 08:15:00"
"153553",34,"1.7570000000000001","2021-05-08 06:30:00"
"153607",34,"0.66","2021-05-08 06:45:00"
"153661",34,"0","2021-05-08 07:00:00"
"153715",34,"0","2021-05-08 07:15:00"
"153769",34,"0","2021-05-08 07:30:00"
"153875",34,"1.229","2021-06-19 14:00:00"
"153929",34,"0.12","2021-06-19 14:15:00"
"154523",34,"0","2021-06-19 17:00:00"
"154577",34,"0","2021-06-19 17:15:00"
"154631",34,"0","2021-06-19 17:30:00"
"154685",34,"0","2021-06-19 17:45:00"
"154739",34,"0","2021-06-19 18:00:00"
"157793",34,"0.62","2021-06-19 18:15:00"
"154791",34,"1.67","2021-02-25 08:45:00"
"154845",34,"1.377","2021-02-25 09:00:00"
"154899",34,"1.9020000000000001","2021-02-25 09:15:00"
"154972",34,"2.757","2021-02-25 09:30:00"
"155050",34,"2.063","2021-02-25 09:45:00"
"155159",34,"2.126","2021-02-25 10:00:00"
"155571",34,"0.26","2021-03-30 09:45:00"
"155674",34,"0.84","2021-03-30 10:00:00"
"155781",34,"0.81","2021-03-30 10:15:00"
"155802",34,"1.8170000000000002","2021-02-25 11:30:00"
"155916",34,"2.318","2021-02-25 11:45:00"
"155882",34,"1.22","2021-03-30 10:30:00"
"155990",34,"1.056","2021-03-30 10:45:00"
"156094",34,"2.648","2021-03-30 11:00:00"
"156031",34,"1.889","2021-02-25 12:00:00"
"156129",34,"1.5550000000000002","2021-02-25 12:15:00"
"156232",34,"2.087","2021-02-25 12:30:00"
"156625",34,"2.174","2021-02-25 13:15:00"
"158907",34,"2.291","2021-02-25 13:30:00"
"159004",34,"1.516","2021-02-25 13:45:00"
"156823",34,"0","2021-05-08 07:45:00"
"156877",34,"0","2021-05-08 08:00:00"
"156931",34,"0","2021-05-08 08:15:00"
"156985",34,"0.75","2021-05-08 08:30:00"
"157039",34,"2.428","2021-05-08 08:45:00"
"157093",34,"2.187","2021-05-08 09:00:00"
"157147",34,"2.662","2021-05-08 09:15:00"
"160224",34,"4.493","2021-05-08 12:15:00"
"160419",34,"4.452","2021-05-08 12:30:00"
"157847",34,"1.488","2021-06-19 18:30:00"
"157901",34,"0.75","2021-06-19 18:45:00"
"157955",34,"0","2021-06-19 19:00:00"
"158009",34,"0","2021-06-19 19:15:00"
"158063",34,"1.601","2021-06-19 19:30:00"
"158117",34,"1.629","2021-06-19 19:45:00"
"158171",34,"0.46","2021-06-19 20:00:00"
"158765",34,"0.72","2021-06-19 22:45:00"
"161819",34,"0.05","2021-06-19 23:00:00"
"161873",34,"0.1","2021-06-19 23:15:00"
"158781",34,"3.925","2021-03-30 13:00:00"
"158835",34,"3.823","2021-03-30 13:15:00"
"158957",34,"3.795","2021-03-30 13:30:00"
"159066",34,"3.572","2021-03-30 13:45:00"
"159176",34,"4.401","2021-03-30 14:00:00"
"159280",34,"4.155","2021-03-30 14:15:00"
"159108",34,"1.8860000000000001","2021-02-25 14:00:00"
"159211",34,"0.48","2021-02-25 14:15:00"
"159934",34,"4.288","2021-03-30 15:45:00"
"160039",34,"4.233","2021-03-30 16:00:00"
"159972",34,"1.131","2021-02-25 16:00:00"
"160082",34,"1.4889999999999999","2021-02-25 16:15:00"
"160148",34,"4.156","2021-03-30 16:15:00"
"160299",34,"3.98","2021-03-30 16:30:00"
"160439",34,"3.769","2021-03-30 16:45:00"
"160187",34,"2.308","2021-02-25 16:30:00"
"160337",34,"1.861","2021-02-25 16:45:00"
"160484",34,"0.09","2021-02-25 17:00:00"
"160958",34,"0","2021-02-25 17:45:00"
"162858",34,"1.8250000000000002","2021-02-25 18:00:00"
"162938",34,"2.683","2021-02-25 18:15:00"
"160951",34,"4.63","2021-05-08 13:15:00"
"161065",34,"4.4","2021-05-08 13:30:00"
"161119",34,"4.844","2021-05-08 13:45:00"
"161173",34,"4.158","2021-05-08 14:00:00"
"161227",34,"3.813","2021-05-08 14:15:00"
"161281",34,"3.947","2021-05-08 14:30:00"
"161335",34,"3.848","2021-05-08 14:45:00"
"161389",34,"4.063","2021-05-08 15:00:00"
"162629",34,"3.327","2021-06-20 02:45:00"
"162683",34,"2.717","2021-06-20 03:00:00"
"162737",34,"2.746","2021-06-20 03:15:00"
"165791",34,"2.933","2021-06-20 03:30:00"
"165845",34,"3.032","2021-06-20 03:45:00"
"163019",34,"0.35000000000000003","2021-02-25 18:30:00"
"163099",34,"1.589","2021-02-25 18:45:00"
"163056",34,"3.5540000000000003","2021-03-30 18:15:00"
"163214",34,"2.898","2021-03-30 18:30:00"
"163367",34,"1.9420000000000002","2021-03-30 18:45:00"
"164330",34,"0.22","2021-02-25 21:30:00"
"164472",34,"5.698","2021-02-25 21:45:00"
"164560",34,"4.077","2021-05-08 18:45:00"
"164684",34,"4.28","2021-05-08 19:00:00"
"164824",34,"4.594","2021-05-08 19:15:00"
"164612",34,"6.767","2021-02-25 22:00:00"
"164731",34,"6.129","2021-02-25 22:15:00"
"164845",34,"4.859","2021-02-25 22:30:00"
"164905",34,"2.568","2021-03-30 20:15:00"
"165081",34,"2.331","2021-03-30 20:30:00"
"166439",34,"2.8200000000000003","2021-06-20 06:30:00"
"166493",34,"2.691","2021-06-20 06:45:00"
"166547",34,"2.8810000000000002","2021-06-20 07:00:00"
"166601",34,"2.577","2021-06-20 07:15:00"
"166655",34,"2.928","2021-06-20 07:30:00"
"166709",34,"2.104","2021-06-20 07:45:00"
"166763",34,"2.47","2021-06-20 08:00:00"
"169817",34,"1.953","2021-06-20 08:15:00"
"166923",34,"3.877","2021-02-25 23:15:00"
"166977",34,"4.812","2021-02-25 23:30:00"
"167037",34,"4.875","2021-02-25 23:45:00"
"170933",34,"3.627","2021-02-26 03:15:00"
"171177",34,"3.475","2021-02-26 03:30:00"
"168253",34,"4.598","2021-05-08 23:45:00"
"168333",34,"5.119","2021-05-09 00:00:00"
"168388",34,"4.734","2021-05-09 00:15:00"
"168496",34,"3.402","2021-05-09 00:30:00"
"168590",34,"3.997","2021-05-09 00:45:00"
"168688",34,"4.582","2021-05-09 01:00:00"
"168617",34,"1.5190000000000001","2021-03-30 22:45:00"
"168724",34,"1.274","2021-03-30 23:00:00"
"168838",34,"0","2021-03-30 23:15:00"
"169871",34,"2.358","2021-06-20 08:30:00"
"169925",34,"2.321","2021-06-20 08:45:00"
"169979",34,"3.182","2021-06-20 09:00:00"
"170033",34,"3.372","2021-06-20 09:15:00"
"170087",34,"3.362","2021-06-20 09:30:00"
"170141",34,"3.213","2021-06-20 09:45:00"
"170195",34,"2.626","2021-06-20 10:00:00"
"170249",34,"2.265","2021-06-20 10:15:00"
"170303",34,"2.69","2021-06-20 10:30:00"
"170357",34,"2.428","2021-06-20 10:45:00"
"171517",34,"0.45","2021-03-31 04:30:00"
"171642",34,"0.33","2021-03-31 04:45:00"
"171777",34,"0.46","2021-03-31 05:00:00"
"171770",34,"2.227","2021-05-09 03:45:00"
"171901",34,"2.124","2021-05-09 04:00:00"
"171927",34,"0.03","2021-03-31 05:15:00"
"172066",34,"0.64","2021-03-31 05:30:00"
"172037",34,"1.609","2021-05-09 04:15:00"
"172177",34,"1.3519999999999999","2021-05-09 04:30:00"
"172314",34,"1.3639999999999999","2021-05-09 04:45:00"
"173318",34,"3.002","2021-02-26 05:45:00"
"173381",34,"2.745","2021-02-26 06:00:00"
"173435",34,"2.785","2021-02-26 06:15:00"
"173489",34,"2.446","2021-02-26 06:30:00"
"173543",34,"3.126","2021-02-26 06:45:00"
"173597",34,"3.217","2021-02-26 07:00:00"
"173651",34,"3.588","2021-02-26 07:15:00"
"173705",34,"3.963","2021-02-26 07:30:00"
"173759",34,"3.7880000000000003","2021-02-26 07:45:00"
"175790",34,"4.28","2021-02-26 08:00:00"
"174831",34,"1.6480000000000001","2021-03-31 07:45:00"
"174885",34,"2.027","2021-03-31 08:00:00"
"174939",34,"2.231","2021-03-31 08:15:00"
"174993",34,"1.7930000000000001","2021-03-31 08:30:00"
"175047",34,"2.672","2021-03-31 08:45:00"
"175101",34,"2.078","2021-03-31 09:00:00"
"175155",34,"1.294","2021-03-31 09:15:00"
"175209",34,"2.252","2021-03-31 09:30:00"
"175263",34,"2.182","2021-03-31 09:45:00"
"175317",34,"1.506","2021-03-31 10:00:00"
"176401",34,"5.122","2021-02-26 09:30:00"
"176505",34,"5.816","2021-02-26 09:45:00"
"176614",34,"5.097","2021-02-26 10:00:00"
"176546",34,"2.192","2021-05-09 08:15:00"
"176649",34,"2.731","2021-05-09 08:30:00"
"176734",34,"5.585","2021-02-26 10:15:00"
"176833",34,"5.854","2021-02-26 10:30:00"
"176748",34,"3.133","2021-05-09 08:45:00"
"176867",34,"3.326","2021-05-09 09:00:00"
"176970",34,"3.829","2021-05-09 09:15:00"
"178291",34,"0","2021-06-20 19:15:00"
"178400",34,"0","2021-06-20 19:30:00"
"178934",34,"1.152","2021-06-20 19:45:00"
"178290",34,"4.225","2021-05-09 11:15:00"
"179817",34,"4.379","2021-05-09 11:30:00"
"179871",34,"4.084","2021-05-09 11:45:00"
"178332",34,"1.6","2021-03-31 12:45:00"
"178463",34,"1.661","2021-03-31 13:00:00"
"178532",34,"0.59","2021-03-31 13:15:00"
"178586",34,"1.8439999999999999","2021-03-31 13:30:00"
"178640",34,"2.04","2021-03-31 13:45:00"
"179733",34,"0.07","2021-06-20 21:45:00"
"181176",34,"0","2021-06-20 22:00:00"
"181252",34,"0.46","2021-06-20 22:15:00"
"179925",34,"3.998","2021-05-09 12:00:00"
"179979",34,"3.944","2021-05-09 12:15:00"
"180033",34,"3.548","2021-05-09 12:30:00"
"180087",34,"3.592","2021-05-09 12:45:00"
"180141",34,"3.966","2021-05-09 13:00:00"
"180195",34,"2.988","2021-05-09 13:15:00"
"180249",34,"1.939","2021-05-09 13:30:00"
"180304",34,"2.091","2021-05-09 13:45:00"
"180784",34,"4.718","2021-02-26 13:15:00"
"180949",34,"4.303","2021-02-26 13:30:00"
"181055",34,"3.74","2021-02-26 13:45:00"
"180961",34,"1.752","2021-05-09 15:45:00"
"183789",34,"1.241","2021-05-09 16:00:00"
"183843",34,"1.438","2021-05-09 16:15:00"
"181109",34,"4.183","2021-02-26 14:00:00"
"181164",34,"3.682","2021-02-26 14:15:00"
"181311",34,"3.8449999999999998","2021-02-26 14:30:00"
"181336",34,"1.953","2021-06-20 22:30:00"
"181415",34,"2.203","2021-06-20 22:45:00"
"181492",34,"1.533","2021-06-20 23:00:00"
"183045",34,"2.127","2021-03-31 18:00:00"
"183099",34,"1.734","2021-03-31 18:15:00"
"183153",34,"1.786","2021-03-31 18:30:00"
"183207",34,"1.659","2021-03-31 18:45:00"
"183261",34,"1.5270000000000001","2021-03-31 19:00:00"
"183315",34,"1.5859999999999999","2021-03-31 19:15:00"
"183369",34,"1.491","2021-03-31 19:30:00"
"183423",34,"1.18","2021-03-31 19:45:00"
"183477",34,"0.28","2021-03-31 20:00:00"
"183531",34,"0.11","2021-03-31 20:15:00"
"184707",34,"1.927","2021-05-09 20:15:00"
"184761",34,"1.7109999999999999","2021-05-09 20:30:00"
"187815",34,"1.826","2021-05-09 20:45:00"
"184867",34,"0","2021-06-21 03:00:00"
"184951",34,"0.64","2021-06-21 03:15:00"
"185057",34,"0.06","2021-06-21 03:30:00"
"185148",34,"2.067","2021-06-21 03:45:00"
"185202",34,"0.07","2021-06-21 04:00:00"
"185256",34,"0","2021-06-21 04:15:00"
"185310",34,"0.65","2021-06-21 04:30:00"
"185388",34,"0.12","2021-06-21 04:45:00"
"186581",34,"1.814","2021-06-21 06:15:00"
"186759",34,"2.167","2021-06-21 06:30:00"
"186585",34,"1.015","2021-03-31 23:45:00"
"186722",34,"1.401","2021-04-01 00:00:00"
"186783",34,"6.108","2021-02-26 19:45:00"
"186928",34,"5.665","2021-02-26 20:00:00"
"187113",34,"3.7279999999999998","2021-02-26 20:15:00"
"186901",34,"0.5700000000000001","2021-04-01 00:15:00"
"187052",34,"0","2021-04-01 00:30:00"
"187189",34,"0","2021-04-01 00:45:00"
"188139",34,"0.05","2021-05-09 22:15:00"
"188193",34,"2.769","2021-05-09 22:30:00"
"188247",34,"2.907","2021-05-09 22:45:00"
"188301",34,"2.38","2021-05-09 23:00:00"
"188355",34,"2.841","2021-05-09 23:15:00"
"188409",34,"3.276","2021-05-09 23:30:00"
"188463",34,"2.56","2021-05-09 23:45:00"
"188517",34,"1.888","2021-05-10 00:00:00"
"188571",34,"1.2770000000000001","2021-05-10 00:15:00"
"188625",34,"0.86","2021-05-10 00:30:00"
"189827",34,"2.457","2021-02-26 22:15:00"
"189989",34,"3.078","2021-02-26 22:30:00"
"190158",34,"3.615","2021-02-26 22:45:00"
"189920",34,"0","2021-04-01 03:30:00"
"190064",34,"0","2021-04-01 03:45:00"
"190229",34,"0","2021-04-01 04:00:00"
"190147",34,"3.253","2021-06-21 10:45:00"
"190363",34,"2.661","2021-06-21 11:00:00"
"190295",34,"3.078","2021-02-26 23:00:00"
"190456",34,"2.918","2021-02-26 23:15:00"
"191621",34,"0","2021-04-01 06:30:00"
"193799",34,"0","2021-04-01 06:45:00"
"191665",34,"0","2021-05-10 01:30:00"
"191857",34,"0","2021-05-10 01:45:00"
"191734",34,"4.142","2021-02-27 01:15:00"
"191915",34,"3.849","2021-02-27 01:30:00"
"191795",34,"2.537","2021-06-21 12:30:00"
"191922",34,"3.157","2021-06-21 12:45:00"
"192036",34,"3.005","2021-06-21 13:00:00"
"192989",34,"0.47000000000000003","2021-05-10 03:15:00"
"193148",34,"1.482","2021-05-10 03:30:00"
"193327",34,"1.732","2021-05-10 03:45:00"
"193092",34,"2.9619999999999997","2021-06-21 15:45:00"
"193176",34,"3.083","2021-06-21 16:00:00"
"193245",34,"3.067","2021-06-21 16:15:00"
"194783",34,"2.7960000000000003","2021-06-21 16:30:00"
"194837",34,"2.342","2021-06-21 16:45:00"
"193381",34,"1.433","2021-05-10 04:00:00"
"193435",34,"0.5","2021-05-10 04:15:00"
"193489",34,"1.027","2021-05-10 04:30:00"
"194555",34,"3.109","2021-04-01 10:15:00"
"194609",34,"3.664","2021-04-01 10:30:00"
"194663",34,"3.456","2021-04-01 10:45:00"
"152976",34,"2.153","2021-05-08 05:15:00"
"153090",34,"2.478","2021-05-08 05:30:00"
"153101",34,"0","2021-03-30 07:15:00"
"153204",34,"0","2021-03-30 07:30:00"
"153329",34,"0","2021-03-30 07:45:00"
"153203",34,"2.409","2021-05-08 05:45:00"
"153298",34,"1.953","2021-05-08 06:00:00"
"153392",34,"2.047","2021-05-08 06:15:00"
"153983",34,"0.36","2021-06-19 14:30:00"
"154037",34,"0.30000000000000004","2021-06-19 14:45:00"
"154091",34,"1.419","2021-06-19 15:00:00"
"154145",34,"0.64","2021-06-19 15:15:00"
"154199",34,"1.931","2021-06-19 15:30:00"
"154253",34,"1.153","2021-06-19 15:45:00"
"154307",34,"1.755","2021-06-19 16:00:00"
"154361",34,"1.105","2021-06-19 16:15:00"
"154415",34,"0.59","2021-06-19 16:30:00"
"154469",34,"0.51","2021-06-19 16:45:00"
"155007",34,"0","2021-03-30 08:30:00"
"155130",34,"0","2021-03-30 08:45:00"
"155260",34,"0.52","2021-03-30 09:00:00"
"155241",34,"2.099","2021-02-25 10:15:00"
"155362",34,"2.715","2021-02-25 10:30:00"
"155357",34,"0.59","2021-03-30 09:15:00"
"155454",34,"0.28","2021-03-30 09:30:00"
"155479",34,"2.304","2021-02-25 10:45:00"
"155582",34,"2.184","2021-02-25 11:00:00"
"155693",34,"2.668","2021-02-25 11:15:00"
"156219",34,"2.8529999999999998","2021-03-30 11:15:00"
"156303",34,"3.769","2021-03-30 11:30:00"
"156381",34,"1.166","2021-02-25 12:45:00"
"156506",34,"1.775","2021-02-25 13:00:00"
"156390",34,"3.841","2021-03-30 11:45:00"
"156482",34,"2.733","2021-03-30 12:00:00"
"156579",34,"2.692","2021-03-30 12:15:00"
"156673",34,"2.689","2021-03-30 12:30:00"
"156727",34,"3.901","2021-03-30 12:45:00"
"157201",34,"3.233","2021-05-08 09:30:00"
"157255",34,"3.171","2021-05-08 09:45:00"
"157309",34,"3.477","2021-05-08 10:00:00"
"157363",34,"4.158","2021-05-08 10:15:00"
"157417",34,"4.666","2021-05-08 10:30:00"
"157471",34,"5.043","2021-05-08 10:45:00"
"157525",34,"4.665","2021-05-08 11:00:00"
"157579",34,"4.957","2021-05-08 11:15:00"
"157633",34,"5.047","2021-05-08 11:30:00"
"157687",34,"4.744","2021-05-08 11:45:00"
"157741",34,"4.965","2021-05-08 12:00:00"
"158225",34,"0","2021-06-19 20:15:00"
"158279",34,"0","2021-06-19 20:30:00"
"158333",34,"0.19","2021-06-19 20:45:00"
"158387",34,"0.37","2021-06-19 21:00:00"
"158441",34,"0.76","2021-06-19 21:15:00"
"158495",34,"0.22","2021-06-19 21:30:00"
"158549",34,"1.5230000000000001","2021-06-19 21:45:00"
"158603",34,"1.685","2021-06-19 22:00:00"
"158657",34,"1.354","2021-06-19 22:15:00"
"158711",34,"0.08","2021-06-19 22:30:00"
"159391",34,"4.541","2021-03-30 14:30:00"
"159498",34,"4.27","2021-03-30 14:45:00"
"159326",34,"3.149","2021-02-25 14:30:00"
"159433",34,"4.193","2021-02-25 14:45:00"
"159540",34,"3.011","2021-02-25 15:00:00"
"159609",34,"4.606","2021-03-30 15:00:00"
"159716",34,"3.724","2021-03-30 15:15:00"
"159825",34,"4.386","2021-03-30 15:30:00"
"159645",34,"2.63","2021-02-25 15:15:00"
"159754",34,"3.279","2021-02-25 15:30:00"
"159857",34,"1.939","2021-02-25 15:45:00"
"160591",34,"3.463","2021-03-30 17:00:00"
"160755",34,"3.355","2021-03-30 17:15:00"
"160647",34,"0.4","2021-02-25 17:15:00"
"160805",34,"0.48","2021-02-25 17:30:00"
"160598",34,"4.415","2021-05-08 12:45:00"
"160766",34,"4.645","2021-05-08 13:00:00"
"160923",34,"2.979","2021-03-30 17:30:00"
"162807",34,"3.091","2021-03-30 17:45:00"
"162890",34,"3.018","2021-03-30 18:00:00"
"162089",34,"0.06","2021-06-20 00:15:00"
"162143",34,"0","2021-06-20 00:30:00"
"162197",34,"1.325","2021-06-20 00:45:00"
"162251",34,"0.64","2021-06-20 01:00:00"
"162305",34,"1.917","2021-06-20 01:15:00"
"162359",34,"2.664","2021-06-20 01:30:00"
"162413",34,"2.5949999999999998","2021-06-20 01:45:00"
"162467",34,"2.258","2021-06-20 02:00:00"
"162521",34,"2.391","2021-06-20 02:15:00"
"162575",34,"2.933","2021-06-20 02:30:00"
"163926",34,"0.04","2021-02-25 20:45:00"
"164079",34,"0.01","2021-02-25 21:00:00"
"164193",34,"0","2021-02-25 21:15:00"
"163917",34,"4.004","2021-05-08 17:30:00"
"164023",34,"3.672","2021-05-08 17:45:00"
"163997",34,"1.314","2021-03-30 19:30:00"
"164287",34,"0.91","2021-03-30 19:45:00"
"164589",34,"1.198","2021-03-30 20:00:00"
"164181",34,"3.483","2021-05-08 18:00:00"
"164305",34,"3.54","2021-05-08 18:15:00"
"164427",34,"3.928","2021-05-08 18:30:00"
"164936",34,"3.992","2021-05-08 19:30:00"
"165013",34,"3.653","2021-05-08 19:45:00"
"166815",34,"4.389","2021-02-25 22:45:00"
"166869",34,"3.805","2021-02-25 23:00:00"
"165094",34,"3.719","2021-05-08 20:00:00"
"165171",34,"4.165","2021-05-08 20:15:00"
"165250",34,"3.584","2021-05-08 20:30:00"
"165256",34,"1.7570000000000001","2021-03-30 20:45:00"
"165428",34,"1.875","2021-03-30 21:00:00"
"165563",34,"1.615","2021-03-30 21:15:00"
"165899",34,"3.537","2021-06-20 04:00:00"
"165953",34,"2.7199999999999998","2021-06-20 04:15:00"
"166007",34,"3.423","2021-06-20 04:30:00"
"166061",34,"4.112","2021-06-20 04:45:00"
"166115",34,"4.29","2021-06-20 05:00:00"
"166169",34,"3.524","2021-06-20 05:15:00"
"166223",34,"2.811","2021-06-20 05:30:00"
"166277",34,"2.108","2021-06-20 05:45:00"
"166331",34,"2.26","2021-06-20 06:00:00"
"166385",34,"2.915","2021-06-20 06:15:00"
"167656",34,"2.7640000000000002","2021-02-26 01:45:00"
"167731",34,"2.284","2021-02-26 02:00:00"
"167824",34,"3.567","2021-02-26 02:15:00"
"167783",34,"4.922","2021-05-08 22:30:00"
"167869",34,"3.696","2021-05-08 22:45:00"
"167966",34,"3.997","2021-05-08 23:00:00"
"167956",34,"3.824","2021-02-26 02:30:00"
"168087",34,"3.508","2021-02-26 02:45:00"
"168213",34,"2.843","2021-02-26 03:00:00"
"168052",34,"4.346","2021-05-08 23:15:00"
"168151",34,"5.025","2021-05-08 23:30:00"
"169319",34,"1.693","2021-03-31 00:45:00"
"169373",34,"2.031","2021-03-31 01:00:00"
"169427",34,"2.03","2021-03-31 01:15:00"
"169481",34,"1.619","2021-03-31 01:30:00"
"169535",34,"1.655","2021-03-31 01:45:00"
"169589",34,"2.009","2021-03-31 02:00:00"
"169643",34,"1.5670000000000002","2021-03-31 02:15:00"
"169697",34,"0.53","2021-03-31 02:30:00"
"169751",34,"0.1","2021-03-31 02:45:00"
"170805",34,"0.67","2021-03-31 03:00:00"
"171090",34,"2.833","2021-05-09 02:30:00"
"171240",34,"2.742","2021-05-09 02:45:00"
"171119",34,"1.508","2021-03-31 03:45:00"
"171238",34,"1.483","2021-03-31 04:00:00"
"171377",34,"1.7730000000000001","2021-03-31 04:15:00"
"171369",34,"2.185","2021-05-09 03:00:00"
"171503",34,"2.341","2021-05-09 03:15:00"
"171628",34,"2.388","2021-05-09 03:30:00"
"171453",34,"3.691","2021-02-26 03:45:00"
"171750",34,"3.3810000000000002","2021-02-26 04:00:00"
"171990",34,"3.3890000000000002","2021-02-26 04:15:00"
"172775",34,"4.507","2021-02-26 05:00:00"
"173068",34,"3.237","2021-02-26 05:15:00"
"173202",34,"2.518","2021-02-26 05:30:00"
"172721",34,"1.72","2021-05-09 05:30:00"
"172849",34,"1.9809999999999999","2021-05-09 05:45:00"
"172980",34,"1.686","2021-05-09 06:00:00"
"172881",34,"0.24","2021-03-31 07:00:00"
"173007",34,"0","2021-03-31 07:15:00"
"173137",34,"0.62","2021-03-31 07:30:00"
"173132",34,"1.566","2021-05-09 06:15:00"
"173249",34,"1.389","2021-05-09 06:30:00"
"175893",34,"1.657","2021-05-09 06:45:00"
"174383",34,"1.083","2021-06-20 15:30:00"
"174437",34,"1.576","2021-06-20 15:45:00"
"174491",34,"1.9500000000000002","2021-06-20 16:00:00"
"174545",34,"1.219","2021-06-20 16:15:00"
"174599",34,"0.05","2021-06-20 16:30:00"
"174653",34,"0","2021-06-20 16:45:00"
"174707",34,"0.17","2021-06-20 17:00:00"
"174761",34,"0","2021-06-20 17:15:00"
"177472",34,"0.39","2021-06-20 17:30:00"
"177569",34,"0.02","2021-06-20 17:45:00"
"175867",34,"4.074","2021-02-26 08:15:00"
"175969",34,"4.018","2021-02-26 08:30:00"
"176075",34,"4.003","2021-02-26 08:45:00"
"176002",34,"1.8679999999999999","2021-05-09 07:00:00"
"176108",34,"1.9849999999999999","2021-05-09 07:15:00"
"176189",34,"4.672","2021-02-26 09:00:00"
"176286",34,"3.805","2021-02-26 09:15:00"
"176214",34,"2.162","2021-05-09 07:30:00"
"176332",34,"2.007","2021-05-09 07:45:00"
"176435",34,"2.01","2021-05-09 08:00:00"
"177573",34,"4.672","2021-02-26 12:00:00"
"177758",34,"4.725","2021-02-26 12:15:00"
"180316",34,"4.589","2021-02-26 12:30:00"
"177690",34,"0","2021-06-20 18:00:00"
"177811",34,"0.58","2021-06-20 18:15:00"
"177927",34,"0.28","2021-06-20 18:30:00"
"177833",34,"3.359","2021-05-09 10:45:00"
"178006",34,"3.971","2021-05-09 11:00:00"
"178028",34,"0","2021-06-20 18:45:00"
"178154",34,"0.32","2021-06-20 19:00:00"
"179268",34,"1.897","2021-06-20 20:30:00"
"179372",34,"1.758","2021-06-20 20:45:00"
"179480",34,"1.794","2021-06-20 21:00:00"
"179328",34,"2.091","2021-03-31 16:00:00"
"179435",34,"2.211","2021-03-31 16:15:00"
"179530",34,"2.656","2021-03-31 16:30:00"
"179640",34,"2.947","2021-03-31 16:45:00"
"182829",34,"2.618","2021-03-31 17:00:00"
"179599",34,"1.725","2021-06-20 21:15:00"
"179679",34,"1.44","2021-06-20 21:30:00"
"181967",34,"0","2021-06-21 00:30:00"
"182075",34,"0","2021-06-21 00:45:00"
"182190",34,"3.153","2021-02-26 16:00:00"
"182298",34,"3.877","2021-02-26 16:15:00"
"182201",34,"1.286","2021-06-21 01:00:00"
"182309",34,"0.21","2021-06-21 01:15:00"
"182402",34,"0","2021-06-21 01:30:00"
"182421",34,"3.658","2021-02-26 16:30:00"
"182523",34,"1.615","2021-02-26 16:45:00"
"182628",34,"0.85","2021-02-26 17:00:00"
"183585",34,"0.15","2021-03-31 20:30:00"
"183639",34,"0.15","2021-03-31 20:45:00"
"183693",34,"0","2021-03-31 21:00:00"
"183747",34,"0.32","2021-03-31 21:15:00"
"185400",34,"0.04","2021-03-31 21:30:00"
"183897",34,"0.8200000000000001","2021-05-09 16:30:00"
"183951",34,"0","2021-05-09 16:45:00"
"184005",34,"0.09","2021-05-09 17:00:00"
"184059",34,"0","2021-05-09 17:15:00"
"184113",34,"0.46","2021-05-09 17:30:00"
"185433",34,"4.245","2021-02-26 17:45:00"
"185620",34,"4.64","2021-02-26 18:00:00"
"185798",34,"3.968","2021-02-26 18:15:00"
"185583",34,"0","2021-06-21 05:00:00"
"185752",34,"0","2021-06-21 05:15:00"
"185529",34,"0.05","2021-03-31 21:45:00"
"185645",34,"0","2021-03-31 22:00:00"
"185802",34,"0.19","2021-03-31 22:15:00"
"185919",34,"0.13","2021-03-31 22:30:00"
"186036",34,"0.36","2021-03-31 22:45:00"
"186920",34,"1.751","2021-06-21 06:45:00"
"187062",34,"0.37","2021-06-21 07:00:00"
"188785",34,"0.07","2021-06-21 07:15:00"
"187258",34,"4.214","2021-02-26 20:30:00"
"187359",34,"3.543","2021-02-26 20:45:00"
"187328",34,"0","2021-04-01 01:00:00"
"187440",34,"0","2021-04-01 01:15:00"
"187463",34,"3.75","2021-02-26 21:00:00"
"187551",34,"3.143","2021-02-26 21:15:00"
"187671",34,"2.578","2021-02-26 21:30:00"
"188679",34,"0.06","2021-05-10 00:45:00"
"188733",34,"0","2021-05-10 01:00:00"
"191355",34,"0","2021-05-10 01:15:00"
"188839",34,"1.629","2021-06-21 07:30:00"
"188893",34,"0.36","2021-06-21 07:45:00"
"188947",34,"0.14","2021-06-21 08:00:00"
"189001",34,"1.579","2021-06-21 08:15:00"
"189055",34,"2.497","2021-06-21 08:30:00"
"189109",34,"2.074","2021-06-21 08:45:00"
"189168",34,"1.775","2021-06-21 09:00:00"
"190377",34,"0","2021-04-01 04:15:00"
"190525",34,"0","2021-04-01 04:30:00"
"190526",34,"2.475","2021-06-21 11:15:00"
"190671",34,"2.947","2021-06-21 11:30:00"
"190841",34,"2.873","2021-06-21 11:45:00"
"190680",34,"0","2021-04-01 04:45:00"
"190845",34,"0","2021-04-01 05:00:00"
"190982",34,"0","2021-04-01 05:15:00"
"190657",34,"2.622","2021-02-26 23:30:00"
"190814",34,"3.2","2021-02-26 23:45:00"
"190946",34,"3.142","2021-02-27 00:00:00"
"192060",34,"0","2021-05-10 02:00:00"
"192268",34,"0","2021-05-10 02:15:00"
"192480",34,"0","2021-05-10 02:30:00"
"192123",34,"4.073","2021-02-27 01:45:00"
"192311",34,"2.88","2021-02-27 02:00:00"
"192503",34,"2.572","2021-02-27 02:15:00"
"192143",34,"2.67","2021-06-21 13:15:00"
"192262",34,"2.896","2021-06-21 13:30:00"
"192383",34,"2.653","2021-06-21 13:45:00"
"192498",34,"2.4","2021-06-21 14:00:00"
"192602",34,"3.078","2021-06-21 14:15:00"
"193543",34,"1.7810000000000001","2021-05-10 04:45:00"
"193597",34,"2.078","2021-05-10 05:00:00"
"193651",34,"1.8130000000000002","2021-05-10 05:15:00"
"193705",34,"1.258","2021-05-10 05:30:00"
"193759",34,"1.157","2021-05-10 05:45:00"
"196766",34,"0.04","2021-05-10 06:00:00"
"196867",34,"0.54","2021-05-10 06:15:00"
"193853",34,"0","2021-04-01 07:00:00"
"193907",34,"0","2021-04-01 07:15:00"
"193961",34,"0","2021-04-01 07:30:00"
"195169",34,"1.763","2021-06-21 18:15:00"
"195333",34,"1.974","2021-06-21 18:30:00"
"195471",34,"1.665","2021-06-21 18:45:00"
"195367",34,"2.7640000000000002","2021-02-27 03:00:00"
"195452",34,"2.326","2021-02-27 03:15:00"
"195533",34,"2.316","2021-02-27 03:30:00"
"195617",34,"2.036","2021-06-21 19:00:00"
"195785",34,"2.271","2021-06-21 19:15:00"
"195863",34,"1.787","2021-02-27 04:30:00"
"195937",34,"0.15","2021-02-27 04:45:00"
"195966",34,"2.446","2021-06-21 19:30:00"
"196119",34,"2.014","2021-06-21 19:45:00"
"196253",34,"2.383","2021-06-21 20:00:00"
"196020",34,"0","2021-02-27 05:00:00"
"196101",34,"0.19","2021-02-27 05:15:00"
"196193",34,"0","2021-02-27 05:30:00"
"196278",34,"0.38","2021-02-27 05:45:00"
"196357",34,"0.03","2021-02-27 06:00:00"
"205147",34,"0.25","2021-04-01 22:15:00"
"205201",34,"0.77","2021-04-01 22:30:00"
"205255",34,"0","2021-04-01 22:45:00"
"205309",34,"0","2021-04-01 23:00:00"
"205363",34,"0","2021-04-01 23:15:00"
"205417",34,"0.88","2021-04-01 23:30:00"
"205471",34,"2.222","2021-04-01 23:45:00"
"205525",34,"2.173","2021-04-02 00:00:00"
"205580",34,"2.659","2021-04-02 00:15:00"
"205693",34,"3.203","2021-04-02 00:30:00"
"205791",34,"2.626","2021-04-02 00:45:00"
"206833",34,"2.193","2021-02-27 16:30:00"
"206887",34,"1.8250000000000002","2021-02-27 16:45:00"
"206941",34,"6.694","2021-02-27 17:00:00"
"206995",34,"6.15","2021-02-27 17:15:00"
"207049",34,"0.59","2021-02-27 17:30:00"
"207103",34,"0.64","2021-02-27 17:45:00"
"207157",34,"0.19","2021-02-27 18:00:00"
"207211",34,"2.006","2021-02-27 18:15:00"
"207265",34,"4.986","2021-02-27 18:30:00"
"207319",34,"3.366","2021-02-27 18:45:00"
"208479",34,"2.4859999999999998","2021-04-02 04:00:00"
"208606",34,"1.9689999999999999","2021-04-02 04:15:00"
"208736",34,"1.7109999999999999","2021-04-02 04:30:00"
"208586",34,"0","2021-06-22 07:00:00"
"208727",34,"0","2021-06-22 07:15:00"
"208870",34,"0","2021-06-22 07:30:00"
"208775",34,"0","2021-05-10 20:00:00"
"208972",34,"0.02","2021-05-10 20:15:00"
"208888",34,"2.048","2021-04-02 04:45:00"
"209035",34,"0.79","2021-04-02 05:00:00"
"209190",34,"0","2021-04-02 05:15:00"
"209647",34,"0","2021-05-10 21:15:00"
"209743",34,"0","2021-05-10 21:30:00"
"209819",34,"0","2021-05-10 21:45:00"
"209705",34,"0.59","2021-06-22 09:00:00"
"209868",34,"1.772","2021-06-22 09:15:00"
"210033",34,"2.009","2021-06-22 09:30:00"
"209900",34,"0","2021-05-10 22:00:00"
"209968",34,"0","2021-05-10 22:15:00"
"210056",34,"0","2021-05-10 22:30:00"
"210140",34,"0","2021-05-10 22:45:00"
"210271",34,"0","2021-05-10 23:00:00"
"211183",34,"4.547","2021-02-27 22:45:00"
"211237",34,"5.386","2021-02-27 23:00:00"
"211291",34,"6.051","2021-02-27 23:15:00"
"211345",34,"5.737","2021-02-27 23:30:00"
"211465",34,"5.143","2021-02-27 23:45:00"
"211622",34,"5.272","2021-02-28 00:00:00"
"211426",34,"1.03","2021-04-02 06:00:00"
"211507",34,"0.67","2021-04-02 06:15:00"
"211588",34,"1.783","2021-04-02 06:30:00"
"211677",34,"1.924","2021-04-02 06:45:00"
"211757",34,"0.5700000000000001","2021-04-02 07:00:00"
"215677",34,"3.634","2021-04-02 10:30:00"
"215758",34,"3.324","2021-04-02 10:45:00"
"215836",34,"3.795","2021-04-02 11:00:00"
"212917",34,"0.2","2021-05-11 01:00:00"
"212971",34,"0","2021-05-11 01:15:00"
"213044",34,"0","2021-05-11 01:30:00"
"213229",34,"0","2021-05-11 01:45:00"
"213373",34,"0","2021-05-11 02:00:00"
"213166",34,"0.02","2021-06-22 11:30:00"
"213244",34,"0.16","2021-06-22 11:45:00"
"213329",34,"0.01","2021-06-22 12:00:00"
"214511",34,"0","2021-05-11 03:45:00"
"214565",34,"0","2021-05-11 04:00:00"
"214619",34,"0","2021-05-11 04:15:00"
"214673",34,"0","2021-05-11 04:30:00"
"214727",34,"1.506","2021-05-11 04:45:00"
"216781",34,"0.84","2021-05-11 05:00:00"
"216835",34,"0","2021-05-11 05:15:00"
"214885",34,"3.765","2021-02-28 02:00:00"
"214939",34,"3.791","2021-02-28 02:15:00"
"214993",34,"4.907","2021-02-28 02:30:00"
"215587",34,"3.238","2021-02-28 05:15:00"
"215641",34,"3.612","2021-02-28 05:30:00"
"215769",34,"3.628","2021-02-28 05:45:00"
"215920",34,"3.2720000000000002","2021-02-28 06:00:00"
"219235",34,"3.243","2021-02-28 06:15:00"
"215925",34,"3.192","2021-04-02 11:15:00"
"216009",34,"3.238","2021-04-02 11:30:00"
"216063",34,"3.257","2021-04-02 11:45:00"
"216117",34,"2.8890000000000002","2021-04-02 12:00:00"
"216171",34,"3.073","2021-04-02 12:15:00"
"217321",34,"0","2021-05-11 07:30:00"
"217375",34,"0","2021-05-11 07:45:00"
"217429",34,"0","2021-05-11 08:00:00"
"217483",34,"0","2021-05-11 08:15:00"
"217537",34,"0","2021-05-11 08:30:00"
"217591",34,"0","2021-05-11 08:45:00"
"217645",34,"0","2021-05-11 09:00:00"
"217699",34,"0.15","2021-05-11 09:15:00"
"217753",34,"1.479","2021-05-11 09:30:00"
"220807",34,"0.55","2021-05-11 09:45:00"
"219035",34,"0.45","2021-04-02 16:15:00"
"219089",34,"1.332","2021-04-02 16:30:00"
"219143",34,"1.106","2021-04-02 16:45:00"
"219200",34,"0.58","2021-04-02 17:00:00"
"219322",34,"1.358","2021-04-02 17:15:00"
"219336",34,"2.428","2021-02-28 06:30:00"
"219425",34,"1.959","2021-02-28 06:45:00"
"219528",34,"1.976","2021-02-28 07:00:00"
"219448",34,"0.59","2021-04-02 17:30:00"
"219555",34,"1.46","2021-04-02 17:45:00"
"219663",34,"1.296","2021-04-02 18:00:00"
"221293",34,"1.439","2021-05-11 12:00:00"
"221347",34,"1.929","2021-05-11 12:15:00"
"221401",34,"1.62","2021-05-11 12:30:00"
"221455",34,"0.78","2021-05-11 12:45:00"
"221509",34,"1.941","2021-05-11 13:00:00"
"221563",34,"0.98","2021-05-11 13:15:00"
"221617",34,"1.991","2021-05-11 13:30:00"
"221718",34,"2.377","2021-06-22 20:30:00"
"221794",34,"2.411","2021-06-22 20:45:00"
"221877",34,"1.803","2021-06-22 21:00:00"
"222992",34,"1.9220000000000002","2021-04-02 20:00:00"
"223292",34,"1.267","2021-04-02 20:15:00"
"223467",34,"1.181","2021-04-02 20:30:00"
"222998",34,"3.833","2021-02-28 12:15:00"
"223117",34,"3.502","2021-02-28 12:30:00"
"223246",34,"3.702","2021-02-28 12:45:00"
"223068",34,"3.6029999999999998","2021-06-23 00:15:00"
"223203",34,"3.678","2021-06-23 00:30:00"
"223340",34,"2.997","2021-06-23 00:45:00"
"223393",34,"3.8449999999999998","2021-02-28 13:00:00"
"223505",34,"4.036","2021-02-28 13:15:00"
"223849",34,"2.227","2021-04-02 21:15:00"
"223951",34,"2.285","2021-04-02 21:30:00"
"224048",34,"1.332","2021-04-02 21:45:00"
"224118",34,"1.349","2021-02-28 14:45:00"
"224154",34,"1.613","2021-04-02 22:00:00"
"224210",34,"3.79","2021-02-28 15:00:00"
"224273",34,"1.303","2021-04-02 22:15:00"
"224378",34,"0.05","2021-04-02 22:30:00"
"224439",34,"1.301","2021-04-02 22:45:00"
"224322",34,"5.138","2021-02-28 15:15:00"
"224875",34,"4.426","2021-02-28 15:30:00"
"225713",34,"2.757","2021-06-23 01:30:00"
"225929",34,"2.7960000000000003","2021-06-23 01:45:00"
"226122",34,"2.747","2021-06-23 02:00:00"
"225747",34,"1.991","2021-02-28 17:00:00"
"225985",34,"2.966","2021-02-28 17:15:00"
"226210",34,"2.496","2021-02-28 17:30:00"
"225800",34,"2.525","2021-04-03 00:45:00"
"225993",34,"2.627","2021-04-03 01:00:00"
"226209",34,"2.5","2021-04-03 01:15:00"
"226067",34,"0.04","2021-05-11 16:30:00"
"226279",34,"0","2021-05-11 16:45:00"
"227465",34,"1.931","2021-05-11 18:15:00"
"227636",34,"1.077","2021-05-11 18:30:00"
"227789",34,"0.68","2021-05-11 18:45:00"
"227489",34,"2.481","2021-04-03 02:45:00"
"227684",34,"2.5380000000000003","2021-04-03 03:00:00"
"227909",34,"2.27","2021-04-03 03:15:00"
"227516",34,"3.278","2021-06-23 03:30:00"
"227777",34,"3.149","2021-06-23 03:45:00"
"227984",34,"3.297","2021-06-23 04:00:00"
"227568",34,"2.7359999999999998","2021-02-28 19:00:00"
"227836",34,"5.244","2021-02-28 19:15:00"
"228034",34,"4.084","2021-02-28 19:30:00"
"228371",34,"2.777","2021-06-23 04:30:00"
"228518",34,"2.781","2021-06-23 04:45:00"
"228603",34,"1.218","2021-04-03 04:45:00"
"228808",34,"0.01","2021-04-03 05:00:00"
"228892",34,"0","2021-04-03 05:15:00"
"228654",34,"2.69","2021-06-23 05:00:00"
"228721",34,"2.427","2021-06-23 05:15:00"
"228775",34,"2.748","2021-06-23 05:30:00"
"228823",34,"0","2021-05-11 19:00:00"
"228986",34,"0","2021-05-11 19:15:00"
"229169",34,"0","2021-05-11 19:30:00"
"230316",34,"1.7970000000000002","2021-05-11 21:00:00"
"230486",34,"1.532","2021-05-11 21:15:00"
"230160",34,"1.516","2021-04-03 09:15:00"
"230282",34,"1.42","2021-04-03 09:30:00"
"230345",34,"1.798","2021-02-28 20:30:00"
"230422",34,"0.93","2021-02-28 20:45:00"
"230505",34,"3.8280000000000003","2021-02-28 21:00:00"
"230583",34,"4.674","2021-02-28 21:15:00"
"230654",34,"3.532","2021-02-28 21:30:00"
"231777",34,"1.63","2021-05-11 23:30:00"
"233831",34,"1.758","2021-05-11 23:45:00"
"231829",34,"3","2021-06-23 05:45:00"
"231883",34,"3.107","2021-06-23 06:00:00"
"231937",34,"3.141","2021-06-23 06:15:00"
"231991",34,"2.801","2021-06-23 06:30:00"
"232045",34,"3.029","2021-06-23 06:45:00"
"232099",34,"3.061","2021-06-23 07:00:00"
"232153",34,"2.794","2021-06-23 07:15:00"
"232207",34,"3.094","2021-06-23 07:30:00"
"233247",34,"1.6800000000000002","2021-04-03 11:45:00"
"233301",34,"1.596","2021-04-03 12:00:00"
"233355",34,"0.53","2021-04-03 12:15:00"
"233409",34,"2.4","2021-04-03 12:30:00"
"233463",34,"0.8","2021-04-03 12:45:00"
"233517",34,"1.5390000000000001","2021-04-03 13:00:00"
"233571",34,"1.7890000000000001","2021-04-03 13:15:00"
"233625",34,"1.306","2021-04-03 13:30:00"
"233679",34,"1.6360000000000001","2021-04-03 13:45:00"
"233733",34,"1.404","2021-04-03 14:00:00"
"234464",34,"1.823","2021-05-12 01:30:00"
"234626",34,"1.574","2021-05-12 01:45:00"
"234351",34,"3.275","2021-03-01 01:30:00"
"234429",34,"2.021","2021-03-01 01:45:00"
"234511",34,"0.12","2021-03-01 02:00:00"
"234592",34,"0","2021-03-01 02:15:00"
"234673",34,"0","2021-03-01 02:30:00"
"234740",34,"0","2021-03-01 02:45:00"
"234814",34,"0","2021-03-01 03:00:00"
"234900",34,"0.74","2021-03-01 03:15:00"
"236187",34,"1.302","2021-04-03 15:00:00"
"236290",34,"1.239","2021-04-03 15:15:00"
"236297",34,"5.493","2021-06-23 11:30:00"
"236410",34,"5.358","2021-06-23 11:45:00"
"236505",34,"5.014","2021-06-23 12:00:00"
"236393",34,"1.9340000000000002","2021-04-03 15:30:00"
"236514",34,"2.179","2021-04-03 15:45:00"
"236606",34,"1.913","2021-04-03 16:00:00"
"236629",34,"4.981","2021-06-23 12:15:00"
"236731",34,"5.082","2021-06-23 12:30:00"
"237275",34,"3.588","2021-04-03 17:30:00"
"237375",34,"3.928","2021-04-03 17:45:00"
"237468",34,"3.717","2021-04-03 18:00:00"
"237372",34,"4.781","2021-06-23 14:00:00"
"237491",34,"5.663","2021-06-23 14:15:00"
"237583",34,"5.187","2021-06-23 14:30:00"
"237596",34,"3.757","2021-04-03 18:15:00"
"237696",34,"3.44","2021-04-03 18:30:00"
"237699",34,"4.393","2021-06-23 14:45:00"
"239835",34,"4.7379999999999995","2021-06-23 15:00:00"
"238832",34,"1.8250000000000002","2021-05-12 04:30:00"
"238911",34,"2.021","2021-05-12 04:45:00"
"238965",34,"2.232","2021-05-12 05:00:00"
"242797",34,"3.39","2021-03-01 10:00:00"
"242851",34,"3.372","2021-03-01 10:15:00"
"239019",34,"0.9","2021-05-12 05:15:00"
"239073",34,"0","2021-05-12 05:30:00"
"239127",34,"0","2021-05-12 05:45:00"
"239181",34,"0","2021-05-12 06:00:00"
"239235",34,"0","2021-05-12 06:15:00"
"240468",34,"2.457","2021-04-03 20:00:00"
"240663",34,"2.308","2021-04-03 20:15:00"
"195624",34,"2.455","2021-02-27 03:45:00"
"195702",34,"2.385","2021-02-27 04:00:00"
"196921",34,"0","2021-05-10 06:30:00"
"196975",34,"0","2021-05-10 06:45:00"
"197029",34,"0","2021-05-10 07:00:00"
"197083",34,"0","2021-05-10 07:15:00"
"197137",34,"0","2021-05-10 07:30:00"
"197191",34,"0","2021-05-10 07:45:00"
"197245",34,"0","2021-05-10 08:00:00"
"197299",34,"0","2021-05-10 08:15:00"
"197353",34,"0.84","2021-05-10 08:30:00"
"197407",34,"2.3890000000000002","2021-05-10 08:45:00"
"197987",34,"2.391","2021-04-01 12:15:00"
"198041",34,"2.075","2021-04-01 12:30:00"
"198095",34,"1.899","2021-04-01 12:45:00"
"198149",34,"1.324","2021-04-01 13:00:00"
"198203",34,"1.362","2021-04-01 13:15:00"
"198257",34,"1.7650000000000001","2021-04-01 13:30:00"
"198311",34,"1.634","2021-04-01 13:45:00"
"198365",34,"2.376","2021-04-01 14:00:00"
"198419",34,"1.979","2021-04-01 14:15:00"
"198473",34,"0.87","2021-04-01 14:30:00"
"199051",34,"3.2720000000000002","2021-02-27 08:15:00"
"199105",34,"2.766","2021-02-27 08:30:00"
"199159",34,"3.309","2021-02-27 08:45:00"
"199213",34,"3.116","2021-02-27 09:00:00"
"199267",34,"4.257","2021-02-27 09:15:00"
"199321",34,"4.888","2021-02-27 09:30:00"
"199375",34,"4.484","2021-02-27 09:45:00"
"199429",34,"3.9130000000000003","2021-02-27 10:00:00"
"199483",34,"4.469","2021-02-27 10:15:00"
"199537",34,"4.585","2021-02-27 10:30:00"
"199591",34,"5.307","2021-02-27 10:45:00"
"199645",34,"4.792","2021-02-27 11:00:00"
"199699",34,"4.028","2021-02-27 11:15:00"
"199753",34,"4.324","2021-02-27 11:30:00"
"202807",34,"3.7439999999999998","2021-02-27 11:45:00"
"199863",34,"1.389","2021-06-21 21:30:00"
"199917",34,"1.4060000000000001","2021-06-21 21:45:00"
"199971",34,"0.74","2021-06-21 22:00:00"
"200025",34,"1.191","2021-06-21 22:15:00"
"200079",34,"1.374","2021-06-21 22:30:00"
"200685",34,"0","2021-06-22 01:15:00"
"200793",34,"0","2021-06-22 01:30:00"
"203781",34,"0.32","2021-06-22 01:45:00"
"200893",34,"2.417","2021-05-10 11:00:00"
"201008",34,"1.8780000000000001","2021-05-10 11:15:00"
"201118",34,"2.89","2021-05-10 11:30:00"
"201137",34,"0.24","2021-04-01 16:30:00"
"201245",34,"0.05","2021-04-01 16:45:00"
"201383",34,"0","2021-04-01 17:00:00"
"201221",34,"2.752","2021-05-10 11:45:00"
"201308",34,"3.023","2021-05-10 12:00:00"
"201934",34,"1.449","2021-05-10 13:30:00"
"202051",34,"0.58","2021-05-10 13:45:00"
"202155",34,"1.504","2021-05-10 14:00:00"
"202037",34,"1.913","2021-04-01 18:30:00"
"202148",34,"3.05","2021-04-01 18:45:00"
"202249",34,"2.648","2021-04-01 19:00:00"
"202267",34,"1.208","2021-05-10 14:15:00"
"202373",34,"0.6900000000000001","2021-05-10 14:30:00"
"202362",34,"2.304","2021-04-01 19:15:00"
"202477",34,"3.269","2021-04-01 19:30:00"
"203023",34,"4.036","2021-02-27 12:45:00"
"203077",34,"3.173","2021-02-27 13:00:00"
"203131",34,"2.952","2021-02-27 13:15:00"
"203185",34,"3.033","2021-02-27 13:30:00"
"203239",34,"3.403","2021-02-27 13:45:00"
"203293",34,"3.205","2021-02-27 14:00:00"
"203347",34,"2.858","2021-02-27 14:15:00"
"203401",34,"3.44","2021-02-27 14:30:00"
"203455",34,"3.697","2021-02-27 14:45:00"
"203509",34,"2.167","2021-02-27 15:00:00"
"204105",34,"0","2021-06-22 03:15:00"
"204159",34,"0","2021-06-22 03:30:00"
"204213",34,"0","2021-06-22 03:45:00"
"204267",34,"0","2021-06-22 04:00:00"
"204321",34,"0","2021-06-22 04:15:00"
"204375",34,"0","2021-06-22 04:30:00"
"204429",34,"0","2021-06-22 04:45:00"
"204483",34,"0.14","2021-06-22 05:00:00"
"204537",34,"0.02","2021-06-22 05:15:00"
"204591",34,"0","2021-06-22 05:30:00"
"205752",34,"0.33","2021-05-10 15:30:00"
"205855",34,"0.22","2021-05-10 15:45:00"
"205965",34,"0.93","2021-05-10 16:00:00"
"205902",34,"2.168","2021-04-02 01:00:00"
"207778",34,"1.807","2021-04-02 01:15:00"
"206027",34,"1","2021-05-10 16:15:00"
"206081",34,"0.26","2021-05-10 16:30:00"
"206135",34,"0","2021-05-10 16:45:00"
"206189",34,"0","2021-05-10 17:00:00"
"206243",34,"0","2021-05-10 17:15:00"
"207373",34,"2.915","2021-02-27 19:00:00"
"207427",34,"4.06","2021-02-27 19:15:00"
"207481",34,"3.66","2021-02-27 19:30:00"
"207535",34,"3.526","2021-02-27 19:45:00"
"207589",34,"3.292","2021-02-27 20:00:00"
"207643",34,"2.576","2021-02-27 20:15:00"
"207697",34,"2.083","2021-02-27 20:30:00"
"207754",34,"1.982","2021-02-27 20:45:00"
"210805",34,"2.236","2021-02-27 21:00:00"
"210859",34,"1.9260000000000002","2021-02-27 21:15:00"
"209018",34,"0.24","2021-06-22 07:45:00"
"209164",34,"0","2021-06-22 08:00:00"
"209169",34,"0.9400000000000001","2021-05-10 20:30:00"
"209323",34,"0.1","2021-05-10 20:45:00"
"209513",34,"0","2021-05-10 21:00:00"
"209356",34,"0","2021-04-02 05:30:00"
"209509",34,"1.615","2021-04-02 05:45:00"
"209328",34,"0","2021-06-22 08:15:00"
"209475",34,"0.1","2021-06-22 08:30:00"
"209593",34,"0.19","2021-06-22 08:45:00"
"210647",34,"0.13","2021-05-10 23:45:00"
"210701",34,"1.239","2021-05-11 00:00:00"
"210755",34,"1.287","2021-05-11 00:15:00"
"212809",34,"1.645","2021-05-11 00:30:00"
"212863",34,"1.488","2021-05-11 00:45:00"
"210913",34,"1.767","2021-02-27 21:30:00"
"210967",34,"1.624","2021-02-27 21:45:00"
"211021",34,"1.901","2021-02-27 22:00:00"
"211075",34,"2.274","2021-02-27 22:15:00"
"211129",34,"3.5700000000000003","2021-02-27 22:30:00"
"212249",34,"2.833","2021-04-02 08:30:00"
"212331",34,"2.774","2021-04-02 08:45:00"
"212409",34,"2.872","2021-04-02 09:00:00"
"212492",34,"3.283","2021-04-02 09:15:00"
"212569",34,"3.042","2021-04-02 09:30:00"
"212583",34,"3.304","2021-02-28 01:30:00"
"214831",34,"3.208","2021-02-28 01:45:00"
"212631",34,"2.89","2021-04-02 09:45:00"
"212685",34,"3.496","2021-04-02 10:00:00"
"212739",34,"3.38","2021-04-02 10:15:00"
"213957",34,"0.29","2021-06-22 14:00:00"
"214030",34,"0.27","2021-06-22 14:15:00"
"214113",34,"0.66","2021-06-22 14:30:00"
"214082",34,"0","2021-05-11 03:00:00"
"214251",34,"0","2021-05-11 03:15:00"
"214433",34,"0","2021-05-11 03:30:00"
"214194",34,"0","2021-06-22 14:45:00"
"214272",34,"0.14","2021-06-22 15:00:00"
"214345",34,"0.7000000000000001","2021-06-22 15:15:00"
"214425",34,"1.105","2021-06-22 15:30:00"
"217805",34,"0","2021-06-22 15:45:00"
"216225",34,"3.031","2021-04-02 12:30:00"
"216279",34,"1.638","2021-04-02 12:45:00"
"216333",34,"1.546","2021-04-02 13:00:00"
"216387",34,"1.784","2021-04-02 13:15:00"
"216441",34,"1.634","2021-04-02 13:30:00"
"216495",34,"0.53","2021-04-02 13:45:00"
"216549",34,"1.455","2021-04-02 14:00:00"
"216603",34,"2.209","2021-04-02 14:15:00"
"216657",34,"2.302","2021-04-02 14:30:00"
"216711",34,"2.419","2021-04-02 14:45:00"
"217859",34,"0.03","2021-06-22 16:00:00"
"217913",34,"0.79","2021-06-22 16:15:00"
"217967",34,"0.77","2021-06-22 16:30:00"
"218021",34,"0.2","2021-06-22 16:45:00"
"218075",34,"0.6000000000000001","2021-06-22 17:00:00"
"218129",34,"1.508","2021-06-22 17:15:00"
"218183",34,"0.78","2021-06-22 17:30:00"
"218237",34,"1.376","2021-06-22 17:45:00"
"218291",34,"1.109","2021-06-22 18:00:00"
"218345",34,"0.22","2021-06-22 18:15:00"
"219644",34,"2.453","2021-02-28 07:15:00"
"219734",34,"2.751","2021-02-28 07:30:00"
"219793",34,"1.346","2021-04-02 18:15:00"
"219923",34,"2.045","2021-04-02 18:30:00"
"219834",34,"3.093","2021-02-28 07:45:00"
"219920",34,"3.449","2021-02-28 08:00:00"
"220017",34,"3.473","2021-02-28 08:15:00"
"220043",34,"2.213","2021-04-02 18:45:00"
"220124",34,"3.75","2021-04-02 19:00:00"
"220236",34,"3.005","2021-04-02 19:15:00"
"220667",34,"4.013","2021-02-28 10:15:00"
"220721",34,"3.902","2021-02-28 10:30:00"
"220775",34,"4.342","2021-02-28 10:45:00"
"220861",34,"0","2021-05-11 10:00:00"
"220915",34,"0","2021-05-11 10:15:00"
"220969",34,"0.34","2021-05-11 10:30:00"
"221023",34,"0.12","2021-05-11 10:45:00"
"221077",34,"0.46","2021-05-11 11:00:00"
"221131",34,"2.519","2021-05-11 11:15:00"
"221185",34,"2.099","2021-05-11 11:30:00"
"221239",34,"0.89","2021-05-11 11:45:00"
"222391",34,"2.368","2021-06-22 23:00:00"
"222529",34,"2.195","2021-06-22 23:15:00"
"222638",34,"1.991","2021-06-22 23:30:00"
"222440",34,"3.948","2021-02-28 11:00:00"
"222527",34,"3.952","2021-02-28 11:15:00"
"222634",34,"3.956","2021-02-28 11:30:00"
"222742",34,"4.979","2021-02-28 11:45:00"
"222859",34,"4.734","2021-02-28 12:00:00"
"222793",34,"1.887","2021-06-22 23:45:00"
"222930",34,"2.437","2021-06-23 00:00:00"
"224493",34,"1.512","2021-04-02 23:00:00"
"224547",34,"1.8679999999999999","2021-04-02 23:15:00"
"224601",34,"0.58","2021-04-02 23:30:00"
"224655",34,"1.799","2021-04-02 23:45:00"
"224709",34,"1.162","2021-04-03 00:00:00"
"224763",34,"2.749","2021-04-03 00:15:00"
"225564",34,"2.594","2021-04-03 00:30:00"
"224833",34,"0.41000000000000003","2021-05-11 14:30:00"
"224941",34,"1.311","2021-05-11 14:45:00"
"225036",34,"2.091","2021-05-11 15:00:00"
"226350",34,"3.13","2021-06-23 02:15:00"
"226572",34,"2.657","2021-06-23 02:30:00"
"226789",34,"2.779","2021-06-23 02:45:00"
"226421",34,"2.495","2021-04-03 01:30:00"
"226613",34,"2.232","2021-04-03 01:45:00"
"226431",34,"3.2","2021-02-28 17:45:00"
"226638",34,"2.977","2021-02-28 18:00:00"
"226828",34,"2.862","2021-02-28 18:15:00"
"226509",34,"0","2021-05-11 17:00:00"
"226732",34,"0","2021-05-11 17:15:00"
"226922",34,"0.23","2021-05-11 17:30:00"
"228187",34,"2.813","2021-06-23 04:15:00"
"228030",34,"1.988","2021-04-03 03:30:00"
"228132",34,"0.24","2021-04-03 03:45:00"
"228258",34,"4.298","2021-02-28 19:45:00"
"228421",34,"3.338","2021-02-28 20:00:00"
"230209",34,"2.216","2021-02-28 20:15:00"
"228272",34,"0","2021-04-03 04:00:00"
"228402",34,"0.87","2021-04-03 04:15:00"
"228509",34,"1.996","2021-04-03 04:30:00"
"229503",34,"0","2021-04-03 07:15:00"
"229580",34,"0","2021-04-03 07:30:00"
"229657",34,"0","2021-04-03 07:45:00"
"229728",34,"1.936","2021-05-11 20:15:00"
"229859",34,"1.108","2021-05-11 20:30:00"
"230029",34,"0.5700000000000001","2021-05-11 20:45:00"
"229733",34,"0","2021-04-03 08:00:00"
"229832",34,"0","2021-04-03 08:15:00"
"229911",34,"0.28","2021-04-03 08:30:00"
"229989",34,"1.463","2021-04-03 08:45:00"
"230066",34,"1.7429999999999999","2021-04-03 09:00:00"
"231114",34,"3.782","2021-02-28 23:00:00"
"231191",34,"4.028","2021-02-28 23:15:00"
"231271",34,"3.841","2021-02-28 23:30:00"
"231347",34,"4.157","2021-02-28 23:45:00"
"231424",34,"4.23","2021-03-01 00:00:00"
"231504",34,"4.275","2021-03-01 00:15:00"
"231577",34,"4.446","2021-03-01 00:30:00"
"234122",34,"3.492","2021-03-01 00:45:00"
"231585",34,"0","2021-05-11 22:45:00"
"231669",34,"0.11","2021-05-11 23:00:00"
"231723",34,"1.6960000000000002","2021-05-11 23:15:00"
"235801",34,"5.276","2021-06-23 10:15:00"
"235864",34,"5.351","2021-06-23 10:30:00"
"232815",34,"1.683","2021-04-03 09:45:00"
"232869",34,"1.962","2021-04-03 10:00:00"
"232923",34,"2.242","2021-04-03 10:15:00"
"232977",34,"2.174","2021-04-03 10:30:00"
"233031",34,"1.859","2021-04-03 10:45:00"
"233085",34,"2.4","2021-04-03 11:00:00"
"233139",34,"1.508","2021-04-03 11:15:00"
"233193",34,"2.362","2021-04-03 11:30:00"
"234838",34,"1.708","2021-05-12 02:00:00"
"234994",34,"0.59","2021-05-12 02:15:00"
"235171",34,"0","2021-05-12 02:30:00"
"234979",34,"2.766","2021-03-01 03:30:00"
"235055",34,"2.892","2021-03-01 03:45:00"
"235132",34,"3.653","2021-03-01 04:00:00"
"235212",34,"4.206","2021-03-01 04:15:00"
"235291",34,"3.689","2021-03-01 04:30:00"
"235347",34,"0","2021-05-12 02:45:00"
"235523",34,"0","2021-05-12 03:00:00"
"236720",34,"3.168","2021-04-03 16:15:00"
"236824",34,"2.982","2021-04-03 16:30:00"
"236921",34,"2.729","2021-04-03 16:45:00"
"236843",34,"5.386","2021-06-23 12:45:00"
"236958",34,"4.993","2021-06-23 13:00:00"
"237051",34,"5.378","2021-06-23 13:15:00"
"237048",34,"2.5869999999999997","2021-04-03 17:00:00"
"237161",34,"3.664","2021-04-03 17:15:00"
"237154",34,"4.784","2021-06-23 13:30:00"
"237257",34,"5.054","2021-06-23 13:45:00"
"238203",34,"1.109","2021-03-01 07:15:00"
"238257",34,"2.161","2021-03-01 07:30:00"
"238311",34,"1.976","2021-03-01 07:45:00"
"238365",34,"2.829","2021-03-01 08:00:00"
"238419",34,"3.354","2021-03-01 08:15:00"
"238473",34,"3.318","2021-03-01 08:30:00"
"238527",34,"3.092","2021-03-01 08:45:00"
"238581",34,"2.667","2021-03-01 09:00:00"
"238635",34,"2.706","2021-03-01 09:15:00"
"238725",34,"3.1","2021-03-01 09:30:00"
"238810",34,"3.597","2021-03-01 09:45:00"
"239975",34,"4.9030000000000005","2021-06-23 15:15:00"
"240057",34,"4.991","2021-06-23 15:30:00"
"240131",34,"5.113","2021-06-23 15:45:00"
"240125",34,"2.31","2021-04-03 19:30:00"
"240298",34,"2.105","2021-04-03 19:45:00"
"194717",34,"3.33","2021-04-01 11:00:00"
"194771",34,"2.463","2021-04-01 11:15:00"
"194891",34,"2.638","2021-06-21 17:00:00"
"194945",34,"2.263","2021-06-21 17:15:00"
"194999",34,"2.038","2021-06-21 17:30:00"
"195053",34,"2.362","2021-06-21 17:45:00"
"195107",34,"1.976","2021-06-21 18:00:00"
"196400",34,"2.043","2021-06-21 20:15:00"
"196552",34,"0.86","2021-06-21 20:30:00"
"196451",34,"0","2021-02-27 06:15:00"
"196533",34,"0","2021-02-27 06:30:00"
"196614",34,"0","2021-02-27 06:45:00"
"198781",34,"0","2021-02-27 07:00:00"
"198835",34,"0","2021-02-27 07:15:00"
"196701",34,"0","2021-06-21 20:45:00"
"196808",34,"0","2021-06-21 21:00:00"
"199809",34,"0","2021-06-21 21:15:00"
"197461",34,"2.075","2021-05-10 09:00:00"
"197515",34,"2.458","2021-05-10 09:15:00"
"197569",34,"2.407","2021-05-10 09:30:00"
"197623",34,"2.642","2021-05-10 09:45:00"
"197677",34,"2.044","2021-05-10 10:00:00"
"197731",34,"2.635","2021-05-10 10:15:00"
"200670",34,"2.183","2021-05-10 10:30:00"
"200778",34,"2.112","2021-05-10 10:45:00"
"197825",34,"2.923","2021-04-01 11:30:00"
"197879",34,"2.724","2021-04-01 11:45:00"
"197933",34,"2.652","2021-04-01 12:00:00"
"198527",34,"0.97","2021-04-01 14:45:00"
"198581",34,"1.142","2021-04-01 15:00:00"
"198635",34,"1.388","2021-04-01 15:15:00"
"198689",34,"1.2770000000000001","2021-04-01 15:30:00"
"198743",34,"1.642","2021-04-01 15:45:00"
"200930",34,"1.7309999999999999","2021-04-01 16:00:00"
"201026",34,"0.99","2021-04-01 16:15:00"
"198889",34,"0.56","2021-02-27 07:30:00"
"198943",34,"2.675","2021-02-27 07:45:00"
"198997",34,"2.849","2021-02-27 08:00:00"
"200133",34,"1.102","2021-06-21 22:45:00"
"200187",34,"0.04","2021-06-21 23:00:00"
"200241",34,"1.5350000000000001","2021-06-21 23:15:00"
"200295",34,"0.5","2021-06-21 23:30:00"
"200349",34,"0.44","2021-06-21 23:45:00"
"200403",34,"0.03","2021-06-22 00:00:00"
"200457",34,"0","2021-06-22 00:15:00"
"200511",34,"0","2021-06-22 00:30:00"
"200565",34,"0","2021-06-22 00:45:00"
"200619",34,"0","2021-06-22 01:00:00"
"201410",34,"2.391","2021-05-10 12:15:00"
"201504",34,"2.165","2021-05-10 12:30:00"
"201612",34,"1.936","2021-05-10 12:45:00"
"201503",34,"0","2021-04-01 17:15:00"
"201611",34,"1.112","2021-04-01 17:30:00"
"201715",34,"1.88","2021-04-01 17:45:00"
"201721",34,"1.939","2021-05-10 13:00:00"
"201823",34,"1.199","2021-05-10 13:15:00"
"201832",34,"1.7109999999999999","2021-04-01 18:00:00"
"201938",34,"2.226","2021-04-01 18:15:00"
"202474",34,"1.216","2021-05-10 14:45:00"
"202583",34,"2.13","2021-05-10 15:00:00"
"205630",34,"1.55","2021-05-10 15:15:00"
"202584",34,"3.408","2021-04-01 19:45:00"
"202661",34,"3.071","2021-04-01 20:00:00"
"202715",34,"2.511","2021-04-01 20:15:00"
"202769",34,"2.042","2021-04-01 20:30:00"
"204701",34,"2.032","2021-04-01 20:45:00"
"202861",34,"4.338","2021-02-27 12:00:00"
"202915",34,"4.473","2021-02-27 12:15:00"
"202969",34,"3.724","2021-02-27 12:30:00"
"203563",34,"2.221","2021-02-27 15:15:00"
"203617",34,"2.565","2021-02-27 15:30:00"
"203671",34,"2.62","2021-02-27 15:45:00"
"203725",34,"2.111","2021-02-27 16:00:00"
"203779",34,"1.824","2021-02-27 16:15:00"
"203835",34,"0.52","2021-06-22 02:00:00"
"203889",34,"0","2021-06-22 02:15:00"
"203943",34,"0","2021-06-22 02:30:00"
"203997",34,"0","2021-06-22 02:45:00"
"204051",34,"0","2021-06-22 03:00:00"
"204660",34,"0","2021-06-22 05:45:00"
"204815",34,"0","2021-06-22 06:00:00"
"204992",34,"0","2021-06-22 06:15:00"
"204786",34,"1.917","2021-04-01 21:00:00"
"204864",34,"2.338","2021-04-01 21:15:00"
"204939",34,"2.064","2021-04-01 21:30:00"
"205022",34,"1.054","2021-04-01 21:45:00"
"205093",34,"0","2021-04-01 22:00:00"
"208359",34,"0","2021-06-22 06:30:00"
"208465",34,"0","2021-06-22 06:45:00"
"206297",34,"0","2021-05-10 17:30:00"
"206351",34,"0","2021-05-10 17:45:00"
"206405",34,"0","2021-05-10 18:00:00"
"206459",34,"0","2021-05-10 18:15:00"
"206513",34,"0","2021-05-10 18:30:00"
"206567",34,"0.02","2021-05-10 18:45:00"
"206621",34,"0","2021-05-10 19:00:00"
"206675",34,"0","2021-05-10 19:15:00"
"206729",34,"0.39","2021-05-10 19:30:00"
"208540",34,"2.4130000000000003","2021-05-10 19:45:00"
"207849",34,"1.638","2021-04-02 01:30:00"
"207903",34,"1.72","2021-04-02 01:45:00"
"207957",34,"2.34","2021-04-02 02:00:00"
"208011",34,"2.9939999999999998","2021-04-02 02:15:00"
"208065",34,"3.276","2021-04-02 02:30:00"
"208119",34,"2.584","2021-04-02 02:45:00"
"208173",34,"1.5670000000000002","2021-04-02 03:00:00"
"208227",34,"1.7349999999999999","2021-04-02 03:15:00"
"208281",34,"2.23","2021-04-02 03:30:00"
"208363",34,"2.496","2021-04-02 03:45:00"
"210182",34,"2.252","2021-06-22 09:45:00"
"210266",34,"1.591","2021-06-22 10:00:00"
"210429",34,"0","2021-05-10 23:15:00"
"210570",34,"1.202","2021-05-10 23:30:00"
"210349",34,"1.012","2021-06-22 10:15:00"
"210430",34,"1.3679999999999999","2021-06-22 10:30:00"
"210519",34,"0.32","2021-06-22 10:45:00"
"210601",34,"0.18","2021-06-22 11:00:00"
"213093",34,"1.185","2021-06-22 11:15:00"
"211776",34,"4.89","2021-02-28 00:15:00"
"211935",34,"5.056","2021-02-28 00:30:00"
"211840",34,"0","2021-04-02 07:15:00"
"211921",34,"0","2021-04-02 07:30:00"
"212002",34,"0","2021-04-02 07:45:00"
"212093",34,"1.5270000000000001","2021-04-02 08:00:00"
"212169",34,"2.219","2021-04-02 08:15:00"
"212080",34,"4.785","2021-02-28 00:45:00"
"212251",34,"4.617","2021-02-28 01:00:00"
"212417",34,"4.043","2021-02-28 01:15:00"
"213413",34,"1.179","2021-06-22 12:15:00"
"213481",34,"0.47000000000000003","2021-06-22 12:30:00"
"213561",34,"0.28","2021-06-22 12:45:00"
"213634",34,"0.13","2021-06-22 13:00:00"
"213719",34,"0","2021-06-22 13:15:00"
"213576",34,"0","2021-05-11 02:15:00"
"213740",34,"0","2021-05-11 02:30:00"
"213910",34,"0","2021-05-11 02:45:00"
"213799",34,"0.08","2021-06-22 13:30:00"
"213877",34,"0.07","2021-06-22 13:45:00"
"215047",34,"4.388","2021-02-28 02:45:00"
"215101",34,"4.642","2021-02-28 03:00:00"
"215155",34,"4.667","2021-02-28 03:15:00"
"215209",34,"3.988","2021-02-28 03:30:00"
"215263",34,"3.952","2021-02-28 03:45:00"
"215317",34,"3.99","2021-02-28 04:00:00"
"215371",34,"3.442","2021-02-28 04:15:00"
"215425",34,"3.428","2021-02-28 04:30:00"
"215479",34,"3.378","2021-02-28 04:45:00"
"215533",34,"3.284","2021-02-28 05:00:00"
"216765",34,"2.083","2021-04-02 15:00:00"
"218819",34,"1.292","2021-04-02 15:15:00"
"216889",34,"0","2021-05-11 05:30:00"
"216943",34,"0","2021-05-11 05:45:00"
"216997",34,"0","2021-05-11 06:00:00"
"217051",34,"0","2021-05-11 06:15:00"
"217105",34,"0","2021-05-11 06:30:00"
"217159",34,"0","2021-05-11 06:45:00"
"217213",34,"0","2021-05-11 07:00:00"
"217267",34,"0","2021-05-11 07:15:00"
"218399",34,"0.48","2021-06-22 18:30:00"
"218453",34,"2.025","2021-06-22 18:45:00"
"218507",34,"1.528","2021-06-22 19:00:00"
"218561",34,"1.5230000000000001","2021-06-22 19:15:00"
"218615",34,"1.475","2021-06-22 19:30:00"
"218669",34,"2.435","2021-06-22 19:45:00"
"218723",34,"2.555","2021-06-22 20:00:00"
"218777",34,"2.19","2021-06-22 20:15:00"
"218873",34,"1.02","2021-04-02 15:30:00"
"218927",34,"2.138","2021-04-02 15:45:00"
"218981",34,"2.116","2021-04-02 16:00:00"
"220150",34,"3.77","2021-02-28 08:30:00"
"220255",34,"4.042","2021-02-28 08:45:00"
"220347",34,"2.55","2021-04-02 19:30:00"
"222716",34,"2.1","2021-04-02 19:45:00"
"220364",34,"3.496","2021-02-28 09:00:00"
"220451",34,"3.316","2021-02-28 09:15:00"
"220505",34,"3.552","2021-02-28 09:30:00"
"220559",34,"3.574","2021-02-28 09:45:00"
"220613",34,"3.967","2021-02-28 10:00:00"
"221742",34,"2.029","2021-05-11 13:45:00"
"221891",34,"1.853","2021-05-11 14:00:00"
"222038",34,"1.427","2021-05-11 14:15:00"
"221964",34,"2.004","2021-06-22 21:15:00"
"222047",34,"2.429","2021-06-22 21:30:00"
"222101",34,"2.459","2021-06-22 21:45:00"
"222155",34,"1.786","2021-06-22 22:00:00"
"222209",34,"1.734","2021-06-22 22:15:00"
"222263",34,"1.673","2021-06-22 22:30:00"
"222317",34,"2.385","2021-06-22 22:45:00"
"225330",34,"2.859","2021-06-23 01:00:00"
"225498",34,"2.746","2021-06-23 01:15:00"
"223583",34,"1.438","2021-04-02 20:45:00"
"223716",34,"1.665","2021-04-02 21:00:00"
"223607",34,"3.438","2021-02-28 13:30:00"
"223693",34,"3.721","2021-02-28 13:45:00"
"223791",34,"0.84","2021-02-28 14:00:00"
"223879",34,"0.99","2021-02-28 14:15:00"
"223996",34,"0","2021-02-28 14:30:00"
"224989",34,"3.754","2021-02-28 15:45:00"
"225105",34,"3.534","2021-02-28 16:00:00"
"225214",34,"1.975","2021-02-28 16:15:00"
"225140",34,"0.97","2021-05-11 15:15:00"
"225251",34,"0.54","2021-05-11 15:30:00"
"225352",34,"2.338","2021-02-28 16:30:00"
"225541",34,"2.077","2021-02-28 16:45:00"
"225415",34,"1.685","2021-05-11 15:45:00"
"225646",34,"0.5700000000000001","2021-05-11 16:00:00"
"225834",34,"0.4","2021-05-11 16:15:00"
"227003",34,"2.81","2021-06-23 03:00:00"
"227246",34,"3.296","2021-06-23 03:15:00"
"227055",34,"2.799","2021-02-28 18:30:00"
"227292",34,"2.565","2021-02-28 18:45:00"
"226866",34,"2.6","2021-04-03 02:00:00"
"227087",34,"2.355","2021-04-03 02:15:00"
"227296",34,"2.362","2021-04-03 02:30:00"
"227132",34,"1.7229999999999999","2021-05-11 17:45:00"
"227313",34,"1.816","2021-05-11 18:00:00"
"228972",34,"0","2021-04-03 05:30:00"
"229046",34,"0","2021-04-03 05:45:00"
"229125",34,"0","2021-04-03 06:00:00"
"229198",34,"0","2021-04-03 06:15:00"
"229266",34,"0","2021-04-03 06:30:00"
"229374",34,"0.32","2021-05-11 19:45:00"
"229546",34,"1.994","2021-05-11 20:00:00"
"229342",34,"0","2021-04-03 06:45:00"
"229425",34,"0","2021-04-03 07:00:00"
"230678",34,"1.369","2021-05-11 21:30:00"
"230844",34,"1.4929999999999999","2021-05-11 21:45:00"
"231020",34,"1.4100000000000001","2021-05-11 22:00:00"
"230733",34,"3.236","2021-02-28 21:45:00"
"230810",34,"2.741","2021-02-28 22:00:00"
"230893",34,"2.755","2021-02-28 22:15:00"
"230971",34,"3.403","2021-02-28 22:30:00"
"231047",34,"3.383","2021-02-28 22:45:00"
"231219",34,"0.16","2021-05-11 22:15:00"
"231401",34,"0","2021-05-11 22:30:00"
"232261",34,"2.685","2021-06-23 07:45:00"
"232315",34,"2.492","2021-06-23 08:00:00"
"232369",34,"3.292","2021-06-23 08:15:00"
"232423",34,"3.694","2021-06-23 08:30:00"
"232477",34,"3.569","2021-06-23 08:45:00"
"232531",34,"4.213","2021-06-23 09:00:00"
"232585",34,"4.689","2021-06-23 09:15:00"
"232639",34,"4.377","2021-06-23 09:30:00"
"232693",34,"4.341","2021-06-23 09:45:00"
"232747",34,"4.119","2021-06-23 10:00:00"
"235858",34,"1.823","2021-04-03 14:15:00"
"235970",34,"1.367","2021-04-03 14:30:00"
"236077",34,"0.88","2021-04-03 14:45:00"
"233885",34,"1.701","2021-05-12 00:00:00"
"233939",34,"1.968","2021-05-12 00:15:00"
"233993",34,"1.496","2021-05-12 00:30:00"
"234047",34,"1.9729999999999999","2021-05-12 00:45:00"
"234113",34,"1.712","2021-05-12 01:00:00"
"234283",34,"1.666","2021-05-12 01:15:00"
"234203",34,"3.502","2021-03-01 01:00:00"
"234281",34,"3.502","2021-03-01 01:15:00"
"235370",34,"3.323","2021-03-01 04:45:00"
"235447",34,"1.895","2021-03-01 05:00:00"
"235524",34,"1.923","2021-03-01 05:15:00"
"235587",34,"0.77","2021-05-12 03:15:00"
"235641",34,"0.01","2021-05-12 03:30:00"
"235695",34,"0.44","2021-05-12 03:45:00"
"235749",34,"1.553","2021-05-12 04:00:00"
"238697",34,"1.9729999999999999","2021-05-12 04:15:00"
"235964",34,"5.264","2021-06-23 10:45:00"
"236078",34,"5.277","2021-06-23 11:00:00"
"236184",34,"5.48","2021-06-23 11:15:00"
"237759",34,"2.818","2021-04-03 18:45:00"
"239875",34,"2.271","2021-04-03 19:00:00"
"239962",34,"1.9420000000000002","2021-04-03 19:15:00"
"237825",34,"1.2810000000000001","2021-03-01 05:30:00"
"237879",34,"0","2021-03-01 05:45:00"
"237933",34,"0","2021-03-01 06:00:00"
"237987",34,"0","2021-03-01 06:15:00"
"238041",34,"0.02","2021-03-01 06:30:00"
"238095",34,"0","2021-03-01 06:45:00"
"238149",34,"0","2021-03-01 07:00:00"
"239289",34,"0","2021-05-12 06:30:00"
"239343",34,"0","2021-05-12 06:45:00"
"239397",34,"0","2021-05-12 07:00:00"
"239451",34,"0","2021-05-12 07:15:00"
"239505",34,"0","2021-05-12 07:30:00"
"239559",34,"0","2021-05-12 07:45:00"
"239613",34,"0","2021-05-12 08:00:00"
"239667",34,"0","2021-05-12 08:15:00"
"239721",34,"0.55","2021-05-12 08:30:00"
"239775",34,"1.604","2021-05-12 08:45:00"
"240980",34,"3.396","2021-06-23 18:30:00"
"241057",34,"3.638","2021-06-23 18:45:00"
"241134",34,"3.684","2021-06-23 19:00:00"
"241218",34,"3.548","2021-06-23 19:15:00"
"243799",34,"3.672","2021-06-23 19:30:00"
"241299",34,"2.858","2021-04-03 21:15:00"
"240828",34,"2.458","2021-04-03 20:30:00"
"240594",34,"4.83","2021-06-23 17:15:00"
"240673",34,"4.381","2021-06-23 17:30:00"
"240749",34,"3.545","2021-06-23 17:45:00"
"240834",34,"3.713","2021-06-23 18:00:00"
"240906",34,"3.347","2021-06-23 18:15:00"
"241027",34,"2.277","2021-04-03 20:45:00"
"241186",34,"2.468","2021-04-03 21:00:00"
"249940",34,"1.631","2021-03-01 21:30:00"
"250044",34,"2.006","2021-03-01 21:45:00"
"250015",34,"0","2021-05-12 21:15:00"
"250105",34,"0.67","2021-05-12 21:30:00"
"250183",34,"1.917","2021-03-01 22:00:00"
"250276",34,"2.091","2021-03-01 22:15:00"
"250384",34,"1.912","2021-03-01 22:30:00"
"250205",34,"0.16","2021-05-12 21:45:00"
"250324",34,"0.03","2021-05-12 22:00:00"
"250427",34,"0","2021-05-12 22:15:00"
"252132",34,"0.27","2021-06-24 07:15:00"
"252223",34,"0","2021-06-24 07:30:00"
"252328",34,"0","2021-06-24 07:45:00"
"252352",34,"2.5949999999999998","2021-04-04 08:15:00"
"252479",34,"2.878","2021-04-04 08:30:00"
"252430",34,"0","2021-06-24 08:00:00"
"252514",34,"0","2021-06-24 08:15:00"
"252605",34,"0","2021-06-24 08:30:00"
"252661",34,"0","2021-06-24 08:45:00"
"252715",34,"0.36","2021-06-24 09:00:00"
"253710",34,"2.827","2021-03-02 00:00:00"
"253798",34,"2.206","2021-03-02 00:15:00"
"253824",34,"0","2021-05-13 03:00:00"
"253911",34,"1.569","2021-05-13 03:15:00"
"253928",34,"2.472","2021-03-02 00:30:00"
"253983",34,"2.138","2021-03-02 00:45:00"
"254037",34,"1.9100000000000001","2021-03-02 01:00:00"
"254091",34,"2.683","2021-03-02 01:15:00"
"254145",34,"2.106","2021-03-02 01:30:00"
"254199",34,"1.962","2021-03-02 01:45:00"
"257793",34,"0","2021-03-02 04:30:00"
"257847",34,"0","2021-03-02 04:45:00"
"254877",34,"0.30000000000000004","2021-06-24 09:45:00"
"254931",34,"1.297","2021-06-24 10:00:00"
"254985",34,"2.497","2021-06-24 10:15:00"
"255039",34,"2.346","2021-06-24 10:30:00"
"255101",34,"2.674","2021-06-24 10:45:00"
"255204",34,"1.98","2021-06-24 11:00:00"
"255318",34,"2.543","2021-06-24 11:15:00"
"255442",34,"2.884","2021-06-24 11:30:00"
"256485",34,"4.028","2021-04-04 12:00:00"
"256539",34,"3.964","2021-04-04 12:15:00"
"256593",34,"3.982","2021-04-04 12:30:00"
"256647",34,"3.5540000000000003","2021-04-04 12:45:00"
"256701",34,"4.216","2021-04-04 13:00:00"
"256755",34,"4.423","2021-04-04 13:15:00"
"259620",34,"3.899","2021-04-04 13:30:00"
"259717",34,"3.645","2021-04-04 13:45:00"
"256825",34,"0.7000000000000001","2021-05-13 03:30:00"
"256879",34,"0.27","2021-05-13 03:45:00"
"256933",34,"1.2690000000000001","2021-05-13 04:00:00"
"258171",34,"0.19","2021-03-02 06:15:00"
"258225",34,"0","2021-03-02 06:30:00"
"258279",34,"0","2021-03-02 06:45:00"
"258333",34,"0.25","2021-03-02 07:00:00"
"258387",34,"0.01","2021-03-02 07:15:00"
"258441",34,"0.49","2021-03-02 07:30:00"
"258495",34,"0.42","2021-03-02 07:45:00"
"258549",34,"1.152","2021-03-02 08:00:00"
"258603",34,"1.6","2021-03-02 08:15:00"
"258657",34,"1.7650000000000001","2021-03-02 08:30:00"
"258714",34,"2.218","2021-03-02 08:45:00"
"259888",34,"0","2021-06-24 18:15:00"
"259993",34,"0","2021-06-24 18:30:00"
"260025",34,"3.62","2021-04-04 14:30:00"
"260079",34,"3.319","2021-04-04 14:45:00"
"260133",34,"3.778","2021-04-04 15:00:00"
"260187",34,"3.155","2021-04-04 15:15:00"
"260241",34,"3.755","2021-04-04 15:30:00"
"260295",34,"3.938","2021-04-04 15:45:00"
"260349",34,"3.092","2021-04-04 16:00:00"
"260403",34,"3.123","2021-04-04 16:15:00"
"261499",34,"4.633","2021-05-13 11:15:00"
"261553",34,"4.829","2021-05-13 11:30:00"
"261607",34,"4.844","2021-05-13 11:45:00"
"261661",34,"4.838","2021-05-13 12:00:00"
"261715",34,"4.458","2021-05-13 12:15:00"
"261769",34,"4.755","2021-05-13 12:30:00"
"264248",34,"4.379","2021-05-13 12:45:00"
"264325",34,"4.77","2021-05-13 13:00:00"
"261873",34,"1.9420000000000002","2021-03-02 09:30:00"
"261927",34,"1.8010000000000002","2021-03-02 09:45:00"
"261981",34,"1.627","2021-03-02 10:00:00"
"262575",34,"2.876","2021-03-02 12:45:00"
"262629",34,"2.866","2021-03-02 13:00:00"
"262683",34,"2.965","2021-03-02 13:15:00"
"262737",34,"3.69","2021-03-02 13:30:00"
"265791",34,"2.342","2021-03-02 13:45:00"
"262821",34,"0","2021-06-24 18:45:00"
"262875",34,"0","2021-06-24 19:00:00"
"262929",34,"0","2021-06-24 19:15:00"
"262983",34,"0","2021-06-24 19:30:00"
"263037",34,"0","2021-06-24 19:45:00"
"263658",34,"3.766","2021-04-04 18:30:00"
"263803",34,"3.271","2021-04-04 18:45:00"
"263875",34,"2.09","2021-06-24 22:45:00"
"263949",34,"1.932","2021-06-24 23:00:00"
"263974",34,"2.971","2021-04-04 19:00:00"
"264051",34,"2.585","2021-04-04 19:15:00"
"264105",34,"3.44","2021-04-04 19:30:00"
"266443",34,"1.8210000000000002","2021-06-24 23:15:00"
"266521",34,"1.923","2021-06-24 23:30:00"
"266599",34,"1.822","2021-06-24 23:45:00"
"265324",34,"4.054","2021-05-13 15:45:00"
"265426",34,"4.864","2021-05-13 16:00:00"
"265460",34,"5.112","2021-04-04 22:15:00"
"265559",34,"5.371","2021-04-04 22:30:00"
"268807",34,"5.745","2021-04-04 22:45:00"
"265538",34,"4.6530000000000005","2021-05-13 16:15:00"
"265633",34,"4.567","2021-05-13 16:30:00"
"265687",34,"4.692","2021-05-13 16:45:00"
"265741",34,"4.092","2021-05-13 17:00:00"
"267795",34,"3.803","2021-05-13 17:15:00"
"267849",34,"4.317","2021-05-13 17:30:00"
"266385",34,"6.242","2021-03-02 16:30:00"
"266473",34,"4.345","2021-03-02 16:45:00"
"266634",34,"3.119","2021-03-02 17:00:00"
"266684",34,"1.927","2021-06-25 00:00:00"
"266761",34,"1.718","2021-06-25 00:15:00"
"266815",34,"3.366","2021-03-02 17:15:00"
"267009",34,"2.645","2021-03-02 17:30:00"
"266838",34,"1.562","2021-06-25 00:30:00"
"266907",34,"1.806","2021-06-25 00:45:00"
"266983",34,"1.7970000000000002","2021-06-25 01:00:00"
"268173",34,"3.492","2021-05-13 19:00:00"
"268227",34,"2.684","2021-05-13 19:15:00"
"268281",34,"2.471","2021-05-13 19:30:00"
"268335",34,"2.086","2021-05-13 19:45:00"
"268389",34,"2.563","2021-05-13 20:00:00"
"268443",34,"2.308","2021-05-13 20:15:00"
"268497",34,"2.74","2021-05-13 20:30:00"
"268551",34,"2.524","2021-05-13 20:45:00"
"268605",34,"2.737","2021-05-13 21:00:00"
"268659",34,"2.607","2021-05-13 21:15:00"
"269927",34,"0","2021-06-25 04:30:00"
"269981",34,"0","2021-06-25 04:45:00"
"270035",34,"0","2021-06-25 05:00:00"
"270089",34,"0","2021-06-25 05:15:00"
"270143",34,"0","2021-06-25 05:30:00"
"270197",34,"0","2021-06-25 05:45:00"
"270251",34,"0","2021-06-25 06:00:00"
"270305",34,"0","2021-06-25 06:15:00"
"270359",34,"0","2021-06-25 06:30:00"
"270413",34,"0","2021-06-25 06:45:00"
"271561",34,"2.8280000000000003","2021-05-13 23:30:00"
"271662",34,"2.526","2021-05-13 23:45:00"
"271673",34,"2.888","2021-03-02 20:30:00"
"271773",34,"2.309","2021-03-02 20:45:00"
"271782",34,"2.801","2021-05-14 00:00:00"
"271904",34,"2.848","2021-05-14 00:15:00"
"272016",34,"2.3970000000000002","2021-05-14 00:30:00"
"271866",34,"2.831","2021-03-02 21:00:00"
"271966",34,"3.388","2021-03-02 21:15:00"
"272066",34,"2.529","2021-03-02 21:30:00"
"273103",34,"3.168","2021-04-05 04:45:00"
"273211",34,"2.911","2021-04-05 05:00:00"
"273177",34,"2.184","2021-05-14 02:30:00"
"273334",34,"1.927","2021-05-14 02:45:00"
"273479",34,"1.474","2021-05-14 03:00:00"
"273303",34,"0","2021-06-25 08:45:00"
"273470",34,"0.04","2021-06-25 09:00:00"
"273719",34,"0.02","2021-06-25 09:15:00"
"273405",34,"2.293","2021-04-05 05:15:00"
"273541",34,"1.9060000000000001","2021-04-05 05:30:00"
"273663",34,"0.92","2021-04-05 05:45:00"
"274688",34,"0.67","2021-06-25 10:45:00"
"274837",34,"0.34","2021-06-25 11:00:00"
"275061",34,"0","2021-06-25 11:15:00"
"274922",34,"0","2021-05-14 05:15:00"
"275120",34,"0","2021-05-14 05:30:00"
"275046",34,"2.014","2021-04-05 07:45:00"
"277912",34,"2.008","2021-04-05 08:00:00"
"278087",34,"1.802","2021-04-05 08:15:00"
"275246",34,"0.65","2021-06-25 11:30:00"
"275409",34,"0.32","2021-06-25 11:45:00"
"276329",34,"1.996","2021-03-03 01:30:00"
"276383",34,"2.158","2021-03-03 01:45:00"
"276437",34,"1.605","2021-03-03 02:00:00"
"276491",34,"1.592","2021-03-03 02:15:00"
"276545",34,"0.37","2021-03-03 02:30:00"
"276599",34,"0.41000000000000003","2021-03-03 02:45:00"
"276653",34,"0.37","2021-03-03 03:00:00"
"276707",34,"0","2021-03-03 03:15:00"
"276761",34,"0","2021-03-03 03:30:00"
"279611",34,"0.64","2021-03-03 03:45:00"
"278068",34,"1.4","2021-06-25 15:15:00"
"278226",34,"1.389","2021-06-25 15:30:00"
"278380",34,"2.039","2021-06-25 15:45:00"
"278249",34,"2.466","2021-04-05 08:30:00"
"278412",34,"2.44","2021-04-05 08:45:00"
"278593",34,"3.116","2021-04-05 09:00:00"
"278381",34,"3.418","2021-05-14 11:00:00"
"278525",34,"4.3870000000000005","2021-05-14 11:15:00"
"278539",34,"2.335","2021-06-25 16:00:00"
"278700",34,"1.308","2021-06-25 16:15:00"
"279674",34,"4.902","2021-04-05 11:45:00"
"279777",34,"3.81","2021-04-05 12:00:00"
"279737",34,"0.18","2021-03-03 04:00:00"
"279843",34,"0","2021-03-03 04:15:00"
"279946",34,"0","2021-03-03 04:30:00"
"279894",34,"4.208","2021-04-05 12:15:00"
"279998",34,"3.9530000000000003","2021-04-05 12:30:00"
"281896",34,"3.7279999999999998","2021-04-05 12:45:00"
"280031",34,"0","2021-03-03 04:45:00"
"280085",34,"0.5","2021-03-03 05:00:00"
"281338",34,"0","2021-06-25 19:00:00"
"281457",34,"0","2021-06-25 19:15:00"
"281555",34,"0","2021-06-25 19:30:00"
"281556",34,"2.922","2021-05-14 13:30:00"
"281657",34,"2.883","2021-05-14 13:45:00"
"281670",34,"0","2021-06-25 19:45:00"
"281789",34,"0","2021-06-25 20:00:00"
"281791",34,"2.203","2021-05-14 14:00:00"
"281946",34,"2.052","2021-05-14 14:15:00"
"282089",34,"0.51","2021-05-14 14:30:00"
"282535",34,"3.266","2021-04-05 13:45:00"
"282692",34,"3.5620000000000003","2021-04-05 14:00:00"
"282644",34,"1.377","2021-06-25 21:15:00"
"282805",34,"0.12","2021-06-25 21:30:00"
"282915",34,"0","2021-05-14 15:45:00"
"283113",34,"0.72","2021-05-14 16:00:00"
"283333",34,"1.742","2021-05-14 16:15:00"
"282928",34,"3.667","2021-04-05 14:15:00"
"283140",34,"4.247","2021-04-05 14:30:00"
"283353",34,"3.9859999999999998","2021-04-05 14:45:00"
"284052",34,"2.646","2021-04-05 16:15:00"
"284151",34,"2.771","2021-04-05 16:30:00"
"240212",34,"4.417","2021-06-23 16:00:00"
"240288",34,"4.874","2021-06-23 16:15:00"
"240365",34,"4.977","2021-06-23 16:30:00"
"240447",34,"5.408","2021-06-23 16:45:00"
"240521",34,"4.886","2021-06-23 17:00:00"
"241623",34,"2.079","2021-04-03 22:45:00"
"241677",34,"2.089","2021-04-03 23:00:00"
"241731",34,"2.333","2021-04-03 23:15:00"
"244785",34,"2.467","2021-04-03 23:30:00"
"244925",34,"2.493","2021-04-03 23:45:00"
"241829",34,"1.438","2021-05-12 09:00:00"
"241883",34,"0.98","2021-05-12 09:15:00"
"241937",34,"1.331","2021-05-12 09:30:00"
"241991",34,"0.67","2021-05-12 09:45:00"
"242045",34,"0.79","2021-05-12 10:00:00"
"242693",34,"2.563","2021-05-12 13:00:00"
"242747",34,"2.96","2021-05-12 13:15:00"
"242905",34,"3.173","2021-03-01 10:30:00"
"242959",34,"2.372","2021-03-01 10:45:00"
"243013",34,"3.07","2021-03-01 11:00:00"
"243067",34,"3.043","2021-03-01 11:15:00"
"243121",34,"2.982","2021-03-01 11:30:00"
"243175",34,"2.907","2021-03-01 11:45:00"
"243229",34,"2.821","2021-03-01 12:00:00"
"243283",34,"3.047","2021-03-01 12:15:00"
"243853",34,"3.481","2021-06-23 19:45:00"
"243907",34,"3.898","2021-06-23 20:00:00"
"243961",34,"3.926","2021-06-23 20:15:00"
"244015",34,"3.803","2021-06-23 20:30:00"
"244069",34,"3.207","2021-06-23 20:45:00"
"244123",34,"3.5","2021-06-23 21:00:00"
"244177",34,"3.363","2021-06-23 21:15:00"
"244231",34,"2.924","2021-06-23 21:30:00"
"244285",34,"3.127","2021-06-23 21:45:00"
"244339",34,"3.497","2021-06-23 22:00:00"
"245125",34,"3.023","2021-04-04 00:00:00"
"245290",34,"2.359","2021-04-04 00:15:00"
"245022",34,"4.973","2021-03-01 15:00:00"
"245162",34,"9.2","2021-03-01 15:15:00"
"245329",34,"5.818","2021-03-01 15:30:00"
"245367",34,"2.571","2021-05-12 14:15:00"
"245508",34,"2.966","2021-05-12 14:30:00"
"245577",34,"3.632","2021-03-01 15:45:00"
"245783",34,"2.718","2021-03-01 16:00:00"
"246017",34,"2.042","2021-03-01 16:15:00"
"246228",34,"1.847","2021-03-01 16:30:00"
"246417",34,"2.523","2021-03-01 16:45:00"
"246296",34,"2.137","2021-05-12 15:30:00"
"246509",34,"1.932","2021-05-12 15:45:00"
"246437",34,"4.497","2021-06-24 01:00:00"
"246629",34,"3.411","2021-06-24 01:15:00"
"246471",34,"2.418","2021-04-04 01:45:00"
"246696",34,"3.017","2021-04-04 02:00:00"
"246899",34,"3.298","2021-04-04 02:15:00"
"247040",34,"3.088","2021-03-01 17:30:00"
"247270",34,"2.914","2021-03-01 17:45:00"
"247450",34,"2.742","2021-03-01 18:00:00"
"247425",34,"2.233","2021-05-12 16:45:00"
"247657",34,"1.384","2021-05-12 17:00:00"
"247521",34,"2.809","2021-06-24 02:15:00"
"247692",34,"2.1","2021-06-24 02:30:00"
"247539",34,"2.4050000000000002","2021-04-04 03:00:00"
"247737",34,"2.243","2021-04-04 03:15:00"
"247915",34,"2.461","2021-04-04 03:30:00"
"248106",34,"2.238","2021-03-01 18:45:00"
"248313",34,"3.753","2021-03-01 19:00:00"
"248808",34,"2.916","2021-03-01 19:15:00"
"248490",34,"0","2021-05-12 18:00:00"
"248872",34,"0","2021-05-12 18:15:00"
"248952",34,"0","2021-05-12 18:30:00"
"248527",34,"2.048","2021-06-24 03:30:00"
"248581",34,"2.5060000000000002","2021-06-24 03:45:00"
"248635",34,"1.9849999999999999","2021-06-24 04:00:00"
"248689",34,"1.994","2021-06-24 04:15:00"
"248743",34,"1.802","2021-06-24 04:30:00"
"249370",34,"0.14","2021-03-01 20:15:00"
"249500",34,"0","2021-03-01 20:30:00"
"249479",34,"0","2021-05-12 20:00:00"
"249572",34,"0","2021-05-12 20:15:00"
"249628",34,"0.39","2021-03-01 20:45:00"
"249726",34,"0.07","2021-03-01 21:00:00"
"249829",34,"2.206","2021-03-01 21:15:00"
"249679",34,"0","2021-05-12 20:30:00"
"249799",34,"0","2021-05-12 20:45:00"
"249901",34,"0.19","2021-05-12 21:00:00"
"250973",34,"2.504","2021-04-04 05:00:00"
"251039",34,"2.006","2021-04-04 05:15:00"
"251165",34,"1.301","2021-04-04 05:30:00"
"251266",34,"0.35000000000000003","2021-04-04 05:45:00"
"251366",34,"1.677","2021-04-04 06:00:00"
"251369",34,"2.106","2021-06-24 05:30:00"
"251470",34,"1.755","2021-06-24 05:45:00"
"251482",34,"0.63","2021-04-04 06:15:00"
"251582",34,"1.116","2021-04-04 06:30:00"
"251691",34,"0.38","2021-04-04 06:45:00"
"255090",34,"3.035","2021-04-04 08:45:00"
"255203",34,"3.283","2021-04-04 09:00:00"
"255308",34,"3.33","2021-04-04 09:15:00"
"252769",34,"1.5710000000000002","2021-06-24 09:15:00"
"254823",34,"1.659","2021-06-24 09:30:00"
"252853",34,"0.02","2021-05-12 23:00:00"
"252907",34,"0","2021-05-12 23:15:00"
"252961",34,"0","2021-05-12 23:30:00"
"253015",34,"0","2021-05-12 23:45:00"
"253069",34,"0.08","2021-05-13 00:00:00"
"253123",34,"1.457","2021-05-13 00:15:00"
"254253",34,"1.746","2021-03-02 02:00:00"
"254307",34,"0.30000000000000004","2021-03-02 02:15:00"
"254361",34,"0","2021-03-02 02:30:00"
"254415",34,"0","2021-03-02 02:45:00"
"254469",34,"0","2021-03-02 03:00:00"
"254523",34,"0","2021-03-02 03:15:00"
"254577",34,"0.08","2021-03-02 03:30:00"
"254631",34,"0","2021-03-02 03:45:00"
"254685",34,"0","2021-03-02 04:00:00"
"254739",34,"0","2021-03-02 04:15:00"
"255982",34,"4.3870000000000005","2021-04-04 10:45:00"
"256086",34,"4.153","2021-04-04 11:00:00"
"256210",34,"4.55","2021-04-04 11:15:00"
"256048",34,"2.702","2021-06-24 13:00:00"
"256147",34,"3.121","2021-06-24 13:15:00"
"256243",34,"3.642","2021-06-24 13:30:00"
"256319",34,"4.973","2021-04-04 11:30:00"
"256427",34,"3.054","2021-04-04 11:45:00"
"256356",34,"3.779","2021-06-24 13:45:00"
"258738",34,"3.032","2021-06-24 14:00:00"
"257527",34,"1.72","2021-05-13 06:45:00"
"257581",34,"3.885","2021-05-13 07:00:00"
"257635",34,"3.186","2021-05-13 07:15:00"
"257689",34,"3.145","2021-05-13 07:30:00"
"257743",34,"2.713","2021-05-13 07:45:00"
"257901",34,"0","2021-03-02 05:00:00"
"257955",34,"1.7690000000000001","2021-03-02 05:15:00"
"258009",34,"1.603","2021-03-02 05:30:00"
"258063",34,"1.292","2021-03-02 05:45:00"
"258117",34,"0.64","2021-03-02 06:00:00"
"259281",34,"1.792","2021-06-24 16:15:00"
"259335",34,"1.491","2021-06-24 16:30:00"
"259389",34,"0.22","2021-06-24 16:45:00"
"259443",34,"0.99","2021-06-24 17:00:00"
"259497",34,"0","2021-06-24 17:15:00"
"259551",34,"0","2021-06-24 17:30:00"
"259652",34,"0","2021-06-24 17:45:00"
"259763",34,"0","2021-06-24 18:00:00"
"259811",34,"4.004","2021-04-04 14:00:00"
"259921",34,"2.64","2021-04-04 14:15:00"
"260959",34,"3.5300000000000002","2021-05-13 08:45:00"
"261013",34,"3.278","2021-05-13 09:00:00"
"261067",34,"4.392","2021-05-13 09:15:00"
"261121",34,"4.5969999999999995","2021-05-13 09:30:00"
"261175",34,"3.314","2021-05-13 09:45:00"
"261229",34,"3.7359999999999998","2021-05-13 10:00:00"
"261283",34,"3.839","2021-05-13 10:15:00"
"261337",34,"3.894","2021-05-13 10:30:00"
"261391",34,"3.666","2021-05-13 10:45:00"
"261445",34,"4.128","2021-05-13 11:00:00"
"262035",34,"1.92","2021-03-02 10:15:00"
"262089",34,"0.39","2021-03-02 10:30:00"
"262143",34,"1.478","2021-03-02 10:45:00"
"262197",34,"2.02","2021-03-02 11:00:00"
"262251",34,"1.823","2021-03-02 11:15:00"
"262305",34,"2.204","2021-03-02 11:30:00"
"262359",34,"2.135","2021-03-02 11:45:00"
"262413",34,"2.616","2021-03-02 12:00:00"
"262467",34,"2.822","2021-03-02 12:15:00"
"262521",34,"2.807","2021-03-02 12:30:00"
"264159",34,"2.9450000000000003","2021-04-04 19:45:00"
"264276",34,"3.2439999999999998","2021-04-04 20:00:00"
"264407",34,"4.323","2021-05-13 13:15:00"
"264483",34,"4.094","2021-05-13 13:30:00"
"264441",34,"4.537","2021-04-04 20:15:00"
"264640",34,"3.982","2021-04-04 20:30:00"
"264804",34,"4.574","2021-04-04 20:45:00"
"264553",34,"4.258","2021-05-13 13:45:00"
"264631",34,"3.573","2021-05-13 14:00:00"
"264710",34,"3.996","2021-05-13 14:15:00"
"265845",34,"3.367","2021-03-02 14:00:00"
"265899",34,"3.8529999999999998","2021-03-02 14:15:00"
"265953",34,"3.124","2021-03-02 14:30:00"
"266007",34,"3.836","2021-03-02 14:45:00"
"266061",34,"3.333","2021-03-02 15:00:00"
"266115",34,"2.791","2021-03-02 15:15:00"
"266169",34,"3.648","2021-03-02 15:30:00"
"266223",34,"3.657","2021-03-02 15:45:00"
"266277",34,"3.282","2021-03-02 16:00:00"
"266331",34,"4.5120000000000005","2021-03-02 16:15:00"
"267599",34,"0.25","2021-06-25 03:00:00"
"267657",34,"0","2021-06-25 03:15:00"
"267711",34,"0","2021-06-25 03:30:00"
"267765",34,"0","2021-06-25 03:45:00"
"269819",34,"0","2021-06-25 04:00:00"
"269873",34,"0","2021-06-25 04:15:00"
"267903",34,"3.781","2021-05-13 17:45:00"
"267957",34,"3.457","2021-05-13 18:00:00"
"268011",34,"2.997","2021-05-13 18:15:00"
"268065",34,"3.166","2021-05-13 18:30:00"
"268119",34,"3.467","2021-05-13 18:45:00"
"269239",34,"4.194","2021-04-05 00:45:00"
"269293",34,"5.018","2021-04-05 01:00:00"
"269347",34,"4.336","2021-04-05 01:15:00"
"269401",34,"4.416","2021-04-05 01:30:00"
"269455",34,"4.215","2021-04-05 01:45:00"
"269509",34,"4.553","2021-04-05 02:00:00"
"269563",34,"4.503","2021-04-05 02:15:00"
"269617",34,"5.027","2021-04-05 02:30:00"
"269671",34,"4.282","2021-04-05 02:45:00"
"269725",34,"3.263","2021-04-05 03:00:00"
"269779",34,"3.763","2021-04-05 03:15:00"
"270467",34,"0","2021-06-25 07:00:00"
"270521",34,"0","2021-06-25 07:15:00"
"270575",34,"0","2021-06-25 07:30:00"
"270629",34,"0","2021-06-25 07:45:00"
"270683",34,"0","2021-06-25 08:00:00"
"270737",34,"0","2021-06-25 08:15:00"
"273151",34,"0","2021-06-25 08:30:00"
"270829",34,"5.493","2021-03-02 18:30:00"
"270931",34,"5.3","2021-03-02 18:45:00"
"271032",34,"4.353","2021-03-02 19:00:00"
"272120",34,"2.281","2021-05-14 00:45:00"
"272229",34,"2.571","2021-05-14 01:00:00"
"272191",34,"0.65","2021-03-02 21:45:00"
"272295",34,"0","2021-03-02 22:00:00"
"272344",34,"2.44","2021-05-14 01:15:00"
"272467",34,"2.519","2021-05-14 01:30:00"
"272574",34,"2.168","2021-05-14 01:45:00"
"272389",34,"0","2021-03-02 22:15:00"
"272488",34,"0.04","2021-03-02 22:30:00"
"272597",34,"0.03","2021-03-02 22:45:00"
"273613",34,"1.629","2021-05-14 03:15:00"
"273768",34,"1.658","2021-05-14 03:30:00"
"273834",34,"0","2021-04-05 06:00:00"
"274001",34,"0","2021-04-05 06:15:00"
"273879",34,"1.292","2021-06-25 09:30:00"
"274019",34,"0.44","2021-06-25 09:45:00"
"274182",34,"0.68","2021-06-25 10:00:00"
"273923",34,"1.783","2021-05-14 03:45:00"
"274097",34,"1.4929999999999999","2021-05-14 04:00:00"
"274248",34,"0.51","2021-05-14 04:15:00"
"275265",34,"0","2021-05-14 05:45:00"
"275426",34,"1.252","2021-05-14 06:00:00"
"275581",34,"0.04","2021-05-14 06:15:00"
"275294",34,"0.12","2021-03-02 23:30:00"
"275460",34,"0","2021-03-02 23:45:00"
"275609",34,"0","2021-03-03 00:00:00"
"275595",34,"0.5700000000000001","2021-06-25 12:00:00"
"275738",34,"0.33","2021-06-25 12:15:00"
"275908",34,"1.678","2021-06-25 12:30:00"
"275757",34,"0","2021-05-14 06:30:00"
"275913",34,"0","2021-05-14 06:45:00"
"276933",34,"0","2021-05-14 07:45:00"
"277012",34,"0","2021-05-14 08:00:00"
"277035",34,"1.4060000000000001","2021-06-25 13:15:00"
"277173",34,"1","2021-06-25 13:30:00"
"277308",34,"1.8900000000000001","2021-06-25 13:45:00"
"277097",34,"0","2021-05-14 08:15:00"
"277185",34,"0.18","2021-05-14 08:30:00"
"277265",34,"2.491","2021-05-14 08:45:00"
"277374",34,"2.719","2021-05-14 09:00:00"
"277469",34,"2.558","2021-05-14 09:15:00"
"278762",34,"3.3529999999999998","2021-04-05 09:15:00"
"278884",34,"4.088","2021-04-05 09:30:00"
"278686",34,"4.003","2021-05-14 11:30:00"
"280792",34,"3.762","2021-05-14 11:45:00"
"280911",34,"2.892","2021-05-14 12:00:00"
"278850",34,"1.137","2021-06-25 16:30:00"
"278956",34,"2.109","2021-06-25 16:45:00"
"279064",34,"1.4060000000000001","2021-06-25 17:00:00"
"278996",34,"5.272","2021-04-05 09:45:00"
"279098",34,"5.804","2021-04-05 10:00:00"
"279212",34,"5.477","2021-04-05 10:15:00"
"280139",34,"0.58","2021-03-03 05:15:00"
"280193",34,"0.01","2021-03-03 05:30:00"
"280247",34,"0.02","2021-03-03 05:45:00"
"280301",34,"0.26","2021-03-03 06:00:00"
"280355",34,"1.3559999999999999","2021-03-03 06:15:00"
"280409",34,"1.086","2021-03-03 06:30:00"
"280463",34,"0.49","2021-03-03 06:45:00"
"280517",34,"1.224","2021-03-03 07:00:00"
"280571",34,"0.59","2021-03-03 07:15:00"
"280625",34,"0.29","2021-03-03 07:30:00"
"280679",34,"0","2021-03-03 07:45:00"
"281948",34,"0","2021-06-25 20:15:00"
"282108",34,"0","2021-06-25 20:30:00"
"282263",34,"0","2021-06-25 20:45:00"
"282077",34,"3.072","2021-04-05 13:00:00"
"282243",34,"4.12","2021-04-05 13:15:00"
"282256",34,"1.169","2021-05-14 14:45:00"
"282401",34,"3.5220000000000002","2021-04-05 13:30:00"
"282418",34,"0.67","2021-05-14 15:00:00"
"282430",34,"0.24","2021-06-25 21:00:00"
"282559",34,"0","2021-05-14 15:15:00"
"282723",34,"0","2021-05-14 15:30:00"
"284965",34,"0","2021-06-25 22:30:00"
"241353",34,"2.688","2021-04-03 21:30:00"
"241407",34,"2.418","2021-04-03 21:45:00"
"241461",34,"2.145","2021-04-03 22:00:00"
"241515",34,"1.935","2021-04-03 22:15:00"
"241569",34,"2.24","2021-04-03 22:30:00"
"242099",34,"1.556","2021-05-12 10:15:00"
"242153",34,"0.38","2021-05-12 10:30:00"
"242207",34,"0.68","2021-05-12 10:45:00"
"242261",34,"1.391","2021-05-12 11:00:00"
"242315",34,"0.52","2021-05-12 11:15:00"
"242369",34,"0.76","2021-05-12 11:30:00"
"242423",34,"0.81","2021-05-12 11:45:00"
"242477",34,"0.78","2021-05-12 12:00:00"
"242531",34,"0.32","2021-05-12 12:15:00"
"242585",34,"0","2021-05-12 12:30:00"
"242639",34,"1","2021-05-12 12:45:00"
"243337",34,"2.711","2021-03-01 12:30:00"
"243391",34,"3.18","2021-03-01 12:45:00"
"243445",34,"3.02","2021-03-01 13:00:00"
"243499",34,"3.109","2021-03-01 13:15:00"
"243553",34,"2.507","2021-03-01 13:30:00"
"243607",34,"2.7439999999999998","2021-03-01 13:45:00"
"243661",34,"2.693","2021-03-01 14:00:00"
"243715",34,"3.597","2021-03-01 14:15:00"
"243769",34,"3.573","2021-03-01 14:30:00"
"244889",34,"3.053","2021-03-01 14:45:00"
"244393",34,"3.547","2021-06-23 22:15:00"
"244447",34,"3.187","2021-06-23 22:30:00"
"244501",34,"3.204","2021-06-23 22:45:00"
"244555",34,"3.282","2021-06-23 23:00:00"
"244609",34,"3.066","2021-06-23 23:15:00"
"244663",34,"3.128","2021-06-23 23:30:00"
"244717",34,"3.107","2021-06-23 23:45:00"
"244771",34,"3.3890000000000002","2021-06-24 00:00:00"
"244893",34,"2.6029999999999998","2021-05-12 13:30:00"
"245057",34,"2.029","2021-05-12 13:45:00"
"245223",34,"2.528","2021-05-12 14:00:00"
"245441",34,"3.423","2021-04-04 00:30:00"
"245587",34,"3.168","2021-04-04 00:45:00"
"245760",34,"3.618","2021-04-04 01:00:00"
"245667",34,"2.382","2021-05-12 14:45:00"
"245869",34,"2.031","2021-05-12 15:00:00"
"246073",34,"1.847","2021-05-12 15:15:00"
"245825",34,"3.446","2021-06-24 00:15:00"
"246026",34,"3.163","2021-06-24 00:30:00"
"246234",34,"4.045","2021-06-24 00:45:00"
"245988",34,"3.243","2021-04-04 01:15:00"
"246204",34,"2.548","2021-04-04 01:30:00"
"246665",34,"2.235","2021-03-01 17:00:00"
"246817",34,"2.091","2021-03-01 17:15:00"
"246740",34,"1.6920000000000002","2021-05-12 16:00:00"
"246960",34,"2.098","2021-05-12 16:15:00"
"247197",34,"1.964","2021-05-12 16:30:00"
"246879",34,"3.928","2021-06-24 01:30:00"
"247064",34,"4.097","2021-06-24 01:45:00"
"247286",34,"3.865","2021-06-24 02:00:00"
"247108",34,"3.277","2021-04-04 02:30:00"
"247318",34,"3.222","2021-04-04 02:45:00"
"247698",34,"2.654","2021-03-01 18:15:00"
"247905",34,"1.9929999999999999","2021-03-01 18:30:00"
"247875",34,"1.486","2021-05-12 17:15:00"
"248099",34,"0.5","2021-05-12 17:30:00"
"248293",34,"0","2021-05-12 17:45:00"
"247973",34,"2.64","2021-06-24 02:45:00"
"248181",34,"2.35","2021-06-24 03:00:00"
"248422",34,"2.289","2021-06-24 03:15:00"
"248142",34,"2.161","2021-04-04 03:45:00"
"248361",34,"2.436","2021-04-04 04:00:00"
"250811",34,"2.509","2021-04-04 04:15:00"
"251048",34,"1.412","2021-06-24 04:45:00"
"251140",34,"0.01","2021-06-24 05:00:00"
"251252",34,"0.66","2021-06-24 05:15:00"
"248947",34,"2.6790000000000003","2021-03-01 19:30:00"
"249123",34,"0.67","2021-03-01 19:45:00"
"249240",34,"1.194","2021-03-01 20:00:00"
"249032",34,"0","2021-05-12 18:45:00"
"249107",34,"0","2021-05-12 19:00:00"
"249190",34,"0","2021-05-12 19:15:00"
"249298",34,"0","2021-05-12 19:30:00"
"249389",34,"0","2021-05-12 19:45:00"
"250486",34,"0.08","2021-03-01 22:45:00"
"250588",34,"0.49","2021-03-01 23:00:00"
"250550",34,"0","2021-05-12 22:30:00"
"252799",34,"0","2021-05-12 22:45:00"
"250659",34,"1.835","2021-03-01 23:15:00"
"250713",34,"2.657","2021-03-01 23:30:00"
"250767",34,"3.107","2021-03-01 23:45:00"
"250865",34,"2.831","2021-04-04 04:30:00"
"250919",34,"2.685","2021-04-04 04:45:00"
"251585",34,"0.87","2021-06-24 06:00:00"
"251692",34,"0.84","2021-06-24 06:15:00"
"251807",34,"0","2021-06-24 06:30:00"
"251793",34,"1.787","2021-04-04 07:00:00"
"251897",34,"2.145","2021-04-04 07:15:00"
"251919",34,"0","2021-06-24 06:45:00"
"252022",34,"1.056","2021-06-24 07:00:00"
"252008",34,"2.455","2021-04-04 07:30:00"
"252115",34,"2.289","2021-04-04 07:45:00"
"252240",34,"2.13","2021-04-04 08:00:00"
"253177",34,"2.095","2021-05-13 00:30:00"
"253231",34,"2.061","2021-05-13 00:45:00"
"253285",34,"2.797","2021-05-13 01:00:00"
"253339",34,"2.006","2021-05-13 01:15:00"
"253393",34,"2.212","2021-05-13 01:30:00"
"253447",34,"1.903","2021-05-13 01:45:00"
"253501",34,"1.913","2021-05-13 02:00:00"
"253555",34,"0.88","2021-05-13 02:15:00"
"253610",34,"0","2021-05-13 02:30:00"
"253694",34,"0","2021-05-13 02:45:00"
"255394",34,"3.884","2021-04-04 09:30:00"
"255501",34,"4.192","2021-04-04 09:45:00"
"255595",34,"4.157","2021-04-04 10:00:00"
"255565",34,"3.129","2021-06-24 11:45:00"
"255659",34,"3.268","2021-06-24 12:00:00"
"255746",34,"3.049","2021-06-24 12:15:00"
"255739",34,"3.674","2021-04-04 10:15:00"
"255872",34,"4.33","2021-04-04 10:30:00"
"255828",34,"3.512","2021-06-24 12:30:00"
"255939",34,"2.6710000000000003","2021-06-24 12:45:00"
"256987",34,"0.55","2021-05-13 04:15:00"
"257041",34,"0","2021-05-13 04:30:00"
"257095",34,"0.89","2021-05-13 04:45:00"
"257149",34,"0","2021-05-13 05:00:00"
"257203",34,"0","2021-05-13 05:15:00"
"257257",34,"0","2021-05-13 05:30:00"
"257311",34,"0","2021-05-13 05:45:00"
"257365",34,"0","2021-05-13 06:00:00"
"257419",34,"0","2021-05-13 06:15:00"
"257473",34,"0","2021-05-13 06:30:00"
"258816",34,"1.471","2021-03-02 09:00:00"
"261819",34,"1.294","2021-03-02 09:15:00"
"258849",34,"3.681","2021-06-24 14:15:00"
"258903",34,"3.444","2021-06-24 14:30:00"
"258957",34,"2.8449999999999998","2021-06-24 14:45:00"
"259011",34,"2.809","2021-06-24 15:00:00"
"259065",34,"2.739","2021-06-24 15:15:00"
"259119",34,"2.505","2021-06-24 15:30:00"
"259173",34,"2.001","2021-06-24 15:45:00"
"259227",34,"2.073","2021-06-24 16:00:00"
"260457",34,"2.76","2021-04-04 16:30:00"
"260511",34,"3.109","2021-04-04 16:45:00"
"260565",34,"3.222","2021-04-04 17:00:00"
"260619",34,"2.727","2021-04-04 17:15:00"
"260673",34,"3.979","2021-04-04 17:30:00"
"260727",34,"3.5060000000000002","2021-04-04 17:45:00"
"263438",34,"2.938","2021-04-04 18:00:00"
"263549",34,"2.426","2021-04-04 18:15:00"
"260797",34,"2.803","2021-05-13 08:00:00"
"260851",34,"3.045","2021-05-13 08:15:00"
"260905",34,"2.735","2021-05-13 08:30:00"
"263091",34,"0","2021-06-24 20:00:00"
"263145",34,"0","2021-06-24 20:15:00"
"263199",34,"0","2021-06-24 20:30:00"
"263253",34,"0","2021-06-24 20:45:00"
"263307",34,"0","2021-06-24 21:00:00"
"263361",34,"0","2021-06-24 21:15:00"
"263415",34,"0","2021-06-24 21:30:00"
"263496",34,"0","2021-06-24 21:45:00"
"263605",34,"0.12","2021-06-24 22:00:00"
"263709",34,"1.9540000000000002","2021-06-24 22:15:00"
"263786",34,"1.533","2021-06-24 22:30:00"
"264791",34,"4.041","2021-05-13 14:30:00"
"264888",34,"4.217","2021-05-13 14:45:00"
"264921",34,"5.161","2021-04-04 21:00:00"
"265024",34,"4.95","2021-04-04 21:15:00"
"265130",34,"5.755","2021-04-04 21:30:00"
"264998",34,"4.55","2021-05-13 15:00:00"
"265108",34,"4.684","2021-05-13 15:15:00"
"265211",34,"3.972","2021-05-13 15:30:00"
"265244",34,"4.508","2021-04-04 21:45:00"
"265347",34,"4.646","2021-04-04 22:00:00"
"267070",34,"1.8","2021-06-25 01:15:00"
"267147",34,"2.182","2021-06-25 01:30:00"
"267170",34,"2.807","2021-03-02 17:45:00"
"267386",34,"4.664","2021-03-02 18:00:00"
"267549",34,"6.643","2021-03-02 18:15:00"
"267221",34,"2.391","2021-06-25 01:45:00"
"267287",34,"1.7770000000000001","2021-06-25 02:00:00"
"267362",34,"0.35000000000000003","2021-06-25 02:15:00"
"267449",34,"0.21","2021-06-25 02:30:00"
"267524",34,"0.8","2021-06-25 02:45:00"
"268713",34,"2.221","2021-05-13 21:30:00"
"268767",34,"2.673","2021-05-13 21:45:00"
"268861",34,"5.915","2021-04-04 23:00:00"
"268915",34,"5.939","2021-04-04 23:15:00"
"268969",34,"5.948","2021-04-04 23:30:00"
"269023",34,"4.508","2021-04-04 23:45:00"
"269077",34,"4.113","2021-04-05 00:00:00"
"269131",34,"4.507","2021-04-05 00:15:00"
"269185",34,"4.928","2021-04-05 00:30:00"
"270887",34,"2.829","2021-05-13 22:00:00"
"271003",34,"2.567","2021-05-13 22:15:00"
"271105",34,"2.827","2021-05-13 22:30:00"
"271152",34,"4.056","2021-03-02 19:15:00"
"271253",34,"2.487","2021-03-02 19:30:00"
"271217",34,"3.066","2021-05-13 22:45:00"
"271334",34,"3.113","2021-05-13 23:00:00"
"271443",34,"2.903","2021-05-13 23:15:00"
"271353",34,"1.427","2021-03-02 19:45:00"
"271458",34,"1.729","2021-03-02 20:00:00"
"271558",34,"2.733","2021-03-02 20:15:00"
"272669",34,"2.207","2021-05-14 02:00:00"
"272739",34,"1.9889999999999999","2021-05-14 02:15:00"
"274872",34,"0","2021-03-02 23:00:00"
"275079",34,"0","2021-03-02 23:15:00"
"272833",34,"3.124","2021-04-05 03:30:00"
"272887",34,"2.627","2021-04-05 03:45:00"
"272941",34,"2.158","2021-04-05 04:00:00"
"272995",34,"1.5779999999999998","2021-04-05 04:15:00"
"273049",34,"2.079","2021-04-05 04:30:00"
"274180",34,"0","2021-04-05 06:30:00"
"274331",34,"1.4020000000000001","2021-04-05 06:45:00"
"274489",34,"2.485","2021-04-05 07:00:00"
"274347",34,"0.85","2021-06-25 10:15:00"
"274502",34,"1.209","2021-06-25 10:30:00"
"274441",34,"0","2021-05-14 04:30:00"
"274588",34,"0","2021-05-14 04:45:00"
"274738",34,"0","2021-05-14 05:00:00"
"274651",34,"2.298","2021-04-05 07:15:00"
"274809",34,"1.764","2021-04-05 07:30:00"
"275777",34,"0","2021-03-03 00:15:00"
"275934",34,"0","2021-03-03 00:30:00"
"276093",34,"0.14","2021-03-03 00:45:00"
"276071",34,"2.424","2021-06-25 12:45:00"
"276192",34,"2.091","2021-06-25 13:00:00"
"276079",34,"0","2021-05-14 07:00:00"
"276819",34,"0","2021-05-14 07:15:00"
"276873",34,"0","2021-05-14 07:30:00"
"276214",34,"2.006","2021-03-03 01:00:00"
"276275",34,"2.177","2021-03-03 01:15:00"
"277424",34,"1.772","2021-06-25 14:00:00"
"277548",34,"1.245","2021-06-25 14:15:00"
"277566",34,"2.314","2021-05-14 09:30:00"
"277668",34,"1.929","2021-05-14 09:45:00"
"277777",34,"2.543","2021-05-14 10:00:00"
"277655",34,"1.677","2021-06-25 14:30:00"
"277771",34,"0.38","2021-06-25 14:45:00"
"277904",34,"0.9","2021-06-25 15:00:00"
"277900",34,"2.275","2021-05-14 10:15:00"
"278047",34,"2.356","2021-05-14 10:30:00"
"278205",34,"2.718","2021-05-14 10:45:00"
"279162",34,"1.346","2021-06-25 17:15:00"
"279275",34,"1.325","2021-06-25 17:30:00"
"279325",34,"4.824","2021-04-05 10:30:00"
"279399",34,"4.943","2021-04-05 10:45:00"
"280809",34,"0.28","2021-06-25 17:45:00"
"280905",34,"0.32","2021-06-25 18:00:00"
"281010",34,"0.41000000000000003","2021-06-25 18:15:00"
"279453",34,"4.717","2021-04-05 11:00:00"
"279507",34,"5.041","2021-04-05 11:15:00"
"279579",34,"5.358","2021-04-05 11:30:00"
"280733",34,"0","2021-03-03 08:00:00"
"282764",34,"0.55","2021-03-03 08:15:00"
"281022",34,"3.343","2021-05-14 12:15:00"
"281128",34,"3.326","2021-05-14 12:30:00"
"281121",34,"0.13","2021-06-25 18:30:00"
"281218",34,"0.66","2021-06-25 18:45:00"
"281248",34,"1.605","2021-05-14 12:45:00"
"281341",34,"1.228","2021-05-14 13:00:00"
"281439",34,"2.366","2021-05-14 13:15:00"
"283007",34,"0.06","2021-06-25 21:45:00"
"283221",34,"0","2021-06-25 22:00:00"
"283423",34,"0","2021-06-25 22:15:00"
"283022",34,"1.079","2021-03-03 08:30:00"
"283237",34,"0.55","2021-03-03 08:45:00"
"283442",34,"0.41000000000000003","2021-03-03 09:00:00"
"284817",34,"0.72","2021-05-14 16:30:00"
"284871",34,"0.31","2021-05-14 16:45:00"
"283510",34,"3.732","2021-04-05 15:00:00"
"283633",34,"4.713","2021-04-05 15:15:00"
"284543",34,"3.452","2021-03-03 11:45:00"
"284597",34,"3.178","2021-03-03 12:00:00"
"284651",34,"2.39","2021-03-03 12:15:00"
"284705",34,"3.181","2021-03-03 12:30:00"
"284759",34,"3.227","2021-03-03 12:45:00"
"284954",34,"2.045","2021-05-14 17:00:00"
"285055",34,"2.178","2021-05-14 17:15:00"
"285172",34,"2.285","2021-05-14 17:30:00"
"285178",34,"0.67","2021-06-25 23:00:00"
"285259",34,"0","2021-06-25 23:15:00"
"285368",34,"1.093","2021-06-25 23:30:00"
"285814",34,"0","2021-05-14 19:00:00"
"285923",34,"0.72","2021-05-14 19:15:00"
"286035",34,"0.84","2021-05-14 19:30:00"
"286042",34,"0","2021-06-26 01:00:00"
"286151",34,"0","2021-06-26 01:15:00"
"286144",34,"1.058","2021-05-14 19:45:00"
"286249",34,"1.831","2021-05-14 20:00:00"
"286269",34,"0","2021-06-26 01:30:00"
"286382",34,"0","2021-06-26 01:45:00"
"286495",34,"0.67","2021-06-26 02:00:00"
"289253",34,"0","2021-06-26 03:00:00"
"289376",34,"0.76","2021-06-26 03:15:00"
"284259",34,"3.068","2021-04-05 16:45:00"
"284110",34,"3.751","2021-03-03 10:30:00"
"284224",34,"2.7199999999999998","2021-03-03 10:45:00"
"284367",34,"2.9370000000000003","2021-04-05 17:00:00"
"286649",34,"2.189","2021-04-05 17:15:00"
"284325",34,"3.223","2021-03-03 11:00:00"
"284431",34,"3.2720000000000002","2021-03-03 11:15:00"
"284489",34,"2.879","2021-03-03 11:30:00"
"292869",34,"1.792","2021-05-15 02:00:00"
"292923",34,"1.058","2021-05-15 02:15:00"
"292977",34,"2.007","2021-05-15 02:30:00"
"293031",34,"2.115","2021-05-15 02:45:00"
"293085",34,"1.9420000000000002","2021-05-15 03:00:00"
"293139",34,"1.99","2021-05-15 03:15:00"
"293193",34,"2.181","2021-05-15 03:30:00"
"293247",34,"2.105","2021-05-15 03:45:00"
"293301",34,"1.477","2021-05-15 04:00:00"
"293355",34,"1.8479999999999999","2021-05-15 04:15:00"
"294512",34,"2.196","2021-06-26 10:30:00"
"294587",34,"2.214","2021-06-26 10:45:00"
"294668",34,"2.037","2021-06-26 11:00:00"
"294744",34,"2.2439999999999998","2021-06-26 11:15:00"
"294823",34,"1.499","2021-06-26 11:30:00"
"294900",34,"2.076","2021-06-26 11:45:00"
"294973",34,"1.9140000000000001","2021-06-26 12:00:00"
"297785",34,"2.667","2021-06-26 12:15:00"
"294987",34,"1.82","2021-03-03 23:15:00"
"295081",34,"1.903","2021-03-03 23:30:00"
"295135",34,"0.27","2021-03-03 23:45:00"
"296373",34,"0.92","2021-04-06 05:00:00"
"296476",34,"0","2021-04-06 05:15:00"
"296578",34,"0.16","2021-04-06 05:30:00"
"296426",34,"1.6520000000000001","2021-05-15 06:30:00"
"296549",34,"1.658","2021-05-15 06:45:00"
"296651",34,"1.176","2021-05-15 07:00:00"
"296686",34,"0","2021-04-06 05:45:00"
"296790",34,"0","2021-04-06 06:00:00"
"296768",34,"0","2021-05-15 07:15:00"
"296872",34,"0.06","2021-05-15 07:30:00"
"297381",34,"3.015","2021-05-15 09:00:00"
"297435",34,"3.347","2021-05-15 09:15:00"
"297489",34,"2.814","2021-05-15 09:30:00"
"297543",34,"2.218","2021-05-15 09:45:00"
"297597",34,"2.243","2021-05-15 10:00:00"
"297651",34,"1.358","2021-05-15 10:15:00"
"297705",34,"1.557","2021-05-15 10:30:00"
"297759",34,"1.183","2021-05-15 10:45:00"
"299318",34,"2.177","2021-05-15 11:00:00"
"299420",34,"1.55","2021-05-15 11:15:00"
"298837",34,"0","2021-03-04 03:00:00"
"298891",34,"0.54","2021-03-04 03:15:00"
"298945",34,"0.88","2021-03-04 03:30:00"
"298999",34,"0","2021-03-04 03:45:00"
"299053",34,"0","2021-03-04 04:00:00"
"299107",34,"0","2021-03-04 04:15:00"
"299161",34,"0","2021-03-04 04:30:00"
"299215",34,"0","2021-03-04 04:45:00"
"299287",34,"0.37","2021-03-04 05:00:00"
"299397",34,"0.08","2021-03-04 05:15:00"
"299513",34,"0","2021-03-04 05:30:00"
"300636",34,"1.292","2021-05-15 14:30:00"
"300718",34,"2.448","2021-05-15 14:45:00"
"300730",34,"0","2021-04-06 07:30:00"
"300834",34,"0.19","2021-04-06 07:45:00"
"300953",34,"1.678","2021-04-06 08:00:00"
"300826",34,"1.408","2021-05-15 15:00:00"
"300926",34,"1.063","2021-05-15 15:15:00"
"301977",34,"1.79","2021-05-15 15:30:00"
"301043",34,"1.388","2021-04-06 08:15:00"
"301097",34,"1.5270000000000001","2021-04-06 08:30:00"
"302472",34,"2.455","2021-03-04 08:00:00"
"302629",34,"2.668","2021-03-04 08:15:00"
"302501",34,"1.725","2021-06-26 18:15:00"
"302767",34,"1.6099999999999999","2021-06-26 18:30:00"
"302777",34,"2.116","2021-04-06 12:45:00"
"302934",34,"2.052","2021-04-06 13:00:00"
"303027",34,"0.5","2021-05-15 16:30:00"
"303351",34,"0.37","2021-05-15 16:45:00"
"304115",34,"1.064","2021-04-06 14:30:00"
"304340",34,"1.189","2021-04-06 14:45:00"
"304562",34,"1.626","2021-04-06 15:00:00"
"304294",34,"0","2021-05-15 17:45:00"
"304517",34,"1.267","2021-05-15 18:00:00"
"304391",34,"0.02","2021-06-26 20:15:00"
"304643",34,"0","2021-06-26 20:30:00"
"304360",34,"3.148","2021-03-04 10:30:00"
"304532",34,"3.331","2021-03-04 10:45:00"
"306267",34,"1.995","2021-03-04 14:15:00"
"306321",34,"2.424","2021-03-04 14:30:00"
"306375",34,"3.078","2021-03-04 14:45:00"
"306429",34,"3.021","2021-03-04 15:00:00"
"306483",34,"3.784","2021-03-04 15:15:00"
"306537",34,"3.233","2021-03-04 15:30:00"
"306591",34,"3.893","2021-03-04 15:45:00"
"306645",34,"3.229","2021-03-04 16:00:00"
"306699",34,"2.749","2021-03-04 16:15:00"
"306753",34,"1.988","2021-03-04 16:30:00"
"307956",34,"1.564","2021-06-27 01:15:00"
"308060",34,"1.758","2021-06-27 01:30:00"
"308164",34,"1.816","2021-06-27 01:45:00"
"308186",34,"2.716","2021-04-06 18:30:00"
"308334",34,"2.556","2021-04-06 18:45:00"
"308333",34,"0.37","2021-06-27 02:00:00"
"311854",34,"1.9220000000000002","2021-06-27 02:15:00"
"308278",34,"1.3940000000000001","2021-05-15 20:15:00"
"308440",34,"0.38","2021-05-15 20:30:00"
"309513",34,"0.26","2021-05-15 23:30:00"
"309567",34,"1.199","2021-05-15 23:45:00"
"309621",34,"0","2021-05-16 00:00:00"
"309675",34,"0.07","2021-05-16 00:15:00"
"309729",34,"1.859","2021-05-16 00:30:00"
"311783",34,"1.996","2021-05-16 00:45:00"
"311876",34,"1.9020000000000001","2021-05-16 01:00:00"
"309807",34,"1.2810000000000001","2021-03-04 16:45:00"
"309861",34,"1.47","2021-03-04 17:00:00"
"309915",34,"0.5","2021-03-04 17:15:00"
"311067",34,"3.404","2021-04-06 22:15:00"
"311121",34,"3.806","2021-04-06 22:30:00"
"311175",34,"3.276","2021-04-06 22:45:00"
"311229",34,"3.442","2021-04-06 23:00:00"
"311283",34,"2.99","2021-04-06 23:15:00"
"311337",34,"3.415","2021-04-06 23:30:00"
"311391",34,"4.026","2021-04-06 23:45:00"
"311445",34,"4.239","2021-04-07 00:00:00"
"311499",34,"3.457","2021-04-07 00:15:00"
"311553",34,"3.9210000000000003","2021-04-07 00:30:00"
"312738",34,"1.601","2021-05-16 03:15:00"
"312797",34,"0.53","2021-05-16 03:30:00"
"312851",34,"0.91","2021-05-16 03:45:00"
"312905",34,"2.126","2021-05-16 04:00:00"
"312959",34,"2.469","2021-05-16 04:15:00"
"313066",34,"2.111","2021-05-16 04:30:00"
"313158",34,"1.839","2021-05-16 04:45:00"
"313265",34,"1.913","2021-05-16 05:00:00"
"313165",34,"1.6099999999999999","2021-06-27 04:30:00"
"313274",34,"1.6880000000000002","2021-06-27 04:45:00"
"314481",34,"2.59","2021-03-05 00:30:00"
"314558",34,"2.923","2021-03-05 00:45:00"
"314682",34,"2.883","2021-03-05 01:00:00"
"314688",34,"4.774","2021-04-07 02:00:00"
"314826",34,"5.754","2021-04-07 02:15:00"
"314934",34,"5.372","2021-04-07 02:30:00"
"314760",34,"3.568","2021-03-05 01:15:00"
"314869",34,"3.051","2021-03-05 01:30:00"
"314982",34,"3.046","2021-03-05 01:45:00"
"317793",34,"2.468","2021-03-05 02:00:00"
"317859",34,"2.967","2021-03-05 02:15:00"
"315579",34,"3.833","2021-04-07 05:15:00"
"315633",34,"4.217","2021-04-07 05:30:00"
"315687",34,"4.371","2021-04-07 05:45:00"
"315741",34,"4.245","2021-04-07 06:00:00"
"318795",34,"4.222","2021-04-07 06:15:00"
"315863",34,"1.85","2021-05-16 05:45:00"
"315917",34,"1.759","2021-05-16 06:00:00"
"315971",34,"1.744","2021-05-16 06:15:00"
"316025",34,"1.328","2021-05-16 06:30:00"
"316100",34,"0.44","2021-05-16 06:45:00"
"317188",34,"1.8599999999999999","2021-06-27 10:15:00"
"317265",34,"0.75","2021-06-27 10:30:00"
"317350",34,"2.694","2021-06-27 10:45:00"
"317425",34,"2.555","2021-06-27 11:00:00"
"317501",34,"2.211","2021-06-27 11:15:00"
"319619",34,"1.623","2021-06-27 11:30:00"
"319698",34,"2.785","2021-06-27 11:45:00"
"317565",34,"0.67","2021-05-16 09:00:00"
"317619",34,"0.02","2021-05-16 09:15:00"
"317673",34,"1.306","2021-05-16 09:30:00"
"318849",34,"3.429","2021-04-07 06:30:00"
"318903",34,"3.158","2021-04-07 06:45:00"
"318957",34,"3.48","2021-04-07 07:00:00"
"319011",34,"3.267","2021-04-07 07:15:00"
"319065",34,"3.356","2021-04-07 07:30:00"
"319119",34,"3.417","2021-04-07 07:45:00"
"319173",34,"4.177","2021-04-07 08:00:00"
"319227",34,"4.346","2021-04-07 08:15:00"
"319281",34,"4.999","2021-04-07 08:30:00"
"319335",34,"4.215","2021-04-07 08:45:00"
"319389",34,"4.392","2021-04-07 09:00:00"
"320617",34,"4.203","2021-06-27 15:15:00"
"320671",34,"2.988","2021-06-27 15:30:00"
"320725",34,"3.173","2021-06-27 15:45:00"
"320779",34,"3.45","2021-06-27 16:00:00"
"322833",34,"3.2720000000000002","2021-06-27 16:15:00"
"320835",34,"0.62","2021-05-16 10:15:00"
"320889",34,"0.63","2021-05-16 10:30:00"
"320943",34,"1.5030000000000001","2021-05-16 10:45:00"
"320997",34,"2.154","2021-05-16 11:00:00"
"321051",34,"1.812","2021-05-16 11:15:00"
"321645",34,"0","2021-05-16 14:00:00"
"321699",34,"0","2021-05-16 14:15:00"
"321753",34,"0.44","2021-05-16 14:30:00"
"321885",34,"2.827","2021-03-05 07:00:00"
"321939",34,"2.901","2021-03-05 07:15:00"
"321993",34,"2.742","2021-03-05 07:30:00"
"322047",34,"3.146","2021-03-05 07:45:00"
"322101",34,"3.565","2021-03-05 08:00:00"
"322155",34,"3.787","2021-03-05 08:15:00"
"322209",34,"3.142","2021-03-05 08:30:00"
"323473",34,"3.502","2021-04-07 11:45:00"
"323577",34,"3.988","2021-04-07 12:00:00"
"323574",34,"0","2021-06-27 18:30:00"
"323670",34,"1.451","2021-06-27 18:45:00"
"323774",34,"0.81","2021-06-27 19:00:00"
"323702",34,"4.534","2021-04-07 12:15:00"
"323805",34,"3.734","2021-04-07 12:30:00"
"323913",34,"3.371","2021-04-07 12:45:00"
"323888",34,"0.91","2021-06-27 19:15:00"
"324003",34,"1.858","2021-06-27 19:30:00"
"324827",34,"3.29","2021-03-05 11:15:00"
"324944",34,"3.528","2021-03-05 11:30:00"
"325027",34,"3.755","2021-03-05 11:45:00"
"325131",34,"3.777","2021-03-05 12:00:00"
"325249",34,"4.5280000000000005","2021-03-05 12:15:00"
"325355",34,"4.652","2021-03-05 12:30:00"
"325174",34,"1.02","2021-05-16 15:30:00"
"325273",34,"0.12","2021-05-16 15:45:00"
"325380",34,"0.08","2021-05-16 16:00:00"
"325489",34,"0.64","2021-05-16 16:15:00"
"325581",34,"1.345","2021-05-16 16:30:00"
"326505",34,"2.857","2021-03-05 14:30:00"
"326559",34,"2.915","2021-03-05 14:45:00"
"326613",34,"3.146","2021-03-05 15:00:00"
"326667",34,"2.6390000000000002","2021-03-05 15:15:00"
"326721",34,"2.827","2021-03-05 15:30:00"
"326775",34,"3.148","2021-03-05 15:45:00"
"329107",34,"3.181","2021-03-05 16:00:00"
"329202",34,"2.743","2021-03-05 16:15:00"
"326935",34,"3.5300000000000002","2021-06-27 21:00:00"
"327039",34,"3.657","2021-06-27 21:15:00"
"327141",34,"3.392","2021-06-27 21:30:00"
"285076",34,"1.153","2021-06-25 22:45:00"
"283560",34,"0.74","2021-03-03 09:15:00"
"283662",34,"1.7570000000000001","2021-03-03 09:30:00"
"283748",34,"3.428","2021-04-05 15:30:00"
"283851",34,"3.105","2021-04-05 15:45:00"
"283944",34,"3.643","2021-04-05 16:00:00"
"283769",34,"2.708","2021-03-03 09:45:00"
"283877",34,"3.076","2021-03-03 10:00:00"
"283998",34,"3.748","2021-03-03 10:15:00"
"285308",34,"0.17","2021-05-14 17:45:00"
"285408",34,"0.05","2021-05-14 18:00:00"
"285503",34,"0","2021-06-25 23:45:00"
"285603",34,"0","2021-06-26 00:00:00"
"285496",34,"0.38","2021-05-14 18:15:00"
"285612",34,"0.71","2021-05-14 18:30:00"
"285707",34,"0.6000000000000001","2021-05-14 18:45:00"
"285730",34,"0.01","2021-06-26 00:15:00"
"285833",34,"0","2021-06-26 00:30:00"
"285940",34,"0","2021-06-26 00:45:00"
"286352",34,"2.306","2021-05-14 20:15:00"
"286448",34,"1.834","2021-05-14 20:30:00"
"286557",34,"2.001","2021-05-14 20:45:00"
"286602",34,"0.61","2021-06-26 02:15:00"
"286734",34,"0","2021-06-26 02:30:00"
"286830",34,"0","2021-06-26 02:45:00"
"288789",34,"0.11","2021-05-14 21:00:00"
"288843",34,"0","2021-05-14 21:15:00"
"286778",34,"2.089","2021-04-05 17:30:00"
"286896",34,"2.563","2021-04-05 17:45:00"
"286965",34,"2.547","2021-04-05 18:00:00"
"287359",34,"3.017","2021-03-03 13:45:00"
"287484",34,"3.03","2021-03-03 14:00:00"
"287594",34,"2.052","2021-04-05 19:30:00"
"287691",34,"2.267","2021-04-05 19:45:00"
"287589",34,"3.106","2021-03-03 14:15:00"
"287708",34,"2.858","2021-03-03 14:30:00"
"287806",34,"3.053","2021-03-03 14:45:00"
"287810",34,"2.043","2021-04-05 20:00:00"
"287938",34,"1.729","2021-04-05 20:15:00"
"288060",34,"2.165","2021-04-05 20:30:00"
"288437",34,"3.255","2021-04-05 21:15:00"
"288637",34,"3.23","2021-04-05 21:30:00"
"288775",34,"3.105","2021-04-05 21:45:00"
"288531",34,"3.926","2021-03-03 16:45:00"
"288609",34,"4.253","2021-03-03 17:00:00"
"288688",34,"4.135","2021-03-03 17:15:00"
"290646",34,"4.382","2021-03-03 17:30:00"
"290730",34,"3.766","2021-03-03 17:45:00"
"290809",34,"3.576","2021-03-03 18:00:00"
"288897",34,"0","2021-05-14 21:30:00"
"288951",34,"0.04","2021-05-14 21:45:00"
"289005",34,"0.97","2021-05-14 22:00:00"
"289604",34,"1.716","2021-05-15 00:00:00"
"289717",34,"1.975","2021-05-15 00:15:00"
"289833",34,"0.17","2021-05-15 00:30:00"
"289811",34,"0","2021-06-26 04:15:00"
"289913",34,"0","2021-06-26 04:30:00"
"289947",34,"0","2021-05-15 00:45:00"
"290035",34,"0","2021-05-15 01:00:00"
"290144",34,"0","2021-05-15 01:15:00"
"290041",34,"0.03","2021-06-26 04:45:00"
"290147",34,"0.02","2021-06-26 05:00:00"
"290239",34,"0","2021-06-26 05:15:00"
"290888",34,"3.806","2021-03-03 18:15:00"
"290971",34,"3.173","2021-03-03 18:30:00"
"290836",34,"0","2021-06-26 07:15:00"
"290999",34,"0","2021-06-26 07:30:00"
"293813",34,"0","2021-06-26 07:45:00"
"291054",34,"3.252","2021-03-03 18:45:00"
"291109",34,"3.247","2021-03-03 19:00:00"
"291163",34,"3.366","2021-03-03 19:15:00"
"291217",34,"3.086","2021-03-03 19:30:00"
"291271",34,"3.294","2021-03-03 19:45:00"
"291841",34,"1.768","2021-03-03 22:00:00"
"294242",34,"1.583","2021-03-03 22:15:00"
"291991",34,"3.498","2021-04-05 22:45:00"
"292045",34,"3.498","2021-04-05 23:00:00"
"292099",34,"3.229","2021-04-05 23:15:00"
"292153",34,"2.902","2021-04-05 23:30:00"
"292207",34,"2.884","2021-04-05 23:45:00"
"292261",34,"2.874","2021-04-06 00:00:00"
"292315",34,"2.844","2021-04-06 00:15:00"
"293409",34,"1.3639999999999999","2021-05-15 04:30:00"
"293463",34,"0","2021-05-15 04:45:00"
"293517",34,"0","2021-05-15 05:00:00"
"293571",34,"0","2021-05-15 05:15:00"
"293625",34,"1.225","2021-05-15 05:30:00"
"293679",34,"1.687","2021-05-15 05:45:00"
"293733",34,"1.749","2021-05-15 06:00:00"
"296326",34,"1.4889999999999999","2021-05-15 06:15:00"
"293867",34,"0","2021-06-26 08:00:00"
"293921",34,"0","2021-06-26 08:15:00"
"293975",34,"0","2021-06-26 08:30:00"
"295189",34,"0","2021-03-04 00:00:00"
"295243",34,"0","2021-03-04 00:15:00"
"295297",34,"0","2021-03-04 00:30:00"
"295351",34,"0","2021-03-04 00:45:00"
"295405",34,"0","2021-03-04 01:00:00"
"295459",34,"1.916","2021-03-04 01:15:00"
"295513",34,"2.8689999999999998","2021-03-04 01:30:00"
"295567",34,"1.9100000000000001","2021-03-04 01:45:00"
"295621",34,"1.151","2021-03-04 02:00:00"
"295675",34,"0.96","2021-03-04 02:15:00"
"296904",34,"0.02","2021-04-06 06:15:00"
"297007",34,"0","2021-04-06 06:30:00"
"297102",34,"0.31","2021-04-06 06:45:00"
"296983",34,"0","2021-05-15 07:45:00"
"297104",34,"0","2021-05-15 08:00:00"
"297207",34,"0.24","2021-05-15 08:15:00"
"297216",34,"0.48","2021-04-06 07:00:00"
"300594",34,"0.6000000000000001","2021-04-06 07:15:00"
"297273",34,"0.35000000000000003","2021-05-15 08:30:00"
"297327",34,"1.9260000000000002","2021-05-15 08:45:00"
"298379",34,"3.275","2021-06-26 15:00:00"
"298433",34,"3.322","2021-06-26 15:15:00"
"298487",34,"3.577","2021-06-26 15:30:00"
"298541",34,"2.969","2021-06-26 15:45:00"
"298595",34,"2.032","2021-06-26 16:00:00"
"298649",34,"1.783","2021-06-26 16:15:00"
"298703",34,"1.02","2021-06-26 16:30:00"
"298757",34,"0.29","2021-06-26 16:45:00"
"301811",34,"0.67","2021-06-26 17:00:00"
"301865",34,"1.308","2021-06-26 17:15:00"
"299946",34,"0","2021-03-04 06:30:00"
"300057",34,"0","2021-03-04 06:45:00"
"300153",34,"0","2021-03-04 07:00:00"
"300260",34,"0.64","2021-03-04 07:15:00"
"302100",34,"2.482","2021-03-04 07:30:00"
"302276",34,"2.487","2021-03-04 07:45:00"
"300286",34,"1.49","2021-05-15 13:15:00"
"300353",34,"1.313","2021-05-15 13:30:00"
"300407",34,"1.9689999999999999","2021-05-15 13:45:00"
"300461",34,"0.8","2021-05-15 14:00:00"
"300526",34,"1.639","2021-05-15 14:15:00"
"301745",34,"2.836","2021-04-06 11:30:00"
"302066",34,"3.067","2021-04-06 11:45:00"
"301919",34,"0.03","2021-06-26 17:30:00"
"301978",34,"1.534","2021-06-26 17:45:00"
"302205",34,"1.5510000000000002","2021-06-26 18:00:00"
"302213",34,"1.303","2021-05-15 15:45:00"
"302452",34,"1.315","2021-05-15 16:00:00"
"302691",34,"1.863","2021-05-15 16:15:00"
"302251",34,"3.343","2021-04-06 12:00:00"
"302407",34,"1.048","2021-04-06 12:15:00"
"302624",34,"1.702","2021-04-06 12:30:00"
"303619",34,"0.06","2021-05-15 17:00:00"
"303848",34,"0.54","2021-05-15 17:15:00"
"304074",34,"0.04","2021-05-15 17:30:00"
"303668",34,"1.351","2021-04-06 14:00:00"
"303878",34,"1.176","2021-04-06 14:15:00"
"303667",34,"2.917","2021-03-04 09:45:00"
"303942",34,"3.01","2021-03-04 10:00:00"
"304174",34,"3.4939999999999998","2021-03-04 10:15:00"
"303807",34,"0","2021-06-26 19:30:00"
"303974",34,"0","2021-06-26 19:45:00"
"304131",34,"0","2021-06-26 20:00:00"
"305154",34,"3.794","2021-03-04 11:45:00"
"305781",34,"3.635","2021-03-04 12:00:00"
"305435",34,"1.738","2021-04-06 16:00:00"
"305588",34,"0.9500000000000001","2021-04-06 16:15:00"
"305428",34,"1.323","2021-05-15 19:00:00"
"305584",34,"0","2021-05-15 19:15:00"
"306783",34,"0.23","2021-06-26 21:30:00"
"306837",34,"0","2021-06-26 21:45:00"
"306891",34,"0.38","2021-06-26 22:00:00"
"306948",34,"0.05","2021-06-26 22:15:00"
"307026",34,"0","2021-06-26 22:30:00"
"307072",34,"1.397","2021-04-06 16:30:00"
"307231",34,"2.209","2021-04-06 16:45:00"
"307374",34,"1.445","2021-04-06 17:00:00"
"307113",34,"1.5190000000000001","2021-06-26 22:45:00"
"307194",34,"1.847","2021-06-26 23:00:00"
"307278",34,"1.224","2021-06-26 23:15:00"
"307365",34,"0.36","2021-06-26 23:30:00"
"307437",34,"0.30000000000000004","2021-06-26 23:45:00"
"308462",34,"2.394","2021-04-06 19:00:00"
"308569",34,"2.643","2021-04-06 19:15:00"
"308676",34,"2.601","2021-04-06 19:30:00"
"308543",34,"0.16","2021-05-15 20:45:00"
"308655",34,"2.184","2021-05-15 21:00:00"
"308765",34,"1.8090000000000002","2021-05-15 21:15:00"
"308781",34,"2.602","2021-04-06 19:45:00"
"308882",34,"2.683","2021-04-06 20:00:00"
"308881",34,"1.952","2021-05-15 21:30:00"
"309005",34,"2.173","2021-05-15 21:45:00"
"309125",34,"2.046","2021-05-15 22:00:00"
"309969",34,"0.34","2021-03-04 17:30:00"
"310023",34,"0","2021-03-04 17:45:00"
"310077",34,"0","2021-03-04 18:00:00"
"310131",34,"0","2021-03-04 18:15:00"
"310185",34,"0","2021-03-04 18:30:00"
"310239",34,"1.223","2021-03-04 18:45:00"
"310293",34,"1.947","2021-03-04 19:00:00"
"310347",34,"2.401","2021-03-04 19:15:00"
"310401",34,"2.192","2021-03-04 19:30:00"
"310455",34,"2.173","2021-03-04 19:45:00"
"311607",34,"3.129","2021-04-07 00:45:00"
"311661",34,"3.963","2021-04-07 01:00:00"
"311715",34,"4.646","2021-04-07 01:15:00"
"311769",34,"4.034","2021-04-07 01:30:00"
"314597",34,"4.843","2021-04-07 01:45:00"
"311971",34,"1.335","2021-06-27 02:30:00"
"312059",34,"0.1","2021-06-27 02:45:00"
"312165",34,"0","2021-06-27 03:00:00"
"311977",34,"1.323","2021-05-16 01:15:00"
"312104",34,"1.544","2021-05-16 01:30:00"
"312205",34,"0.55","2021-05-16 01:45:00"
"313382",34,"1.867","2021-05-16 05:15:00"
"315809",34,"1.588","2021-05-16 05:30:00"
"313373",34,"1.375","2021-06-27 05:00:00"
"313457",34,"1.302","2021-06-27 05:15:00"
"313511",34,"0.66","2021-06-27 05:30:00"
"313565",34,"0","2021-06-27 05:45:00"
"313619",34,"1.19","2021-06-27 06:00:00"
"313673",34,"1.271","2021-06-27 06:15:00"
"313727",34,"1.7570000000000001","2021-06-27 06:30:00"
"316058",34,"1.105","2021-06-27 06:45:00"
"315039",34,"5.568","2021-04-07 02:45:00"
"315093",34,"4.163","2021-04-07 03:00:00"
"315147",34,"3.773","2021-04-07 03:15:00"
"315201",34,"4.639","2021-04-07 03:30:00"
"315255",34,"4.954","2021-04-07 03:45:00"
"315309",34,"4.612","2021-04-07 04:00:00"
"315363",34,"4.41","2021-04-07 04:15:00"
"315417",34,"5.131","2021-04-07 04:30:00"
"315471",34,"4.071","2021-04-07 04:45:00"
"315525",34,"4.451","2021-04-07 05:00:00"
"316769",34,"0.06","2021-05-16 07:45:00"
"316912",34,"0.26","2021-05-16 08:00:00"
"316788",34,"0.47000000000000003","2021-06-27 09:00:00"
"316875",34,"2.343","2021-06-27 09:15:00"
"316962",34,"1.9689999999999999","2021-06-27 09:30:00"
"317039",34,"1.9220000000000002","2021-06-27 09:45:00"
"317109",34,"2.7279999999999998","2021-06-27 10:00:00"
"317084",34,"2.008","2021-05-16 08:15:00"
"317274",34,"2.212","2021-05-16 08:30:00"
"317442",34,"1.9300000000000002","2021-05-16 08:45:00"
"318291",34,"3.013","2021-03-05 04:15:00"
"318345",34,"3.332","2021-03-05 04:30:00"
"318399",34,"2.848","2021-03-05 04:45:00"
"318453",34,"2.435","2021-03-05 05:00:00"
"318507",34,"2.5789999999999997","2021-03-05 05:15:00"
"318561",34,"2.643","2021-03-05 05:30:00"
"318615",34,"2.865","2021-03-05 05:45:00"
"318669",34,"3.967","2021-03-05 06:00:00"
"318723",34,"3.832","2021-03-05 06:15:00"
"318777",34,"4.205","2021-03-05 06:30:00"
"321831",34,"3.071","2021-03-05 06:45:00"
"320016",34,"3.183","2021-06-27 12:45:00"
"320092",34,"3.416","2021-06-27 13:00:00"
"320180",34,"2.974","2021-06-27 13:15:00"
"320239",34,"3.324","2021-06-27 13:30:00"
"320293",34,"3.223","2021-06-27 13:45:00"
"320347",34,"3.648","2021-06-27 14:00:00"
"320401",34,"2.79","2021-06-27 14:15:00"
"320455",34,"2.8","2021-06-27 14:30:00"
"320509",34,"4.687","2021-06-27 14:45:00"
"320563",34,"4.518","2021-06-27 15:00:00"
"322263",34,"3.178","2021-03-05 08:45:00"
"322317",34,"2.316","2021-03-05 09:00:00"
"322371",34,"2.64","2021-03-05 09:15:00"
"322425",34,"3.058","2021-03-05 09:30:00"
"322479",34,"3.602","2021-03-05 09:45:00"
"322533",34,"2.474","2021-03-05 10:00:00"
"322587",34,"1.956","2021-03-05 10:15:00"
"322641",34,"2.495","2021-03-05 10:30:00"
"322695",34,"2.528","2021-03-05 10:45:00"
"322749",34,"2.332","2021-03-05 11:00:00"
"324013",34,"4.186","2021-04-07 13:00:00"
"324118",34,"4.152","2021-04-07 13:15:00"
"324113",34,"0.51","2021-06-27 19:45:00"
"324210",34,"2.037","2021-06-27 20:00:00"
"324322",34,"2.443","2021-06-27 20:15:00"
"324239",34,"3.942","2021-04-07 13:30:00"
"324341",34,"3.468","2021-04-07 13:45:00"
"324426",34,"3.35","2021-04-07 14:00:00"
"324457",34,"2.886","2021-06-27 20:30:00"
"326822",34,"3.236","2021-06-27 20:45:00"
"325466",34,"4.43","2021-03-05 12:45:00"
"325855",34,"4.029","2021-03-05 13:00:00"
"325635",34,"0.42","2021-05-16 16:45:00"
"325689",34,"0.17","2021-05-16 17:00:00"
"325743",34,"0","2021-05-16 17:15:00"
"325797",34,"0.11","2021-05-16 17:30:00"
"325856",34,"0.41000000000000003","2021-05-16 17:45:00"
"325964",34,"0.1","2021-05-16 18:00:00"
"326059",34,"0","2021-05-16 18:15:00"
"327142",34,"4.9190000000000005","2021-04-07 16:15:00"
"327239",34,"5.98","2021-04-07 16:30:00"
"327259",34,"3.798","2021-06-27 21:45:00"
"327381",34,"3.536","2021-06-27 22:00:00"
"327334",34,"5.628","2021-04-07 16:45:00"
"327448",34,"6.176","2021-04-07 17:00:00"
"287053",34,"2.8369999999999997","2021-04-05 18:15:00"
"287161",34,"2.3529999999999998","2021-04-05 18:30:00"
"287050",34,"2.873","2021-03-03 13:00:00"
"287158",34,"2.846","2021-03-03 13:15:00"
"287261",34,"2.718","2021-03-03 13:30:00"
"287274",34,"2.312","2021-04-05 18:45:00"
"287392",34,"1.925","2021-04-05 19:00:00"
"287483",34,"2.163","2021-04-05 19:15:00"
"287896",34,"2.321","2021-03-03 15:00:00"
"287994",34,"3.077","2021-03-03 15:15:00"
"288095",34,"3.27","2021-03-03 15:30:00"
"288184",34,"3.355","2021-03-03 15:45:00"
"288282",34,"3.39","2021-03-03 16:00:00"
"288188",34,"2.598","2021-04-05 20:45:00"
"288307",34,"2.8810000000000002","2021-04-05 21:00:00"
"288383",34,"5.136","2021-03-03 16:15:00"
"288464",34,"4.759","2021-03-03 16:30:00"
"289059",34,"0.99","2021-05-14 22:15:00"
"289113",34,"1.703","2021-05-14 22:30:00"
"289167",34,"1.72","2021-05-14 22:45:00"
"289221",34,"0.13","2021-05-14 23:00:00"
"289297",34,"0","2021-05-14 23:15:00"
"289402",34,"0.54","2021-05-14 23:30:00"
"289485",34,"1.2530000000000001","2021-05-14 23:45:00"
"289509",34,"0.67","2021-06-26 03:30:00"
"289607",34,"0","2021-06-26 03:45:00"
"289710",34,"0","2021-06-26 04:00:00"
"290268",34,"0","2021-05-15 01:30:00"
"292815",34,"1.505","2021-05-15 01:45:00"
"290327",34,"0","2021-06-26 05:30:00"
"290381",34,"0.27","2021-06-26 05:45:00"
"290435",34,"0","2021-06-26 06:00:00"
"290489",34,"0","2021-06-26 06:15:00"
"290543",34,"0","2021-06-26 06:30:00"
"290597",34,"0","2021-06-26 06:45:00"
"290672",34,"0","2021-06-26 07:00:00"
"291325",34,"2.738","2021-03-03 20:00:00"
"291379",34,"2.6029999999999998","2021-03-03 20:15:00"
"291433",34,"2.786","2021-03-03 20:30:00"
"291487",34,"3.007","2021-03-03 20:45:00"
"291541",34,"2.243","2021-03-03 21:00:00"
"291606",34,"2.255","2021-03-03 21:15:00"
"291684",34,"2.896","2021-03-03 21:30:00"
"291761",34,"2.277","2021-03-03 21:45:00"
"291728",34,"3.435","2021-04-05 22:00:00"
"291883",34,"3.762","2021-04-05 22:15:00"
"291937",34,"3.69","2021-04-05 22:30:00"
"292369",34,"3.058","2021-04-06 00:30:00"
"292423",34,"2.407","2021-04-06 00:45:00"
"292477",34,"1.7850000000000001","2021-04-06 01:00:00"
"292531",34,"2.213","2021-04-06 01:15:00"
"292585",34,"2.52","2021-04-06 01:30:00"
"292639",34,"1.98","2021-04-06 01:45:00"
"292693",34,"1.8820000000000001","2021-04-06 02:00:00"
"292747",34,"1.669","2021-04-06 02:15:00"
"295801",34,"2.186","2021-04-06 02:30:00"
"295855",34,"3.199","2021-04-06 02:45:00"
"294029",34,"0","2021-06-26 08:45:00"
"294083",34,"1.073","2021-06-26 09:00:00"
"294137",34,"2.642","2021-06-26 09:15:00"
"294210",34,"2.737","2021-06-26 09:30:00"
"294293",34,"2.668","2021-06-26 09:45:00"
"294370",34,"2.834","2021-06-26 10:00:00"
"294439",34,"2.078","2021-06-26 10:15:00"
"294423",34,"2.245","2021-03-03 22:30:00"
"294620",34,"2.771","2021-03-03 22:45:00"
"294800",34,"2.604","2021-03-03 23:00:00"
"295729",34,"0.5","2021-03-04 02:30:00"
"298783",34,"1.163","2021-03-04 02:45:00"
"295909",34,"3.063","2021-04-06 03:00:00"
"295963",34,"3.138","2021-04-06 03:15:00"
"296017",34,"3.242","2021-04-06 03:30:00"
"296071",34,"2.585","2021-04-06 03:45:00"
"296125",34,"1.995","2021-04-06 04:00:00"
"296179",34,"1.814","2021-04-06 04:15:00"
"296233",34,"2.267","2021-04-06 04:30:00"
"296287",34,"1.712","2021-04-06 04:45:00"
"297839",34,"3.352","2021-06-26 12:30:00"
"297893",34,"3.668","2021-06-26 12:45:00"
"297947",34,"3.567","2021-06-26 13:00:00"
"298001",34,"3.403","2021-06-26 13:15:00"
"298055",34,"3.316","2021-06-26 13:30:00"
"298109",34,"3.282","2021-06-26 13:45:00"
"298163",34,"3.159","2021-06-26 14:00:00"
"298217",34,"3.866","2021-06-26 14:15:00"
"298271",34,"3.899","2021-06-26 14:30:00"
"298325",34,"3.6550000000000002","2021-06-26 14:45:00"
"299524",34,"1.7730000000000001","2021-05-15 11:30:00"
"299647",34,"2.15","2021-05-15 11:45:00"
"299754",34,"1.415","2021-05-15 12:00:00"
"299605",34,"0","2021-03-04 05:45:00"
"299713",34,"0","2021-03-04 06:00:00"
"299833",34,"0","2021-03-04 06:15:00"
"299850",34,"0.9","2021-05-15 12:15:00"
"299953",34,"1.53","2021-05-15 12:30:00"
"300058",34,"0.91","2021-05-15 12:45:00"
"300178",34,"1.129","2021-05-15 13:00:00"
"301151",34,"2.304","2021-04-06 08:45:00"
"301205",34,"2.847","2021-04-06 09:00:00"
"301259",34,"2.13","2021-04-06 09:15:00"
"301313",34,"3.047","2021-04-06 09:30:00"
"301367",34,"2.709","2021-04-06 09:45:00"
"301421",34,"3.518","2021-04-06 10:00:00"
"301475",34,"4.138","2021-04-06 10:15:00"
"301529",34,"4.19","2021-04-06 10:30:00"
"301583",34,"4.011","2021-04-06 10:45:00"
"301637",34,"3.38","2021-04-06 11:00:00"
"301691",34,"4.119","2021-04-06 11:15:00"
"302830",34,"2.541","2021-03-04 08:30:00"
"303016",34,"2.609","2021-03-04 08:45:00"
"303168",34,"2.648","2021-03-04 09:00:00"
"303064",34,"0.93","2021-06-26 18:45:00"
"303335",34,"0","2021-06-26 19:00:00"
"303603",34,"0","2021-06-26 19:15:00"
"303113",34,"0.96","2021-04-06 13:15:00"
"303275",34,"1.947","2021-04-06 13:30:00"
"303483",34,"2.268","2021-04-06 13:45:00"
"303331",34,"3.372","2021-03-04 09:15:00"
"303491",34,"2.818","2021-03-04 09:30:00"
"304706",34,"3.009","2021-03-04 11:00:00"
"304857",34,"3.121","2021-03-04 11:15:00"
"305015",34,"4.578","2021-03-04 11:30:00"
"304815",34,"1.5190000000000001","2021-04-06 15:15:00"
"305024",34,"0.6900000000000001","2021-04-06 15:30:00"
"305266",34,"1.124","2021-04-06 15:45:00"
"304764",34,"1.697","2021-05-15 18:15:00"
"305008",34,"1.5070000000000001","2021-05-15 18:30:00"
"305255",34,"1.828","2021-05-15 18:45:00"
"304894",34,"0.84","2021-06-26 20:45:00"
"305214",34,"0","2021-06-26 21:00:00"
"305416",34,"0","2021-06-26 21:15:00"
"305649",34,"0","2021-05-15 19:30:00"
"305703",34,"0","2021-05-15 19:45:00"
"305757",34,"0.8200000000000001","2021-05-15 20:00:00"
"305835",34,"3.012","2021-03-04 12:15:00"
"305889",34,"2.31","2021-03-04 12:30:00"
"305943",34,"2.863","2021-03-04 12:45:00"
"305997",34,"3.137","2021-03-04 13:00:00"
"306051",34,"3.533","2021-03-04 13:15:00"
"306105",34,"3.468","2021-03-04 13:30:00"
"306159",34,"1.227","2021-03-04 13:45:00"
"306213",34,"0.98","2021-03-04 14:00:00"
"307555",34,"0.56","2021-04-06 17:15:00"
"307715",34,"1.995","2021-04-06 17:30:00"
"307513",34,"2.084","2021-06-27 00:00:00"
"307597",34,"1.02","2021-06-27 00:15:00"
"307672",34,"0","2021-06-27 00:30:00"
"307776",34,"0","2021-06-27 00:45:00"
"307868",34,"0","2021-06-27 01:00:00"
"307827",34,"2.249","2021-04-06 17:45:00"
"307967",34,"2.346","2021-04-06 18:00:00"
"308079",34,"2.773","2021-04-06 18:15:00"
"308977",34,"2.6870000000000003","2021-04-06 20:15:00"
"309074",34,"2.418","2021-04-06 20:30:00"
"309165",34,"2.042","2021-04-06 20:45:00"
"309243",34,"2.3529999999999998","2021-05-15 22:15:00"
"309297",34,"1.9220000000000002","2021-05-15 22:30:00"
"310797",34,"2.276","2021-04-06 21:00:00"
"310851",34,"2.463","2021-04-06 21:15:00"
"310905",34,"2.386","2021-04-06 21:30:00"
"309351",34,"2.017","2021-05-15 22:45:00"
"309405",34,"2.242","2021-05-15 23:00:00"
"309459",34,"1.019","2021-05-15 23:15:00"
"310509",34,"2.147","2021-03-04 20:00:00"
"310563",34,"2.605","2021-03-04 20:15:00"
"310617",34,"2.59","2021-03-04 20:30:00"
"310671",34,"2.318","2021-03-04 20:45:00"
"310725",34,"1.8479999999999999","2021-03-04 21:00:00"
"310779",34,"2.643","2021-03-04 21:15:00"
"313833",34,"2.797","2021-03-04 21:30:00"
"313887",34,"2.698","2021-03-04 21:45:00"
"310959",34,"2.083","2021-04-06 21:45:00"
"311013",34,"2.211","2021-04-06 22:00:00"
"312295",34,"0","2021-06-27 03:15:00"
"312392",34,"0","2021-06-27 03:30:00"
"312300",34,"0","2021-05-16 02:00:00"
"312412",34,"0","2021-05-16 02:15:00"
"312496",34,"0","2021-05-16 02:30:00"
"312577",34,"0.81","2021-05-16 02:45:00"
"312659",34,"1.467","2021-05-16 03:00:00"
"312543",34,"0","2021-06-27 03:45:00"
"312709",34,"0","2021-06-27 04:00:00"
"313041",34,"0.43","2021-06-27 04:15:00"
"313941",34,"2.724","2021-03-04 22:00:00"
"313995",34,"3.171","2021-03-04 22:15:00"
"314049",34,"2.823","2021-03-04 22:30:00"
"314103",34,"2.231","2021-03-04 22:45:00"
"314157",34,"2.153","2021-03-04 23:00:00"
"314211",34,"2.763","2021-03-04 23:15:00"
"314265",34,"2.45","2021-03-04 23:30:00"
"314319",34,"2.2880000000000003","2021-03-04 23:45:00"
"314373",34,"2.747","2021-03-05 00:00:00"
"314427",34,"2.909","2021-03-05 00:15:00"
"316154",34,"0","2021-06-27 07:00:00"
"316229",34,"0","2021-06-27 07:15:00"
"316301",34,"0","2021-06-27 07:30:00"
"316282",34,"0","2021-05-16 07:00:00"
"316442",34,"0.13","2021-05-16 07:15:00"
"316600",34,"1.192","2021-05-16 07:30:00"
"316380",34,"0","2021-06-27 07:45:00"
"316465",34,"0","2021-06-27 08:00:00"
"316552",34,"0","2021-06-27 08:15:00"
"316631",34,"0","2021-06-27 08:30:00"
"316701",34,"0.45","2021-06-27 08:45:00"
"317727",34,"0.43","2021-05-16 09:45:00"
"320781",34,"0.98","2021-05-16 10:00:00"
"317913",34,"2.867","2021-03-05 02:30:00"
"317967",34,"3.028","2021-03-05 02:45:00"
"318021",34,"3.053","2021-03-05 03:00:00"
"318075",34,"3.103","2021-03-05 03:15:00"
"318129",34,"3.502","2021-03-05 03:30:00"
"318183",34,"3.115","2021-03-05 03:45:00"
"318237",34,"2.943","2021-03-05 04:00:00"
"319443",34,"5.113","2021-04-07 09:15:00"
"319497",34,"4.85","2021-04-07 09:30:00"
"319551",34,"4.502","2021-04-07 09:45:00"
"319661",34,"5.336","2021-04-07 10:00:00"
"319809",34,"5.288","2021-04-07 10:15:00"
"319786",34,"2.512","2021-06-27 12:00:00"
"319863",34,"3.333","2021-06-27 12:15:00"
"319938",34,"2.644","2021-06-27 12:30:00"
"319991",34,"4.558","2021-04-07 10:30:00"
"320154",34,"4.294","2021-04-07 10:45:00"
"321105",34,"1.595","2021-05-16 11:30:00"
"321159",34,"1.337","2021-05-16 11:45:00"
"321213",34,"1.526","2021-05-16 12:00:00"
"321267",34,"1.357","2021-05-16 12:15:00"
"321321",34,"1.432","2021-05-16 12:30:00"
"321375",34,"1.092","2021-05-16 12:45:00"
"321429",34,"1.908","2021-05-16 13:00:00"
"321483",34,"0.27","2021-05-16 13:15:00"
"321537",34,"1.574","2021-05-16 13:30:00"
"321591",34,"0.1","2021-05-16 13:45:00"
"322887",34,"2.862","2021-06-27 16:30:00"
"322941",34,"3.302","2021-06-27 16:45:00"
"322995",34,"2.299","2021-06-27 17:00:00"
"323049",34,"1.5190000000000001","2021-06-27 17:15:00"
"323129",34,"1.596","2021-06-27 17:30:00"
"323150",34,"4.233","2021-04-07 11:00:00"
"323262",34,"4.037","2021-04-07 11:15:00"
"323373",34,"4.001","2021-04-07 11:30:00"
"323240",34,"1.13","2021-06-27 17:45:00"
"323347",34,"1.923","2021-06-27 18:00:00"
"323463",34,"1.358","2021-06-27 18:15:00"
"324514",34,"3.9130000000000003","2021-04-07 14:15:00"
"324577",34,"3.33","2021-04-07 14:30:00"
"324631",34,"3.896","2021-04-07 14:45:00"
"324685",34,"4.6850000000000005","2021-04-07 15:00:00"
"324739",34,"3.306","2021-04-07 15:15:00"
"326811",34,"3.6870000000000003","2021-04-07 15:30:00"
"326915",34,"4.5600000000000005","2021-04-07 15:45:00"
"327028",34,"4.317","2021-04-07 16:00:00"
"324832",34,"1.447","2021-05-16 14:45:00"
"324931",34,"0.8200000000000001","2021-05-16 15:00:00"
"325066",34,"1.871","2021-05-16 15:15:00"
"325963",34,"4.287","2021-03-05 13:15:00"
"326084",34,"4.08","2021-03-05 13:30:00"
"326189",34,"4.266","2021-03-05 13:45:00"
"326170",34,"0.18","2021-05-16 18:30:00"
"326273",34,"0","2021-05-16 18:45:00"
"326391",34,"0","2021-05-16 19:00:00"
"326301",34,"3.198","2021-03-05 14:00:00"
"326400",34,"2.809","2021-03-05 14:15:00"
"326494",34,"0","2021-05-16 19:15:00"
"328833",34,"0","2021-05-16 19:30:00"
"327668",34,"5.074","2021-04-07 17:30:00"
"327749",34,"5.872","2021-04-07 17:45:00"
"327863",34,"3.943","2021-06-27 23:00:00"
"328015",34,"3.553","2021-06-27 23:15:00"
"327830",34,"5.234","2021-04-07 18:00:00"
"327917",34,"4.385","2021-04-07 18:15:00"
"327997",34,"4.318","2021-04-07 18:30:00"
"328100",34,"3.987","2021-04-07 18:45:00"
"328200",34,"3.357","2021-04-07 19:00:00"
"329422",34,"0.36","2021-05-16 21:15:00"
"329545",34,"0","2021-05-16 21:30:00"
"329515",34,"2.119","2021-03-05 17:00:00"
"329628",34,"2.976","2021-03-05 17:15:00"
"329739",34,"3.017","2021-03-05 17:30:00"
"329647",34,"0","2021-05-16 21:45:00"
"329753",34,"0","2021-05-16 22:00:00"
"329860",34,"0","2021-05-16 22:15:00"
"329848",34,"2.168","2021-03-05 17:45:00"
"329940",34,"1.297","2021-03-05 18:00:00"
"330036",34,"2.013","2021-03-05 18:15:00"
"330518",34,"0","2021-05-16 23:45:00"
"332805",34,"0","2021-05-17 00:00:00"
"330639",34,"0.9500000000000001","2021-03-05 19:45:00"
"330693",34,"0","2021-03-05 20:00:00"
"330747",34,"0","2021-03-05 20:15:00"
"333098",34,"0","2021-03-05 20:30:00"
"333197",34,"0","2021-03-05 20:45:00"
"330927",34,"3.328","2021-04-07 20:45:00"
"328134",34,"3.976","2021-06-27 23:30:00"
"328243",34,"4.125","2021-06-27 23:45:00"
"328347",34,"3.8810000000000002","2021-06-28 00:00:00"
"328312",34,"3.343","2021-04-07 19:15:00"
"328409",34,"3.857","2021-04-07 19:30:00"
"328512",34,"2.8040000000000003","2021-04-07 19:45:00"
"328460",34,"3.553","2021-06-28 00:15:00"
"328578",34,"3.262","2021-06-28 00:30:00"
"328669",34,"3.437","2021-06-28 00:45:00"
"328623",34,"2.714","2021-04-07 20:00:00"
"330819",34,"2.678","2021-04-07 20:15:00"
"330873",34,"2.972","2021-04-07 20:30:00"
"341145",34,"6.117","2021-04-08 10:00:00"
"341222",34,"5.666","2021-04-08 10:15:00"
"341302",34,"5.388","2021-04-08 10:30:00"
"338881",34,"2.254","2021-03-06 01:30:00"
"338935",34,"2.5869999999999997","2021-03-06 01:45:00"
"338989",34,"2.061","2021-03-06 02:00:00"
"339043",34,"0.13","2021-03-06 02:15:00"
"339097",34,"0","2021-03-06 02:30:00"
"339151",34,"1.103","2021-03-06 02:45:00"
"339205",34,"0.53","2021-03-06 03:00:00"
"339803",34,"0.14","2021-05-17 09:15:00"
"339857",34,"0.06","2021-05-17 09:30:00"
"339911",34,"0.26","2021-05-17 09:45:00"
"339965",34,"0","2021-05-17 10:00:00"
"340019",34,"0","2021-05-17 10:15:00"
"340073",34,"0.25","2021-05-17 10:30:00"
"340127",34,"0.93","2021-05-17 10:45:00"
"340181",34,"0.93","2021-05-17 11:00:00"
"340235",34,"0.87","2021-05-17 11:15:00"
"340289",34,"0.79","2021-05-17 11:30:00"
"340883",34,"2.437","2021-06-28 11:00:00"
"340937",34,"2.645","2021-06-28 11:15:00"
"340991",34,"3.059","2021-06-28 11:30:00"
"341045",34,"2.607","2021-06-28 11:45:00"
"341099",34,"2.974","2021-06-28 12:00:00"
"341193",34,"2.876","2021-06-28 12:15:00"
"341353",34,"3.95","2021-06-28 12:30:00"
"341519",34,"3.652","2021-06-28 12:45:00"
"341387",34,"5.255","2021-04-08 10:45:00"
"341466",34,"4.934","2021-04-08 11:00:00"
"342567",34,"4.503","2021-04-08 14:30:00"
"344815",34,"4.543","2021-04-08 14:45:00"
"344869",34,"4.83","2021-04-08 15:00:00"
"342747",34,"4.431","2021-06-28 15:00:00"
"345801",34,"5.341","2021-06-28 15:15:00"
"342853",34,"0.65","2021-03-06 06:00:00"
"342907",34,"0.47000000000000003","2021-03-06 06:15:00"
"342978",34,"0.21","2021-03-06 06:30:00"
"343074",34,"0","2021-03-06 06:45:00"
"343169",34,"0.11","2021-03-06 07:00:00"
"344354",34,"3.47","2021-05-17 17:00:00"
"344447",34,"2.948","2021-05-17 17:15:00"
"344365",34,"0.66","2021-03-06 09:45:00"
"344488",34,"1.467","2021-03-06 10:00:00"
"344571",34,"2.755","2021-05-17 17:30:00"
"344639",34,"2.09","2021-05-17 17:45:00"
"344693",34,"1.9420000000000002","2021-05-17 18:00:00"
"344588",34,"0.19","2021-03-06 10:15:00"
"347825",34,"1.5270000000000001","2021-03-06 10:30:00"
"347879",34,"1.693","2021-03-06 10:45:00"
"345855",34,"4.5969999999999995","2021-06-28 15:30:00"
"345909",34,"3.9699999999999998","2021-06-28 15:45:00"
"345963",34,"4.108","2021-06-28 16:00:00"
"346017",34,"5.058","2021-06-28 16:15:00"
"346071",34,"4.167","2021-06-28 16:30:00"
"346125",34,"4.675","2021-06-28 16:45:00"
"346179",34,"5.04","2021-06-28 17:00:00"
"346233",34,"4.612","2021-06-28 17:15:00"
"346287",34,"4.513","2021-06-28 17:30:00"
"346341",34,"4.466","2021-06-28 17:45:00"
"346395",34,"4.788","2021-06-28 18:00:00"
"347557",34,"0.25","2021-05-17 22:00:00"
"347611",34,"0","2021-05-17 22:15:00"
"347665",34,"0","2021-05-17 22:30:00"
"347719",34,"0","2021-05-17 22:45:00"
"347773",34,"0","2021-05-17 23:00:00"
"347933",34,"1.492","2021-03-06 11:00:00"
"347987",34,"1.87","2021-03-06 11:15:00"
"348041",34,"1.694","2021-03-06 11:30:00"
"348095",34,"1.899","2021-03-06 11:45:00"
"348149",34,"2.959","2021-03-06 12:00:00"
"349256",34,"0","2021-05-17 23:15:00"
"349394",34,"0","2021-05-17 23:30:00"
"349552",34,"0","2021-05-17 23:45:00"
"349379",34,"3.018","2021-04-08 21:00:00"
"349531",34,"3.187","2021-04-08 21:15:00"
"349691",34,"3.452","2021-06-28 20:45:00"
"349885",34,"3.944","2021-06-28 21:00:00"
"349700",34,"1.01","2021-05-18 00:00:00"
"349848",34,"0.58","2021-05-18 00:15:00"
"350989",34,"0","2021-05-18 02:00:00"
"351159",34,"0","2021-05-18 02:15:00"
"350967",34,"4.68","2021-04-08 23:30:00"
"351118",34,"4.572","2021-04-08 23:45:00"
"351280",34,"3.167","2021-06-28 23:15:00"
"351422",34,"2.544","2021-06-28 23:30:00"
"351562",34,"3.183","2021-06-28 23:45:00"
"351275",34,"0","2021-05-18 02:30:00"
"351364",34,"0.59","2021-05-18 02:45:00"
"351451",34,"1.283","2021-05-18 03:00:00"
"352632",34,"1.744","2021-03-06 16:45:00"
"352765",34,"1.9100000000000001","2021-03-06 17:00:00"
"352909",34,"2.698","2021-03-06 17:15:00"
"352626",34,"0.05","2021-05-18 05:45:00"
"352763",34,"0","2021-05-18 06:00:00"
"352881",34,"0","2021-05-18 06:15:00"
"352773",34,"4.042","2021-04-09 00:00:00"
"353023",34,"4.368","2021-04-09 00:15:00"
"353301",34,"3.635","2021-04-09 00:30:00"
"352997",34,"0","2021-05-18 06:30:00"
"353124",34,"0","2021-05-18 06:45:00"
"353659",34,"1.573","2021-05-18 07:45:00"
"353754",34,"1.011","2021-05-18 08:00:00"
"353820",34,"1.909","2021-03-06 18:45:00"
"353940",34,"1.673","2021-03-06 19:00:00"
"353878",34,"1.363","2021-05-18 08:15:00"
"355825",34,"1.924","2021-05-18 08:30:00"
"355879",34,"0.92","2021-05-18 08:45:00"
"354029",34,"2.355","2021-03-06 19:15:00"
"354126",34,"2.036","2021-03-06 19:30:00"
"356758",34,"1.693","2021-03-06 19:45:00"
"355231",34,"4.622","2021-06-29 02:30:00"
"355285",34,"4.861","2021-06-29 02:45:00"
"355339",34,"4.329","2021-06-29 03:00:00"
"355393",34,"3.799","2021-06-29 03:15:00"
"355447",34,"4.109","2021-06-29 03:30:00"
"355501",34,"4.49","2021-06-29 03:45:00"
"355555",34,"4.631","2021-06-29 04:00:00"
"355609",34,"3.779","2021-06-29 04:15:00"
"355663",34,"3.388","2021-06-29 04:30:00"
"355717",34,"3.051","2021-06-29 04:45:00"
"356311",34,"1.334","2021-05-18 10:45:00"
"356365",34,"1.197","2021-05-18 11:00:00"
"356419",34,"1.124","2021-05-18 11:15:00"
"356473",34,"1.994","2021-05-18 11:30:00"
"356527",34,"1.119","2021-05-18 11:45:00"
"356581",34,"1","2021-05-18 12:00:00"
"356635",34,"0.77","2021-05-18 12:15:00"
"356707",34,"1.088","2021-05-18 12:30:00"
"356806",34,"1.222","2021-05-18 12:45:00"
"357392",34,"1.923","2021-05-18 13:00:00"
"357546",34,"1.5110000000000001","2021-05-18 13:15:00"
"358202",34,"0","2021-03-06 23:15:00"
"358378",34,"0","2021-03-06 23:30:00"
"358122",34,"0.9500000000000001","2021-05-18 14:00:00"
"358278",34,"0.9500000000000001","2021-05-18 14:15:00"
"358443",34,"2.312","2021-05-18 14:30:00"
"358536",34,"2.253","2021-06-29 06:15:00"
"358859",34,"2.612","2021-06-29 06:30:00"
"359041",34,"2.254","2021-06-29 06:45:00"
"358623",34,"1.363","2021-05-18 14:45:00"
"358778",34,"1.018","2021-05-18 15:00:00"
"359848",34,"0.35000000000000003","2021-05-18 17:15:00"
"359947",34,"1.647","2021-05-18 17:30:00"
"360882",34,"1.431","2021-05-18 17:45:00"
"360022",34,"0.37","2021-04-09 07:15:00"
"360128",34,"0.91","2021-04-09 07:30:00"
"360123",34,"3.237","2021-06-29 08:15:00"
"360227",34,"3.761","2021-06-29 08:30:00"
"360241",34,"1.589","2021-04-09 07:45:00"
"360347",34,"1.7650000000000001","2021-04-09 08:00:00"
"360453",34,"2.19","2021-04-09 08:15:00"
"361474",34,"0.01","2021-03-07 01:45:00"
"361568",34,"0.14","2021-03-07 02:00:00"
"361498",34,"1.156","2021-05-18 19:15:00"
"361614",34,"1.516","2021-05-18 19:30:00"
"361690",34,"0.09","2021-03-07 02:15:00"
"361807",34,"0.43","2021-03-07 02:30:00"
"361903",34,"0.23","2021-03-07 02:45:00"
"361713",34,"1.362","2021-05-18 19:45:00"
"361812",34,"2.046","2021-05-18 20:00:00"
"361931",34,"2.013","2021-05-18 20:15:00"
"363013",34,"5.123","2021-06-29 10:45:00"
"363067",34,"4.6690000000000005","2021-06-29 11:00:00"
"363121",34,"3.777","2021-06-29 11:15:00"
"363175",34,"4.13","2021-06-29 11:30:00"
"363229",34,"3.956","2021-06-29 11:45:00"
"363283",34,"3.998","2021-06-29 12:00:00"
"363394",34,"4.451","2021-06-29 12:15:00"
"363504",34,"4.286","2021-06-29 12:30:00"
"363539",34,"3.181","2021-04-09 09:45:00"
"363609",34,"2.8609999999999998","2021-04-09 10:00:00"
"364729",34,"4.132","2021-04-09 13:30:00"
"366932",34,"4.7780000000000005","2021-04-09 13:45:00"
"367008",34,"3.793","2021-04-09 14:00:00"
"364903",34,"2.132","2021-05-18 22:45:00"
"364957",34,"2.284","2021-05-18 23:00:00"
"365011",34,"1.931","2021-05-18 23:15:00"
"365065",34,"1.65","2021-05-18 23:30:00"
"365119",34,"1.476","2021-05-18 23:45:00"
"365173",34,"1.471","2021-05-19 00:00:00"
"365227",34,"1.457","2021-05-19 00:15:00"
"366415",34,"0.12","2021-03-07 07:45:00"
"366469",34,"0","2021-03-07 08:00:00"
"366523",34,"0","2021-03-07 08:15:00"
"366577",34,"0.19","2021-03-07 08:30:00"
"366631",34,"0.86","2021-03-07 08:45:00"
"366685",34,"0.44","2021-03-07 09:00:00"
"366739",34,"1.401","2021-03-07 09:15:00"
"369793",34,"0.64","2021-03-07 09:30:00"
"366823",34,"4.214","2021-06-29 14:30:00"
"366877",34,"4.042","2021-06-29 14:45:00"
"366935",34,"3.825","2021-06-29 15:00:00"
"368242",34,"2.858","2021-06-29 17:15:00"
"368402",34,"2.188","2021-06-29 17:30:00"
"368143",34,"2.263","2021-04-09 17:15:00"
"368223",34,"3.016","2021-04-09 17:30:00"
"368305",34,"2.352","2021-04-09 17:45:00"
"368385",34,"0.9400000000000001","2021-04-09 18:00:00"
"368466",34,"1.736","2021-04-09 18:15:00"
"370523",34,"1.558","2021-04-09 18:30:00"
"368525",34,"2.38","2021-06-29 17:45:00"
"368579",34,"2.263","2021-06-29 18:00:00"
"368633",34,"2.453","2021-06-29 18:15:00"
"369685",34,"0","2021-05-19 07:00:00"
"369739",34,"0","2021-05-19 07:15:00"
"369847",34,"0.1","2021-03-07 09:45:00"
"369901",34,"0.28","2021-03-07 10:00:00"
"370008",34,"0.71","2021-03-07 10:15:00"
"370117",34,"0.37","2021-03-07 10:30:00"
"370217",34,"0.89","2021-03-07 10:45:00"
"370259",34,"2.151","2021-06-29 19:45:00"
"370346",34,"2.478","2021-06-29 20:00:00"
"371481",34,"2.927","2021-04-09 20:00:00"
"371636",34,"2.7279999999999998","2021-04-09 20:15:00"
"371604",34,"0.9","2021-03-07 13:00:00"
"371757",34,"1.85","2021-03-07 13:15:00"
"371777",34,"3.069","2021-06-29 22:15:00"
"371924",34,"2.584","2021-06-29 22:30:00"
"372102",34,"2.3970000000000002","2021-06-29 22:45:00"
"371808",34,"2.786","2021-04-09 20:30:00"
"371953",34,"2.638","2021-04-09 20:45:00"
"372115",34,"2.206","2021-04-09 21:00:00"
"372952",34,"0","2021-05-19 08:15:00"
"373009",34,"0.85","2021-05-19 08:30:00"
"374445",34,"0.34","2021-04-09 23:00:00"
"374564",34,"1.1360000000000001","2021-04-09 23:15:00"
"374692",34,"0","2021-04-09 23:30:00"
"327570",34,"5.35","2021-04-07 17:15:00"
"327481",34,"4.402","2021-06-27 22:15:00"
"327577",34,"4.805","2021-06-27 22:30:00"
"327708",34,"4.283","2021-06-27 22:45:00"
"328723",34,"3.606","2021-06-28 01:00:00"
"328777",34,"2.873","2021-06-28 01:15:00"
"328887",34,"0","2021-05-16 19:45:00"
"328941",34,"0","2021-05-16 20:00:00"
"328995",34,"1.396","2021-05-16 20:15:00"
"329081",34,"1.487","2021-05-16 20:30:00"
"329209",34,"0.38","2021-05-16 20:45:00"
"329307",34,"0","2021-05-16 21:00:00"
"329320",34,"3.265","2021-03-05 16:30:00"
"329420",34,"2.573","2021-03-05 16:45:00"
"329983",34,"0","2021-05-16 22:30:00"
"330090",34,"1.634","2021-05-16 22:45:00"
"330166",34,"2.097","2021-03-05 18:30:00"
"330269",34,"1.816","2021-03-05 18:45:00"
"330194",34,"1.641","2021-05-16 23:00:00"
"330301",34,"1.74","2021-05-16 23:15:00"
"330405",34,"0.27","2021-05-16 23:30:00"
"330382",34,"1.725","2021-03-05 19:00:00"
"330484",34,"0.97","2021-03-05 19:15:00"
"330578",34,"0.63","2021-03-05 19:30:00"
"331035",34,"5.442","2021-04-07 21:15:00"
"331089",34,"6.328","2021-04-07 21:30:00"
"331143",34,"6.489","2021-04-07 21:45:00"
"331197",34,"6.386","2021-04-07 22:00:00"
"331251",34,"5.275","2021-04-07 22:15:00"
"331305",34,"5.727","2021-04-07 22:30:00"
"331359",34,"5.573","2021-04-07 22:45:00"
"331413",34,"5.96","2021-04-07 23:00:00"
"331467",34,"5.713","2021-04-07 23:15:00"
"331539",34,"5.886","2021-04-07 23:30:00"
"332101",34,"1.905","2021-06-28 02:45:00"
"332155",34,"1.948","2021-06-28 03:00:00"
"332209",34,"2.095","2021-06-28 03:15:00"
"332263",34,"2.251","2021-06-28 03:30:00"
"332317",34,"1.7650000000000001","2021-06-28 03:45:00"
"332371",34,"2.164","2021-06-28 04:00:00"
"332425",34,"1.675","2021-06-28 04:15:00"
"332479",34,"1.9300000000000002","2021-06-28 04:30:00"
"332533",34,"1.238","2021-06-28 04:45:00"
"332587",34,"1.8820000000000001","2021-06-28 05:00:00"
"333209",34,"0","2021-05-17 01:30:00"
"333303",34,"1.021","2021-05-17 01:45:00"
"333411",34,"1.907","2021-05-17 02:00:00"
"333322",34,"0","2021-03-05 21:00:00"
"333431",34,"0","2021-03-05 21:15:00"
"333517",34,"2","2021-05-17 02:15:00"
"333632",34,"2.041","2021-05-17 02:30:00"
"333740",34,"0.04","2021-05-17 02:45:00"
"333544",34,"0.02","2021-03-05 21:30:00"
"333639",34,"1.215","2021-03-05 21:45:00"
"333747",34,"0","2021-03-05 22:00:00"
"334364",34,"1.843","2021-05-17 04:15:00"
"334468",34,"1.649","2021-05-17 04:30:00"
"334408",34,"0","2021-03-05 23:30:00"
"334503",34,"0.92","2021-03-05 23:45:00"
"334557",34,"0","2021-03-06 00:00:00"
"334611",34,"0","2021-03-06 00:15:00"
"334665",34,"0","2021-03-06 00:30:00"
"334719",34,"0","2021-03-06 00:45:00"
"334773",34,"0","2021-03-06 01:00:00"
"338827",34,"1.9540000000000002","2021-03-06 01:15:00"
"335439",34,"3.482","2021-04-08 03:45:00"
"335493",34,"3.448","2021-04-08 04:00:00"
"335547",34,"3.457","2021-04-08 04:15:00"
"335601",34,"3.168","2021-04-08 04:30:00"
"335655",34,"3.463","2021-04-08 04:45:00"
"335709",34,"2.411","2021-04-08 05:00:00"
"335763",34,"3.035","2021-04-08 05:15:00"
"335965",34,"1.755","2021-06-28 06:45:00"
"336019",34,"2.637","2021-06-28 07:00:00"
"336613",34,"2.336","2021-06-28 09:45:00"
"336667",34,"2.2800000000000002","2021-06-28 10:00:00"
"336721",34,"2.609","2021-06-28 10:15:00"
"336775",34,"3.163","2021-06-28 10:30:00"
"340829",34,"3.034","2021-06-28 10:45:00"
"336831",34,"1.612","2021-05-17 04:45:00"
"336885",34,"1.818","2021-05-17 05:00:00"
"336939",34,"1.6219999999999999","2021-05-17 05:15:00"
"336993",34,"1.6480000000000001","2021-05-17 05:30:00"
"337047",34,"1.375","2021-05-17 05:45:00"
"337695",34,"0","2021-05-17 08:45:00"
"337749",34,"0","2021-05-17 09:00:00"
"337817",34,"3.005","2021-04-08 05:30:00"
"337871",34,"2.968","2021-04-08 05:45:00"
"337925",34,"3.8280000000000003","2021-04-08 06:00:00"
"337979",34,"4.983","2021-04-08 06:15:00"
"338033",34,"4.784","2021-04-08 06:30:00"
"338087",34,"3.624","2021-04-08 06:45:00"
"338141",34,"3.521","2021-04-08 07:00:00"
"338195",34,"4.053","2021-04-08 07:15:00"
"339259",34,"1.21","2021-03-06 03:15:00"
"339313",34,"0","2021-03-06 03:30:00"
"339367",34,"0.21","2021-03-06 03:45:00"
"339421",34,"0.19","2021-03-06 04:00:00"
"339475",34,"1.229","2021-03-06 04:15:00"
"339529",34,"0.52","2021-03-06 04:30:00"
"339583",34,"0.39","2021-03-06 04:45:00"
"339637",34,"1.312","2021-03-06 05:00:00"
"339691",34,"1.56","2021-03-06 05:15:00"
"339745",34,"1.193","2021-03-06 05:30:00"
"342799",34,"0.25","2021-03-06 05:45:00"
"341552",34,"6.015","2021-04-08 11:15:00"
"341621",34,"5.338","2021-04-08 11:30:00"
"341695",34,"5.609","2021-04-08 11:45:00"
"341716",34,"3.757","2021-06-28 13:00:00"
"341874",34,"3.482","2021-06-28 13:15:00"
"342034",34,"3.808","2021-06-28 13:30:00"
"341780",34,"5.457","2021-04-08 12:00:00"
"341859",34,"4.167","2021-04-08 12:15:00"
"341939",34,"4.817","2021-04-08 12:30:00"
"342022",34,"4.639","2021-04-08 12:45:00"
"342094",34,"4.324","2021-04-08 13:00:00"
"343260",34,"0","2021-03-06 07:15:00"
"343381",34,"0","2021-03-06 07:30:00"
"343300",34,"3.521","2021-05-17 14:30:00"
"343395",34,"3.31","2021-05-17 14:45:00"
"343478",34,"0","2021-03-06 07:45:00"
"343584",34,"0","2021-03-06 08:00:00"
"343693",34,"0","2021-03-06 08:15:00"
"343518",34,"4.569","2021-05-17 15:00:00"
"343623",34,"3.604","2021-05-17 15:15:00"
"343726",34,"4.064","2021-05-17 15:30:00"
"344747",34,"1.7610000000000001","2021-05-17 18:15:00"
"346801",34,"1.484","2021-05-17 18:30:00"
"344923",34,"3.858","2021-04-08 15:15:00"
"344977",34,"4.308","2021-04-08 15:30:00"
"345031",34,"3.5620000000000003","2021-04-08 15:45:00"
"345085",34,"3.634","2021-04-08 16:00:00"
"345139",34,"3.701","2021-04-08 16:15:00"
"345193",34,"3.8200000000000003","2021-04-08 16:30:00"
"345247",34,"4.184","2021-04-08 16:45:00"
"346449",34,"5.188","2021-06-28 18:15:00"
"346503",34,"5.092","2021-06-28 18:30:00"
"346557",34,"5.289","2021-06-28 18:45:00"
"346611",34,"4.212","2021-06-28 19:00:00"
"346665",34,"4.05","2021-06-28 19:15:00"
"346719",34,"4.251","2021-06-28 19:30:00"
"346773",34,"3.876","2021-06-28 19:45:00"
"346855",34,"1.422","2021-05-17 18:45:00"
"346909",34,"0.54","2021-05-17 19:00:00"
"346963",34,"0.92","2021-05-17 19:15:00"
"348203",34,"1.3940000000000001","2021-03-06 12:15:00"
"348257",34,"0.9","2021-03-06 12:30:00"
"348311",34,"2.031","2021-03-06 12:45:00"
"348365",34,"2.91","2021-03-06 13:00:00"
"348419",34,"1.395","2021-03-06 13:15:00"
"348473",34,"0.87","2021-03-06 13:30:00"
"348527",34,"1.268","2021-03-06 13:45:00"
"348581",34,"1.794","2021-03-06 14:00:00"
"348635",34,"0.4","2021-03-06 14:15:00"
"348689",34,"1.7970000000000002","2021-03-06 14:30:00"
"349679",34,"4.806","2021-04-08 21:30:00"
"349830",34,"5.148","2021-04-08 21:45:00"
"349971",34,"5.12","2021-04-08 22:00:00"
"349996",34,"0.05","2021-05-18 00:30:00"
"350156",34,"0.2","2021-05-18 00:45:00"
"350326",34,"0.11","2021-05-18 01:00:00"
"350137",34,"5.645","2021-04-08 22:15:00"
"350295",34,"5.788","2021-04-08 22:30:00"
"350073",34,"4.182","2021-06-28 21:15:00"
"350217",34,"4.832","2021-06-28 21:30:00"
"350393",34,"4.832","2021-06-28 21:45:00"
"351539",34,"0","2021-05-18 03:15:00"
"351626",34,"0","2021-05-18 03:30:00"
"351691",34,"3.62","2021-06-29 00:00:00"
"351745",34,"4.824","2021-06-29 00:15:00"
"354458",34,"4.072","2021-06-29 00:30:00"
"354550",34,"3.777","2021-06-29 00:45:00"
"354655",34,"3.7880000000000003","2021-06-29 01:00:00"
"351803",34,"0","2021-05-18 03:45:00"
"351903",34,"0.61","2021-05-18 04:00:00"
"351998",34,"0.25","2021-05-18 04:15:00"
"353090",34,"2.191","2021-03-06 17:30:00"
"353215",34,"2.6630000000000003","2021-03-06 17:45:00"
"353265",34,"0.55","2021-05-18 07:00:00"
"353409",34,"1.928","2021-05-18 07:15:00"
"353544",34,"1.892","2021-05-18 07:30:00"
"353344",34,"2.197","2021-03-06 18:00:00"
"353463",34,"2.71","2021-03-06 18:15:00"
"353616",34,"2.009","2021-03-06 18:30:00"
"353566",34,"2.99","2021-04-09 00:45:00"
"353836",34,"2.757","2021-04-09 01:00:00"
"354002",34,"3.251","2021-04-09 01:15:00"
"354735",34,"4.029","2021-06-29 01:15:00"
"354855",34,"5.084","2021-06-29 01:30:00"
"354970",34,"2.025","2021-04-09 04:00:00"
"355080",34,"2.299","2021-04-09 04:15:00"
"354961",34,"5.074","2021-06-29 01:45:00"
"355067",34,"3.878","2021-06-29 02:00:00"
"355172",34,"4.087","2021-06-29 02:15:00"
"357359",34,"2.5220000000000002","2021-04-09 04:30:00"
"357660",34,"2.495","2021-04-09 04:45:00"
"357862",34,"2.35","2021-04-09 05:00:00"
"356877",34,"1.873","2021-03-06 20:00:00"
"356931",34,"0.86","2021-03-06 20:15:00"
"356985",34,"1.244","2021-03-06 20:30:00"
"357039",34,"2.221","2021-03-06 20:45:00"
"357093",34,"1.667","2021-03-06 21:00:00"
"357147",34,"1.218","2021-03-06 21:15:00"
"357201",34,"1.045","2021-03-06 21:30:00"
"357255",34,"0","2021-03-06 21:45:00"
"357309",34,"0","2021-03-06 22:00:00"
"357440",34,"0","2021-03-06 22:15:00"
"358557",34,"0","2021-03-06 23:45:00"
"358718",34,"0.54","2021-03-07 00:00:00"
"360795",34,"0.48","2021-03-07 00:15:00"
"358808",34,"3.298","2021-04-09 05:45:00"
"359048",34,"3.187","2021-04-09 06:00:00"
"359232",34,"2.883","2021-04-09 06:15:00"
"358909",34,"0.91","2021-05-18 15:15:00"
"359022",34,"1.392","2021-05-18 15:30:00"
"359133",34,"2.025","2021-05-18 15:45:00"
"359234",34,"1.957","2021-06-29 07:00:00"
"359426",34,"2.421","2021-06-29 07:15:00"
"360336",34,"3.71","2021-06-29 08:45:00"
"360446",34,"3.269","2021-06-29 09:00:00"
"360549",34,"3.4050000000000002","2021-06-29 09:15:00"
"360567",34,"2.427","2021-04-09 08:30:00"
"360671",34,"2.56","2021-04-09 08:45:00"
"360660",34,"4.793","2021-06-29 09:30:00"
"362797",34,"5.091","2021-06-29 09:45:00"
"360757",34,"2.713","2021-04-09 09:00:00"
"363333",34,"2.843","2021-04-09 09:15:00"
"363449",34,"2.768","2021-04-09 09:30:00"
"362008",34,"1.7069999999999999","2021-03-07 03:00:00"
"362118",34,"0.9","2021-03-07 03:15:00"
"362044",34,"2.268","2021-05-18 20:30:00"
"362148",34,"2.093","2021-05-18 20:45:00"
"362240",34,"2.033","2021-05-18 21:00:00"
"362350",34,"2.258","2021-05-18 21:15:00"
"362471",34,"1.9020000000000001","2021-05-18 21:30:00"
"362243",34,"0","2021-03-07 03:30:00"
"362349",34,"0","2021-03-07 03:45:00"
"362443",34,"0.22","2021-03-07 04:00:00"
"363687",34,"4.943","2021-06-29 12:45:00"
"363808",34,"4.335","2021-06-29 13:00:00"
"363693",34,"3.257","2021-04-09 10:15:00"
"363793",34,"3.833","2021-04-09 10:30:00"
"363876",34,"3.492","2021-04-09 10:45:00"
"363966",34,"4.038","2021-04-09 11:00:00"
"364050",34,"3.462","2021-04-09 11:15:00"
"363953",34,"3.462","2021-06-29 13:15:00"
"364109",34,"3.927","2021-06-29 13:30:00"
"364256",34,"4.342","2021-06-29 13:45:00"
"365281",34,"1.566","2021-05-19 00:30:00"
"365379",34,"1.853","2021-05-19 00:45:00"
"365478",34,"1.936","2021-05-19 01:00:00"
"365490",34,"0","2021-03-07 05:15:00"
"365588",34,"0","2021-03-07 05:30:00"
"365595",34,"2.15","2021-05-19 01:15:00"
"365708",34,"2.211","2021-05-19 01:30:00"
"365690",34,"0","2021-03-07 05:45:00"
"365807",34,"0","2021-03-07 06:00:00"
"365918",34,"0","2021-03-07 06:15:00"
"367057",34,"4.123","2021-06-29 15:15:00"
"367160",34,"3.552","2021-06-29 15:30:00"
"367140",34,"3.411","2021-04-09 14:15:00"
"367227",34,"4.224","2021-04-09 14:30:00"
"367296",34,"3.7119999999999997","2021-06-29 15:45:00"
"367439",34,"3.553","2021-06-29 16:00:00"
"367596",34,"3.716","2021-06-29 16:15:00"
"367322",34,"4.109","2021-04-09 14:45:00"
"367408",34,"4.361","2021-04-09 15:00:00"
"367491",34,"3.851","2021-04-09 15:15:00"
"368687",34,"2.808","2021-06-29 18:30:00"
"368741",34,"2.4050000000000002","2021-06-29 18:45:00"
"369933",34,"2.362","2021-06-29 19:00:00"
"370041",34,"2.326","2021-06-29 19:15:00"
"370145",34,"2.174","2021-06-29 19:30:00"
"368821",34,"1.6280000000000001","2021-05-19 03:00:00"
"368875",34,"1.5550000000000002","2021-05-19 03:15:00"
"368929",34,"1.299","2021-05-19 03:30:00"
"368983",34,"0.21","2021-05-19 03:45:00"
"369037",34,"0.23","2021-05-19 04:00:00"
"369091",34,"0.8200000000000001","2021-05-19 04:15:00"
"370349",34,"1.108","2021-03-07 11:00:00"
"370449",34,"0.99","2021-03-07 11:15:00"
"370475",34,"2.5","2021-06-29 20:15:00"
"370618",34,"2.313","2021-06-29 20:30:00"
"370785",34,"2.433","2021-06-29 20:45:00"
"370697",34,"1.445","2021-04-09 18:45:00"
"370852",34,"1.363","2021-04-09 19:00:00"
"370627",34,"1.1320000000000001","2021-03-07 11:30:00"
"370787",34,"2.3529999999999998","2021-03-07 11:45:00"
"370941",34,"2.368","2021-03-07 12:00:00"
"371950",34,"3.637","2021-03-07 13:30:00"
"372092",34,"9.18","2021-03-07 13:45:00"
"372265",34,"3.236","2021-03-07 14:00:00"
"372251",34,"2.192","2021-06-29 23:00:00"
"330981",34,"4.126","2021-04-07 21:00:00"
"331620",34,"2.993","2021-06-28 01:30:00"
"331705",34,"2.188","2021-06-28 01:45:00"
"331802",34,"1.376","2021-06-28 02:00:00"
"331643",34,"5.4","2021-04-07 23:45:00"
"331773",34,"4.687","2021-04-08 00:00:00"
"331874",34,"3.69","2021-04-08 00:15:00"
"331916",34,"1.215","2021-06-28 02:15:00"
"332019",34,"0.54","2021-06-28 02:30:00"
"331987",34,"4.081","2021-04-08 00:30:00"
"334791",34,"3.903","2021-04-08 00:45:00"
"332641",34,"2.344","2021-06-28 05:15:00"
"332695",34,"3.01","2021-06-28 05:30:00"
"332749",34,"3.873","2021-06-28 05:45:00"
"335803",34,"3.049","2021-06-28 06:00:00"
"335857",34,"2.614","2021-06-28 06:15:00"
"335911",34,"2.06","2021-06-28 06:30:00"
"332859",34,"0.02","2021-05-17 00:15:00"
"332913",34,"0","2021-05-17 00:30:00"
"332967",34,"0.55","2021-05-17 00:45:00"
"333021",34,"1.3820000000000001","2021-05-17 01:00:00"
"333093",34,"0.96","2021-05-17 01:15:00"
"333837",34,"1.928","2021-05-17 03:00:00"
"333944",34,"2.141","2021-05-17 03:15:00"
"333867",34,"0","2021-03-05 22:15:00"
"333974",34,"0","2021-03-05 22:30:00"
"334057",34,"2.05","2021-05-17 03:30:00"
"334164",34,"1.978","2021-05-17 03:45:00"
"334270",34,"2.199","2021-05-17 04:00:00"
"334084",34,"0","2021-03-05 22:45:00"
"334188",34,"0.63","2021-03-05 23:00:00"
"334296",34,"0","2021-03-05 23:15:00"
"334845",34,"3.841","2021-04-08 01:00:00"
"334899",34,"4.2620000000000005","2021-04-08 01:15:00"
"334953",34,"3.901","2021-04-08 01:30:00"
"335007",34,"3.265","2021-04-08 01:45:00"
"335061",34,"3.281","2021-04-08 02:00:00"
"335115",34,"2.832","2021-04-08 02:15:00"
"335169",34,"3.119","2021-04-08 02:30:00"
"335223",34,"3.786","2021-04-08 02:45:00"
"335277",34,"3.742","2021-04-08 03:00:00"
"335331",34,"3.954","2021-04-08 03:15:00"
"335385",34,"3.63","2021-04-08 03:30:00"
"336073",34,"2.5300000000000002","2021-06-28 07:15:00"
"336127",34,"1.972","2021-06-28 07:30:00"
"336181",34,"2.147","2021-06-28 07:45:00"
"336235",34,"2.795","2021-06-28 08:00:00"
"336289",34,"2.818","2021-06-28 08:15:00"
"336343",34,"2.526","2021-06-28 08:30:00"
"336397",34,"2.221","2021-06-28 08:45:00"
"336451",34,"2.021","2021-06-28 09:00:00"
"336505",34,"2.551","2021-06-28 09:15:00"
"336559",34,"2.9290000000000003","2021-06-28 09:30:00"
"337101",34,"0.17","2021-05-17 06:00:00"
"337155",34,"0.34","2021-05-17 06:15:00"
"337209",34,"1.413","2021-05-17 06:30:00"
"337263",34,"0.47000000000000003","2021-05-17 06:45:00"
"337317",34,"0","2021-05-17 07:00:00"
"337371",34,"0","2021-05-17 07:15:00"
"337425",34,"0","2021-05-17 07:30:00"
"337479",34,"0","2021-05-17 07:45:00"
"337533",34,"0","2021-05-17 08:00:00"
"337587",34,"0","2021-05-17 08:15:00"
"337641",34,"0","2021-05-17 08:30:00"
"338249",34,"4.9510000000000005","2021-04-08 07:30:00"
"338303",34,"4.825","2021-04-08 07:45:00"
"338357",34,"4.226","2021-04-08 08:00:00"
"338411",34,"4.565","2021-04-08 08:15:00"
"338465",34,"4.8260000000000005","2021-04-08 08:30:00"
"338519",34,"4.354","2021-04-08 08:45:00"
"338573",34,"4.3870000000000005","2021-04-08 09:00:00"
"338627",34,"4.833","2021-04-08 09:15:00"
"338681",34,"6.38","2021-04-08 09:30:00"
"338735",34,"5.806","2021-04-08 09:45:00"
"340343",34,"0.4","2021-05-17 11:45:00"
"340397",34,"1.009","2021-05-17 12:00:00"
"340451",34,"1.596","2021-05-17 12:15:00"
"340505",34,"2.166","2021-05-17 12:30:00"
"340559",34,"1.8399999999999999","2021-05-17 12:45:00"
"340613",34,"0.84","2021-05-17 13:00:00"
"340667",34,"2.293","2021-05-17 13:15:00"
"340721",34,"2.033","2021-05-17 13:30:00"
"340775",34,"3.225","2021-05-17 13:45:00"
"343050",34,"3.585","2021-05-17 14:00:00"
"343176",34,"3.915","2021-05-17 14:15:00"
"342221",34,"3.809","2021-06-28 13:45:00"
"342373",34,"4.058","2021-06-28 14:00:00"
"342175",34,"4.233","2021-04-08 13:15:00"
"342251",34,"4.879","2021-04-08 13:30:00"
"342335",34,"4.163","2021-04-08 13:45:00"
"342418",34,"4.021","2021-04-08 14:00:00"
"342490",34,"4.692","2021-04-08 14:15:00"
"342561",34,"4.161","2021-06-28 14:15:00"
"342639",34,"3.607","2021-06-28 14:30:00"
"342693",34,"3.851","2021-06-28 14:45:00"
"343811",34,"0","2021-03-06 08:30:00"
"343942",34,"0","2021-03-06 08:45:00"
"343823",34,"4.064","2021-05-17 15:45:00"
"343913",34,"4.43","2021-05-17 16:00:00"
"344026",34,"4.344","2021-05-17 16:15:00"
"344140",34,"4.203","2021-05-17 16:30:00"
"344246",34,"3.91","2021-05-17 16:45:00"
"344050",34,"0","2021-03-06 09:00:00"
"344147",34,"0.21","2021-03-06 09:15:00"
"344258",34,"0.02","2021-03-06 09:30:00"
"345301",34,"3.811","2021-04-08 17:00:00"
"345355",34,"3.564","2021-04-08 17:15:00"
"345409",34,"3.109","2021-04-08 17:30:00"
"345463",34,"2.781","2021-04-08 17:45:00"
"345517",34,"3.232","2021-04-08 18:00:00"
"345571",34,"3.163","2021-04-08 18:15:00"
"345625",34,"2.578","2021-04-08 18:30:00"
"345679",34,"3.395","2021-04-08 18:45:00"
"345733",34,"3.588","2021-04-08 19:00:00"
"348784",34,"3.717","2021-04-08 19:15:00"
"348841",34,"3.868","2021-04-08 19:30:00"
"347017",34,"1.434","2021-05-17 19:30:00"
"347071",34,"1.728","2021-05-17 19:45:00"
"347125",34,"1.67","2021-05-17 20:00:00"
"347179",34,"0.15","2021-05-17 20:15:00"
"347233",34,"0","2021-05-17 20:30:00"
"347287",34,"0.27","2021-05-17 20:45:00"
"347341",34,"1.054","2021-05-17 21:00:00"
"347395",34,"0.38","2021-05-17 21:15:00"
"347449",34,"0.12","2021-05-17 21:30:00"
"347503",34,"1.206","2021-05-17 21:45:00"
"348743",34,"4.468","2021-03-06 14:45:00"
"351828",34,"4.098","2021-03-06 15:00:00"
"351944",34,"2.8040000000000003","2021-03-06 15:15:00"
"348895",34,"3.9859999999999998","2021-04-08 19:45:00"
"348949",34,"3.9530000000000003","2021-04-08 20:00:00"
"349003",34,"3.6630000000000003","2021-04-08 20:15:00"
"349081",34,"3.278","2021-04-08 20:30:00"
"349226",34,"3.223","2021-04-08 20:45:00"
"349145",34,"3.832","2021-06-28 20:00:00"
"349289",34,"3.701","2021-06-28 20:15:00"
"349495",34,"3.898","2021-06-28 20:30:00"
"350490",34,"0","2021-05-18 01:15:00"
"350668",34,"0.12","2021-05-18 01:30:00"
"350822",34,"0","2021-05-18 01:45:00"
"350467",34,"5.773","2021-04-08 22:45:00"
"350621",34,"5.606","2021-04-08 23:00:00"
"350791",34,"4.962","2021-04-08 23:15:00"
"350540",34,"4.969","2021-06-28 22:00:00"
"350698",34,"5.053","2021-06-28 22:15:00"
"350853",34,"4.858","2021-06-28 22:30:00"
"351003",34,"3.778","2021-06-28 22:45:00"
"351167",34,"2.892","2021-06-28 23:00:00"
"352049",34,"3.024","2021-03-06 15:30:00"
"352151",34,"3.085","2021-03-06 15:45:00"
"352128",34,"0.27","2021-05-18 04:30:00"
"352244",34,"0.55","2021-05-18 04:45:00"
"352255",34,"3.3529999999999998","2021-03-06 16:00:00"
"352373",34,"2.79","2021-03-06 16:15:00"
"352488",34,"2.417","2021-03-06 16:30:00"
"352338",34,"1.307","2021-05-18 05:00:00"
"352445",34,"2.005","2021-05-18 05:15:00"
"352534",34,"0.43","2021-05-18 05:30:00"
"354125",34,"2.747","2021-04-09 01:30:00"
"354191",34,"1.998","2021-04-09 01:45:00"
"354245",34,"1.808","2021-04-09 02:00:00"
"354299",34,"1.8090000000000002","2021-04-09 02:15:00"
"354353",34,"2.087","2021-04-09 02:30:00"
"354407",34,"2.2800000000000002","2021-04-09 02:45:00"
"354515",34,"3.174","2021-04-09 03:00:00"
"354628",34,"3.31","2021-04-09 03:15:00"
"354766",34,"2.336","2021-04-09 03:30:00"
"354860",34,"0.49","2021-04-09 03:45:00"
"355771",34,"3.051","2021-06-29 05:00:00"
"357474",34,"3.13","2021-06-29 05:15:00"
"357649",34,"2.949","2021-06-29 05:30:00"
"355933",34,"0","2021-05-18 09:00:00"
"355987",34,"0.16","2021-05-18 09:15:00"
"356041",34,"1.452","2021-05-18 09:30:00"
"356095",34,"1.5310000000000001","2021-05-18 09:45:00"
"356149",34,"1.581","2021-05-18 10:00:00"
"356203",34,"0.85","2021-05-18 10:15:00"
"356257",34,"0.75","2021-05-18 10:30:00"
"357676",34,"0","2021-03-06 22:30:00"
"357867",34,"0","2021-03-06 22:45:00"
"358023",34,"0","2021-03-06 23:00:00"
"357811",34,"0.55","2021-05-18 13:30:00"
"357971",34,"1.772","2021-05-18 13:45:00"
"357940",34,"2.301","2021-06-29 05:45:00"
"358236",34,"2.228","2021-06-29 06:00:00"
"358221",34,"1.998","2021-04-09 05:15:00"
"358492",34,"2.35","2021-04-09 05:30:00"
"359270",34,"0.51","2021-05-18 16:00:00"
"359384",34,"0.5","2021-05-18 16:15:00"
"359429",34,"2.607","2021-04-09 06:30:00"
"359620",34,"2.829","2021-04-09 06:45:00"
"359823",34,"2.725","2021-04-09 07:00:00"
"359520",34,"0.84","2021-05-18 16:30:00"
"359635",34,"0.7000000000000001","2021-05-18 16:45:00"
"359736",34,"0.79","2021-05-18 17:00:00"
"359618",34,"2.801","2021-06-29 07:30:00"
"359847",34,"2.957","2021-06-29 07:45:00"
"360013",34,"3.052","2021-06-29 08:00:00"
"360908",34,"0","2021-03-07 00:30:00"
"361025",34,"0.06","2021-03-07 00:45:00"
"360975",34,"1.416","2021-05-18 18:00:00"
"361074",34,"1.473","2021-05-18 18:15:00"
"361152",34,"0","2021-03-07 01:00:00"
"361263",34,"0","2021-03-07 01:15:00"
"361366",34,"0.54","2021-03-07 01:30:00"
"361171",34,"1.514","2021-05-18 18:30:00"
"361276",34,"0.93","2021-05-18 18:45:00"
"361390",34,"0.03","2021-05-18 19:00:00"
"362551",34,"1.484","2021-03-07 04:15:00"
"362581",34,"1.909","2021-05-18 21:45:00"
"362684",34,"1.6840000000000002","2021-05-18 22:00:00"
"364795",34,"1.512","2021-05-18 22:15:00"
"364849",34,"1.7970000000000002","2021-05-18 22:30:00"
"362663",34,"1.284","2021-03-07 04:30:00"
"362767",34,"0","2021-03-07 04:45:00"
"365372",34,"0","2021-03-07 05:00:00"
"362851",34,"4.509","2021-06-29 10:00:00"
"362905",34,"4.108","2021-06-29 10:15:00"
"362959",34,"5.138","2021-06-29 10:30:00"
"364133",34,"3.808","2021-04-09 11:30:00"
"364213",34,"3.894","2021-04-09 11:45:00"
"364304",34,"3.907","2021-04-09 12:00:00"
"364413",34,"4.324","2021-06-29 14:00:00"
"364533",34,"4.839","2021-06-29 14:15:00"
"364379",34,"3.6870000000000003","2021-04-09 12:15:00"
"364471",34,"3.596","2021-04-09 12:30:00"
"364567",34,"3.378","2021-04-09 12:45:00"
"364621",34,"3.936","2021-04-09 13:00:00"
"364675",34,"3.717","2021-04-09 13:15:00"
"365808",34,"1.858","2021-05-19 01:45:00"
"365913",34,"0.03","2021-05-19 02:00:00"
"366013",34,"0","2021-05-19 02:15:00"
"366034",34,"0","2021-03-07 06:30:00"
"366125",34,"0","2021-03-07 06:45:00"
"366233",34,"0","2021-03-07 07:00:00"
"366138",34,"0","2021-05-19 02:30:00"
"366244",34,"0","2021-05-19 02:45:00"
"366307",34,"0.1","2021-03-07 07:15:00"
"366361",34,"0.01","2021-03-07 07:30:00"
"367574",34,"3.209","2021-04-09 15:30:00"
"367654",34,"2.878","2021-04-09 15:45:00"
"367779",34,"2.989","2021-06-29 16:30:00"
"367935",34,"3.473","2021-06-29 16:45:00"
"368085",34,"2.868","2021-06-29 17:00:00"
"367727",34,"2.746","2021-04-09 16:00:00"
"367806",34,"2.968","2021-04-09 16:15:00"
"367888",34,"3.098","2021-04-09 16:30:00"
"367971",34,"2.742","2021-04-09 16:45:00"
"368054",34,"2.211","2021-04-09 17:00:00"
"369145",34,"1.19","2021-05-19 04:30:00"
"369199",34,"1.795","2021-05-19 04:45:00"
"369253",34,"0.87","2021-05-19 05:00:00"
"369307",34,"0","2021-05-19 05:15:00"
"369361",34,"0.16","2021-05-19 05:30:00"
"369415",34,"0","2021-05-19 05:45:00"
"369469",34,"0","2021-05-19 06:00:00"
"369523",34,"0","2021-05-19 06:15:00"
"369577",34,"0","2021-05-19 06:30:00"
"369631",34,"0","2021-05-19 06:45:00"
"370954",34,"2.433","2021-06-29 21:00:00"
"371128",34,"2.249","2021-06-29 21:15:00"
"371006",34,"1.5310000000000001","2021-04-09 19:15:00"
"371146",34,"1.542","2021-04-09 19:30:00"
"371315",34,"2.203","2021-04-09 19:45:00"
"371120",34,"1.9889999999999999","2021-03-07 12:15:00"
"371257",34,"0.05","2021-03-07 12:30:00"
"371416",34,"0.11","2021-03-07 12:45:00"
"371311",34,"2.541","2021-06-29 21:30:00"
"371464",34,"2.838","2021-06-29 21:45:00"
"371615",34,"2.988","2021-06-29 22:00:00"
"372483",34,"1.913","2021-06-29 23:30:00"
"373932",34,"2.01","2021-06-29 23:45:00"
"374008",34,"2.403","2021-06-30 00:00:00"
"372511",34,"2.489","2021-04-09 21:45:00"
"372565",34,"2.077","2021-04-09 22:00:00"
"372629",34,"1.117","2021-04-09 22:15:00"
"372635",34,"0.01","2021-05-19 07:30:00"
"372734",34,"0","2021-05-19 07:45:00"
"372842",34,"0","2021-05-19 08:00:00"
"372745",34,"1.105","2021-04-09 22:30:00"
"372853",34,"0.13","2021-04-09 22:45:00"
"374035",34,"2.12","2021-03-07 14:45:00"
"374131",34,"0.81","2021-03-07 15:00:00"
"374240",34,"0.1","2021-03-07 15:15:00"
"374128",34,"2.282","2021-06-30 00:15:00"
"374235",34,"2","2021-06-30 00:30:00"
"374347",34,"4.013","2021-03-07 15:30:00"
"374465",34,"3.659","2021-03-07 15:45:00"
"374344",34,"1.488","2021-06-30 00:45:00"
"374448",34,"1.5710000000000002","2021-06-30 01:00:00"
"374633",34,"1.9020000000000001","2021-06-30 01:15:00"
"375211",34,"1.798","2021-06-30 02:00:00"
"375412",34,"1.881","2021-06-30 02:15:00"
"373063",34,"1.544","2021-05-19 08:45:00"
"373117",34,"1.752","2021-05-19 09:00:00"
"373171",34,"1.892","2021-05-19 09:15:00"
"373225",34,"0.72","2021-05-19 09:30:00"
"373279",34,"0.15","2021-05-19 09:45:00"
"373333",34,"0.9","2021-05-19 10:00:00"
"381817",34,"1.842","2021-05-19 21:30:00"
"381871",34,"0.5","2021-05-19 21:45:00"
"381925",34,"0","2021-05-19 22:00:00"
"381979",34,"0","2021-05-19 22:15:00"
"382033",34,"0.01","2021-05-19 22:30:00"
"382087",34,"0","2021-05-19 22:45:00"
"382141",34,"0","2021-05-19 23:00:00"
"382195",34,"0","2021-05-19 23:15:00"
"382249",34,"0","2021-05-19 23:30:00"
"382303",34,"0","2021-05-19 23:45:00"
"382357",34,"0","2021-05-20 00:00:00"
"385789",34,"0","2021-05-20 02:00:00"
"385843",34,"0","2021-05-20 02:15:00"
"385897",34,"0","2021-05-20 02:30:00"
"383606",34,"0","2021-03-08 00:30:00"
"383780",34,"0","2021-03-08 00:45:00"
"383716",34,"1.763","2021-06-30 10:15:00"
"383871",34,"1.613","2021-06-30 10:30:00"
"384019",34,"2.094","2021-06-30 10:45:00"
"383827",34,"2.884","2021-04-10 10:00:00"
"383990",34,"3.121","2021-04-10 10:15:00"
"384149",34,"2.281","2021-04-10 10:30:00"
"385170",34,"4.224","2021-04-10 12:00:00"
"385310",34,"3.678","2021-04-10 12:15:00"
"385209",34,"0","2021-03-08 03:00:00"
"385397",34,"0.03","2021-03-08 03:15:00"
"385557",34,"0","2021-03-08 03:30:00"
"385465",34,"1.5750000000000002","2021-06-30 13:00:00"
"385617",34,"0.962","2021-06-30 13:15:00"
"385471",34,"2.496","2021-04-10 12:30:00"
"385637",34,"2.808","2021-04-10 12:45:00"
"386798",34,"2.5869999999999997","2021-04-10 13:00:00"
"386221",34,"0","2021-05-20 04:00:00"
"386275",34,"0","2021-05-20 04:15:00"
"386329",34,"0","2021-05-20 04:30:00"
"386383",34,"0","2021-05-20 04:45:00"
"386437",34,"0","2021-05-20 05:00:00"
"386491",34,"0","2021-05-20 05:15:00"
"386545",34,"0","2021-05-20 05:30:00"
"386599",34,"0","2021-05-20 05:45:00"
"386653",34,"0","2021-05-20 06:00:00"
"386707",34,"0","2021-05-20 06:15:00"
"388032",34,"1.254","2021-06-30 15:30:00"
"388185",34,"0.56","2021-06-30 15:45:00"
"387983",34,"0","2021-03-08 05:30:00"
"388163",34,"0","2021-03-08 05:45:00"
"388327",34,"0","2021-03-08 06:00:00"
"388174",34,"1.242","2021-04-10 15:15:00"
"388328",34,"2.069","2021-04-10 15:30:00"
"388361",34,"0.64","2021-06-30 16:00:00"
"388538",34,"0.003","2021-06-30 16:15:00"
"388699",34,"0","2021-06-30 16:30:00"
"389656",34,"0","2021-06-30 18:00:00"
"391381",34,"0.09","2021-06-30 18:15:00"
"391551",34,"0","2021-06-30 18:30:00"
"389707",34,"1.431","2021-03-08 08:15:00"
"389761",34,"1.5859999999999999","2021-03-08 08:30:00"
"389923",34,"0","2021-05-20 07:15:00"
"389977",34,"0","2021-05-20 07:30:00"
"390031",34,"0","2021-05-20 07:45:00"
"390085",34,"0","2021-05-20 08:00:00"
"390139",34,"0","2021-05-20 08:15:00"
"391209",34,"1.21","2021-04-10 19:30:00"
"391263",34,"1.441","2021-04-10 19:45:00"
"391342",34,"1.795","2021-04-10 20:00:00"
"391442",34,"1.827","2021-03-08 08:45:00"
"391588",34,"1.803","2021-03-08 09:00:00"
"391735",34,"1.883","2021-03-08 09:15:00"
"391504",34,"1.883","2021-04-10 20:15:00"
"391646",34,"2.22","2021-04-10 20:30:00"
"391786",34,"0.91","2021-04-10 20:45:00"
"391767",34,"0.02","2021-06-30 18:45:00"
"391942",34,"0","2021-06-30 19:00:00"
"392842",34,"0","2021-06-30 20:30:00"
"392942",34,"0","2021-06-30 20:45:00"
"393039",34,"0.06","2021-06-30 21:00:00"
"392920",34,"2.446","2021-03-08 11:15:00"
"393040",34,"1.552","2021-03-08 11:30:00"
"393118",34,"2.284","2021-03-08 11:45:00"
"393168",34,"0.89","2021-06-30 21:15:00"
"393266",34,"0","2021-06-30 21:30:00"
"393244",34,"1.62","2021-03-08 12:00:00"
"393354",34,"1.978","2021-03-08 12:15:00"
"394435",34,"0.7000000000000001","2021-05-20 14:15:00"
"394489",34,"1.166","2021-05-20 14:30:00"
"394543",34,"0.79","2021-05-20 14:45:00"
"394597",34,"1.536","2021-05-20 15:00:00"
"394651",34,"1.863","2021-05-20 15:15:00"
"394705",34,"2.32","2021-05-20 15:30:00"
"394759",34,"2.243","2021-05-20 15:45:00"
"394911",34,"0.9500000000000001","2021-04-10 22:45:00"
"394965",34,"0.21","2021-04-10 23:00:00"
"395019",34,"1.163","2021-04-10 23:15:00"
"396174",34,"2.396","2021-06-30 23:45:00"
"396275",34,"2.248","2021-07-01 00:00:00"
"396372",34,"1.865","2021-07-01 00:15:00"
"396396",34,"1.603","2021-03-08 14:30:00"
"396513",34,"0.8200000000000001","2021-03-08 14:45:00"
"396681",34,"1.333","2021-03-08 15:00:00"
"396482",34,"2.246","2021-07-01 00:30:00"
"396620",34,"2.258","2021-07-01 00:45:00"
"396640",34,"2.449","2021-05-20 16:00:00"
"396771",34,"1.812","2021-05-20 16:15:00"
"396988",34,"1.764","2021-05-20 16:30:00"
"397843",34,"0.58","2021-03-08 16:45:00"
"398002",34,"2.229","2021-03-08 17:00:00"
"398173",34,"1.303","2021-07-01 03:15:00"
"401815",34,"1.871","2021-07-01 03:30:00"
"398116",34,"1.774","2021-05-20 18:15:00"
"398241",34,"1.774","2021-05-20 18:30:00"
"398338",34,"1.625","2021-05-20 18:45:00"
"398167",34,"0.1","2021-03-08 17:15:00"
"398318",34,"0.31","2021-03-08 17:30:00"
"398435",34,"1.201","2021-03-08 17:45:00"
"399423",34,"1.883","2021-04-11 05:45:00"
"399477",34,"1.806","2021-04-11 06:00:00"
"399531",34,"1.8090000000000002","2021-04-11 06:15:00"
"399585",34,"1.5819999999999999","2021-04-11 06:30:00"
"399639",34,"1.217","2021-04-11 06:45:00"
"399693",34,"1.022","2021-04-11 07:00:00"
"399747",34,"0.6000000000000001","2021-04-11 07:15:00"
"402801",34,"0.32","2021-04-11 07:30:00"
"399839",34,"0","2021-05-20 20:45:00"
"399893",34,"0","2021-05-20 21:00:00"
"399947",34,"0","2021-05-20 21:15:00"
"400678",34,"0.22","2021-03-08 19:15:00"
"400765",34,"0","2021-03-08 19:30:00"
"400692",34,"0","2021-05-20 23:15:00"
"400813",34,"0.12","2021-05-20 23:30:00"
"400914",34,"1.995","2021-05-20 23:45:00"
"400881",34,"0","2021-03-08 19:45:00"
"401005",34,"1.355","2021-03-08 20:00:00"
"401116",34,"1.219","2021-03-08 20:15:00"
"401006",34,"0.36","2021-05-21 00:00:00"
"401112",34,"1.272","2021-05-21 00:15:00"
"401203",34,"2.164","2021-05-21 00:30:00"
"402301",34,"3.013","2021-07-01 05:45:00"
"402355",34,"3.083","2021-07-01 06:00:00"
"402409",34,"3.009","2021-07-01 06:15:00"
"402463",34,"2.577","2021-07-01 06:30:00"
"402517",34,"2.285","2021-07-01 06:45:00"
"402571",34,"1.154","2021-07-01 07:00:00"
"402625",34,"0.73","2021-07-01 07:15:00"
"402679",34,"0.05","2021-07-01 07:30:00"
"402733",34,"0","2021-07-01 07:45:00"
"405787",34,"0","2021-07-01 08:00:00"
"403973",34,"0","2021-05-21 02:00:00"
"404027",34,"0","2021-05-21 02:15:00"
"404081",34,"0.49","2021-05-21 02:30:00"
"404135",34,"0","2021-05-21 02:45:00"
"404189",34,"0","2021-05-21 03:00:00"
"404243",34,"1.699","2021-05-21 03:15:00"
"404297",34,"0","2021-05-21 03:30:00"
"404351",34,"0","2021-05-21 03:45:00"
"404405",34,"0","2021-05-21 04:00:00"
"404459",34,"0","2021-05-21 04:15:00"
"405595",34,"0","2021-03-09 02:15:00"
"405649",34,"0","2021-03-09 02:30:00"
"405703",34,"0","2021-03-09 02:45:00"
"405757",34,"0","2021-03-09 03:00:00"
"408811",34,"0","2021-03-09 03:15:00"
"405841",34,"0","2021-07-01 08:15:00"
"405895",34,"0.06","2021-07-01 08:30:00"
"405949",34,"1.893","2021-07-01 08:45:00"
"406003",34,"2.263","2021-07-01 09:00:00"
"406057",34,"1.9769999999999999","2021-07-01 09:15:00"
"406651",34,"6.751","2021-07-01 12:00:00"
"406705",34,"6.323","2021-07-01 12:15:00"
"406759",34,"6.621","2021-07-01 12:30:00"
"409760",34,"5.956","2021-07-01 12:45:00"
"409839",34,"5.594","2021-07-01 13:00:00"
"406827",34,"2.117","2021-04-11 12:15:00"
"406881",34,"1.939","2021-04-11 12:30:00"
"406935",34,"2.864","2021-04-11 12:45:00"
"406989",34,"2.388","2021-04-11 13:00:00"
"407043",34,"1.508","2021-04-11 13:15:00"
"408215",34,"0","2021-05-21 07:45:00"
"408269",34,"0.06","2021-05-21 08:00:00"
"408323",34,"0.08","2021-05-21 08:15:00"
"408377",34,"0.24","2021-05-21 08:30:00"
"408431",34,"0","2021-05-21 08:45:00"
"408485",34,"0.62","2021-05-21 09:00:00"
"408539",34,"0.12","2021-05-21 09:15:00"
"408593",34,"0","2021-05-21 09:30:00"
"408647",34,"0","2021-05-21 09:45:00"
"408701",34,"0.32","2021-05-21 10:00:00"
"409921",34,"6.167","2021-07-01 13:15:00"
"409975",34,"6.602","2021-07-01 13:30:00"
"410029",34,"4.956","2021-07-01 13:45:00"
"410083",34,"5.321","2021-07-01 14:00:00"
"410137",34,"5.824","2021-07-01 14:15:00"
"410191",34,"4.967","2021-07-01 14:30:00"
"410245",34,"5.009","2021-07-01 14:45:00"
"410299",34,"5.198","2021-07-01 15:00:00"
"410353",34,"4.327","2021-07-01 15:15:00"
"410407",34,"5.057","2021-07-01 15:30:00"
"410461",34,"4.502","2021-07-01 15:45:00"
"411609",34,"1.5510000000000002","2021-04-11 20:30:00"
"411663",34,"1.621","2021-04-11 20:45:00"
"411717",34,"1.443","2021-04-11 21:00:00"
"411771",34,"1.631","2021-04-11 21:15:00"
"412919",34,"0.81","2021-04-11 21:30:00"
"411863",34,"2.801","2021-05-21 10:45:00"
"411917",34,"3.22","2021-05-21 11:00:00"
"411971",34,"2.9130000000000003","2021-05-21 11:15:00"
"412025",34,"3.262","2021-05-21 11:30:00"
"412079",34,"3.19","2021-05-21 11:45:00"
"412133",34,"3.458","2021-05-21 12:00:00"
"413162",34,"0.02","2021-03-09 08:30:00"
"413317",34,"0.59","2021-03-09 08:45:00"
"413473",34,"0.13","2021-03-09 09:00:00"
"413466",34,"3.183","2021-07-01 18:30:00"
"413605",34,"3.39","2021-07-01 18:45:00"
"413624",34,"0.21","2021-03-09 09:15:00"
"413749",34,"1.066","2021-03-09 09:30:00"
"413884",34,"0.93","2021-03-09 09:45:00"
"413744",34,"3.743","2021-07-01 19:00:00"
"413873",34,"3.699","2021-07-01 19:15:00"
"414001",34,"3.688","2021-07-01 19:30:00"
"414928",34,"2.718","2021-03-09 11:45:00"
"415052",34,"1.776","2021-03-09 12:00:00"
"415185",34,"1.2690000000000001","2021-03-09 12:15:00"
"415223",34,"3.319","2021-07-01 21:45:00"
"415974",34,"3.114","2021-07-01 22:00:00"
"415864",34,"0.8200000000000001","2021-03-09 12:30:00"
"416010",34,"5.329","2021-03-09 12:45:00"
"415311",34,"1.717","2021-04-11 23:45:00"
"415365",34,"0.84","2021-04-12 00:00:00"
"416669",34,"2.752","2021-07-01 23:00:00"
"416833",34,"2.912","2021-07-01 23:15:00"
"416647",34,"4.15","2021-05-21 16:30:00"
"416808",34,"3.551","2021-05-21 16:45:00"
"416975",34,"3.386","2021-05-21 17:00:00"
"416957",34,"3.219","2021-03-09 14:15:00"
"417196",34,"5.187","2021-03-09 14:30:00"
"417406",34,"4.083","2021-03-09 14:45:00"
"417001",34,"2.957","2021-07-01 23:30:00"
"417187",34,"2.71","2021-07-01 23:45:00"
"372374",34,"2.189","2021-06-29 23:15:00"
"372288",34,"2.469","2021-04-09 21:15:00"
"372406",34,"2.526","2021-04-09 21:30:00"
"373819",34,"3.7439999999999998","2021-03-07 14:15:00"
"373876",34,"4.92","2021-03-07 14:30:00"
"373387",34,"1.145","2021-05-19 10:15:00"
"373441",34,"1.7810000000000001","2021-05-19 10:30:00"
"373495",34,"1.626","2021-05-19 10:45:00"
"373549",34,"1.7930000000000001","2021-05-19 11:00:00"
"373603",34,"1.458","2021-05-19 11:15:00"
"373657",34,"1.963","2021-05-19 11:30:00"
"373711",34,"1.749","2021-05-19 11:45:00"
"373765",34,"1.651","2021-05-19 12:00:00"
"375106",34,"1.208","2021-05-19 12:15:00"
"375324",34,"1.092","2021-05-19 12:30:00"
"374676",34,"4.462","2021-03-07 16:00:00"
"374870",34,"4.372","2021-03-07 16:15:00"
"375078",34,"2.892","2021-03-07 16:30:00"
"374819",34,"1.214","2021-06-30 01:30:00"
"375001",34,"0.30000000000000004","2021-06-30 01:45:00"
"374817",34,"0.84","2021-04-09 23:45:00"
"374957",34,"1.612","2021-04-10 00:00:00"
"375155",34,"1.405","2021-04-10 00:15:00"
"375343",34,"1.3900000000000001","2021-04-10 00:30:00"
"375622",34,"1.341","2021-04-10 00:45:00"
"375824",34,"0.84","2021-05-19 13:15:00"
"376000",34,"0.6000000000000001","2021-05-19 13:30:00"
"376186",34,"1.828","2021-05-19 13:45:00"
"375800",34,"1.509","2021-04-10 01:00:00"
"375942",34,"1.191","2021-04-10 01:15:00"
"376094",34,"1.175","2021-04-10 01:30:00"
"375892",34,"1.9","2021-03-07 17:15:00"
"376209",34,"0.53","2021-03-07 17:30:00"
"376498",34,"0.88","2021-03-07 17:45:00"
"376255",34,"1.188","2021-04-10 01:45:00"
"376435",34,"1.135","2021-04-10 02:00:00"
"376790",34,"2.363","2021-03-07 18:00:00"
"377083",34,"2.198","2021-03-07 18:15:00"
"377398",34,"2.212","2021-03-07 18:30:00"
"377144",34,"1.085","2021-04-10 03:00:00"
"377341",34,"0.32","2021-04-10 03:15:00"
"377502",34,"0.04","2021-04-10 03:30:00"
"377191",34,"0.46","2021-05-19 15:15:00"
"377327",34,"0.5700000000000001","2021-05-19 15:30:00"
"377376",34,"1.7810000000000001","2021-06-30 04:00:00"
"379457",34,"2.123","2021-06-30 04:15:00"
"379711",34,"1.907","2021-06-30 04:30:00"
"377868",34,"2.041","2021-05-19 17:00:00"
"377978",34,"2.898","2021-05-19 17:15:00"
"378100",34,"2.872","2021-05-19 17:30:00"
"378075",34,"0.4","2021-04-10 04:15:00"
"378184",34,"0.04","2021-04-10 04:30:00"
"378292",34,"1.375","2021-04-10 04:45:00"
"378206",34,"2.346","2021-05-19 17:45:00"
"378312",34,"2.291","2021-05-19 18:00:00"
"378418",34,"1.9140000000000001","2021-05-19 18:15:00"
"378405",34,"1.525","2021-04-10 05:00:00"
"378518",34,"1.323","2021-04-10 05:15:00"
"379079",34,"1.741","2021-05-19 19:45:00"
"379188",34,"1.042","2021-05-19 20:00:00"
"379142",34,"0","2021-04-10 06:45:00"
"379268",34,"0","2021-04-10 07:00:00"
"379426",34,"0","2021-04-10 07:15:00"
"379296",34,"0","2021-05-19 20:15:00"
"379458",34,"0.1","2021-05-19 20:30:00"
"379637",34,"0","2021-05-19 20:45:00"
"379666",34,"0","2021-04-10 07:30:00"
"379919",34,"0","2021-04-10 07:45:00"
"380234",34,"1.228","2021-03-07 20:00:00"
"380378",34,"1.339","2021-03-07 20:15:00"
"380296",34,"0.32","2021-06-30 05:15:00"
"380413",34,"1.635","2021-06-30 05:30:00"
"380501",34,"0.22","2021-03-07 20:30:00"
"380604",34,"0","2021-03-07 20:45:00"
"380704",34,"0.01","2021-03-07 21:00:00"
"380515",34,"1.8599999999999999","2021-06-30 05:45:00"
"380623",34,"1.498","2021-06-30 06:00:00"
"380738",34,"1.808","2021-06-30 06:15:00"
"381359",34,"0.44","2021-03-07 22:30:00"
"381467",34,"0","2021-03-07 22:45:00"
"381574",34,"0","2021-03-07 23:00:00"
"381380",34,"1.275","2021-06-30 07:45:00"
"381488",34,"0.35000000000000003","2021-06-30 08:00:00"
"381595",34,"0","2021-06-30 08:15:00"
"381686",34,"0","2021-03-07 23:15:00"
"382713",34,"0","2021-03-07 23:30:00"
"381701",34,"0","2021-06-30 08:30:00"
"381765",34,"0","2021-06-30 08:45:00"
"382911",34,"0","2021-03-07 23:45:00"
"383094",34,"0.29","2021-03-08 00:00:00"
"383410",34,"0.99","2021-03-08 00:15:00"
"383151",34,"0","2021-05-20 01:30:00"
"383311",34,"0","2021-05-20 01:45:00"
"383384",34,"2.409","2021-06-30 09:45:00"
"383536",34,"2.382","2021-06-30 10:00:00"
"383518",34,"2.176","2021-04-10 09:30:00"
"383670",34,"2.673","2021-04-10 09:45:00"
"384511",34,"2.993","2021-06-30 11:30:00"
"384659",34,"0.87","2021-06-30 11:45:00"
"384806",34,"1.276","2021-06-30 12:00:00"
"384673",34,"3.029","2021-04-10 11:15:00"
"384828",34,"3.987","2021-04-10 11:30:00"
"384975",34,"3.8040000000000003","2021-04-10 11:45:00"
"384912",34,"0.92","2021-03-08 02:30:00"
"385055",34,"0.21","2021-03-08 02:45:00"
"384994",34,"0.48","2021-06-30 12:15:00"
"385150",34,"1.224","2021-06-30 12:30:00"
"385301",34,"0.51","2021-06-30 12:45:00"
"386781",34,"0","2021-05-20 06:30:00"
"389815",34,"0","2021-05-20 06:45:00"
"389869",34,"0","2021-05-20 07:00:00"
"386928",34,"3.328","2021-04-10 13:15:00"
"387060",34,"2.948","2021-04-10 13:30:00"
"387194",34,"2.189","2021-06-30 14:15:00"
"387323",34,"1.327","2021-06-30 14:30:00"
"387204",34,"0","2021-03-08 04:15:00"
"387378",34,"0","2021-03-08 04:30:00"
"387506",34,"0","2021-03-08 04:45:00"
"388475",34,"0","2021-03-08 06:15:00"
"388639",34,"1.8010000000000002","2021-03-08 06:30:00"
"388483",34,"1.9809999999999999","2021-04-10 15:45:00"
"388641",34,"1.78","2021-04-10 16:00:00"
"388801",34,"1.178","2021-04-10 16:15:00"
"388858",34,"0.055","2021-06-30 16:45:00"
"389003",34,"0","2021-06-30 17:00:00"
"388800",34,"1.316","2021-03-08 06:45:00"
"388978",34,"0.29","2021-03-08 07:00:00"
"389128",34,"0.66","2021-03-08 07:15:00"
"390193",34,"0","2021-05-20 08:30:00"
"390247",34,"0.12","2021-05-20 08:45:00"
"390301",34,"0","2021-05-20 09:00:00"
"390355",34,"0","2021-05-20 09:15:00"
"390409",34,"0","2021-05-20 09:30:00"
"390463",34,"0.19","2021-05-20 09:45:00"
"390517",34,"0.78","2021-05-20 10:00:00"
"390571",34,"0.23","2021-05-20 10:15:00"
"390625",34,"0.77","2021-05-20 10:30:00"
"390679",34,"1.759","2021-05-20 10:45:00"
"391905",34,"2.463","2021-03-08 09:30:00"
"392029",34,"2.529","2021-03-08 09:45:00"
"391940",34,"0","2021-04-10 21:00:00"
"392125",34,"0","2021-04-10 21:15:00"
"392114",34,"0","2021-06-30 19:15:00"
"392264",34,"0","2021-06-30 19:30:00"
"392413",34,"0.01","2021-06-30 19:45:00"
"392209",34,"3.03","2021-03-08 10:00:00"
"392375",34,"2.642","2021-03-08 10:15:00"
"392530",34,"2.548","2021-03-08 10:30:00"
"393377",34,"0.01","2021-06-30 21:45:00"
"393475",34,"0","2021-06-30 22:00:00"
"393579",34,"0.23","2021-06-30 22:15:00"
"393464",34,"1.063","2021-03-08 12:30:00"
"393580",34,"0.34","2021-03-08 12:45:00"
"393668",34,"0.73","2021-03-08 13:00:00"
"393707",34,"1.2","2021-06-30 22:30:00"
"395789",34,"2.252","2021-06-30 22:45:00"
"395826",34,"1.341","2021-03-08 13:15:00"
"395922",34,"1.274","2021-03-08 13:30:00"
"396070",34,"1.223","2021-03-08 13:45:00"
"395073",34,"1.112","2021-04-10 23:30:00"
"395127",34,"0.72","2021-04-10 23:45:00"
"395181",34,"0.07","2021-04-11 00:00:00"
"395235",34,"0","2021-04-11 00:15:00"
"395289",34,"0","2021-04-11 00:30:00"
"395343",34,"0","2021-04-11 00:45:00"
"395397",34,"0","2021-04-11 01:00:00"
"395451",34,"0","2021-04-11 01:15:00"
"395505",34,"0","2021-04-11 01:30:00"
"395559",34,"0","2021-04-11 01:45:00"
"396836",34,"1.371","2021-03-08 15:15:00"
"396978",34,"0.9500000000000001","2021-03-08 15:30:00"
"396778",34,"2.9130000000000003","2021-07-01 01:00:00"
"396927",34,"3.54","2021-07-01 01:15:00"
"397081",34,"3.273","2021-07-01 01:30:00"
"397139",34,"1.687","2021-03-08 15:45:00"
"397157",34,"1.888","2021-05-20 16:45:00"
"397231",34,"3.118","2021-07-01 01:45:00"
"397379",34,"3.302","2021-07-01 02:00:00"
"397525",34,"3.32","2021-07-01 02:15:00"
"398445",34,"1.453","2021-05-20 19:00:00"
"398515",34,"1.7349999999999999","2021-05-20 19:15:00"
"400142",34,"1.427","2021-03-08 18:00:00"
"400235",34,"0.11","2021-03-08 18:15:00"
"398569",34,"0.98","2021-05-20 19:30:00"
"398623",34,"1.474","2021-05-20 19:45:00"
"398677",34,"1.297","2021-05-20 20:00:00"
"398731",34,"0","2021-05-20 20:15:00"
"399785",34,"0","2021-05-20 20:30:00"
"400001",34,"0","2021-05-20 21:30:00"
"400055",34,"0","2021-05-20 21:45:00"
"400141",34,"0","2021-05-20 22:00:00"
"400261",34,"0.67","2021-05-20 22:15:00"
"400378",34,"0.11","2021-05-20 22:30:00"
"400335",34,"0.26","2021-03-08 18:30:00"
"400452",34,"0.15","2021-03-08 18:45:00"
"400561",34,"0.77","2021-03-08 19:00:00"
"400478",34,"0","2021-05-20 22:45:00"
"400587",34,"0","2021-05-20 23:00:00"
"404785",34,"0.21","2021-03-08 22:30:00"
"404839",34,"0.7000000000000001","2021-03-08 22:45:00"
"401869",34,"2.22","2021-07-01 03:45:00"
"401923",34,"2.572","2021-07-01 04:00:00"
"401977",34,"3.106","2021-07-01 04:15:00"
"402031",34,"3.568","2021-07-01 04:30:00"
"402085",34,"4.4879999999999995","2021-07-01 04:45:00"
"402139",34,"4.998","2021-07-01 05:00:00"
"402193",34,"4.264","2021-07-01 05:15:00"
"402247",34,"3.729","2021-07-01 05:30:00"
"403395",34,"0.8","2021-04-11 10:15:00"
"403449",34,"1.458","2021-04-11 10:30:00"
"403503",34,"1.509","2021-04-11 10:45:00"
"403557",34,"2.038","2021-04-11 11:00:00"
"403611",34,"3.122","2021-04-11 11:15:00"
"403665",34,"2.508","2021-04-11 11:30:00"
"403719",34,"2.427","2021-04-11 11:45:00"
"403773",34,"2.098","2021-04-11 12:00:00"
"403811",34,"0.52","2021-05-21 01:15:00"
"403865",34,"0.74","2021-05-21 01:30:00"
"403919",34,"1.525","2021-05-21 01:45:00"
"405055",34,"1.5310000000000001","2021-03-08 23:45:00"
"405109",34,"0.31","2021-03-09 00:00:00"
"405163",34,"0","2021-03-09 00:15:00"
"405217",34,"0","2021-03-09 00:30:00"
"405271",34,"2.152","2021-03-09 00:45:00"
"405325",34,"2.011","2021-03-09 01:00:00"
"405379",34,"1.748","2021-03-09 01:15:00"
"405433",34,"1.725","2021-03-09 01:30:00"
"405487",34,"1.307","2021-03-09 01:45:00"
"405541",34,"0.08","2021-03-09 02:00:00"
"407097",34,"2.059","2021-04-11 13:30:00"
"407151",34,"3.186","2021-04-11 13:45:00"
"407205",34,"1.463","2021-04-11 14:00:00"
"407259",34,"1.423","2021-04-11 14:15:00"
"407313",34,"1.6520000000000001","2021-04-11 14:30:00"
"407367",34,"1.5150000000000001","2021-04-11 14:45:00"
"407421",34,"1.866","2021-04-11 15:00:00"
"407475",34,"2.163","2021-04-11 15:15:00"
"407529",34,"1.316","2021-04-11 15:30:00"
"407583",34,"1.133","2021-04-11 15:45:00"
"408755",34,"1.988","2021-05-21 10:15:00"
"411809",34,"2.967","2021-05-21 10:30:00"
"408865",34,"0","2021-03-09 03:30:00"
"408919",34,"0","2021-03-09 03:45:00"
"408973",34,"0","2021-03-09 04:00:00"
"409027",34,"0","2021-03-09 04:15:00"
"409081",34,"0","2021-03-09 04:30:00"
"409135",34,"0","2021-03-09 04:45:00"
"409189",34,"0","2021-03-09 05:00:00"
"409243",34,"0","2021-03-09 05:15:00"
"410515",34,"4.814","2021-07-01 16:00:00"
"410569",34,"4.451","2021-07-01 16:15:00"
"410623",34,"4.532","2021-07-01 16:30:00"
"410677",34,"4.484","2021-07-01 16:45:00"
"410731",34,"3.468","2021-07-01 17:00:00"
"412623",34,"3.497","2021-07-01 17:15:00"
"412765",34,"3.563","2021-07-01 17:30:00"
"410907",34,"1.195","2021-04-11 17:15:00"
"410961",34,"1.722","2021-04-11 17:30:00"
"411015",34,"1.6640000000000001","2021-04-11 17:45:00"
"412187",34,"3.183","2021-05-21 12:15:00"
"412241",34,"4.074","2021-05-21 12:30:00"
"412295",34,"5.288","2021-05-21 12:45:00"
"412349",34,"5.133","2021-05-21 13:00:00"
"412403",34,"5.263","2021-05-21 13:15:00"
"412457",34,"5.208","2021-05-21 13:30:00"
"412511",34,"4.74","2021-05-21 13:45:00"
"412565",34,"4.668","2021-05-21 14:00:00"
"412657",34,"4.138","2021-05-21 14:15:00"
"412960",34,"4.212","2021-05-21 14:30:00"
"414065",34,"0","2021-04-11 22:30:00"
"414381",34,"0","2021-04-11 22:45:00"
"414016",34,"1.02","2021-03-09 10:00:00"
"414144",34,"1.49","2021-03-09 10:15:00"
"414147",34,"3.55","2021-07-01 19:45:00"
"414269",34,"3.271","2021-07-01 20:00:00"
"414423",34,"3.114","2021-07-01 20:15:00"
"414270",34,"1.154","2021-03-09 10:30:00"
"414395",34,"1.455","2021-03-09 10:45:00"
"414530",34,"1.734","2021-03-09 11:00:00"
"415419",34,"0","2021-04-12 00:15:00"
"415473",34,"1.348","2021-04-12 00:30:00"
"415527",34,"0.38","2021-04-12 00:45:00"
"415581",34,"1.492","2021-04-12 01:00:00"
"415635",34,"0.99","2021-04-12 01:15:00"
"415689",34,"0","2021-04-12 01:30:00"
"415743",34,"0","2021-04-12 01:45:00"
"417024",34,"0","2021-04-12 02:00:00"
"415863",34,"3.891","2021-05-21 15:15:00"
"416011",34,"4.092","2021-05-21 15:30:00"
"416173",34,"3.688","2021-05-21 15:45:00"
"417164",34,"2.708","2021-05-21 17:15:00"
"417274",34,"0","2021-04-12 02:15:00"
"417363",34,"2.558","2021-05-21 17:30:00"
"375631",34,"2.225","2021-06-30 02:30:00"
"375345",34,"1.463","2021-03-07 16:45:00"
"375567",34,"0.52","2021-03-07 17:00:00"
"375498",34,"1.457","2021-05-19 12:45:00"
"375664",34,"2.088","2021-05-19 13:00:00"
"375899",34,"2.085","2021-06-30 02:45:00"
"376212",34,"2.408","2021-06-30 03:00:00"
"376353",34,"0.63","2021-05-19 14:00:00"
"376507",34,"0.73","2021-05-19 14:15:00"
"376512",34,"1.17","2021-06-30 03:15:00"
"376798",34,"0","2021-06-30 03:30:00"
"377107",34,"1.087","2021-06-30 03:45:00"
"376622",34,"1.221","2021-04-10 02:15:00"
"376802",34,"0.75","2021-04-10 02:30:00"
"376958",34,"0.71","2021-04-10 02:45:00"
"376673",34,"1.566","2021-05-19 14:30:00"
"376844",34,"0.66","2021-05-19 14:45:00"
"377018",34,"0.22","2021-05-19 15:00:00"
"379295",34,"2.999","2021-03-07 18:45:00"
"379498",34,"1.558","2021-03-07 19:00:00"
"377499",34,"1.011","2021-05-19 15:45:00"
"377626",34,"1.178","2021-05-19 16:00:00"
"377683",34,"0.85","2021-05-19 16:15:00"
"377873",34,"0.88","2021-04-10 03:45:00"
"377981",34,"0.35000000000000003","2021-04-10 04:00:00"
"377737",34,"0.86","2021-05-19 16:30:00"
"377791",34,"0.35000000000000003","2021-05-19 16:45:00"
"378521",34,"1.784","2021-05-19 18:30:00"
"378642",34,"1.853","2021-05-19 18:45:00"
"378614",34,"0.16","2021-04-10 05:30:00"
"378724",34,"0","2021-04-10 05:45:00"
"378833",34,"0","2021-04-10 06:00:00"
"378747",34,"2.003","2021-05-19 19:00:00"
"378853",34,"1.87","2021-05-19 19:15:00"
"378965",34,"1.758","2021-05-19 19:30:00"
"378937",34,"0.02","2021-04-10 06:15:00"
"379040",34,"0.03","2021-04-10 06:30:00"
"379691",34,"0.4","2021-03-07 19:15:00"
"379866",34,"1.751","2021-03-07 19:30:00"
"380071",34,"1.998","2021-03-07 19:45:00"
"379810",34,"0","2021-05-19 21:00:00"
"380056",34,"1.252","2021-05-19 21:15:00"
"379957",34,"1.605","2021-06-30 04:45:00"
"380160",34,"1.473","2021-06-30 05:00:00"
"380122",34,"0","2021-04-10 08:00:00"
"380337",34,"0","2021-04-10 08:15:00"
"382681",34,"0","2021-04-10 08:30:00"
"380812",34,"0.02","2021-03-07 21:15:00"
"380924",34,"0","2021-03-07 21:30:00"
"381034",34,"0","2021-03-07 21:45:00"
"380847",34,"1.583","2021-06-30 06:30:00"
"380950",34,"1.976","2021-06-30 06:45:00"
"381054",34,"1.712","2021-06-30 07:00:00"
"381137",34,"0.32","2021-03-07 22:00:00"
"381249",34,"0.52","2021-03-07 22:15:00"
"381170",34,"1.7389999999999999","2021-06-30 07:15:00"
"381274",34,"1.752","2021-06-30 07:30:00"
"382411",34,"0","2021-05-20 00:15:00"
"382465",34,"0","2021-05-20 00:30:00"
"382520",34,"0","2021-05-20 00:45:00"
"382671",34,"0","2021-05-20 01:00:00"
"382902",34,"0","2021-05-20 01:15:00"
"382736",34,"0","2021-06-30 09:00:00"
"382991",34,"1.601","2021-06-30 09:15:00"
"383169",34,"2.899","2021-06-30 09:30:00"
"382876",34,"0.8300000000000001","2021-04-10 08:45:00"
"383082",34,"1.919","2021-04-10 09:00:00"
"383297",34,"1.6720000000000002","2021-04-10 09:15:00"
"383955",34,"1.216","2021-03-08 01:00:00"
"384112",34,"1.931","2021-03-08 01:15:00"
"384248",34,"2.335","2021-03-08 01:30:00"
"384185",34,"1.7069999999999999","2021-06-30 11:00:00"
"384352",34,"1.7349999999999999","2021-06-30 11:15:00"
"384333",34,"2.1","2021-04-10 10:45:00"
"384491",34,"3.6550000000000002","2021-04-10 11:00:00"
"384412",34,"3.028","2021-03-08 01:45:00"
"384581",34,"2.708","2021-03-08 02:00:00"
"384731",34,"2.758","2021-03-08 02:15:00"
"385727",34,"0.53","2021-03-08 03:45:00"
"387024",34,"1.086","2021-03-08 04:00:00"
"386806",34,"0.6970000000000001","2021-06-30 13:30:00"
"386919",34,"1.8399999999999999","2021-06-30 13:45:00"
"387038",34,"2.352","2021-06-30 14:00:00"
"385951",34,"0","2021-05-20 02:45:00"
"386005",34,"0","2021-05-20 03:00:00"
"386059",34,"0","2021-05-20 03:15:00"
"386113",34,"0","2021-05-20 03:30:00"
"386167",34,"0","2021-05-20 03:45:00"
"387212",34,"2.919","2021-04-10 13:45:00"
"387381",34,"1.9849999999999999","2021-04-10 14:00:00"
"387544",34,"1.772","2021-04-10 14:15:00"
"387530",34,"0","2021-06-30 14:45:00"
"387707",34,"0.45","2021-06-30 15:00:00"
"387889",34,"1.185","2021-06-30 15:15:00"
"387662",34,"0","2021-03-08 05:00:00"
"387809",34,"0","2021-03-08 05:15:00"
"387696",34,"1.7850000000000001","2021-04-10 14:30:00"
"387846",34,"1.967","2021-04-10 14:45:00"
"388015",34,"1.9180000000000001","2021-04-10 15:00:00"
"388971",34,"1.9729999999999999","2021-04-10 16:30:00"
"389145",34,"2.086","2021-04-10 16:45:00"
"389173",34,"0","2021-06-30 17:15:00"
"389344",34,"0.009000000000000001","2021-06-30 17:30:00"
"389503",34,"0.091","2021-06-30 17:45:00"
"389285",34,"0","2021-03-08 07:30:00"
"389437",34,"0","2021-03-08 07:45:00"
"389588",34,"1.011","2021-03-08 08:00:00"
"389300",34,"2.964","2021-04-10 17:00:00"
"389469",34,"2.675","2021-04-10 17:15:00"
"389642",34,"2.588","2021-04-10 17:30:00"
"390733",34,"1.223","2021-05-20 11:00:00"
"393787",34,"1.294","2021-05-20 11:15:00"
"393841",34,"1.059","2021-05-20 11:30:00"
"390831",34,"2.5620000000000003","2021-04-10 17:45:00"
"390885",34,"2.469","2021-04-10 18:00:00"
"390939",34,"1.943","2021-04-10 18:15:00"
"390993",34,"2.233","2021-04-10 18:30:00"
"391047",34,"1.837","2021-04-10 18:45:00"
"391101",34,"1.783","2021-04-10 19:00:00"
"391155",34,"1.858","2021-04-10 19:15:00"
"392286",34,"0.56","2021-04-10 21:30:00"
"392448",34,"1.655","2021-04-10 21:45:00"
"392595",34,"1.109","2021-04-10 22:00:00"
"392596",34,"0","2021-06-30 20:00:00"
"392727",34,"0","2021-06-30 20:15:00"
"392703",34,"1.752","2021-03-08 10:45:00"
"392809",34,"2.5300000000000002","2021-03-08 11:00:00"
"394803",34,"0.6000000000000001","2021-04-10 22:15:00"
"394857",34,"0.38","2021-04-10 22:30:00"
"393895",34,"0.66","2021-05-20 11:45:00"
"393949",34,"1.397","2021-05-20 12:00:00"
"394003",34,"1.216","2021-05-20 12:15:00"
"394057",34,"2.033","2021-05-20 12:30:00"
"394111",34,"2.034","2021-05-20 12:45:00"
"394165",34,"1.591","2021-05-20 13:00:00"
"394219",34,"1.525","2021-05-20 13:15:00"
"394273",34,"0.62","2021-05-20 13:30:00"
"394327",34,"1.554","2021-05-20 13:45:00"
"394381",34,"1.663","2021-05-20 14:00:00"
"395613",34,"0","2021-04-11 02:00:00"
"395667",34,"0","2021-04-11 02:15:00"
"395721",34,"0","2021-04-11 02:30:00"
"395775",34,"0.36","2021-04-11 02:45:00"
"398829",34,"0.34","2021-04-11 03:00:00"
"395883",34,"2.558","2021-06-30 23:00:00"
"395974",34,"2.269","2021-06-30 23:15:00"
"396063",34,"2.273","2021-06-30 23:30:00"
"396172",34,"0.58","2021-03-08 14:00:00"
"396288",34,"0.9500000000000001","2021-03-08 14:15:00"
"397305",34,"1.44","2021-03-08 16:00:00"
"397477",34,"1.076","2021-03-08 16:15:00"
"397659",34,"0.33","2021-03-08 16:30:00"
"397333",34,"2.052","2021-05-20 17:00:00"
"397500",34,"2.033","2021-05-20 17:15:00"
"397683",34,"2.9290000000000003","2021-07-01 02:30:00"
"397839",34,"2.222","2021-07-01 02:45:00"
"397999",34,"2.236","2021-07-01 03:00:00"
"397646",34,"1.568","2021-05-20 17:30:00"
"397795",34,"1.812","2021-05-20 17:45:00"
"397963",34,"1.662","2021-05-20 18:00:00"
"398883",34,"0.71","2021-04-11 03:15:00"
"398937",34,"0.03","2021-04-11 03:30:00"
"398991",34,"0.48","2021-04-11 03:45:00"
"399045",34,"1.301","2021-04-11 04:00:00"
"399099",34,"1.101","2021-04-11 04:15:00"
"399153",34,"0.33","2021-04-11 04:30:00"
"399207",34,"0.02","2021-04-11 04:45:00"
"399261",34,"1.734","2021-04-11 05:00:00"
"399315",34,"1.9689999999999999","2021-04-11 05:15:00"
"399369",34,"1.943","2021-04-11 05:30:00"
"401235",34,"0.01","2021-03-08 20:30:00"
"401328",34,"0.84","2021-03-08 20:45:00"
"401331",34,"1.036","2021-05-21 00:45:00"
"401437",34,"0","2021-05-21 01:00:00"
"401444",34,"1.158","2021-03-08 21:00:00"
"401515",34,"0.17","2021-03-08 21:15:00"
"401569",34,"2.308","2021-03-08 21:30:00"
"401623",34,"0.30000000000000004","2021-03-08 21:45:00"
"401677",34,"0.01","2021-03-08 22:00:00"
"401731",34,"0.03","2021-03-08 22:15:00"
"402855",34,"0.99","2021-04-11 07:45:00"
"402909",34,"0.24","2021-04-11 08:00:00"
"402963",34,"0","2021-04-11 08:15:00"
"403017",34,"0","2021-04-11 08:30:00"
"403071",34,"0.44","2021-04-11 08:45:00"
"403125",34,"0.76","2021-04-11 09:00:00"
"403179",34,"0.63","2021-04-11 09:15:00"
"403233",34,"0.54","2021-04-11 09:30:00"
"403287",34,"0.11","2021-04-11 09:45:00"
"403341",34,"0.71","2021-04-11 10:00:00"
"404513",34,"0","2021-05-21 04:30:00"
"404567",34,"0","2021-05-21 04:45:00"
"404621",34,"0","2021-05-21 05:00:00"
"404675",34,"0.65","2021-05-21 05:15:00"
"404729",34,"0.01","2021-05-21 05:30:00"
"407783",34,"0","2021-05-21 05:45:00"
"407837",34,"0","2021-05-21 06:00:00"
"407891",34,"0","2021-05-21 06:15:00"
"404893",34,"2.077","2021-03-08 23:00:00"
"404947",34,"2.153","2021-03-08 23:15:00"
"405001",34,"2.071","2021-03-08 23:30:00"
"406111",34,"2.557","2021-07-01 09:30:00"
"406165",34,"2.537","2021-07-01 09:45:00"
"406219",34,"2.923","2021-07-01 10:00:00"
"406273",34,"3.083","2021-07-01 10:15:00"
"406327",34,"4.122","2021-07-01 10:30:00"
"406381",34,"5.1","2021-07-01 10:45:00"
"406435",34,"5.117","2021-07-01 11:00:00"
"406489",34,"5.898","2021-07-01 11:15:00"
"406543",34,"6.423","2021-07-01 11:30:00"
"406597",34,"5.814","2021-07-01 11:45:00"
"407637",34,"1.562","2021-04-11 16:00:00"
"407691",34,"1.725","2021-04-11 16:15:00"
"407745",34,"1.234","2021-04-11 16:30:00"
"410799",34,"1.343","2021-04-11 16:45:00"
"410853",34,"1","2021-04-11 17:00:00"
"407945",34,"0.76","2021-05-21 06:30:00"
"407999",34,"0","2021-05-21 06:45:00"
"408053",34,"0","2021-05-21 07:00:00"
"408107",34,"0","2021-05-21 07:15:00"
"408161",34,"0.73","2021-05-21 07:30:00"
"409297",34,"0","2021-03-09 05:30:00"
"409351",34,"0","2021-03-09 05:45:00"
"409405",34,"0","2021-03-09 06:00:00"
"409459",34,"0.28","2021-03-09 06:15:00"
"409513",34,"0","2021-03-09 06:30:00"
"409567",34,"0","2021-03-09 06:45:00"
"409621",34,"0.07","2021-03-09 07:00:00"
"409675",34,"0","2021-03-09 07:15:00"
"409764",34,"0.05","2021-03-09 07:30:00"
"412612",34,"0.01","2021-03-09 07:45:00"
"411069",34,"1.708","2021-04-11 18:00:00"
"411123",34,"0.23","2021-04-11 18:15:00"
"411177",34,"1.361","2021-04-11 18:30:00"
"411231",34,"1.6640000000000001","2021-04-11 18:45:00"
"411285",34,"1.315","2021-04-11 19:00:00"
"411339",34,"0.51","2021-04-11 19:15:00"
"411393",34,"1.337","2021-04-11 19:30:00"
"411447",34,"1.501","2021-04-11 19:45:00"
"411501",34,"0.6900000000000001","2021-04-11 20:00:00"
"411555",34,"1.419","2021-04-11 20:15:00"
"412771",34,"0.01","2021-03-09 08:00:00"
"412954",34,"0.01","2021-03-09 08:15:00"
"412934",34,"3.058","2021-07-01 17:45:00"
"413072",34,"2.876","2021-07-01 18:00:00"
"413261",34,"3.297","2021-07-01 18:15:00"
"413228",34,"3.947","2021-05-21 14:45:00"
"415781",34,"4.322","2021-05-21 15:00:00"
"413200",34,"1.486","2021-04-11 21:45:00"
"413479",34,"1.7469999999999999","2021-04-11 22:00:00"
"413763",34,"0.01","2021-04-11 22:15:00"
"414552",34,"2.952","2021-07-01 20:30:00"
"414674",34,"3.093","2021-07-01 20:45:00"
"414665",34,"1.891","2021-03-09 11:15:00"
"414795",34,"2.271","2021-03-09 11:30:00"
"414661",34,"0.84","2021-04-11 23:00:00"
"414954",34,"1.081","2021-04-11 23:15:00"
"415224",34,"0.61","2021-04-11 23:30:00"
"414803",34,"3.416","2021-07-01 21:00:00"
"414945",34,"3.708","2021-07-01 21:15:00"
"415094",34,"3.505","2021-07-01 21:30:00"
"416157",34,"2.911","2021-07-01 22:15:00"
"416315",34,"2.958","2021-07-01 22:30:00"
"416519",34,"2.539","2021-07-01 22:45:00"
"416162",34,"6.066","2021-03-09 13:00:00"
"416314",34,"1.891","2021-03-09 13:15:00"
"416479",34,"2.922","2021-03-09 13:30:00"
"416349",34,"3.832","2021-05-21 16:00:00"
"416465",34,"4.485","2021-05-21 16:15:00"
"416638",34,"2.253","2021-03-09 13:45:00"
"416795",34,"2.184","2021-03-09 14:00:00"
"417656",34,"2.885","2021-07-02 00:15:00"
"417862",34,"2.817","2021-07-02 00:30:00"
"418160",34,"0.03","2021-04-12 03:15:00"
"418357",34,"1.392","2021-04-12 03:30:00"
"418047",34,"2.1390000000000002","2021-05-21 18:15:00"
"418263",34,"1.706","2021-05-21 18:30:00"
"418449",34,"1.669","2021-05-21 18:45:00"
"418048",34,"2.496","2021-07-02 00:45:00"
"418262",34,"1.982","2021-07-02 01:00:00"
"418489",34,"2.041","2021-07-02 01:15:00"
"419445",34,"1.426","2021-04-12 05:00:00"
"419499",34,"0","2021-04-12 05:15:00"
"419553",34,"0","2021-04-12 05:30:00"
"419189",34,"1.94","2021-05-21 19:30:00"
"419807",34,"1.741","2021-05-21 19:45:00"
"419878",34,"1.9140000000000001","2021-05-21 20:00:00"
"419607",34,"0","2021-04-12 05:45:00"
"419661",34,"0","2021-04-12 06:00:00"
"419715",34,"0","2021-04-12 06:15:00"
"419769",34,"0","2021-04-12 06:30:00"
"421700",34,"0","2021-04-12 06:45:00"
"420483",34,"1.374","2021-07-02 03:45:00"
"417407",34,"2.992","2021-07-02 00:00:00"
"418245",34,"4.329","2021-03-09 15:45:00"
"418476",34,"4.285","2021-03-09 16:00:00"
"418603",34,"1.264","2021-04-12 03:45:00"
"418805",34,"1.667","2021-04-12 04:00:00"
"419007",34,"1.444","2021-04-12 04:15:00"
"418669",34,"1.7810000000000001","2021-05-21 19:00:00"
"418885",34,"1.957","2021-05-21 19:15:00"
"418706",34,"1.9689999999999999","2021-07-02 01:30:00"
"418924",34,"2.521","2021-07-02 01:45:00"
"419112",34,"2.588","2021-07-02 02:00:00"
"427551",34,"2.091","2021-04-12 14:45:00"
"427605",34,"1.9460000000000002","2021-04-12 15:00:00"
"427659",34,"1.6480000000000001","2021-04-12 15:15:00"
"427713",34,"2.024","2021-04-12 15:30:00"
"427767",34,"1.164","2021-04-12 15:45:00"
"428590",34,"2.358","2021-04-12 16:00:00"
"427915",34,"1.6139999999999999","2021-05-22 05:15:00"
"428062",34,"0","2021-05-22 05:30:00"
"428188",34,"0","2021-05-22 05:45:00"
"428181",34,"1.334","2021-07-02 12:15:00"
"428352",34,"1.766","2021-07-02 12:30:00"
"428524",34,"2.219","2021-07-02 12:45:00"
"429377",34,"1.46","2021-03-10 04:15:00"
"429608",34,"1.456","2021-03-10 04:30:00"
"429415",34,"3.388","2021-05-22 07:15:00"
"429675",34,"3.59","2021-05-22 07:30:00"
"429881",34,"1.154","2021-04-12 17:30:00"
"430086",34,"1.176","2021-04-12 17:45:00"
"429792",34,"0.09","2021-07-02 14:15:00"
"429998",34,"0.36","2021-07-02 14:30:00"
"430224",34,"0","2021-07-02 14:45:00"
"430492",34,"0","2021-03-10 05:30:00"
"430690",34,"0","2021-03-10 05:45:00"
"430517",34,"2.109","2021-05-22 08:30:00"
"430712",34,"2.151","2021-05-22 08:45:00"
"430951",34,"1.222","2021-04-12 18:45:00"
"431153",34,"0.59","2021-04-12 19:00:00"
"430868",34,"1.158","2021-05-22 09:00:00"
"431049",34,"2.337","2021-05-22 09:15:00"
"431264",34,"2.898","2021-05-22 09:30:00"
"432161",34,"0.30000000000000004","2021-04-12 21:15:00"
"432232",34,"0","2021-04-12 21:30:00"
"432367",34,"0.37","2021-04-12 21:45:00"
"432272",34,"2.217","2021-07-02 17:30:00"
"432378",34,"2.298","2021-07-02 17:45:00"
"432491",34,"0.33","2021-04-12 22:00:00"
"432609",34,"0.96","2021-04-12 22:15:00"
"432583",34,"3.296","2021-05-22 09:45:00"
"432901",34,"3.023","2021-05-22 10:00:00"
"433768",34,"3.085","2021-05-22 11:00:00"
"433959",34,"3.443","2021-05-22 11:15:00"
"434147",34,"4.017","2021-05-22 11:30:00"
"433818",34,"0","2021-04-12 23:45:00"
"433990",34,"0","2021-04-13 00:00:00"
"434223",34,"0","2021-04-13 00:15:00"
"434047",34,"0.02","2021-07-02 20:00:00"
"434244",34,"1.5510000000000002","2021-07-02 20:15:00"
"434472",34,"2.591","2021-07-02 20:30:00"
"434360",34,"4.694","2021-05-22 11:45:00"
"434597",34,"4.074","2021-05-22 12:00:00"
"434890",34,"2.203","2021-03-10 09:15:00"
"435015",34,"2.503","2021-03-10 09:30:00"
"435129",34,"2.41","2021-03-10 09:45:00"
"434846",34,"0","2021-04-13 01:00:00"
"436216",34,"0","2021-04-13 01:15:00"
"436389",34,"0","2021-04-13 01:30:00"
"435174",34,"2.156","2021-05-22 13:00:00"
"435239",34,"2.558","2021-03-10 10:00:00"
"435330",34,"2.919","2021-03-10 10:15:00"
"435427",34,"2.634","2021-03-10 10:30:00"
"436534",34,"0","2021-04-13 01:45:00"
"436780",34,"0","2021-04-13 02:00:00"
"436512",34,"2.482","2021-07-02 23:45:00"
"436611",34,"2.3970000000000002","2021-07-03 00:00:00"
"436749",34,"2.346","2021-07-03 00:15:00"
"436822",34,"2.431","2021-03-10 12:00:00"
"436957",34,"2.9290000000000003","2021-03-10 12:15:00"
"437075",34,"2.347","2021-03-10 12:30:00"
"436876",34,"2.6","2021-07-03 00:30:00"
"437030",34,"2.633","2021-07-03 00:45:00"
"438254",34,"1.794","2021-04-13 03:45:00"
"438455",34,"2.138","2021-04-13 04:00:00"
"438179",34,"2.5789999999999997","2021-05-22 14:30:00"
"438396",34,"3.116","2021-05-22 14:45:00"
"438564",34,"3.519","2021-05-22 15:00:00"
"438267",34,"2.3890000000000002","2021-03-10 15:15:00"
"438369",34,"2.6390000000000002","2021-03-10 15:30:00"
"438512",34,"2.127","2021-03-10 15:45:00"
"438626",34,"2.681","2021-03-10 16:00:00"
"440946",34,"2.007","2021-03-10 16:15:00"
"439721",34,"2.781","2021-05-22 18:30:00"
"439775",34,"2.882","2021-05-22 18:45:00"
"439967",34,"1.8050000000000002","2021-07-03 02:30:00"
"440021",34,"1.819","2021-07-03 02:45:00"
"440075",34,"1.941","2021-07-03 03:00:00"
"440129",34,"1.912","2021-07-03 03:15:00"
"440183",34,"2.448","2021-07-03 03:30:00"
"440237",34,"0.84","2021-07-03 03:45:00"
"440291",34,"0.53","2021-07-03 04:00:00"
"441431",34,"2.363","2021-03-10 17:15:00"
"441522",34,"1.811","2021-03-10 17:30:00"
"441609",34,"1.611","2021-03-10 17:45:00"
"441684",34,"0.34","2021-03-10 18:00:00"
"441760",34,"0","2021-03-10 18:15:00"
"441664",34,"4.335","2021-04-13 08:00:00"
"441831",34,"4.924","2021-04-13 08:15:00"
"441996",34,"4.549","2021-04-13 08:30:00"
"441844",34,"0.13","2021-03-10 18:30:00"
"441923",34,"0.23","2021-03-10 18:45:00"
"443099",34,"3.553","2021-05-22 20:15:00"
"443153",34,"2.783","2021-05-22 20:30:00"
"443207",34,"3.898","2021-05-22 20:45:00"
"443261",34,"3.393","2021-05-22 21:00:00"
"443315",34,"4.467","2021-05-22 21:15:00"
"443369",34,"3.324","2021-05-22 21:30:00"
"443423",34,"0.87","2021-05-22 21:45:00"
"443477",34,"0","2021-05-22 22:00:00"
"443531",34,"0","2021-05-22 22:15:00"
"443585",34,"1.681","2021-05-22 22:30:00"
"443639",34,"1.9769999999999999","2021-05-22 22:45:00"
"444317",34,"0","2021-07-03 08:45:00"
"444371",34,"0","2021-07-03 09:00:00"
"444425",34,"0","2021-07-03 09:15:00"
"444479",34,"0","2021-07-03 09:30:00"
"444533",34,"0","2021-07-03 09:45:00"
"444587",34,"0.46","2021-07-03 10:00:00"
"444647",34,"0.14","2021-07-03 10:15:00"
"444743",34,"0","2021-07-03 10:30:00"
"444744",34,"0","2021-03-10 21:00:00"
"444841",34,"0","2021-03-10 21:15:00"
"444933",34,"0","2021-03-10 21:30:00"
"445369",34,"0","2021-03-10 23:30:00"
"445423",34,"0","2021-03-10 23:45:00"
"445477",34,"0","2021-03-11 00:00:00"
"445531",34,"0","2021-03-11 00:15:00"
"445585",34,"0","2021-03-11 00:30:00"
"445639",34,"0","2021-03-11 00:45:00"
"445693",34,"0","2021-03-11 01:00:00"
"445747",34,"0","2021-03-11 01:15:00"
"447643",34,"0","2021-03-11 01:30:00"
"447746",34,"0","2021-03-11 01:45:00"
"446954",34,"3.197","2021-04-13 12:30:00"
"447137",34,"2.196","2021-04-13 12:45:00"
"447317",34,"3.007","2021-04-13 13:00:00"
"446979",34,"0.33","2021-05-23 02:45:00"
"447048",34,"1.284","2021-05-23 03:00:00"
"447132",34,"2.77","2021-05-23 03:15:00"
"447210",34,"2.713","2021-05-23 03:30:00"
"447287",34,"2.697","2021-05-23 03:45:00"
"447367",34,"1.264","2021-05-23 04:00:00"
"449827",34,"1.314","2021-05-23 04:15:00"
"449881",34,"1.083","2021-05-23 04:30:00"
"448712",34,"0","2021-03-11 04:45:00"
"448852",34,"0","2021-03-11 05:00:00"
"448755",34,"1.367","2021-07-03 12:00:00"
"448849",34,"0.37","2021-07-03 12:15:00"
"448931",34,"0.84","2021-07-03 12:30:00"
"449006",34,"0.55","2021-07-03 12:45:00"
"449081",34,"0.23","2021-07-03 13:00:00"
"449023",34,"0","2021-03-11 05:15:00"
"449203",34,"0","2021-03-11 05:30:00"
"449356",34,"0","2021-03-11 05:45:00"
"449721",34,"2.855","2021-07-03 15:15:00"
"449775",34,"1.759","2021-07-03 15:30:00"
"449935",34,"0.46","2021-05-23 04:45:00"
"449989",34,"2.482","2021-05-23 05:00:00"
"450043",34,"2.015","2021-05-23 05:15:00"
"450097",34,"0.75","2021-05-23 05:30:00"
"450151",34,"1.46","2021-05-23 05:45:00"
"450205",34,"2.076","2021-05-23 06:00:00"
"450259",34,"1.359","2021-05-23 06:15:00"
"451383",34,"4.911","2021-04-13 17:45:00"
"451437",34,"3.284","2021-04-13 18:00:00"
"451507",34,"4.539","2021-04-13 18:15:00"
"451599",34,"4.097","2021-04-13 18:30:00"
"451685",34,"4.34","2021-04-13 18:45:00"
"451720",34,"0","2021-03-11 06:30:00"
"451885",34,"0","2021-03-11 06:45:00"
"451989",34,"0","2021-03-11 07:00:00"
"451774",34,"4.217","2021-04-13 19:00:00"
"451851",34,"3.9130000000000003","2021-04-13 19:15:00"
"452522",34,"1.231","2021-03-11 09:00:00"
"452649",34,"1.995","2021-03-11 09:15:00"
"452764",34,"1.7429999999999999","2021-03-11 09:30:00"
"452720",34,"0","2021-07-03 16:30:00"
"452820",34,"1.167","2021-07-03 16:45:00"
"452881",34,"1.641","2021-03-11 09:45:00"
"452989",34,"1.053","2021-03-11 10:00:00"
"452920",34,"0.1","2021-07-03 17:00:00"
"453028",34,"0.06","2021-07-03 17:15:00"
"453123",34,"0","2021-07-03 17:30:00"
"454207",34,"3.894","2021-05-23 09:45:00"
"454367",34,"3.479","2021-05-23 10:00:00"
"454500",34,"2.956","2021-05-23 10:15:00"
"454324",34,"4.418","2021-04-13 21:00:00"
"454466",34,"5.25","2021-04-13 21:15:00"
"454555",34,"5.481","2021-04-13 21:30:00"
"454618",34,"2.911","2021-05-23 10:30:00"
"454739",34,"2.621","2021-05-23 10:45:00"
"454664",34,"5.003","2021-04-13 21:45:00"
"454772",34,"5.003","2021-04-13 22:00:00"
"455364",34,"3.967","2021-05-23 12:15:00"
"455470",34,"3.426","2021-05-23 12:30:00"
"455581",34,"3.995","2021-05-23 12:45:00"
"455437",34,"5.2780000000000005","2021-04-13 23:30:00"
"455543",34,"5.065","2021-04-13 23:45:00"
"455644",34,"4.513","2021-04-14 00:00:00"
"455688",34,"5.593","2021-05-23 13:00:00"
"455771",34,"5.047","2021-05-23 13:15:00"
"457173",34,"3.688","2021-04-14 00:15:00"
"457284",34,"3.771","2021-04-14 00:30:00"
"456393",34,"4.606","2021-03-11 13:30:00"
"456447",34,"4.244","2021-03-11 13:45:00"
"456501",34,"4.616","2021-03-11 14:00:00"
"456555",34,"4.352","2021-03-11 14:15:00"
"456609",34,"4.839","2021-03-11 14:30:00"
"456663",34,"4.957","2021-03-11 14:45:00"
"456717",34,"4.578","2021-03-11 15:00:00"
"456771",34,"4.129","2021-03-11 15:15:00"
"456801",34,"2.308","2021-07-03 20:15:00"
"456855",34,"2.379","2021-07-03 20:30:00"
"456909",34,"2.388","2021-07-03 20:45:00"
"458020",34,"2.29","2021-07-04 00:00:00"
"458175",34,"2.339","2021-07-04 00:15:00"
"458294",34,"2.443","2021-07-04 00:30:00"
"458197",34,"4.651","2021-05-23 13:30:00"
"458438",34,"5.408","2021-05-23 13:45:00"
"458538",34,"5.204","2021-05-23 14:00:00"
"458370",34,"3.991","2021-04-14 02:45:00"
"458529",34,"2.8120000000000003","2021-04-14 03:00:00"
"458634",34,"3.165","2021-04-14 03:15:00"
"458436",34,"2.078","2021-07-04 00:45:00"
"460827",34,"1.3900000000000001","2021-07-04 01:00:00"
"460881",34,"1.157","2021-07-04 01:15:00"
"459213",34,"4.647","2021-04-14 04:45:00"
"461414",34,"4.67","2021-04-14 05:00:00"
"417508",34,"0","2021-04-12 02:30:00"
"417719",34,"0","2021-04-12 02:45:00"
"417923",34,"0","2021-04-12 03:00:00"
"417573",34,"2.458","2021-05-21 17:45:00"
"417794",34,"2.583","2021-05-21 18:00:00"
"417602",34,"4.254","2021-03-09 15:00:00"
"417824",34,"4.953","2021-03-09 15:15:00"
"418018",34,"3.27","2021-03-09 15:30:00"
"418682",34,"4.347","2021-03-09 16:15:00"
"418909",34,"2.624","2021-03-09 16:30:00"
"419095",34,"1.6059999999999999","2021-03-09 16:45:00"
"419206",34,"1.812","2021-04-12 04:30:00"
"419360",34,"1.884","2021-04-12 04:45:00"
"419319",34,"2.505","2021-07-02 02:15:00"
"419846",34,"2.628","2021-07-02 02:30:00"
"420209",34,"3.465","2021-03-09 17:00:00"
"420395",34,"2.504","2021-03-09 17:15:00"
"419959",34,"2.383","2021-07-02 02:45:00"
"420067",34,"2.357","2021-07-02 03:00:00"
"420174",34,"1.8359999999999999","2021-07-02 03:15:00"
"419983",34,"2.3810000000000002","2021-05-21 20:15:00"
"420091",34,"2.044","2021-05-21 20:30:00"
"420199",34,"1.7810000000000001","2021-05-21 20:45:00"
"420302",34,"1.959","2021-07-02 03:30:00"
"420334",34,"1.604","2021-05-21 21:00:00"
"420472",34,"1.616","2021-05-21 21:15:00"
"420631",34,"1.673","2021-05-21 21:30:00"
"421056",34,"3.5869999999999997","2021-03-09 18:15:00"
"421213",34,"4.801","2021-03-09 18:30:00"
"421282",34,"2.331","2021-07-02 05:00:00"
"421444",34,"2.074","2021-07-02 05:15:00"
"421653",34,"1.051","2021-07-02 05:30:00"
"421315",34,"2.172","2021-05-21 22:30:00"
"421469",34,"2.382","2021-05-21 22:45:00"
"421373",34,"3.741","2021-03-09 18:45:00"
"421541",34,"2.574","2021-03-09 19:00:00"
"421659",34,"2.408","2021-05-21 23:00:00"
"421900",34,"0","2021-04-12 07:00:00"
"422109",34,"0","2021-04-12 07:15:00"
"422304",34,"2.857","2021-05-21 23:45:00"
"422360",34,"0","2021-07-02 06:15:00"
"422536",34,"1.683","2021-03-09 20:15:00"
"422539",34,"2.168","2021-05-22 00:00:00"
"422545",34,"0","2021-04-12 07:45:00"
"422746",34,"1.517","2021-03-09 20:30:00"
"422896",34,"0.8","2021-03-09 20:45:00"
"422581",34,"0.32","2021-07-02 06:30:00"
"422785",34,"0.63","2021-07-02 06:45:00"
"422948",34,"0.22","2021-07-02 07:00:00"
"423471",34,"0.36","2021-04-12 09:45:00"
"423525",34,"0.51","2021-04-12 10:00:00"
"423579",34,"1.236","2021-04-12 10:15:00"
"423075",34,"0","2021-04-12 08:30:00"
"423194",34,"0","2021-04-12 08:45:00"
"423302",34,"0","2021-04-12 09:00:00"
"423363",34,"0.04","2021-04-12 09:15:00"
"423417",34,"0.16","2021-04-12 09:30:00"
"423633",34,"1.885","2021-04-12 10:30:00"
"423687",34,"0.7000000000000001","2021-04-12 10:45:00"
"424185",34,"0","2021-07-02 07:45:00"
"424345",34,"0","2021-07-02 08:00:00"
"424493",34,"0","2021-07-02 08:15:00"
"424649",34,"0","2021-03-09 22:30:00"
"424790",34,"0","2021-03-09 22:45:00"
"424607",34,"6.771","2021-05-22 02:00:00"
"424765",34,"5.883","2021-05-22 02:15:00"
"424923",34,"3.024","2021-05-22 02:30:00"
"424683",34,"0","2021-07-02 08:30:00"
"424863",34,"0","2021-07-02 08:45:00"
"425032",34,"0","2021-07-02 09:00:00"
"425632",34,"0","2021-03-09 23:45:00"
"425820",34,"0","2021-03-10 00:00:00"
"425531",34,"2.88","2021-05-22 03:15:00"
"425771",34,"2.743","2021-05-22 03:30:00"
"425962",34,"2.187","2021-05-22 03:45:00"
"425695",34,"0","2021-07-02 09:45:00"
"425949",34,"0","2021-07-02 10:00:00"
"426143",34,"0.38","2021-07-02 10:15:00"
"425861",34,"1.078","2021-04-12 12:15:00"
"426102",34,"0.45","2021-04-12 12:30:00"
"426317",34,"0.98","2021-04-12 12:45:00"
"426707",34,"0","2021-03-10 01:00:00"
"426900",34,"0","2021-03-10 01:15:00"
"426608",34,"2.777","2021-05-22 04:30:00"
"426870",34,"3.312","2021-05-22 04:45:00"
"427805",34,"3.191","2021-05-22 05:00:00"
"426792",34,"0.96","2021-07-02 11:00:00"
"427008",34,"1.534","2021-07-02 11:15:00"
"427167",34,"1.572","2021-07-02 11:30:00"
"426911",34,"1.842","2021-04-12 13:30:00"
"427105",34,"2.499","2021-04-12 13:45:00"
"427303",34,"2.175","2021-04-12 14:00:00"
"428177",34,"0","2021-03-10 02:45:00"
"428319",34,"0.01","2021-03-10 03:00:00"
"428539",34,"0","2021-03-10 03:15:00"
"428364",34,"0","2021-05-22 06:00:00"
"428534",34,"0","2021-05-22 06:15:00"
"428829",34,"2.159","2021-04-12 16:15:00"
"429035",34,"1.381","2021-04-12 16:30:00"
"428750",34,"0.58","2021-07-02 13:00:00"
"428968",34,"0.88","2021-07-02 13:15:00"
"429824",34,"1.607","2021-03-10 04:45:00"
"430033",34,"1.067","2021-03-10 05:00:00"
"430275",34,"0","2021-03-10 05:15:00"
"429896",34,"2.2640000000000002","2021-05-22 07:45:00"
"430102",34,"3.779","2021-05-22 08:00:00"
"430280",34,"3.537","2021-05-22 08:15:00"
"430300",34,"0.93","2021-04-12 18:00:00"
"430491",34,"1.287","2021-04-12 18:15:00"
"430697",34,"0.84","2021-04-12 18:30:00"
"430467",34,"0.27","2021-07-02 15:00:00"
"430725",34,"1.271","2021-07-02 15:15:00"
"431563",34,"0","2021-07-02 16:15:00"
"431821",34,"0","2021-07-02 16:30:00"
"431685",34,"0.84","2021-04-12 20:00:00"
"431739",34,"1.198","2021-04-12 20:15:00"
"431818",34,"1.193","2021-04-12 20:30:00"
"431930",34,"2.083","2021-04-12 20:45:00"
"432040",34,"0.54","2021-04-12 21:00:00"
"431925",34,"0.9","2021-07-02 16:45:00"
"432031",34,"0.54","2021-07-02 17:00:00"
"432125",34,"2.431","2021-07-02 17:15:00"
"433145",34,"2.745","2021-05-22 10:15:00"
"433315",34,"0.7000000000000001","2021-05-22 10:30:00"
"433512",34,"3.238","2021-05-22 10:45:00"
"433427",34,"1.3940000000000001","2021-04-12 23:15:00"
"433620",34,"0.96","2021-04-12 23:30:00"
"433426",34,"1.887","2021-07-02 19:15:00"
"433606",34,"1.7109999999999999","2021-07-02 19:30:00"
"433800",34,"1.577","2021-07-02 19:45:00"
"433738",34,"0.79","2021-03-10 08:00:00"
"434013",34,"1.343","2021-03-10 08:15:00"
"435286",34,"2.34","2021-05-22 13:15:00"
"435416",34,"2.447","2021-05-22 13:30:00"
"435511",34,"2.488","2021-05-22 13:45:00"
"435548",34,"3.042","2021-03-10 10:45:00"
"435658",34,"3.248","2021-03-10 11:00:00"
"435723",34,"3.513","2021-03-10 11:15:00"
"435617",34,"3.026","2021-05-22 14:00:00"
"437962",34,"2.758","2021-05-22 14:15:00"
"435777",34,"3.069","2021-03-10 11:30:00"
"436677",34,"2.63","2021-03-10 11:45:00"
"437078",34,"0.12","2021-04-13 02:15:00"
"437332",34,"2.315","2021-04-13 02:30:00"
"437560",34,"2.089","2021-04-13 02:45:00"
"437201",34,"2.787","2021-03-10 12:45:00"
"437339",34,"2.39","2021-03-10 13:00:00"
"437179",34,"2.331","2021-07-03 01:00:00"
"437312",34,"2.482","2021-07-03 01:15:00"
"437433",34,"2.54","2021-07-03 01:30:00"
"437490",34,"2.069","2021-03-10 13:15:00"
"437578",34,"1.718","2021-03-10 13:30:00"
"437656",34,"1.741","2021-03-10 13:45:00"
"438663",34,"2.529","2021-04-13 04:15:00"
"438782",34,"3.217","2021-04-13 04:30:00"
"438890",34,"2.607","2021-04-13 04:45:00"
"438738",34,"3.411","2021-05-22 15:15:00"
"438845",34,"3.364","2021-05-22 15:30:00"
"438996",34,"2.142","2021-04-13 05:00:00"
"439114",34,"2.738","2021-04-13 05:15:00"
"438953",34,"2.916","2021-05-22 15:45:00"
"439053",34,"2.928","2021-05-22 16:00:00"
"439161",34,"2.608","2021-05-22 16:15:00"
"440345",34,"0","2021-07-03 04:15:00"
"440403",34,"0","2021-07-03 04:30:00"
"440498",34,"0","2021-07-03 04:45:00"
"440588",34,"0.2","2021-07-03 05:00:00"
"440683",34,"2.7439999999999998","2021-07-03 05:15:00"
"440675",34,"2.817","2021-04-13 06:15:00"
"440804",34,"2.649","2021-04-13 06:30:00"
"440774",34,"2.608","2021-07-03 05:30:00"
"440885",34,"2.38","2021-07-03 05:45:00"
"441033",34,"2.245","2021-07-03 06:00:00"
"442004",34,"0","2021-03-10 19:00:00"
"442081",34,"1.428","2021-03-10 19:15:00"
"442168",34,"2.016","2021-03-10 19:30:00"
"442156",34,"4.393","2021-04-13 08:45:00"
"442315",34,"4.268","2021-04-13 09:00:00"
"442448",34,"4.077","2021-04-13 09:15:00"
"442245",34,"2.158","2021-03-10 19:45:00"
"442331",34,"1.762","2021-03-10 20:00:00"
"442418",34,"2.347","2021-03-10 20:15:00"
"442508",34,"1.8900000000000001","2021-03-10 20:30:00"
"442597",34,"0.44","2021-03-10 20:45:00"
"443693",34,"2.276","2021-05-22 23:00:00"
"443747",34,"2.553","2021-05-22 23:15:00"
"443885",34,"2.503","2021-07-03 06:45:00"
"443939",34,"2.7439999999999998","2021-07-03 07:00:00"
"443993",34,"2.844","2021-07-03 07:15:00"
"444047",34,"2.558","2021-07-03 07:30:00"
"444101",34,"2.468","2021-07-03 07:45:00"
"444155",34,"2.306","2021-07-03 08:00:00"
"444209",34,"1","2021-07-03 08:15:00"
"444263",34,"0.67","2021-07-03 08:30:00"
"444860",34,"0","2021-07-03 10:45:00"
"448433",34,"0.11","2021-07-03 11:00:00"
"444991",34,"0","2021-03-10 21:45:00"
"445045",34,"0","2021-03-10 22:00:00"
"445099",34,"0","2021-03-10 22:15:00"
"445153",34,"0","2021-03-10 22:30:00"
"445207",34,"0","2021-03-10 22:45:00"
"445261",34,"0","2021-03-10 23:00:00"
"445315",34,"0","2021-03-10 23:15:00"
"446349",34,"0.17","2021-05-23 00:45:00"
"446426",34,"0.8200000000000001","2021-05-23 01:00:00"
"446501",34,"0.9","2021-05-23 01:15:00"
"446611",34,"2.981","2021-04-13 12:00:00"
"446776",34,"2.7","2021-04-13 12:15:00"
"446586",34,"0.48","2021-05-23 01:30:00"
"446661",34,"1.177","2021-05-23 01:45:00"
"446747",34,"2.399","2021-05-23 02:00:00"
"446824",34,"0.8200000000000001","2021-05-23 02:15:00"
"446903",34,"1.076","2021-05-23 02:30:00"
"447411",34,"3.468","2021-04-13 13:15:00"
"447465",34,"1.574","2021-04-13 13:30:00"
"447519",34,"1.5819999999999999","2021-04-13 13:45:00"
"447573",34,"0.68","2021-04-13 14:00:00"
"447656",34,"3","2021-04-13 14:15:00"
"447765",34,"2.2720000000000002","2021-04-13 14:30:00"
"447872",34,"2.159","2021-04-13 14:45:00"
"450528",34,"1.51","2021-04-13 15:00:00"
"447850",34,"0","2021-03-11 02:00:00"
"447963",34,"0","2021-03-11 02:15:00"
"448017",34,"0","2021-03-11 02:30:00"
"449153",34,"0.15","2021-07-03 13:15:00"
"449240",34,"1.332","2021-07-03 13:30:00"
"449322",34,"1.053","2021-07-03 13:45:00"
"449405",34,"0.92","2021-07-03 14:00:00"
"449480",34,"1.5750000000000002","2021-07-03 14:15:00"
"449529",34,"0","2021-03-11 06:00:00"
"451579",34,"0","2021-03-11 06:15:00"
"449559",34,"2.769","2021-07-03 14:30:00"
"449613",34,"2.912","2021-07-03 14:45:00"
"449667",34,"1.592","2021-07-03 15:00:00"
"450773",34,"1.982","2021-05-23 07:45:00"
"450856",34,"2.697","2021-05-23 08:00:00"
"450942",34,"2.815","2021-05-23 08:15:00"
"451023",34,"3.138","2021-05-23 08:30:00"
"453528",34,"3.18","2021-05-23 08:45:00"
"451113",34,"2.938","2021-04-13 16:30:00"
"451167",34,"3.534","2021-04-13 16:45:00"
"451221",34,"4.775","2021-04-13 17:00:00"
"451275",34,"4.946","2021-04-13 17:15:00"
"451329",34,"5.013","2021-04-13 17:30:00"
"451930",34,"3.743","2021-04-13 19:30:00"
"452043",34,"0","2021-03-11 07:15:00"
"452097",34,"0","2021-03-11 07:30:00"
"452151",34,"0","2021-03-11 07:45:00"
"452205",34,"0.09","2021-03-11 08:00:00"
"452259",34,"0","2021-03-11 08:15:00"
"452314",34,"0.72","2021-03-11 08:30:00"
"452419",34,"1.015","2021-03-11 08:45:00"
"452412",34,"1.899","2021-07-03 15:45:00"
"452525",34,"2.158","2021-07-03 16:00:00"
"452614",34,"0.72","2021-07-03 16:15:00"
"453700",34,"0.74","2021-07-03 19:00:00"
"453855",34,"1.5550000000000002","2021-07-03 19:15:00"
"453985",34,"1.657","2021-07-03 19:30:00"
"453714",34,"3.109","2021-05-23 09:00:00"
"453861",34,"2.966","2021-05-23 09:15:00"
"454055",34,"2.723","2021-05-23 09:30:00"
"453842",34,"5.465","2021-04-13 20:15:00"
"454002",34,"5.035","2021-04-13 20:30:00"
"454156",34,"5.1370000000000005","2021-04-13 20:45:00"
"454173",34,"1.538","2021-07-03 19:45:00"
"454331",34,"1.983","2021-07-03 20:00:00"
"455853",34,"1.229","2021-03-11 11:00:00"
"455907",34,"1.812","2021-03-11 11:15:00"
"455961",34,"2.295","2021-03-11 11:30:00"
"456015",34,"1.6059999999999999","2021-03-11 11:45:00"
"456069",34,"2.957","2021-03-11 12:00:00"
"456123",34,"2.755","2021-03-11 12:15:00"
"456177",34,"2.072","2021-03-11 12:30:00"
"456231",34,"2.885","2021-03-11 12:45:00"
"456285",34,"3.513","2021-03-11 13:00:00"
"456339",34,"3.517","2021-03-11 13:15:00"
"456963",34,"1.051","2021-07-03 21:00:00"
"457017",34,"0","2021-07-03 21:15:00"
"457071",34,"0","2021-07-03 21:30:00"
"457125",34,"0","2021-07-03 21:45:00"
"457196",34,"0.08","2021-07-03 22:00:00"
"457304",34,"2.425","2021-07-03 22:15:00"
"457408",34,"2.292","2021-07-03 22:30:00"
"457395",34,"4.559","2021-04-14 00:45:00"
"457501",34,"4.203","2021-04-14 01:00:00"
"457608",34,"4.312","2021-04-14 01:15:00"
"458647",34,"5.238","2021-05-23 14:15:00"
"458765",34,"4.839","2021-05-23 14:30:00"
"458733",34,"3.235","2021-04-14 03:30:00"
"458842",34,"3.391","2021-04-14 03:45:00"
"458877",34,"4.192","2021-05-23 14:45:00"
"458986",34,"4.223","2021-05-23 15:00:00"
"459135",34,"4.168","2021-05-23 15:15:00"
"459251",34,"4.381","2021-05-23 15:30:00"
"459311",34,"3.975","2021-05-23 15:45:00"
"459365",34,"3.588","2021-05-23 16:00:00"
"459419",34,"4.191","2021-05-23 16:15:00"
"459473",34,"3.71","2021-05-23 16:30:00"
"459527",34,"4.081","2021-05-23 16:45:00"
"459581",34,"4.691","2021-05-23 17:00:00"
"459635",34,"4.103","2021-05-23 17:15:00"
"462959",34,"2.878","2021-05-23 18:45:00"
"463013",34,"2.402","2021-05-23 19:00:00"
"463067",34,"2.492","2021-05-23 19:15:00"
"463121",34,"2.5380000000000003","2021-05-23 19:30:00"
"463175",34,"2.523","2021-05-23 19:45:00"
"463229",34,"2.782","2021-05-23 20:00:00"
"463283",34,"2.358","2021-05-23 20:15:00"
"463337",34,"2.195","2021-05-23 20:30:00"
"463391",34,"2.387","2021-05-23 20:45:00"
"463445",34,"2.594","2021-05-23 21:00:00"
"464067",34,"1.986","2021-03-11 21:15:00"
"464121",34,"1.903","2021-03-11 21:30:00"
"464175",34,"2.098","2021-03-11 21:45:00"
"464229",34,"2.006","2021-03-11 22:00:00"
"464283",34,"2.208","2021-03-11 22:15:00"
"464337",34,"2.237","2021-03-11 22:30:00"
"464391",34,"2.182","2021-03-11 22:45:00"
"464445",34,"2.228","2021-03-11 23:00:00"
"464499",34,"2.298","2021-03-11 23:15:00"
"464553",34,"2.143","2021-03-11 23:30:00"
"464607",34,"1.8780000000000001","2021-03-11 23:45:00"
"464661",34,"1.4929999999999999","2021-03-12 00:00:00"
"464715",34,"1.702","2021-03-12 00:15:00"
"464769",34,"1.5899999999999999","2021-03-12 00:30:00"
"467634",34,"0.22","2021-03-12 00:45:00"
"464799",34,"2.817","2021-07-04 05:30:00"
"464853",34,"2.9370000000000003","2021-07-04 05:45:00"
"464907",34,"2.6550000000000002","2021-07-04 06:00:00"
"464961",34,"2.384","2021-07-04 06:15:00"
"465015",34,"2.11","2021-07-04 06:30:00"
"466163",34,"5.191","2021-04-14 11:15:00"
"466217",34,"4.243","2021-04-14 11:30:00"
"466271",34,"5.007","2021-04-14 11:45:00"
"466325",34,"4.068","2021-04-14 12:00:00"
"466379",34,"3.959","2021-04-14 12:15:00"
"466433",34,"3.955","2021-04-14 12:30:00"
"466487",34,"3.303","2021-04-14 12:45:00"
"466541",34,"4.563","2021-04-14 13:00:00"
"466596",34,"3.29","2021-04-14 13:15:00"
"466650",34,"3.333","2021-04-14 13:30:00"
"466704",34,"3.384","2021-04-14 13:45:00"
"467965",34,"1.674","2021-05-24 03:00:00"
"470795",34,"0.66","2021-05-24 03:15:00"
"470849",34,"1.2850000000000001","2021-05-24 03:30:00"
"468239",34,"0.01","2021-03-12 01:45:00"
"468378",34,"0","2021-03-12 02:00:00"
"468213",34,"3.147","2021-04-14 14:30:00"
"468376",34,"3.9050000000000002","2021-04-14 14:45:00"
"468524",34,"3.032","2021-04-14 15:00:00"
"468397",34,"3.159","2021-07-04 10:45:00"
"468558",34,"3.243","2021-07-04 11:00:00"
"469045",34,"3.351","2021-04-14 15:45:00"
"469223",34,"2.9530000000000003","2021-04-14 16:00:00"
"469463",34,"3.343","2021-04-14 16:15:00"
"469183",34,"2.982","2021-07-04 12:00:00"
"469337",34,"2.5949999999999998","2021-07-04 12:15:00"
"469315",34,"1.053","2021-03-12 03:30:00"
"469437",34,"0.33","2021-03-12 03:45:00"
"469738",34,"0.55","2021-03-12 04:00:00"
"469467",34,"2.402","2021-07-04 12:30:00"
"469551",34,"2.441","2021-07-04 12:45:00"
"469650",34,"2.785","2021-07-04 13:00:00"
"470654",34,"3.155","2021-04-14 18:15:00"
"470729",34,"3.08","2021-04-14 18:30:00"
"472783",34,"2.877","2021-04-14 18:45:00"
"470903",34,"2.411","2021-05-24 03:45:00"
"470957",34,"2.437","2021-05-24 04:00:00"
"471011",34,"2.346","2021-05-24 04:15:00"
"420639",34,"0","2021-07-02 04:00:00"
"420590",34,"3.168","2021-03-09 17:30:00"
"420750",34,"2.782","2021-03-09 17:45:00"
"420882",34,"3.014","2021-03-09 18:00:00"
"420801",34,"1.917","2021-05-21 21:45:00"
"420979",34,"1.901","2021-05-21 22:00:00"
"421133",34,"1.77","2021-05-21 22:15:00"
"420816",34,"0.39","2021-07-02 04:15:00"
"420959",34,"2.022","2021-07-02 04:30:00"
"421120",34,"2.184","2021-07-02 04:45:00"
"421743",34,"2.007","2021-03-09 19:15:00"
"421920",34,"2.248","2021-03-09 19:30:00"
"422158",34,"0.41000000000000003","2021-03-09 19:45:00"
"421862",34,"0.23","2021-07-02 05:45:00"
"422092",34,"0","2021-07-02 06:00:00"
"421925",34,"2.114","2021-05-21 23:15:00"
"422125",34,"2.684","2021-05-21 23:30:00"
"422328",34,"1.5899999999999999","2021-03-09 20:00:00"
"422337",34,"0","2021-04-12 07:30:00"
"422748",34,"2.511","2021-05-22 00:15:00"
"423833",34,"2.224","2021-05-22 00:30:00"
"422774",34,"0","2021-04-12 08:00:00"
"422953",34,"0","2021-04-12 08:15:00"
"423926",34,"0","2021-07-02 07:15:00"
"424049",34,"0","2021-07-02 07:30:00"
"423056",34,"1.783","2021-03-09 21:00:00"
"423152",34,"0.42","2021-03-09 21:15:00"
"423261",34,"1.767","2021-03-09 21:30:00"
"423741",34,"0.85","2021-04-12 11:00:00"
"425037",34,"0.32","2021-04-12 11:15:00"
"425226",34,"0.06","2021-04-12 11:30:00"
"423905",34,"3.001","2021-05-22 00:45:00"
"424005",34,"2.262","2021-05-22 01:00:00"
"424119",34,"1.5779999999999998","2021-05-22 01:15:00"
"424165",34,"1.9729999999999999","2021-03-09 21:45:00"
"424314",34,"0.4","2021-03-09 22:00:00"
"424507",34,"0","2021-03-09 22:15:00"
"424301",34,"1.019","2021-05-22 01:30:00"
"424446",34,"0.05","2021-05-22 01:45:00"
"424960",34,"0.15","2021-03-09 23:00:00"
"425141",34,"0","2021-03-09 23:15:00"
"425407",34,"0","2021-03-09 23:30:00"
"425125",34,"0.91","2021-05-22 02:45:00"
"425307",34,"2.988","2021-05-22 03:00:00"
"425272",34,"0","2021-07-02 09:15:00"
"425481",34,"0","2021-07-02 09:30:00"
"425455",34,"1.3719999999999999","2021-04-12 11:45:00"
"425654",34,"1.6360000000000001","2021-04-12 12:00:00"
"426039",34,"0","2021-03-10 00:15:00"
"426243",34,"0","2021-03-10 00:30:00"
"426477",34,"0","2021-03-10 00:45:00"
"426188",34,"2.758","2021-05-22 04:00:00"
"426380",34,"2.414","2021-05-22 04:15:00"
"426359",34,"1.564","2021-07-02 10:30:00"
"426571",34,"2.222","2021-07-02 10:45:00"
"426527",34,"2.488","2021-04-12 13:00:00"
"426719",34,"3.586","2021-04-12 13:15:00"
"427083",34,"0","2021-03-10 01:30:00"
"427231",34,"0","2021-03-10 01:45:00"
"427353",34,"0","2021-03-10 02:00:00"
"427828",34,"1.334","2021-07-02 11:45:00"
"427980",34,"1.229","2021-07-02 12:00:00"
"427419",34,"2.294","2021-04-12 14:15:00"
"427497",34,"2.338","2021-04-12 14:30:00"
"427464",34,"0","2021-03-10 02:15:00"
"428003",34,"0","2021-03-10 02:30:00"
"428738",34,"0","2021-03-10 03:30:00"
"428943",34,"0","2021-03-10 03:45:00"
"429166",34,"0.8","2021-03-10 04:00:00"
"428741",34,"2.169","2021-05-22 06:30:00"
"428952",34,"2.584","2021-05-22 06:45:00"
"429183",34,"1.439","2021-05-22 07:00:00"
"429244",34,"0.35000000000000003","2021-04-12 16:45:00"
"429425",34,"0.88","2021-04-12 17:00:00"
"429652",34,"0.59","2021-04-12 17:15:00"
"429182",34,"1.093","2021-07-02 13:30:00"
"429417",34,"0.52","2021-07-02 13:45:00"
"429577",34,"0.7000000000000001","2021-07-02 14:00:00"
"430925",34,"0","2021-03-10 06:00:00"
"431148",34,"0","2021-03-10 06:15:00"
"431336",34,"0","2021-03-10 06:30:00"
"430972",34,"0.22","2021-07-02 15:30:00"
"431204",34,"1.847","2021-07-02 15:45:00"
"431382",34,"0.33","2021-07-02 16:00:00"
"431360",34,"0.77","2021-04-12 19:15:00"
"431498",34,"1.082","2021-04-12 19:30:00"
"431631",34,"1.5110000000000001","2021-04-12 19:45:00"
"431490",34,"0","2021-03-10 06:45:00"
"432767",34,"0","2021-03-10 07:00:00"
"432511",34,"1.828","2021-07-02 18:00:00"
"432676",34,"1.478","2021-07-02 18:15:00"
"432833",34,"1.6880000000000002","2021-07-02 18:30:00"
"432771",34,"1.463","2021-04-12 22:30:00"
"432926",34,"1.818","2021-04-12 22:45:00"
"433153",34,"1.824","2021-04-12 23:00:00"
"433035",34,"1.403","2021-07-02 18:45:00"
"433243",34,"1.568","2021-07-02 19:00:00"
"433049",34,"0","2021-03-10 07:15:00"
"433236",34,"0","2021-03-10 07:30:00"
"433487",34,"0.9","2021-03-10 07:45:00"
"434260",34,"0.89","2021-03-10 08:30:00"
"434466",34,"1.557","2021-03-10 08:45:00"
"434672",34,"1.729","2021-03-10 09:00:00"
"434445",34,"0","2021-04-13 00:30:00"
"434644",34,"0","2021-04-13 00:45:00"
"434683",34,"2.484","2021-07-02 20:45:00"
"434870",34,"2.535","2021-07-02 21:00:00"
"434844",34,"4.276","2021-05-22 12:15:00"
"434965",34,"3.983","2021-05-22 12:30:00"
"435066",34,"3.702","2021-05-22 12:45:00"
"435833",34,"2.43","2021-07-02 21:15:00"
"435887",34,"2.628","2021-07-02 21:30:00"
"435941",34,"2.268","2021-07-02 21:45:00"
"435995",34,"1.608","2021-07-02 22:00:00"
"436049",34,"1.487","2021-07-02 22:15:00"
"436103",34,"2.194","2021-07-02 22:30:00"
"436184",34,"2.571","2021-07-02 22:45:00"
"436269",34,"2.553","2021-07-02 23:00:00"
"436341",34,"2.247","2021-07-02 23:15:00"
"436424",34,"2.46","2021-07-02 23:30:00"
"439805",34,"2.2439999999999998","2021-07-03 01:45:00"
"439859",34,"1.99","2021-07-03 02:00:00"
"439913",34,"1.9460000000000002","2021-07-03 02:15:00"
"437716",34,"2.741","2021-04-13 03:00:00"
"437862",34,"3.086","2021-04-13 03:15:00"
"438044",34,"2.424","2021-04-13 03:30:00"
"437742",34,"1.258","2021-03-10 14:00:00"
"437824",34,"1.778","2021-03-10 14:15:00"
"437929",34,"1.6760000000000002","2021-03-10 14:30:00"
"438047",34,"1.823","2021-03-10 14:45:00"
"438152",34,"1.991","2021-03-10 15:00:00"
"439220",34,"2.4130000000000003","2021-04-13 05:30:00"
"440422",34,"2.025","2021-04-13 05:45:00"
"440543",34,"2.578","2021-04-13 06:00:00"
"439275",34,"3.027","2021-05-22 16:30:00"
"439343",34,"3.184","2021-05-22 16:45:00"
"439397",34,"2.92","2021-05-22 17:00:00"
"439451",34,"3.651","2021-05-22 17:15:00"
"439505",34,"4.205","2021-05-22 17:30:00"
"439559",34,"3.3890000000000002","2021-05-22 17:45:00"
"439613",34,"3.032","2021-05-22 18:00:00"
"439667",34,"2.657","2021-05-22 18:15:00"
"440936",34,"3.776","2021-04-13 06:45:00"
"441064",34,"3.66","2021-04-13 07:00:00"
"441181",34,"3.8040000000000003","2021-04-13 07:15:00"
"441162",34,"2.299","2021-03-10 16:30:00"
"441266",34,"2.42","2021-03-10 16:45:00"
"441353",34,"1.313","2021-03-10 17:00:00"
"441217",34,"2.173","2021-07-03 06:15:00"
"443831",34,"2.011","2021-07-03 06:30:00"
"441354",34,"3.697","2021-04-13 07:30:00"
"441506",34,"3.65","2021-04-13 07:45:00"
"442592",34,"3.9859999999999998","2021-04-13 09:30:00"
"442655",34,"3.849","2021-04-13 09:45:00"
"442738",34,"3.621","2021-04-13 10:00:00"
"442852",34,"3.387","2021-04-13 10:15:00"
"445817",34,"2.823","2021-04-13 10:30:00"
"442778",34,"2.8040000000000003","2021-05-22 19:00:00"
"442880",34,"3.286","2021-05-22 19:15:00"
"442937",34,"3.453","2021-05-22 19:30:00"
"442991",34,"3.186","2021-05-22 19:45:00"
"443045",34,"3.102","2021-05-22 20:00:00"
"445871",34,"2.954","2021-04-13 10:45:00"
"445981",34,"2.862","2021-04-13 11:00:00"
"445933",34,"2.734","2021-05-22 23:30:00"
"446008",34,"1.7429999999999999","2021-05-22 23:45:00"
"446086",34,"2.848","2021-05-23 00:00:00"
"446140",34,"2.9619999999999997","2021-04-13 11:15:00"
"446287",34,"2.922","2021-04-13 11:30:00"
"446443",34,"3.029","2021-04-13 11:45:00"
"446174",34,"2.35","2021-05-23 00:15:00"
"446261",34,"0.48","2021-05-23 00:30:00"
"448071",34,"0","2021-03-11 02:45:00"
"448125",34,"0","2021-03-11 03:00:00"
"448179",34,"0","2021-03-11 03:15:00"
"448233",34,"0","2021-03-11 03:30:00"
"448287",34,"0","2021-03-11 03:45:00"
"448341",34,"0","2021-03-11 04:00:00"
"448396",34,"0","2021-03-11 04:15:00"
"448539",34,"0","2021-03-11 04:30:00"
"448519",34,"0.86","2021-07-03 11:15:00"
"448594",34,"1.326","2021-07-03 11:30:00"
"448674",34,"1.796","2021-07-03 11:45:00"
"450313",34,"2.063","2021-05-23 06:30:00"
"450367",34,"1.7389999999999999","2021-05-23 06:45:00"
"450421",34,"2.373","2021-05-23 07:00:00"
"450475",34,"2.088","2021-05-23 07:15:00"
"450680",34,"2.976","2021-05-23 07:30:00"
"450583",34,"1.565","2021-04-13 15:15:00"
"450637",34,"2.022","2021-04-13 15:30:00"
"450733",34,"1.737","2021-04-13 15:45:00"
"450872",34,"2.492","2021-04-13 16:00:00"
"451026",34,"3.263","2021-04-13 16:15:00"
"453111",34,"1.227","2021-03-11 10:15:00"
"453276",34,"1.189","2021-03-11 10:30:00"
"455799",34,"1.871","2021-03-11 10:45:00"
"453203",34,"0.1","2021-07-03 17:45:00"
"453281",34,"0.01","2021-07-03 18:00:00"
"453369",34,"0.4","2021-07-03 18:15:00"
"453423",34,"1.403","2021-07-03 18:30:00"
"453515",34,"1.5979999999999999","2021-07-03 18:45:00"
"453543",34,"4.982","2021-04-13 19:45:00"
"453679",34,"5.161","2021-04-13 20:00:00"
"454839",34,"3.446","2021-05-23 11:00:00"
"454946",34,"2.984","2021-05-23 11:15:00"
"455056",34,"3.402","2021-05-23 11:30:00"
"454879",34,"4.883","2021-04-13 22:15:00"
"454985",34,"4.684","2021-04-13 22:30:00"
"455085",34,"5.025","2021-04-13 22:45:00"
"455153",34,"4.152","2021-05-23 11:45:00"
"455260",34,"5.075","2021-05-23 12:00:00"
"455204",34,"5.073","2021-04-13 23:00:00"
"455332",34,"5.08","2021-04-13 23:15:00"
"457521",34,"2.026","2021-07-03 22:45:00"
"457628",34,"1.991","2021-07-03 23:00:00"
"457703",34,"2.232","2021-07-03 23:15:00"
"457746",34,"3.423","2021-04-14 01:30:00"
"457854",34,"3.876","2021-04-14 01:45:00"
"457814",34,"2.404","2021-07-03 23:30:00"
"457919",34,"2.367","2021-07-03 23:45:00"
"457968",34,"4.002","2021-04-14 02:00:00"
"458078",34,"4.235","2021-04-14 02:15:00"
"458232",34,"3.933","2021-04-14 02:30:00"
"459706",34,"3.922","2021-05-23 17:30:00"
"459815",34,"3.5700000000000003","2021-05-23 17:45:00"
"459762",34,"4.446","2021-03-11 15:30:00"
"459867",34,"4.398","2021-03-11 15:45:00"
"459933",34,"4.882","2021-03-11 16:00:00"
"459987",34,"4.9719999999999995","2021-03-11 16:15:00"
"460041",34,"4.327","2021-03-11 16:30:00"
"460095",34,"3.7880000000000003","2021-03-11 16:45:00"
"460149",34,"4.579","2021-03-11 17:00:00"
"461313",34,"0.09","2021-07-04 03:15:00"
"461387",34,"0.42","2021-07-04 03:30:00"
"461476",34,"1.716","2021-07-04 03:45:00"
"461574",34,"1.616","2021-07-04 04:00:00"
"461668",34,"1.8170000000000002","2021-07-04 04:15:00"
"461549",34,"4.438","2021-04-14 05:15:00"
"461675",34,"4.005","2021-04-14 05:30:00"
"461770",34,"3.734","2021-04-14 05:45:00"
"461786",34,"1.34","2021-07-04 04:30:00"
"461876",34,"2.463","2021-04-14 06:00:00"
"461895",34,"0.51","2021-07-04 04:45:00"
"462515",34,"4.148","2021-04-14 08:15:00"
"462569",34,"5.066","2021-04-14 08:30:00"
"462623",34,"5.223","2021-04-14 08:45:00"
"462677",34,"5.022","2021-04-14 09:00:00"
"462731",34,"5.524","2021-04-14 09:15:00"
"465785",34,"4.667","2021-04-14 09:30:00"
"465839",34,"5.36","2021-04-14 09:45:00"
"462797",34,"2.956","2021-05-23 18:00:00"
"462851",34,"2.833","2021-05-23 18:15:00"
"462905",34,"3.019","2021-05-23 18:30:00"
"463499",34,"2.848","2021-05-23 21:15:00"
"463553",34,"3.191","2021-05-23 21:30:00"
"463607",34,"2.693","2021-05-23 21:45:00"
"463661",34,"2.696","2021-05-23 22:00:00"
"463715",34,"2.262","2021-05-23 22:15:00"
"463786",34,"1.744","2021-05-23 22:30:00"
"466823",34,"2.569","2021-05-23 22:45:00"
"466877",34,"2.313","2021-05-23 23:00:00"
"463905",34,"2.218","2021-03-11 20:30:00"
"463959",34,"1.8479999999999999","2021-03-11 20:45:00"
"464013",34,"1.6219999999999999","2021-03-11 21:00:00"
"465069",34,"2.143","2021-07-04 06:45:00"
"465123",34,"2.327","2021-07-04 07:00:00"
"465177",34,"2.192","2021-07-04 07:15:00"
"465231",34,"2.083","2021-07-04 07:30:00"
"465285",34,"1.709","2021-07-04 07:45:00"
"465339",34,"1.623","2021-07-04 08:00:00"
"465393",34,"1.565","2021-07-04 08:15:00"
"465447",34,"1.686","2021-07-04 08:30:00"
"465501",34,"1.966","2021-07-04 08:45:00"
"465555",34,"2.375","2021-07-04 09:00:00"
"465609",34,"3.394","2021-07-04 09:15:00"
"467309",34,"2.07","2021-05-24 01:00:00"
"467363",34,"1.5979999999999999","2021-05-24 01:15:00"
"467417",34,"0.73","2021-05-24 01:30:00"
"467471",34,"0.42","2021-05-24 01:45:00"
"467525",34,"1.176","2021-05-24 02:00:00"
"467608",34,"1.74","2021-05-24 02:15:00"
"467711",34,"0.48","2021-05-24 02:30:00"
"467816",34,"1.689","2021-05-24 02:45:00"
"467751",34,"0","2021-03-12 01:00:00"
"467858",34,"0","2021-03-12 01:15:00"
"468066",34,"0","2021-03-12 01:30:00"
"469640",34,"3.591","2021-04-14 16:30:00"
"469934",34,"3.784","2021-04-14 16:45:00"
"469776",34,"2.814","2021-07-04 13:15:00"
"469882",34,"2.813","2021-07-04 13:30:00"
"469952",34,"3.088","2021-07-04 13:45:00"
"469975",34,"1.2730000000000001","2021-03-12 04:15:00"
"470236",34,"0","2021-03-12 04:30:00"
"471065",34,"2.705","2021-05-24 04:30:00"
"471119",34,"3.216","2021-05-24 04:45:00"
"471173",34,"3.178","2021-05-24 05:00:00"
"471227",34,"2.809","2021-05-24 05:15:00"
"475584",34,"3.749","2021-05-24 10:00:00"
"475680",34,"4.063","2021-05-24 10:15:00"
"475805",34,"3.6790000000000003","2021-05-24 10:30:00"
"475753",34,"2.6109999999999998","2021-03-12 11:45:00"
"475851",34,"2.151","2021-03-12 12:00:00"
"475930",34,"2.843","2021-03-12 12:15:00"
"475966",34,"3.68","2021-05-24 10:45:00"
"476130",34,"3.544","2021-05-24 11:00:00"
"476061",34,"2.661","2021-03-12 12:30:00"
"476239",34,"2.342","2021-03-12 12:45:00"
"476388",34,"3.714","2021-03-12 13:00:00"
"476292",34,"3.169","2021-05-24 11:15:00"
"476442",34,"3.733","2021-05-24 11:30:00"
"476616",34,"3.084","2021-05-24 11:45:00"
"476362",34,"3.012","2021-04-15 00:00:00"
"476531",34,"3.602","2021-04-15 00:15:00"
"476683",34,"3.874","2021-04-15 00:30:00"
"476550",34,"3.5789999999999997","2021-03-12 13:15:00"
"476701",34,"3.758","2021-03-12 13:30:00"
"476788",34,"3.588","2021-05-24 12:00:00"
"476937",34,"4","2021-05-24 12:15:00"
"477830",34,"2.427","2021-07-04 20:15:00"
"477909",34,"2.147","2021-07-04 20:30:00"
"477989",34,"1.952","2021-07-04 20:45:00"
"478077",34,"1.698","2021-07-04 21:00:00"
"478164",34,"2.269","2021-07-04 21:15:00"
"479217",34,"4.048","2021-04-15 04:00:00"
"479301",34,"4.364","2021-04-15 04:15:00"
"478230",34,"2.293","2021-07-04 21:30:00"
"478309",34,"2.252","2021-07-04 21:45:00"
"478363",34,"2.572","2021-07-04 22:00:00"
"478955",34,"1.674","2021-05-24 13:15:00"
"479009",34,"2.899","2021-05-24 13:30:00"
"479063",34,"3.652","2021-05-24 13:45:00"
"479117",34,"3.716","2021-05-24 14:00:00"
"479171",34,"2.598","2021-05-24 14:15:00"
"479237",34,"2.278","2021-05-24 14:30:00"
"479396",34,"2.074","2021-05-24 14:45:00"
"479549",34,"2.409","2021-05-24 15:00:00"
"479383",34,"4.058","2021-04-15 04:30:00"
"479462",34,"3.963","2021-04-15 04:45:00"
"479550",34,"3.106","2021-04-15 05:00:00"
"480859",34,"1.945","2021-04-15 07:30:00"
"481002",34,"2.525","2021-04-15 07:45:00"
"480831",34,"2.143","2021-03-12 16:00:00"
"480959",34,"1.504","2021-03-12 16:15:00"
"481075",34,"2.388","2021-03-12 16:30:00"
"480910",34,"1.866","2021-05-24 17:00:00"
"482838",34,"1.593","2021-05-24 17:15:00"
"482926",34,"0.28","2021-05-24 17:30:00"
"481104",34,"2.414","2021-04-15 08:00:00"
"481217",34,"2.583","2021-04-15 08:15:00"
"481324",34,"3.016","2021-04-15 08:30:00"
"482227",34,"2.172","2021-07-05 02:00:00"
"482281",34,"2.306","2021-07-05 02:15:00"
"482335",34,"2.338","2021-07-05 02:30:00"
"482389",34,"2.348","2021-07-05 02:45:00"
"482443",34,"1.991","2021-07-05 03:00:00"
"482497",34,"1.806","2021-07-05 03:15:00"
"482551",34,"1.827","2021-07-05 03:30:00"
"482605",34,"2.079","2021-07-05 03:45:00"
"482659",34,"2.054","2021-07-05 04:00:00"
"482713",34,"1.941","2021-07-05 04:15:00"
"483540",34,"0.52","2021-05-24 19:00:00"
"483670",34,"1.698","2021-05-24 19:15:00"
"483796",34,"1.6680000000000001","2021-05-24 19:30:00"
"483654",34,"3.35","2021-04-15 10:00:00"
"483860",34,"3.512","2021-04-15 10:15:00"
"483756",34,"2.191","2021-07-05 05:15:00"
"483954",34,"2.169","2021-07-05 05:30:00"
"483917",34,"1.556","2021-05-24 19:45:00"
"484038",34,"1.283","2021-05-24 20:00:00"
"485182",34,"1.9649999999999999","2021-04-15 12:30:00"
"485218",34,"0.74","2021-07-05 07:15:00"
"485265",34,"2.363","2021-04-15 12:45:00"
"485341",34,"1.8980000000000001","2021-04-15 13:00:00"
"485421",34,"1.9769999999999999","2021-04-15 13:15:00"
"485400",34,"0.98","2021-07-05 07:30:00"
"485538",34,"1.143","2021-07-05 07:45:00"
"485494",34,"1.822","2021-03-12 19:15:00"
"485578",34,"1.5550000000000002","2021-03-12 19:30:00"
"485659",34,"0.47000000000000003","2021-03-12 19:45:00"
"486160",34,"0.73","2021-07-05 08:45:00"
"486310",34,"0.87","2021-07-05 09:00:00"
"489581",34,"1.052","2021-07-05 09:15:00"
"486321",34,"1.853","2021-03-12 21:45:00"
"486391",34,"1.853","2021-03-12 22:00:00"
"486467",34,"1.816","2021-03-12 22:15:00"
"486521",34,"1.9460000000000002","2021-03-12 22:30:00"
"486575",34,"1.843","2021-03-12 22:45:00"
"486629",34,"1.6019999999999999","2021-03-12 23:00:00"
"486683",34,"1.783","2021-03-12 23:15:00"
"486737",34,"2.127","2021-03-12 23:30:00"
"487921",34,"1.116","2021-04-15 15:30:00"
"488102",34,"1.764","2021-04-15 15:45:00"
"488039",34,"0","2021-03-13 01:00:00"
"488141",34,"1.377","2021-05-25 00:00:00"
"488212",34,"0","2021-03-13 01:15:00"
"488236",34,"1.482","2021-04-15 16:00:00"
"488379",34,"0.15","2021-04-15 16:15:00"
"488566",34,"0.06","2021-04-15 16:30:00"
"488374",34,"0","2021-03-13 01:30:00"
"488509",34,"0","2021-03-13 01:45:00"
"488345",34,"1.541","2021-05-25 00:15:00"
"488511",34,"1.8359999999999999","2021-05-25 00:30:00"
"488670",34,"1.119","2021-03-13 02:00:00"
"488834",34,"1.562","2021-03-13 02:15:00"
"489023",34,"1.209","2021-03-13 02:30:00"
"488732",34,"0.5700000000000001","2021-04-15 16:45:00"
"488889",34,"0.08","2021-04-15 17:00:00"
"489043",34,"0.12","2021-04-15 17:15:00"
"488668",34,"1.362","2021-05-25 00:45:00"
"488828",34,"0.02","2021-05-25 01:00:00"
"488959",34,"0.26","2021-05-25 01:15:00"
"490117",34,"2.5620000000000003","2021-07-05 10:45:00"
"490171",34,"1.759","2021-07-05 11:00:00"
"490225",34,"1.746","2021-07-05 11:15:00"
"490279",34,"1.6680000000000001","2021-07-05 11:30:00"
"490333",34,"2.371","2021-07-05 11:45:00"
"490387",34,"2.184","2021-07-05 12:00:00"
"490441",34,"1.935","2021-07-05 12:15:00"
"490495",34,"1.687","2021-07-05 12:30:00"
"490549",34,"1.879","2021-07-05 12:45:00"
"490603",34,"1.5110000000000001","2021-07-05 13:00:00"
"492283",34,"2.783","2021-04-15 20:00:00"
"492528",34,"2.482","2021-04-15 20:15:00"
"492351",34,"1.536","2021-03-13 06:30:00"
"492573",34,"1.337","2021-03-13 06:45:00"
"492818",34,"2.184","2021-03-13 07:00:00"
"492352",34,"2.583","2021-05-25 05:15:00"
"492456",34,"2.437","2021-05-25 05:30:00"
"492585",34,"1.937","2021-05-25 05:45:00"
"492796",34,"1.415","2021-05-25 06:00:00"
"492965",34,"1.528","2021-05-25 06:15:00"
"493452",34,"1.842","2021-04-15 21:15:00"
"493613",34,"1.783","2021-04-15 21:30:00"
"493499",34,"1.012","2021-03-13 07:45:00"
"493640",34,"0.61","2021-03-13 08:00:00"
"493830",34,"0.97","2021-03-13 08:15:00"
"493722",34,"0.58","2021-07-05 15:15:00"
"493831",34,"1.037","2021-07-05 15:30:00"
"493806",34,"1.991","2021-04-15 21:45:00"
"493990",34,"1.925","2021-04-15 22:00:00"
"494181",34,"1.6520000000000001","2021-04-15 22:15:00"
"495005",34,"1.155","2021-05-25 08:00:00"
"495059",34,"0.58","2021-05-25 08:15:00"
"495113",34,"0","2021-05-25 08:30:00"
"495167",34,"0.6000000000000001","2021-05-25 08:45:00"
"495221",34,"1.113","2021-05-25 09:00:00"
"495275",34,"1.638","2021-05-25 09:15:00"
"495329",34,"2.013","2021-05-25 09:30:00"
"495383",34,"2.341","2021-05-25 09:45:00"
"495437",34,"2.442","2021-05-25 10:00:00"
"495491",34,"1.518","2021-05-25 10:15:00"
"495545",34,"1.2810000000000001","2021-05-25 10:30:00"
"495599",34,"0.61","2021-05-25 10:45:00"
"495653",34,"2.39","2021-05-25 11:00:00"
"495707",34,"2.624","2021-05-25 11:15:00"
"495761",34,"3.016","2021-05-25 11:30:00"
"495789",34,"1.983","2021-03-13 09:00:00"
"495843",34,"2.771","2021-03-13 09:15:00"
"495897",34,"3.122","2021-03-13 09:30:00"
"495951",34,"3.151","2021-03-13 09:45:00"
"496005",34,"2.472","2021-03-13 10:00:00"
"497369",34,"2.831","2021-04-16 00:30:00"
"497480",34,"2.516","2021-04-16 00:45:00"
"497320",34,"0.67","2021-07-05 19:30:00"
"497609",34,"0.49","2021-07-05 19:45:00"
"497751",34,"0.99","2021-07-05 20:00:00"
"497517",34,"3.034","2021-03-13 13:30:00"
"499815",34,"1.838","2021-03-13 13:45:00"
"499877",34,"1.096","2021-03-13 14:00:00"
"497591",34,"2.184","2021-04-16 01:00:00"
"497679",34,"2.319","2021-04-16 01:15:00"
"497764",34,"2.412","2021-04-16 01:30:00"
"498268",34,"1.7570000000000001","2021-04-16 03:00:00"
"500455",34,"2.438","2021-04-16 03:15:00"
"498439",34,"1.427","2021-07-05 21:30:00"
"498493",34,"1.5110000000000001","2021-07-05 21:45:00"
"498547",34,"1.947","2021-07-05 22:00:00"
"498601",34,"1.798","2021-07-05 22:15:00"
"498655",34,"1.177","2021-07-05 22:30:00"
"498709",34,"1.228","2021-07-05 22:45:00"
"498763",34,"1.163","2021-07-05 23:00:00"
"499926",34,"1.764","2021-07-05 23:15:00"
"499980",34,"2.813","2021-03-13 14:15:00"
"500089",34,"1.796","2021-03-13 14:30:00"
"500043",34,"1.698","2021-07-05 23:30:00"
"500154",34,"1.412","2021-07-05 23:45:00"
"500203",34,"2.598","2021-03-13 14:45:00"
"500314",34,"1.795","2021-03-13 15:00:00"
"500432",34,"1.7530000000000001","2021-03-13 15:15:00"
"500251",34,"1.713","2021-07-06 00:00:00"
"500361",34,"2.293","2021-07-06 00:15:00"
"500514",34,"2.618","2021-07-06 00:30:00"
"501216",34,"2.318","2021-03-13 16:30:00"
"501376",34,"1.473","2021-03-13 16:45:00"
"458948",34,"3.934","2021-04-14 04:00:00"
"459044",34,"3.727","2021-04-14 04:15:00"
"459125",34,"4.237","2021-04-14 04:30:00"
"460203",34,"5.189","2021-03-11 17:15:00"
"460257",34,"3.857","2021-03-11 17:30:00"
"460311",34,"4.199","2021-03-11 17:45:00"
"460365",34,"3.951","2021-03-11 18:00:00"
"460419",34,"2.871","2021-03-11 18:15:00"
"460473",34,"3.118","2021-03-11 18:30:00"
"460527",34,"2.648","2021-03-11 18:45:00"
"460581",34,"2.465","2021-03-11 19:00:00"
"460635",34,"2.406","2021-03-11 19:15:00"
"460689",34,"2.488","2021-03-11 19:30:00"
"460743",34,"2.652","2021-03-11 19:45:00"
"463784",34,"2.835","2021-03-11 20:00:00"
"463851",34,"2.533","2021-03-11 20:15:00"
"460935",34,"1.447","2021-07-04 01:30:00"
"460989",34,"2.153","2021-07-04 01:45:00"
"461043",34,"2.118","2021-07-04 02:00:00"
"461097",34,"2.032","2021-07-04 02:15:00"
"461151",34,"1.703","2021-07-04 02:30:00"
"461205",34,"1.714","2021-07-04 02:45:00"
"461259",34,"1.141","2021-07-04 03:00:00"
"461997",34,"1.459","2021-07-04 05:00:00"
"462105",34,"1.9220000000000002","2021-07-04 05:15:00"
"461990",34,"3.058","2021-04-14 06:15:00"
"462098",34,"3.51","2021-04-14 06:30:00"
"462191",34,"3.151","2021-04-14 06:45:00"
"462245",34,"3.363","2021-04-14 07:00:00"
"462299",34,"3.152","2021-04-14 07:15:00"
"462353",34,"3.373","2021-04-14 07:30:00"
"462407",34,"3.279","2021-04-14 07:45:00"
"462461",34,"3.176","2021-04-14 08:00:00"
"465663",34,"3.998","2021-07-04 09:30:00"
"465717",34,"4.053","2021-07-04 09:45:00"
"465771",34,"3.501","2021-07-04 10:00:00"
"468058",34,"3.078","2021-07-04 10:15:00"
"468211",34,"3.451","2021-07-04 10:30:00"
"465893",34,"4.991","2021-04-14 10:00:00"
"465947",34,"5.915","2021-04-14 10:15:00"
"466001",34,"5.123","2021-04-14 10:30:00"
"466055",34,"5.292","2021-04-14 10:45:00"
"466109",34,"5.625","2021-04-14 11:00:00"
"466758",34,"3.972","2021-04-14 14:00:00"
"468056",34,"2.934","2021-04-14 14:15:00"
"466931",34,"0.39","2021-05-23 23:15:00"
"466985",34,"0.75","2021-05-23 23:30:00"
"467039",34,"2.1390000000000002","2021-05-23 23:45:00"
"467093",34,"0.01","2021-05-24 00:00:00"
"467147",34,"1.6440000000000001","2021-05-24 00:15:00"
"467201",34,"1.272","2021-05-24 00:30:00"
"467255",34,"0.87","2021-05-24 00:45:00"
"468557",34,"0.13","2021-03-12 02:15:00"
"468726",34,"1.229","2021-03-12 02:30:00"
"468889",34,"1.748","2021-03-12 02:45:00"
"468674",34,"3.763","2021-04-14 15:15:00"
"468866",34,"2.888","2021-04-14 15:30:00"
"468721",34,"3.315","2021-07-04 11:15:00"
"468855",34,"2.911","2021-07-04 11:30:00"
"469011",34,"3.418","2021-07-04 11:45:00"
"469044",34,"1.912","2021-03-12 03:00:00"
"469181",34,"1.309","2021-03-12 03:15:00"
"470069",34,"3.668","2021-04-14 17:00:00"
"470212",34,"3.6029999999999998","2021-04-14 17:15:00"
"470342",34,"3.656","2021-04-14 17:30:00"
"470361",34,"2.009","2021-07-04 14:30:00"
"473166",34,"2.58","2021-07-04 14:45:00"
"473287",34,"2.6470000000000002","2021-07-04 15:00:00"
"470467",34,"3.218","2021-04-14 17:45:00"
"470553",34,"3.154","2021-04-14 18:00:00"
"470488",34,"0.42","2021-03-12 04:45:00"
"470623",34,"1.484","2021-03-12 05:00:00"
"471348",34,"0.8","2021-03-12 05:15:00"
"471281",34,"1.936","2021-05-24 05:30:00"
"471352",34,"1.9140000000000001","2021-05-24 05:45:00"
"471508",34,"1.8820000000000001","2021-05-24 06:00:00"
"471434",34,"1.2850000000000001","2021-03-12 05:30:00"
"471513",34,"2.136","2021-03-12 05:45:00"
"471694",34,"1.996","2021-05-24 06:15:00"
"471861",34,"2.221","2021-05-24 06:30:00"
"471586",34,"1.983","2021-03-12 06:00:00"
"471663",34,"0.47000000000000003","2021-03-12 06:15:00"
"471745",34,"0.89","2021-03-12 06:30:00"
"472477",34,"1.468","2021-03-12 08:45:00"
"472602",34,"1.31","2021-03-12 09:00:00"
"472490",34,"1.167","2021-05-24 07:30:00"
"472580",34,"2.158","2021-05-24 07:45:00"
"472659",34,"1.033","2021-03-12 09:15:00"
"472713",34,"1.443","2021-03-12 09:30:00"
"472767",34,"2.17","2021-03-12 09:45:00"
"472837",34,"2.988","2021-04-14 19:00:00"
"472891",34,"3.039","2021-04-14 19:15:00"
"472945",34,"3.398","2021-04-14 19:30:00"
"473561",34,"5.476","2021-04-14 21:30:00"
"473664",34,"4.057","2021-04-14 21:45:00"
"473771",34,"3.484","2021-04-14 22:00:00"
"473663",34,"2.797","2021-07-04 15:45:00"
"473772",34,"2.625","2021-07-04 16:00:00"
"473886",34,"3.154","2021-07-04 16:15:00"
"473873",34,"3.672","2021-04-14 22:15:00"
"473975",34,"3.793","2021-04-14 22:30:00"
"474001",34,"1.832","2021-07-04 16:30:00"
"474143",34,"2.827","2021-07-04 16:45:00"
"474066",34,"3.8449999999999998","2021-04-14 22:45:00"
"474153",34,"3.5380000000000003","2021-04-14 23:00:00"
"474240",34,"2.682","2021-04-14 23:15:00"
"474283",34,"2.563","2021-07-04 17:00:00"
"474337",34,"2.51","2021-07-04 17:15:00"
"474391",34,"2.117","2021-07-04 17:30:00"
"476041",34,"3.212","2021-04-14 23:30:00"
"476192",34,"3.599","2021-04-14 23:45:00"
"474445",34,"2.422","2021-07-04 17:45:00"
"474499",34,"2.322","2021-07-04 18:00:00"
"475130",34,"1.9889999999999999","2021-05-24 08:45:00"
"475216",34,"1.592","2021-05-24 09:00:00"
"475308",34,"2.079","2021-05-24 09:15:00"
"475134",34,"3.874","2021-03-12 10:30:00"
"475268",34,"3.049","2021-03-12 10:45:00"
"475410",34,"2.846","2021-03-12 11:00:00"
"475396",34,"2.122","2021-05-24 09:30:00"
"475483",34,"3.23","2021-05-24 09:45:00"
"475536",34,"3.032","2021-03-12 11:15:00"
"475663",34,"2.947","2021-03-12 11:30:00"
"476846",34,"3.582","2021-04-15 00:45:00"
"477013",34,"4.329","2021-04-15 01:00:00"
"477136",34,"4.309","2021-04-15 01:15:00"
"476874",34,"3.401","2021-03-12 13:45:00"
"477035",34,"2.898","2021-03-12 14:00:00"
"477152",34,"3.423","2021-03-12 14:15:00"
"477241",34,"4.947","2021-04-15 01:30:00"
"477295",34,"4.249","2021-04-15 01:45:00"
"479905",34,"3.154","2021-03-12 14:30:00"
"480052",34,"3.5620000000000003","2021-03-12 14:45:00"
"478417",34,"2.261","2021-07-04 22:15:00"
"478471",34,"2.005","2021-07-04 22:30:00"
"478525",34,"2.019","2021-07-04 22:45:00"
"478579",34,"2.125","2021-07-04 23:00:00"
"478633",34,"2.141","2021-07-04 23:15:00"
"478687",34,"2.187","2021-07-04 23:30:00"
"478741",34,"1.859","2021-07-04 23:45:00"
"478793",34,"3.002","2021-05-24 12:30:00"
"478847",34,"2.738","2021-05-24 12:45:00"
"478901",34,"1.051","2021-05-24 13:00:00"
"480200",34,"2.564","2021-03-12 15:00:00"
"480299",34,"2.88","2021-04-15 06:30:00"
"480354",34,"3.182","2021-03-12 15:15:00"
"480437",34,"3.178","2021-04-15 06:45:00"
"480574",34,"2.569","2021-04-15 07:00:00"
"480696",34,"2.606","2021-04-15 07:15:00"
"480498",34,"2.062","2021-03-12 15:30:00"
"480654",34,"2.544","2021-03-12 15:45:00"
"480507",34,"3.063","2021-05-24 16:30:00"
"480760",34,"2.296","2021-05-24 16:45:00"
"481179",34,"2.324","2021-03-12 16:45:00"
"481287",34,"1.748","2021-03-12 17:00:00"
"482854",34,"3.941","2021-04-15 08:45:00"
"482984",34,"3.749","2021-04-15 09:00:00"
"481387",34,"0.78","2021-03-12 17:15:00"
"481441",34,"1.019","2021-03-12 17:30:00"
"481495",34,"0.18","2021-03-12 17:45:00"
"481549",34,"1.343","2021-03-12 18:00:00"
"481603",34,"1.434","2021-03-12 18:15:00"
"482767",34,"1.9969999999999999","2021-07-05 04:30:00"
"483395",34,"2.103","2021-07-05 04:45:00"
"483586",34,"2.209","2021-07-05 05:00:00"
"483021",34,"0.36","2021-05-24 17:45:00"
"483111",34,"1.983","2021-05-24 18:00:00"
"483121",34,"3.5140000000000002","2021-04-15 09:15:00"
"483272",34,"3.912","2021-04-15 09:30:00"
"483468",34,"3.834","2021-04-15 09:45:00"
"483198",34,"2.035","2021-05-24 18:15:00"
"483299",34,"1.947","2021-05-24 18:30:00"
"483422",34,"0.62","2021-05-24 18:45:00"
"484064",34,"3.202","2021-04-15 10:30:00"
"484237",34,"3.8369999999999997","2021-04-15 10:45:00"
"484408",34,"3.641","2021-04-15 11:00:00"
"484157",34,"0.77","2021-05-24 20:15:00"
"484273",34,"0.44","2021-05-24 20:30:00"
"484422",34,"2.534","2021-05-24 20:45:00"
"484153",34,"2.178","2021-07-05 05:45:00"
"484351",34,"1.651","2021-07-05 06:00:00"
"484508",34,"1.7469999999999999","2021-07-05 06:15:00"
"484569",34,"2.721","2021-05-24 21:00:00"
"484727",34,"2.673","2021-05-24 21:15:00"
"485686",34,"1.367","2021-07-05 08:00:00"
"485813",34,"1.317","2021-07-05 08:15:00"
"485979",34,"1.135","2021-07-05 08:30:00"
"485743",34,"1.337","2021-03-12 20:00:00"
"485844",34,"1.304","2021-03-12 20:15:00"
"485921",34,"1.984","2021-03-12 20:30:00"
"486000",34,"1.807","2021-03-12 20:45:00"
"486078",34,"0.62","2021-03-12 21:00:00"
"486154",34,"0.97","2021-03-12 21:15:00"
"486240",34,"1.569","2021-03-12 21:30:00"
"487341",34,"2.279","2021-05-24 22:45:00"
"487529",34,"2.269","2021-05-24 23:00:00"
"487677",34,"2.053","2021-05-24 23:15:00"
"487417",34,"2.239","2021-04-15 14:45:00"
"487563",34,"1.473","2021-04-15 15:00:00"
"487747",34,"1.476","2021-04-15 15:15:00"
"487579",34,"1.626","2021-03-13 00:15:00"
"487728",34,"1.467","2021-03-13 00:30:00"
"487875",34,"0","2021-03-13 00:45:00"
"487844",34,"1.482","2021-05-24 23:30:00"
"488001",34,"1.435","2021-05-24 23:45:00"
"489196",34,"0.6000000000000001","2021-04-15 17:30:00"
"489376",34,"1.134","2021-04-15 17:45:00"
"489168",34,"0.11","2021-03-13 02:45:00"
"489315",34,"0","2021-03-13 03:00:00"
"489164",34,"1.601","2021-05-25 01:30:00"
"489323",34,"1.7269999999999999","2021-05-25 01:45:00"
"489473",34,"1.83","2021-05-25 02:00:00"
"489478",34,"1.313","2021-03-13 03:15:00"
"489602",34,"1.49","2021-03-13 03:30:00"
"489734",34,"1.5819999999999999","2021-03-13 03:45:00"
"490657",34,"1.63","2021-07-05 13:15:00"
"490711",34,"1.248","2021-07-05 13:30:00"
"490765",34,"1.296","2021-07-05 13:45:00"
"492643",34,"1.219","2021-07-05 14:00:00"
"492816",34,"1.484","2021-07-05 14:15:00"
"490877",34,"2.209","2021-04-15 18:00:00"
"491021",34,"1.651","2021-04-15 18:15:00"
"491172",34,"1.917","2021-04-15 18:30:00"
"490917",34,"0","2021-03-13 04:30:00"
"491070",34,"0.33","2021-03-13 04:45:00"
"491256",34,"1.155","2021-03-13 05:00:00"
"491031",34,"0","2021-05-25 02:45:00"
"491174",34,"0.5700000000000001","2021-05-25 03:00:00"
"491326",34,"1.315","2021-05-25 03:15:00"
"491346",34,"1.4929999999999999","2021-04-15 18:45:00"
"491531",34,"1.3980000000000001","2021-04-15 19:00:00"
"491416",34,"1.264","2021-03-13 05:15:00"
"491580",34,"0.8200000000000001","2021-03-13 05:30:00"
"491751",34,"0.99","2021-03-13 05:45:00"
"491468",34,"1.249","2021-05-25 03:30:00"
"491616",34,"1.198","2021-05-25 03:45:00"
"492800",34,"2.113","2021-04-15 20:30:00"
"493022",34,"1.722","2021-04-15 20:45:00"
"493222",34,"1.462","2021-04-15 21:00:00"
"493045",34,"2.173","2021-03-13 07:15:00"
"493302",34,"1.293","2021-03-13 07:30:00"
"493075",34,"1.6720000000000002","2021-07-05 14:30:00"
"493369",34,"1.7469999999999999","2021-07-05 14:45:00"
"493550",34,"0.98","2021-07-05 15:00:00"
"493153",34,"1.9729999999999999","2021-05-25 06:30:00"
"493281",34,"2.48","2021-05-25 06:45:00"
"494789",34,"2.213","2021-05-25 07:00:00"
"494467",34,"1.056","2021-07-05 17:00:00"
"494521",34,"0.17","2021-07-05 17:15:00"
"494575",34,"1.373","2021-07-05 17:30:00"
"494629",34,"1.276","2021-07-05 17:45:00"
"494683",34,"1.412","2021-07-05 18:00:00"
"494737",34,"1.514","2021-07-05 18:15:00"
"496365",34,"1.252","2021-07-05 18:30:00"
"496602",34,"1.215","2021-07-05 18:45:00"
"494843",34,"2.582","2021-05-25 07:15:00"
"494897",34,"2.037","2021-05-25 07:30:00"
"494951",34,"1.698","2021-05-25 07:45:00"
"496059",34,"2.456","2021-03-13 10:15:00"
"496113",34,"2.3890000000000002","2021-03-13 10:30:00"
"496167",34,"2.644","2021-03-13 10:45:00"
"496221",34,"2.306","2021-03-13 11:00:00"
"496292",34,"2.236","2021-03-13 11:15:00"
"496408",34,"2.192","2021-03-13 11:30:00"
"496539",34,"1.927","2021-03-13 11:45:00"
"496631",34,"1.361","2021-03-13 12:00:00"
"496707",34,"3.482","2021-04-15 23:15:00"
"496815",34,"3.376","2021-04-15 23:30:00"
"497846",34,"1.962","2021-04-16 01:45:00"
"497932",34,"1.876","2021-04-16 02:00:00"
"497903",34,"0.48","2021-07-05 20:15:00"
"498040",34,"0.36","2021-07-05 20:30:00"
"498178",34,"1.245","2021-07-05 20:45:00"
"498024",34,"1.867","2021-04-16 02:15:00"
"498116",34,"0","2021-04-16 02:30:00"
"498198",34,"1.226","2021-04-16 02:45:00"
"498331",34,"2.752","2021-07-05 21:00:00"
"498385",34,"2.086","2021-07-05 21:15:00"
"498815",34,"3","2021-05-25 11:45:00"
"498869",34,"2.794","2021-05-25 12:00:00"
"498923",34,"1.976","2021-05-25 12:15:00"
"498977",34,"1.798","2021-05-25 12:30:00"
"499031",34,"1.384","2021-05-25 12:45:00"
"499085",34,"1.213","2021-05-25 13:00:00"
"499139",34,"1.416","2021-05-25 13:15:00"
"499193",34,"1.941","2021-05-25 13:30:00"
"499247",34,"1.804","2021-05-25 13:45:00"
"499301",34,"0.6900000000000001","2021-05-25 14:00:00"
"500591",34,"2.135","2021-03-13 15:30:00"
"500716",34,"1.653","2021-03-13 15:45:00"
"500617",34,"2.242","2021-04-16 03:30:00"
"500808",34,"2.226","2021-04-16 03:45:00"
"500960",34,"2.102","2021-04-16 04:00:00"
"501274",34,"2.01","2021-04-16 04:30:00"
"501431",34,"2.335","2021-04-16 04:45:00"
"501180",34,"1.7149999999999999","2021-07-06 01:30:00"
"501343",34,"1.611","2021-07-06 01:45:00"
"501511",34,"0.62","2021-07-06 02:00:00"
"501521",34,"2.513","2021-03-13 17:00:00"
"501671",34,"2.5460000000000003","2021-03-13 17:15:00"
"501869",34,"2.674","2021-03-13 17:30:00"
"506107",34,"0","2021-07-06 06:15:00"
"506205",34,"0.5","2021-07-06 06:30:00"
"506169",34,"1.393","2021-04-16 11:30:00"
"506273",34,"0.93","2021-04-16 11:45:00"
"506368",34,"1.377","2021-04-16 12:00:00"
"506330",34,"1.311","2021-07-06 06:45:00"
"506447",34,"0.98","2021-07-06 07:00:00"
"506543",34,"1.068","2021-07-06 07:15:00"
"506468",34,"1.001","2021-04-16 12:15:00"
"507834",34,"1.619","2021-04-16 12:30:00"
"507946",34,"0.79","2021-04-16 12:45:00"
"507731",34,"0.67","2021-05-26 01:15:00"
"509967",34,"1.1360000000000001","2021-05-26 01:30:00"
"507833",34,"1.646","2021-03-13 23:00:00"
"507936",34,"1.3780000000000001","2021-03-13 23:15:00"
"508052",34,"1.62","2021-03-13 23:30:00"
"508047",34,"1.1","2021-04-16 13:00:00"
"508129",34,"1.091","2021-04-16 13:15:00"
"508185",34,"1.9580000000000002","2021-03-13 23:45:00"
"508285",34,"2.054","2021-03-14 00:00:00"
"508245",34,"1.3940000000000001","2021-04-16 13:30:00"
"508366",34,"1.173","2021-04-16 13:45:00"
"508472",34,"2.169","2021-04-16 14:00:00"
"508385",34,"2","2021-03-14 00:15:00"
"508490",34,"1.663","2021-03-14 00:30:00"
"508579",34,"3.237","2021-03-14 00:45:00"
"508600",34,"1.804","2021-04-16 14:15:00"
"508686",34,"4.713","2021-04-16 14:30:00"
"508709",34,"3.932","2021-03-14 01:00:00"
"508817",34,"3.162","2021-03-14 01:15:00"
"509869",34,"1.272","2021-07-06 08:45:00"
"509923",34,"1.311","2021-07-06 09:00:00"
"510008",34,"1.454","2021-07-06 09:15:00"
"510048",34,"2.326","2021-05-26 01:45:00"
"510117",34,"2.357","2021-05-26 02:00:00"
"510197",34,"2.219","2021-05-26 02:15:00"
"510198",34,"1.276","2021-07-06 09:30:00"
"510348",34,"1.758","2021-07-06 09:45:00"
"510288",34,"2.341","2021-05-26 02:30:00"
"510367",34,"2.525","2021-05-26 02:45:00"
"510994",34,"2.366","2021-07-06 10:45:00"
"511143",34,"1.9580000000000002","2021-07-06 11:00:00"
"511102",34,"0.91","2021-05-26 05:00:00"
"511182",34,"0.71","2021-05-26 05:15:00"
"511260",34,"0.48","2021-05-26 05:30:00"
"511333",34,"0.42","2021-05-26 05:45:00"
"511410",34,"0.54","2021-05-26 06:00:00"
"511324",34,"2.824","2021-07-06 11:15:00"
"511463",34,"3.2439999999999998","2021-07-06 11:30:00"
"511517",34,"2.758","2021-07-06 11:45:00"
"512691",34,"0","2021-04-16 21:15:00"
"512745",34,"0","2021-04-16 21:30:00"
"512947",34,"0.6900000000000001","2021-03-14 04:15:00"
"513001",34,"1.683","2021-03-14 04:30:00"
"513053",34,"1.05","2021-05-26 06:15:00"
"513126",34,"1.141","2021-05-26 06:30:00"
"513196",34,"1.157","2021-05-26 06:45:00"
"513186",34,"1.444","2021-03-14 04:45:00"
"513348",34,"1.146","2021-03-14 05:00:00"
"513499",34,"0.51","2021-03-14 05:15:00"
"514314",34,"1.1360000000000001","2021-05-26 10:00:00"
"514421",34,"1.011","2021-05-26 10:15:00"
"514525",34,"0.47000000000000003","2021-05-26 10:30:00"
"514565",34,"2.333","2021-03-14 07:15:00"
"514649",34,"1.9689999999999999","2021-03-14 07:30:00"
"514703",34,"1.854","2021-03-14 07:45:00"
"517538",34,"0.07","2021-05-26 10:45:00"
"517633",34,"0.32","2021-05-26 11:00:00"
"514757",34,"2.218","2021-03-14 08:00:00"
"514841",34,"2.5140000000000002","2021-07-06 13:15:00"
"514895",34,"2.9859999999999998","2021-07-06 13:30:00"
"515489",34,"2.794","2021-07-06 16:15:00"
"515543",34,"2.718","2021-07-06 16:30:00"
"515597",34,"3.376","2021-07-06 16:45:00"
"515651",34,"4.502","2021-07-06 17:00:00"
"515705",34,"3.461","2021-07-06 17:15:00"
"515764",34,"3.351","2021-07-06 17:30:00"
"518688",34,"2.792","2021-07-06 17:45:00"
"518841",34,"3.073","2021-07-06 18:00:00"
"515799",34,"0","2021-04-16 21:45:00"
"515853",34,"0","2021-04-16 22:00:00"
"515907",34,"0","2021-04-16 22:15:00"
"516973",34,"2.958","2021-03-14 09:00:00"
"517027",34,"3.335","2021-03-14 09:15:00"
"517081",34,"3.65","2021-03-14 09:30:00"
"517135",34,"3.753","2021-03-14 09:45:00"
"517189",34,"3.186","2021-03-14 10:00:00"
"517243",34,"3.227","2021-03-14 10:15:00"
"517297",34,"2.774","2021-03-14 10:30:00"
"517351",34,"3.323","2021-03-14 10:45:00"
"517405",34,"3.128","2021-03-14 11:00:00"
"517459",34,"2.497","2021-03-14 11:15:00"
"518053",34,"1.103","2021-05-26 12:00:00"
"518107",34,"1.305","2021-05-26 12:15:00"
"518161",34,"0.93","2021-05-26 12:30:00"
"518215",34,"0.9500000000000001","2021-05-26 12:45:00"
"518269",34,"1.019","2021-05-26 13:00:00"
"518323",34,"0.46","2021-05-26 13:15:00"
"518377",34,"1.049","2021-05-26 13:30:00"
"518431",34,"1.322","2021-05-26 13:45:00"
"518485",34,"1.8210000000000002","2021-05-26 14:00:00"
"518539",34,"1.438","2021-05-26 14:15:00"
"519831",34,"2.782","2021-07-06 20:00:00"
"519937",34,"2.959","2021-07-06 20:15:00"
"520033",34,"3.214","2021-07-06 20:30:00"
"519828",34,"0","2021-04-17 04:45:00"
"519938",34,"0","2021-04-17 05:00:00"
"520058",34,"0","2021-04-17 05:15:00"
"520154",34,"3.187","2021-07-06 20:45:00"
"520262",34,"2.7030000000000003","2021-07-06 21:00:00"
"520153",34,"0","2021-04-17 05:30:00"
"520261",34,"0","2021-04-17 05:45:00"
"520369",34,"0","2021-04-17 06:00:00"
"520891",34,"1.552","2021-03-14 13:15:00"
"520945",34,"2.232","2021-03-14 13:30:00"
"520999",34,"1.5510000000000002","2021-03-14 13:45:00"
"521053",34,"1.495","2021-03-14 14:00:00"
"521107",34,"2.3689999999999998","2021-03-14 14:15:00"
"521161",34,"1.712","2021-03-14 14:30:00"
"521215",34,"1.447","2021-03-14 14:45:00"
"521269",34,"1.704","2021-03-14 15:00:00"
"521323",34,"1.5110000000000001","2021-03-14 15:15:00"
"521377",34,"1.18","2021-03-14 15:30:00"
"521431",34,"0.33","2021-03-14 15:45:00"
"522569",34,"1.282","2021-05-26 19:00:00"
"522646",34,"1.45","2021-05-26 19:15:00"
"522755",34,"0.89","2021-05-26 19:30:00"
"522781",34,"3.901","2021-07-06 22:30:00"
"523066",34,"2.938","2021-07-06 22:45:00"
"523178",34,"3.201","2021-07-06 23:00:00"
"522890",34,"0.02","2021-05-26 19:45:00"
"523259",34,"1.098","2021-05-26 20:00:00"
"522969",34,"0","2021-04-17 07:30:00"
"523074",34,"0","2021-04-17 07:45:00"
"523782",34,"2.464","2021-07-07 00:00:00"
"524020",34,"2.261","2021-07-07 00:15:00"
"523983",34,"1.448","2021-04-17 08:45:00"
"524176",34,"2.15","2021-04-17 09:00:00"
"524090",34,"1.498","2021-05-26 21:00:00"
"524280",34,"1.159","2021-05-26 21:15:00"
"524253",34,"2.561","2021-03-14 18:30:00"
"524459",34,"2.019","2021-03-14 18:45:00"
"525388",34,"2.947","2021-07-07 01:45:00"
"525656",34,"2.777","2021-07-07 02:00:00"
"525854",34,"2.284","2021-07-07 02:15:00"
"525417",34,"2.426","2021-04-17 10:30:00"
"525620",34,"1.833","2021-04-17 10:45:00"
"525859",34,"1.6840000000000002","2021-04-17 11:00:00"
"525559",34,"1.532","2021-05-26 22:45:00"
"525737",34,"0.7000000000000001","2021-05-26 23:00:00"
"525925",34,"0.92","2021-05-26 23:15:00"
"525974",34,"2.223","2021-03-14 20:30:00"
"526180",34,"1.802","2021-03-14 20:45:00"
"527111",34,"1.262","2021-05-27 00:45:00"
"527303",34,"1.099","2021-05-27 01:00:00"
"527500",34,"0.78","2021-05-27 01:15:00"
"527148",34,"1.957","2021-07-07 03:45:00"
"527289",34,"2.167","2021-07-07 04:00:00"
"527346",34,"1.947","2021-04-17 12:30:00"
"527550",34,"1.544","2021-04-17 12:45:00"
"527759",34,"2.289","2021-04-17 13:00:00"
"527501",34,"2.508","2021-07-07 04:15:00"
"527692",34,"2.467","2021-07-07 04:30:00"
"527923",34,"2.293","2021-07-07 04:45:00"
"527568",34,"1.5070000000000001","2021-03-14 22:15:00"
"527785",34,"2.453","2021-03-14 22:30:00"
"527983",34,"2.273","2021-03-14 22:45:00"
"527740",34,"1.054","2021-05-27 01:30:00"
"527944",34,"1","2021-05-27 01:45:00"
"527984",34,"2.206","2021-04-17 13:15:00"
"528230",34,"2.326","2021-04-17 13:30:00"
"528432",34,"2.338","2021-04-17 13:45:00"
"528158",34,"1.089","2021-05-27 02:00:00"
"528412",34,"1.473","2021-05-27 02:15:00"
"529221",34,"2.063","2021-05-27 03:15:00"
"529461",34,"1.932","2021-05-27 03:30:00"
"529460",34,"2.862","2021-03-15 00:30:00"
"529650",34,"2.98","2021-03-15 00:45:00"
"529874",34,"2.453","2021-03-15 01:00:00"
"529455",34,"1.27","2021-07-07 06:30:00"
"529686",34,"1.218","2021-07-07 06:45:00"
"529905",34,"1.23","2021-07-07 07:00:00"
"529675",34,"2.028","2021-05-27 03:45:00"
"529868",34,"1.966","2021-05-27 04:00:00"
"530089",34,"1.9020000000000001","2021-05-27 04:15:00"
"530901",34,"1.167","2021-07-07 08:00:00"
"531047",34,"0.63","2021-07-07 08:15:00"
"531071",34,"1.659","2021-04-17 16:30:00"
"531290",34,"2.089","2021-04-17 16:45:00"
"531497",34,"1.297","2021-04-17 17:00:00"
"531253",34,"1.151","2021-07-07 08:30:00"
"531459",34,"1.11","2021-07-07 08:45:00"
"531709",34,"0.86","2021-07-07 09:00:00"
"531266",34,"2.142","2021-03-15 03:00:00"
"531486",34,"3.7439999999999998","2021-03-15 03:15:00"
"531646",34,"4.333","2021-03-15 03:30:00"
"532430",34,"2.752","2021-07-07 09:45:00"
"532647",34,"2.707","2021-07-07 10:00:00"
"532988",34,"2.605","2021-07-07 10:15:00"
"532787",34,"0.56","2021-04-17 18:30:00"
"532961",34,"0.5700000000000001","2021-04-17 18:45:00"
"532874",34,"2.615","2021-03-15 05:00:00"
"533072",34,"2.938","2021-03-15 05:15:00"
"533109",34,"0","2021-05-27 07:45:00"
"533306",34,"0.79","2021-05-27 08:00:00"
"534256",34,"2.678","2021-07-07 11:45:00"
"534451",34,"3.021","2021-07-07 12:00:00"
"534321",34,"0","2021-04-17 20:15:00"
"534531",34,"0","2021-04-17 20:30:00"
"534692",34,"0.33","2021-04-17 20:45:00"
"470094",34,"2.101","2021-07-04 14:00:00"
"470222",34,"1.94","2021-07-04 14:15:00"
"471824",34,"1.278","2021-03-12 06:45:00"
"471896",34,"1.8290000000000002","2021-03-12 07:00:00"
"471964",34,"1.45","2021-03-12 07:15:00"
"472033",34,"0.54","2021-03-12 07:30:00"
"472114",34,"0.14","2021-03-12 07:45:00"
"472087",34,"2.334","2021-05-24 06:45:00"
"472246",34,"1.8519999999999999","2021-05-24 07:00:00"
"472373",34,"1.593","2021-05-24 07:15:00"
"472195",34,"0.75","2021-03-12 08:00:00"
"472280",34,"1.217","2021-03-12 08:15:00"
"472378",34,"1.295","2021-03-12 08:30:00"
"472999",34,"3.662","2021-04-14 19:45:00"
"473053",34,"3.274","2021-04-14 20:00:00"
"473107",34,"3.238","2021-04-14 20:15:00"
"473190",34,"3.64","2021-04-14 20:30:00"
"473285",34,"3.944","2021-04-14 20:45:00"
"473406",34,"2.558","2021-07-04 15:15:00"
"473546",34,"3.193","2021-07-04 15:30:00"
"473387",34,"4.678","2021-04-14 21:00:00"
"473469",34,"4.539","2021-04-14 21:15:00"
"474553",34,"2.924","2021-07-04 18:15:00"
"474607",34,"3.019","2021-07-04 18:30:00"
"474661",34,"2.902","2021-07-04 18:45:00"
"474715",34,"2.8529999999999998","2021-07-04 19:00:00"
"474769",34,"2.536","2021-07-04 19:15:00"
"477568",34,"1.9460000000000002","2021-07-04 19:30:00"
"474827",34,"2.605","2021-03-12 10:00:00"
"474985",34,"3.6109999999999998","2021-03-12 10:15:00"
"474882",34,"2.664","2021-05-24 08:00:00"
"474959",34,"2.058","2021-05-24 08:15:00"
"475046",34,"1.629","2021-05-24 08:30:00"
"477349",34,"4.51","2021-04-15 02:00:00"
"477403",34,"4.728","2021-04-15 02:15:00"
"477457",34,"4.647","2021-04-15 02:30:00"
"477528",34,"4.655","2021-04-15 02:45:00"
"477670",34,"4.224","2021-04-15 03:00:00"
"477657",34,"2.336","2021-07-04 19:45:00"
"477744",34,"2.376","2021-07-04 20:00:00"
"477812",34,"4.331","2021-04-15 03:15:00"
"477978",34,"4.31","2021-04-15 03:30:00"
"478114",34,"4.348","2021-04-15 03:45:00"
"479655",34,"1.6219999999999999","2021-05-24 15:15:00"
"479782",34,"1","2021-05-24 15:30:00"
"479660",34,"3.323","2021-04-15 05:15:00"
"479752",34,"3.59","2021-04-15 05:30:00"
"479854",34,"2.85","2021-04-15 05:45:00"
"479990",34,"3.173","2021-04-15 06:00:00"
"480139",34,"3.223","2021-04-15 06:15:00"
"479920",34,"2.6","2021-05-24 15:45:00"
"480114",34,"2.877","2021-05-24 16:00:00"
"480291",34,"3.502","2021-05-24 16:15:00"
"481657",34,"2.005","2021-03-12 18:30:00"
"481722",34,"1.231","2021-03-12 18:45:00"
"481889",34,"1.408","2021-03-12 19:00:00"
"481730",34,"1.8130000000000002","2021-07-05 00:00:00"
"481807",34,"2.028","2021-07-05 00:15:00"
"481886",34,"2.151","2021-07-05 00:30:00"
"481957",34,"2.092","2021-07-05 00:45:00"
"482011",34,"1.927","2021-07-05 01:00:00"
"482065",34,"1.653","2021-07-05 01:15:00"
"482119",34,"2.021","2021-07-05 01:30:00"
"482173",34,"2.483","2021-07-05 01:45:00"
"484609",34,"2.923","2021-04-15 11:15:00"
"484765",34,"3.686","2021-04-15 11:30:00"
"484669",34,"1.424","2021-07-05 06:30:00"
"484845",34,"0.78","2021-07-05 06:45:00"
"485028",34,"0.8200000000000001","2021-07-05 07:00:00"
"484885",34,"2.746","2021-04-15 11:45:00"
"484996",34,"3.309","2021-04-15 12:00:00"
"485099",34,"2.969","2021-04-15 12:15:00"
"484944",34,"2.418","2021-05-24 21:30:00"
"486836",34,"2.2720000000000002","2021-05-24 21:45:00"
"486969",34,"2.02","2021-05-24 22:00:00"
"487231",34,"1.552","2021-03-12 23:45:00"
"487412",34,"1.21","2021-03-13 00:00:00"
"486847",34,"0.74","2021-04-15 13:30:00"
"486938",34,"0.96","2021-04-15 13:45:00"
"487075",34,"2.261","2021-05-24 22:15:00"
"487193",34,"2.183","2021-05-24 22:30:00"
"487036",34,"1.135","2021-04-15 14:00:00"
"487143",34,"0.74","2021-04-15 14:15:00"
"487279",34,"1.831","2021-04-15 14:30:00"
"489603",34,"1.482","2021-05-25 02:15:00"
"490845",34,"1.092","2021-05-25 02:30:00"
"489709",34,"1.387","2021-07-05 09:30:00"
"489816",34,"2.097","2021-07-05 09:45:00"
"489844",34,"0.96","2021-03-13 04:00:00"
"489946",34,"0","2021-03-13 04:15:00"
"489928",34,"2.246","2021-07-05 10:00:00"
"490009",34,"2.385","2021-07-05 10:15:00"
"490063",34,"2.662","2021-07-05 10:30:00"
"491715",34,"1.465","2021-04-15 19:15:00"
"491896",34,"2.792","2021-04-15 19:30:00"
"492068",34,"2.783","2021-04-15 19:45:00"
"491756",34,"1.6960000000000002","2021-05-25 04:00:00"
"491877",34,"2.489","2021-05-25 04:15:00"
"492014",34,"2.7030000000000003","2021-05-25 04:30:00"
"491944",34,"1.572","2021-03-13 06:00:00"
"492163",34,"1.7970000000000002","2021-03-13 06:15:00"
"492123",34,"2.594","2021-05-25 04:45:00"
"492231",34,"2.802","2021-05-25 05:00:00"
"493940",34,"0.87","2021-07-05 15:45:00"
"494070",34,"1.138","2021-07-05 16:00:00"
"494175",34,"1.092","2021-07-05 16:15:00"
"494044",34,"1.564","2021-03-13 08:30:00"
"494265",34,"1.304","2021-03-13 08:45:00"
"494293",34,"1.728","2021-07-05 16:30:00"
"494406",34,"1.259","2021-07-05 16:45:00"
"494390",34,"1.67","2021-04-15 22:30:00"
"496378",34,"2.698","2021-04-15 22:45:00"
"496519",34,"3.119","2021-04-15 23:00:00"
"496825",34,"1.365","2021-07-05 19:00:00"
"497060",34,"1.401","2021-07-05 19:15:00"
"496828",34,"2.208","2021-03-13 12:15:00"
"496986",34,"2.201","2021-03-13 12:30:00"
"497105",34,"2.028","2021-03-13 12:45:00"
"496939",34,"2.748","2021-04-15 23:45:00"
"497094",34,"2.675","2021-04-16 00:00:00"
"497225",34,"2.778","2021-04-16 00:15:00"
"497247",34,"1.947","2021-03-13 13:00:00"
"497364",34,"1.536","2021-03-13 13:15:00"
"499355",34,"1.8","2021-05-25 14:15:00"
"499409",34,"0.9","2021-05-25 14:30:00"
"499463",34,"1.565","2021-05-25 14:45:00"
"499517",34,"0.15","2021-05-25 15:00:00"
"499571",34,"0.44","2021-05-25 15:15:00"
"499625",34,"0.81","2021-05-25 15:30:00"
"499679",34,"1.423","2021-05-25 15:45:00"
"499733",34,"1.033","2021-05-25 16:00:00"
"502706",34,"0.84","2021-05-25 16:15:00"
"502836",34,"0.32","2021-05-25 16:30:00"
"501616",34,"2.2","2021-04-16 05:00:00"
"501779",34,"1.701","2021-04-16 05:15:00"
"501930",34,"1.121","2021-04-16 05:30:00"
"501672",34,"1.254","2021-07-06 02:15:00"
"501816",34,"1.307","2021-07-06 02:30:00"
"501974",34,"0.86","2021-07-06 02:45:00"
"502037",34,"2.137","2021-03-13 17:45:00"
"502178",34,"1.861","2021-03-13 18:00:00"
"503787",34,"0.92","2021-03-13 18:15:00"
"503165",34,"1.699","2021-05-25 18:00:00"
"503219",34,"1.7770000000000001","2021-05-25 18:15:00"
"503273",34,"1.412","2021-05-25 18:30:00"
"503327",34,"1.43","2021-05-25 18:45:00"
"503381",34,"1.363","2021-05-25 19:00:00"
"503435",34,"1.045","2021-05-25 19:15:00"
"503489",34,"1.006","2021-05-25 19:30:00"
"503543",34,"0.6900000000000001","2021-05-25 19:45:00"
"503597",34,"1.444","2021-05-25 20:00:00"
"503651",34,"1.768","2021-05-25 20:15:00"
"503705",34,"1.838","2021-05-25 20:30:00"
"505034",34,"2.058","2021-03-13 21:15:00"
"505186",34,"1.72","2021-03-13 21:30:00"
"505076",34,"2.817","2021-04-16 09:45:00"
"505252",34,"2.194","2021-04-16 10:00:00"
"505308",34,"1.5819999999999999","2021-07-06 05:00:00"
"505463",34,"1.4929999999999999","2021-07-06 05:15:00"
"505353",34,"1.784","2021-03-13 21:45:00"
"505517",34,"1.7429999999999999","2021-03-13 22:00:00"
"505676",34,"1.131","2021-03-13 22:15:00"
"506599",34,"0.77","2021-07-06 07:30:00"
"506653",34,"0.42","2021-07-06 07:45:00"
"506707",34,"0.37","2021-07-06 08:00:00"
"506761",34,"0.62","2021-07-06 08:15:00"
"509815",34,"0.99","2021-07-06 08:30:00"
"506867",34,"2.498","2021-05-25 21:15:00"
"506921",34,"2.365","2021-05-25 21:30:00"
"506975",34,"2.135","2021-05-25 21:45:00"
"507029",34,"2.176","2021-05-25 22:00:00"
"507083",34,"2.688","2021-05-25 22:15:00"
"509458",34,"0.93","2021-03-14 02:15:00"
"509569",34,"1.365","2021-03-14 02:30:00"
"509623",34,"1.816","2021-03-14 02:45:00"
"509452",34,"1.5779999999999998","2021-04-16 16:45:00"
"509527",34,"1.638","2021-04-16 17:00:00"
"509677",34,"0.54","2021-03-14 03:00:00"
"509731",34,"1.572","2021-03-14 03:15:00"
"512785",34,"0.56","2021-03-14 03:30:00"
"512839",34,"0.81","2021-03-14 03:45:00"
"512893",34,"0.2","2021-03-14 04:00:00"
"512151",34,"1.808","2021-04-16 18:45:00"
"512205",34,"1.545","2021-04-16 19:00:00"
"512259",34,"1.726","2021-04-16 19:15:00"
"512313",34,"1.85","2021-04-16 19:30:00"
"512367",34,"1.823","2021-04-16 19:45:00"
"512421",34,"2.075","2021-04-16 20:00:00"
"512475",34,"1.053","2021-04-16 20:15:00"
"512529",34,"0","2021-04-16 20:30:00"
"512583",34,"0","2021-04-16 20:45:00"
"512637",34,"0","2021-04-16 21:00:00"
"513847",34,"0.17","2021-05-26 08:45:00"
"513921",34,"0.22","2021-05-26 09:00:00"
"514003",34,"0.30000000000000004","2021-05-26 09:15:00"
"514005",34,"0.77","2021-03-14 06:00:00"
"514138",34,"1.505","2021-03-14 06:15:00"
"514240",34,"1.589","2021-03-14 06:30:00"
"514091",34,"0.9","2021-05-26 09:30:00"
"514191",34,"1.2530000000000001","2021-05-26 09:45:00"
"514345",34,"1.37","2021-03-14 06:45:00"
"514450",34,"1.671","2021-03-14 07:00:00"
"516501",34,"1.5630000000000002","2021-04-17 01:00:00"
"516555",34,"1.837","2021-04-17 01:15:00"
"516609",34,"1.146","2021-04-17 01:30:00"
"516663",34,"0.08","2021-04-17 01:45:00"
"516717",34,"0.09","2021-04-17 02:00:00"
"516771",34,"2.077","2021-04-17 02:15:00"
"518722",34,"2.344","2021-04-17 02:30:00"
"518854",34,"1.63","2021-04-17 02:45:00"
"516811",34,"2.552","2021-03-14 08:15:00"
"516865",34,"2.518","2021-03-14 08:30:00"
"516919",34,"1.7389999999999999","2021-03-14 08:45:00"
"518597",34,"1.446","2021-05-26 14:30:00"
"518770",34,"1.148","2021-05-26 14:45:00"
"518952",34,"0.34","2021-05-26 15:00:00"
"519026",34,"3.025","2021-07-06 18:15:00"
"519172",34,"3.199","2021-07-06 18:30:00"
"518988",34,"1.5390000000000001","2021-04-17 03:00:00"
"519140",34,"0.99","2021-04-17 03:15:00"
"519156",34,"1.353","2021-05-26 15:15:00"
"521809",34,"1.199","2021-05-26 15:30:00"
"521485",34,"1.9260000000000002","2021-03-14 16:00:00"
"521539",34,"4.181","2021-03-14 16:15:00"
"521593",34,"2.652","2021-03-14 16:30:00"
"521647",34,"3.5620000000000003","2021-03-14 16:45:00"
"521701",34,"3.8449999999999998","2021-03-14 17:00:00"
"521755",34,"2.907","2021-03-14 17:15:00"
"523360",34,"2.59","2021-03-14 17:30:00"
"521863",34,"0.46","2021-05-26 15:45:00"
"521917",34,"0.88","2021-05-26 16:00:00"
"521971",34,"0.23","2021-05-26 16:15:00"
"524222",34,"1.673","2021-07-07 00:30:00"
"524448",34,"2.255","2021-07-07 00:45:00"
"524647",34,"2.568","2021-07-07 01:00:00"
"524411",34,"1.948","2021-04-17 09:15:00"
"524633",34,"1.546","2021-04-17 09:30:00"
"524853",34,"1.65","2021-04-17 09:45:00"
"524503",34,"1.251","2021-05-26 21:30:00"
"524699",34,"1.114","2021-05-26 21:45:00"
"524893",34,"0.24","2021-05-26 22:00:00"
"524679",34,"2.399","2021-03-14 19:00:00"
"524901",34,"2.508","2021-03-14 19:15:00"
"525107",34,"2.002","2021-03-14 19:30:00"
"526079",34,"2.008","2021-07-07 02:30:00"
"526275",34,"2.193","2021-07-07 02:45:00"
"526095",34,"2.249","2021-04-17 11:15:00"
"526291",34,"1.8010000000000002","2021-04-17 11:30:00"
"526908",34,"1.544","2021-04-17 11:45:00"
"526147",34,"1.572","2021-05-26 23:30:00"
"526379",34,"1.4020000000000001","2021-05-26 23:45:00"
"526489",34,"1.35","2021-05-27 00:00:00"
"526372",34,"0.68","2021-03-14 21:00:00"
"526478",34,"0.17","2021-03-14 21:15:00"
"526592",34,"1.437","2021-03-14 21:30:00"
"528625",34,"3.586","2021-03-14 23:30:00"
"528768",34,"1.238","2021-07-07 05:45:00"
"528842",34,"4.476","2021-03-14 23:45:00"
"529078",34,"4.638","2021-03-15 00:00:00"
"529264",34,"3.9450000000000003","2021-03-15 00:15:00"
"529012",34,"1.234","2021-07-07 06:00:00"
"529231",34,"1.258","2021-07-07 06:15:00"
"529039",34,"2.524","2021-04-17 14:30:00"
"529311",34,"2.608","2021-04-17 14:45:00"
"529504",34,"2.5300000000000002","2021-04-17 15:00:00"
"530388",34,"3.196","2021-04-17 16:00:00"
"530909",34,"2.019","2021-04-17 16:15:00"
"530468",34,"1.713","2021-03-15 01:45:00"
"530583",34,"0.73","2021-03-15 02:00:00"
"530694",34,"0.63","2021-03-15 02:15:00"
"530596",34,"2.027","2021-05-27 05:00:00"
"530701",34,"2.157","2021-05-27 05:15:00"
"531211",34,"2.298","2021-05-27 05:30:00"
"530753",34,"1.716","2021-03-15 02:30:00"
"531037",34,"0.73","2021-03-15 02:45:00"
"531862",34,"1.956","2021-05-27 06:15:00"
"532060",34,"1.79","2021-05-27 06:30:00"
"532264",34,"1.883","2021-05-27 06:45:00"
"532116",34,"1.631","2021-04-17 17:45:00"
"532355",34,"1.178","2021-04-17 18:00:00"
"532591",34,"0.65","2021-04-17 18:15:00"
"532295",34,"3.457","2021-03-15 04:15:00"
"532499",34,"3.03","2021-03-15 04:30:00"
"532678",34,"2.985","2021-03-15 04:45:00"
"532475",34,"1.433","2021-05-27 07:00:00"
"532694",34,"0.36","2021-05-27 07:15:00"
"532887",34,"1.002","2021-05-27 07:30:00"
"533616",34,"2.525","2021-07-07 11:00:00"
"533807",34,"2.1310000000000002","2021-07-07 11:15:00"
"534044",34,"2.518","2021-07-07 11:30:00"
"533881",34,"0.24","2021-04-17 19:45:00"
"534084",34,"0","2021-04-17 20:00:00"
"533975",34,"2.249","2021-03-15 06:15:00"
"534588",34,"0","2021-03-15 07:00:00"
"534740",34,"0.03","2021-03-15 07:15:00"
"534592",34,"2.4","2021-05-27 09:30:00"
"534751",34,"1.913","2021-05-27 09:45:00"
"537012",34,"1.404","2021-05-27 10:00:00"
"539711",34,"0","2021-04-18 04:00:00"
"539814",34,"0","2021-04-18 04:15:00"
"539934",34,"0","2021-04-18 04:30:00"
"539864",34,"1.9689999999999999","2021-03-15 14:00:00"
"539965",34,"0.48","2021-03-15 14:15:00"
"540037",34,"0","2021-04-18 04:45:00"
"540143",34,"0","2021-04-18 05:00:00"
"540085",34,"0.63","2021-03-15 14:30:00"
"540183",34,"1.8820000000000001","2021-03-15 14:45:00"
"540295",34,"1.31","2021-03-15 15:00:00"
"541213",34,"0.92","2021-07-07 18:00:00"
"541329",34,"1.423","2021-07-07 18:15:00"
"500698",34,"0.88","2021-07-06 00:45:00"
"500855",34,"0.46","2021-07-06 01:00:00"
"500880",34,"1.176","2021-03-13 16:00:00"
"501000",34,"1.662","2021-07-06 01:15:00"
"501070",34,"2.13","2021-03-13 16:15:00"
"501114",34,"2.343","2021-04-16 04:15:00"
"502091",34,"0.2","2021-04-16 05:45:00"
"502243",34,"1.566","2021-04-16 06:00:00"
"502385",34,"1.7229999999999999","2021-04-16 06:15:00"
"502160",34,"1.512","2021-07-06 03:00:00"
"502320",34,"1.6179999999999999","2021-07-06 03:15:00"
"502426",34,"1.888","2021-07-06 03:30:00"
"502490",34,"1.47","2021-04-16 06:30:00"
"502559",34,"0.19","2021-04-16 06:45:00"
"502613",34,"0","2021-04-16 07:00:00"
"504329",34,"1.272","2021-07-06 03:45:00"
"504540",34,"0.86","2021-07-06 04:00:00"
"502667",34,"0","2021-04-16 07:15:00"
"502743",34,"0","2021-04-16 07:30:00"
"502835",34,"0","2021-04-16 07:45:00"
"504233",34,"0","2021-04-16 08:00:00"
"504287",34,"0.08","2021-04-16 08:15:00"
"502895",34,"0.12","2021-05-25 16:45:00"
"502949",34,"1.2730000000000001","2021-05-25 17:00:00"
"503003",34,"1.094","2021-05-25 17:15:00"
"503057",34,"1.298","2021-05-25 17:30:00"
"503111",34,"1.345","2021-05-25 17:45:00"
"503759",34,"1.726","2021-05-25 20:45:00"
"506813",34,"2.108","2021-05-25 21:00:00"
"503841",34,"0.1","2021-03-13 18:30:00"
"503895",34,"0","2021-03-13 18:45:00"
"503949",34,"1.383","2021-03-13 19:00:00"
"504003",34,"1.724","2021-03-13 19:15:00"
"504057",34,"0.89","2021-03-13 19:30:00"
"504111",34,"1.4889999999999999","2021-03-13 19:45:00"
"504165",34,"2.512","2021-03-13 20:00:00"
"504411",34,"1.911","2021-03-13 20:15:00"
"504383",34,"0.27","2021-04-16 08:30:00"
"504541",34,"1.77","2021-04-16 08:45:00"
"504560",34,"1.461","2021-03-13 20:30:00"
"504707",34,"1.767","2021-03-13 20:45:00"
"504860",34,"2.5300000000000002","2021-03-13 21:00:00"
"504657",34,"1.638","2021-04-16 09:00:00"
"504776",34,"0.99","2021-04-16 09:15:00"
"504909",34,"2.223","2021-04-16 09:30:00"
"504818",34,"1.219","2021-07-06 04:15:00"
"504984",34,"1.252","2021-07-06 04:30:00"
"505147",34,"1.295","2021-07-06 04:45:00"
"505415",34,"2.068","2021-04-16 10:15:00"
"505579",34,"0.9500000000000001","2021-04-16 10:30:00"
"505715",34,"2.109","2021-04-16 10:45:00"
"505633",34,"0.62","2021-07-06 05:30:00"
"505798",34,"0.05","2021-07-06 05:45:00"
"505953",34,"0","2021-07-06 06:00:00"
"505851",34,"1.599","2021-03-13 22:30:00"
"505995",34,"0.68","2021-03-13 22:45:00"
"505874",34,"0.73","2021-04-16 11:00:00"
"506053",34,"1.1360000000000001","2021-04-16 11:15:00"
"507137",34,"2.241","2021-05-25 22:30:00"
"507191",34,"1.726","2021-05-25 22:45:00"
"507245",34,"0.73","2021-05-25 23:00:00"
"507299",34,"0.61","2021-05-25 23:15:00"
"507353",34,"0","2021-05-25 23:30:00"
"507407",34,"0.59","2021-05-25 23:45:00"
"507461",34,"1.468","2021-05-26 00:00:00"
"507515",34,"1.373","2021-05-26 00:15:00"
"507569",34,"0.68","2021-05-26 00:30:00"
"507623",34,"1.029","2021-05-26 00:45:00"
"507677",34,"0.88","2021-05-26 01:00:00"
"508800",34,"4.337","2021-04-16 14:45:00"
"508889",34,"2.38","2021-04-16 15:00:00"
"508969",34,"2.248","2021-04-16 15:15:00"
"508965",34,"2.376","2021-03-14 01:30:00"
"509111",34,"1.931","2021-03-14 01:45:00"
"509258",34,"1.25","2021-03-14 02:00:00"
"509055",34,"2.534","2021-04-16 15:30:00"
"509140",34,"2.749","2021-04-16 15:45:00"
"509222",34,"2.099","2021-04-16 16:00:00"
"509307",34,"0.89","2021-04-16 16:15:00"
"509374",34,"1.734","2021-04-16 16:30:00"
"510449",34,"2.301","2021-05-26 03:00:00"
"510527",34,"2.283","2021-05-26 03:15:00"
"510607",34,"2.215","2021-05-26 03:30:00"
"510514",34,"1.802","2021-07-06 10:00:00"
"510654",34,"1.77","2021-07-06 10:15:00"
"510819",34,"2.203","2021-07-06 10:30:00"
"510698",34,"1.758","2021-05-26 03:45:00"
"510777",34,"2.123","2021-05-26 04:00:00"
"510862",34,"1.987","2021-05-26 04:15:00"
"510935",34,"1.7309999999999999","2021-05-26 04:30:00"
"511016",34,"1.278","2021-05-26 04:45:00"
"511571",34,"2.882","2021-07-06 12:00:00"
"511625",34,"2.826","2021-07-06 12:15:00"
"511679",34,"2.936","2021-07-06 12:30:00"
"511733",34,"2.754","2021-07-06 12:45:00"
"514787",34,"2.814","2021-07-06 13:00:00"
"511827",34,"2.119","2021-04-16 17:15:00"
"511881",34,"0.42","2021-04-16 17:30:00"
"511935",34,"1.565","2021-04-16 17:45:00"
"511989",34,"1.487","2021-04-16 18:00:00"
"512043",34,"1.441","2021-04-16 18:15:00"
"512097",34,"1.851","2021-04-16 18:30:00"
"513276",34,"1.182","2021-05-26 07:00:00"
"513359",34,"1.748","2021-05-26 07:15:00"
"513448",34,"1.311","2021-05-26 07:30:00"
"513527",34,"1.5979999999999999","2021-05-26 07:45:00"
"513594",34,"1.5590000000000002","2021-05-26 08:00:00"
"513676",34,"0.5","2021-03-14 05:30:00"
"513828",34,"0","2021-03-14 05:45:00"
"513681",34,"1.6","2021-05-26 08:15:00"
"513761",34,"0.54","2021-05-26 08:30:00"
"514949",34,"2.747","2021-07-06 13:45:00"
"515003",34,"2.893","2021-07-06 14:00:00"
"515057",34,"3.297","2021-07-06 14:15:00"
"515111",34,"3.531","2021-07-06 14:30:00"
"515165",34,"2.762","2021-07-06 14:45:00"
"515219",34,"2.6390000000000002","2021-07-06 15:00:00"
"515273",34,"2.879","2021-07-06 15:15:00"
"515327",34,"1.651","2021-07-06 15:30:00"
"515381",34,"2.201","2021-07-06 15:45:00"
"515435",34,"2.698","2021-07-06 16:00:00"
"515961",34,"1.477","2021-04-16 22:30:00"
"516015",34,"1.767","2021-04-16 22:45:00"
"516069",34,"1.933","2021-04-16 23:00:00"
"516123",34,"1.428","2021-04-16 23:15:00"
"516177",34,"0.81","2021-04-16 23:30:00"
"516231",34,"2.372","2021-04-16 23:45:00"
"516285",34,"0.9500000000000001","2021-04-17 00:00:00"
"516339",34,"0","2021-04-17 00:15:00"
"516393",34,"0.32","2021-04-17 00:30:00"
"516447",34,"1.9420000000000002","2021-04-17 00:45:00"
"517513",34,"2.046","2021-03-14 11:30:00"
"517614",34,"2.436","2021-03-14 11:45:00"
"517713",34,"2.39","2021-03-14 12:00:00"
"517831",34,"2.457","2021-03-14 12:15:00"
"517922",34,"2.254","2021-03-14 12:30:00"
"517752",34,"1.45","2021-05-26 11:15:00"
"517848",34,"1.156","2021-05-26 11:30:00"
"517990",34,"1.437","2021-05-26 11:45:00"
"520658",34,"2.071","2021-03-14 12:45:00"
"520822",34,"1.826","2021-03-14 13:00:00"
"519286",34,"3.307","2021-07-06 18:45:00"
"519393",34,"3.258","2021-07-06 19:00:00"
"519504",34,"3.544","2021-07-06 19:15:00"
"519293",34,"1.432","2021-04-17 03:30:00"
"519401",34,"2.461","2021-04-17 03:45:00"
"519507",34,"2.3","2021-04-17 04:00:00"
"519626",34,"3.594","2021-07-06 19:30:00"
"519734",34,"3.081","2021-07-06 19:45:00"
"519601",34,"1.5390000000000001","2021-04-17 04:15:00"
"519710",34,"0.5","2021-04-17 04:30:00"
"520370",34,"2.903","2021-07-06 21:15:00"
"520472",34,"3.015","2021-07-06 21:30:00"
"520578",34,"2.992","2021-07-06 21:45:00"
"520483",34,"0","2021-04-17 06:15:00"
"520593",34,"0","2021-04-17 06:30:00"
"520718",34,"3.5140000000000002","2021-07-06 22:00:00"
"522572",34,"3.878","2021-07-06 22:15:00"
"520713",34,"0","2021-04-17 06:45:00"
"522723",34,"0","2021-04-17 07:00:00"
"522845",34,"0","2021-04-17 07:15:00"
"522025",34,"0","2021-05-26 16:30:00"
"522079",34,"1.863","2021-05-26 16:45:00"
"522133",34,"1.7229999999999999","2021-05-26 17:00:00"
"522187",34,"1.442","2021-05-26 17:15:00"
"522241",34,"1.6219999999999999","2021-05-26 17:30:00"
"522295",34,"2.193","2021-05-26 17:45:00"
"522349",34,"1.623","2021-05-26 18:00:00"
"522403",34,"1.718","2021-05-26 18:15:00"
"522457",34,"1.6280000000000001","2021-05-26 18:30:00"
"522511",34,"1.677","2021-05-26 18:45:00"
"523267",34,"0","2021-04-17 08:00:00"
"523537",34,"0","2021-04-17 08:15:00"
"523779",34,"0.5","2021-04-17 08:30:00"
"523232",34,"3.104","2021-07-06 23:15:00"
"523350",34,"3.446","2021-07-06 23:30:00"
"523550",34,"3.227","2021-07-06 23:45:00"
"523473",34,"1.649","2021-05-26 20:15:00"
"523665",34,"1.713","2021-05-26 20:30:00"
"523869",34,"1.5030000000000001","2021-05-26 20:45:00"
"523575",34,"2.483","2021-03-14 17:45:00"
"523769",34,"2.762","2021-03-14 18:00:00"
"523970",34,"2.4130000000000003","2021-03-14 18:15:00"
"524891",34,"2.4130000000000003","2021-07-07 01:15:00"
"525110",34,"2.904","2021-07-07 01:30:00"
"525062",34,"1.85","2021-04-17 10:00:00"
"525230",34,"2.089","2021-04-17 10:15:00"
"525116",34,"1.252","2021-05-26 22:15:00"
"525353",34,"1.317","2021-05-26 22:30:00"
"525319",34,"2.402","2021-03-14 19:45:00"
"525520",34,"1.838","2021-03-14 20:00:00"
"525747",34,"2.17","2021-03-14 20:15:00"
"526591",34,"1.5030000000000001","2021-05-27 00:15:00"
"526693",34,"1.197","2021-05-27 00:30:00"
"526706",34,"0.48","2021-03-14 21:45:00"
"527312",34,"0.99","2021-03-14 22:00:00"
"526811",34,"2.003","2021-07-07 03:00:00"
"526907",34,"1.8780000000000001","2021-07-07 03:15:00"
"527024",34,"1.722","2021-07-07 03:30:00"
"527009",34,"1.8639999999999999","2021-04-17 12:00:00"
"527183",34,"1.438","2021-04-17 12:15:00"
"528121",34,"1.74","2021-07-07 05:00:00"
"528354",34,"1.449","2021-07-07 05:15:00"
"528547",34,"1.512","2021-07-07 05:30:00"
"528188",34,"2.115","2021-03-14 23:00:00"
"528381",34,"3.069","2021-03-14 23:15:00"
"528643",34,"1.728","2021-04-17 14:00:00"
"528861",34,"2.423","2021-04-17 14:15:00"
"528616",34,"1.957","2021-05-27 02:30:00"
"528817",34,"2.231","2021-05-27 02:45:00"
"529011",34,"2.286","2021-05-27 03:00:00"
"529750",34,"4.607","2021-04-17 15:15:00"
"529957",34,"3.453","2021-04-17 15:30:00"
"530156",34,"3.7560000000000002","2021-04-17 15:45:00"
"530124",34,"2.221","2021-03-15 01:15:00"
"530302",34,"2.398","2021-03-15 01:30:00"
"530109",34,"1.6179999999999999","2021-07-07 07:15:00"
"530783",34,"1.418","2021-07-07 07:30:00"
"530837",34,"1.37","2021-07-07 07:45:00"
"530307",34,"1.9540000000000002","2021-05-27 04:30:00"
"530476",34,"1.928","2021-05-27 04:45:00"
"531437",34,"2.35","2021-05-27 05:45:00"
"531659",34,"2.312","2021-05-27 06:00:00"
"531730",34,"2.198","2021-04-17 17:15:00"
"531905",34,"2.335","2021-04-17 17:30:00"
"531872",34,"3.588","2021-03-15 03:45:00"
"532075",34,"3.175","2021-03-15 04:00:00"
"532002",34,"1.056","2021-07-07 09:15:00"
"532248",34,"2.07","2021-07-07 09:30:00"
"533205",34,"2.618","2021-07-07 10:30:00"
"533398",34,"2.618","2021-07-07 10:45:00"
"533182",34,"0","2021-04-17 19:00:00"
"533404",34,"1.3639999999999999","2021-04-17 19:15:00"
"533622",34,"0.54","2021-04-17 19:30:00"
"533321",34,"1.054","2021-03-15 05:30:00"
"533547",34,"1.023","2021-03-15 05:45:00"
"533725",34,"2.294","2021-03-15 06:00:00"
"533536",34,"0.78","2021-05-27 08:15:00"
"533756",34,"1.4140000000000001","2021-05-27 08:30:00"
"533936",34,"1.409","2021-05-27 08:45:00"
"534851",34,"1.998","2021-04-17 21:00:00"
"534962",34,"2.032","2021-04-17 21:15:00"
"535061",34,"2.894","2021-04-17 21:30:00"
"534894",34,"0","2021-03-15 07:30:00"
"535005",34,"0.23","2021-03-15 07:45:00"
"535113",34,"0.75","2021-03-15 08:00:00"
"535165",34,"3.312","2021-04-17 21:45:00"
"535267",34,"2.969","2021-04-17 22:00:00"
"535233",34,"1.169","2021-03-15 08:15:00"
"535338",34,"1.54","2021-03-15 08:30:00"
"535928",34,"0.19","2021-04-17 23:30:00"
"536028",34,"0","2021-04-17 23:45:00"
"536135",34,"0.19","2021-04-18 00:00:00"
"535988",34,"1.089","2021-03-15 10:00:00"
"536095",34,"1.827","2021-03-15 10:15:00"
"536195",34,"2.622","2021-03-15 10:30:00"
"536248",34,"0","2021-04-18 00:15:00"
"536352",34,"1.061","2021-04-18 00:30:00"
"536309",34,"2.2880000000000003","2021-03-15 10:45:00"
"536406",34,"1.987","2021-03-15 11:00:00"
"536975",34,"2.305","2021-07-07 13:00:00"
"537076",34,"1.255","2021-07-07 13:15:00"
"537173",34,"1.7770000000000001","2021-07-07 13:30:00"
"537140",34,"1.416","2021-05-27 10:15:00"
"537251",34,"1.706","2021-05-27 10:30:00"
"537280",34,"1.245","2021-07-07 13:45:00"
"537394",34,"0.88","2021-07-07 14:00:00"
"537349",34,"2.109","2021-05-27 10:45:00"
"537462",34,"2.209","2021-05-27 11:00:00"
"537573",34,"2.216","2021-05-27 11:15:00"
"538050",34,"1.061","2021-07-07 15:30:00"
"538156",34,"1.102","2021-07-07 15:45:00"
"538260",34,"1.499","2021-07-07 16:00:00"
"538214",34,"1.407","2021-05-27 12:45:00"
"538314",34,"0.31","2021-05-27 13:00:00"
"538420",34,"0.67","2021-05-27 13:15:00"
"538378",34,"0.97","2021-07-07 16:15:00"
"538474",34,"1.383","2021-07-07 16:30:00"
"538545",34,"0.99","2021-05-27 13:30:00"
"538615",34,"1.5190000000000001","2021-05-27 13:45:00"
"539183",34,"0","2021-04-18 02:45:00"
"539283",34,"0","2021-04-18 03:00:00"
"539405",34,"0","2021-04-18 03:15:00"
"539324",34,"2.022","2021-03-15 12:45:00"
"539418",34,"1.495","2021-03-15 13:00:00"
"539512",34,"0","2021-04-18 03:30:00"
"539620",34,"0","2021-04-18 03:45:00"
"539527",34,"1.422","2021-03-15 13:15:00"
"539635",34,"1.219","2021-03-15 13:30:00"
"539760",34,"1.623","2021-03-15 13:45:00"
"540777",34,"5.765","2021-03-15 16:30:00"
"543027",34,"6.04","2021-03-15 16:45:00"
"541002",34,"1.214","2021-05-27 14:45:00"
"541433",34,"1.188","2021-07-07 18:30:00"
"541544",34,"1.313","2021-05-27 16:00:00"
"541645",34,"1.812","2021-05-27 16:15:00"
"541523",34,"1.5070000000000001","2021-07-07 18:45:00"
"541639",34,"1.56","2021-07-07 19:00:00"
"541731",34,"1.577","2021-07-07 19:15:00"
"541842",34,"1.3860000000000001","2021-07-07 19:30:00"
"541949",34,"1.553","2021-07-07 19:45:00"
"546845",34,"2.545","2021-04-18 11:00:00"
"546949",34,"2.116","2021-04-18 11:15:00"
"547053",34,"1.6560000000000001","2021-04-18 11:30:00"
"547006",34,"0","2021-03-15 21:30:00"
"547102",34,"0","2021-03-15 21:45:00"
"547201",34,"0","2021-03-15 22:00:00"
"547181",34,"1.16","2021-04-18 11:45:00"
"547296",34,"1.5670000000000002","2021-04-18 12:00:00"
"547302",34,"0","2021-03-15 22:15:00"
"547419",34,"0","2021-03-15 22:30:00"
"548621",34,"0","2021-03-16 01:30:00"
"548723",34,"0.65","2021-03-16 01:45:00"
"548679",34,"0.54","2021-04-18 15:00:00"
"548763",34,"0.35000000000000003","2021-04-18 15:15:00"
"548934",34,"0.03","2021-05-28 00:00:00"
"549041",34,"0.84","2021-05-28 00:15:00"
"549149",34,"0.88","2021-05-28 00:30:00"
"548937",34,"0.43","2021-07-08 02:30:00"
"549044",34,"1.146","2021-07-08 02:45:00"
"549153",34,"0","2021-07-08 03:00:00"
"550306",34,"0.66","2021-07-08 05:45:00"
"550406",34,"0.4","2021-07-08 06:00:00"
"550539",34,"0.91","2021-07-08 06:15:00"
"550381",34,"1.623","2021-05-28 03:15:00"
"550468",34,"1.56","2021-05-28 03:30:00"
"550567",34,"1.059","2021-05-28 03:45:00"
"550647",34,"1.187","2021-07-08 06:30:00"
"552823",34,"0.88","2021-07-08 06:45:00"
"550679",34,"1.412","2021-05-28 04:00:00"
"550747",34,"1.179","2021-05-28 04:15:00"
"551814",34,"0","2021-03-16 04:30:00"
"551943",34,"0.6900000000000001","2021-03-16 04:45:00"
"552048",34,"1.759","2021-03-16 05:00:00"
"552062",34,"1.798","2021-04-18 18:00:00"
"552177",34,"1.639","2021-04-18 18:15:00"
"552283",34,"1.7309999999999999","2021-04-18 18:30:00"
"552140",34,"1.536","2021-03-16 05:15:00"
"552256",34,"1.47","2021-03-16 05:30:00"
"552359",34,"1.45","2021-03-16 05:45:00"
"552393",34,"1.183","2021-04-18 18:45:00"
"552490",34,"1.213","2021-04-18 19:00:00"
"552973",34,"1.358","2021-03-16 06:30:00"
"553197",34,"0.68","2021-03-16 06:45:00"
"553390",34,"0","2021-03-16 07:00:00"
"552979",34,"1.1320000000000001","2021-07-08 07:00:00"
"553164",34,"2.221","2021-07-08 07:15:00"
"553389",34,"1.337","2021-07-08 07:30:00"
"553434",34,"0.65","2021-05-28 05:15:00"
"553607",34,"1.2610000000000001","2021-05-28 05:30:00"
"553602",34,"2.388","2021-04-18 20:45:00"
"553802",34,"2.676","2021-04-18 21:00:00"
"554663",34,"0.46","2021-07-08 09:00:00"
"554891",34,"1.6560000000000001","2021-07-08 09:15:00"
"554743",34,"0","2021-03-16 08:30:00"
"554938",34,"0","2021-03-16 08:45:00"
"554959",34,"0.41000000000000003","2021-05-28 07:00:00"
"555057",34,"2.607","2021-04-18 22:30:00"
"555109",34,"1.137","2021-07-08 09:30:00"
"555153",34,"0.23","2021-03-16 09:00:00"
"555177",34,"1.244","2021-05-28 07:15:00"
"555285",34,"2.143","2021-07-08 09:45:00"
"555533",34,"1.941","2021-07-08 10:00:00"
"555781",34,"1.5190000000000001","2021-05-28 08:00:00"
"555975",34,"1.674","2021-05-28 08:15:00"
"556148",34,"1.125","2021-05-28 08:30:00"
"555778",34,"1.508","2021-07-08 10:15:00"
"556053",34,"1.309","2021-07-08 10:30:00"
"556360",34,"1.159","2021-07-08 10:45:00"
"556320",34,"0.42","2021-05-28 08:45:00"
"556558",34,"0.15","2021-05-28 09:00:00"
"556235",34,"1.532","2021-04-19 00:00:00"
"556407",34,"1.108","2021-04-19 00:15:00"
"556602",34,"1.574","2021-04-19 00:30:00"
"557513",34,"2.636","2021-04-19 03:15:00"
"557675",34,"2.493","2021-04-19 03:30:00"
"557821",34,"3.007","2021-04-19 03:45:00"
"557486",34,"1.884","2021-03-16 11:30:00"
"557648",34,"1.8679999999999999","2021-03-16 11:45:00"
"557787",34,"1.466","2021-03-16 12:00:00"
"557682",34,"0.51","2021-07-08 11:45:00"
"557870",34,"1.397","2021-07-08 12:00:00"
"557950",34,"1.416","2021-03-16 12:15:00"
"558095",34,"2.341","2021-03-16 12:30:00"
"558299",34,"2.45","2021-03-16 12:45:00"
"559080",34,"1.57","2021-07-08 13:30:00"
"559226",34,"0.47000000000000003","2021-07-08 13:45:00"
"559354",34,"2.134","2021-05-28 10:30:00"
"559526",34,"2.86","2021-05-28 10:45:00"
"559418",34,"1.787","2021-03-16 14:15:00"
"559578",34,"2.3689999999999998","2021-03-16 14:30:00"
"559757",34,"1.966","2021-03-16 14:45:00"
"559368",34,"1.744","2021-07-08 14:00:00"
"559528",34,"1.841","2021-07-08 14:15:00"
"559672",34,"2.3810000000000002","2021-07-08 14:30:00"
"563094",34,"2.928","2021-05-28 13:45:00"
"563191",34,"3.18","2021-05-28 14:00:00"
"560787",34,"1.8519999999999999","2021-04-19 05:15:00"
"560841",34,"1.6179999999999999","2021-04-19 05:30:00"
"560895",34,"1.224","2021-04-19 05:45:00"
"560949",34,"1.7530000000000001","2021-04-19 06:00:00"
"561003",34,"1.4060000000000001","2021-04-19 06:15:00"
"561057",34,"0.02","2021-04-19 06:30:00"
"561111",34,"0","2021-04-19 06:45:00"
"561165",34,"0","2021-04-19 07:00:00"
"562285",34,"3.368","2021-03-16 18:00:00"
"562339",34,"2.62","2021-03-16 18:15:00"
"562393",34,"2.242","2021-03-16 18:30:00"
"562447",34,"2.133","2021-03-16 18:45:00"
"562501",34,"1.77","2021-03-16 19:00:00"
"562555",34,"2.178","2021-03-16 19:15:00"
"562609",34,"1.6640000000000001","2021-03-16 19:30:00"
"562663",34,"2.392","2021-03-16 19:45:00"
"562717",34,"2.537","2021-03-16 20:00:00"
"562771",34,"2.2","2021-03-16 20:15:00"
"565527",34,"2.185","2021-03-16 20:30:00"
"563929",34,"1.81","2021-07-08 19:15:00"
"564037",34,"2.228","2021-07-08 19:30:00"
"564192",34,"5.176","2021-05-28 16:15:00"
"564313",34,"4.764","2021-05-28 16:30:00"
"564138",34,"2.551","2021-07-08 19:45:00"
"564246",34,"2.601","2021-07-08 20:00:00"
"564354",34,"2.229","2021-07-08 20:15:00"
"564424",34,"4.672","2021-05-28 16:45:00"
"564501",34,"4.238","2021-05-28 17:00:00"
"564555",34,"4.193","2021-05-28 17:15:00"
"565704",34,"2.162","2021-03-16 20:45:00"
"565871",34,"1.412","2021-03-16 21:00:00"
"565730",34,"1.105","2021-04-19 13:45:00"
"565798",34,"0.68","2021-04-19 14:00:00"
"565890",34,"1.108","2021-04-19 14:15:00"
"568622",34,"1.35","2021-04-19 14:30:00"
"568725",34,"1.055","2021-04-19 14:45:00"
"565987",34,"0.41000000000000003","2021-03-16 21:15:00"
"566041",34,"0.16","2021-03-16 21:30:00"
"566095",34,"1.546","2021-03-16 21:45:00"
"567237",34,"0.98","2021-07-08 23:00:00"
"567305",34,"1.18","2021-07-08 23:15:00"
"567384",34,"1.9","2021-07-08 23:30:00"
"567471",34,"2.202","2021-07-08 23:45:00"
"567531",34,"2.331","2021-07-09 00:00:00"
"567585",34,"1.228","2021-07-09 00:15:00"
"567639",34,"1.061","2021-07-09 00:30:00"
"567693",34,"1.1360000000000001","2021-07-09 00:45:00"
"567747",34,"1.3980000000000001","2021-07-09 01:00:00"
"569801",34,"1.227","2021-07-09 01:15:00"
"569001",34,"0.62","2021-04-19 15:30:00"
"569055",34,"1.294","2021-04-19 15:45:00"
"569109",34,"1.296","2021-04-19 16:00:00"
"569163",34,"1.311","2021-04-19 16:15:00"
"569217",34,"0.67","2021-04-19 16:30:00"
"569271",34,"0.44","2021-04-19 16:45:00"
"569325",34,"0.26","2021-04-19 17:00:00"
"569379",34,"0.71","2021-04-19 17:15:00"
"569433",34,"0.13","2021-04-19 17:30:00"
"569487",34,"0","2021-04-19 17:45:00"
"569541",34,"0","2021-04-19 18:00:00"
"570719",34,"1.506","2021-07-09 05:30:00"
"570773",34,"1.822","2021-07-09 05:45:00"
"570797",34,"0","2021-03-17 01:00:00"
"570851",34,"0","2021-03-17 01:15:00"
"570905",34,"0","2021-03-17 01:30:00"
"570959",34,"0","2021-03-17 01:45:00"
"571013",34,"2.235","2021-03-17 02:00:00"
"571067",34,"1.853","2021-03-17 02:15:00"
"571121",34,"2.276","2021-03-17 02:30:00"
"571175",34,"2.4050000000000002","2021-03-17 02:45:00"
"572250",34,"4.078","2021-04-19 20:00:00"
"572426",34,"3.276","2021-04-19 20:15:00"
"572535",34,"2.163","2021-04-19 20:30:00"
"572338",34,"3.741","2021-05-29 00:30:00"
"572419",34,"2.598","2021-05-29 00:45:00"
"572521",34,"0.37","2021-05-29 01:00:00"
"572610",34,"1.6520000000000001","2021-05-29 01:15:00"
"572733",34,"1.072","2021-05-29 01:30:00"
"572653",34,"2.009","2021-04-19 20:45:00"
"572757",34,"0","2021-04-19 21:00:00"
"573365",34,"2.451","2021-05-29 03:00:00"
"573466",34,"2.475","2021-05-29 03:15:00"
"573585",34,"2.478","2021-05-29 03:30:00"
"573428",34,"3.93","2021-04-19 22:30:00"
"573533",34,"4.082","2021-04-19 22:45:00"
"573621",34,"3.228","2021-04-19 23:00:00"
"573675",34,"3.499","2021-04-19 23:15:00"
"573729",34,"4.227","2021-04-19 23:30:00"
"574803",34,"3.779","2021-04-19 23:45:00"
"573827",34,"1.7730000000000001","2021-07-09 06:00:00"
"573881",34,"1.626","2021-07-09 06:15:00"
"573935",34,"1.473","2021-07-09 06:30:00"
"575242",34,"0","2021-03-17 06:15:00"
"575388",34,"0.12","2021-03-17 06:30:00"
"575195",34,"3.886","2021-05-29 04:15:00"
"575397",34,"3.75","2021-05-29 04:30:00"
"575590",34,"4.163","2021-05-29 04:45:00"
"575281",34,"4.543","2021-04-20 00:30:00"
"575439",34,"4.654","2021-04-20 00:45:00"
"575577",34,"3.885","2021-04-20 01:00:00"
"575545",34,"0.4","2021-03-17 06:45:00"
"575712",34,"0","2021-03-17 07:00:00"
"575872",34,"0","2021-03-17 07:15:00"
"576858",34,"2.299","2021-03-17 08:45:00"
"577017",34,"2.316","2021-03-17 09:00:00"
"577175",34,"1.957","2021-03-17 09:15:00"
"577001",34,"5.513","2021-05-29 07:00:00"
"577182",34,"5.565","2021-05-29 07:15:00"
"576903",34,"2.257","2021-04-20 03:00:00"
"577064",34,"1.9100000000000001","2021-04-20 03:15:00"
"577211",34,"1.951","2021-04-20 03:30:00"
"577345",34,"1.207","2021-03-17 09:30:00"
"577484",34,"1.428","2021-03-17 09:45:00"
"578231",34,"2.661","2021-07-09 12:30:00"
"578285",34,"2.794","2021-07-09 12:45:00"
"578339",34,"2.716","2021-07-09 13:00:00"
"534166",34,"1.859","2021-03-15 06:30:00"
"534392",34,"0.76","2021-03-15 06:45:00"
"534158",34,"1.207","2021-05-27 09:00:00"
"534365",34,"1.9729999999999999","2021-05-27 09:15:00"
"535380",34,"2.469","2021-04-17 22:15:00"
"535478",34,"2.943","2021-04-17 22:30:00"
"535586",34,"1.855","2021-04-17 22:45:00"
"535456",34,"2.201","2021-03-15 08:45:00"
"535564",34,"1.327","2021-03-15 09:00:00"
"535666",34,"1.426","2021-03-15 09:15:00"
"535700",34,"0.24","2021-04-17 23:00:00"
"535816",34,"0.48","2021-04-17 23:15:00"
"535767",34,"1.28","2021-03-15 09:30:00"
"535866",34,"1.3860000000000001","2021-03-15 09:45:00"
"536465",34,"1.417","2021-04-18 00:45:00"
"536563",34,"1.383","2021-04-18 01:00:00"
"536662",34,"1.3559999999999999","2021-04-18 01:15:00"
"536523",34,"2.124","2021-03-15 11:15:00"
"536649",34,"2.091","2021-03-15 11:30:00"
"536751",34,"1.317","2021-03-15 11:45:00"
"538793",34,"0.26","2021-04-18 01:30:00"
"538847",34,"0","2021-04-18 01:45:00"
"536809",34,"3.604","2021-07-07 12:15:00"
"536863",34,"3.034","2021-07-07 12:30:00"
"536917",34,"2.608","2021-07-07 12:45:00"
"537502",34,"1.439","2021-07-07 14:15:00"
"537606",34,"1.006","2021-07-07 14:30:00"
"537710",34,"0.96","2021-07-07 14:45:00"
"537685",34,"1.812","2021-05-27 11:30:00"
"537787",34,"1.885","2021-05-27 11:45:00"
"537824",34,"1.2610000000000001","2021-07-07 15:00:00"
"537936",34,"0.91","2021-07-07 15:15:00"
"537880",34,"1.67","2021-05-27 12:00:00"
"537997",34,"1.819","2021-05-27 12:15:00"
"538100",34,"1.12","2021-05-27 12:30:00"
"540781",34,"1.945","2021-07-07 16:45:00"
"540835",34,"0.99","2021-07-07 17:00:00"
"540896",34,"0.89","2021-07-07 17:15:00"
"538669",34,"0.55","2021-05-27 14:00:00"
"538723",34,"1.176","2021-05-27 14:15:00"
"538777",34,"1.008","2021-05-27 14:30:00"
"538901",34,"0","2021-04-18 02:00:00"
"538971",34,"0.38","2021-04-18 02:15:00"
"539086",34,"0.12","2021-04-18 02:30:00"
"538986",34,"1.734","2021-03-15 12:00:00"
"539089",34,"2.25","2021-03-15 12:15:00"
"539206",34,"1.439","2021-03-15 12:30:00"
"540256",34,"0","2021-04-18 05:15:00"
"540360",34,"0","2021-04-18 05:30:00"
"540480",34,"0","2021-04-18 05:45:00"
"540404",34,"2.613","2021-03-15 15:15:00"
"540502",34,"1.962","2021-03-15 15:30:00"
"540592",34,"0","2021-04-18 06:00:00"
"542819",34,"0","2021-04-18 06:15:00"
"540611",34,"1.88","2021-03-15 15:45:00"
"540669",34,"2.295","2021-03-15 16:00:00"
"540723",34,"4.168","2021-03-15 16:15:00"
"541768",34,"1.771","2021-05-27 16:30:00"
"541874",34,"1.589","2021-05-27 16:45:00"
"541983",34,"1.579","2021-05-27 17:00:00"
"542040",34,"1.405","2021-07-07 20:00:00"
"542157",34,"1.321","2021-07-07 20:15:00"
"542267",34,"1.043","2021-07-07 20:30:00"
"542098",34,"1.016","2021-05-27 17:15:00"
"542205",34,"0.07","2021-05-27 17:30:00"
"542314",34,"1.037","2021-05-27 17:45:00"
"542360",34,"0.78","2021-07-07 20:45:00"
"543147",34,"0","2021-04-18 07:15:00"
"543251",34,"0","2021-04-18 07:30:00"
"543126",34,"6.062","2021-03-15 17:00:00"
"543245",34,"4.287","2021-03-15 17:15:00"
"543373",34,"2.577","2021-03-15 17:30:00"
"543331",34,"0","2021-04-18 07:45:00"
"543443",34,"0.1","2021-04-18 08:00:00"
"543577",34,"1.095","2021-04-18 08:15:00"
"543479",34,"2.628","2021-03-15 17:45:00"
"543566",34,"2.419","2021-03-15 18:00:00"
"543663",34,"2.68","2021-03-15 18:15:00"
"544236",34,"3.085","2021-04-18 09:45:00"
"544348",34,"2.935","2021-04-18 10:00:00"
"544452",34,"3.063","2021-04-18 10:15:00"
"544307",34,"1.039","2021-03-15 19:45:00"
"544421",34,"1.344","2021-03-15 20:00:00"
"544559",34,"2.932","2021-04-18 10:30:00"
"546791",34,"2.862","2021-04-18 10:45:00"
"544525",34,"0.56","2021-03-15 20:15:00"
"544629",34,"0.49","2021-03-15 20:30:00"
"544695",34,"0.65","2021-03-15 20:45:00"
"545163",34,"1.197","2021-05-27 20:00:00"
"545293",34,"2.22","2021-05-27 20:15:00"
"545430",34,"2.726","2021-05-27 20:30:00"
"545417",34,"1.912","2021-07-07 23:00:00"
"545525",34,"1.7810000000000001","2021-07-07 23:15:00"
"545537",34,"1.857","2021-05-27 20:45:00"
"545641",34,"0.39","2021-05-27 21:00:00"
"545750",34,"1.4060000000000001","2021-05-27 21:15:00"
"545639",34,"2.026","2021-07-07 23:30:00"
"545745",34,"1.927","2021-07-07 23:45:00"
"546395",34,"0.38","2021-05-27 22:45:00"
"546504",34,"0.02","2021-05-27 23:00:00"
"546616",34,"0.37","2021-05-27 23:15:00"
"546396",34,"2.507","2021-07-08 01:15:00"
"546503",34,"2.371","2021-07-08 01:30:00"
"546607",34,"1.9380000000000002","2021-07-08 01:45:00"
"546721",34,"0.8300000000000001","2021-05-27 23:30:00"
"546775",34,"0.96","2021-05-27 23:45:00"
"546703",34,"2.015","2021-07-08 02:00:00"
"548833",34,"0.85","2021-07-08 02:15:00"
"547928",34,"1.6840000000000002","2021-04-18 13:30:00"
"548044",34,"1.017","2021-04-18 13:45:00"
"548148",34,"1.642","2021-04-18 14:00:00"
"548178",34,"0","2021-03-16 00:15:00"
"548270",34,"0.62","2021-03-16 00:30:00"
"548275",34,"1.5979999999999999","2021-04-18 14:15:00"
"548431",34,"0.88","2021-04-18 14:30:00"
"548564",34,"0.24","2021-04-18 14:45:00"
"548346",34,"0","2021-03-16 00:45:00"
"548435",34,"0","2021-03-16 01:00:00"
"548518",34,"0","2021-03-16 01:15:00"
"549766",34,"1.483","2021-07-08 04:30:00"
"549862",34,"1.213","2021-07-08 04:45:00"
"549982",34,"1.67","2021-07-08 05:00:00"
"549845",34,"1.428","2021-05-28 02:00:00"
"549940",34,"1.194","2021-05-28 02:15:00"
"550091",34,"1.212","2021-07-08 05:15:00"
"550198",34,"1.192","2021-07-08 05:30:00"
"550048",34,"1.066","2021-05-28 02:30:00"
"550157",34,"1.035","2021-05-28 02:45:00"
"550264",34,"1.028","2021-05-28 03:00:00"
"551299",34,"1.51","2021-03-16 03:15:00"
"551421",34,"1.215","2021-03-16 03:30:00"
"551522",34,"1.3820000000000001","2021-03-16 03:45:00"
"551505",34,"2.808","2021-04-18 16:45:00"
"551627",34,"1.837","2021-04-18 17:00:00"
"551748",34,"1.301","2021-04-18 17:15:00"
"551617",34,"2.099","2021-03-16 04:00:00"
"551712",34,"0.64","2021-03-16 04:15:00"
"551854",34,"1.663","2021-04-18 17:30:00"
"551948",34,"2.117","2021-04-18 17:45:00"
"553637",34,"0","2021-03-16 07:15:00"
"553835",34,"0","2021-03-16 07:30:00"
"553596",34,"0.87","2021-07-08 07:45:00"
"553796",34,"0.97","2021-07-08 08:00:00"
"553897",34,"1.458","2021-05-28 05:45:00"
"554097",34,"1.861","2021-05-28 06:00:00"
"554306",34,"0.98","2021-05-28 06:15:00"
"554019",34,"2.446","2021-04-18 21:15:00"
"554237",34,"2.352","2021-04-18 21:30:00"
"554434",34,"2.241","2021-04-18 21:45:00"
"555362",34,"2.6","2021-03-16 09:15:00"
"555565",34,"2.666","2021-03-16 09:30:00"
"555409",34,"1.303","2021-05-28 07:30:00"
"555610",34,"1.81","2021-05-28 07:45:00"
"555283",34,"2.123","2021-04-18 22:45:00"
"555490",34,"2.016","2021-04-18 23:00:00"
"555726",34,"1.143","2021-04-18 23:15:00"
"555796",34,"2.707","2021-03-16 09:45:00"
"556083",34,"3.221","2021-03-16 10:00:00"
"556374",34,"2.903","2021-03-16 10:15:00"
"556815",34,"2.184","2021-04-19 00:45:00"
"556869",34,"2.085","2021-04-19 01:00:00"
"556923",34,"2.642","2021-04-19 01:15:00"
"556977",34,"2.373","2021-04-19 01:30:00"
"557031",34,"1.924","2021-04-19 01:45:00"
"557085",34,"2.418","2021-04-19 02:00:00"
"557139",34,"2.661","2021-04-19 02:15:00"
"557193",34,"2.443","2021-04-19 02:30:00"
"557249",34,"2.424","2021-04-19 02:45:00"
"557363",34,"2.417","2021-04-19 03:00:00"
"558453",34,"0.84","2021-07-08 12:45:00"
"558710",34,"1.427","2021-07-08 13:00:00"
"558892",34,"0.9","2021-07-08 13:15:00"
"558574",34,"2.014","2021-04-19 04:45:00"
"558772",34,"1.978","2021-04-19 05:00:00"
"558787",34,"2.842","2021-05-28 09:45:00"
"558987",34,"2.398","2021-05-28 10:00:00"
"559150",34,"1.585","2021-05-28 10:15:00"
"558943",34,"2.239","2021-03-16 13:30:00"
"559108",34,"2.407","2021-03-16 13:45:00"
"559250",34,"1.763","2021-03-16 14:00:00"
"560231",34,"1.478","2021-03-16 15:30:00"
"561311",34,"2.488","2021-03-16 15:45:00"
"561438",34,"3.385","2021-03-16 16:00:00"
"560339",34,"1.737","2021-07-08 15:30:00"
"560440",34,"0.41000000000000003","2021-07-08 15:45:00"
"560447",34,"3.621","2021-05-28 12:15:00"
"560529",34,"3.76","2021-05-28 12:30:00"
"560583",34,"3.2560000000000002","2021-05-28 12:45:00"
"560637",34,"2.92","2021-05-28 13:00:00"
"560691",34,"2.883","2021-05-28 13:15:00"
"560745",34,"2.954","2021-05-28 13:30:00"
"561748",34,"3.819","2021-03-16 16:45:00"
"561856",34,"4.2620000000000005","2021-03-16 17:00:00"
"561960",34,"3.971","2021-03-16 17:15:00"
"562018",34,"1.4","2021-04-19 09:15:00"
"562125",34,"3.341","2021-04-19 09:30:00"
"562078",34,"3.903","2021-03-16 17:30:00"
"562186",34,"3.952","2021-03-16 17:45:00"
"562237",34,"3.078","2021-04-19 09:45:00"
"564813",34,"3.261","2021-04-19 10:00:00"
"564867",34,"3.692","2021-04-19 10:15:00"
"563394",34,"0.62","2021-07-08 18:00:00"
"563513",34,"0.48","2021-07-08 18:15:00"
"563652",34,"4.411","2021-05-28 15:00:00"
"563748",34,"3.585","2021-05-28 15:15:00"
"563615",34,"0","2021-07-08 18:30:00"
"563731",34,"0","2021-07-08 18:45:00"
"563832",34,"1.016","2021-07-08 19:00:00"
"563866",34,"3.7279999999999998","2021-05-28 15:30:00"
"563982",34,"4.223","2021-05-28 15:45:00"
"564092",34,"5.317","2021-05-28 16:00:00"
"565029",34,"4.114","2021-04-19 11:00:00"
"565083",34,"3.29","2021-04-19 11:15:00"
"565137",34,"3.089","2021-04-19 11:30:00"
"565191",34,"2.673","2021-04-19 11:45:00"
"565245",34,"3.458","2021-04-19 12:00:00"
"565299",34,"2.617","2021-04-19 12:15:00"
"565353",34,"2.239","2021-04-19 12:30:00"
"565413",34,"0.91","2021-04-19 12:45:00"
"565494",34,"1.509","2021-04-19 13:00:00"
"565570",34,"0.61","2021-04-19 13:15:00"
"565649",34,"1.5779999999999998","2021-04-19 13:30:00"
"566667",34,"0.4","2021-03-16 23:45:00"
"566837",34,"0","2021-03-17 00:00:00"
"567020",34,"0","2021-03-17 00:15:00"
"566850",34,"1.463","2021-07-08 21:45:00"
"566925",34,"1.617","2021-07-08 22:00:00"
"567001",34,"1.823","2021-07-08 22:15:00"
"567083",34,"1.853","2021-07-08 22:30:00"
"567159",34,"2.025","2021-07-08 22:45:00"
"567197",34,"0","2021-03-17 00:30:00"
"567389",34,"0","2021-03-17 00:45:00"
"568419",34,"3.34","2021-05-28 21:15:00"
"568473",34,"3.395","2021-05-28 21:30:00"
"568527",34,"3.158","2021-05-28 21:45:00"
"568581",34,"2.153","2021-05-28 22:00:00"
"568658",34,"2.824","2021-05-28 22:15:00"
"568766",34,"3.462","2021-05-28 22:30:00"
"568881",34,"4.021","2021-05-28 22:45:00"
"571642",34,"3.497","2021-05-28 23:00:00"
"568830",34,"1.67","2021-04-19 15:00:00"
"568935",34,"0.45","2021-04-19 15:15:00"
"570179",34,"2.028","2021-07-09 03:00:00"
"570233",34,"1.6720000000000002","2021-07-09 03:15:00"
"570287",34,"1.642","2021-07-09 03:30:00"
"570341",34,"1.7269999999999999","2021-07-09 03:45:00"
"570395",34,"1.627","2021-07-09 04:00:00"
"570449",34,"1.803","2021-07-09 04:15:00"
"570503",34,"1.451","2021-07-09 04:30:00"
"570557",34,"0.9400000000000001","2021-07-09 04:45:00"
"570611",34,"0.75","2021-07-09 05:00:00"
"570665",34,"1.022","2021-07-09 05:15:00"
"571836",34,"4.329","2021-05-28 23:15:00"
"571979",34,"4.858","2021-05-28 23:30:00"
"572004",34,"0","2021-04-19 19:30:00"
"572101",34,"3.423","2021-04-19 19:45:00"
"571936",34,"0","2021-03-17 05:30:00"
"574921",34,"0","2021-03-17 05:45:00"
"575079",34,"0","2021-03-17 06:00:00"
"572083",34,"4.138","2021-05-28 23:45:00"
"572186",34,"4.559","2021-05-29 00:00:00"
"572264",34,"3.996","2021-05-29 00:15:00"
"573989",34,"1.533","2021-07-09 06:45:00"
"574043",34,"1.9140000000000001","2021-07-09 07:00:00"
"574097",34,"1.74","2021-07-09 07:15:00"
"574151",34,"1.125","2021-07-09 07:30:00"
"574205",34,"1.071","2021-07-09 07:45:00"
"574259",34,"1.13","2021-07-09 08:00:00"
"574313",34,"1.337","2021-07-09 08:15:00"
"574367",34,"0.21","2021-07-09 08:30:00"
"574421",34,"1.056","2021-07-09 08:45:00"
"574475",34,"1.478","2021-07-09 09:00:00"
"575739",34,"3.7640000000000002","2021-04-20 01:15:00"
"575914",34,"3.378","2021-04-20 01:30:00"
"575743",34,"4.767","2021-05-29 05:00:00"
"575897",34,"5.07","2021-05-29 05:15:00"
"576044",34,"0","2021-03-17 07:30:00"
"576213",34,"0","2021-03-17 07:45:00"
"576344",34,"0","2021-03-17 08:00:00"
"576064",34,"3.642","2021-04-20 01:45:00"
"576231",34,"4.231","2021-04-20 02:00:00"
"576402",34,"3.568","2021-04-20 02:15:00"
"577363",34,"2.348","2021-04-20 03:45:00"
"577541",34,"1.646","2021-04-20 04:00:00"
"577346",34,"5.342","2021-05-29 07:30:00"
"577518",34,"6.205","2021-05-29 07:45:00"
"577681",34,"5.853","2021-05-29 08:00:00"
"577645",34,"1.506","2021-03-17 10:00:00"
"578561",34,"0.99","2021-03-17 10:15:00"
"578749",34,"0.03","2021-03-17 10:30:00"
"577705",34,"1.227","2021-04-20 04:15:00"
"578548",34,"0.63","2021-04-20 04:30:00"
"578750",34,"0","2021-04-20 04:45:00"
"578393",34,"2.403","2021-07-09 13:15:00"
"578447",34,"1.458","2021-07-09 13:30:00"
"578644",34,"1.408","2021-07-09 13:45:00"
"578852",34,"2.027","2021-07-09 14:00:00"
"579044",34,"2.341","2021-07-09 14:15:00"
"578988",34,"0.92","2021-03-17 10:45:00"
"579161",34,"0.61","2021-03-17 11:00:00"
"583730",34,"3.372","2021-04-20 10:30:00"
"583899",34,"3.3810000000000002","2021-04-20 10:45:00"
"584048",34,"3.416","2021-04-20 11:00:00"
"584081",34,"0.53","2021-03-17 16:45:00"
"584242",34,"0.81","2021-03-17 17:00:00"
"584399",34,"1.166","2021-03-17 17:15:00"
"584218",34,"3.434","2021-04-20 11:15:00"
"584392",34,"3.508","2021-04-20 11:30:00"
"584179",34,"5.448","2021-05-29 15:00:00"
"584332",34,"3.951","2021-05-29 15:15:00"
"584485",34,"5.9030000000000005","2021-05-29 15:30:00"
"585446",34,"2.113","2021-03-17 18:45:00"
"585606",34,"0.22","2021-03-17 19:00:00"
"585717",34,"0.03","2021-03-17 19:15:00"
"585706",34,"2.915","2021-04-20 13:30:00"
"586347",34,"2.706","2021-04-20 13:45:00"
"586554",34,"1.929","2021-04-20 14:00:00"
"586410",34,"0","2021-03-17 19:30:00"
"586613",34,"0","2021-03-17 19:45:00"
"585905",34,"1.649","2021-07-09 20:15:00"
"585959",34,"0.5700000000000001","2021-07-09 20:30:00"
"587189",34,"1.496","2021-07-09 23:15:00"
"541098",34,"2.434","2021-05-27 15:00:00"
"540986",34,"1.061","2021-07-07 17:30:00"
"541105",34,"1.255","2021-07-07 17:45:00"
"541207",34,"0.92","2021-05-27 15:15:00"
"541305",34,"2.036","2021-05-27 15:30:00"
"541418",34,"1.768","2021-05-27 15:45:00"
"542434",34,"1.465","2021-05-27 18:00:00"
"542527",34,"0.48","2021-05-27 18:15:00"
"542634",34,"0","2021-05-27 18:30:00"
"542472",34,"0.52","2021-07-07 21:00:00"
"542591",34,"1.17","2021-07-07 21:15:00"
"544834",34,"2.2800000000000002","2021-07-07 21:30:00"
"542695",34,"0.51","2021-05-27 18:45:00"
"542749",34,"1.62","2021-05-27 19:00:00"
"544818",34,"0.97","2021-05-27 19:15:00"
"542873",34,"0","2021-04-18 06:30:00"
"542927",34,"0","2021-04-18 06:45:00"
"543036",34,"0","2021-04-18 07:00:00"
"543690",34,"1.214","2021-04-18 08:30:00"
"543798",34,"1.8170000000000002","2021-04-18 08:45:00"
"543894",34,"2.893","2021-04-18 09:00:00"
"543778",34,"2.185","2021-03-15 18:30:00"
"543897",34,"2.099","2021-03-15 18:45:00"
"544007",34,"2.498","2021-04-18 09:15:00"
"544128",34,"3.261","2021-04-18 09:30:00"
"544000",34,"2.123","2021-03-15 19:00:00"
"544096",34,"1.7810000000000001","2021-03-15 19:15:00"
"544202",34,"1.734","2021-03-15 19:30:00"
"544749",34,"0.9","2021-03-15 21:00:00"
"546893",34,"0.01","2021-03-15 21:15:00"
"544952",34,"1.411","2021-05-27 19:30:00"
"545054",34,"1.6","2021-05-27 19:45:00"
"544924",34,"2.455","2021-07-07 21:45:00"
"545035",34,"1.146","2021-07-07 22:00:00"
"545138",34,"0.9400000000000001","2021-07-07 22:15:00"
"545240",34,"1.207","2021-07-07 22:30:00"
"545327",34,"1.467","2021-07-07 22:45:00"
"545859",34,"1.49","2021-05-27 21:30:00"
"545956",34,"1.218","2021-05-27 21:45:00"
"546066",34,"1.114","2021-05-27 22:00:00"
"545852",34,"2.392","2021-07-08 00:00:00"
"545971",34,"2.752","2021-07-08 00:15:00"
"546077",34,"2.752","2021-07-08 00:30:00"
"546185",34,"0.46","2021-05-27 22:15:00"
"546305",34,"0.72","2021-05-27 22:30:00"
"546175",34,"2.749","2021-07-08 00:45:00"
"546268",34,"2.683","2021-07-08 01:00:00"
"547395",34,"1.5710000000000002","2021-04-18 12:15:00"
"547504",34,"1.173","2021-04-18 12:30:00"
"547605",34,"1.479","2021-04-18 12:45:00"
"547527",34,"0","2021-03-15 22:45:00"
"547638",34,"0","2021-03-15 23:00:00"
"547737",34,"0","2021-03-15 23:15:00"
"547727",34,"0.86","2021-04-18 13:00:00"
"547833",34,"1.6019999999999999","2021-04-18 13:15:00"
"547847",34,"0.01","2021-03-15 23:30:00"
"547962",34,"0","2021-03-15 23:45:00"
"548066",34,"0","2021-03-16 00:00:00"
"549262",34,"1.293","2021-05-28 00:45:00"
"549373",34,"0.75","2021-05-28 01:00:00"
"549257",34,"1.407","2021-07-08 03:15:00"
"549362",34,"1.3820000000000001","2021-07-08 03:30:00"
"549468",34,"1.477","2021-07-08 03:45:00"
"549546",34,"1.576","2021-07-08 04:00:00"
"549653",34,"0.84","2021-07-08 04:15:00"
"549498",34,"0.11","2021-05-28 01:15:00"
"549623",34,"0.38","2021-05-28 01:30:00"
"549725",34,"1.429","2021-05-28 01:45:00"
"550848",34,"1.322","2021-03-16 02:00:00"
"550941",34,"1.181","2021-03-16 02:15:00"
"551030",34,"0.03","2021-03-16 02:30:00"
"550886",34,"1.301","2021-04-18 15:30:00"
"551024",34,"0.89","2021-04-18 15:45:00"
"551170",34,"0.85","2021-04-18 16:00:00"
"551118",34,"0.31","2021-03-16 02:45:00"
"551202",34,"0.25","2021-03-16 03:00:00"
"551296",34,"4.251","2021-04-18 16:15:00"
"551391",34,"3.332","2021-04-18 16:30:00"
"552481",34,"1.624","2021-03-16 06:00:00"
"552589",34,"1.5070000000000001","2021-03-16 06:15:00"
"552598",34,"0.68","2021-04-18 19:15:00"
"552681",34,"0","2021-04-18 19:30:00"
"552735",34,"0","2021-04-18 19:45:00"
"552890",34,"0.9400000000000001","2021-04-18 20:00:00"
"553151",34,"2.041","2021-04-18 20:15:00"
"553349",34,"2.077","2021-04-18 20:30:00"
"552828",34,"0.36","2021-05-28 04:30:00"
"552981",34,"1.049","2021-05-28 04:45:00"
"553204",34,"0.65","2021-05-28 05:00:00"
"554005",34,"0.8","2021-07-08 08:15:00"
"554224",34,"0.8300000000000001","2021-07-08 08:30:00"
"554471",34,"0.48","2021-07-08 08:45:00"
"554052",34,"0","2021-03-16 07:45:00"
"554266",34,"0","2021-03-16 08:00:00"
"554468",34,"0","2021-03-16 08:15:00"
"554519",34,"0.01","2021-05-28 06:30:00"
"554707",34,"0.64","2021-05-28 06:45:00"
"554642",34,"2.039","2021-04-18 22:00:00"
"554838",34,"2.194","2021-04-18 22:15:00"
"555900",34,"0.28","2021-04-18 23:30:00"
"556071",34,"1.537","2021-04-18 23:45:00"
"556532",34,"2.323","2021-03-16 10:30:00"
"556637",34,"1.072","2021-07-08 11:00:00"
"556672",34,"2.839","2021-03-16 10:45:00"
"556750",34,"2.761","2021-03-16 11:00:00"
"557327",34,"1.303","2021-03-16 11:15:00"
"556777",34,"0.66","2021-07-08 11:15:00"
"557518",34,"0.59","2021-07-08 11:30:00"
"557964",34,"2.713","2021-04-19 04:00:00"
"558183",34,"2.609","2021-04-19 04:15:00"
"558382",34,"2.24","2021-04-19 04:30:00"
"558054",34,"1.127","2021-07-08 12:15:00"
"558245",34,"1.6560000000000001","2021-07-08 12:30:00"
"558309",34,"0.59","2021-05-28 09:15:00"
"558562",34,"0.9400000000000001","2021-05-28 09:30:00"
"558504",34,"2.585","2021-03-16 13:00:00"
"558702",34,"1.9020000000000001","2021-03-16 13:15:00"
"559689",34,"2.037","2021-05-28 11:00:00"
"559831",34,"2.73","2021-05-28 11:15:00"
"559994",34,"3.259","2021-05-28 11:30:00"
"559839",34,"1.446","2021-07-08 14:45:00"
"560003",34,"1.5779999999999998","2021-07-08 15:00:00"
"560173",34,"1.646","2021-07-08 15:15:00"
"559933",34,"2.2640000000000002","2021-03-16 15:00:00"
"560068",34,"1.726","2021-03-16 15:15:00"
"560170",34,"2.88","2021-05-28 11:45:00"
"560332",34,"4.12","2021-05-28 12:00:00"
"561219",34,"0","2021-04-19 07:15:00"
"561277",34,"0","2021-04-19 07:30:00"
"561366",34,"0.48","2021-04-19 07:45:00"
"561463",34,"1.9140000000000001","2021-04-19 08:00:00"
"561586",34,"2.301","2021-04-19 08:15:00"
"561538",34,"3.344","2021-03-16 16:15:00"
"561646",34,"4.015","2021-03-16 16:30:00"
"561709",34,"2.552","2021-04-19 08:30:00"
"561807",34,"2.323","2021-04-19 08:45:00"
"561906",34,"1.891","2021-04-19 09:00:00"
"562803",34,"1.297","2021-07-08 16:00:00"
"562857",34,"0","2021-07-08 16:15:00"
"562911",34,"0","2021-07-08 16:30:00"
"562965",34,"0","2021-07-08 16:45:00"
"563019",34,"0.25","2021-07-08 17:00:00"
"563089",34,"0.33","2021-07-08 17:15:00"
"563208",34,"0.1","2021-07-08 17:30:00"
"563304",34,"0.22","2021-07-08 17:45:00"
"563311",34,"3.195","2021-05-28 14:15:00"
"563431",34,"3.483","2021-05-28 14:30:00"
"563534",34,"4.662","2021-05-28 14:45:00"
"564459",34,"2.102","2021-07-08 20:30:00"
"566525",34,"2.352","2021-07-08 20:45:00"
"566603",34,"1.944","2021-07-08 21:00:00"
"564609",34,"3.6109999999999998","2021-05-28 17:30:00"
"564663",34,"4.162","2021-05-28 17:45:00"
"564717",34,"3.688","2021-05-28 18:00:00"
"564771",34,"3.998","2021-05-28 18:15:00"
"567825",34,"3.871","2021-05-28 18:30:00"
"564921",34,"3.938","2021-04-19 10:30:00"
"564975",34,"3.752","2021-04-19 10:45:00"
"566149",34,"3.636","2021-03-16 22:00:00"
"566203",34,"3.532","2021-03-16 22:15:00"
"566257",34,"2.847","2021-03-16 22:30:00"
"566311",34,"2.275","2021-03-16 22:45:00"
"566365",34,"2.201","2021-03-16 23:00:00"
"566419",34,"1.79","2021-03-16 23:15:00"
"566513",34,"1.516","2021-03-16 23:30:00"
"566690",34,"1.27","2021-07-08 21:15:00"
"566767",34,"2.163","2021-07-08 21:30:00"
"567879",34,"2.909","2021-05-28 18:45:00"
"567933",34,"2.672","2021-05-28 19:00:00"
"567987",34,"2.472","2021-05-28 19:15:00"
"568041",34,"2.2720000000000002","2021-05-28 19:30:00"
"568095",34,"2.577","2021-05-28 19:45:00"
"568149",34,"2.719","2021-05-28 20:00:00"
"568203",34,"3.048","2021-05-28 20:15:00"
"568257",34,"3.205","2021-05-28 20:30:00"
"568311",34,"3.627","2021-05-28 20:45:00"
"568365",34,"4.046","2021-05-28 21:00:00"
"569595",34,"0","2021-04-19 18:15:00"
"569649",34,"0","2021-04-19 18:30:00"
"569703",34,"0","2021-04-19 18:45:00"
"569757",34,"0","2021-04-19 19:00:00"
"571828",34,"0","2021-04-19 19:15:00"
"569855",34,"1.405","2021-07-09 01:30:00"
"569909",34,"1.903","2021-07-09 01:45:00"
"569963",34,"2.069","2021-07-09 02:00:00"
"570017",34,"1.983","2021-07-09 02:15:00"
"570071",34,"2.177","2021-07-09 02:30:00"
"570125",34,"2.011","2021-07-09 02:45:00"
"571229",34,"1.596","2021-03-17 03:00:00"
"571283",34,"0.21","2021-03-17 03:15:00"
"571337",34,"0","2021-03-17 03:30:00"
"571391",34,"0","2021-03-17 03:45:00"
"571445",34,"0","2021-03-17 04:00:00"
"571499",34,"0","2021-03-17 04:15:00"
"571553",34,"0","2021-03-17 04:30:00"
"571612",34,"0","2021-03-17 04:45:00"
"571689",34,"0","2021-03-17 05:00:00"
"571774",34,"0","2021-03-17 05:15:00"
"572845",34,"1.094","2021-05-29 01:45:00"
"572935",34,"1.802","2021-05-29 02:00:00"
"573036",34,"1.822","2021-05-29 02:15:00"
"572874",34,"1.347","2021-04-19 21:15:00"
"572988",34,"2.696","2021-04-19 21:30:00"
"573097",34,"3.129","2021-04-19 21:45:00"
"573147",34,"2.064","2021-05-29 02:30:00"
"573251",34,"2.014","2021-05-29 02:45:00"
"573213",34,"2.026","2021-04-19 22:00:00"
"573322",34,"1.832","2021-04-19 22:15:00"
"574529",34,"2.35","2021-07-09 09:15:00"
"574583",34,"2.623","2021-07-09 09:30:00"
"574637",34,"2.46","2021-07-09 09:45:00"
"574691",34,"2.5060000000000002","2021-07-09 10:00:00"
"574745",34,"2.119","2021-07-09 10:15:00"
"574878",34,"2.873","2021-05-29 03:45:00"
"575036",34,"3.378","2021-05-29 04:00:00"
"574965",34,"3.03","2021-04-20 00:00:00"
"575142",34,"3.738","2021-04-20 00:15:00"
"576060",34,"4.88","2021-05-29 05:30:00"
"576212",34,"5.378","2021-05-29 05:45:00"
"576383",34,"5.022","2021-05-29 06:00:00"
"576522",34,"0","2021-03-17 08:15:00"
"576688",34,"1.262","2021-03-17 08:30:00"
"576557",34,"2.6029999999999998","2021-04-20 02:30:00"
"576743",34,"2.154","2021-04-20 02:45:00"
"576544",34,"4.793","2021-05-29 06:15:00"
"576681",34,"5.125","2021-05-29 06:30:00"
"576837",34,"5.07","2021-05-29 06:45:00"
"578501",34,"5.381","2021-05-29 08:15:00"
"578739",34,"4.902","2021-05-29 08:30:00"
"577799",34,"1.939","2021-07-09 10:30:00"
"577853",34,"1.689","2021-07-09 10:45:00"
"577907",34,"1.798","2021-07-09 11:00:00"
"577961",34,"1.589","2021-07-09 11:15:00"
"578015",34,"2.184","2021-07-09 11:30:00"
"578069",34,"3.343","2021-07-09 11:45:00"
"578123",34,"2.7880000000000003","2021-07-09 12:00:00"
"578177",34,"3.5789999999999997","2021-07-09 12:15:00"
"579550",34,"6.094","2021-05-29 09:30:00"
"579798",34,"6.318","2021-05-29 09:45:00"
"579636",34,"0","2021-04-20 05:45:00"
"579816",34,"0","2021-04-20 06:00:00"
"579727",34,"3.189","2021-07-09 15:00:00"
"581825",34,"3.066","2021-07-09 15:15:00"
"581879",34,"3.2880000000000003","2021-07-09 15:30:00"
"579978",34,"1.733","2021-03-17 12:00:00"
"580128",34,"2.334","2021-03-17 12:15:00"
"580465",34,"5.876","2021-05-29 10:45:00"
"580654",34,"7.386","2021-05-29 11:00:00"
"580758",34,"0","2021-04-20 07:30:00"
"580790",34,"2.917","2021-03-17 13:15:00"
"580794",34,"6.6129999999999995","2021-05-29 11:15:00"
"580928",34,"3.09","2021-03-17 13:30:00"
"581078",34,"2.109","2021-03-17 13:45:00"
"581228",34,"2.786","2021-03-17 14:00:00"
"580952",34,"8.31","2021-05-29 11:30:00"
"581113",34,"8.28","2021-05-29 11:45:00"
"581264",34,"8.21","2021-05-29 12:00:00"
"581731",34,"1.242","2021-03-17 14:45:00"
"582943",34,"0","2021-03-17 15:00:00"
"583098",34,"0.5700000000000001","2021-03-17 15:15:00"
"581752",34,"7.172","2021-05-29 12:45:00"
"582835",34,"6.59","2021-05-29 13:00:00"
"583025",34,"6.515","2021-05-29 13:15:00"
"582718",34,"1.677","2021-04-20 09:00:00"
"582916",34,"1.613","2021-04-20 09:15:00"
"583088",34,"2.176","2021-04-20 09:30:00"
"581933",34,"1.94","2021-07-09 15:45:00"
"581987",34,"2.191","2021-07-09 16:00:00"
"582581",34,"2.778","2021-07-09 18:45:00"
"582635",34,"2.911","2021-07-09 19:00:00"
"582689",34,"2.677","2021-07-09 19:15:00"
"582824",34,"2.169","2021-07-09 19:30:00"
"585797",34,"2.172","2021-07-09 19:45:00"
"585851",34,"2.109","2021-07-09 20:00:00"
"583218",34,"6.718","2021-05-29 13:30:00"
"583366",34,"6.453","2021-05-29 13:45:00"
"583241",34,"2.376","2021-04-20 09:45:00"
"583382",34,"2.734","2021-04-20 10:00:00"
"584605",34,"0.92","2021-03-17 17:30:00"
"584801",34,"2.456","2021-03-17 17:45:00"
"584611",34,"4.848","2021-05-29 15:45:00"
"584741",34,"3.461","2021-05-29 16:00:00"
"584543",34,"3.33","2021-04-20 11:45:00"
"584725",34,"3.039","2021-04-20 12:00:00"
"584853",34,"2.493","2021-05-29 16:15:00"
"585016",34,"1.943","2021-05-29 16:30:00"
"585155",34,"1.021","2021-05-29 16:45:00"
"586013",34,"0.25","2021-07-09 20:45:00"
"586067",34,"2.175","2021-07-09 21:00:00"
"586121",34,"1.6280000000000001","2021-07-09 21:15:00"
"586175",34,"2.194","2021-07-09 21:30:00"
"586229",34,"2.456","2021-07-09 21:45:00"
"586283",34,"2.379","2021-07-09 22:00:00"
"587403",34,"1.927","2021-07-09 23:30:00"
"587600",34,"1.218","2021-07-09 23:45:00"
"587226",34,"2.225","2021-04-20 14:45:00"
"587396",34,"2.636","2021-04-20 15:00:00"
"587639",34,"0.6900000000000001","2021-04-20 15:15:00"
"587467",34,"0","2021-03-17 20:45:00"
"587680",34,"0","2021-03-17 21:00:00"
"587826",34,"1.088","2021-07-10 00:00:00"
"588078",34,"0.49","2021-07-10 00:15:00"
"592172",34,"0.77","2021-07-10 03:45:00"
"592333",34,"0.76","2021-07-10 04:00:00"
"592530",34,"0","2021-07-10 04:15:00"
"592497",34,"0","2021-05-30 01:30:00"
"592758",34,"0.9500000000000001","2021-05-30 01:45:00"
"592424",34,"0","2021-03-18 01:15:00"
"592624",34,"0","2021-03-18 01:30:00"
"592756",34,"0","2021-07-10 04:30:00"
"592943",34,"0","2021-07-10 04:45:00"
"593795",34,"0","2021-07-10 05:00:00"
"593883",34,"0.08","2021-07-10 05:15:00"
"593990",34,"1.1440000000000001","2021-07-10 05:30:00"
"594041",34,"4.357","2021-04-20 23:15:00"
"594187",34,"4.105","2021-04-20 23:30:00"
"594183",34,"1.2570000000000001","2021-07-10 05:45:00"
"594333",34,"0.79","2021-07-10 06:00:00"
"594262",34,"0.96","2021-05-30 03:15:00"
"594406",34,"3.166","2021-05-30 03:30:00"
"594578",34,"4.816","2021-05-30 03:45:00"
"596009",34,"4.566","2021-05-30 05:45:00"
"596196",34,"2.372","2021-05-30 06:00:00"
"596434",34,"2.859","2021-05-30 06:15:00"
"596078",34,"2.243","2021-04-21 02:15:00"
"596294",34,"2.234","2021-04-21 02:30:00"
"596508",34,"2.302","2021-04-21 02:45:00"
"596260",34,"0","2021-03-18 05:30:00"
"596443",34,"0.09","2021-03-18 05:45:00"
"596638",34,"0.01","2021-03-18 06:00:00"
"596573",34,"0.9","2021-07-10 09:00:00"
"596794",34,"0.97","2021-07-10 09:15:00"
"597192",34,"4.725","2021-05-30 07:15:00"
"597907",34,"3.158","2021-05-30 07:30:00"
"597277",34,"0","2021-03-18 07:00:00"
"597331",34,"0.13","2021-03-18 07:15:00"
"597385",34,"0.68","2021-03-18 07:30:00"
"597439",34,"1.035","2021-03-18 07:45:00"
"597493",34,"1.341","2021-03-18 08:00:00"
"597547",34,"0.41000000000000003","2021-03-18 08:15:00"
"597601",34,"0","2021-03-18 08:30:00"
"598752",34,"0","2021-04-21 05:00:00"
"598931",34,"0","2021-04-21 05:15:00"
"598881",34,"3.285","2021-05-30 09:00:00"
"599046",34,"3.401","2021-05-30 09:15:00"
"599213",34,"3.734","2021-05-30 09:30:00"
"598993",34,"2.303","2021-07-10 11:30:00"
"599148",34,"1.885","2021-07-10 11:45:00"
"599093",34,"0","2021-04-21 05:30:00"
"599236",34,"0","2021-04-21 05:45:00"
"599385",34,"0","2021-04-21 06:00:00"
"600558",34,"2.133","2021-03-18 10:45:00"
"600748",34,"2.602","2021-03-18 11:00:00"
"600646",34,"1.099","2021-07-10 13:30:00"
"600866",34,"1.384","2021-07-10 13:45:00"
"600696",34,"0","2021-04-21 07:30:00"
"600925",34,"0","2021-04-21 07:45:00"
"600926",34,"3.101","2021-05-30 11:30:00"
"600947",34,"2.852","2021-03-18 11:15:00"
"601093",34,"3.831","2021-05-30 11:45:00"
"601794",34,"1.057","2021-05-30 12:00:00"
"602017",34,"0","2021-04-21 08:30:00"
"602197",34,"0.65","2021-04-21 08:45:00"
"602348",34,"1.553","2021-04-21 09:00:00"
"602134",34,"0.63","2021-07-10 14:45:00"
"602306",34,"0.35000000000000003","2021-07-10 15:00:00"
"602430",34,"0.13","2021-05-30 13:00:00"
"602616",34,"1.026","2021-05-30 13:15:00"
"602501",34,"2.026","2021-04-21 09:15:00"
"602636",34,"3.088","2021-04-21 09:30:00"
"603772",34,"1.887","2021-03-18 14:30:00"
"603989",34,"1.78","2021-03-18 14:45:00"
"604217",34,"0.9500000000000001","2021-03-18 15:00:00"
"604016",34,"0.21","2021-05-30 15:00:00"
"604234",34,"0","2021-05-30 15:15:00"
"604422",34,"0.34","2021-05-30 15:30:00"
"604053",34,"1.449","2021-07-10 17:30:00"
"604261",34,"1.345","2021-07-10 17:45:00"
"604520",34,"1.449","2021-07-10 18:00:00"
"604130",34,"4.043","2021-04-21 11:30:00"
"604333",34,"4.837","2021-04-21 11:45:00"
"605491",34,"0.4","2021-03-18 17:15:00"
"605545",34,"0","2021-03-18 17:30:00"
"605599",34,"0.52","2021-03-18 17:45:00"
"605653",34,"0.34","2021-03-18 18:00:00"
"605707",34,"0","2021-03-18 18:15:00"
"605761",34,"0.81","2021-03-18 18:30:00"
"608815",34,"1.657","2021-03-18 18:45:00"
"608869",34,"1.444","2021-03-18 19:00:00"
"605829",34,"3.382","2021-04-21 13:00:00"
"605883",34,"2.754","2021-04-21 13:15:00"
"606477",34,"1.845","2021-04-21 16:00:00"
"606531",34,"2.355","2021-04-21 16:15:00"
"606585",34,"0.23","2021-04-21 16:30:00"
"606666",34,"0.36","2021-04-21 16:45:00"
"606779",34,"2.195","2021-04-21 17:00:00"
"606793",34,"1.3559999999999999","2021-07-10 19:15:00"
"606894",34,"1.577","2021-07-10 19:30:00"
"606981",34,"1.742","2021-07-10 19:45:00"
"606888",34,"2.443","2021-04-21 17:15:00"
"609801",34,"2.044","2021-04-21 17:30:00"
"609855",34,"2.527","2021-04-21 17:45:00"
"608178",34,"0.42","2021-05-30 18:45:00"
"608262",34,"1.8090000000000002","2021-05-30 19:00:00"
"608250",34,"0","2021-07-10 23:15:00"
"610791",34,"0.5","2021-07-10 23:30:00"
"608349",34,"2.498","2021-05-30 19:15:00"
"608409",34,"2.721","2021-05-30 19:30:00"
"608463",34,"2.434","2021-05-30 19:45:00"
"608517",34,"1.804","2021-05-30 20:00:00"
"608571",34,"0.53","2021-05-30 20:15:00"
"609733",34,"0.29","2021-03-18 23:00:00"
"612623",34,"2.422","2021-03-18 23:15:00"
"612736",34,"2.85","2021-03-18 23:30:00"
"609909",34,"2.368","2021-04-21 18:00:00"
"609963",34,"1.146","2021-04-21 18:15:00"
"610017",34,"0.04","2021-04-21 18:30:00"
"610071",34,"0","2021-04-21 18:45:00"
"610125",34,"0.13","2021-04-21 19:00:00"
"610179",34,"0","2021-04-21 19:15:00"
"610233",34,"1.446","2021-04-21 19:30:00"
"610287",34,"1.838","2021-04-21 19:45:00"
"611385",34,"1.682","2021-07-11 02:15:00"
"611439",34,"2.039","2021-07-11 02:30:00"
"611493",34,"1.9729999999999999","2021-07-11 02:45:00"
"611547",34,"0.7000000000000001","2021-07-11 03:00:00"
"611601",34,"1.995","2021-07-11 03:15:00"
"611655",34,"1.454","2021-07-11 03:30:00"
"611709",34,"1.411","2021-07-11 03:45:00"
"611763",34,"1.549","2021-07-11 04:00:00"
"611895",34,"0.78","2021-05-30 21:45:00"
"611949",34,"0.05","2021-05-30 22:00:00"
"612003",34,"0.48","2021-05-30 22:15:00"
"613165",34,"3.556","2021-03-19 01:00:00"
"613219",34,"4.066","2021-03-19 01:15:00"
"613273",34,"4.053","2021-03-19 01:30:00"
"613327",34,"3.961","2021-03-19 01:45:00"
"613381",34,"4.392","2021-03-19 02:00:00"
"613435",34,"4.494","2021-03-19 02:15:00"
"613489",34,"3.424","2021-03-19 02:30:00"
"613543",34,"2.992","2021-03-19 02:45:00"
"613597",34,"2.842","2021-03-19 03:00:00"
"613651",34,"2.8","2021-03-19 03:15:00"
"614313",34,"3.641","2021-04-22 00:30:00"
"614367",34,"3.818","2021-04-22 00:45:00"
"614421",34,"3.024","2021-04-22 01:00:00"
"614475",34,"2.399","2021-04-22 01:15:00"
"614529",34,"2.797","2021-04-22 01:30:00"
"614583",34,"2.38","2021-04-22 01:45:00"
"614637",34,"1.308","2021-04-22 02:00:00"
"614691",34,"2.165","2021-04-22 02:15:00"
"614745",34,"2.033","2021-04-22 02:30:00"
"617799",34,"0.06","2021-04-22 02:45:00"
"615919",34,"0","2021-05-31 02:15:00"
"616091",34,"0","2021-05-31 02:30:00"
"616229",34,"0","2021-05-31 02:45:00"
"615970",34,"2.388","2021-03-19 04:45:00"
"616125",34,"2.677","2021-03-19 05:00:00"
"616324",34,"2.907","2021-03-19 05:15:00"
"616335",34,"0.1","2021-05-31 03:00:00"
"616460",34,"3.374","2021-03-19 05:30:00"
"616546",34,"3.391","2021-03-19 05:45:00"
"616630",34,"3.451","2021-03-19 06:00:00"
"617677",34,"0","2021-05-31 06:00:00"
"617731",34,"0","2021-05-31 06:15:00"
"620967",34,"0","2021-05-31 06:30:00"
"621047",34,"0","2021-05-31 06:45:00"
"621120",34,"0","2021-05-31 07:00:00"
"617853",34,"0.29","2021-04-22 03:00:00"
"617907",34,"0","2021-04-22 03:15:00"
"617961",34,"0.42","2021-04-22 03:30:00"
"618015",34,"0.53","2021-04-22 03:45:00"
"618069",34,"1.051","2021-04-22 04:00:00"
"619213",34,"4.229","2021-03-19 08:45:00"
"619410",34,"3.667","2021-03-19 09:00:00"
"619302",34,"1.963","2021-07-11 10:45:00"
"619378",34,"1.762","2021-07-11 11:00:00"
"619453",34,"2.058","2021-07-11 11:15:00"
"619532",34,"1.998","2021-07-11 11:30:00"
"619609",34,"0.23","2021-07-11 11:45:00"
"619589",34,"4.702","2021-03-19 09:15:00"
"619749",34,"4.771","2021-03-19 09:30:00"
"619918",34,"5.135","2021-03-19 09:45:00"
"620708",34,"4.5760000000000005","2021-03-19 12:30:00"
"620791",34,"5.032","2021-03-19 12:45:00"
"620867",34,"4.49","2021-03-19 13:00:00"
"622811",34,"4.73","2021-03-19 13:15:00"
"622865",34,"5.247","2021-03-19 13:30:00"
"620933",34,"1.7930000000000001","2021-04-22 08:00:00"
"621043",34,"2.063","2021-04-22 08:15:00"
"621222",34,"0.71","2021-04-22 08:30:00"
"621201",34,"0","2021-05-31 07:15:00"
"578963",34,"0","2021-04-20 05:00:00"
"579245",34,"0","2021-04-20 05:15:00"
"579442",34,"0","2021-04-20 05:30:00"
"578953",34,"4.549","2021-05-29 08:45:00"
"579155",34,"5.225","2021-05-29 09:00:00"
"579355",34,"5.716","2021-05-29 09:15:00"
"579260",34,"2.187","2021-07-09 14:30:00"
"579512",34,"2.691","2021-07-09 14:45:00"
"579383",34,"0","2021-03-17 11:15:00"
"579638",34,"1.466","2021-03-17 11:30:00"
"579815",34,"2.33","2021-03-17 11:45:00"
"579972",34,"0","2021-04-20 06:15:00"
"580157",34,"0","2021-04-20 06:30:00"
"580309",34,"0","2021-04-20 06:45:00"
"579962",34,"5.353","2021-05-29 10:00:00"
"580118",34,"5.843","2021-05-29 10:15:00"
"580289",34,"5.691","2021-05-29 10:30:00"
"580287",34,"2.652","2021-03-17 12:30:00"
"580442",34,"2.827","2021-03-17 12:45:00"
"580596",34,"3.64","2021-03-17 13:00:00"
"580464",34,"0","2021-04-20 07:00:00"
"580616",34,"0","2021-04-20 07:15:00"
"580953",34,"0","2021-04-20 07:45:00"
"581128",34,"0.07","2021-04-20 08:00:00"
"581299",34,"0.56","2021-04-20 08:15:00"
"581388",34,"2.307","2021-03-17 14:15:00"
"581578",34,"2.199","2021-03-17 14:30:00"
"581440",34,"8.13","2021-05-29 12:15:00"
"581600",34,"7.928","2021-05-29 12:30:00"
"581453",34,"2.121","2021-04-20 08:30:00"
"581602",34,"2.406","2021-04-20 08:45:00"
"582041",34,"2.151","2021-07-09 16:15:00"
"582095",34,"2.555","2021-07-09 16:30:00"
"582149",34,"2.049","2021-07-09 16:45:00"
"582203",34,"2.665","2021-07-09 17:00:00"
"582257",34,"2.678","2021-07-09 17:15:00"
"582311",34,"2.373","2021-07-09 17:30:00"
"582365",34,"2.385","2021-07-09 17:45:00"
"582419",34,"2.336","2021-07-09 18:00:00"
"582473",34,"2.293","2021-07-09 18:15:00"
"582527",34,"2.539","2021-07-09 18:30:00"
"583264",34,"2.12","2021-03-17 15:30:00"
"583463",34,"2.504","2021-03-17 15:45:00"
"583520",34,"6.728","2021-05-29 14:00:00"
"583557",34,"3.316","2021-04-20 10:15:00"
"583617",34,"2.046","2021-03-17 16:00:00"
"583761",34,"1.957","2021-03-17 16:15:00"
"583914",34,"1.9180000000000001","2021-03-17 16:30:00"
"583681",34,"6.027","2021-05-29 14:15:00"
"583852",34,"5.588","2021-05-29 14:30:00"
"584033",34,"6.201","2021-05-29 14:45:00"
"584929",34,"3.204","2021-04-20 12:15:00"
"585073",34,"3.819","2021-04-20 12:30:00"
"585259",34,"2.529","2021-04-20 12:45:00"
"584963",34,"0.59","2021-03-17 18:00:00"
"585145",34,"0","2021-03-17 18:15:00"
"585296",34,"0","2021-03-17 18:30:00"
"585325",34,"0.16","2021-05-29 17:00:00"
"585501",34,"0.52","2021-05-29 17:15:00"
"586477",34,"1.1320000000000001","2021-05-29 17:30:00"
"585412",34,"3.043","2021-04-20 13:00:00"
"585573",34,"2.363","2021-04-20 13:15:00"
"586750",34,"1.925","2021-07-09 22:45:00"
"586957",34,"1.073","2021-07-09 23:00:00"
"586798",34,"2.31","2021-04-20 14:15:00"
"587010",34,"1.501","2021-04-20 14:30:00"
"586820",34,"0","2021-03-17 20:00:00"
"587039",34,"0","2021-03-17 20:15:00"
"587228",34,"0","2021-03-17 20:30:00"
"587165",34,"1.291","2021-05-29 18:15:00"
"587390",34,"1.8479999999999999","2021-05-29 18:30:00"
"587602",34,"1.203","2021-05-29 18:45:00"
"588421",34,"0.11","2021-05-29 19:45:00"
"588576",34,"0.77","2021-05-29 20:00:00"
"588416",34,"0","2021-03-17 22:00:00"
"588570",34,"1.3940000000000001","2021-03-17 22:15:00"
"588702",34,"1.748","2021-04-20 16:45:00"
"588861",34,"1.759","2021-04-20 17:00:00"
"589039",34,"1.499","2021-04-20 17:15:00"
"588733",34,"1.423","2021-05-29 20:15:00"
"588892",34,"1.403","2021-05-29 20:30:00"
"589043",34,"1.529","2021-05-29 20:45:00"
"589509",34,"0.9400000000000001","2021-05-29 21:30:00"
"589706",34,"0","2021-05-29 21:45:00"
"589765",34,"0.11","2021-05-29 22:00:00"
"589565",34,"0.77","2021-04-20 18:00:00"
"589709",34,"0.05","2021-04-20 18:15:00"
"589833",34,"0.19","2021-04-20 18:30:00"
"589539",34,"0","2021-03-17 23:45:00"
"589676",34,"0","2021-03-18 00:00:00"
"591736",34,"0","2021-03-18 00:15:00"
"589953",34,"0.56","2021-05-29 22:15:00"
"590075",34,"1.6920000000000002","2021-05-29 22:30:00"
"590574",34,"0.41000000000000003","2021-04-20 20:00:00"
"590758",34,"0.99","2021-04-20 20:15:00"
"590689",34,"0.48","2021-05-29 23:30:00"
"590840",34,"0","2021-05-29 23:45:00"
"590727",34,"1.311","2021-07-10 01:15:00"
"590875",34,"1.192","2021-07-10 01:30:00"
"591023",34,"1.379","2021-07-10 01:45:00"
"590957",34,"2.553","2021-04-20 20:30:00"
"591095",34,"3.055","2021-04-20 20:45:00"
"591279",34,"2.171","2021-04-20 21:00:00"
"591585",34,"0.67","2021-05-30 00:45:00"
"591815",34,"0","2021-05-30 01:00:00"
"592149",34,"0","2021-05-30 01:15:00"
"591855",34,"0.9500000000000001","2021-07-10 03:15:00"
"592014",34,"1.129","2021-07-10 03:30:00"
"591942",34,"0","2021-03-18 00:30:00"
"592100",34,"0","2021-03-18 00:45:00"
"592251",34,"0","2021-03-18 01:00:00"
"592295",34,"2.087","2021-04-20 22:00:00"
"592508",34,"1.929","2021-04-20 22:15:00"
"593941",34,"0","2021-05-30 02:45:00"
"594095",34,"0.25","2021-05-30 03:00:00"
"593413",34,"0","2021-03-18 03:00:00"
"593467",34,"0","2021-03-18 03:15:00"
"593521",34,"0","2021-03-18 03:30:00"
"593575",34,"0","2021-03-18 03:45:00"
"593629",34,"0.61","2021-03-18 04:00:00"
"593683",34,"0.37","2021-03-18 04:15:00"
"593737",34,"0","2021-03-18 04:30:00"
"595542",34,"0","2021-03-18 04:45:00"
"595024",34,"1.533","2021-07-10 07:00:00"
"595176",34,"1.308","2021-07-10 07:15:00"
"595318",34,"0.97","2021-07-10 07:30:00"
"595087",34,"1.87","2021-05-30 04:30:00"
"595239",34,"2.302","2021-05-30 04:45:00"
"595422",34,"2.8369999999999997","2021-05-30 05:00:00"
"595117",34,"2.5789999999999997","2021-04-21 01:00:00"
"595297",34,"2.366","2021-04-21 01:15:00"
"595441",34,"2.996","2021-04-21 01:30:00"
"595487",34,"1.2570000000000001","2021-07-10 07:45:00"
"595684",34,"1.208","2021-07-10 08:00:00"
"596642",34,"2.51","2021-05-30 06:30:00"
"596820",34,"2.433","2021-05-30 06:45:00"
"597017",34,"4.786","2021-05-30 07:00:00"
"596761",34,"0.98","2021-04-21 03:00:00"
"596968",34,"1.904","2021-04-21 03:15:00"
"597153",34,"0.93","2021-04-21 03:30:00"
"596871",34,"0","2021-03-18 06:15:00"
"597068",34,"0","2021-03-18 06:30:00"
"597217",34,"0","2021-03-18 06:45:00"
"597039",34,"1.121","2021-07-10 09:30:00"
"597860",34,"1.623","2021-07-10 09:45:00"
"598023",34,"1.434","2021-07-10 10:00:00"
"598200",34,"1.5070000000000001","2021-07-10 10:15:00"
"598351",34,"1.357","2021-07-10 10:30:00"
"598271",34,"0","2021-04-21 04:15:00"
"598423",34,"0","2021-04-21 04:30:00"
"598568",34,"0","2021-04-21 04:45:00"
"598557",34,"3.559","2021-05-30 08:30:00"
"598726",34,"2.7119999999999997","2021-05-30 08:45:00"
"598543",34,"1.528","2021-07-10 10:45:00"
"598680",34,"2.106","2021-07-10 11:00:00"
"598829",34,"2.262","2021-07-10 11:15:00"
"599900",34,"2.6310000000000002","2021-03-18 10:00:00"
"600104",34,"2.665","2021-03-18 10:15:00"
"600349",34,"2.315","2021-03-18 10:30:00"
"599992",34,"1.316","2021-07-10 12:45:00"
"600199",34,"0.88","2021-07-10 13:00:00"
"600431",34,"0.9500000000000001","2021-07-10 13:15:00"
"600029",34,"0","2021-04-21 06:45:00"
"600251",34,"0","2021-04-21 07:00:00"
"600453",34,"0","2021-04-21 07:15:00"
"600467",34,"1.173","2021-05-30 11:00:00"
"600693",34,"2.211","2021-05-30 11:15:00"
"601519",34,"2.928","2021-03-18 12:45:00"
"601573",34,"2.317","2021-03-18 13:00:00"
"601627",34,"0.93","2021-03-18 13:15:00"
"601681",34,"2.002","2021-03-18 13:30:00"
"601735",34,"1.909","2021-03-18 13:45:00"
"603310",34,"2.856","2021-03-18 14:00:00"
"603532",34,"2.507","2021-03-18 14:15:00"
"601944",34,"1.199","2021-05-30 12:15:00"
"602110",34,"0","2021-05-30 12:30:00"
"602275",34,"0","2021-05-30 12:45:00"
"603210",34,"1.441","2021-07-10 16:30:00"
"603255",34,"3.651","2021-04-21 10:30:00"
"603399",34,"0","2021-05-30 14:15:00"
"603597",34,"0.81","2021-05-30 14:30:00"
"603784",34,"0.67","2021-05-30 14:45:00"
"603464",34,"4.386","2021-04-21 10:45:00"
"603661",34,"4.489","2021-04-21 11:00:00"
"603920",34,"4.097","2021-04-21 11:15:00"
"603425",34,"1.031","2021-07-10 16:45:00"
"603641",34,"1.7429999999999999","2021-07-10 17:00:00"
"603828",34,"1.416","2021-07-10 17:15:00"
"604969",34,"3.423","2021-04-21 12:45:00"
"605075",34,"1.462","2021-07-10 18:30:00"
"605092",34,"2.5789999999999997","2021-05-30 16:30:00"
"605199",34,"1.307","2021-03-18 16:00:00"
"605275",34,"0.5700000000000001","2021-03-18 16:15:00"
"605212",34,"1.472","2021-07-10 18:45:00"
"606689",34,"1.6840000000000002","2021-07-10 19:00:00"
"605329",34,"0.87","2021-03-18 16:30:00"
"605383",34,"0.17","2021-03-18 16:45:00"
"605437",34,"0.68","2021-03-18 17:00:00"
"607035",34,"1.73","2021-07-10 20:00:00"
"607089",34,"0.9","2021-07-10 20:15:00"
"607143",34,"0.14","2021-07-10 20:30:00"
"607197",34,"0","2021-07-10 20:45:00"
"607251",34,"1.078","2021-07-10 21:00:00"
"607342",34,"2.95","2021-05-30 16:45:00"
"607453",34,"0.96","2021-05-30 17:00:00"
"607337",34,"1.749","2021-07-10 21:15:00"
"607442",34,"1.9260000000000002","2021-07-10 21:30:00"
"607544",34,"2.33","2021-07-10 21:45:00"
"608625",34,"1.219","2021-05-30 20:30:00"
"608679",34,"1.4100000000000001","2021-05-30 20:45:00"
"608733",34,"0","2021-05-30 21:00:00"
"611787",34,"0","2021-05-30 21:15:00"
"611841",34,"0.36","2021-05-30 21:30:00"
"608923",34,"0.11","2021-03-18 19:15:00"
"608977",34,"0","2021-03-18 19:30:00"
"609031",34,"0","2021-03-18 19:45:00"
"609085",34,"0","2021-03-18 20:00:00"
"609139",34,"0","2021-03-18 20:15:00"
"610341",34,"2.452","2021-04-21 20:00:00"
"610395",34,"0.5700000000000001","2021-04-21 20:15:00"
"610449",34,"0.27","2021-04-21 20:30:00"
"610503",34,"0.41000000000000003","2021-04-21 20:45:00"
"610557",34,"0","2021-04-21 21:00:00"
"610611",34,"0","2021-04-21 21:15:00"
"610665",34,"0","2021-04-21 21:30:00"
"610719",34,"0","2021-04-21 21:45:00"
"610773",34,"0","2021-04-21 22:00:00"
"613827",34,"0","2021-04-21 22:15:00"
"612057",34,"2.299","2021-05-30 22:30:00"
"612111",34,"1.549","2021-05-30 22:45:00"
"612165",34,"1.8479999999999999","2021-05-30 23:00:00"
"612219",34,"1.904","2021-05-30 23:15:00"
"612273",34,"1.889","2021-05-30 23:30:00"
"612327",34,"2.399","2021-05-30 23:45:00"
"612381",34,"2.685","2021-05-31 00:00:00"
"612435",34,"1.129","2021-05-31 00:15:00"
"612489",34,"0","2021-05-31 00:30:00"
"612543",34,"0","2021-05-31 00:45:00"
"613705",34,"2.563","2021-03-19 03:30:00"
"613759",34,"1.561","2021-03-19 03:45:00"
"613881",34,"1.404","2021-04-21 22:30:00"
"613935",34,"2.656","2021-04-21 22:45:00"
"613989",34,"3.5540000000000003","2021-04-21 23:00:00"
"614043",34,"3.006","2021-04-21 23:15:00"
"614097",34,"3.428","2021-04-21 23:30:00"
"614151",34,"4.711","2021-04-21 23:45:00"
"614205",34,"4.627","2021-04-22 00:00:00"
"614259",34,"4.43","2021-04-22 00:15:00"
"615357",34,"1.496","2021-07-11 06:45:00"
"615411",34,"0.96","2021-07-11 07:00:00"
"615465",34,"1.947","2021-07-11 07:15:00"
"615536",34,"2.074","2021-07-11 07:30:00"
"615644",34,"1.7530000000000001","2021-07-11 07:45:00"
"615579",34,"1.704","2021-03-19 04:00:00"
"615685",34,"2.588","2021-03-19 04:15:00"
"615817",34,"2.18","2021-03-19 04:30:00"
"615833",34,"1.686","2021-07-11 08:00:00"
"615994",34,"1.295","2021-07-11 08:15:00"
"616157",34,"1.1440000000000001","2021-07-11 08:30:00"
"617176",34,"0","2021-05-31 04:45:00"
"617297",34,"0","2021-05-31 05:00:00"
"617206",34,"3.016","2021-03-19 07:30:00"
"617310",34,"3.411","2021-03-19 07:45:00"
"617404",34,"0","2021-05-31 05:15:00"
"617511",34,"0","2021-05-31 05:30:00"
"617613",34,"0.04","2021-05-31 05:45:00"
"617419",34,"3.2800000000000002","2021-03-19 08:00:00"
"617529",34,"3.9859999999999998","2021-03-19 08:15:00"
"619043",34,"4.133","2021-03-19 08:30:00"
"618663",34,"0.16","2021-04-22 06:45:00"
"618717",34,"0.22","2021-04-22 07:00:00"
"618771",34,"0.8300000000000001","2021-04-22 07:15:00"
"618789",34,"0.71","2021-07-11 08:45:00"
"618843",34,"0.73","2021-07-11 09:00:00"
"618897",34,"0.14","2021-07-11 09:15:00"
"618951",34,"0.14","2021-07-11 09:30:00"
"619005",34,"0.78","2021-07-11 09:45:00"
"619075",34,"1.396","2021-07-11 10:00:00"
"619147",34,"1.933","2021-07-11 10:15:00"
"619230",34,"1.659","2021-07-11 10:30:00"
"620271",34,"5.305","2021-03-19 10:45:00"
"620325",34,"5.58","2021-03-19 11:00:00"
"620379",34,"5.038","2021-03-19 11:15:00"
"620433",34,"4.446","2021-03-19 11:30:00"
"620487",34,"5.07","2021-03-19 11:45:00"
"620551",34,"5.567","2021-03-19 12:00:00"
"620628",34,"5.753","2021-03-19 12:15:00"
"620665",34,"0.34","2021-04-22 07:30:00"
"620828",34,"2.313","2021-04-22 07:45:00"
"621755",34,"0","2021-05-31 09:00:00"
"621832",34,"0","2021-05-31 09:15:00"
"621909",34,"0","2021-05-31 09:30:00"
"621985",34,"0","2021-05-31 09:45:00"
"621280",34,"0","2021-05-31 07:30:00"
"622381",34,"0.04","2021-05-31 11:00:00"
"623917",34,"0","2021-05-31 11:15:00"
"624180",34,"0.35000000000000003","2021-05-31 11:30:00"
"622473",34,"4.756","2021-04-22 10:30:00"
"622527",34,"4.415","2021-04-22 10:45:00"
"622581",34,"5.327","2021-04-22 11:00:00"
"622635",34,"5.763","2021-04-22 11:15:00"
"622689",34,"4.702","2021-04-22 11:30:00"
"622743",34,"4.853","2021-04-22 11:45:00"
"623816",34,"4.803","2021-04-22 12:00:00"
"624001",34,"4.471","2021-04-22 12:15:00"
"628092",34,"3.042","2021-04-22 20:15:00"
"628221",34,"2.552","2021-04-22 20:30:00"
"628046",34,"1.46","2021-07-11 20:15:00"
"628147",34,"1.318","2021-07-11 20:30:00"
"628243",34,"1.952","2021-07-11 20:45:00"
"628341",34,"2.01","2021-07-11 21:00:00"
"628342",34,"2.93","2021-04-22 20:45:00"
"628429",34,"1.54","2021-07-11 21:15:00"
"628465",34,"2.513","2021-04-22 21:00:00"
"630795",34,"1.528","2021-04-22 21:15:00"
"630849",34,"1.579","2021-04-22 21:30:00"
"628999",34,"0.11","2021-05-31 16:45:00"
"629053",34,"1.374","2021-05-31 17:00:00"
"629107",34,"0.6000000000000001","2021-05-31 17:15:00"
"629161",34,"0.8","2021-05-31 17:30:00"
"629215",34,"0.34","2021-05-31 17:45:00"
"629269",34,"0.13","2021-05-31 18:00:00"
"629323",34,"0","2021-05-31 18:15:00"
"629377",34,"0.14","2021-05-31 18:30:00"
"629431",34,"0.35000000000000003","2021-05-31 18:45:00"
"629493",34,"0","2021-05-31 19:00:00"
"630755",34,"3.669","2021-03-19 22:15:00"
"633500",34,"4.048","2021-03-19 22:30:00"
"630903",34,"1.486","2021-04-22 21:45:00"
"630957",34,"1.3599999999999999","2021-04-22 22:00:00"
"631011",34,"1.568","2021-04-22 22:15:00"
"631065",34,"1.923","2021-04-22 22:30:00"
"586379",34,"2.628","2021-07-09 22:15:00"
"586549",34,"2.098","2021-07-09 22:30:00"
"586702",34,"0.30000000000000004","2021-05-29 17:45:00"
"586926",34,"0.27","2021-05-29 18:00:00"
"587825",34,"1.173","2021-05-29 19:00:00"
"588031",34,"1.09","2021-05-29 19:15:00"
"588255",34,"0.8300000000000001","2021-05-29 19:30:00"
"587847",34,"0.16","2021-04-20 15:30:00"
"588045",34,"1.595","2021-04-20 15:45:00"
"588205",34,"2.456","2021-04-20 16:00:00"
"587887",34,"0","2021-03-17 21:15:00"
"588091",34,"0","2021-03-17 21:30:00"
"588236",34,"0","2021-03-17 21:45:00"
"588345",34,"1.951","2021-04-20 16:15:00"
"588532",34,"0.77","2021-04-20 16:30:00"
"588734",34,"1.748","2021-03-17 22:30:00"
"588900",34,"0.28","2021-03-17 22:45:00"
"589056",34,"0","2021-03-17 23:00:00"
"589217",34,"1.837","2021-05-29 21:00:00"
"589353",34,"1.683","2021-05-29 21:15:00"
"589186",34,"2.06","2021-04-20 17:30:00"
"589363",34,"1.336","2021-04-20 17:45:00"
"589222",34,"0","2021-03-17 23:15:00"
"589394",34,"0","2021-03-17 23:30:00"
"589892",34,"0.25","2021-04-20 18:45:00"
"589995",34,"0.98","2021-04-20 19:00:00"
"590106",34,"2.323","2021-04-20 19:15:00"
"590247",34,"1.216","2021-04-20 19:30:00"
"590395",34,"1.411","2021-04-20 19:45:00"
"590227",34,"1.228","2021-05-29 22:45:00"
"590366",34,"0.14","2021-05-29 23:00:00"
"590518",34,"1.909","2021-05-29 23:15:00"
"590235",34,"0","2021-07-10 00:30:00"
"590440",34,"0.22","2021-07-10 00:45:00"
"590588",34,"0.85","2021-07-10 01:00:00"
"591008",34,"0","2021-05-30 00:00:00"
"591187",34,"0","2021-05-30 00:15:00"
"591383",34,"0","2021-05-30 00:30:00"
"591183",34,"1.316","2021-07-10 02:00:00"
"591300",34,"1.232","2021-07-10 02:15:00"
"591417",34,"0.93","2021-07-10 02:30:00"
"591530",34,"0.8300000000000001","2021-07-10 02:45:00"
"591639",34,"1.008","2021-07-10 03:00:00"
"591486",34,"2.231","2021-04-20 21:15:00"
"591727",34,"2.148","2021-04-20 21:30:00"
"591998",34,"2.046","2021-04-20 21:45:00"
"592697",34,"2.14","2021-04-20 22:30:00"
"592933",34,"1.7000000000000002","2021-04-20 22:45:00"
"593865",34,"2.418","2021-04-20 23:00:00"
"592835",34,"0.43","2021-03-18 01:45:00"
"593047",34,"0","2021-03-18 02:00:00"
"593171",34,"0","2021-03-18 02:15:00"
"592982",34,"0.6900000000000001","2021-05-30 02:00:00"
"593133",34,"0.13","2021-05-30 02:15:00"
"593236",34,"0","2021-05-30 02:30:00"
"593283",34,"0","2021-03-18 02:30:00"
"593359",34,"0","2021-03-18 02:45:00"
"594356",34,"4.08","2021-04-20 23:45:00"
"594510",34,"2.939","2021-04-21 00:00:00"
"594660",34,"2.407","2021-04-21 00:15:00"
"594509",34,"1.051","2021-07-10 06:15:00"
"594673",34,"1.306","2021-07-10 06:30:00"
"594834",34,"1.172","2021-07-10 06:45:00"
"594743",34,"3.776","2021-05-30 04:00:00"
"594903",34,"2.708","2021-05-30 04:15:00"
"594833",34,"2.341","2021-04-21 00:30:00"
"594957",34,"2.368","2021-04-21 00:45:00"
"595613",34,"2.786","2021-05-30 05:15:00"
"595800",34,"3.483","2021-05-30 05:30:00"
"595644",34,"2.84","2021-04-21 01:45:00"
"595848",34,"2.324","2021-04-21 02:00:00"
"595783",34,"0.18","2021-03-18 05:00:00"
"595990",34,"0.17","2021-03-18 05:15:00"
"595937",34,"0.98","2021-07-10 08:15:00"
"596126",34,"1.099","2021-07-10 08:30:00"
"596328",34,"1.268","2021-07-10 08:45:00"
"597655",34,"0.73","2021-03-18 08:45:00"
"597709",34,"2.815","2021-03-18 09:00:00"
"597763",34,"2.052","2021-03-18 09:15:00"
"599460",34,"2.1390000000000002","2021-03-18 09:30:00"
"599664",34,"3.2560000000000002","2021-03-18 09:45:00"
"597958",34,"0.21","2021-04-21 03:45:00"
"598105",34,"0","2021-04-21 04:00:00"
"598071",34,"4.708","2021-05-30 07:45:00"
"598236",34,"4.92","2021-05-30 08:00:00"
"598405",34,"2.9619999999999997","2021-05-30 08:15:00"
"599388",34,"1.726","2021-05-30 09:45:00"
"599608",34,"2.485","2021-05-30 10:00:00"
"599360",34,"1.203","2021-07-10 12:00:00"
"599585",34,"1.661","2021-07-10 12:15:00"
"599802",34,"0.84","2021-07-10 12:30:00"
"599609",34,"0","2021-04-21 06:15:00"
"599813",34,"0","2021-04-21 06:30:00"
"599852",34,"3.092","2021-05-30 10:15:00"
"600081",34,"1.925","2021-05-30 10:30:00"
"600267",34,"1.647","2021-05-30 10:45:00"
"601125",34,"0","2021-04-21 08:00:00"
"601873",34,"0","2021-04-21 08:15:00"
"601249",34,"2.481","2021-03-18 11:30:00"
"601303",34,"3.178","2021-03-18 11:45:00"
"601076",34,"0.51","2021-07-10 14:00:00"
"601809",34,"1.524","2021-07-10 14:15:00"
"602000",34,"1.286","2021-07-10 14:30:00"
"601357",34,"2.988","2021-03-18 12:00:00"
"601411",34,"2.86","2021-03-18 12:15:00"
"601465",34,"3.549","2021-03-18 12:30:00"
"602491",34,"1.583","2021-07-10 15:15:00"
"602642",34,"0.81","2021-07-10 15:30:00"
"602781",34,"1.649","2021-07-10 15:45:00"
"602780",34,"3.659","2021-04-21 09:45:00"
"602935",34,"4.524","2021-04-21 10:00:00"
"603090",34,"4.162","2021-04-21 10:15:00"
"602910",34,"0.34","2021-07-10 16:00:00"
"603048",34,"1.191","2021-07-10 16:15:00"
"602848",34,"2.575","2021-05-30 13:30:00"
"603061",34,"4","2021-05-30 13:45:00"
"603222",34,"1.893","2021-05-30 14:00:00"
"604490",34,"4.572","2021-04-21 12:00:00"
"604640",34,"2.925","2021-04-21 12:15:00"
"604814",34,"4.054","2021-04-21 12:30:00"
"604604",34,"0","2021-05-30 15:45:00"
"604743",34,"0.96","2021-05-30 16:00:00"
"604517",34,"0.99","2021-03-18 15:15:00"
"604823",34,"1.155","2021-03-18 15:30:00"
"605058",34,"1.603","2021-03-18 15:45:00"
"604834",34,"1.5779999999999998","2021-07-10 18:15:00"
"604948",34,"0.5700000000000001","2021-05-30 16:15:00"
"605937",34,"3.5949999999999998","2021-04-21 13:30:00"
"605991",34,"2.751","2021-04-21 13:45:00"
"606045",34,"3.558","2021-04-21 14:00:00"
"606099",34,"3.638","2021-04-21 14:15:00"
"606153",34,"2.247","2021-04-21 14:30:00"
"606207",34,"2.26","2021-04-21 14:45:00"
"606261",34,"3.489","2021-04-21 15:00:00"
"606315",34,"1.9540000000000002","2021-04-21 15:15:00"
"606369",34,"1.96","2021-04-21 15:30:00"
"606423",34,"0.58","2021-04-21 15:45:00"
"607640",34,"1.972","2021-07-10 22:00:00"
"607746",34,"1.923","2021-07-10 22:15:00"
"607571",34,"2.574","2021-05-30 17:15:00"
"607687",34,"1.576","2021-05-30 17:30:00"
"607795",34,"3.274","2021-05-30 17:45:00"
"607855",34,"0.96","2021-07-10 22:30:00"
"607963",34,"1.349","2021-07-10 22:45:00"
"608081",34,"0.9400000000000001","2021-07-10 23:00:00"
"607905",34,"1.152","2021-05-30 18:00:00"
"608011",34,"2.217","2021-05-30 18:15:00"
"608104",34,"0.99","2021-05-30 18:30:00"
"609193",34,"1.399","2021-03-18 20:30:00"
"609247",34,"2.985","2021-03-18 20:45:00"
"609301",34,"2.393","2021-03-18 21:00:00"
"609355",34,"0.06","2021-03-18 21:15:00"
"609409",34,"0","2021-03-18 21:30:00"
"609463",34,"1.156","2021-03-18 21:45:00"
"609517",34,"1.11","2021-03-18 22:00:00"
"609571",34,"0.89","2021-03-18 22:15:00"
"609625",34,"0","2021-03-18 22:30:00"
"609679",34,"0","2021-03-18 22:45:00"
"610845",34,"1.387","2021-07-10 23:45:00"
"610899",34,"2.308","2021-07-11 00:00:00"
"610953",34,"1.433","2021-07-11 00:15:00"
"611007",34,"2.186","2021-07-11 00:30:00"
"611061",34,"2.1390000000000002","2021-07-11 00:45:00"
"611115",34,"2.092","2021-07-11 01:00:00"
"611169",34,"1.928","2021-07-11 01:15:00"
"611223",34,"2.038","2021-07-11 01:30:00"
"611277",34,"1.212","2021-07-11 01:45:00"
"611331",34,"1.094","2021-07-11 02:00:00"
"612597",34,"0","2021-05-31 01:00:00"
"612678",34,"0","2021-05-31 01:15:00"
"612790",34,"0","2021-05-31 01:30:00"
"612843",34,"2.809","2021-03-18 23:45:00"
"612949",34,"3.749","2021-03-19 00:00:00"
"612903",34,"0.2","2021-05-31 01:45:00"
"615741",34,"0","2021-05-31 02:00:00"
"613003",34,"3.7199999999999998","2021-03-19 00:15:00"
"613057",34,"3.12","2021-03-19 00:30:00"
"613111",34,"3.701","2021-03-19 00:45:00"
"614817",34,"1.092","2021-07-11 04:15:00"
"614871",34,"1.388","2021-07-11 04:30:00"
"614925",34,"1.5750000000000002","2021-07-11 04:45:00"
"614979",34,"1.702","2021-07-11 05:00:00"
"615033",34,"2.031","2021-07-11 05:15:00"
"615087",34,"1.592","2021-07-11 05:30:00"
"615141",34,"1.901","2021-07-11 05:45:00"
"615195",34,"1.9140000000000001","2021-07-11 06:00:00"
"615249",34,"1.737","2021-07-11 06:15:00"
"615303",34,"1.538","2021-07-11 06:30:00"
"616420",34,"0.5","2021-05-31 03:15:00"
"616549",34,"0.13","2021-05-31 03:30:00"
"616677",34,"0","2021-05-31 03:45:00"
"616739",34,"3.372","2021-03-19 06:15:00"
"616858",34,"3.24","2021-03-19 06:30:00"
"616784",34,"0","2021-05-31 04:00:00"
"616886",34,"0","2021-05-31 04:15:00"
"617007",34,"0","2021-05-31 04:30:00"
"616958",34,"3.062","2021-03-19 06:45:00"
"617046",34,"3.558","2021-03-19 07:00:00"
"617119",34,"3.523","2021-03-19 07:15:00"
"618123",34,"0.25","2021-04-22 04:15:00"
"618177",34,"0","2021-04-22 04:30:00"
"618231",34,"0","2021-04-22 04:45:00"
"618285",34,"0.02","2021-04-22 05:00:00"
"618339",34,"0.03","2021-04-22 05:15:00"
"618393",34,"0.01","2021-04-22 05:30:00"
"618447",34,"0","2021-04-22 05:45:00"
"618501",34,"0.08","2021-04-22 06:00:00"
"618555",34,"0.26","2021-04-22 06:15:00"
"618609",34,"0.13","2021-04-22 06:30:00"
"619689",34,"0.88","2021-07-11 12:00:00"
"619773",34,"0.42","2021-07-11 12:15:00"
"619851",34,"1.925","2021-07-11 12:30:00"
"619932",34,"0.71","2021-07-11 12:45:00"
"620011",34,"1.205","2021-07-11 13:00:00"
"620075",34,"5.629","2021-03-19 10:00:00"
"620163",34,"5.783","2021-03-19 10:15:00"
"620217",34,"5.197","2021-03-19 10:30:00"
"620109",34,"0.86","2021-07-11 13:15:00"
"622969",34,"1.846","2021-07-11 13:30:00"
"623036",34,"1.262","2021-07-11 13:45:00"
"621390",34,"1.3559999999999999","2021-04-22 08:45:00"
"621552",34,"1.028","2021-04-22 09:00:00"
"621360",34,"0","2021-05-31 07:45:00"
"621438",34,"0","2021-05-31 08:00:00"
"621516",34,"0.46","2021-05-31 08:15:00"
"621601",34,"0.18","2021-05-31 08:30:00"
"621677",34,"0","2021-05-31 08:45:00"
"621737",34,"3.111","2021-04-22 09:15:00"
"621911",34,"4.006","2021-04-22 09:30:00"
"622093",34,"4.468","2021-04-22 09:45:00"
"622921",34,"5.222","2021-03-19 13:45:00"
"623117",34,"4.212","2021-03-19 14:00:00"
"623276",34,"4.867","2021-03-19 14:15:00"
"623115",34,"0.72","2021-07-11 14:00:00"
"623198",34,"1.484","2021-07-11 14:15:00"
"623278",34,"1.488","2021-07-11 14:30:00"
"623349",34,"1.603","2021-07-11 14:45:00"
"623422",34,"0.6000000000000001","2021-07-11 15:00:00"
"623466",34,"3.7960000000000003","2021-03-19 14:30:00"
"623634",34,"3.558","2021-03-19 14:45:00"
"624173",34,"4.552","2021-04-22 12:30:00"
"624338",34,"5.275","2021-04-22 12:45:00"
"624504",34,"4.422","2021-04-22 13:00:00"
"624478",34,"0.86","2021-05-31 11:45:00"
"624764",34,"1.225","2021-05-31 12:00:00"
"624570",34,"1.687","2021-07-11 17:15:00"
"624733",34,"0.98","2021-07-11 17:30:00"
"624684",34,"4.717","2021-04-22 13:15:00"
"624873",34,"4.808","2021-04-22 13:30:00"
"625443",34,"3.553","2021-03-19 16:30:00"
"625634",34,"3.287","2021-03-19 16:45:00"
"625393",34,"3.719","2021-04-22 14:30:00"
"625521",34,"3.314","2021-04-22 14:45:00"
"625640",34,"0.12","2021-05-31 13:00:00"
"625838",34,"1.7810000000000001","2021-05-31 13:15:00"
"625644",34,"2.171","2021-04-22 15:00:00"
"625758",34,"1.955","2021-04-22 15:15:00"
"625872",34,"1.944","2021-04-22 15:30:00"
"629482",34,"3.096","2021-03-19 17:45:00"
"629589",34,"3.313","2021-03-19 18:00:00"
"626459",34,"2.2880000000000003","2021-05-31 14:15:00"
"626513",34,"2.437","2021-05-31 14:30:00"
"626567",34,"2.266","2021-05-31 14:45:00"
"626621",34,"1.7189999999999999","2021-05-31 15:00:00"
"626675",34,"1.733","2021-05-31 15:15:00"
"626729",34,"0.29","2021-05-31 15:30:00"
"628783",34,"1.252","2021-05-31 15:45:00"
"628837",34,"0.8200000000000001","2021-05-31 16:00:00"
"627483",34,"1.443","2021-07-11 19:00:00"
"627677",34,"0.8200000000000001","2021-07-11 19:15:00"
"627788",34,"2.125","2021-07-11 19:30:00"
"627552",34,"2.6","2021-04-22 19:00:00"
"627623",34,"2.847","2021-04-22 19:15:00"
"627703",34,"3.084","2021-04-22 19:30:00"
"627818",34,"2.956","2021-04-22 19:45:00"
"627933",34,"2.808","2021-04-22 20:00:00"
"627891",34,"1.899","2021-07-11 19:45:00"
"627979",34,"1.5899999999999999","2021-07-11 20:00:00"
"629608",34,"0.12","2021-05-31 19:15:00"
"629730",34,"0.09","2021-05-31 19:30:00"
"629854",34,"0","2021-05-31 19:45:00"
"629675",34,"2.884","2021-03-19 18:15:00"
"629778",34,"2.784","2021-03-19 18:30:00"
"629877",34,"2.575","2021-03-19 18:45:00"
"629951",34,"0","2021-05-31 20:00:00"
"630058",34,"0","2021-05-31 20:15:00"
"629997",34,"2.838","2021-03-19 19:00:00"
"630103",34,"1.214","2021-03-19 19:15:00"
"631380",34,"2.657","2021-07-11 23:15:00"
"631473",34,"2.224","2021-07-11 23:30:00"
"631575",34,"2.009","2021-07-11 23:45:00"
"631483",34,"2.887","2021-04-22 23:30:00"
"631592",34,"2.558","2021-04-22 23:45:00"
"631146",34,"1.892","2021-04-22 22:45:00"
"631242",34,"2.046","2021-04-22 23:00:00"
"631357",34,"2.656","2021-04-22 23:15:00"
"637011",34,"0.73","2021-06-01 01:45:00"
"637269",34,"0.1","2021-06-01 02:00:00"
"637141",34,"0","2021-04-23 06:45:00"
"637281",34,"0","2021-04-23 07:00:00"
"637096",34,"1.109","2021-07-12 08:15:00"
"637213",34,"1.143","2021-07-12 08:30:00"
"637377",34,"0.37","2021-07-12 08:45:00"
"637441",34,"0","2021-04-23 07:15:00"
"637592",34,"0","2021-04-23 07:30:00"
"637737",34,"0.02","2021-04-23 07:45:00"
"638586",34,"2.852","2021-07-12 11:00:00"
"638737",34,"2.373","2021-07-12 11:15:00"
"638913",34,"2.259","2021-07-12 11:30:00"
"638677",34,"4.543","2021-04-23 09:15:00"
"638846",34,"5.082","2021-04-23 09:30:00"
"638948",34,"3.873","2021-03-20 03:15:00"
"639239",34,"4.146","2021-03-20 03:30:00"
"639501",34,"3.927","2021-03-20 03:45:00"
"639104",34,"2.282","2021-06-01 04:00:00"
"639414",34,"1.6179999999999999","2021-06-01 04:15:00"
"640060",34,"0","2021-06-01 05:15:00"
"640167",34,"0","2021-06-01 05:30:00"
"642807",34,"0","2021-06-01 05:45:00"
"640267",34,"3.56","2021-03-20 05:15:00"
"640321",34,"3.633","2021-03-20 05:30:00"
"640375",34,"4.537","2021-03-20 05:45:00"
"640429",34,"4.478","2021-03-20 06:00:00"
"640483",34,"5.003","2021-03-20 06:15:00"
"640537",34,"4.227","2021-03-20 06:30:00"
"640591",34,"4.161","2021-03-20 06:45:00"
"641350",34,"2.396","2021-07-12 13:45:00"
"641373",34,"2.023","2021-04-23 12:30:00"
"641653",34,"1.896","2021-07-12 14:00:00"
"641761",34,"2.281","2021-07-12 14:15:00"
"641451",34,"2.446","2021-04-23 12:45:00"
"641520",34,"2.122","2021-04-23 13:00:00"
"641574",34,"2.219","2021-04-23 13:15:00"
"641628",34,"2.013","2021-04-23 13:30:00"
"641718",34,"2.077","2021-04-23 13:45:00"
"642861",34,"0","2021-06-01 06:00:00"
"642915",34,"0","2021-06-01 06:15:00"
"642969",34,"0","2021-06-01 06:30:00"
"643023",34,"0","2021-06-01 06:45:00"
"643077",34,"0","2021-06-01 07:00:00"
"643131",34,"0","2021-06-01 07:15:00"
"643185",34,"0","2021-06-01 07:30:00"
"643239",34,"0","2021-06-01 07:45:00"
"643293",34,"0","2021-06-01 08:00:00"
"643351",34,"0","2021-06-01 08:15:00"
"644509",34,"4.784","2021-03-20 11:00:00"
"644563",34,"4.77","2021-03-20 11:15:00"
"644617",34,"4.7059999999999995","2021-03-20 11:30:00"
"644671",34,"4.002","2021-03-20 11:45:00"
"644725",34,"4.274","2021-03-20 12:00:00"
"644779",34,"3.952","2021-03-20 12:15:00"
"646328",34,"4.486","2021-03-20 12:30:00"
"644845",34,"1.288","2021-04-23 16:00:00"
"644900",34,"1.069","2021-04-23 16:15:00"
"646374",34,"0.9500000000000001","2021-07-12 19:45:00"
"646669",34,"0.41000000000000003","2021-07-12 20:00:00"
"646584",34,"0","2021-04-23 19:15:00"
"646877",34,"0","2021-04-23 19:30:00"
"646496",34,"3.433","2021-03-20 12:45:00"
"646703",34,"3.539","2021-03-20 13:00:00"
"646884",34,"3.8369999999999997","2021-03-20 13:15:00"
"646637",34,"2.033","2021-06-01 11:45:00"
"646842",34,"2.306","2021-06-01 12:00:00"
"648817",34,"0","2021-04-23 20:30:00"
"648871",34,"0.1","2021-04-23 20:45:00"
"647530",34,"0.55","2021-07-12 21:00:00"
"647660",34,"0.31","2021-07-12 21:15:00"
"647841",34,"0.58","2021-07-12 21:30:00"
"647673",34,"3.665","2021-03-20 14:00:00"
"647858",34,"3.802","2021-03-20 14:15:00"
"647869",34,"1.599","2021-06-01 13:30:00"
"647591",34,"1.395","2021-06-01 13:00:00"
"647739",34,"1.143","2021-06-01 13:15:00"
"648925",34,"0.27","2021-04-23 21:00:00"
"648979",34,"0","2021-04-23 21:15:00"
"649033",34,"0","2021-04-23 21:30:00"
"649087",34,"0","2021-04-23 21:45:00"
"649152",34,"0","2021-04-23 22:00:00"
"649301",34,"0","2021-04-23 22:15:00"
"649438",34,"0","2021-04-23 22:30:00"
"649575",34,"0","2021-04-23 22:45:00"
"649435",34,"0.26","2021-06-01 15:45:00"
"649525",34,"1.185","2021-06-01 16:00:00"
"650758",34,"0","2021-04-24 00:15:00"
"651022",34,"0.24","2021-04-24 00:30:00"
"651250",34,"0","2021-04-24 00:45:00"
"650888",34,"2.335","2021-07-12 22:30:00"
"651052",34,"1.8719999999999999","2021-07-12 22:45:00"
"651065",34,"5.942","2021-03-20 17:45:00"
"651337",34,"3.479","2021-03-20 18:00:00"
"651149",34,"0","2021-06-01 19:30:00"
"652831",34,"0","2021-06-01 19:45:00"
"652777",34,"1.24","2021-03-20 21:30:00"
"655341",34,"1.02","2021-03-20 21:45:00"
"655419",34,"0.9400000000000001","2021-03-20 22:00:00"
"652885",34,"0","2021-06-01 20:00:00"
"652939",34,"0","2021-06-01 20:15:00"
"652993",34,"0","2021-06-01 20:30:00"
"653047",34,"0","2021-06-01 20:45:00"
"653101",34,"0","2021-06-01 21:00:00"
"653155",34,"0","2021-06-01 21:15:00"
"653209",34,"0","2021-06-01 21:30:00"
"653263",34,"0.02","2021-06-01 21:45:00"
"654549",34,"0","2021-07-13 05:30:00"
"654629",34,"2.202","2021-07-13 05:45:00"
"654601",34,"0","2021-04-24 01:30:00"
"654834",34,"0","2021-04-24 01:45:00"
"654941",34,"0","2021-04-24 02:00:00"
"654683",34,"2.247","2021-07-13 06:00:00"
"654754",34,"1.6179999999999999","2021-07-13 06:15:00"
"654850",34,"1.647","2021-07-13 06:30:00"
"654957",34,"1.236","2021-07-13 06:45:00"
"655052",34,"1.734","2021-07-13 07:00:00"
"655679",34,"1.627","2021-03-20 22:45:00"
"655775",34,"1.2690000000000001","2021-03-20 23:00:00"
"655843",34,"1.433","2021-03-20 23:15:00"
"655731",34,"0","2021-04-24 04:00:00"
"655900",34,"0","2021-04-24 04:15:00"
"656067",34,"0","2021-04-24 04:30:00"
"655933",34,"1.7469999999999999","2021-03-20 23:30:00"
"656010",34,"2.001","2021-03-20 23:45:00"
"656096",34,"2.005","2021-03-21 00:00:00"
"656174",34,"1.681","2021-03-21 00:15:00"
"656254",34,"1.3679999999999999","2021-03-21 00:30:00"
"657289",34,"0","2021-06-02 02:30:00"
"657365",34,"0","2021-06-02 02:45:00"
"657614",34,"0","2021-06-02 03:00:00"
"657726",34,"0.21","2021-03-21 02:45:00"
"657893",34,"0","2021-03-21 03:00:00"
"657653",34,"0","2021-04-24 06:00:00"
"657821",34,"0","2021-04-24 06:15:00"
"657993",34,"0","2021-04-24 06:30:00"
"657630",34,"2.493","2021-07-13 07:15:00"
"657938",34,"1.695","2021-07-13 07:30:00"
"658191",34,"1.7349999999999999","2021-07-13 07:45:00"
"659065",34,"0.47000000000000003","2021-04-24 08:00:00"
"659236",34,"0.78","2021-04-24 08:15:00"
"659062",34,"1.206","2021-07-13 08:30:00"
"659356",34,"1.16","2021-07-13 08:45:00"
"659636",34,"0.53","2021-07-13 09:00:00"
"659386",34,"0","2021-06-02 04:30:00"
"659719",34,"0.02","2021-06-02 04:45:00"
"659423",34,"0","2021-03-21 05:15:00"
"659607",34,"0","2021-03-21 05:30:00"
"660697",34,"2.813","2021-07-13 11:15:00"
"660751",34,"2.653","2021-07-13 11:30:00"
"660829",34,"0","2021-03-21 07:00:00"
"660883",34,"0.07","2021-03-21 07:15:00"
"660937",34,"0","2021-03-21 07:30:00"
"660991",34,"0.41000000000000003","2021-03-21 07:45:00"
"661045",34,"1.674","2021-03-21 08:00:00"
"661099",34,"1.5510000000000002","2021-03-21 08:15:00"
"661153",34,"1.737","2021-03-21 08:30:00"
"661207",34,"2.232","2021-03-21 08:45:00"
"662300",34,"2.8280000000000003","2021-07-13 11:45:00"
"662407",34,"2.649","2021-07-13 12:00:00"
"662514",34,"2.879","2021-07-13 12:15:00"
"662513",34,"1.521","2021-04-24 13:00:00"
"662603",34,"0.53","2021-04-24 13:15:00"
"662713",34,"0.64","2021-04-24 13:30:00"
"662639",34,"2.473","2021-07-13 12:30:00"
"662741",34,"3.043","2021-07-13 12:45:00"
"662833",34,"0.9500000000000001","2021-04-24 13:45:00"
"662942",34,"1.016","2021-04-24 14:00:00"
"665479",34,"0.87","2021-04-24 15:00:00"
"665582",34,"0.55","2021-04-24 15:15:00"
"663461",34,"0","2021-06-02 05:45:00"
"663581",34,"0","2021-06-02 06:00:00"
"663640",34,"2.528","2021-07-13 14:15:00"
"663687",34,"0","2021-06-02 06:15:00"
"663749",34,"2.552","2021-07-13 14:30:00"
"663793",34,"0","2021-06-02 06:30:00"
"663899",34,"0","2021-06-02 06:45:00"
"663995",34,"0","2021-06-02 07:00:00"
"664403",34,"2.351","2021-07-13 16:00:00"
"664524",34,"2.316","2021-07-13 16:15:00"
"666872",34,"1.5070000000000001","2021-07-13 16:30:00"
"664585",34,"0","2021-06-02 08:30:00"
"664639",34,"0.01","2021-06-02 08:45:00"
"664693",34,"0.01","2021-06-02 09:00:00"
"664747",34,"0","2021-06-02 09:15:00"
"666835",34,"0.01","2021-06-02 09:30:00"
"664801",34,"2.649","2021-03-21 11:30:00"
"622061",34,"0.44","2021-05-31 10:00:00"
"622141",34,"1.37","2021-05-31 10:15:00"
"622222",34,"0.44","2021-05-31 10:30:00"
"622298",34,"0.47000000000000003","2021-05-31 10:45:00"
"622261",34,"4.449","2021-04-22 10:00:00"
"622419",34,"4.105","2021-04-22 10:15:00"
"623505",34,"0.48","2021-07-11 15:15:00"
"623588",34,"0.43","2021-07-11 15:30:00"
"623667",34,"2.143","2021-07-11 15:45:00"
"623744",34,"2.056","2021-07-11 16:00:00"
"623875",34,"0.73","2021-07-11 16:15:00"
"623868",34,"4.023","2021-03-19 15:00:00"
"624161",34,"3.762","2021-03-19 15:15:00"
"624449",34,"3.366","2021-03-19 15:30:00"
"624029",34,"1.923","2021-07-11 16:30:00"
"624227",34,"1.673","2021-07-11 16:45:00"
"624395",34,"2.055","2021-07-11 17:00:00"
"624755",34,"3.638","2021-03-19 15:45:00"
"625002",34,"3.895","2021-03-19 16:00:00"
"625209",34,"3.521","2021-03-19 16:15:00"
"624897",34,"1.2770000000000001","2021-07-11 17:45:00"
"626803",34,"2.022","2021-07-11 18:00:00"
"626966",34,"1.932","2021-07-11 18:15:00"
"625030",34,"4.696","2021-04-22 13:45:00"
"625158",34,"4.074","2021-04-22 14:00:00"
"625281",34,"4.28","2021-04-22 14:15:00"
"625083",34,"0.27","2021-05-31 12:15:00"
"625269",34,"1.655","2021-05-31 12:30:00"
"625446",34,"2.097","2021-05-31 12:45:00"
"625846",34,"4.025","2021-03-19 17:00:00"
"626026",34,"4.453","2021-03-19 17:15:00"
"626238",34,"3.467","2021-03-19 17:30:00"
"625976",34,"3.857","2021-04-22 15:45:00"
"626093",34,"2.923","2021-04-22 16:00:00"
"626075",34,"2.038","2021-05-31 13:30:00"
"626266",34,"1.718","2021-05-31 13:45:00"
"626401",34,"2.251","2021-05-31 14:00:00"
"626207",34,"2.698","2021-04-22 16:15:00"
"626327",34,"3.7","2021-04-22 16:30:00"
"626841",34,"3.444","2021-04-22 16:45:00"
"626912",34,"2.289","2021-04-22 17:00:00"
"627002",34,"2.041","2021-04-22 17:15:00"
"627078",34,"3.513","2021-04-22 17:30:00"
"627141",34,"1.8170000000000002","2021-07-11 18:30:00"
"627312",34,"1.678","2021-07-11 18:45:00"
"627159",34,"2.436","2021-04-22 17:45:00"
"627237",34,"2.161","2021-04-22 18:00:00"
"627317",34,"2.011","2021-04-22 18:15:00"
"627401",34,"2.246","2021-04-22 18:30:00"
"627475",34,"2.01","2021-04-22 18:45:00"
"628535",34,"1.881","2021-07-11 21:30:00"
"628597",34,"1.5470000000000002","2021-07-11 21:45:00"
"628651",34,"1.452","2021-07-11 22:00:00"
"628705",34,"0.96","2021-07-11 22:15:00"
"628759",34,"1.199","2021-07-11 22:30:00"
"631157",34,"1.435","2021-07-11 22:45:00"
"631275",34,"1.858","2021-07-11 23:00:00"
"628891",34,"0.85","2021-05-31 16:15:00"
"628945",34,"1.7000000000000002","2021-05-31 16:30:00"
"630161",34,"2.221","2021-03-19 19:30:00"
"630215",34,"3.221","2021-03-19 19:45:00"
"630269",34,"2.808","2021-03-19 20:00:00"
"630323",34,"2.791","2021-03-19 20:15:00"
"630377",34,"2.809","2021-03-19 20:30:00"
"630431",34,"2.306","2021-03-19 20:45:00"
"630485",34,"2.492","2021-03-19 21:00:00"
"630539",34,"2.77","2021-03-19 21:15:00"
"630593",34,"3.127","2021-03-19 21:30:00"
"630647",34,"3.902","2021-03-19 21:45:00"
"630701",34,"3.474","2021-03-19 22:00:00"
"631928",34,"1.545","2021-07-12 00:30:00"
"632019",34,"1.596","2021-07-12 00:45:00"
"632126",34,"2.006","2021-07-12 01:00:00"
"632121",34,"3.366","2021-04-23 01:00:00"
"632225",34,"2.615","2021-04-23 01:15:00"
"632238",34,"1.915","2021-07-12 01:15:00"
"632351",34,"1.5819999999999999","2021-07-12 01:30:00"
"632458",34,"1.474","2021-07-12 01:45:00"
"632328",34,"1.579","2021-04-23 01:30:00"
"632436",34,"2.087","2021-04-23 01:45:00"
"634099",34,"2.613","2021-04-23 02:00:00"
"632971",34,"0","2021-05-31 21:15:00"
"633025",34,"0","2021-05-31 21:30:00"
"633079",34,"0.44","2021-05-31 21:45:00"
"633133",34,"0.52","2021-05-31 22:00:00"
"633187",34,"0","2021-05-31 22:15:00"
"633241",34,"0.87","2021-05-31 22:30:00"
"633295",34,"0.03","2021-05-31 22:45:00"
"633349",34,"0","2021-05-31 23:00:00"
"633403",34,"0","2021-05-31 23:15:00"
"633471",34,"0","2021-05-31 23:30:00"
"634227",34,"1.129","2021-07-12 03:45:00"
"634425",34,"1.524","2021-07-12 04:00:00"
"634587",34,"1.895","2021-07-12 04:15:00"
"634342",34,"2.956","2021-04-23 02:15:00"
"634498",34,"0.96","2021-04-23 02:30:00"
"636781",34,"0","2021-06-01 01:00:00"
"636835",34,"0","2021-06-01 01:15:00"
"636889",34,"0.04","2021-06-01 01:30:00"
"634421",34,"5.718","2021-03-20 00:00:00"
"634582",34,"5.5","2021-03-20 00:15:00"
"634752",34,"5.878","2021-03-20 00:30:00"
"635160",34,"0","2021-04-23 03:30:00"
"635309",34,"0","2021-04-23 03:45:00"
"635240",34,"5.078","2021-03-20 01:15:00"
"635400",34,"4.367","2021-03-20 01:30:00"
"635575",34,"3.134","2021-03-20 01:45:00"
"635462",34,"0","2021-04-23 04:00:00"
"635615",34,"0","2021-04-23 04:15:00"
"635780",34,"0.42","2021-04-23 04:30:00"
"635553",34,"1.214","2021-07-12 05:45:00"
"635706",34,"2.097","2021-07-12 06:00:00"
"636329",34,"0","2021-07-12 07:00:00"
"636422",34,"0.39","2021-07-12 07:15:00"
"636522",34,"1.33","2021-07-12 07:30:00"
"636354",34,"2.6109999999999998","2021-04-23 05:15:00"
"636476",34,"0.7000000000000001","2021-04-23 05:30:00"
"636576",34,"1.724","2021-04-23 05:45:00"
"636635",34,"1.037","2021-07-12 07:45:00"
"636964",34,"0.99","2021-07-12 08:00:00"
"636685",34,"2.809","2021-04-23 06:00:00"
"636739",34,"2.275","2021-04-23 06:15:00"
"637000",34,"0.77","2021-04-23 06:30:00"
"638031",34,"0","2021-06-01 03:00:00"
"638182",34,"1.561","2021-07-12 10:15:00"
"638259",34,"0","2021-06-01 03:15:00"
"638534",34,"0.4","2021-06-01 03:30:00"
"638810",34,"0.92","2021-06-01 03:45:00"
"638254",34,"1.978","2021-04-23 08:30:00"
"638390",34,"2.511","2021-04-23 08:45:00"
"638535",34,"4.38","2021-04-23 09:00:00"
"638321",34,"1.655","2021-07-12 10:30:00"
"638451",34,"1.553","2021-07-12 10:45:00"
"639733",34,"4.496","2021-03-20 04:00:00"
"639878",34,"4.154","2021-03-20 04:15:00"
"639716",34,"1.862","2021-06-01 04:30:00"
"639845",34,"0.31","2021-06-01 04:45:00"
"639948",34,"0","2021-06-01 05:00:00"
"640842",34,"3.197","2021-04-23 11:15:00"
"640926",34,"3.102","2021-04-23 11:30:00"
"639992",34,"4.361","2021-03-20 04:30:00"
"640095",34,"3.76","2021-03-20 04:45:00"
"640205",34,"3.439","2021-03-20 05:00:00"
"641833",34,"0.63","2021-04-23 14:00:00"
"641943",34,"1.018","2021-04-23 14:15:00"
"642062",34,"0.76","2021-04-23 14:30:00"
"641861",34,"2.742","2021-07-12 14:30:00"
"641968",34,"2.886","2021-07-12 14:45:00"
"642066",34,"2.589","2021-07-12 15:00:00"
"642153",34,"0.37","2021-04-23 14:45:00"
"642262",34,"0.37","2021-04-23 15:00:00"
"642190",34,"2.748","2021-07-12 15:15:00"
"642295",34,"3.223","2021-07-12 15:30:00"
"642397",34,"2.737","2021-07-12 15:45:00"
"643448",34,"0","2021-06-01 08:30:00"
"643550",34,"0","2021-06-01 08:45:00"
"643635",34,"4.733","2021-03-20 08:15:00"
"643752",34,"5.132","2021-03-20 08:30:00"
"643845",34,"5.1","2021-03-20 08:45:00"
"643655",34,"0.8200000000000001","2021-06-01 09:00:00"
"643751",34,"0.28","2021-06-01 09:15:00"
"643874",34,"0.9500000000000001","2021-06-01 09:30:00"
"643956",34,"4.8870000000000005","2021-03-20 09:00:00"
"644077",34,"5.572","2021-03-20 09:15:00"
"644181",34,"4.577","2021-03-20 09:30:00"
"645007",34,"0.41000000000000003","2021-04-23 16:30:00"
"645110",34,"0.14","2021-04-23 16:45:00"
"645215",34,"0","2021-04-23 17:00:00"
"645180",34,"0.27","2021-07-12 17:45:00"
"645271",34,"1.238","2021-07-12 18:00:00"
"645390",34,"1.448","2021-07-12 18:15:00"
"645328",34,"0","2021-04-23 17:15:00"
"645436",34,"0","2021-04-23 17:30:00"
"645497",34,"1.3820000000000001","2021-07-12 18:30:00"
"645601",34,"1.4","2021-07-12 18:45:00"
"646894",34,"2.471","2021-07-12 20:15:00"
"647163",34,"2.013","2021-07-12 20:30:00"
"647348",34,"0.65","2021-07-12 20:45:00"
"647024",34,"1.162","2021-06-01 12:15:00"
"647258",34,"0.9400000000000001","2021-06-01 12:30:00"
"647437",34,"1.04","2021-06-01 12:45:00"
"647085",34,"2.984","2021-03-20 13:30:00"
"647420",34,"3.618","2021-03-20 13:45:00"
"647062",34,"0","2021-04-23 19:45:00"
"647237",34,"0","2021-04-23 20:00:00"
"647428",34,"0","2021-04-23 20:15:00"
"648267",34,"0.67","2021-06-01 14:15:00"
"648382",34,"0.28","2021-06-01 14:30:00"
"648483",34,"0.18","2021-06-01 14:45:00"
"648530",34,"3.091","2021-03-20 15:45:00"
"648589",34,"2.589","2021-03-20 16:00:00"
"648643",34,"2.337","2021-03-20 16:15:00"
"649172",34,"0.76","2021-06-01 15:00:00"
"649256",34,"0.8","2021-06-01 15:15:00"
"649342",34,"0.1","2021-06-01 15:30:00"
"648697",34,"2.952","2021-03-20 16:30:00"
"648751",34,"1.508","2021-03-20 16:45:00"
"650062",34,"0","2021-04-23 23:30:00"
"650235",34,"0","2021-04-23 23:45:00"
"650475",34,"0.39","2021-04-24 00:00:00"
"650240",34,"2.31","2021-03-20 17:00:00"
"650516",34,"2.348","2021-03-20 17:15:00"
"650816",34,"1.941","2021-03-20 17:30:00"
"650325",34,"0","2021-06-01 18:15:00"
"650462",34,"0","2021-06-01 18:30:00"
"650601",34,"0","2021-06-01 18:45:00"
"650757",34,"0.01","2021-06-01 19:00:00"
"650925",34,"0","2021-06-01 19:15:00"
"651667",34,"1.156","2021-07-13 00:15:00"
"651744",34,"1.401","2021-07-13 00:30:00"
"651821",34,"1.637","2021-07-13 00:45:00"
"651902",34,"1.8900000000000001","2021-07-13 01:00:00"
"651980",34,"1.37","2021-07-13 01:15:00"
"652024",34,"2.156","2021-03-20 19:00:00"
"652221",34,"0.9400000000000001","2021-03-20 19:15:00"
"652060",34,"1.127","2021-07-13 01:30:00"
"652128",34,"0","2021-07-13 01:45:00"
"652204",34,"0","2021-07-13 02:00:00"
"653317",34,"0","2021-06-01 22:00:00"
"653371",34,"0.01","2021-06-01 22:15:00"
"653425",34,"0","2021-06-01 22:30:00"
"653479",34,"0","2021-06-01 22:45:00"
"653533",34,"0","2021-06-01 23:00:00"
"653587",34,"0","2021-06-01 23:15:00"
"653641",34,"0","2021-06-01 23:30:00"
"653695",34,"0","2021-06-01 23:45:00"
"653749",34,"0","2021-06-02 00:00:00"
"656803",34,"0","2021-06-02 00:15:00"
"655059",34,"0","2021-04-24 02:15:00"
"655113",34,"0","2021-04-24 02:30:00"
"655167",34,"0","2021-04-24 02:45:00"
"655221",34,"0","2021-04-24 03:00:00"
"655292",34,"0","2021-04-24 03:15:00"
"655455",34,"0","2021-04-24 03:30:00"
"655616",34,"0","2021-04-24 03:45:00"
"655503",34,"0.61","2021-03-20 22:15:00"
"655580",34,"0.72","2021-03-20 22:30:00"
"656729",34,"1.6680000000000001","2021-03-21 02:00:00"
"657369",34,"1.7970000000000002","2021-03-21 02:15:00"
"657543",34,"1.525","2021-03-21 02:30:00"
"656857",34,"0","2021-06-02 00:30:00"
"656911",34,"0","2021-06-02 00:45:00"
"656965",34,"0","2021-06-02 01:00:00"
"657019",34,"0","2021-06-02 01:15:00"
"657073",34,"0","2021-06-02 01:30:00"
"657127",34,"0","2021-06-02 01:45:00"
"657181",34,"0","2021-06-02 02:00:00"
"657235",34,"0","2021-06-02 02:15:00"
"658519",34,"0.01","2021-06-02 03:45:00"
"658811",34,"0.01","2021-06-02 04:00:00"
"659083",34,"0.02","2021-06-02 04:15:00"
"658582",34,"0.30000000000000004","2021-03-21 04:00:00"
"658750",34,"0","2021-03-21 04:15:00"
"658523",34,"0","2021-04-24 07:15:00"
"658696",34,"0","2021-04-24 07:30:00"
"658860",34,"0","2021-04-24 07:45:00"
"658924",34,"0","2021-03-21 04:30:00"
"659081",34,"0","2021-03-21 04:45:00"
"659220",34,"0","2021-03-21 05:00:00"
"660171",34,"0","2021-03-21 06:30:00"
"660303",34,"0.01","2021-03-21 06:45:00"
"660134",34,"2.667","2021-04-24 09:45:00"
"660269",34,"2.2560000000000002","2021-04-24 10:00:00"
"661448",34,"1.687","2021-04-24 10:15:00"
"660427",34,"1.953","2021-07-13 10:00:00"
"660481",34,"1.754","2021-07-13 10:15:00"
"660535",34,"1.661","2021-07-13 10:30:00"
"660589",34,"0.73","2021-07-13 10:45:00"
"660643",34,"1.441","2021-07-13 11:00:00"
"661737",34,"3.035","2021-04-24 11:00:00"
"661862",34,"2.95","2021-04-24 11:15:00"
"661961",34,"2.007","2021-04-24 11:30:00"
"661978",34,"2.229","2021-03-21 11:00:00"
"662069",34,"2.286","2021-03-21 11:15:00"
"662085",34,"1.693","2021-04-24 11:45:00"
"662165",34,"2.195","2021-04-24 12:00:00"
"662219",34,"1.44","2021-04-24 12:15:00"
"662295",34,"1.379","2021-04-24 12:30:00"
"662404",34,"1.211","2021-04-24 12:45:00"
"663860",34,"2.551","2021-07-13 14:45:00"
"663980",34,"2.326","2021-07-13 15:00:00"
"664108",34,"0","2021-06-02 07:15:00"
"664222",34,"0.01","2021-06-02 07:30:00"
"664329",34,"0.04","2021-06-02 07:45:00"
"664084",34,"2.003","2021-07-13 15:15:00"
"664186",34,"1.971","2021-07-13 15:30:00"
"664295",34,"1.439","2021-07-13 15:45:00"
"664434",34,"0.04","2021-06-02 08:00:00"
"664531",34,"0","2021-06-02 08:15:00"
"665596",34,"3.643","2021-03-21 14:45:00"
"665685",34,"3.919","2021-03-21 15:00:00"
"665803",34,"4.113","2021-03-21 15:15:00"
"665713",34,"0.76","2021-04-24 15:30:00"
"664855",34,"2.707","2021-03-21 11:45:00"
"664909",34,"2.023","2021-03-21 12:00:00"
"666136",34,"2.085","2021-03-21 16:00:00"
"668827",34,"2.221","2021-03-21 16:15:00"
"668881",34,"2.006","2021-03-21 16:30:00"
"666191",34,"0.62","2021-04-24 16:45:00"
"666245",34,"0.97","2021-04-24 17:00:00"
"666299",34,"0.76","2021-04-24 17:15:00"
"666353",34,"0","2021-04-24 17:30:00"
"666407",34,"0","2021-04-24 17:45:00"
"666461",34,"0","2021-04-24 18:00:00"
"666515",34,"0.19","2021-04-24 18:15:00"
"666569",34,"0.36","2021-04-24 18:30:00"
"672166",34,"1.042","2021-07-13 23:00:00"
"672270",34,"1.6280000000000001","2021-07-13 23:15:00"
"672343",34,"2.074","2021-07-13 23:30:00"
"674799",34,"0.02","2021-06-02 18:45:00"
"674853",34,"0","2021-06-02 19:00:00"
"674907",34,"0","2021-06-02 19:15:00"
"672397",34,"2.166","2021-07-13 23:45:00"
"672451",34,"1.745","2021-07-14 00:00:00"
"672505",34,"2.208","2021-07-14 00:15:00"
"672559",34,"1.919","2021-07-14 00:30:00"
"672613",34,"1.9380000000000002","2021-07-14 00:45:00"
"673717",34,"0","2021-03-22 01:00:00"
"673780",34,"0","2021-03-22 01:15:00"
"676107",34,"0","2021-03-22 01:30:00"
"673865",34,"0","2021-04-25 00:30:00"
"673919",34,"0","2021-04-25 00:45:00"
"673973",34,"0","2021-04-25 01:00:00"
"674027",34,"0","2021-04-25 01:15:00"
"674081",34,"0","2021-04-25 01:30:00"
"674135",34,"0","2021-04-25 01:45:00"
"674189",34,"0","2021-04-25 02:00:00"
"674243",34,"0","2021-04-25 02:15:00"
"674961",34,"0","2021-06-02 19:30:00"
"675015",34,"0","2021-06-02 19:45:00"
"675069",34,"0","2021-06-02 20:00:00"
"675123",34,"0","2021-06-02 20:15:00"
"675177",34,"0","2021-06-02 20:30:00"
"675231",34,"0.01","2021-06-02 20:45:00"
"675285",34,"0","2021-06-02 21:00:00"
"631693",34,"3.062","2021-04-23 00:00:00"
"631690",34,"1.7000000000000002","2021-07-12 00:00:00"
"631816",34,"1.415","2021-07-12 00:15:00"
"631783",34,"3.409","2021-04-23 00:15:00"
"631891",34,"3.186","2021-04-23 00:30:00"
"632007",34,"3.177","2021-04-23 00:45:00"
"632515",34,"2.5620000000000003","2021-07-12 02:00:00"
"632569",34,"2.586","2021-07-12 02:15:00"
"632623",34,"2.327","2021-07-12 02:30:00"
"632677",34,"2.073","2021-07-12 02:45:00"
"632731",34,"1.423","2021-07-12 03:00:00"
"633854",34,"1.278","2021-07-12 03:15:00"
"633994",34,"1.366","2021-07-12 03:30:00"
"632809",34,"0","2021-05-31 20:30:00"
"632863",34,"0","2021-05-31 20:45:00"
"632917",34,"0","2021-05-31 21:00:00"
"633575",34,"0","2021-05-31 23:45:00"
"633682",34,"0.01","2021-06-01 00:00:00"
"633791",34,"0.30000000000000004","2021-06-01 00:15:00"
"633614",34,"4.723","2021-03-19 22:45:00"
"633721",34,"5.726","2021-03-19 23:00:00"
"633835",34,"5.85","2021-03-19 23:15:00"
"633924",34,"0.28","2021-06-01 00:30:00"
"634153",34,"0","2021-06-01 00:45:00"
"634038",34,"4.829","2021-03-19 23:30:00"
"634214",34,"5.599","2021-03-19 23:45:00"
"634664",34,"0","2021-04-23 02:45:00"
"634812",34,"0","2021-04-23 03:00:00"
"635004",34,"0","2021-04-23 03:15:00"
"634745",34,"1.951","2021-07-12 04:30:00"
"634895",34,"1.426","2021-07-12 04:45:00"
"634911",34,"5.497","2021-03-20 00:45:00"
"635067",34,"5.397","2021-03-20 01:00:00"
"635052",34,"1.457","2021-07-12 05:00:00"
"635229",34,"1.283","2021-07-12 05:15:00"
"635395",34,"1.1400000000000001","2021-07-12 05:30:00"
"635733",34,"2.3810000000000002","2021-03-20 02:00:00"
"635868",34,"3.299","2021-03-20 02:15:00"
"635960",34,"1.194","2021-04-23 04:45:00"
"636157",34,"2.511","2021-04-23 05:00:00"
"635893",34,"1.2770000000000001","2021-07-12 06:15:00"
"636045",34,"1.098","2021-07-12 06:30:00"
"636194",34,"0.78","2021-07-12 06:45:00"
"636020",34,"3.047","2021-03-20 02:30:00"
"636173",34,"2.849","2021-03-20 02:45:00"
"638614",34,"3.833","2021-03-20 03:00:00"
"637543",34,"1.355","2021-07-12 09:00:00"
"637695",34,"1.6400000000000001","2021-07-12 09:15:00"
"637436",34,"0","2021-06-01 02:15:00"
"637600",34,"0","2021-06-01 02:30:00"
"637827",34,"0","2021-06-01 02:45:00"
"637910",34,"0.66","2021-04-23 08:00:00"
"638111",34,"1.627","2021-04-23 08:15:00"
"637825",34,"1.596","2021-07-12 09:30:00"
"637940",34,"1.9849999999999999","2021-07-12 09:45:00"
"638040",34,"1.767","2021-07-12 10:00:00"
"639003",34,"4.614","2021-04-23 09:45:00"
"639158",34,"2.465","2021-04-23 10:00:00"
"639330",34,"2.641","2021-04-23 10:15:00"
"639099",34,"2.6470000000000002","2021-07-12 11:45:00"
"639269",34,"2.303","2021-07-12 12:00:00"
"639446",34,"2.7","2021-07-12 12:15:00"
"639497",34,"3.052","2021-04-23 10:30:00"
"639641",34,"2.155","2021-04-23 10:45:00"
"639755",34,"2.773","2021-04-23 11:00:00"
"640802",34,"2.571","2021-07-12 12:30:00"
"640934",34,"2.666","2021-07-12 12:45:00"
"640645",34,"4.107","2021-03-20 07:00:00"
"640699",34,"3.906","2021-03-20 07:15:00"
"640753",34,"3.731","2021-03-20 07:30:00"
"643392",34,"4.575","2021-03-20 07:45:00"
"643520",34,"4.534","2021-03-20 08:00:00"
"641031",34,"3.1","2021-04-23 11:45:00"
"641156",34,"2.512","2021-04-23 12:00:00"
"641265",34,"2.523","2021-04-23 12:15:00"
"641043",34,"3.24","2021-07-12 13:00:00"
"641135",34,"2.995","2021-07-12 13:15:00"
"641241",34,"2.512","2021-07-12 13:30:00"
"642377",34,"1.09","2021-04-23 15:15:00"
"642482",34,"0.13","2021-04-23 15:30:00"
"644791",34,"0.36","2021-04-23 15:45:00"
"642510",34,"2.563","2021-07-12 16:00:00"
"642593",34,"1.975","2021-07-12 16:15:00"
"642647",34,"2.078","2021-07-12 16:30:00"
"642701",34,"1.377","2021-07-12 16:45:00"
"642755",34,"0.66","2021-07-12 17:00:00"
"644963",34,"0.39","2021-07-12 17:15:00"
"645066",34,"0.05","2021-07-12 17:30:00"
"643979",34,"0.18","2021-06-01 09:45:00"
"644074",34,"1.549","2021-06-01 10:00:00"
"644185",34,"1.6640000000000001","2021-06-01 10:15:00"
"645874",34,"2.2880000000000003","2021-06-01 10:30:00"
"646002",34,"2.477","2021-06-01 10:45:00"
"644239",34,"4.678","2021-03-20 09:45:00"
"644293",34,"4.724","2021-03-20 10:00:00"
"644347",34,"4.7379999999999995","2021-03-20 10:15:00"
"644401",34,"4.572","2021-03-20 10:30:00"
"644455",34,"5.098","2021-03-20 10:45:00"
"645550",34,"0","2021-04-23 17:45:00"
"645650",34,"0","2021-04-23 18:00:00"
"645776",34,"0","2021-04-23 18:15:00"
"645710",34,"1.568","2021-07-12 19:00:00"
"645861",34,"1.525","2021-07-12 19:15:00"
"646056",34,"1.681","2021-07-12 19:30:00"
"645967",34,"0","2021-04-23 18:30:00"
"646161",34,"0","2021-04-23 18:45:00"
"646323",34,"0","2021-04-23 19:00:00"
"646124",34,"2.363","2021-06-01 11:00:00"
"646305",34,"2.235","2021-06-01 11:15:00"
"646486",34,"2.56","2021-06-01 11:30:00"
"647985",34,"3.574","2021-03-20 14:30:00"
"648097",34,"3.22","2021-03-20 14:45:00"
"648204",34,"3.021","2021-03-20 15:00:00"
"648042",34,"0.22","2021-06-01 13:45:00"
"648157",34,"0.55","2021-06-01 14:00:00"
"650236",34,"0","2021-07-12 21:45:00"
"650513",34,"0","2021-07-12 22:00:00"
"650714",34,"0.12","2021-07-12 22:15:00"
"648310",34,"3.383","2021-03-20 15:15:00"
"648412",34,"3.063","2021-03-20 15:30:00"
"649612",34,"1.492","2021-06-01 16:15:00"
"649698",34,"1.623","2021-06-01 16:30:00"
"649775",34,"0.87","2021-06-01 16:45:00"
"649721",34,"0","2021-04-23 23:00:00"
"649897",34,"0","2021-04-23 23:15:00"
"649853",34,"1.239","2021-06-01 17:00:00"
"649934",34,"1.5590000000000002","2021-06-01 17:15:00"
"650016",34,"0.84","2021-06-01 17:30:00"
"650095",34,"0","2021-06-01 17:45:00"
"650185",34,"0","2021-06-01 18:00:00"
"651199",34,"1.5550000000000002","2021-07-12 23:00:00"
"651301",34,"2.034","2021-07-12 23:15:00"
"651416",34,"1.7000000000000002","2021-07-12 23:30:00"
"654397",34,"0","2021-04-24 01:00:00"
"654484",34,"0","2021-04-24 01:15:00"
"651499",34,"1.234","2021-07-12 23:45:00"
"651583",34,"1.369","2021-07-13 00:00:00"
"651527",34,"2.018","2021-03-20 18:15:00"
"651677",34,"3.286","2021-03-20 18:30:00"
"651849",34,"1.8940000000000001","2021-03-20 18:45:00"
"652286",34,"2.118","2021-07-13 02:15:00"
"653807",34,"2.666","2021-07-13 02:30:00"
"652345",34,"0.39","2021-03-20 19:30:00"
"652399",34,"0.05","2021-03-20 19:45:00"
"652453",34,"0.13","2021-03-20 20:00:00"
"652507",34,"0.9","2021-03-20 20:15:00"
"652561",34,"1.336","2021-03-20 20:30:00"
"652615",34,"0.92","2021-03-20 20:45:00"
"652669",34,"0.47000000000000003","2021-03-20 21:00:00"
"652723",34,"0.31","2021-03-20 21:15:00"
"653861",34,"2.182","2021-07-13 02:45:00"
"653915",34,"2.345","2021-07-13 03:00:00"
"653969",34,"2.013","2021-07-13 03:15:00"
"654029",34,"1.729","2021-07-13 03:30:00"
"654083",34,"1.234","2021-07-13 03:45:00"
"654137",34,"0.93","2021-07-13 04:00:00"
"654191",34,"0","2021-07-13 04:15:00"
"654245",34,"0.5","2021-07-13 04:30:00"
"654299",34,"1.76","2021-07-13 04:45:00"
"654353",34,"2.122","2021-07-13 05:00:00"
"654427",34,"0.58","2021-07-13 05:15:00"
"656227",34,"0","2021-04-24 04:45:00"
"656381",34,"0","2021-04-24 05:00:00"
"656334",34,"0.07","2021-03-21 00:45:00"
"656416",34,"0","2021-03-21 01:00:00"
"656487",34,"0","2021-03-21 01:15:00"
"656570",34,"1.029","2021-03-21 01:30:00"
"656643",34,"2.807","2021-03-21 01:45:00"
"656561",34,"0","2021-04-24 05:15:00"
"656730",34,"0","2021-04-24 05:30:00"
"657495",34,"0","2021-04-24 05:45:00"
"657924",34,"0","2021-06-02 03:15:00"
"658228",34,"0","2021-06-02 03:30:00"
"658060",34,"0.27","2021-03-21 03:15:00"
"658219",34,"0","2021-03-21 03:30:00"
"658384",34,"0","2021-03-21 03:45:00"
"658196",34,"0","2021-04-24 06:45:00"
"658361",34,"0","2021-04-24 07:00:00"
"658485",34,"1.7650000000000001","2021-07-13 08:00:00"
"658777",34,"1.177","2021-07-13 08:15:00"
"659400",34,"1.675","2021-04-24 08:30:00"
"659553",34,"1.513","2021-04-24 08:45:00"
"659712",34,"0.73","2021-04-24 09:00:00"
"659766",34,"0","2021-03-21 05:45:00"
"659883",34,"0","2021-03-21 06:00:00"
"660017",34,"0.05","2021-03-21 06:15:00"
"659872",34,"2.246","2021-04-24 09:15:00"
"660006",34,"2.534","2021-04-24 09:30:00"
"659932",34,"0.73","2021-07-13 09:15:00"
"660182",34,"1.357","2021-07-13 09:30:00"
"660373",34,"1.896","2021-07-13 09:45:00"
"661261",34,"3.2880000000000003","2021-03-21 09:00:00"
"661315",34,"2.741","2021-03-21 09:15:00"
"661369",34,"1.256","2021-03-21 09:30:00"
"661423",34,"1.979","2021-03-21 09:45:00"
"661504",34,"2.185","2021-03-21 10:00:00"
"661558",34,"2.501","2021-04-24 10:30:00"
"661644",34,"3.279","2021-04-24 10:45:00"
"661647",34,"2.029","2021-03-21 10:15:00"
"661767",34,"1.8940000000000001","2021-03-21 10:30:00"
"661861",34,"1.83","2021-03-21 10:45:00"
"662900",34,"2.423","2021-07-13 13:00:00"
"663074",34,"2.726","2021-07-13 13:15:00"
"663266",34,"3.033","2021-07-13 13:30:00"
"662974",34,"0","2021-06-02 05:00:00"
"663144",34,"0","2021-06-02 05:15:00"
"663330",34,"0","2021-06-02 05:30:00"
"663093",34,"0.17","2021-04-24 14:15:00"
"663206",34,"0.65","2021-04-24 14:30:00"
"663343",34,"0.35000000000000003","2021-04-24 14:45:00"
"663434",34,"2.582","2021-07-13 13:45:00"
"663531",34,"2.127","2021-07-13 14:00:00"
"664963",34,"2.129","2021-03-21 12:15:00"
"665017",34,"1.998","2021-03-21 12:30:00"
"665071",34,"2.045","2021-03-21 12:45:00"
"665125",34,"2.799","2021-03-21 13:00:00"
"665179",34,"2.794","2021-03-21 13:15:00"
"665233",34,"2.713","2021-03-21 13:30:00"
"665287",34,"1.649","2021-03-21 13:45:00"
"665341",34,"1.888","2021-03-21 14:00:00"
"665395",34,"1.9020000000000001","2021-03-21 14:15:00"
"665484",34,"3.991","2021-03-21 14:30:00"
"666623",34,"0","2021-04-24 18:45:00"
"666677",34,"0","2021-04-24 19:00:00"
"666731",34,"0","2021-04-24 19:15:00"
"669669",34,"0","2021-04-24 19:30:00"
"669769",34,"0","2021-04-24 19:45:00"
"667053",34,"1.871","2021-07-13 16:45:00"
"667205",34,"1.62","2021-07-13 17:00:00"
"666921",34,"0.02","2021-06-02 09:45:00"
"666998",34,"0.07","2021-06-02 10:00:00"
"667074",34,"0","2021-06-02 10:15:00"
"667694",34,"1.7530000000000001","2021-07-13 18:00:00"
"667795",34,"1.936","2021-07-13 18:15:00"
"667861",34,"0.85","2021-06-02 12:15:00"
"667959",34,"0.63","2021-06-02 12:30:00"
"668072",34,"0.56","2021-06-02 12:45:00"
"667897",34,"1.802","2021-07-13 18:30:00"
"668011",34,"1.749","2021-07-13 18:45:00"
"668113",34,"1.663","2021-07-13 19:00:00"
"668187",34,"0.75","2021-06-02 13:00:00"
"668296",34,"1.544","2021-06-02 13:15:00"
"668422",34,"0.45","2021-06-02 13:30:00"
"668935",34,"3.693","2021-03-21 16:45:00"
"668989",34,"3.476","2021-03-21 17:00:00"
"669043",34,"2.23","2021-03-21 17:15:00"
"669097",34,"1.078","2021-03-21 17:30:00"
"669151",34,"1.896","2021-03-21 17:45:00"
"669205",34,"2.84","2021-03-21 18:00:00"
"669259",34,"1.468","2021-03-21 18:15:00"
"669313",34,"1.576","2021-03-21 18:30:00"
"669367",34,"1.448","2021-03-21 18:45:00"
"669421",34,"1.708","2021-03-21 19:00:00"
"670055",34,"0","2021-04-24 20:45:00"
"670109",34,"0","2021-04-24 21:00:00"
"670163",34,"0","2021-04-24 21:15:00"
"670217",34,"0","2021-04-24 21:30:00"
"670271",34,"1.091","2021-04-24 21:45:00"
"670325",34,"1.9260000000000002","2021-04-24 22:00:00"
"670379",34,"1.752","2021-04-24 22:15:00"
"670433",34,"1.701","2021-04-24 22:30:00"
"670487",34,"1.6280000000000001","2021-04-24 22:45:00"
"670541",34,"1.7810000000000001","2021-04-24 23:00:00"
"671097",34,"2.527","2021-06-02 15:30:00"
"671151",34,"2.117","2021-06-02 15:45:00"
"671205",34,"2.04","2021-06-02 16:00:00"
"671259",34,"0.49","2021-06-02 16:15:00"
"671351",34,"0.6000000000000001","2021-06-02 16:30:00"
"671316",34,"2.099","2021-07-13 21:00:00"
"671437",34,"2.023","2021-07-13 21:15:00"
"671536",34,"1.593","2021-07-13 21:30:00"
"671450",34,"0.08","2021-06-02 16:45:00"
"671568",34,"0.7000000000000001","2021-06-02 17:00:00"
"671687",34,"0.24","2021-06-02 17:15:00"
"672667",34,"1.704","2021-07-14 01:00:00"
"672721",34,"1.7570000000000001","2021-07-14 01:15:00"
"672775",34,"1.4849999999999999","2021-07-14 01:30:00"
"675557",34,"1.557","2021-07-14 01:45:00"
"675651",34,"1.438","2021-07-14 02:00:00"
"672907",34,"0","2021-03-21 21:15:00"
"672961",34,"0","2021-03-21 21:30:00"
"673015",34,"0","2021-03-21 21:45:00"
"673069",34,"0","2021-03-21 22:00:00"
"673123",34,"0.65","2021-03-21 22:15:00"
"674297",34,"0","2021-04-25 02:30:00"
"674351",34,"0","2021-04-25 02:45:00"
"674405",34,"0","2021-04-25 03:00:00"
"674459",34,"0","2021-04-25 03:15:00"
"674513",34,"0","2021-04-25 03:30:00"
"674567",34,"0","2021-04-25 03:45:00"
"674621",34,"0","2021-04-25 04:00:00"
"674675",34,"0","2021-04-25 04:15:00"
"674729",34,"0","2021-04-25 04:30:00"
"675339",34,"0","2021-06-02 21:15:00"
"675393",34,"0.01","2021-06-02 21:30:00"
"675447",34,"0","2021-06-02 21:45:00"
"680428",34,"0","2021-07-14 07:15:00"
"680567",34,"0","2021-07-14 07:30:00"
"680705",34,"0","2021-07-14 07:45:00"
"680559",34,"0.03","2021-06-03 03:45:00"
"683249",34,"0.04","2021-06-03 04:00:00"
"680765",34,"2.029","2021-03-22 08:45:00"
"680813",34,"0.6900000000000001","2021-07-14 08:00:00"
"680916",34,"0.76","2021-07-14 08:15:00"
"681023",34,"1.355","2021-07-14 08:30:00"
"682079",34,"1.544","2021-04-25 10:45:00"
"682133",34,"2.163","2021-04-25 11:00:00"
"682187",34,"2.046","2021-04-25 11:15:00"
"682241",34,"1.936","2021-04-25 11:30:00"
"682295",34,"2.4859999999999998","2021-04-25 11:45:00"
"682349",34,"2.49","2021-04-25 12:00:00"
"682403",34,"2.2439999999999998","2021-04-25 12:15:00"
"682457",34,"1.9380000000000002","2021-04-25 12:30:00"
"682511",34,"2.11","2021-04-25 12:45:00"
"682565",34,"2.056","2021-04-25 13:00:00"
"683147",34,"2.3","2021-03-22 12:15:00"
"683202",34,"2.086","2021-03-22 12:30:00"
"683287",34,"1.7069999999999999","2021-03-22 12:45:00"
"683426",34,"3.126","2021-03-22 13:00:00"
"683544",34,"1.5590000000000002","2021-03-22 13:15:00"
"683540",34,"0","2021-06-03 04:15:00"
"683867",34,"0.02","2021-06-03 04:30:00"
"684133",34,"0","2021-06-03 04:45:00"
"683662",34,"2.668","2021-07-14 11:30:00"
"683778",34,"2.626","2021-07-14 11:45:00"
"685445",34,"0.01","2021-06-03 07:00:00"
"685499",34,"0","2021-06-03 07:15:00"
"685553",34,"0.01","2021-06-03 07:30:00"
"685607",34,"0.01","2021-06-03 07:45:00"
"685661",34,"0","2021-06-03 08:00:00"
"685715",34,"0.06","2021-06-03 08:15:00"
"685769",34,"0.08","2021-06-03 08:30:00"
"685889",34,"0.42","2021-04-25 14:30:00"
"685943",34,"0","2021-04-25 14:45:00"
"685997",34,"0","2021-04-25 15:00:00"
"686504",34,"1.7189999999999999","2021-03-22 16:00:00"
"686623",34,"2.242","2021-03-22 16:15:00"
"686723",34,"2.039","2021-03-22 16:30:00"
"686704",34,"1.042","2021-04-25 17:00:00"
"686818",34,"0.63","2021-04-25 17:15:00"
"686963",34,"1.336","2021-04-25 17:30:00"
"686825",34,"1.177","2021-03-22 16:45:00"
"686912",34,"2.431","2021-03-22 17:00:00"
"686995",34,"2.2640000000000002","2021-03-22 17:15:00"
"687073",34,"2.9619999999999997","2021-03-22 17:30:00"
"687157",34,"2.464","2021-03-22 17:45:00"
"688211",34,"0","2021-06-03 08:45:00"
"688265",34,"0.22","2021-06-03 09:00:00"
"688319",34,"0.38","2021-06-03 09:15:00"
"688373",34,"0.13","2021-06-03 09:30:00"
"688427",34,"1.738","2021-06-03 09:45:00"
"688481",34,"0.89","2021-06-03 10:00:00"
"688535",34,"1.224","2021-06-03 10:15:00"
"688589",34,"1.611","2021-06-03 10:30:00"
"688643",34,"0.74","2021-06-03 10:45:00"
"688697",34,"0.64","2021-06-03 11:00:00"
"689876",34,"0","2021-04-25 19:45:00"
"690031",34,"1.007","2021-04-25 20:00:00"
"690080",34,"1.6400000000000001","2021-03-22 21:15:00"
"690218",34,"1.557","2021-03-22 21:30:00"
"690052",34,"2.063","2021-07-14 18:30:00"
"690190",34,"2.155","2021-07-14 18:45:00"
"690404",34,"2.219","2021-07-14 19:00:00"
"690238",34,"0.99","2021-04-25 20:15:00"
"690375",34,"0.03","2021-04-25 20:30:00"
"690531",34,"0.12","2021-04-25 20:45:00"
"691473",34,"1.226","2021-03-22 23:45:00"
"691567",34,"0.84","2021-03-23 00:00:00"
"691669",34,"0.66","2021-03-23 00:15:00"
"691589",34,"1.871","2021-04-25 22:45:00"
"691693",34,"0.61","2021-04-25 23:00:00"
"691779",34,"0.85","2021-04-25 23:15:00"
"693062",34,"0","2021-03-23 00:30:00"
"693181",34,"0","2021-03-23 00:45:00"
"691903",34,"0.62","2021-06-03 13:45:00"
"691957",34,"1.138","2021-06-03 14:00:00"
"693278",34,"0.89","2021-04-25 23:30:00"
"693414",34,"1.867","2021-04-25 23:45:00"
"693600",34,"1.613","2021-04-26 00:00:00"
"693356",34,"0","2021-03-23 01:00:00"
"693504",34,"0","2021-03-23 01:15:00"
"693664",34,"0","2021-03-23 01:30:00"
"693358",34,"2.215","2021-07-14 21:45:00"
"693508",34,"1.778","2021-07-14 22:00:00"
"693666",34,"1.522","2021-07-14 22:15:00"
"693760",34,"0.8200000000000001","2021-04-26 00:15:00"
"693912",34,"0.22","2021-04-26 00:30:00"
"694803",34,"0.23","2021-04-26 02:00:00"
"694970",34,"0","2021-04-26 02:15:00"
"695144",34,"0","2021-04-26 02:30:00"
"694893",34,"0","2021-03-23 03:30:00"
"695032",34,"0.15","2021-03-23 03:45:00"
"695181",34,"0","2021-03-23 04:00:00"
"695152",34,"1.324","2021-07-15 00:15:00"
"695304",34,"0.89","2021-07-15 00:30:00"
"696978",34,"0.01","2021-07-15 00:45:00"
"695308",34,"0.18","2021-04-26 02:45:00"
"695453",34,"0","2021-04-26 03:00:00"
"695875",34,"0","2021-06-03 18:15:00"
"695929",34,"0.01","2021-06-03 18:30:00"
"695983",34,"0","2021-06-03 18:45:00"
"696037",34,"0","2021-06-03 19:00:00"
"696091",34,"0","2021-06-03 19:15:00"
"696145",34,"0","2021-06-03 19:30:00"
"696199",34,"0","2021-06-03 19:45:00"
"696253",34,"0","2021-06-03 20:00:00"
"696307",34,"0","2021-06-03 20:15:00"
"696361",34,"0","2021-06-03 20:30:00"
"697638",34,"1.568","2021-07-15 01:45:00"
"697778",34,"2.177","2021-07-15 02:00:00"
"697940",34,"2.019","2021-07-15 02:15:00"
"697697",34,"0","2021-04-26 05:00:00"
"697873",34,"0","2021-04-26 05:15:00"
"698024",34,"0","2021-04-26 05:30:00"
"698110",34,"2.057","2021-07-15 02:30:00"
"698185",34,"0","2021-04-26 05:45:00"
"698009",34,"0","2021-03-23 07:30:00"
"698174",34,"0","2021-03-23 07:45:00"
"699174",34,"2.758","2021-03-23 09:15:00"
"699328",34,"2.101","2021-03-23 09:30:00"
"700791",34,"2.292","2021-03-23 09:45:00"
"699505",34,"1.528","2021-07-15 04:45:00"
"699619",34,"0.86","2021-07-15 05:00:00"
"699720",34,"1.324","2021-07-15 05:15:00"
"699583",34,"0.15","2021-04-26 08:00:00"
"699703",34,"0.04","2021-04-26 08:15:00"
"701251",34,"1.714","2021-07-15 05:30:00"
"701394",34,"2.447","2021-07-15 05:45:00"
"703819",34,"0","2021-06-04 03:15:00"
"703873",34,"0","2021-06-04 03:30:00"
"700845",34,"1.54","2021-03-23 10:00:00"
"700899",34,"2.044","2021-03-23 10:15:00"
"700953",34,"1.283","2021-03-23 10:30:00"
"701023",34,"2.241","2021-03-23 10:45:00"
"701124",34,"2.123","2021-03-23 11:00:00"
"701294",34,"1.584","2021-03-23 11:15:00"
"701479",34,"1.5859999999999999","2021-03-23 11:30:00"
"702576",34,"1.296","2021-03-23 13:15:00"
"702743",34,"2.053","2021-03-23 13:30:00"
"702512",34,"0.34","2021-04-26 11:00:00"
"702717",34,"0.24","2021-04-26 11:15:00"
"702866",34,"0.03","2021-04-26 11:30:00"
"702867",34,"1.135","2021-07-15 08:00:00"
"703022",34,"1.221","2021-07-15 08:15:00"
"702915",34,"1.193","2021-03-23 13:45:00"
"703074",34,"0.99","2021-03-23 14:00:00"
"703235",34,"1.577","2021-03-23 14:15:00"
"703558",34,"0.61","2021-07-15 09:15:00"
"703661",34,"1.221","2021-07-15 09:30:00"
"703741",34,"2.388","2021-07-15 09:45:00"
"703650",34,"1.256","2021-04-26 13:00:00"
"705249",34,"1.045","2021-04-26 13:15:00"
"705354",34,"2.7039999999999997","2021-04-26 13:30:00"
"706201",34,"2.469","2021-07-15 10:00:00"
"706327",34,"2.083","2021-07-15 10:15:00"
"703927",34,"0.28","2021-06-04 03:45:00"
"703981",34,"0.71","2021-06-04 04:00:00"
"704035",34,"0.14","2021-06-04 04:15:00"
"705195",34,"2.29","2021-03-23 16:15:00"
"705296",34,"2.225","2021-03-23 16:30:00"
"705399",34,"1.892","2021-03-23 16:45:00"
"705479",34,"4.153","2021-04-26 13:45:00"
"705579",34,"3.669","2021-04-26 14:00:00"
"705496",34,"2.192","2021-03-23 17:00:00"
"705611",34,"1.06","2021-03-23 17:15:00"
"705694",34,"3.5460000000000003","2021-04-26 14:15:00"
"705791",34,"3.61","2021-04-26 14:30:00"
"705895",34,"3.9130000000000003","2021-04-26 14:45:00"
"707443",34,"2.739","2021-07-15 13:00:00"
"707497",34,"2.402","2021-07-15 13:15:00"
"707551",34,"2.597","2021-07-15 13:30:00"
"707605",34,"2.3890000000000002","2021-07-15 13:45:00"
"707659",34,"2.54","2021-07-15 14:00:00"
"707713",34,"2.143","2021-07-15 14:15:00"
"707767",34,"2.932","2021-07-15 14:30:00"
"710821",34,"2.237","2021-07-15 14:45:00"
"707897",34,"0.79","2021-03-23 19:30:00"
"707951",34,"0","2021-03-23 19:45:00"
"708005",34,"0","2021-03-23 20:00:00"
"709750",34,"0.49","2021-04-26 19:30:00"
"709851",34,"0","2021-04-26 19:45:00"
"709880",34,"2.371","2021-06-04 10:45:00"
"709969",34,"2.054","2021-06-04 11:00:00"
"710064",34,"1.835","2021-06-04 11:15:00"
"709978",34,"0.33","2021-04-26 20:00:00"
"710097",34,"1.704","2021-04-26 20:15:00"
"710199",34,"1.808","2021-04-26 20:30:00"
"710180",34,"2.516","2021-06-04 11:30:00"
"665809",34,"0","2021-04-24 15:45:00"
"665910",34,"0.1","2021-04-24 16:00:00"
"665917",34,"2.578","2021-03-21 15:30:00"
"666021",34,"1.457","2021-03-21 15:45:00"
"666022",34,"1.289","2021-04-24 16:15:00"
"666123",34,"1.113","2021-04-24 16:30:00"
"667161",34,"0.11","2021-06-02 10:30:00"
"667241",34,"0.02","2021-06-02 10:45:00"
"667345",34,"0.84","2021-07-13 17:15:00"
"667481",34,"2.008","2021-07-13 17:30:00"
"667582",34,"2.107","2021-07-13 17:45:00"
"667332",34,"0.27","2021-06-02 11:00:00"
"667412",34,"0.74","2021-06-02 11:15:00"
"667518",34,"0.37","2021-06-02 11:30:00"
"667630",34,"0.51","2021-06-02 11:45:00"
"667731",34,"0.33","2021-06-02 12:00:00"
"668216",34,"1.558","2021-07-13 19:15:00"
"668321",34,"1.565","2021-07-13 19:30:00"
"668413",34,"2.152","2021-07-13 19:45:00"
"668531",34,"1.554","2021-07-13 20:00:00"
"668638",34,"1.8010000000000002","2021-07-13 20:15:00"
"668520",34,"1.208","2021-06-02 13:45:00"
"668629",34,"1.15","2021-06-02 14:00:00"
"668695",34,"2.113","2021-07-13 20:30:00"
"668749",34,"2.123","2021-07-13 20:45:00"
"669475",34,"0.81","2021-03-21 19:15:00"
"669529",34,"0","2021-03-21 19:30:00"
"669583",34,"0.98","2021-03-21 19:45:00"
"669637",34,"0","2021-03-21 20:00:00"
"669720",34,"0","2021-03-21 20:15:00"
"669862",34,"0","2021-03-21 20:30:00"
"672799",34,"0","2021-03-21 20:45:00"
"672853",34,"0","2021-03-21 21:00:00"
"669855",34,"0.41000000000000003","2021-04-24 20:00:00"
"669947",34,"0.96","2021-04-24 20:15:00"
"670001",34,"0.12","2021-04-24 20:30:00"
"670595",34,"1.169","2021-04-24 23:15:00"
"670649",34,"0","2021-04-24 23:30:00"
"670703",34,"0","2021-04-24 23:45:00"
"670757",34,"0","2021-04-25 00:00:00"
"673811",34,"0","2021-04-25 00:15:00"
"670827",34,"2.315","2021-06-02 14:15:00"
"670881",34,"2.172","2021-06-02 14:30:00"
"670935",34,"2.989","2021-06-02 14:45:00"
"670989",34,"2.947","2021-06-02 15:00:00"
"671043",34,"2.073","2021-06-02 15:15:00"
"671633",34,"1.603","2021-07-13 21:45:00"
"671735",34,"2.034","2021-07-13 22:00:00"
"671840",34,"1.7730000000000001","2021-07-13 22:15:00"
"671799",34,"0","2021-06-02 17:30:00"
"671896",34,"0","2021-06-02 17:45:00"
"671965",34,"1.213","2021-07-13 22:30:00"
"672063",34,"1.714","2021-07-13 22:45:00"
"672014",34,"0.02","2021-06-02 18:00:00"
"672120",34,"0.08","2021-06-02 18:15:00"
"672237",34,"0.01","2021-06-02 18:30:00"
"673177",34,"2.037","2021-03-21 22:30:00"
"673231",34,"0.68","2021-03-21 22:45:00"
"673285",34,"0.4","2021-03-21 23:00:00"
"673339",34,"0","2021-03-21 23:15:00"
"673393",34,"0","2021-03-21 23:30:00"
"673447",34,"0","2021-03-21 23:45:00"
"673501",34,"0","2021-03-22 00:00:00"
"673555",34,"0","2021-03-22 00:15:00"
"673609",34,"0","2021-03-22 00:30:00"
"673663",34,"0","2021-03-22 00:45:00"
"675542",34,"0.02","2021-06-02 22:00:00"
"675665",34,"0","2021-06-02 22:15:00"
"675765",34,"1.96","2021-07-14 02:15:00"
"675874",34,"1.933","2021-07-14 02:30:00"
"675766",34,"0","2021-06-02 22:30:00"
"675873",34,"0","2021-06-02 22:45:00"
"675978",34,"0","2021-06-02 23:00:00"
"675986",34,"1.9580000000000002","2021-07-14 02:45:00"
"676172",34,"2.09","2021-07-14 03:00:00"
"676354",34,"1.941","2021-07-14 03:15:00"
"676611",34,"0.52","2021-03-22 03:00:00"
"676683",34,"1.2429999999999999","2021-03-22 03:15:00"
"676763",34,"0","2021-03-22 03:30:00"
"676840",34,"0","2021-03-22 03:45:00"
"676906",34,"0.67","2021-03-22 04:00:00"
"677052",34,"0.2","2021-07-14 04:15:00"
"677161",34,"1.517","2021-07-14 04:30:00"
"676987",34,"1.713","2021-03-22 04:15:00"
"677072",34,"2.042","2021-03-22 04:30:00"
"677747",34,"1.3639999999999999","2021-07-14 06:00:00"
"679801",34,"1.193","2021-07-14 06:15:00"
"679966",34,"1.184","2021-07-14 06:30:00"
"677837",34,"0","2021-04-25 05:00:00"
"677891",34,"0","2021-04-25 05:15:00"
"677945",34,"0","2021-04-25 05:30:00"
"677999",34,"0","2021-04-25 05:45:00"
"678053",34,"0.2","2021-04-25 06:00:00"
"678107",34,"1.924","2021-04-25 06:15:00"
"678161",34,"1.455","2021-04-25 06:30:00"
"678215",34,"1.45","2021-04-25 06:45:00"
"681809",34,"1.411","2021-04-25 09:30:00"
"681863",34,"1.295","2021-04-25 09:45:00"
"678879",34,"0","2021-06-02 23:45:00"
"678933",34,"0","2021-06-03 00:00:00"
"678987",34,"0","2021-06-03 00:15:00"
"679041",34,"0","2021-06-03 00:30:00"
"679095",34,"0","2021-06-03 00:45:00"
"679149",34,"0","2021-06-03 01:00:00"
"679203",34,"0","2021-06-03 01:15:00"
"679280",34,"0.02","2021-06-03 01:30:00"
"680015",34,"0","2021-03-22 07:30:00"
"680160",34,"0","2021-03-22 07:45:00"
"680005",34,"0","2021-06-03 03:00:00"
"680204",34,"0","2021-06-03 03:15:00"
"680365",34,"0","2021-06-03 03:30:00"
"680109",34,"0","2021-07-14 06:45:00"
"680269",34,"0","2021-07-14 07:00:00"
"680326",34,"0.93","2021-03-22 08:00:00"
"680468",34,"0.75","2021-03-22 08:15:00"
"680641",34,"1.6400000000000001","2021-03-22 08:30:00"
"681481",34,"0.91","2021-07-14 09:30:00"
"681557",34,"0.9500000000000001","2021-07-14 09:45:00"
"681611",34,"1.661","2021-07-14 10:00:00"
"681665",34,"2.289","2021-07-14 10:15:00"
"681719",34,"2.124","2021-07-14 10:30:00"
"681773",34,"2.752","2021-07-14 10:45:00"
"683381",34,"2.444","2021-07-14 11:00:00"
"683510",34,"2.643","2021-07-14 11:15:00"
"681917",34,"0.12","2021-04-25 10:00:00"
"681971",34,"1.314","2021-04-25 10:15:00"
"682025",34,"1.3","2021-04-25 10:30:00"
"683661",34,"3.053","2021-03-22 13:30:00"
"683802",34,"2.6029999999999998","2021-03-22 13:45:00"
"683926",34,"1.783","2021-03-22 14:00:00"
"683922",34,"2.356","2021-07-14 12:00:00"
"684064",34,"1.714","2021-07-14 12:15:00"
"684182",34,"2.059","2021-07-14 12:30:00"
"684052",34,"2.079","2021-03-22 14:15:00"
"684202",34,"2.006","2021-03-22 14:30:00"
"684325",34,"3.51","2021-07-14 12:45:00"
"684443",34,"3.268","2021-07-14 13:00:00"
"684794",34,"0","2021-06-03 05:30:00"
"684983",34,"0","2021-06-03 05:45:00"
"685157",34,"0","2021-06-03 06:00:00"
"684975",34,"3.479","2021-07-14 14:30:00"
"685052",34,"2.8280000000000003","2021-07-14 14:45:00"
"685128",34,"2.938","2021-07-14 15:00:00"
"685218",34,"2.769","2021-07-14 15:15:00"
"687516",34,"2.482","2021-07-14 15:30:00"
"685283",34,"0","2021-06-03 06:15:00"
"685337",34,"0.01","2021-06-03 06:30:00"
"685391",34,"0","2021-06-03 06:45:00"
"687124",34,"2.002","2021-04-25 17:45:00"
"687277",34,"2.408","2021-04-25 18:00:00"
"687436",34,"0.39","2021-04-25 18:15:00"
"687243",34,"2.225","2021-03-22 18:00:00"
"687320",34,"1.449","2021-03-22 18:15:00"
"687402",34,"1.5030000000000001","2021-03-22 18:30:00"
"687513",34,"1.923","2021-03-22 18:45:00"
"687662",34,"0.8","2021-03-22 19:00:00"
"687590",34,"0.67","2021-04-25 18:30:00"
"689270",34,"1.7650000000000001","2021-04-25 18:45:00"
"688751",34,"0.49","2021-06-03 11:15:00"
"688805",34,"0.61","2021-06-03 11:30:00"
"688859",34,"0.4","2021-06-03 11:45:00"
"688913",34,"0.99","2021-06-03 12:00:00"
"688967",34,"1.443","2021-06-03 12:15:00"
"689021",34,"0.99","2021-06-03 12:30:00"
"689075",34,"0.45","2021-06-03 12:45:00"
"689129",34,"0.9500000000000001","2021-06-03 13:00:00"
"691795",34,"1.245","2021-06-03 13:15:00"
"691849",34,"0.8200000000000001","2021-06-03 13:30:00"
"690356",34,"1.33","2021-03-22 21:45:00"
"690512",34,"1.1280000000000001","2021-03-22 22:00:00"
"690665",34,"0","2021-03-22 22:15:00"
"690577",34,"2.218","2021-07-14 19:15:00"
"690731",34,"1.858","2021-07-14 19:30:00"
"690880",34,"1.597","2021-07-14 19:45:00"
"690710",34,"0.38","2021-04-25 21:00:00"
"690856",34,"0","2021-04-25 21:15:00"
"690855",34,"0","2021-03-22 22:30:00"
"691001",34,"0","2021-03-22 22:45:00"
"692011",34,"0.43","2021-06-03 14:15:00"
"692065",34,"0.5700000000000001","2021-06-03 14:30:00"
"692119",34,"0.37","2021-06-03 14:45:00"
"692173",34,"0.72","2021-06-03 15:00:00"
"692227",34,"0.5","2021-06-03 15:15:00"
"692281",34,"0.41000000000000003","2021-06-03 15:30:00"
"692335",34,"0","2021-06-03 15:45:00"
"692389",34,"0.01","2021-06-03 16:00:00"
"692443",34,"0.21","2021-06-03 16:15:00"
"692497",34,"0.55","2021-06-03 16:30:00"
"692551",34,"0","2021-06-03 16:45:00"
"693833",34,"0.35000000000000003","2021-03-23 01:45:00"
"693982",34,"0","2021-03-23 02:00:00"
"693832",34,"1.053","2021-07-14 22:30:00"
"694019",34,"1.321","2021-07-14 22:45:00"
"694066",34,"1.098","2021-04-26 00:45:00"
"694203",34,"1.5390000000000001","2021-04-26 01:00:00"
"694360",34,"0.5","2021-04-26 01:15:00"
"694163",34,"0","2021-03-23 02:15:00"
"694300",34,"0.32","2021-03-23 02:30:00"
"694427",34,"0.4","2021-03-23 02:45:00"
"695348",34,"0","2021-03-23 04:15:00"
"695477",34,"0","2021-03-23 04:30:00"
"695554",34,"0","2021-04-26 03:15:00"
"695656",34,"0","2021-04-26 03:30:00"
"695751",34,"0","2021-04-26 03:45:00"
"695592",34,"0","2021-03-23 04:45:00"
"695702",34,"0","2021-03-23 05:00:00"
"696819",34,"0","2021-03-23 05:15:00"
"697024",34,"0.66","2021-04-26 04:00:00"
"697168",34,"0.75","2021-04-26 04:15:00"
"697149",34,"0.12","2021-07-15 01:00:00"
"697342",34,"0.52","2021-07-15 01:15:00"
"697503",34,"2.097","2021-07-15 01:30:00"
"697227",34,"0","2021-03-23 06:15:00"
"697374",34,"0","2021-03-23 06:30:00"
"697322",34,"0","2021-04-26 04:30:00"
"697486",34,"0","2021-04-26 04:45:00"
"697534",34,"0","2021-03-23 06:45:00"
"697673",34,"0","2021-03-23 07:00:00"
"697845",34,"0","2021-03-23 07:15:00"
"698825",34,"1.908","2021-04-26 06:45:00"
"698987",34,"1.746","2021-04-26 07:00:00"
"698848",34,"1.517","2021-03-23 08:45:00"
"699012",34,"2.622","2021-03-23 09:00:00"
"699218",34,"1.9689999999999999","2021-07-15 04:15:00"
"699368",34,"1.768","2021-07-15 04:30:00"
"699146",34,"0.07","2021-04-26 07:15:00"
"699336",34,"0","2021-04-26 07:30:00"
"699479",34,"0","2021-04-26 07:45:00"
"700225",34,"0.73","2021-06-04 00:30:00"
"700279",34,"1.437","2021-06-04 00:45:00"
"700333",34,"2.038","2021-06-04 01:00:00"
"700387",34,"1.824","2021-06-04 01:15:00"
"700441",34,"1.339","2021-06-04 01:30:00"
"700495",34,"0.37","2021-06-04 01:45:00"
"700549",34,"0.03","2021-06-04 02:00:00"
"700603",34,"0.13","2021-06-04 02:15:00"
"700657",34,"0.23","2021-06-04 02:30:00"
"700711",34,"0.07","2021-06-04 02:45:00"
"700765",34,"1.216","2021-06-04 03:00:00"
"702078",34,"0","2021-07-15 06:45:00"
"702233",34,"0","2021-07-15 07:00:00"
"702110",34,"0.98","2021-03-23 12:30:00"
"702270",34,"1.377","2021-03-23 12:45:00"
"702429",34,"0.79","2021-03-23 13:00:00"
"702198",34,"0.2","2021-04-26 10:30:00"
"702360",34,"0.18","2021-04-26 10:45:00"
"702404",34,"0.31","2021-07-15 07:15:00"
"702571",34,"1.1400000000000001","2021-07-15 07:30:00"
"702701",34,"2.398","2021-07-15 07:45:00"
"704089",34,"0","2021-06-04 04:30:00"
"704143",34,"0","2021-06-04 04:45:00"
"704197",34,"0","2021-06-04 05:00:00"
"704251",34,"0.07","2021-06-04 05:15:00"
"704305",34,"0","2021-06-04 05:30:00"
"704359",34,"0","2021-06-04 05:45:00"
"704413",34,"0","2021-06-04 06:00:00"
"704467",34,"0","2021-06-04 06:15:00"
"704521",34,"0.44","2021-06-04 06:30:00"
"704584",34,"0.33","2021-06-04 06:45:00"
"705718",34,"1.134","2021-03-23 17:30:00"
"705835",34,"1.001","2021-03-23 17:45:00"
"705935",34,"0.73","2021-03-23 18:00:00"
"706051",34,"4.08","2021-04-26 15:00:00"
"706272",34,"3.643","2021-04-26 15:15:00"
"706008",34,"0.56","2021-03-23 18:15:00"
"706086",34,"0.58","2021-03-23 18:30:00"
"706141",34,"0.62","2021-03-23 18:45:00"
"707789",34,"0","2021-03-23 19:00:00"
"707843",34,"0.11","2021-03-23 19:15:00"
"706911",34,"2.946","2021-04-26 16:45:00"
"706993",34,"2.849","2021-04-26 17:00:00"
"707085",34,"1.624","2021-04-26 17:15:00"
"707021",34,"2.393","2021-07-15 11:45:00"
"707142",34,"3.128","2021-07-15 12:00:00"
"707281",34,"2.947","2021-07-15 12:15:00"
"707182",34,"2.072","2021-04-26 17:30:00"
"707257",34,"0.62","2021-04-26 17:45:00"
"708786",34,"1.397","2021-04-26 18:00:00"
"707335",34,"2.692","2021-07-15 12:30:00"
"707389",34,"3.26","2021-07-15 12:45:00"
"708787",34,"2.517","2021-06-04 09:00:00"
"708953",34,"2.598","2021-06-04 09:15:00"
"708708",34,"0.89","2021-03-23 22:00:00"
"708871",34,"0.08","2021-03-23 22:15:00"
"709036",34,"0","2021-03-23 22:30:00"
"708957",34,"1.071","2021-04-26 18:15:00"
"709109",34,"0.97","2021-04-26 18:30:00"
"709125",34,"2.711","2021-06-04 09:30:00"
"709265",34,"2.425","2021-06-04 09:45:00"
"709423",34,"2.719","2021-06-04 10:00:00"
"710296",34,"0.99","2021-04-26 20:45:00"
"710398",34,"1","2021-04-26 21:00:00"
"710414",34,"3.308","2021-06-04 12:00:00"
"710299",34,"3.296","2021-06-04 11:45:00"
"710875",34,"2.923","2021-07-15 15:00:00"
"710929",34,"3.826","2021-07-15 15:15:00"
"710983",34,"3.653","2021-07-15 15:30:00"
"711037",34,"3.014","2021-07-15 15:45:00"
"711091",34,"3.404","2021-07-15 16:00:00"
"711145",34,"3.8529999999999998","2021-07-15 16:15:00"
"711199",34,"3.912","2021-07-15 16:30:00"
"711253",34,"3.152","2021-07-15 16:45:00"
"711307",34,"4.207","2021-07-15 17:00:00"
"711361",34,"3.444","2021-07-15 17:15:00"
"716935",34,"0.61","2021-04-27 03:45:00"
"716989",34,"1.476","2021-04-27 04:00:00"
"717043",34,"0","2021-04-27 04:15:00"
"717106",34,"0","2021-04-27 04:30:00"
"717232",34,"0","2021-04-27 04:45:00"
"717197",34,"2.186","2021-06-04 17:15:00"
"717295",34,"1.838","2021-06-04 17:30:00"
"717348",34,"0","2021-04-27 05:00:00"
"717450",34,"0","2021-04-27 05:15:00"
"717555",34,"0","2021-04-27 05:30:00"
"717942",34,"1.811","2021-06-04 19:00:00"
"718066",34,"2.471","2021-06-04 19:15:00"
"718170",34,"2.311","2021-06-04 19:30:00"
"718201",34,"0","2021-04-27 07:00:00"
"718317",34,"0","2021-04-27 07:15:00"
"718272",34,"2.409","2021-06-04 19:45:00"
"718378",34,"2.328","2021-06-04 20:00:00"
"718478",34,"2.255","2021-06-04 20:15:00"
"718433",34,"0","2021-04-27 07:30:00"
"720799",34,"0","2021-04-27 07:45:00"
"720853",34,"0","2021-04-27 08:00:00"
"719521",34,"2.94","2021-07-16 03:15:00"
"719575",34,"2.748","2021-07-16 03:30:00"
"719629",34,"1.2770000000000001","2021-07-16 03:45:00"
"677783",34,"0","2021-04-25 04:45:00"
"676122",34,"0","2021-06-02 23:15:00"
"678825",34,"0","2021-06-02 23:30:00"
"676209",34,"0.39","2021-03-22 01:45:00"
"676278",34,"0.65","2021-03-22 02:00:00"
"676362",34,"0","2021-03-22 02:15:00"
"676450",34,"0","2021-03-22 02:30:00"
"676530",34,"0","2021-03-22 02:45:00"
"676504",34,"2.388","2021-07-14 03:30:00"
"676685",34,"2.162","2021-07-14 03:45:00"
"676867",34,"1.553","2021-07-14 04:00:00"
"677182",34,"1.457","2021-03-22 04:45:00"
"677305",34,"1.9769999999999999","2021-03-22 05:00:00"
"677412",34,"2.088","2021-03-22 05:15:00"
"677252",34,"1.438","2021-07-14 04:45:00"
"677359",34,"0.8300000000000001","2021-07-14 05:00:00"
"677475",34,"0.37","2021-07-14 05:15:00"
"677507",34,"2.085","2021-03-22 05:30:00"
"677611",34,"1.518","2021-03-22 05:45:00"
"677591",34,"1.134","2021-07-14 05:30:00"
"677693",34,"1.552","2021-07-14 05:45:00"
"678269",34,"1.574","2021-04-25 07:00:00"
"678323",34,"0.17","2021-04-25 07:15:00"
"678377",34,"0","2021-04-25 07:30:00"
"678431",34,"0","2021-04-25 07:45:00"
"678485",34,"0","2021-04-25 08:00:00"
"678539",34,"0","2021-04-25 08:15:00"
"678593",34,"0","2021-04-25 08:30:00"
"678647",34,"0","2021-04-25 08:45:00"
"678701",34,"0","2021-04-25 09:00:00"
"678755",34,"0.36","2021-04-25 09:15:00"
"679267",34,"0.02","2021-03-22 06:00:00"
"679387",34,"0","2021-03-22 06:15:00"
"679482",34,"0.08","2021-03-22 06:30:00"
"679376",34,"0","2021-06-03 01:45:00"
"679497",34,"0","2021-06-03 02:00:00"
"679591",34,"0","2021-06-03 02:15:00"
"679606",34,"0.71","2021-03-22 06:45:00"
"679708",34,"0","2021-03-22 07:00:00"
"679843",34,"0","2021-03-22 07:15:00"
"679704",34,"0","2021-06-03 02:30:00"
"679857",34,"0","2021-06-03 02:45:00"
"680878",34,"1.613","2021-03-22 09:00:00"
"680988",34,"2.003","2021-03-22 09:15:00"
"681094",34,"2.038","2021-03-22 09:30:00"
"681135",34,"1.133","2021-07-14 08:45:00"
"681247",34,"1.397","2021-07-14 09:00:00"
"681376",34,"1.521","2021-07-14 09:15:00"
"681188",34,"1.2650000000000001","2021-03-22 09:45:00"
"681294",34,"1.701","2021-03-22 10:00:00"
"681397",34,"1.5390000000000001","2021-03-22 10:15:00"
"681501",34,"2.247","2021-03-22 10:30:00"
"682823",34,"2.377","2021-03-22 10:45:00"
"682619",34,"1.776","2021-04-25 13:15:00"
"682673",34,"0.85","2021-04-25 13:30:00"
"682727",34,"0.45","2021-04-25 13:45:00"
"685781",34,"1.846","2021-04-25 14:00:00"
"685835",34,"0.44","2021-04-25 14:15:00"
"682877",34,"2.5540000000000003","2021-03-22 11:00:00"
"682931",34,"2.291","2021-03-22 11:15:00"
"682985",34,"2.779","2021-03-22 11:30:00"
"683039",34,"2.954","2021-03-22 11:45:00"
"683093",34,"2.623","2021-03-22 12:00:00"
"684403",34,"0","2021-06-03 05:00:00"
"684640",34,"0.02","2021-06-03 05:15:00"
"684330",34,"2.6630000000000003","2021-03-22 14:45:00"
"684477",34,"2.208","2021-03-22 15:00:00"
"686193",34,"2.969","2021-03-22 15:15:00"
"684580",34,"3.708","2021-07-14 13:15:00"
"684659",34,"3.293","2021-07-14 13:30:00"
"684737",34,"3.217","2021-07-14 13:45:00"
"684825",34,"3.26","2021-07-14 14:00:00"
"684893",34,"3.321","2021-07-14 14:15:00"
"686051",34,"0","2021-04-25 15:15:00"
"686105",34,"0.05","2021-04-25 15:30:00"
"686159",34,"0.1","2021-04-25 15:45:00"
"686259",34,"2.079","2021-04-25 16:00:00"
"686370",34,"2.075","2021-04-25 16:15:00"
"686301",34,"2.8890000000000002","2021-03-22 15:30:00"
"686409",34,"2.115","2021-03-22 15:45:00"
"686493",34,"2.145","2021-04-25 16:30:00"
"686589",34,"2.556","2021-04-25 16:45:00"
"687702",34,"2.017","2021-07-14 15:45:00"
"687808",34,"2.509","2021-07-14 16:00:00"
"687917",34,"1.9140000000000001","2021-07-14 16:15:00"
"687763",34,"0","2021-03-22 19:15:00"
"687869",34,"0.37","2021-03-22 19:30:00"
"687968",34,"0.04","2021-03-22 19:45:00"
"689319",34,"0","2021-03-22 20:00:00"
"689428",34,"1.2850000000000001","2021-03-22 20:15:00"
"688015",34,"1.774","2021-07-14 16:30:00"
"688069",34,"1.258","2021-07-14 16:45:00"
"688123",34,"2.063","2021-07-14 17:00:00"
"689158",34,"2.147","2021-07-14 17:15:00"
"689307",34,"1.888","2021-07-14 17:30:00"
"689501",34,"0.12","2021-07-14 17:45:00"
"689445",34,"0.52","2021-04-25 19:00:00"
"689573",34,"0.62","2021-04-25 19:15:00"
"689720",34,"0.98","2021-04-25 19:30:00"
"689614",34,"1.826","2021-03-22 20:30:00"
"689757",34,"1.932","2021-03-22 20:45:00"
"689903",34,"1.682","2021-03-22 21:00:00"
"689704",34,"1.49","2021-07-14 18:00:00"
"689896",34,"1.957","2021-07-14 18:15:00"
"691034",34,"1.936","2021-07-14 20:00:00"
"692825",34,"1.536","2021-07-14 20:15:00"
"691047",34,"0","2021-04-25 21:30:00"
"691155",34,"0.99","2021-04-25 21:45:00"
"691265",34,"2.016","2021-04-25 22:00:00"
"691127",34,"0","2021-03-22 23:00:00"
"691241",34,"0","2021-03-22 23:15:00"
"691349",34,"1.458","2021-03-22 23:30:00"
"691370",34,"0.99","2021-04-25 22:15:00"
"691462",34,"0.21","2021-04-25 22:30:00"
"692605",34,"0","2021-06-03 17:00:00"
"692659",34,"0","2021-06-03 17:15:00"
"692713",34,"0","2021-06-03 17:30:00"
"692767",34,"0.03","2021-06-03 17:45:00"
"695821",34,"0","2021-06-03 18:00:00"
"692879",34,"0.7000000000000001","2021-07-14 20:30:00"
"692933",34,"0","2021-07-14 20:45:00"
"692987",34,"0.41000000000000003","2021-07-14 21:00:00"
"693045",34,"1.873","2021-07-14 21:15:00"
"693191",34,"2.108","2021-07-14 21:30:00"
"694197",34,"0.48","2021-07-14 23:00:00"
"694407",34,"0","2021-07-14 23:15:00"
"694598",34,"0","2021-07-14 23:30:00"
"694518",34,"0.92","2021-04-26 01:30:00"
"694665",34,"0.16","2021-04-26 01:45:00"
"694586",34,"0","2021-03-23 03:00:00"
"694727",34,"0","2021-03-23 03:15:00"
"694799",34,"0.34","2021-07-14 23:45:00"
"694971",34,"1.225","2021-07-15 00:00:00"
"696415",34,"0","2021-06-03 20:45:00"
"696469",34,"0","2021-06-03 21:00:00"
"696523",34,"0","2021-06-03 21:15:00"
"696577",34,"0.13","2021-06-03 21:30:00"
"696631",34,"0.03","2021-06-03 21:45:00"
"696685",34,"0","2021-06-03 22:00:00"
"696739",34,"1.596","2021-06-03 22:15:00"
"699793",34,"2.041","2021-06-03 22:30:00"
"696873",34,"0.05","2021-03-23 05:30:00"
"696927",34,"0.09","2021-03-23 05:45:00"
"697065",34,"0","2021-03-23 06:00:00"
"698270",34,"2.007","2021-07-15 02:45:00"
"698411",34,"1.6019999999999999","2021-07-15 03:00:00"
"698563",34,"1.655","2021-07-15 03:15:00"
"698350",34,"0","2021-04-26 06:00:00"
"698535",34,"1.988","2021-04-26 06:15:00"
"698670",34,"2.007","2021-04-26 06:30:00"
"698352",34,"0","2021-03-23 08:00:00"
"698494",34,"0.68","2021-03-23 08:15:00"
"698689",34,"2.3609999999999998","2021-03-23 08:30:00"
"698718",34,"1.703","2021-07-15 03:30:00"
"698900",34,"1.698","2021-07-15 03:45:00"
"699061",34,"1.762","2021-07-15 04:00:00"
"699777",34,"0","2021-04-26 08:30:00"
"701099",34,"0.2","2021-04-26 08:45:00"
"701235",34,"0.24","2021-04-26 09:00:00"
"699847",34,"2.483","2021-06-03 22:45:00"
"699901",34,"2.442","2021-06-03 23:00:00"
"699955",34,"1.834","2021-06-03 23:15:00"
"700009",34,"0.96","2021-06-03 23:30:00"
"700063",34,"1.901","2021-06-03 23:45:00"
"700117",34,"1.326","2021-06-04 00:00:00"
"700171",34,"0.52","2021-06-04 00:15:00"
"701399",34,"2.081","2021-04-26 09:15:00"
"701551",34,"2.128","2021-04-26 09:30:00"
"701578",34,"1.9420000000000002","2021-07-15 06:00:00"
"701764",34,"0.4","2021-07-15 06:15:00"
"701907",34,"0","2021-07-15 06:30:00"
"701634",34,"0.9500000000000001","2021-03-23 11:45:00"
"701773",34,"1.1360000000000001","2021-03-23 12:00:00"
"701951",34,"1.032","2021-03-23 12:15:00"
"701697",34,"1.554","2021-04-26 09:45:00"
"701871",34,"0.87","2021-04-26 10:00:00"
"702027",34,"0.08","2021-04-26 10:15:00"
"703033",34,"1.239","2021-04-26 11:45:00"
"703191",34,"0.67","2021-04-26 12:00:00"
"703321",34,"2.469","2021-04-26 12:15:00"
"703196",34,"1.17","2021-07-15 08:30:00"
"703339",34,"0.68","2021-07-15 08:45:00"
"703439",34,"0.98","2021-07-15 09:00:00"
"704639",34,"1.142","2021-03-23 14:30:00"
"704760",34,"2.084","2021-03-23 14:45:00"
"703440",34,"2.158","2021-04-26 12:30:00"
"703537",34,"2.018","2021-04-26 12:45:00"
"704686",34,"0","2021-06-04 07:00:00"
"704791",34,"0","2021-06-04 07:15:00"
"704860",34,"1.5859999999999999","2021-03-23 15:00:00"
"704963",34,"0.52","2021-03-23 15:15:00"
"705033",34,"2.722","2021-03-23 15:30:00"
"704907",34,"0","2021-06-04 07:30:00"
"708190",34,"0.87","2021-06-04 07:45:00"
"708304",34,"0.44","2021-06-04 08:00:00"
"705087",34,"3.558","2021-03-23 15:45:00"
"705141",34,"3.002","2021-03-23 16:00:00"
"706408",34,"2.3689999999999998","2021-07-15 10:30:00"
"706513",34,"1.7000000000000002","2021-07-15 10:45:00"
"706626",34,"2.175","2021-07-15 11:00:00"
"706417",34,"3.367","2021-04-26 15:30:00"
"706523",34,"2.565","2021-04-26 15:45:00"
"706630",34,"2.633","2021-04-26 16:00:00"
"706736",34,"2.387","2021-07-15 11:15:00"
"706877",34,"2.173","2021-07-15 11:30:00"
"706735",34,"3.342","2021-04-26 16:15:00"
"706822",34,"3.081","2021-04-26 16:30:00"
"708059",34,"1.446","2021-03-23 20:15:00"
"708113",34,"0.48","2021-03-23 20:30:00"
"708168",34,"0.63","2021-03-23 20:45:00"
"708264",34,"0.6900000000000001","2021-03-23 21:00:00"
"708367",34,"0.37","2021-03-23 21:15:00"
"708409",34,"0.7000000000000001","2021-06-04 08:15:00"
"708519",34,"1.6920000000000002","2021-06-04 08:30:00"
"708640",34,"2.02","2021-06-04 08:45:00"
"708485",34,"1.7469999999999999","2021-03-23 21:30:00"
"708587",34,"0.25","2021-03-23 21:45:00"
"709193",34,"0","2021-03-23 22:45:00"
"709354",34,"0","2021-03-23 23:00:00"
"709304",34,"0.28","2021-04-26 18:45:00"
"709458",34,"0.5700000000000001","2021-04-26 19:00:00"
"709601",34,"1.3980000000000001","2021-04-26 19:15:00"
"709584",34,"2.955","2021-06-04 10:15:00"
"709766",34,"2.511","2021-06-04 10:30:00"
"709524",34,"0","2021-03-23 23:15:00"
"709682",34,"0","2021-03-23 23:30:00"
"711815",34,"0","2021-03-23 23:45:00"
"711415",34,"2.416","2021-07-15 17:30:00"
"711469",34,"2.769","2021-07-15 17:45:00"
"711523",34,"3.081","2021-07-15 18:00:00"
"711577",34,"3.253","2021-07-15 18:15:00"
"711631",34,"3.301","2021-07-15 18:30:00"
"711685",34,"2.944","2021-07-15 18:45:00"
"711739",34,"2.253","2021-07-15 19:00:00"
"714793",34,"2.007","2021-07-15 19:15:00"
"711869",34,"0","2021-03-24 00:00:00"
"711923",34,"1.469","2021-03-24 00:15:00"
"711977",34,"1.227","2021-03-24 00:30:00"
"712520",34,"0.13","2021-04-26 22:30:00"
"712672",34,"0.19","2021-04-26 22:45:00"
"712834",34,"0.41000000000000003","2021-04-26 23:00:00"
"712769",34,"0","2021-03-24 03:15:00"
"712902",34,"0","2021-03-24 03:30:00"
"712762",34,"3.042","2021-06-04 12:45:00"
"712944",34,"3.209","2021-06-04 13:00:00"
"713019",34,"0.39","2021-04-26 23:15:00"
"713154",34,"2.095","2021-04-26 23:30:00"
"713316",34,"2.163","2021-04-26 23:45:00"
"713612",34,"2.073","2021-04-27 00:30:00"
"713693",34,"2.206","2021-04-27 00:45:00"
"713804",34,"2.099","2021-04-27 01:00:00"
"713917",34,"2.573","2021-06-04 14:45:00"
"714023",34,"2.691","2021-06-04 15:00:00"
"713918",34,"2.143","2021-04-27 01:15:00"
"714028",34,"2.048","2021-04-27 01:30:00"
"714127",34,"2.261","2021-06-04 15:15:00"
"714241",34,"2.512","2021-06-04 15:30:00"
"714323",34,"2.5869999999999997","2021-06-04 15:45:00"
"714690",34,"2.088","2021-04-27 03:00:00"
"716772",34,"2.24","2021-04-27 03:15:00"
"716880",34,"1.845","2021-04-27 03:30:00"
"714847",34,"2.416","2021-07-15 19:30:00"
"714901",34,"2.231","2021-07-15 19:45:00"
"714955",34,"1.8050000000000002","2021-07-15 20:00:00"
"715009",34,"1.737","2021-07-15 20:15:00"
"715063",34,"1.662","2021-07-15 20:30:00"
"715117",34,"1.984","2021-07-15 20:45:00"
"715171",34,"2.902","2021-07-15 21:00:00"
"715225",34,"2.971","2021-07-15 21:15:00"
"715841",34,"0","2021-03-24 04:30:00"
"715895",34,"0","2021-03-24 04:45:00"
"715949",34,"0","2021-03-24 05:00:00"
"716003",34,"0","2021-03-24 05:15:00"
"716057",34,"0","2021-03-24 05:30:00"
"716111",34,"0","2021-03-24 05:45:00"
"716165",34,"0","2021-03-24 06:00:00"
"716219",34,"0","2021-03-24 06:15:00"
"716273",34,"0","2021-03-24 06:30:00"
"716327",34,"0","2021-03-24 06:45:00"
"717394",34,"1.81","2021-06-04 17:45:00"
"717519",34,"1.738","2021-06-04 18:00:00"
"717623",34,"2.352","2021-06-04 18:15:00"
"717667",34,"0","2021-04-27 05:45:00"
"717785",34,"0","2021-04-27 06:00:00"
"717724",34,"2.219","2021-06-04 18:30:00"
"717830",34,"2.243","2021-06-04 18:45:00"
"717898",34,"0","2021-04-27 06:15:00"
"717990",34,"0","2021-04-27 06:30:00"
"718090",34,"0","2021-04-27 06:45:00"
"718927",34,"2.533","2021-07-16 00:30:00"
"718981",34,"2.166","2021-07-16 00:45:00"
"719035",34,"1.895","2021-07-16 01:00:00"
"719089",34,"2.19","2021-07-16 01:15:00"
"719683",34,"0.77","2021-07-16 04:00:00"
"719737",34,"1.591","2021-07-16 04:15:00"
"722791",34,"1.616","2021-07-16 04:30:00"
"722845",34,"1.516","2021-07-16 04:45:00"
"719921",34,"3.046","2021-03-24 09:30:00"
"719975",34,"3.095","2021-03-24 09:45:00"
"720029",34,"3.103","2021-03-24 10:00:00"
"725149",34,"2.868","2021-04-27 14:00:00"
"725203",34,"1.5779999999999998","2021-04-27 14:15:00"
"725257",34,"2.2640000000000002","2021-04-27 14:30:00"
"725311",34,"2.259","2021-04-27 14:45:00"
"725365",34,"1.99","2021-04-27 15:00:00"
"725419",34,"1.85","2021-04-27 15:15:00"
"725473",34,"2.89","2021-04-27 15:30:00"
"725527",34,"1.7730000000000001","2021-04-27 15:45:00"
"725581",34,"1.79","2021-04-27 16:00:00"
"725635",34,"0.52","2021-04-27 16:15:00"
"726820",34,"1.508","2021-06-05 04:45:00"
"726962",34,"0.47000000000000003","2021-06-05 05:00:00"
"727068",34,"0.78","2021-07-16 09:30:00"
"727202",34,"0.48","2021-07-16 09:45:00"
"727329",34,"0.08","2021-07-16 10:00:00"
"727140",34,"0.16","2021-01-01 02:45:00"
"727348",34,"0","2021-01-01 03:00:00"
"727500",34,"0.68","2021-01-01 03:15:00"
"727161",34,"0.51","2021-06-05 05:15:00"
"727330",34,"0","2021-06-05 05:30:00"
"727515",34,"0.59","2021-06-05 05:45:00"
"727966",34,"1.018","2021-06-05 06:30:00"
"728109",34,"0.67","2021-06-05 06:45:00"
"730958",34,"0","2021-06-05 07:00:00"
"728107",34,"1.105","2021-01-01 04:00:00"
"728233",34,"0.42","2021-01-01 04:15:00"
"728379",34,"0.41000000000000003","2021-01-01 04:30:00"
"728209",34,"1.051","2021-07-16 11:30:00"
"728342",34,"0.23","2021-07-16 11:45:00"
"730919",34,"0","2021-01-01 04:45:00"
"731190",34,"0","2021-01-01 05:00:00"
"729567",34,"3.507","2021-03-24 21:45:00"
"729621",34,"0.78","2021-03-24 22:00:00"
"729675",34,"1.679","2021-03-24 22:15:00"
"729729",34,"1.92","2021-03-24 22:30:00"
"730802",34,"2.078","2021-03-24 22:45:00"
"729797",34,"2.213","2021-04-27 17:00:00"
"729851",34,"1.6019999999999999","2021-04-27 17:15:00"
"729905",34,"0.29","2021-04-27 17:30:00"
"729959",34,"0.92","2021-04-27 17:45:00"
"730013",34,"0.31","2021-04-27 18:00:00"
"730661",34,"0.16","2021-04-27 21:00:00"
"730715",34,"2.036","2021-04-27 21:15:00"
"730769",34,"0.53","2021-04-27 21:30:00"
"731028",34,"0","2021-04-27 21:45:00"
"731403",34,"0","2021-04-27 22:00:00"
"731034",34,"1.959","2021-03-24 23:00:00"
"731213",34,"1.662","2021-03-24 23:15:00"
"731441",34,"1.016","2021-03-24 23:30:00"
"731043",34,"0","2021-07-16 14:00:00"
"731268",34,"0.1","2021-07-16 14:15:00"
"731505",34,"0.9","2021-07-16 14:30:00"
"732363",34,"1.875","2021-07-16 15:15:00"
"732586",34,"1.486","2021-07-16 15:30:00"
"732814",34,"1.069","2021-07-16 15:45:00"
"732429",34,"0","2021-04-27 22:45:00"
"732784",34,"0.73","2021-04-27 23:00:00"
"733173",34,"2.753","2021-04-27 23:15:00"
"732569",34,"0","2021-01-01 06:30:00"
"732785",34,"0","2021-01-01 06:45:00"
"732993",34,"0.44","2021-01-01 07:00:00"
"732796",34,"0","2021-03-25 01:00:00"
"732977",34,"0","2021-03-25 01:15:00"
"734172",34,"1.487","2021-06-05 09:15:00"
"734527",34,"2.064","2021-06-05 09:30:00"
"734178",34,"0.9400000000000001","2021-07-16 17:15:00"
"734387",34,"0.45","2021-07-16 17:30:00"
"734306",34,"0","2021-04-28 00:00:00"
"734675",34,"0","2021-04-28 00:15:00"
"734981",34,"0","2021-04-28 00:30:00"
"734346",34,"0","2021-03-25 02:45:00"
"734554",34,"0","2021-03-25 03:00:00"
"734754",34,"0","2021-03-25 03:15:00"
"735572",34,"3.3810000000000002","2021-06-05 11:00:00"
"735673",34,"4.593","2021-06-05 11:15:00"
"737009",34,"4.082","2021-06-05 11:30:00"
"735707",34,"0","2021-04-28 02:00:00"
"739644",34,"0","2021-04-28 02:15:00"
"739767",34,"0","2021-04-28 02:30:00"
"735917",34,"0","2021-03-25 04:00:00"
"735971",34,"0","2021-03-25 04:15:00"
"736029",34,"0","2021-03-25 04:30:00"
"736089",34,"0.66","2021-07-16 18:30:00"
"736196",34,"1.003","2021-07-16 18:45:00"
"737254",34,"4.233","2021-07-16 21:00:00"
"737431",34,"4.367","2021-07-16 21:15:00"
"737583",34,"3.388","2021-07-16 21:30:00"
"737320",34,"0","2021-03-25 07:15:00"
"737483",34,"0","2021-03-25 07:30:00"
"737661",34,"0","2021-03-25 07:45:00"
"737501",34,"3.62","2021-06-05 12:15:00"
"737645",34,"3.268","2021-06-05 12:30:00"
"737829",34,"3","2021-06-05 12:45:00"
"737729",34,"2.47","2021-07-16 21:45:00"
"737862",34,"1.03","2021-07-16 22:00:00"
"738814",34,"0.58","2021-01-01 10:30:00"
"738910",34,"0.75","2021-01-01 10:45:00"
"739019",34,"1.223","2021-01-01 11:00:00"
"739132",34,"1.056","2021-01-01 11:15:00"
"739242",34,"1.8439999999999999","2021-01-01 11:30:00"
"739032",34,"2.76","2021-06-05 15:30:00"
"739135",34,"2.1","2021-06-05 15:45:00"
"739241",34,"1.686","2021-06-05 16:00:00"
"740811",34,"1.5070000000000001","2021-06-05 16:15:00"
"740865",34,"1.216","2021-06-05 16:30:00"
"740443",34,"0","2021-04-28 05:15:00"
"740497",34,"0","2021-04-28 05:30:00"
"740551",34,"0","2021-04-28 05:45:00"
"740605",34,"0","2021-04-28 06:00:00"
"740659",34,"0","2021-04-28 06:15:00"
"740713",34,"0","2021-04-28 06:30:00"
"740767",34,"0","2021-04-28 06:45:00"
"740919",34,"1.943","2021-06-05 16:45:00"
"740973",34,"1.376","2021-06-05 17:00:00"
"741027",34,"0","2021-06-05 17:15:00"
"742129",34,"2.717","2021-01-01 15:30:00"
"742183",34,"3.408","2021-01-01 15:45:00"
"742237",34,"3.025","2021-01-01 16:00:00"
"742291",34,"2.684","2021-01-01 16:15:00"
"742345",34,"2.099","2021-01-01 16:30:00"
"742399",34,"2.7030000000000003","2021-01-01 16:45:00"
"742453",34,"2.915","2021-01-01 17:00:00"
"742507",34,"2.525","2021-01-01 17:15:00"
"742573",34,"2.726","2021-01-01 17:30:00"
"742682",34,"1.883","2021-01-01 17:45:00"
"743916",34,"0","2021-04-28 08:30:00"
"743997",34,"0","2021-04-28 08:45:00"
"744055",34,"0","2021-07-17 02:45:00"
"744228",34,"0","2021-07-17 03:00:00"
"744436",34,"0","2021-07-17 03:15:00"
"744077",34,"0.73","2021-04-28 09:00:00"
"744155",34,"0.65","2021-04-28 09:15:00"
"744233",34,"1.579","2021-04-28 09:30:00"
"744305",34,"2.175","2021-04-28 09:45:00"
"744380",34,"2.79","2021-04-28 10:00:00"
"745034",34,"1.721","2021-04-28 11:00:00"
"745192",34,"2.688","2021-04-28 11:15:00"
"745154",34,"2.056","2021-06-05 22:00:00"
"745285",34,"1.449","2021-06-05 22:15:00"
"745373",34,"0.21","2021-01-01 19:30:00"
"745534",34,"1.506","2021-01-01 19:45:00"
"745374",34,"0.84","2021-06-05 22:30:00"
"745458",34,"0.43","2021-06-05 22:45:00"
"745536",34,"1.957","2021-06-05 23:00:00"
"746641",34,"1.299","2021-01-01 22:30:00"
"746695",34,"2.827","2021-01-01 22:45:00"
"746749",34,"3.108","2021-01-01 23:00:00"
"749375",34,"4.377","2021-01-01 23:15:00"
"749483",34,"4.475","2021-01-01 23:30:00"
"746793",34,"2.059","2021-04-28 11:30:00"
"746847",34,"1.851","2021-04-28 11:45:00"
"746971",34,"2.164","2021-04-28 12:00:00"
"746990",34,"0.8300000000000001","2021-06-06 01:45:00"
"747069",34,"1.363","2021-06-06 02:00:00"
"747153",34,"2.423","2021-06-06 02:15:00"
"748294",34,"1.5550000000000002","2021-06-06 05:00:00"
"748404",34,"1.486","2021-06-06 05:15:00"
"748409",34,"2.217","2021-04-28 14:15:00"
"748551",34,"1.557","2021-04-28 14:30:00"
"748542",34,"1.8290000000000002","2021-06-06 05:30:00"
"748666",34,"1.146","2021-06-06 05:45:00"
"750781",34,"1.625","2021-06-06 06:00:00"
"748744",34,"2.289","2021-07-17 04:45:00"
"748902",34,"1.305","2021-07-17 05:00:00"
"749927",34,"2.268","2021-01-02 00:30:00"
"750030",34,"2.065","2021-01-02 00:45:00"
"750140",34,"2.789","2021-01-02 01:00:00"
"750124",34,"0","2021-07-17 08:00:00"
"752785",34,"0","2021-07-17 08:15:00"
"750235",34,"3.871","2021-01-02 01:15:00"
"750289",34,"4.154","2021-01-02 01:30:00"
"750343",34,"4.441","2021-01-02 01:45:00"
"750397",34,"4.078","2021-01-02 02:00:00"
"750451",34,"3.791","2021-01-02 02:15:00"
"750997",34,"0","2021-06-06 07:00:00"
"751051",34,"0.64","2021-06-06 07:15:00"
"751109",34,"2.066","2021-06-06 07:30:00"
"751183",34,"1.041","2021-06-06 07:45:00"
"751270",34,"0.91","2021-06-06 08:00:00"
"751360",34,"1.536","2021-06-06 08:15:00"
"751433",34,"1.181","2021-06-06 08:30:00"
"751500",34,"1.217","2021-04-28 16:45:00"
"751601",34,"0.85","2021-04-28 17:00:00"
"752629",34,"0","2021-04-28 20:00:00"
"752683",34,"0","2021-04-28 20:15:00"
"752737",34,"0","2021-04-28 20:30:00"
"755502",34,"0","2021-04-28 20:45:00"
"755606",34,"0","2021-04-28 21:00:00"
"752839",34,"0","2021-07-17 08:30:00"
"752893",34,"1.514","2021-07-17 08:45:00"
"752947",34,"0.2","2021-07-17 09:00:00"
"753001",34,"0","2021-07-17 09:15:00"
"753055",34,"0.12","2021-07-17 09:30:00"
"754315",34,"2.173","2021-01-02 06:15:00"
"754369",34,"1.616","2021-01-02 06:30:00"
"754423",34,"1.377","2021-01-02 06:45:00"
"754477",34,"0.64","2021-01-02 07:00:00"
"754531",34,"0.84","2021-01-02 07:15:00"
"754585",34,"1.962","2021-01-02 07:30:00"
"754639",34,"2.178","2021-01-02 07:45:00"
"754693",34,"2.613","2021-01-02 08:00:00"
"754747",34,"2.988","2021-01-02 08:15:00"
"757801",34,"3.097","2021-01-02 08:30:00"
"756052",34,"1.309","2021-06-06 15:15:00"
"758833",34,"2.351","2021-06-06 15:30:00"
"756169",34,"0","2021-04-28 22:30:00"
"710505",34,"3.018","2021-06-04 12:15:00"
"712598",34,"3.512","2021-06-04 12:30:00"
"710522",34,"1.311","2021-04-26 21:15:00"
"710585",34,"0.8200000000000001","2021-04-26 21:30:00"
"710639",34,"0","2021-04-26 21:45:00"
"710693",34,"0","2021-04-26 22:00:00"
"710747",34,"0","2021-04-26 22:15:00"
"712031",34,"0","2021-03-24 00:45:00"
"712085",34,"0.56","2021-03-24 01:00:00"
"712139",34,"1.8820000000000001","2021-03-24 01:15:00"
"712193",34,"2.052","2021-03-24 01:30:00"
"712247",34,"1.7229999999999999","2021-03-24 01:45:00"
"712301",34,"0.8","2021-03-24 02:00:00"
"712355",34,"0","2021-03-24 02:15:00"
"712409",34,"0","2021-03-24 02:30:00"
"712465",34,"0","2021-03-24 02:45:00"
"712597",34,"0","2021-03-24 03:00:00"
"713050",34,"0","2021-03-24 03:45:00"
"713183",34,"0","2021-03-24 04:00:00"
"715787",34,"0","2021-03-24 04:15:00"
"713168",34,"3.469","2021-06-04 13:15:00"
"713328",34,"3.433","2021-06-04 13:30:00"
"713442",34,"2.843","2021-06-04 13:45:00"
"713421",34,"2.196","2021-04-27 00:00:00"
"713513",34,"2.108","2021-04-27 00:15:00"
"713573",34,"3.248","2021-06-04 14:00:00"
"713712",34,"1.885","2021-06-04 14:15:00"
"713815",34,"2.493","2021-06-04 14:30:00"
"714140",34,"2.125","2021-04-27 01:45:00"
"714242",34,"2.149","2021-04-27 02:00:00"
"714370",34,"2.077","2021-04-27 02:15:00"
"714434",34,"2.7960000000000003","2021-06-04 16:00:00"
"714542",34,"2.866","2021-06-04 16:15:00"
"714482",34,"2.033","2021-04-27 02:30:00"
"714581",34,"1.782","2021-04-27 02:45:00"
"714664",34,"3.048","2021-06-04 16:30:00"
"714735",34,"3.178","2021-06-04 16:45:00"
"717104",34,"2.809","2021-06-04 17:00:00"
"715279",34,"2.561","2021-07-15 21:30:00"
"715333",34,"3.118","2021-07-15 21:45:00"
"715387",34,"2.2880000000000003","2021-07-15 22:00:00"
"715441",34,"1.729","2021-07-15 22:15:00"
"715495",34,"2.009","2021-07-15 22:30:00"
"715549",34,"2.166","2021-07-15 22:45:00"
"715603",34,"2.273","2021-07-15 23:00:00"
"715657",34,"2.298","2021-07-15 23:15:00"
"715711",34,"2.371","2021-07-15 23:30:00"
"715765",34,"1.875","2021-07-15 23:45:00"
"716381",34,"0","2021-03-24 07:00:00"
"716435",34,"0","2021-03-24 07:15:00"
"716489",34,"0","2021-03-24 07:30:00"
"716543",34,"0","2021-03-24 07:45:00"
"716597",34,"1.215","2021-03-24 08:00:00"
"716651",34,"2.205","2021-03-24 08:15:00"
"716736",34,"1.9100000000000001","2021-03-24 08:30:00"
"716837",34,"2.531","2021-03-24 08:45:00"
"719813",34,"3.005","2021-03-24 09:00:00"
"719867",34,"3.059","2021-03-24 09:15:00"
"718545",34,"2.205","2021-06-04 20:30:00"
"718599",34,"1.52","2021-06-04 20:45:00"
"718653",34,"0.14","2021-06-04 21:00:00"
"718707",34,"1.607","2021-06-04 21:15:00"
"718761",34,"1.532","2021-06-04 21:30:00"
"721815",34,"0.29","2021-06-04 21:45:00"
"721869",34,"1.27","2021-06-04 22:00:00"
"718819",34,"2.447","2021-07-16 00:00:00"
"718873",34,"1.862","2021-07-16 00:15:00"
"720083",34,"2.773","2021-03-24 10:15:00"
"720137",34,"2.819","2021-03-24 10:30:00"
"720191",34,"3.332","2021-03-24 10:45:00"
"720245",34,"3.408","2021-03-24 11:00:00"
"720299",34,"2.87","2021-03-24 11:15:00"
"720353",34,"2.446","2021-03-24 11:30:00"
"720407",34,"2.4859999999999998","2021-03-24 11:45:00"
"720461",34,"2.043","2021-03-24 12:00:00"
"720515",34,"2.186","2021-03-24 12:15:00"
"720569",34,"0.98","2021-03-24 12:30:00"
"721177",34,"0.58","2021-04-27 09:30:00"
"721231",34,"0.12","2021-04-27 09:45:00"
"721285",34,"1.021","2021-04-27 10:00:00"
"721339",34,"0.51","2021-04-27 10:15:00"
"721393",34,"1.917","2021-04-27 10:30:00"
"721447",34,"1.8559999999999999","2021-04-27 10:45:00"
"721501",34,"1.695","2021-04-27 11:00:00"
"721555",34,"0.8","2021-04-27 11:15:00"
"721609",34,"1.5630000000000002","2021-04-27 11:30:00"
"721663",34,"0.77","2021-04-27 11:45:00"
"722355",34,"0","2021-06-05 00:15:00"
"722409",34,"0","2021-06-05 00:30:00"
"722463",34,"0","2021-06-05 00:45:00"
"722517",34,"0","2021-06-05 01:00:00"
"722571",34,"0.41000000000000003","2021-06-05 01:15:00"
"722625",34,"0.7000000000000001","2021-06-05 01:30:00"
"722679",34,"1.18","2021-06-05 01:45:00"
"722733",34,"1.266","2021-06-05 02:00:00"
"725787",34,"1.114","2021-06-05 02:15:00"
"725842",34,"0.9400000000000001","2021-06-05 02:30:00"
"723439",34,"1.8900000000000001","2021-07-16 07:30:00"
"723493",34,"1.909","2021-07-16 07:45:00"
"723547",34,"1.176","2021-07-16 08:00:00"
"723601",34,"1.071","2021-07-16 08:15:00"
"723655",34,"0.76","2021-07-16 08:30:00"
"723709",34,"0.25","2021-07-16 08:45:00"
"723763",34,"0","2021-07-16 09:00:00"
"726947",34,"1.276","2021-07-16 09:15:00"
"723893",34,"1.456","2021-03-24 14:00:00"
"723947",34,"1.6059999999999999","2021-03-24 14:15:00"
"724001",34,"2.294","2021-03-24 14:30:00"
"724595",34,"0.89","2021-03-24 17:15:00"
"724649",34,"2.138","2021-03-24 17:30:00"
"724703",34,"1.203","2021-03-24 17:45:00"
"724757",34,"1.5470000000000002","2021-03-24 18:00:00"
"728360",34,"0.17","2021-03-24 18:15:00"
"724879",34,"1.064","2021-04-27 12:45:00"
"724933",34,"1.2570000000000001","2021-04-27 13:00:00"
"724987",34,"1.307","2021-04-27 13:15:00"
"725041",34,"2.232","2021-04-27 13:30:00"
"725095",34,"1.288","2021-04-27 13:45:00"
"726281",34,"0","2021-06-05 03:30:00"
"726375",34,"0","2021-06-05 03:45:00"
"726490",34,"0","2021-01-01 01:30:00"
"726598",34,"0","2021-01-01 01:45:00"
"726700",34,"0","2021-01-01 02:00:00"
"726488",34,"0","2021-06-05 04:00:00"
"726597",34,"0","2021-06-05 04:15:00"
"726707",34,"0.93","2021-06-05 04:30:00"
"726807",34,"0","2021-01-01 02:15:00"
"726974",34,"0","2021-01-01 02:30:00"
"728502",34,"0","2021-03-24 18:30:00"
"728603",34,"0","2021-03-24 18:45:00"
"728712",34,"2.5700000000000003","2021-03-24 19:00:00"
"728488",34,"1.455","2021-07-16 12:00:00"
"728604",34,"0.91","2021-07-16 12:15:00"
"728711",34,"0","2021-07-16 12:30:00"
"728820",34,"5.69","2021-03-24 19:15:00"
"728925",34,"4.189","2021-03-24 19:30:00"
"728819",34,"0.16","2021-07-16 12:45:00"
"728930",34,"1.162","2021-07-16 13:00:00"
"730067",34,"0.05","2021-04-27 18:15:00"
"730121",34,"0","2021-04-27 18:30:00"
"730175",34,"0.27","2021-04-27 18:45:00"
"730229",34,"1.488","2021-04-27 19:00:00"
"730283",34,"0.03","2021-04-27 19:15:00"
"730337",34,"0","2021-04-27 19:30:00"
"730391",34,"0.03","2021-04-27 19:45:00"
"730445",34,"0.14","2021-04-27 20:00:00"
"730499",34,"0","2021-04-27 20:15:00"
"730553",34,"0","2021-04-27 20:30:00"
"730607",34,"0","2021-04-27 20:45:00"
"731875",34,"0.8300000000000001","2021-07-16 14:45:00"
"732088",34,"1.294","2021-07-16 15:00:00"
"732082",34,"0","2021-01-01 06:00:00"
"732317",34,"0","2021-01-01 06:15:00"
"732124",34,"0","2021-03-25 00:15:00"
"732308",34,"0","2021-03-25 00:30:00"
"732537",34,"0","2021-03-25 00:45:00"
"732366",34,"0.02","2021-06-05 08:00:00"
"732706",34,"1.083","2021-06-05 08:15:00"
"733601",34,"1.7650000000000001","2021-04-27 23:30:00"
"733944",34,"0.22","2021-04-27 23:45:00"
"733528",34,"1.9020000000000001","2021-07-16 16:30:00"
"733716",34,"2.549","2021-07-16 16:45:00"
"733915",34,"2.608","2021-07-16 17:00:00"
"733899",34,"0.71","2021-03-25 02:15:00"
"734117",34,"0","2021-03-25 02:30:00"
"733980",34,"1.23","2021-01-01 08:00:00"
"734216",34,"1.278","2021-01-01 08:15:00"
"735107",34,"0.67","2021-01-01 09:15:00"
"738358",34,"0.41000000000000003","2021-01-01 09:30:00"
"735172",34,"0","2021-04-28 00:45:00"
"735275",34,"0","2021-04-28 01:00:00"
"735360",34,"3.072","2021-06-05 10:30:00"
"735458",34,"3.901","2021-06-05 10:45:00"
"735379",34,"0","2021-04-28 01:15:00"
"735494",34,"0","2021-04-28 01:30:00"
"735595",34,"0","2021-04-28 01:45:00"
"736693",34,"0","2021-03-25 06:00:00"
"736801",34,"0","2021-03-25 06:15:00"
"736915",34,"0","2021-03-25 06:30:00"
"736932",34,"2.847","2021-07-16 20:30:00"
"737055",34,"3.371","2021-07-16 20:45:00"
"737044",34,"0","2021-03-25 06:45:00"
"737167",34,"0","2021-03-25 07:00:00"
"737187",34,"3.906","2021-06-05 11:45:00"
"737328",34,"3.617","2021-06-05 12:00:00"
"742563",34,"0","2021-07-16 23:00:00"
"742669",34,"0","2021-07-16 23:15:00"
"738472",34,"1.9460000000000002","2021-01-01 09:45:00"
"738592",34,"1.998","2021-01-01 10:00:00"
"738703",34,"0.79","2021-01-01 10:15:00"
"738497",34,"2.852","2021-06-05 14:15:00"
"738595",34,"1.7810000000000001","2021-06-05 14:30:00"
"738700",34,"2.883","2021-06-05 14:45:00"
"738805",34,"2.5949999999999998","2021-06-05 15:00:00"
"738925",34,"2.03","2021-06-05 15:15:00"
"739870",34,"0","2021-04-28 02:45:00"
"739957",34,"0.18","2021-04-28 03:00:00"
"740011",34,"1.066","2021-04-28 03:15:00"
"740065",34,"0","2021-04-28 03:30:00"
"740119",34,"0.27","2021-04-28 03:45:00"
"740173",34,"0","2021-04-28 04:00:00"
"740227",34,"0","2021-04-28 04:15:00"
"740281",34,"0","2021-04-28 04:30:00"
"740335",34,"0","2021-04-28 04:45:00"
"740389",34,"0","2021-04-28 05:00:00"
"741675",34,"2.371","2021-06-05 19:30:00"
"741759",34,"0.99","2021-06-05 19:45:00"
"741908",34,"2.93","2021-01-01 15:00:00"
"742062",34,"3.251","2021-01-01 15:15:00"
"741828",34,"0.13","2021-06-05 20:00:00"
"741920",34,"1.935","2021-06-05 20:15:00"
"742001",34,"0.07","2021-06-05 20:30:00"
"744402",34,"0","2021-06-05 20:45:00"
"744556",34,"0","2021-06-05 21:00:00"
"743327",34,"2.431","2021-07-17 01:30:00"
"743392",34,"1.921","2021-07-17 01:45:00"
"743558",34,"1.324","2021-07-17 02:00:00"
"743440",34,"0","2021-04-28 07:00:00"
"743510",34,"0","2021-04-28 07:15:00"
"743591",34,"0","2021-04-28 07:30:00"
"743732",34,"0","2021-07-17 02:15:00"
"743889",34,"0","2021-07-17 02:30:00"
"743672",34,"0.03","2021-04-28 07:45:00"
"743752",34,"0.16","2021-04-28 08:00:00"
"743835",34,"0","2021-04-28 08:15:00"
"745615",34,"1.096","2021-06-05 23:15:00"
"745688",34,"1.339","2021-06-05 23:30:00"
"745721",34,"2.383","2021-01-01 20:00:00"
"745897",34,"1.216","2021-01-01 20:15:00"
"746067",34,"0.31","2021-01-01 20:30:00"
"745769",34,"2.341","2021-06-05 23:45:00"
"745843",34,"2.52","2021-06-06 00:00:00"
"745921",34,"1.83","2021-06-06 00:15:00"
"746001",34,"1.556","2021-06-06 00:30:00"
"746080",34,"0.77","2021-06-06 00:45:00"
"746153",34,"0.41000000000000003","2021-06-06 01:00:00"
"747134",34,"1.3559999999999999","2021-04-28 12:15:00"
"747277",34,"1.162","2021-04-28 12:30:00"
"747241",34,"2.228","2021-06-06 02:30:00"
"747324",34,"2.059","2021-06-06 02:45:00"
"747408",34,"1.526","2021-06-06 03:00:00"
"747491",34,"0.9","2021-06-06 03:15:00"
"747571",34,"0.78","2021-06-06 03:30:00"
"747428",34,"1.9609999999999999","2021-04-28 12:45:00"
"747590",34,"0.42","2021-04-28 13:00:00"
"747730",34,"1.915","2021-04-28 13:15:00"
"748695",34,"2.016","2021-04-28 14:45:00"
"748823",34,"1.913","2021-04-28 15:00:00"
"748907",34,"2.246","2021-04-28 15:15:00"
"748995",34,"1.371","2021-04-28 15:30:00"
"749079",34,"0.93","2021-04-28 15:45:00"
"749051",34,"1.846","2021-07-17 05:15:00"
"749191",34,"1.889","2021-07-17 05:30:00"
"749245",34,"1.812","2021-07-17 05:45:00"
"749166",34,"0.18","2021-04-28 16:00:00"
"751220",34,"0.58","2021-04-28 16:15:00"
"751358",34,"1.044","2021-04-28 16:30:00"
"750505",34,"3.269","2021-01-02 02:30:00"
"750559",34,"3.029","2021-01-02 02:45:00"
"750613",34,"2.808","2021-01-02 03:00:00"
"750667",34,"2.906","2021-01-02 03:15:00"
"750721",34,"2.417","2021-01-02 03:30:00"
"750775",34,"2.9370000000000003","2021-01-02 03:45:00"
"753749",34,"2.684","2021-01-02 04:00:00"
"750835",34,"0.66","2021-06-06 06:15:00"
"750889",34,"0","2021-06-06 06:30:00"
"750943",34,"0","2021-06-06 06:45:00"
"752078",34,"0.52","2021-06-06 10:00:00"
"752169",34,"0.13","2021-06-06 10:15:00"
"752223",34,"0.84","2021-06-06 10:30:00"
"754807",34,"1.3679999999999999","2021-06-06 10:45:00"
"754861",34,"0.63","2021-06-06 11:00:00"
"752305",34,"0","2021-04-28 18:30:00"
"752359",34,"0.33","2021-04-28 18:45:00"
"752413",34,"0.44","2021-04-28 19:00:00"
"752467",34,"0","2021-04-28 19:15:00"
"752521",34,"0","2021-04-28 19:30:00"
"752575",34,"0","2021-04-28 19:45:00"
"753650",34,"0.6000000000000001","2021-07-17 12:15:00"
"753753",34,"0","2021-07-17 12:30:00"
"753856",34,"0","2021-07-17 12:45:00"
"753863",34,"3.448","2021-01-02 04:15:00"
"753937",34,"3.153","2021-01-02 04:30:00"
"753991",34,"3.6109999999999998","2021-01-02 04:45:00"
"754045",34,"3.348","2021-01-02 05:00:00"
"754099",34,"3.258","2021-01-02 05:15:00"
"754153",34,"3.127","2021-01-02 05:30:00"
"754207",34,"2.708","2021-01-02 05:45:00"
"754261",34,"2.576","2021-01-02 06:00:00"
"755538",34,"2.149","2021-06-06 14:00:00"
"755646",34,"3.186","2021-06-06 14:15:00"
"755704",34,"0.07","2021-04-28 21:15:00"
"755787",34,"0.36","2021-04-28 21:30:00"
"756229",34,"0","2021-04-28 22:45:00"
"756268",34,"0.85","2021-07-17 13:00:00"
"756352",34,"1.016","2021-07-17 13:15:00"
"756425",34,"0.45","2021-07-17 13:30:00"
"756390",34,"0","2021-04-28 23:00:00"
"756594",34,"0.26","2021-04-28 23:15:00"
"756750",34,"0.32","2021-04-28 23:30:00"
"761485",34,"1.558","2021-07-17 20:45:00"
"761539",34,"1.5430000000000001","2021-07-17 21:00:00"
"761593",34,"1.145","2021-07-17 21:15:00"
"761647",34,"1.734","2021-07-17 21:30:00"
"761793",34,"2.103","2021-07-17 21:45:00"
"761726",34,"0.99","2021-01-02 13:15:00"
"761806",34,"1.259","2021-01-02 13:30:00"
"761877",34,"1.211","2021-01-02 13:45:00"
"761964",34,"1.139","2021-01-02 14:00:00"
"762043",34,"1.442","2021-01-02 14:15:00"
"763053",34,"0","2021-04-29 06:30:00"
"763212",34,"0.11","2021-04-29 06:45:00"
"763364",34,"0","2021-04-29 07:00:00"
"763179",34,"4.299","2021-06-06 21:00:00"
"763264",34,"4.256","2021-06-06 21:15:00"
"763346",34,"4.856","2021-06-06 21:30:00"
"763427",34,"3.537","2021-06-06 21:45:00"
"763499",34,"3.292","2021-06-06 22:00:00"
"763544",34,"0","2021-04-29 07:15:00"
"719143",34,"1.9849999999999999","2021-07-16 01:30:00"
"719197",34,"2.123","2021-07-16 01:45:00"
"719251",34,"2.434","2021-07-16 02:00:00"
"719305",34,"3.012","2021-07-16 02:15:00"
"719359",34,"1.428","2021-07-16 02:30:00"
"719413",34,"1.92","2021-07-16 02:45:00"
"719467",34,"2.737","2021-07-16 03:00:00"
"720623",34,"2.706","2021-03-24 12:45:00"
"720677",34,"1.5819999999999999","2021-03-24 13:00:00"
"720731",34,"1.81","2021-03-24 13:15:00"
"723785",34,"1.342","2021-03-24 13:30:00"
"723839",34,"1.893","2021-03-24 13:45:00"
"720907",34,"0","2021-04-27 08:15:00"
"720961",34,"0.09","2021-04-27 08:30:00"
"721015",34,"0.36","2021-04-27 08:45:00"
"721069",34,"0.11","2021-04-27 09:00:00"
"721123",34,"0.76","2021-04-27 09:15:00"
"721717",34,"0.24","2021-04-27 12:00:00"
"721771",34,"2.107","2021-04-27 12:15:00"
"724825",34,"2.372","2021-04-27 12:30:00"
"721923",34,"0.74","2021-06-04 22:15:00"
"721977",34,"0.17","2021-06-04 22:30:00"
"722031",34,"0.51","2021-06-04 22:45:00"
"722085",34,"0","2021-06-04 23:00:00"
"722139",34,"0","2021-06-04 23:15:00"
"722193",34,"0","2021-06-04 23:30:00"
"722247",34,"0","2021-06-04 23:45:00"
"722301",34,"0.45","2021-06-05 00:00:00"
"722899",34,"1.225","2021-07-16 05:00:00"
"722953",34,"0.65","2021-07-16 05:15:00"
"723007",34,"0.87","2021-07-16 05:30:00"
"723061",34,"2.279","2021-07-16 05:45:00"
"723115",34,"1.73","2021-07-16 06:00:00"
"723169",34,"2.441","2021-07-16 06:15:00"
"723223",34,"1.003","2021-07-16 06:30:00"
"723277",34,"0.78","2021-07-16 06:45:00"
"723331",34,"0.61","2021-07-16 07:00:00"
"723385",34,"1.231","2021-07-16 07:15:00"
"724055",34,"1.691","2021-03-24 14:45:00"
"724109",34,"1.587","2021-03-24 15:00:00"
"724163",34,"2.508","2021-03-24 15:15:00"
"724217",34,"2.404","2021-03-24 15:30:00"
"724271",34,"2.189","2021-03-24 15:45:00"
"724325",34,"1.207","2021-03-24 16:00:00"
"724379",34,"1.537","2021-03-24 16:15:00"
"724433",34,"2.145","2021-03-24 16:30:00"
"724487",34,"1.788","2021-03-24 16:45:00"
"724541",34,"2.051","2021-03-24 17:00:00"
"725689",34,"0.41000000000000003","2021-04-27 16:30:00"
"725743",34,"2.965","2021-04-27 16:45:00"
"725821",34,"1.201","2021-01-01 00:00:00"
"725942",34,"0.88","2021-01-01 00:15:00"
"726045",34,"0","2021-01-01 00:30:00"
"725957",34,"0.16","2021-06-05 02:45:00"
"726070",34,"0","2021-06-05 03:00:00"
"726173",34,"0","2021-06-05 03:15:00"
"726159",34,"0","2021-01-01 00:45:00"
"726265",34,"0.01","2021-01-01 01:00:00"
"726389",34,"0","2021-01-01 01:15:00"
"727483",34,"0","2021-07-16 10:15:00"
"727621",34,"0.09","2021-07-16 10:30:00"
"727690",34,"1.267","2021-01-01 03:30:00"
"727899",34,"0.66","2021-01-01 03:45:00"
"727669",34,"0.91","2021-06-05 06:00:00"
"727798",34,"0.1","2021-06-05 06:15:00"
"727781",34,"0.01","2021-07-16 10:45:00"
"727922",34,"1.704","2021-07-16 11:00:00"
"728065",34,"0.12","2021-07-16 11:15:00"
"729035",34,"5.162","2021-03-24 19:45:00"
"729151",34,"4.201","2021-03-24 20:00:00"
"729243",34,"4.593","2021-03-24 20:15:00"
"729036",34,"0.12","2021-07-16 13:15:00"
"729135",34,"0.03","2021-07-16 13:30:00"
"730812",34,"0","2021-07-16 13:45:00"
"729297",34,"4.077","2021-03-24 20:30:00"
"729351",34,"5.465","2021-03-24 20:45:00"
"729405",34,"4.538","2021-03-24 21:00:00"
"729459",34,"3.6870000000000003","2021-03-24 21:15:00"
"729513",34,"3.823","2021-03-24 21:30:00"
"731374",34,"0","2021-06-05 07:15:00"
"731704",34,"0.23","2021-06-05 07:30:00"
"732028",34,"0.73","2021-06-05 07:45:00"
"731425",34,"0","2021-01-01 05:15:00"
"731600",34,"0","2021-01-01 05:30:00"
"731833",34,"0","2021-01-01 05:45:00"
"731649",34,"0.30000000000000004","2021-03-24 23:45:00"
"731844",34,"0","2021-03-25 00:00:00"
"731753",34,"0","2021-04-27 22:15:00"
"732060",34,"0","2021-04-27 22:30:00"
"733088",34,"0.7000000000000001","2021-07-16 16:00:00"
"733303",34,"1.7189999999999999","2021-07-16 16:15:00"
"733084",34,"0.9400000000000001","2021-06-05 08:30:00"
"733431",34,"0.77","2021-06-05 08:45:00"
"733802",34,"1.184","2021-06-05 09:00:00"
"733248",34,"1.146","2021-01-01 07:15:00"
"733502",34,"1.046","2021-01-01 07:30:00"
"733738",34,"0.97","2021-01-01 07:45:00"
"733206",34,"1.19","2021-03-25 01:30:00"
"733408",34,"2.196","2021-03-25 01:45:00"
"733621",34,"0.89","2021-03-25 02:00:00"
"734449",34,"0.07","2021-01-01 08:30:00"
"734699",34,"1.55","2021-01-01 08:45:00"
"734932",34,"0.68","2021-01-01 09:00:00"
"734649",34,"1.035","2021-07-16 17:45:00"
"734858",34,"0.29","2021-07-16 18:00:00"
"735033",34,"0","2021-07-16 18:15:00"
"734891",34,"3.018","2021-06-05 09:45:00"
"735122",34,"2.777","2021-06-05 10:00:00"
"735240",34,"2.872","2021-06-05 10:15:00"
"735809",34,"0","2021-03-25 03:30:00"
"735863",34,"0","2021-03-25 03:45:00"
"736139",34,"0","2021-03-25 04:45:00"
"736248",34,"0","2021-03-25 05:00:00"
"736365",34,"1.665","2021-03-25 05:15:00"
"736307",34,"0.66","2021-07-16 19:00:00"
"736395",34,"1.189","2021-07-16 19:15:00"
"736491",34,"0.8300000000000001","2021-07-16 19:30:00"
"736492",34,"1.673","2021-03-25 05:30:00"
"736580",34,"0.22","2021-03-25 05:45:00"
"736620",34,"1.338","2021-07-16 19:45:00"
"736722",34,"2.158","2021-07-16 20:00:00"
"736827",34,"2.012","2021-07-16 20:15:00"
"737941",34,"3.257","2021-06-05 13:00:00"
"738049",34,"3.183","2021-06-05 13:15:00"
"738169",34,"2.964","2021-06-05 13:30:00"
"737967",34,"0","2021-07-16 22:15:00"
"738073",34,"0","2021-07-16 22:30:00"
"738170",34,"0","2021-07-16 22:45:00"
"738275",34,"3.161","2021-06-05 13:45:00"
"738395",34,"3.012","2021-06-05 14:00:00"
"739319",34,"0.97","2021-01-01 11:45:00"
"739373",34,"1.576","2021-01-01 12:00:00"
"739427",34,"1.201","2021-01-01 12:15:00"
"739481",34,"0.8","2021-01-01 12:30:00"
"739535",34,"1.725","2021-01-01 12:45:00"
"739589",34,"2.179","2021-01-01 13:00:00"
"739671",34,"2.395","2021-01-01 13:15:00"
"739764",34,"2.224","2021-01-01 13:30:00"
"739877",34,"1.568","2021-01-01 13:45:00"
"741374",34,"1.251","2021-01-01 14:00:00"
"741081",34,"0.7000000000000001","2021-06-05 17:30:00"
"741135",34,"2.149","2021-06-05 17:45:00"
"741189",34,"1.907","2021-06-05 18:00:00"
"741243",34,"1.792","2021-06-05 18:15:00"
"741297",34,"1.936","2021-06-05 18:30:00"
"741377",34,"1.8439999999999999","2021-06-05 18:45:00"
"741493",34,"1.988","2021-06-05 19:00:00"
"741581",34,"2.258","2021-06-05 19:15:00"
"741474",34,"1.252","2021-01-01 14:15:00"
"741603",34,"1.9340000000000002","2021-01-01 14:30:00"
"741743",34,"2.097","2021-01-01 14:45:00"
"742779",34,"0","2021-07-16 23:30:00"
"742878",34,"0.29","2021-07-16 23:45:00"
"742976",34,"0.23","2021-07-17 00:00:00"
"742788",34,"2.322","2021-01-01 18:00:00"
"742914",34,"1.099","2021-01-01 18:15:00"
"743017",34,"0.28","2021-01-01 18:30:00"
"743057",34,"2.491","2021-07-17 00:15:00"
"743111",34,"2.528","2021-07-17 00:30:00"
"743165",34,"1.304","2021-07-17 00:45:00"
"743219",34,"2.642","2021-07-17 01:00:00"
"743273",34,"3.315","2021-07-17 01:15:00"
"744635",34,"0.32","2021-01-01 18:45:00"
"744919",34,"1.528","2021-01-01 19:00:00"
"745141",34,"1.293","2021-01-01 19:15:00"
"744721",34,"0","2021-07-17 03:30:00"
"747781",34,"0","2021-07-17 03:45:00"
"744574",34,"2.517","2021-04-28 10:15:00"
"744744",34,"2.574","2021-04-28 10:30:00"
"744869",34,"2.487","2021-04-28 10:45:00"
"744736",34,"0","2021-06-05 21:15:00"
"744913",34,"0","2021-06-05 21:30:00"
"745032",34,"0.03","2021-06-05 21:45:00"
"746236",34,"0","2021-01-01 20:45:00"
"746317",34,"0","2021-01-01 21:00:00"
"746238",34,"0.54","2021-06-06 01:15:00"
"746906",34,"0","2021-06-06 01:30:00"
"746371",34,"0","2021-01-01 21:15:00"
"746425",34,"0","2021-01-01 21:30:00"
"746479",34,"0","2021-01-01 21:45:00"
"746533",34,"0","2021-01-01 22:00:00"
"746587",34,"0","2021-01-01 22:15:00"
"747677",34,"2.022","2021-06-06 03:45:00"
"747786",34,"1.585","2021-06-06 04:00:00"
"747924",34,"2.044","2021-04-28 13:30:00"
"748108",34,"2.551","2021-04-28 13:45:00"
"748244",34,"2.173","2021-04-28 14:00:00"
"747908",34,"1.302","2021-06-06 04:15:00"
"748027",34,"0.27","2021-06-06 04:30:00"
"748151",34,"1.7690000000000001","2021-06-06 04:45:00"
"747989",34,"0.61","2021-07-17 04:00:00"
"748204",34,"1.206","2021-07-17 04:15:00"
"748466",34,"0.37","2021-07-17 04:30:00"
"749299",34,"2.294","2021-07-17 06:00:00"
"749376",34,"2.664","2021-07-17 06:15:00"
"749489",34,"2.145","2021-07-17 06:30:00"
"749589",34,"2.515","2021-07-17 06:45:00"
"749686",34,"2.563","2021-07-17 07:00:00"
"749594",34,"5.044","2021-01-01 23:45:00"
"749712",34,"2.98","2021-01-02 00:00:00"
"749814",34,"0.47000000000000003","2021-01-02 00:15:00"
"749801",34,"2.854","2021-07-17 07:15:00"
"749904",34,"0.27","2021-07-17 07:30:00"
"750014",34,"0.12","2021-07-17 07:45:00"
"751550",34,"1.049","2021-06-06 08:45:00"
"751648",34,"0.41000000000000003","2021-06-06 09:00:00"
"751749",34,"0.67","2021-06-06 09:15:00"
"751725",34,"1.452","2021-04-28 17:15:00"
"751838",34,"0.02","2021-04-28 17:30:00"
"751946",34,"0","2021-04-28 17:45:00"
"751852",34,"1.634","2021-06-06 09:30:00"
"751961",34,"1.177","2021-06-06 09:45:00"
"752049",34,"0.16","2021-04-28 18:00:00"
"752251",34,"0","2021-04-28 18:15:00"
"753109",34,"0.47000000000000003","2021-07-17 09:45:00"
"753163",34,"0.01","2021-07-17 10:00:00"
"753217",34,"0","2021-07-17 10:15:00"
"753271",34,"0","2021-07-17 10:30:00"
"753325",34,"0","2021-07-17 10:45:00"
"753379",34,"0","2021-07-17 11:00:00"
"753433",34,"0.24","2021-07-17 11:15:00"
"753487",34,"0.64","2021-07-17 11:30:00"
"753541",34,"1.153","2021-07-17 11:45:00"
"753595",34,"1.242","2021-07-17 12:00:00"
"754915",34,"0.98","2021-06-06 11:15:00"
"754969",34,"2.498","2021-06-06 11:30:00"
"755023",34,"1.978","2021-06-06 11:45:00"
"755077",34,"2.392","2021-06-06 12:00:00"
"755131",34,"2.648","2021-06-06 12:15:00"
"755185",34,"2","2021-06-06 12:30:00"
"755239",34,"1.847","2021-06-06 12:45:00"
"755293",34,"1.949","2021-06-06 13:00:00"
"755347",34,"2.075","2021-06-06 13:15:00"
"755401",34,"2.113","2021-06-06 13:30:00"
"755455",34,"1.944","2021-06-06 13:45:00"
"756495",34,"0.99","2021-07-17 13:45:00"
"756570",34,"0.18","2021-07-17 14:00:00"
"756654",34,"0.43","2021-07-17 14:15:00"
"756735",34,"1.141","2021-07-17 14:30:00"
"756813",34,"0.55","2021-07-17 14:45:00"
"756914",34,"0.92","2021-04-28 23:45:00"
"757027",34,"1.766","2021-04-29 00:00:00"
"756890",34,"0","2021-07-17 15:00:00"
"756997",34,"0","2021-07-17 15:15:00"
"757515",34,"1.6720000000000002","2021-07-17 16:30:00"
"757621",34,"1.782","2021-07-17 16:45:00"
"757675",34,"2.319","2021-07-17 17:00:00"
"757729",34,"1.806","2021-07-17 17:15:00"
"760207",34,"1.6840000000000002","2021-07-17 17:30:00"
"760314",34,"0.53","2021-07-17 17:45:00"
"757855",34,"2.596","2021-01-02 08:45:00"
"757909",34,"2.5540000000000003","2021-01-02 09:00:00"
"757963",34,"2.3970000000000002","2021-01-02 09:15:00"
"758017",34,"2.622","2021-01-02 09:30:00"
"758071",34,"2.758","2021-01-02 09:45:00"
"758719",34,"0.67","2021-01-02 12:45:00"
"758773",34,"1.3639999999999999","2021-01-02 13:00:00"
"758887",34,"2.697","2021-06-06 15:45:00"
"758941",34,"4.039","2021-06-06 16:00:00"
"758995",34,"5.062","2021-06-06 16:15:00"
"759049",34,"3.665","2021-06-06 16:30:00"
"759103",34,"3.266","2021-06-06 16:45:00"
"759157",34,"3.183","2021-06-06 17:00:00"
"759211",34,"2.485","2021-06-06 17:15:00"
"759265",34,"2.259","2021-06-06 17:30:00"
"759871",34,"2.834","2021-04-29 01:45:00"
"759925",34,"2.325","2021-04-29 02:00:00"
"759979",34,"2.433","2021-04-29 02:15:00"
"760033",34,"3.407","2021-04-29 02:30:00"
"760087",34,"3.393","2021-04-29 02:45:00"
"760141",34,"2.802","2021-04-29 03:00:00"
"760195",34,"1.842","2021-04-29 03:15:00"
"760299",34,"0.41000000000000003","2021-04-29 03:30:00"
"760423",34,"1.148","2021-07-17 18:00:00"
"760541",34,"1.288","2021-07-17 18:15:00"
"761055",34,"0","2021-04-29 05:15:00"
"761148",34,"0","2021-04-29 05:30:00"
"761236",34,"0","2021-04-29 05:45:00"
"761068",34,"1.681","2021-07-17 19:30:00"
"761205",34,"2.174","2021-07-17 19:45:00"
"761323",34,"1.92","2021-07-17 20:00:00"
"762789",34,"0","2021-04-29 06:00:00"
"762857",34,"0","2021-04-29 06:15:00"
"761377",34,"1.634","2021-07-17 20:15:00"
"761431",34,"1.911","2021-07-17 20:30:00"
"762529",34,"1.071","2021-01-02 16:30:00"
"762583",34,"1.729","2021-01-02 16:45:00"
"762637",34,"3.572","2021-01-02 17:00:00"
"762691",34,"3.942","2021-01-02 17:15:00"
"762745",34,"2.525","2021-01-02 17:30:00"
"764361",34,"2.433","2021-01-02 17:45:00"
"764592",34,"2.542","2021-01-02 18:00:00"
"764717",34,"2.539","2021-01-02 18:15:00"
"763640",34,"0","2021-04-29 07:30:00"
"764123",34,"3.04","2021-06-06 23:30:00"
"764238",34,"3.182","2021-06-06 23:45:00"
"764339",34,"2.762","2021-06-07 00:00:00"
"764463",34,"3.536","2021-04-29 09:15:00"
"764605",34,"3.594","2021-04-29 09:30:00"
"764482",34,"2.686","2021-06-07 00:15:00"
"764640",34,"2.561","2021-06-07 00:30:00"
"764728",34,"3.606","2021-04-29 09:45:00"
"764839",34,"3.34","2021-04-29 10:00:00"
"764962",34,"3.778","2021-04-29 10:15:00"
"769802",34,"0.42","2021-06-07 04:00:00"
"769900",34,"2.379","2021-06-07 04:15:00"
"770023",34,"1.764","2021-07-18 04:30:00"
"770121",34,"1.923","2021-07-18 04:45:00"
"770229",34,"2.094","2021-07-18 05:00:00"
"770016",34,"1.972","2021-06-07 04:30:00"
"770134",34,"2.16","2021-06-07 04:45:00"
"770239",34,"1.434","2021-06-07 05:00:00"
"770321",34,"1.865","2021-07-18 05:15:00"
"770375",34,"1.772","2021-07-18 05:30:00"
"771406",34,"4.212","2021-04-29 16:45:00"
"771508",34,"3.818","2021-04-29 17:00:00"
"771614",34,"3.848","2021-04-29 17:15:00"
"771504",34,"4.208","2021-01-03 04:30:00"
"771613",34,"3.2720000000000002","2021-01-03 04:45:00"
"771711",34,"3.052","2021-01-03 05:00:00"
"771732",34,"3.7640000000000002","2021-04-29 17:30:00"
"771848",34,"4.012","2021-04-29 17:45:00"
"771811",34,"3.771","2021-01-03 05:15:00"
"771919",34,"4.258","2021-01-03 05:30:00"
"772042",34,"3.9370000000000003","2021-01-03 05:45:00"
"773235",34,"3.717","2021-06-07 07:15:00"
"773289",34,"2.729","2021-06-07 07:30:00"
"773343",34,"3.475","2021-06-07 07:45:00"
"773412",34,"2.8970000000000002","2021-06-07 08:00:00"
"773534",34,"2.006","2021-06-07 08:15:00"
"773526",34,"2.63","2021-07-18 07:45:00"
"773639",34,"1.8210000000000002","2021-07-18 08:00:00"
"773640",34,"1.436","2021-06-07 08:30:00"
"773739",34,"1.541","2021-06-07 08:45:00"
"774813",34,"2.697","2021-04-29 20:00:00"
"774868",34,"2.844","2021-04-29 20:15:00"
"774960",34,"2.927","2021-04-29 20:30:00"
"774967",34,"4.812","2021-01-03 07:45:00"
"775068",34,"5.354","2021-01-03 08:00:00"
"775184",34,"4.8629999999999995","2021-01-03 08:15:00"
"775074",34,"1.794","2021-04-29 20:45:00"
"775170",34,"0.04","2021-04-29 21:00:00"
"775308",34,"4.978","2021-01-03 08:30:00"
"775453",34,"4.973","2021-01-03 08:45:00"
"776974",34,"3.98","2021-07-18 12:15:00"
"777142",34,"4.131","2021-07-18 12:30:00"
"777158",34,"1.729","2021-06-07 11:00:00"
"777268",34,"1.8399999999999999","2021-06-07 11:15:00"
"777368",34,"0.67","2021-06-07 11:30:00"
"777251",34,"3.335","2021-07-18 12:45:00"
"777367",34,"4.884","2021-07-18 13:00:00"
"777474",34,"2.138","2021-06-07 11:45:00"
"777582",34,"3.15","2021-06-07 12:00:00"
"777698",34,"2.558","2021-06-07 12:15:00"
"779325",34,"4.112","2021-04-30 03:00:00"
"779379",34,"3.669","2021-04-30 03:15:00"
"779433",34,"3.948","2021-04-30 03:30:00"
"779487",34,"4.065","2021-04-30 03:45:00"
"779542",34,"3.781","2021-04-30 04:00:00"
"779578",34,"3.107","2021-01-03 12:15:00"
"779704",34,"3.199","2021-01-03 12:30:00"
"779844",34,"3.207","2021-01-03 12:45:00"
"779638",34,"3.954","2021-04-30 04:15:00"
"779726",34,"3.224","2021-04-30 04:30:00"
"779811",34,"3.056","2021-04-30 04:45:00"
"780762",34,"0.31","2021-06-07 15:15:00"
"780895",34,"0","2021-06-07 15:30:00"
"781063",34,"0","2021-06-07 15:45:00"
"781076",34,"3.38","2021-07-18 17:30:00"
"781199",34,"2.8369999999999997","2021-07-18 17:45:00"
"781249",34,"0","2021-06-07 16:00:00"
"781377",34,"0.74","2021-06-07 16:15:00"
"781284",34,"2.936","2021-01-03 16:15:00"
"781443",34,"3.047","2021-01-03 16:30:00"
"782470",34,"0","2021-06-07 18:30:00"
"782580",34,"0.79","2021-06-07 18:45:00"
"782536",34,"2.457","2021-07-18 20:30:00"
"782635",34,"2.741","2021-07-18 20:45:00"
"782723",34,"2.526","2021-07-18 21:00:00"
"782687",34,"2.273","2021-06-07 19:00:00"
"784872",34,"1.853","2021-06-07 19:15:00"
"785054",34,"1.526","2021-06-07 19:30:00"
"782777",34,"2.584","2021-07-18 21:15:00"
"784600",34,"2.463","2021-07-18 21:30:00"
"784037",34,"3.61","2021-01-03 18:00:00"
"784091",34,"3.084","2021-01-03 18:15:00"
"784145",34,"3.163","2021-01-03 18:30:00"
"784199",34,"4.4030000000000005","2021-01-03 18:45:00"
"784253",34,"4.874","2021-01-03 19:00:00"
"784307",34,"4.737","2021-01-03 19:15:00"
"784361",34,"4.5969999999999995","2021-01-03 19:30:00"
"784415",34,"6.022","2021-01-03 19:45:00"
"784469",34,"5.936","2021-01-03 20:00:00"
"784547",34,"5.223","2021-01-03 20:15:00"
"785771",34,"2.254","2021-06-07 21:00:00"
"785868",34,"1.6640000000000001","2021-06-07 21:15:00"
"785965",34,"1.8780000000000001","2021-06-07 21:30:00"
"786060",34,"2.363","2021-07-19 00:30:00"
"786167",34,"3.034","2021-07-19 00:45:00"
"786071",34,"1.763","2021-06-07 21:45:00"
"786180",34,"2.406","2021-06-07 22:00:00"
"786267",34,"3.154","2021-07-19 01:00:00"
"786359",34,"3.002","2021-07-19 01:15:00"
"786480",34,"3.312","2021-07-19 01:30:00"
"787377",34,"5.683","2021-04-30 12:30:00"
"787431",34,"5.917","2021-04-30 12:45:00"
"787485",34,"5.993","2021-04-30 13:00:00"
"787539",34,"5.967","2021-04-30 13:15:00"
"787593",34,"6.027","2021-04-30 13:30:00"
"787647",34,"5.437","2021-04-30 13:45:00"
"787701",34,"5.828","2021-04-30 14:00:00"
"787755",34,"6.067","2021-04-30 14:15:00"
"787901",34,"2.557","2021-01-03 22:00:00"
"787955",34,"2.481","2021-01-03 22:15:00"
"789269",34,"2.5789999999999997","2021-07-19 03:00:00"
"789384",34,"2.92","2021-07-19 03:15:00"
"789233",34,"1.327","2021-06-08 00:45:00"
"789338",34,"0.04","2021-06-08 01:00:00"
"789449",34,"0.45","2021-06-08 01:15:00"
"789485",34,"2.797","2021-07-19 03:30:00"
"789600",34,"2.918","2021-07-19 03:45:00"
"789707",34,"2.877","2021-07-19 04:00:00"
"789557",34,"0","2021-06-08 01:30:00"
"789652",34,"0.49","2021-06-08 01:45:00"
"789770",34,"1.818","2021-06-08 02:00:00"
"790809",34,"5.283","2021-04-30 14:30:00"
"790863",34,"5.489","2021-04-30 14:45:00"
"790917",34,"4.766","2021-04-30 15:00:00"
"790971",34,"5.702","2021-04-30 15:15:00"
"791025",34,"4.526","2021-04-30 15:30:00"
"791079",34,"5.125","2021-04-30 15:45:00"
"791133",34,"4.664","2021-04-30 16:00:00"
"791187",34,"5.654","2021-04-30 16:15:00"
"791241",34,"4.76","2021-04-30 16:30:00"
"791295",34,"4.619","2021-04-30 16:45:00"
"792486",34,"0","2021-06-08 04:45:00"
"792569",34,"0","2021-06-08 05:00:00"
"792558",34,"4.209","2021-01-04 05:00:00"
"792700",34,"3.557","2021-01-04 05:15:00"
"792656",34,"0","2021-06-08 05:15:00"
"792739",34,"0","2021-06-08 05:30:00"
"792815",34,"0","2021-06-08 05:45:00"
"792878",34,"3.382","2021-01-04 05:30:00"
"793051",34,"2.613","2021-01-04 05:45:00"
"793214",34,"2.691","2021-01-04 06:00:00"
"793539",34,"2.511","2021-06-08 08:00:00"
"793645",34,"2.778","2021-06-08 08:15:00"
"793705",34,"2.454","2021-07-19 06:45:00"
"793812",34,"2.608","2021-07-19 07:00:00"
"793920",34,"2.732","2021-07-19 07:15:00"
"793771",34,"2.943","2021-06-08 08:30:00"
"793880",34,"2.393","2021-06-08 08:45:00"
"793991",34,"2.975","2021-07-19 07:30:00"
"794045",34,"3.327","2021-07-19 07:45:00"
"794099",34,"1.358","2021-07-19 08:00:00"
"795389",34,"2.643","2021-06-08 09:45:00"
"795394",34,"4.389","2021-04-30 21:00:00"
"795521",34,"4.678","2021-04-30 21:15:00"
"795627",34,"4.213","2021-04-30 21:30:00"
"795746",34,"3.917","2021-04-30 21:45:00"
"795489",34,"3.499","2021-06-08 10:00:00"
"795581",34,"3.218","2021-06-08 10:15:00"
"795686",34,"3.024","2021-06-08 10:30:00"
"795783",34,"3.016","2021-06-08 10:45:00"
"795867",34,"4.101","2021-06-08 11:00:00"
"797364",34,"0.86","2021-07-19 12:30:00"
"797489",34,"0.56","2021-07-19 12:45:00"
"797593",34,"0.58","2021-07-19 13:00:00"
"797655",34,"4.616","2021-01-04 08:45:00"
"797768",34,"4.29","2021-01-04 09:00:00"
"797834",34,"4.353","2021-01-04 09:15:00"
"797691",34,"0.46","2021-07-19 13:15:00"
"798287",34,"0.2","2021-07-19 13:30:00"
"798341",34,"0.12","2021-07-19 13:45:00"
"797888",34,"4.5280000000000005","2021-01-04 09:30:00"
"797942",34,"3.635","2021-01-04 09:45:00"
"799031",34,"3.207","2021-06-08 14:00:00"
"755795",34,"2.107","2021-06-06 14:30:00"
"755893",34,"0.9500000000000001","2021-06-06 14:45:00"
"755998",34,"2.183","2021-06-06 15:00:00"
"755902",34,"0.59","2021-04-28 21:45:00"
"756061",34,"0.14","2021-04-28 22:00:00"
"756115",34,"0","2021-04-28 22:15:00"
"757089",34,"0","2021-07-17 15:30:00"
"757138",34,"1.4","2021-04-29 00:15:00"
"757193",34,"0.04","2021-07-17 15:45:00"
"757256",34,"0","2021-04-29 00:30:00"
"757365",34,"1.5899999999999999","2021-04-29 00:45:00"
"757475",34,"2.213","2021-04-29 01:00:00"
"757303",34,"1.026","2021-07-17 16:00:00"
"757409",34,"1.317","2021-07-17 16:15:00"
"757582",34,"2.624","2021-04-29 01:15:00"
"759817",34,"3.583","2021-04-29 01:30:00"
"758125",34,"2.847","2021-01-02 10:00:00"
"758179",34,"2.299","2021-01-02 10:15:00"
"758233",34,"2.075","2021-01-02 10:30:00"
"758287",34,"2.894","2021-01-02 10:45:00"
"758341",34,"2.922","2021-01-02 11:00:00"
"758395",34,"2.497","2021-01-02 11:15:00"
"758449",34,"2.864","2021-01-02 11:30:00"
"758503",34,"2.22","2021-01-02 11:45:00"
"758557",34,"2.373","2021-01-02 12:00:00"
"758611",34,"2.319","2021-01-02 12:15:00"
"758665",34,"0.47000000000000003","2021-01-02 12:30:00"
"759319",34,"2.027","2021-06-06 17:45:00"
"759373",34,"2.141","2021-06-06 18:00:00"
"759427",34,"1.861","2021-06-06 18:15:00"
"759481",34,"1.799","2021-06-06 18:30:00"
"759535",34,"1.877","2021-06-06 18:45:00"
"759589",34,"2.238","2021-06-06 19:00:00"
"759643",34,"3.213","2021-06-06 19:15:00"
"759697",34,"2.846","2021-06-06 19:30:00"
"759751",34,"3.427","2021-06-06 19:45:00"
"762873",34,"2.958","2021-06-06 20:00:00"
"760404",34,"1.645","2021-04-29 03:45:00"
"760502",34,"0.55","2021-04-29 04:00:00"
"760610",34,"0","2021-04-29 04:15:00"
"760648",34,"1.826","2021-07-17 18:30:00"
"760753",34,"1.593","2021-07-17 18:45:00"
"760860",34,"1.419","2021-07-17 19:00:00"
"760721",34,"0","2021-04-29 04:30:00"
"760831",34,"0","2021-04-29 04:45:00"
"760940",34,"0","2021-04-29 05:00:00"
"760965",34,"1.159","2021-07-17 19:15:00"
"761962",34,"1.8479999999999999","2021-07-17 22:00:00"
"765809",34,"2.018","2021-07-17 22:15:00"
"765863",34,"1.7429999999999999","2021-07-17 22:30:00"
"762097",34,"0.98","2021-01-02 14:30:00"
"762151",34,"0.71","2021-01-02 14:45:00"
"762205",34,"1.4100000000000001","2021-01-02 15:00:00"
"762259",34,"1.158","2021-01-02 15:15:00"
"762313",34,"0.76","2021-01-02 15:30:00"
"762367",34,"1.516","2021-01-02 15:45:00"
"762421",34,"1.548","2021-01-02 16:00:00"
"762475",34,"0.48","2021-01-02 16:15:00"
"763597",34,"3.698","2021-06-06 22:15:00"
"763706",34,"3.758","2021-06-06 22:30:00"
"763767",34,"0.12","2021-04-29 07:45:00"
"763873",34,"0","2021-04-29 08:00:00"
"763988",34,"0","2021-04-29 08:15:00"
"763807",34,"3.616","2021-06-06 22:45:00"
"763909",34,"3.818","2021-06-06 23:00:00"
"764016",34,"3.886","2021-06-06 23:15:00"
"764096",34,"0","2021-04-29 08:30:00"
"764193",34,"2.422","2021-04-29 08:45:00"
"764317",34,"2.7640000000000002","2021-04-29 09:00:00"
"765339",34,"2.223","2021-01-02 20:15:00"
"765393",34,"2.309","2021-01-02 20:30:00"
"765447",34,"2.2720000000000002","2021-01-02 20:45:00"
"765501",34,"2.448","2021-01-02 21:00:00"
"765555",34,"2.407","2021-01-02 21:15:00"
"765609",34,"2.641","2021-01-02 21:30:00"
"765663",34,"2.567","2021-01-02 21:45:00"
"765717",34,"2.5300000000000002","2021-01-02 22:00:00"
"765771",34,"3.113","2021-01-02 22:15:00"
"766998",34,"4.287","2021-01-02 22:30:00"
"766457",34,"1.514","2021-07-18 01:15:00"
"766511",34,"1.764","2021-07-18 01:30:00"
"766565",34,"1.782","2021-07-18 01:45:00"
"766619",34,"1.9649999999999999","2021-07-18 02:00:00"
"766673",34,"2.171","2021-07-18 02:15:00"
"766727",34,"2.105","2021-07-18 02:30:00"
"769013",34,"1.9460000000000002","2021-07-18 02:45:00"
"769328",34,"2.013","2021-07-18 03:00:00"
"766961",34,"3.339","2021-06-07 00:45:00"
"767231",34,"1.833","2021-06-07 01:00:00"
"767501",34,"1.9","2021-06-07 01:15:00"
"767791",34,"2.893","2021-06-07 01:30:00"
"768022",34,"2.096","2021-06-07 01:45:00"
"767612",34,"3.7030000000000003","2021-04-29 12:15:00"
"767737",34,"4.101","2021-04-29 12:30:00"
"767878",34,"4.167","2021-04-29 12:45:00"
"767941",34,"3.488","2021-01-03 00:15:00"
"768075",34,"4.372","2021-01-03 00:30:00"
"768025",34,"3.431","2021-04-29 13:00:00"
"768160",34,"2.5300000000000002","2021-04-29 13:15:00"
"768732",34,"3.628","2021-04-29 14:15:00"
"768861",34,"3.715","2021-04-29 14:30:00"
"768994",34,"1.994","2021-04-29 14:45:00"
"768881",34,"3.612","2021-01-03 02:00:00"
"769014",34,"3.439","2021-01-03 02:15:00"
"769175",34,"4.373","2021-01-03 02:30:00"
"769056",34,"0.05","2021-06-07 02:45:00"
"769305",34,"0","2021-06-07 03:00:00"
"769155",34,"3.041","2021-04-29 15:00:00"
"770787",34,"3.723","2021-04-29 15:15:00"
"772432",34,"2.282","2021-06-07 05:15:00"
"772595",34,"0.93","2021-06-07 05:30:00"
"772754",34,"1.858","2021-06-07 05:45:00"
"770429",34,"2.158","2021-07-18 05:45:00"
"770483",34,"2.465","2021-07-18 06:00:00"
"770537",34,"2.64","2021-07-18 06:15:00"
"770591",34,"1.314","2021-07-18 06:30:00"
"770645",34,"1.5","2021-07-18 06:45:00"
"770699",34,"1.654","2021-07-18 07:00:00"
"770753",34,"1.911","2021-07-18 07:15:00"
"773430",34,"2.4050000000000002","2021-07-18 07:30:00"
"771959",34,"2.932","2021-04-29 18:00:00"
"772047",34,"1.306","2021-04-29 18:15:00"
"772135",34,"0","2021-04-29 18:30:00"
"772171",34,"3.768","2021-01-03 06:00:00"
"772270",34,"3.47","2021-01-03 06:15:00"
"772252",34,"0.75","2021-04-29 18:45:00"
"772370",34,"1.528","2021-04-29 19:00:00"
"772378",34,"3.063","2021-01-03 06:30:00"
"772531",34,"2.534","2021-01-03 06:45:00"
"772706",34,"3.614","2021-01-03 07:00:00"
"773758",34,"2.433","2021-07-18 08:15:00"
"773858",34,"2.559","2021-07-18 08:30:00"
"773967",34,"2.432","2021-07-18 08:45:00"
"773853",34,"1.758","2021-06-07 09:00:00"
"773960",34,"0.8","2021-06-07 09:15:00"
"774064",34,"0.49","2021-06-07 09:30:00"
"774079",34,"3.382","2021-07-18 09:00:00"
"774185",34,"2.86","2021-07-18 09:15:00"
"774169",34,"0.41000000000000003","2021-06-07 09:45:00"
"776632",34,"0.23","2021-06-07 10:00:00"
"775273",34,"0","2021-04-29 21:15:00"
"775364",34,"3.505","2021-04-29 21:30:00"
"775448",34,"4.191","2021-04-29 21:45:00"
"775526",34,"4.618","2021-04-29 22:00:00"
"775606",34,"4.128","2021-04-29 22:15:00"
"775621",34,"5.258","2021-01-03 09:00:00"
"775732",34,"5.418","2021-01-03 09:15:00"
"775849",34,"4.324","2021-01-03 09:30:00"
"775709",34,"3.983","2021-04-29 22:30:00"
"775809",34,"3.8040000000000003","2021-04-29 22:45:00"
"775906",34,"4.371","2021-04-29 23:00:00"
"776478",34,"3.795","2021-01-03 11:00:00"
"776623",34,"4.468","2021-01-03 11:15:00"
"776730",34,"4.804","2021-01-03 11:30:00"
"778785",34,"4.818","2021-04-30 00:30:00"
"778839",34,"4.7780000000000005","2021-04-30 00:45:00"
"776842",34,"4.062","2021-01-03 11:45:00"
"777013",34,"3.532","2021-01-03 12:00:00"
"776744",34,"1.312","2021-06-07 10:15:00"
"776878",34,"1.209","2021-06-07 10:30:00"
"777014",34,"1.441","2021-06-07 10:45:00"
"778119",34,"2.453","2021-06-07 13:15:00"
"778241",34,"2.081","2021-06-07 13:30:00"
"778341",34,"2.303","2021-06-07 13:45:00"
"778130",34,"5.815","2021-07-18 14:45:00"
"778221",34,"6.156","2021-07-18 15:00:00"
"778338",34,"5.745","2021-07-18 15:15:00"
"778443",34,"2.215","2021-06-07 14:00:00"
"778584",34,"0.29","2021-06-07 14:15:00"
"780354",34,"1.108","2021-06-07 14:30:00"
"778450",34,"6.572","2021-07-18 15:30:00"
"778539",34,"4.728","2021-07-18 15:45:00"
"778623",34,"4.976","2021-07-18 16:00:00"
"779903",34,"2.766","2021-04-30 05:00:00"
"782811",34,"1.463","2021-04-30 05:15:00"
"779957",34,"3.668","2021-01-03 13:00:00"
"780011",34,"2.948","2021-01-03 13:15:00"
"780065",34,"3.346","2021-01-03 13:30:00"
"780119",34,"2.817","2021-01-03 13:45:00"
"780173",34,"2.918","2021-01-03 14:00:00"
"780227",34,"3.309","2021-01-03 14:15:00"
"780281",34,"3.07","2021-01-03 14:30:00"
"781381",34,"2.472","2021-07-18 18:00:00"
"781548",34,"2.85","2021-07-18 18:15:00"
"781688",34,"3.115","2021-07-18 18:30:00"
"781549",34,"0","2021-06-07 16:30:00"
"781691",34,"0.38","2021-06-07 16:45:00"
"781798",34,"2.253","2021-06-07 17:00:00"
"781608",34,"3.283","2021-01-03 16:45:00"
"783754",34,"2.178","2021-01-03 17:00:00"
"783857",34,"2.626","2021-01-03 17:15:00"
"781797",34,"2.83","2021-07-18 18:45:00"
"781887",34,"2.537","2021-07-18 19:00:00"
"782865",34,"2.834","2021-04-30 05:30:00"
"782919",34,"3.157","2021-04-30 05:45:00"
"782973",34,"3.15","2021-04-30 06:00:00"
"783027",34,"3.481","2021-04-30 06:15:00"
"783081",34,"3.007","2021-04-30 06:30:00"
"783135",34,"2.813","2021-04-30 06:45:00"
"783189",34,"2.754","2021-04-30 07:00:00"
"783243",34,"2.435","2021-04-30 07:15:00"
"783297",34,"1.317","2021-04-30 07:30:00"
"783351",34,"2.184","2021-04-30 07:45:00"
"783405",34,"1.893","2021-04-30 08:00:00"
"784648",34,"5.256","2021-01-03 20:30:00"
"784774",34,"5.053","2021-01-03 20:45:00"
"784938",34,"4.208","2021-01-03 21:00:00"
"784704",34,"2.17","2021-07-18 21:45:00"
"784841",34,"2.186","2021-07-18 22:00:00"
"784998",34,"2.399","2021-07-18 22:15:00"
"785102",34,"3.759","2021-01-03 21:15:00"
"787793",34,"2.931","2021-01-03 21:30:00"
"787847",34,"2.292","2021-01-03 21:45:00"
"785160",34,"2.592","2021-07-18 22:30:00"
"785283",34,"2.378","2021-07-18 22:45:00"
"785399",34,"2.234","2021-07-18 23:00:00"
"786302",34,"2.3529999999999998","2021-06-07 22:15:00"
"786410",34,"2.433","2021-06-07 22:30:00"
"786516",34,"1.778","2021-06-07 22:45:00"
"786586",34,"2.966","2021-07-19 01:45:00"
"788803",34,"2.8120000000000003","2021-07-19 02:00:00"
"786624",34,"2.186","2021-06-07 23:00:00"
"786691",34,"0.71","2021-06-07 23:15:00"
"786745",34,"0","2021-06-07 23:30:00"
"788840",34,"0","2021-06-07 23:45:00"
"788924",34,"2.085","2021-06-08 00:00:00"
"788009",34,"2.343","2021-01-03 22:30:00"
"788063",34,"2.627","2021-01-03 22:45:00"
"788117",34,"3.257","2021-01-03 23:00:00"
"788171",34,"2.9130000000000003","2021-01-03 23:15:00"
"788225",34,"4.101","2021-01-03 23:30:00"
"788279",34,"4.902","2021-01-03 23:45:00"
"788333",34,"3.854","2021-01-04 00:00:00"
"788387",34,"4.205","2021-01-04 00:15:00"
"788441",34,"4.49","2021-01-04 00:30:00"
"788495",34,"6.113","2021-01-04 00:45:00"
"789814",34,"2.992","2021-07-19 04:15:00"
"789920",34,"3.6029999999999998","2021-07-19 04:30:00"
"790029",34,"3.483","2021-07-19 04:45:00"
"789881",34,"1.549","2021-06-08 02:15:00"
"789990",34,"1.693","2021-06-08 02:30:00"
"790134",34,"3.163","2021-07-19 05:00:00"
"790246",34,"3.138","2021-07-19 05:15:00"
"790100",34,"0.58","2021-06-08 02:45:00"
"790197",34,"0.86","2021-06-08 03:00:00"
"790316",34,"1.484","2021-06-08 03:15:00"
"791349",34,"5.736","2021-04-30 17:00:00"
"791403",34,"5.097","2021-04-30 17:15:00"
"791457",34,"5.079","2021-04-30 17:30:00"
"791511",34,"5.038","2021-04-30 17:45:00"
"791565",34,"5.074","2021-04-30 18:00:00"
"791619",34,"4.279","2021-04-30 18:15:00"
"791673",34,"4.141","2021-04-30 18:30:00"
"791727",34,"4.039","2021-04-30 18:45:00"
"794781",34,"3.634","2021-04-30 19:00:00"
"794835",34,"3.726","2021-04-30 19:15:00"
"794889",34,"3.068","2021-04-30 19:30:00"
"792895",34,"0","2021-06-08 06:00:00"
"792973",34,"0.29","2021-06-08 06:15:00"
"793052",34,"0.42","2021-06-08 06:30:00"
"793127",34,"0.9400000000000001","2021-06-08 06:45:00"
"793213",34,"0.21","2021-06-08 07:00:00"
"793291",34,"0.78","2021-06-08 07:15:00"
"793380",34,"2.328","2021-06-08 07:30:00"
"793459",34,"2.447","2021-06-08 07:45:00"
"793370",34,"2.633","2021-01-04 06:15:00"
"793533",34,"2.739","2021-01-04 06:30:00"
"794693",34,"0.37","2021-07-19 10:45:00"
"794747",34,"1.638","2021-07-19 11:00:00"
"794943",34,"3.878","2021-04-30 19:45:00"
"794997",34,"4.462","2021-04-30 20:00:00"
"795042",34,"2.039","2021-06-08 09:00:00"
"795150",34,"2.222","2021-06-08 09:15:00"
"795279",34,"2.326","2021-06-08 09:30:00"
"795093",34,"4.297","2021-04-30 20:15:00"
"795196",34,"3.942","2021-04-30 20:30:00"
"795288",34,"4.153","2021-04-30 20:45:00"
"796511",34,"3.141","2021-04-30 23:15:00"
"796656",34,"3.135","2021-04-30 23:30:00"
"796575",34,"4.782","2021-06-08 12:45:00"
"796717",34,"3.547","2021-06-08 13:00:00"
"796557",34,"0.48","2021-07-19 11:15:00"
"796742",34,"0.34","2021-07-19 11:30:00"
"796832",34,"0.11","2021-07-19 11:45:00"
"796854",34,"3.7","2021-06-08 13:15:00"
"796966",34,"3.614","2021-06-08 13:30:00"
"798924",34,"3.412","2021-06-08 13:45:00"
"797996",34,"3.854","2021-01-04 10:00:00"
"798050",34,"2.746","2021-01-04 10:15:00"
"798104",34,"3.735","2021-01-04 10:30:00"
"798158",34,"4.5600000000000005","2021-01-04 10:45:00"
"798212",34,"3.843","2021-01-04 11:00:00"
"798266",34,"4.003","2021-01-04 11:15:00"
"799138",34,"3.6109999999999998","2021-06-08 14:15:00"
"799100",34,"3.908","2021-05-01 00:30:00"
"799196",34,"3.243","2021-05-01 00:45:00"
"799256",34,"3.152","2021-06-08 14:30:00"
"799358",34,"2.938","2021-06-08 14:45:00"
"799466",34,"3.7640000000000002","2021-06-08 15:00:00"
"799312",34,"3.122","2021-05-01 01:00:00"
"799421",34,"2.817","2021-05-01 01:15:00"
"799524",34,"2.475","2021-05-01 01:30:00"
"804504",34,"2.239","2021-06-08 22:15:00"
"804605",34,"2.068","2021-06-08 22:30:00"
"804716",34,"1.893","2021-06-08 22:45:00"
"806880",34,"0.64","2021-06-08 23:00:00"
"806996",34,"1.596","2021-06-08 23:15:00"
"804751",34,"2.626","2021-05-01 08:45:00"
"806810",34,"3.181","2021-05-01 09:00:00"
"806919",34,"3.2","2021-05-01 09:15:00"
"804957",34,"1.671","2021-07-19 21:00:00"
"805011",34,"1.5230000000000001","2021-07-19 21:15:00"
"805542",34,"1.427","2021-07-19 22:45:00"
"805662",34,"0.5700000000000001","2021-07-19 23:00:00"
"805768",34,"1.174","2021-07-19 23:15:00"
"805792",34,"3.148","2021-01-04 17:45:00"
"805901",34,"2.791","2021-01-04 18:00:00"
"805869",34,"1.471","2021-07-19 23:30:00"
"805984",34,"2.045","2021-07-19 23:45:00"
"806010",34,"2.566","2021-01-04 18:15:00"
"806104",34,"3.061","2021-01-04 18:30:00"
"806204",34,"2.633","2021-01-04 18:45:00"
"807310",34,"0","2021-06-09 00:00:00"
"807416",34,"0","2021-06-09 00:15:00"
"807530",34,"0","2021-06-09 00:30:00"
"807565",34,"3.3529999999999998","2021-05-01 10:45:00"
"807684",34,"3.198","2021-05-01 11:00:00"
"807630",34,"0.21","2021-06-09 00:45:00"
"762945",34,"3.028","2021-06-06 20:15:00"
"763022",34,"2.763","2021-06-06 20:30:00"
"763097",34,"3.08","2021-06-06 20:45:00"
"764828",34,"0.13","2021-01-02 18:30:00"
"764920",34,"1.131","2021-01-02 18:45:00"
"765067",34,"4.807","2021-04-29 10:30:00"
"766833",34,"4.245","2021-04-29 10:45:00"
"765031",34,"2.516","2021-01-02 19:00:00"
"765123",34,"1.341","2021-01-02 19:15:00"
"765177",34,"2.06","2021-01-02 19:30:00"
"765231",34,"2.888","2021-01-02 19:45:00"
"765285",34,"2.224","2021-01-02 20:00:00"
"765917",34,"1.862","2021-07-17 22:45:00"
"765971",34,"1.857","2021-07-17 23:00:00"
"766025",34,"2.022","2021-07-17 23:15:00"
"766079",34,"1.796","2021-07-17 23:30:00"
"766133",34,"1.8679999999999999","2021-07-17 23:45:00"
"766187",34,"2.09","2021-07-18 00:00:00"
"766241",34,"2.192","2021-07-18 00:15:00"
"766295",34,"2.04","2021-07-18 00:30:00"
"766349",34,"1.83","2021-07-18 00:45:00"
"766403",34,"1.7650000000000001","2021-07-18 01:00:00"
"766922",34,"4.918","2021-04-29 11:00:00"
"767069",34,"5.343","2021-04-29 11:15:00"
"767203",34,"4.893","2021-04-29 11:30:00"
"767123",34,"4.498","2021-01-02 22:45:00"
"767261",34,"3.461","2021-01-02 23:00:00"
"767391",34,"2.899","2021-01-02 23:15:00"
"767349",34,"4.687","2021-04-29 11:45:00"
"767474",34,"4.298","2021-04-29 12:00:00"
"767535",34,"2.327","2021-01-02 23:30:00"
"767653",34,"1.991","2021-01-02 23:45:00"
"767796",34,"2.066","2021-01-03 00:00:00"
"768217",34,"4.522","2021-01-03 00:45:00"
"768347",34,"4.99","2021-01-03 01:00:00"
"768471",34,"4.578","2021-01-03 01:15:00"
"768275",34,"2.813","2021-06-07 02:00:00"
"768537",34,"2.567","2021-06-07 02:15:00"
"768785",34,"0.8","2021-06-07 02:30:00"
"768302",34,"4.001","2021-04-29 13:30:00"
"768432",34,"3.243","2021-04-29 13:45:00"
"768575",34,"2.445","2021-04-29 14:00:00"
"768617",34,"3.5620000000000003","2021-01-03 01:30:00"
"768741",34,"3.341","2021-01-03 01:45:00"
"769350",34,"4.2780000000000005","2021-01-03 02:45:00"
"770831",34,"4.086","2021-01-03 03:00:00"
"769492",34,"1.798","2021-07-18 03:15:00"
"769589",34,"1.744","2021-07-18 03:30:00"
"769467",34,"1.778","2021-06-07 03:15:00"
"769586",34,"2.355","2021-06-07 03:30:00"
"769693",34,"0.9","2021-06-07 03:45:00"
"769702",34,"1.992","2021-07-18 03:45:00"
"769805",34,"2.234","2021-07-18 04:00:00"
"769922",34,"2.116","2021-07-18 04:15:00"
"770887",34,"4.113","2021-04-29 15:30:00"
"770985",34,"4.497","2021-04-29 15:45:00"
"771091",34,"5.131","2021-04-29 16:00:00"
"770946",34,"6.153","2021-01-03 03:15:00"
"771056",34,"5.182","2021-01-03 03:30:00"
"771160",34,"4.285","2021-01-03 03:45:00"
"771201",34,"4.243","2021-04-29 16:15:00"
"771295",34,"4.641","2021-04-29 16:30:00"
"771284",34,"4.689","2021-01-03 04:00:00"
"771388",34,"4.252","2021-01-03 04:15:00"
"772536",34,"0.98","2021-04-29 19:15:00"
"772686",34,"0.12","2021-04-29 19:30:00"
"772833",34,"2.677","2021-04-29 19:45:00"
"772855",34,"4.992","2021-01-03 07:15:00"
"772973",34,"5.242","2021-01-03 07:30:00"
"772935",34,"1.721","2021-06-07 06:00:00"
"773019",34,"2.012","2021-06-07 06:15:00"
"773073",34,"3.016","2021-06-07 06:30:00"
"773127",34,"2.145","2021-06-07 06:45:00"
"773181",34,"2.393","2021-06-07 07:00:00"
"774239",34,"3.263","2021-07-18 09:30:00"
"774293",34,"3.6550000000000002","2021-07-18 09:45:00"
"774347",34,"3.753","2021-07-18 10:00:00"
"774401",34,"4.147","2021-07-18 10:15:00"
"774455",34,"3.76","2021-07-18 10:30:00"
"774509",34,"4.717","2021-07-18 10:45:00"
"774563",34,"3.207","2021-07-18 11:00:00"
"774617",34,"4.033","2021-07-18 11:15:00"
"774671",34,"5.063","2021-07-18 11:30:00"
"774725",34,"4.968","2021-07-18 11:45:00"
"774779",34,"4.474","2021-07-18 12:00:00"
"775952",34,"4.299","2021-01-03 09:45:00"
"776054",34,"3.94","2021-01-03 10:00:00"
"776029",34,"4.852","2021-04-29 23:15:00"
"776147",34,"4.394","2021-04-29 23:30:00"
"776157",34,"3.787","2021-01-03 10:15:00"
"776253",34,"4.175","2021-01-03 10:30:00"
"776365",34,"4.339","2021-01-03 10:45:00"
"776268",34,"4.183","2021-04-29 23:45:00"
"776370",34,"4.018","2021-04-30 00:00:00"
"776473",34,"4.472","2021-04-30 00:15:00"
"777477",34,"4.216","2021-07-18 13:15:00"
"777585",34,"4.489","2021-07-18 13:30:00"
"777685",34,"5.036","2021-07-18 13:45:00"
"777805",34,"3.145","2021-06-07 12:30:00"
"777903",34,"2.775","2021-06-07 12:45:00"
"777794",34,"5.308","2021-07-18 14:00:00"
"777912",34,"5.183","2021-07-18 14:15:00"
"778010",34,"2.688","2021-06-07 13:00:00"
"778021",34,"4.878","2021-07-18 14:30:00"
"778697",34,"4.002","2021-07-18 16:15:00"
"778751",34,"3.748","2021-07-18 16:30:00"
"778893",34,"4.877","2021-04-30 01:00:00"
"778947",34,"4.526","2021-04-30 01:15:00"
"779001",34,"4.566","2021-04-30 01:30:00"
"779055",34,"4.707","2021-04-30 01:45:00"
"779109",34,"4.432","2021-04-30 02:00:00"
"779163",34,"3.83","2021-04-30 02:15:00"
"779217",34,"3.4","2021-04-30 02:30:00"
"779271",34,"3.38","2021-04-30 02:45:00"
"780361",34,"2.025","2021-01-03 14:45:00"
"780463",34,"2.492","2021-01-03 15:00:00"
"780614",34,"2.523","2021-01-03 15:15:00"
"780464",34,"0.98","2021-06-07 14:45:00"
"780593",34,"0.01","2021-06-07 15:00:00"
"780592",34,"4.266","2021-07-18 16:45:00"
"780792",34,"3.847","2021-07-18 17:00:00"
"780935",34,"3.593","2021-07-18 17:15:00"
"780718",34,"2.849","2021-01-03 15:30:00"
"780934",34,"2.787","2021-01-03 15:45:00"
"781108",34,"2.58","2021-01-03 16:00:00"
"781923",34,"1.717","2021-06-07 17:15:00"
"782023",34,"1.6880000000000002","2021-06-07 17:30:00"
"782004",34,"2.7279999999999998","2021-07-18 19:15:00"
"782111",34,"2.677","2021-07-18 19:30:00"
"782210",34,"2.605","2021-07-18 19:45:00"
"782140",34,"1.646","2021-06-07 17:45:00"
"782248",34,"1.421","2021-06-07 18:00:00"
"782352",34,"0.6900000000000001","2021-06-07 18:15:00"
"782323",34,"2.476","2021-07-18 20:00:00"
"782416",34,"2.528","2021-07-18 20:15:00"
"783459",34,"2.6","2021-04-30 08:15:00"
"783513",34,"3.69","2021-04-30 08:30:00"
"783567",34,"4.69","2021-04-30 08:45:00"
"783621",34,"4.993","2021-04-30 09:00:00"
"783682",34,"5.97","2021-04-30 09:15:00"
"783790",34,"5.912","2021-04-30 09:30:00"
"786783",34,"6.48","2021-04-30 09:45:00"
"783929",34,"3.643","2021-01-03 17:30:00"
"783983",34,"3.45","2021-01-03 17:45:00"
"785227",34,"1.5899999999999999","2021-06-07 19:45:00"
"785330",34,"0.45","2021-06-07 20:00:00"
"785431",34,"0","2021-06-07 20:15:00"
"785504",34,"2.193","2021-07-18 23:15:00"
"785615",34,"2.31","2021-07-18 23:30:00"
"785546",34,"1.249","2021-06-07 20:30:00"
"785651",34,"2.627","2021-06-07 20:45:00"
"785717",34,"2.21","2021-07-18 23:45:00"
"785821",34,"2.394","2021-07-19 00:00:00"
"785950",34,"2.588","2021-07-19 00:15:00"
"786837",34,"6.664","2021-04-30 10:00:00"
"786891",34,"6.012","2021-04-30 10:15:00"
"786945",34,"7.221","2021-04-30 10:30:00"
"786999",34,"6.623","2021-04-30 10:45:00"
"787053",34,"7.272","2021-04-30 11:00:00"
"787107",34,"6.728","2021-04-30 11:15:00"
"787161",34,"6.858","2021-04-30 11:30:00"
"787215",34,"6.343","2021-04-30 11:45:00"
"787269",34,"6.235","2021-04-30 12:00:00"
"787323",34,"5.759","2021-04-30 12:15:00"
"788549",34,"5.319","2021-01-04 01:00:00"
"788603",34,"4.578","2021-01-04 01:15:00"
"788657",34,"4.393","2021-01-04 01:30:00"
"788711",34,"3.682","2021-01-04 01:45:00"
"788765",34,"4.152","2021-01-04 02:00:00"
"788934",34,"2.228","2021-07-19 02:15:00"
"789039",34,"2.385","2021-07-19 02:30:00"
"789166",34,"2.517","2021-07-19 02:45:00"
"789036",34,"2.048","2021-06-08 00:15:00"
"789124",34,"2.038","2021-06-08 00:30:00"
"790353",34,"2.857","2021-07-19 05:30:00"
"790458",34,"3.34","2021-07-19 05:45:00"
"790568",34,"2.94","2021-07-19 06:00:00"
"790424",34,"0.64","2021-06-08 03:30:00"
"790532",34,"0","2021-06-08 03:45:00"
"790685",34,"2.011","2021-07-19 06:15:00"
"790775",34,"1.6880000000000002","2021-07-19 06:30:00"
"790629",34,"0","2021-06-08 04:00:00"
"790732",34,"0","2021-06-08 04:15:00"
"792400",34,"0","2021-06-08 04:30:00"
"791819",34,"4.224","2021-01-04 02:15:00"
"791873",34,"4.621","2021-01-04 02:30:00"
"791927",34,"4.134","2021-01-04 02:45:00"
"791981",34,"3.632","2021-01-04 03:00:00"
"792035",34,"3.3890000000000002","2021-01-04 03:15:00"
"792089",34,"3.258","2021-01-04 03:30:00"
"792143",34,"3.177","2021-01-04 03:45:00"
"792197",34,"3.634","2021-01-04 04:00:00"
"792251",34,"3.9450000000000003","2021-01-04 04:15:00"
"792311",34,"4.388","2021-01-04 04:30:00"
"792412",34,"4.288","2021-01-04 04:45:00"
"794153",34,"0.92","2021-07-19 08:15:00"
"794207",34,"1.09","2021-07-19 08:30:00"
"794261",34,"1.542","2021-07-19 08:45:00"
"794315",34,"2.329","2021-07-19 09:00:00"
"794369",34,"2.086","2021-07-19 09:15:00"
"794423",34,"0.8300000000000001","2021-07-19 09:30:00"
"794477",34,"1.925","2021-07-19 09:45:00"
"794531",34,"1.876","2021-07-19 10:00:00"
"794585",34,"1.137","2021-07-19 10:15:00"
"794639",34,"0.9400000000000001","2021-07-19 10:30:00"
"795889",34,"3.526","2021-04-30 22:00:00"
"795996",34,"3.187","2021-04-30 22:15:00"
"795979",34,"3.248","2021-06-08 11:15:00"
"796067",34,"4.169","2021-06-08 11:30:00"
"796158",34,"4.593","2021-06-08 11:45:00"
"796134",34,"2.974","2021-04-30 22:30:00"
"796236",34,"3.206","2021-04-30 22:45:00"
"796358",34,"3.107","2021-04-30 23:00:00"
"796270",34,"4.628","2021-06-08 12:00:00"
"796367",34,"4.288","2021-06-08 12:15:00"
"796445",34,"4.308","2021-06-08 12:30:00"
"796936",34,"1.169","2021-07-19 12:00:00"
"797020",34,"0.43","2021-07-19 12:15:00"
"797037",34,"2.654","2021-01-04 06:45:00"
"797091",34,"3.472","2021-01-04 07:00:00"
"797145",34,"4.261","2021-01-04 07:15:00"
"797199",34,"4.7780000000000005","2021-01-04 07:30:00"
"797253",34,"4.758","2021-01-04 07:45:00"
"797339",34,"4.755","2021-01-04 08:00:00"
"797427",34,"4.621","2021-01-04 08:15:00"
"797539",34,"5.118","2021-01-04 08:30:00"
"798503",34,"0.59","2021-07-19 14:30:00"
"798557",34,"0.72","2021-07-19 14:45:00"
"798611",34,"0.41000000000000003","2021-07-19 15:00:00"
"798665",34,"1.113","2021-07-19 15:15:00"
"798719",34,"0.74","2021-07-19 15:30:00"
"798773",34,"0.48","2021-07-19 15:45:00"
"799910",34,"0.21","2021-07-19 16:00:00"
"800103",34,"0.51","2021-07-19 16:15:00"
"798807",34,"3.021","2021-04-30 23:45:00"
"798881",34,"3.483","2021-05-01 00:00:00"
"798985",34,"4.065","2021-05-01 00:15:00"
"800338",34,"0.02","2021-07-19 16:30:00"
"800546",34,"0.64","2021-07-19 16:45:00"
"800358",34,"2.892","2021-01-04 12:00:00"
"800556",34,"3.375","2021-01-04 12:15:00"
"800517",34,"3.407","2021-06-08 16:30:00"
"800730",34,"2.551","2021-06-08 16:45:00"
"800598",34,"2.944","2021-05-01 03:00:00"
"800805",34,"2.411","2021-05-01 03:15:00"
"801020",34,"2.693","2021-05-01 03:30:00"
"801355",34,"0.11","2021-07-19 17:45:00"
"801570",34,"1.162","2021-07-19 18:00:00"
"801444",34,"2.286","2021-01-04 13:15:00"
"801642",34,"2.612","2021-01-04 13:30:00"
"801649",34,"2.212","2021-06-08 17:45:00"
"801810",34,"2.434","2021-06-08 18:00:00"
"802811",34,"1.979","2021-06-08 18:15:00"
"801653",34,"1.669","2021-05-01 04:15:00"
"802883",34,"0.51","2021-05-01 04:30:00"
"803020",34,"0.28","2021-05-01 04:45:00"
"802478",34,"1.521","2021-07-19 19:45:00"
"802575",34,"1.647","2021-07-19 20:00:00"
"802489",34,"4.001","2021-01-04 15:15:00"
"802608",34,"3.43","2021-01-04 15:30:00"
"802692",34,"1.649","2021-07-19 20:15:00"
"804824",34,"1.8250000000000002","2021-07-19 20:30:00"
"804903",34,"1.907","2021-07-19 20:45:00"
"802707",34,"3.5140000000000002","2021-01-04 15:45:00"
"804794",34,"3.866","2021-01-04 16:00:00"
"805150",34,"4.283","2021-01-04 16:15:00"
"803445",34,"2.115","2021-06-08 19:45:00"
"803537",34,"2.377","2021-06-08 20:00:00"
"803638",34,"3.1310000000000002","2021-06-08 20:15:00"
"803747",34,"2.8890000000000002","2021-06-08 20:30:00"
"803867",34,"3.011","2021-06-08 20:45:00"
"803676",34,"0","2021-05-01 06:15:00"
"803785",34,"0","2021-05-01 06:30:00"
"803884",34,"0","2021-05-01 06:45:00"
"803988",34,"0","2021-05-01 07:00:00"
"804109",34,"0","2021-05-01 07:15:00"
"805065",34,"1.745","2021-07-19 21:30:00"
"805119",34,"0.8300000000000001","2021-07-19 21:45:00"
"805215",34,"0","2021-07-19 22:00:00"
"805260",34,"3.293","2021-01-04 16:30:00"
"805379",34,"3.6790000000000003","2021-01-04 16:45:00"
"805316",34,"0.34","2021-07-19 22:15:00"
"805424",34,"1.51","2021-07-19 22:30:00"
"805481",34,"2.875","2021-01-04 17:00:00"
"805586",34,"2.8369999999999997","2021-01-04 17:15:00"
"805682",34,"3.262","2021-01-04 17:30:00"
"806707",34,"2.185","2021-01-04 20:15:00"
"806761",34,"2.857","2021-01-04 20:30:00"
"808815",34,"5.076","2021-01-04 20:45:00"
"807018",34,"3.9779999999999998","2021-05-01 09:30:00"
"807137",34,"4.586","2021-05-01 09:45:00"
"807095",34,"0.36","2021-06-08 23:30:00"
"807202",34,"0","2021-06-08 23:45:00"
"807725",34,"0","2021-06-09 01:00:00"
"807826",34,"0.59","2021-06-09 01:15:00"
"807807",34,"3.8609999999999998","2021-05-01 11:15:00"
"807904",34,"4.275","2021-05-01 11:30:00"
"808000",34,"3.423","2021-05-01 11:45:00"
"812949",34,"0","2021-01-05 02:00:00"
"813003",34,"0.38","2021-01-05 02:15:00"
"813057",34,"0","2021-01-05 02:30:00"
"813111",34,"0","2021-01-05 02:45:00"
"813165",34,"0","2021-01-05 03:00:00"
"813219",34,"0.04","2021-01-05 03:15:00"
"813273",34,"1.005","2021-01-05 03:30:00"
"813327",34,"1.337","2021-01-05 03:45:00"
"813381",34,"1.5979999999999999","2021-01-05 04:00:00"
"813435",34,"2.096","2021-01-05 04:15:00"
"814423",34,"2.267","2021-06-09 09:00:00"
"814601",34,"2.723","2021-06-09 09:15:00"
"814740",34,"3.136","2021-06-09 09:30:00"
"814721",34,"2.957","2021-05-01 19:45:00"
"814883",34,"3.062","2021-05-01 20:00:00"
"814863",34,"0.30000000000000004","2021-07-20 07:15:00"
"815030",34,"0","2021-07-20 07:30:00"
"814904",34,"3.086","2021-06-09 09:45:00"
"815040",34,"2.6710000000000003","2021-06-09 10:00:00"
"816017",34,"2.371","2021-06-09 11:30:00"
"816180",34,"2.499","2021-06-09 11:45:00"
"816333",34,"0.84","2021-06-09 12:00:00"
"816375",34,"0","2021-05-01 22:15:00"
"816524",34,"0","2021-05-01 22:30:00"
"816485",34,"2.592","2021-07-20 09:45:00"
"816660",34,"2.581","2021-07-20 10:00:00"
"816500",34,"2.092","2021-06-09 12:15:00"
"816655",34,"2.388","2021-06-09 12:30:00"
"817910",34,"2.946","2021-06-09 12:45:00"
"817191",34,"2.851","2021-01-05 07:45:00"
"817245",34,"3.115","2021-01-05 08:00:00"
"817299",34,"3.36","2021-01-05 08:15:00"
"817353",34,"3.618","2021-01-05 08:30:00"
"817407",34,"3.45","2021-01-05 08:45:00"
"817461",34,"3.19","2021-01-05 09:00:00"
"817515",34,"3.624","2021-01-05 09:15:00"
"817569",34,"3.425","2021-01-05 09:30:00"
"817623",34,"3.363","2021-01-05 09:45:00"
"817677",34,"3.617","2021-01-05 10:00:00"
"818765",34,"1.9889999999999999","2021-07-20 11:30:00"
"818923",34,"3.087","2021-07-20 11:45:00"
"819076",34,"3.3","2021-07-20 12:00:00"
"819239",34,"3.013","2021-07-20 12:15:00"
"819464",34,"2.058","2021-07-20 12:30:00"
"819258",34,"0","2021-05-02 01:30:00"
"819385",34,"0","2021-05-02 01:45:00"
"819199",34,"3.021","2021-06-09 14:45:00"
"819341",34,"2.078","2021-06-09 15:00:00"
"819475",34,"0.4","2021-06-09 15:15:00"
"820471",34,"1.745","2021-07-20 14:00:00"
"820579",34,"2.561","2021-07-20 14:15:00"
"820679",34,"1.6760000000000002","2021-07-20 14:30:00"
"820660",34,"0","2021-06-09 17:15:00"
"821817",34,"0","2021-06-09 17:30:00"
"821871",34,"0.14","2021-06-09 17:45:00"
"820741",34,"2.155","2021-07-20 14:45:00"
"821912",34,"1.792","2021-07-20 15:00:00"
"822022",34,"1.78","2021-07-20 15:15:00"
"820893",34,"2.942","2021-01-05 11:00:00"
"820947",34,"3.399","2021-01-05 11:15:00"
"822288",34,"1.904","2021-06-09 18:45:00"
"822385",34,"0.49","2021-06-09 19:00:00"
"822356",34,"0","2021-07-20 16:00:00"
"822464",34,"0","2021-07-20 16:15:00"
"822556",34,"0.81","2021-07-20 16:30:00"
"822498",34,"0.81","2021-06-09 19:15:00"
"822614",34,"1.7530000000000001","2021-06-09 19:30:00"
"822721",34,"1.771","2021-06-09 19:45:00"
"822670",34,"0.6900000000000001","2021-07-20 16:45:00"
"822772",34,"2.11","2021-07-20 17:00:00"
"823909",34,"0","2021-05-02 04:00:00"
"823963",34,"0","2021-05-02 04:15:00"
"824018",34,"0","2021-05-02 04:30:00"
"824112",34,"0","2021-05-02 04:45:00"
"824228",34,"0","2021-05-02 05:00:00"
"824193",34,"0.63","2021-01-05 15:30:00"
"824285",34,"1.5310000000000001","2021-01-05 15:45:00"
"824379",34,"0","2021-05-02 05:15:00"
"824513",34,"0","2021-05-02 05:30:00"
"824913",34,"0","2021-05-02 05:45:00"
"825027",34,"0","2021-05-02 06:00:00"
"825132",34,"0","2021-05-02 06:15:00"
"825123",34,"1.558","2021-01-05 18:30:00"
"825245",34,"0.45","2021-01-05 18:45:00"
"825384",34,"0.35000000000000003","2021-01-05 19:00:00"
"825229",34,"0","2021-05-02 06:30:00"
"825310",34,"0","2021-05-02 06:45:00"
"825405",34,"0","2021-05-02 07:00:00"
"825499",34,"0","2021-05-02 07:15:00"
"825600",34,"0","2021-05-02 07:30:00"
"826745",34,"1.947","2021-07-20 21:45:00"
"826848",34,"0.75","2021-07-20 22:00:00"
"826957",34,"0.35000000000000003","2021-07-20 22:15:00"
"826863",34,"0","2021-06-10 00:30:00"
"826970",34,"0","2021-06-10 00:45:00"
"827076",34,"0.02","2021-07-20 22:30:00"
"827183",34,"0","2021-07-20 22:45:00"
"827067",34,"1.38","2021-06-10 01:00:00"
"827176",34,"1.787","2021-06-10 01:15:00"
"827302",34,"1.498","2021-06-10 01:30:00"
"828881",34,"0","2021-05-02 08:30:00"
"828935",34,"1.104","2021-05-02 08:45:00"
"828989",34,"1.416","2021-05-02 09:00:00"
"829043",34,"0.72","2021-05-02 09:15:00"
"829097",34,"0.96","2021-05-02 09:30:00"
"829151",34,"2.116","2021-05-02 09:45:00"
"829205",34,"2.513","2021-05-02 10:00:00"
"829260",34,"2.842","2021-05-02 10:15:00"
"829398",34,"3.227","2021-05-02 10:30:00"
"829599",34,"3.912","2021-05-02 10:45:00"
"830441",34,"0.1","2021-07-21 02:15:00"
"830641",34,"0.73","2021-07-21 02:30:00"
"830835",34,"0.12","2021-07-21 02:45:00"
"830590",34,"2.838","2021-06-10 04:45:00"
"830702",34,"2.8529999999999998","2021-06-10 05:00:00"
"830823",34,"2.633","2021-06-10 05:15:00"
"830790",34,"2.5140000000000002","2021-05-02 12:15:00"
"831000",34,"2.952","2021-05-02 12:30:00"
"832903",34,"3.065","2021-05-02 12:45:00"
"831036",34,"0.85","2021-07-21 03:00:00"
"831231",34,"0","2021-07-21 03:15:00"
"832187",34,"1.721","2021-01-06 02:15:00"
"832241",34,"1.69","2021-01-06 02:30:00"
"832295",34,"1.65","2021-01-06 02:45:00"
"832349",34,"2.308","2021-01-06 03:00:00"
"832403",34,"2.646","2021-01-06 03:15:00"
"832457",34,"2.195","2021-01-06 03:30:00"
"832511",34,"1.573","2021-01-06 03:45:00"
"832565",34,"0.17","2021-01-06 04:00:00"
"832619",34,"0.86","2021-01-06 04:15:00"
"832673",34,"1.613","2021-01-06 04:30:00"
"833775",34,"2.706","2021-05-02 15:30:00"
"833860",34,"1.149","2021-05-02 15:45:00"
"833935",34,"1.291","2021-05-02 16:00:00"
"833944",34,"0.97","2021-06-10 09:15:00"
"834060",34,"2.243","2021-06-10 09:30:00"
"834152",34,"2.672","2021-06-10 09:45:00"
"834032",34,"1.237","2021-05-02 16:15:00"
"834161",34,"2.719","2021-05-02 16:30:00"
"834278",34,"2.437","2021-06-10 10:00:00"
"834398",34,"2.462","2021-06-10 10:15:00"
"834940",34,"1.125","2021-01-06 05:30:00"
"835045",34,"1.043","2021-01-06 05:45:00"
"835133",34,"2.194","2021-07-21 05:30:00"
"835221",34,"2.499","2021-07-21 05:45:00"
"835159",34,"0.88","2021-01-06 06:00:00"
"835272",34,"1.804","2021-01-06 06:15:00"
"835367",34,"2.866","2021-01-06 06:30:00"
"835350",34,"2.26","2021-07-21 06:00:00"
"835464",34,"2.323","2021-07-21 06:15:00"
"835570",34,"2.103","2021-07-21 06:30:00"
"836629",34,"1.034","2021-07-21 08:45:00"
"836683",34,"0.21","2021-07-21 09:00:00"
"836737",34,"1.6960000000000002","2021-07-21 09:15:00"
"838082",34,"1.9100000000000001","2021-07-21 09:30:00"
"838216",34,"1.966","2021-07-21 09:45:00"
"836921",34,"1.18","2021-06-10 12:30:00"
"836975",34,"1.022","2021-06-10 12:45:00"
"837029",34,"0","2021-06-10 13:00:00"
"837083",34,"0.30000000000000004","2021-06-10 13:15:00"
"837137",34,"0.9400000000000001","2021-06-10 13:30:00"
"837731",34,"0.48","2021-06-10 16:15:00"
"840605",34,"0","2021-06-10 16:30:00"
"840697",34,"0.02","2021-06-10 16:45:00"
"837825",34,"2.7800000000000002","2021-05-02 17:30:00"
"837879",34,"0.91","2021-05-02 17:45:00"
"837933",34,"0.03","2021-05-02 18:00:00"
"837987",34,"0","2021-05-02 18:15:00"
"838041",34,"0","2021-05-02 18:30:00"
"838168",34,"0","2021-05-02 18:45:00"
"838355",34,"0","2021-05-02 19:00:00"
"839370",34,"5.358","2021-01-06 11:15:00"
"839563",34,"5.381","2021-01-06 11:30:00"
"839486",34,"1.834","2021-07-21 12:30:00"
"839598",34,"0.67","2021-07-21 12:45:00"
"839609",34,"0.13","2021-05-02 20:30:00"
"839792",34,"0","2021-05-02 20:45:00"
"839939",34,"0.73","2021-05-02 21:00:00"
"839723",34,"1.5819999999999999","2021-07-21 13:00:00"
"839865",34,"0.98","2021-07-21 13:15:00"
"840047",34,"0.65","2021-07-21 13:30:00"
"841055",34,"1.16","2021-06-10 17:45:00"
"841109",34,"0.07","2021-06-10 18:00:00"
"841163",34,"0.1","2021-06-10 18:15:00"
"841217",34,"0","2021-06-10 18:30:00"
"841271",34,"0","2021-06-10 18:45:00"
"841325",34,"0.03","2021-06-10 19:00:00"
"799865",34,"2.732","2021-01-04 11:30:00"
"800110",34,"3.021","2021-01-04 11:45:00"
"798395",34,"0.53","2021-07-19 14:00:00"
"798449",34,"0.65","2021-07-19 14:15:00"
"799574",34,"3.7880000000000003","2021-06-08 15:15:00"
"799683",34,"3.875","2021-06-08 15:30:00"
"799637",34,"2.938","2021-05-01 01:45:00"
"799741",34,"2.959","2021-05-01 02:00:00"
"799863",34,"3.406","2021-06-08 15:45:00"
"800060",34,"3.525","2021-06-08 16:00:00"
"800272",34,"3.498","2021-06-08 16:15:00"
"799986",34,"2.596","2021-05-01 02:15:00"
"800188",34,"2.742","2021-05-01 02:30:00"
"800357",34,"3.088","2021-05-01 02:45:00"
"800755",34,"0.64","2021-07-19 17:00:00"
"800951",34,"0.30000000000000004","2021-07-19 17:15:00"
"801122",34,"1.709","2021-07-19 17:30:00"
"800793",34,"3.4130000000000003","2021-01-04 12:30:00"
"800971",34,"2.151","2021-01-04 12:45:00"
"801210",34,"2.213","2021-01-04 13:00:00"
"801037",34,"2.544","2021-06-08 17:00:00"
"801224",34,"2.086","2021-06-08 17:15:00"
"801429",34,"2.54","2021-06-08 17:30:00"
"801236",34,"1.855","2021-05-01 03:45:00"
"801435",34,"0.98","2021-05-01 04:00:00"
"801772",34,"2.125","2021-07-19 18:15:00"
"801925",34,"1.818","2021-07-19 18:30:00"
"802039",34,"0.71","2021-07-19 18:45:00"
"801805",34,"3.564","2021-01-04 13:45:00"
"801946",34,"3.497","2021-01-04 14:00:00"
"802065",34,"3.988","2021-01-04 14:15:00"
"802159",34,"3.931","2021-01-04 14:30:00"
"802267",34,"3.87","2021-01-04 14:45:00"
"802382",34,"3.847","2021-01-04 15:00:00"
"802160",34,"1.846","2021-07-19 19:00:00"
"802268",34,"2.313","2021-07-19 19:15:00"
"802368",34,"1.927","2021-07-19 19:30:00"
"802920",34,"2.047","2021-06-08 18:30:00"
"802999",34,"1.609","2021-06-08 18:45:00"
"803126",34,"0.77","2021-05-01 05:00:00"
"803241",34,"1.001","2021-05-01 05:15:00"
"803109",34,"2.443","2021-06-08 19:00:00"
"803205",34,"2.32","2021-06-08 19:15:00"
"803332",34,"2.196","2021-06-08 19:30:00"
"803336",34,"2.018","2021-05-01 05:30:00"
"803438",34,"1.7000000000000002","2021-05-01 05:45:00"
"803562",34,"0","2021-05-01 06:00:00"
"803975",34,"2.883","2021-06-08 21:00:00"
"804070",34,"0.92","2021-06-08 21:15:00"
"804179",34,"0","2021-06-08 21:30:00"
"804287",34,"2.126","2021-06-08 21:45:00"
"804407",34,"1.929","2021-06-08 22:00:00"
"804217",34,"0","2021-05-01 07:30:00"
"804324",34,"0","2021-05-01 07:45:00"
"804420",34,"1.357","2021-05-01 08:00:00"
"804537",34,"2.22","2021-05-01 08:15:00"
"804654",34,"2.009","2021-05-01 08:30:00"
"806099",34,"1.888","2021-07-20 00:00:00"
"806219",34,"1.342","2021-07-20 00:15:00"
"806321",34,"1.633","2021-07-20 00:30:00"
"806318",34,"2.856","2021-01-04 19:00:00"
"806432",34,"2.03","2021-01-04 19:15:00"
"806423",34,"1.487","2021-07-20 00:45:00"
"806530",34,"0.16","2021-07-20 01:00:00"
"808928",34,"0.11","2021-07-20 01:15:00"
"806544",34,"2.113","2021-01-04 19:30:00"
"806599",34,"1.6880000000000002","2021-01-04 19:45:00"
"806653",34,"1.972","2021-01-04 20:00:00"
"807947",34,"1.7530000000000001","2021-06-09 01:30:00"
"808061",34,"0.55","2021-06-09 01:45:00"
"808103",34,"4.633","2021-05-01 12:00:00"
"808192",34,"4.174","2021-05-01 12:15:00"
"808202",34,"0","2021-06-09 02:00:00"
"808341",34,"0.13","2021-06-09 02:15:00"
"808451",34,"0.06","2021-06-09 02:30:00"
"808278",34,"4.282","2021-05-01 12:30:00"
"808373",34,"3.515","2021-05-01 12:45:00"
"808476",34,"4.352","2021-05-01 13:00:00"
"809043",34,"0.87","2021-07-20 01:30:00"
"809146",34,"0.63","2021-07-20 01:45:00"
"809114",34,"4.362","2021-01-04 21:30:00"
"809230",34,"3.513","2021-01-04 21:45:00"
"809337",34,"3.917","2021-01-04 22:00:00"
"809245",34,"0","2021-07-20 02:00:00"
"809354",34,"0","2021-07-20 02:15:00"
"809475",34,"0","2021-07-20 02:30:00"
"809436",34,"3.517","2021-01-04 22:15:00"
"809529",34,"3.6029999999999998","2021-01-04 22:30:00"
"810143",34,"2.091","2021-07-20 04:00:00"
"810238",34,"2.418","2021-07-20 04:15:00"
"810172",34,"1.264","2021-01-05 00:00:00"
"810289",34,"1.564","2021-01-05 00:15:00"
"810393",34,"0.67","2021-01-05 00:30:00"
"810352",34,"2.123","2021-07-20 04:30:00"
"810451",34,"2.159","2021-07-20 04:45:00"
"810578",34,"1.972","2021-07-20 05:00:00"
"810500",34,"1.865","2021-01-05 00:45:00"
"810597",34,"0.81","2021-01-05 01:00:00"
"811217",34,"0.8200000000000001","2021-06-09 04:30:00"
"811312",34,"0","2021-06-09 04:45:00"
"811420",34,"1.818","2021-06-09 05:00:00"
"811528",34,"1.139","2021-06-09 05:15:00"
"811652",34,"0","2021-06-09 05:30:00"
"811562",34,"3.582","2021-05-01 15:15:00"
"811655",34,"3.798","2021-05-01 15:30:00"
"811764",34,"3.528","2021-05-01 15:45:00"
"811882",34,"3.608","2021-05-01 16:00:00"
"811991",34,"2.602","2021-05-01 16:15:00"
"812380",34,"1.139","2021-06-09 07:15:00"
"812499",34,"1.421","2021-06-09 07:30:00"
"812607",34,"2.298","2021-06-09 07:45:00"
"812728",34,"0.86","2021-06-09 08:00:00"
"813950",34,"0.96","2021-06-09 08:15:00"
"812644",34,"2.847","2021-05-01 17:45:00"
"812739",34,"2.621","2021-05-01 18:00:00"
"812787",34,"0.37","2021-01-05 01:15:00"
"812841",34,"0.07","2021-01-05 01:30:00"
"812895",34,"0","2021-01-05 01:45:00"
"813840",34,"1.498","2021-07-20 05:45:00"
"814019",34,"0.49","2021-07-20 06:00:00"
"814219",34,"0.06","2021-07-20 06:15:00"
"814105",34,"1.7429999999999999","2021-06-09 08:30:00"
"814256",34,"1.287","2021-06-09 08:45:00"
"814236",34,"2.802","2021-05-01 19:00:00"
"814383",34,"2.782","2021-05-01 19:15:00"
"814523",34,"2.721","2021-05-01 19:30:00"
"814393",34,"0.05","2021-07-20 06:30:00"
"814542",34,"0.24","2021-07-20 06:45:00"
"814697",34,"1.2610000000000001","2021-07-20 07:00:00"
"815655",34,"0","2021-07-20 08:30:00"
"815838",34,"0","2021-07-20 08:45:00"
"815704",34,"2.234","2021-06-09 11:00:00"
"815855",34,"2.668","2021-06-09 11:15:00"
"815883",34,"2.396","2021-05-01 21:30:00"
"816038",34,"1.626","2021-05-01 21:45:00"
"816188",34,"2.299","2021-05-01 22:00:00"
"816000",34,"0.8","2021-07-20 09:00:00"
"816172",34,"2.833","2021-07-20 09:15:00"
"816316",34,"2.569","2021-07-20 09:30:00"
"817731",34,"3.5","2021-01-05 10:15:00"
"820785",34,"3.263","2021-01-05 10:30:00"
"820839",34,"2.627","2021-01-05 10:45:00"
"818024",34,"2.9450000000000003","2021-06-09 13:00:00"
"818181",34,"2.438","2021-06-09 13:15:00"
"817982",34,"0.24","2021-05-01 23:30:00"
"818132",34,"1.9540000000000002","2021-05-01 23:45:00"
"818290",34,"2.249","2021-05-02 00:00:00"
"818445",34,"1.3559999999999999","2021-05-02 00:15:00"
"818596",34,"0.35000000000000003","2021-05-02 00:30:00"
"819646",34,"1.558","2021-06-09 15:30:00"
"819807",34,"0","2021-06-09 15:45:00"
"819576",34,"0","2021-05-02 02:00:00"
"819750",34,"0","2021-05-02 02:15:00"
"819910",34,"0.06","2021-05-02 02:30:00"
"819606",34,"3.238","2021-07-20 12:45:00"
"819760",34,"3.377","2021-07-20 13:00:00"
"819924",34,"1.35","2021-07-20 13:15:00"
"819973",34,"0","2021-06-09 16:00:00"
"820114",34,"0.03","2021-06-09 16:15:00"
"820273",34,"0","2021-06-09 16:30:00"
"821001",34,"2.732","2021-01-05 11:30:00"
"821055",34,"3.416","2021-01-05 11:45:00"
"821109",34,"2.848","2021-01-05 12:00:00"
"821163",34,"3.063","2021-01-05 12:15:00"
"821217",34,"2.8529999999999998","2021-01-05 12:30:00"
"821271",34,"2.714","2021-01-05 12:45:00"
"821325",34,"2.248","2021-01-05 13:00:00"
"821379",34,"2.279","2021-01-05 13:15:00"
"821433",34,"2.262","2021-01-05 13:30:00"
"821487",34,"3.507","2021-01-05 13:45:00"
"821541",34,"2.748","2021-01-05 14:00:00"
"822836",34,"0.04","2021-06-09 20:00:00"
"822932",34,"0","2021-06-09 20:15:00"
"822885",34,"2.087","2021-07-20 17:15:00"
"822990",34,"2.468","2021-07-20 17:30:00"
"823094",34,"2.5540000000000003","2021-07-20 17:45:00"
"823053",34,"0","2021-06-09 20:30:00"
"823156",34,"0","2021-06-09 20:45:00"
"823254",34,"0","2021-06-09 21:00:00"
"823208",34,"2.412","2021-07-20 18:00:00"
"823318",34,"2.267","2021-07-20 18:15:00"
"824367",34,"2.586","2021-01-05 16:00:00"
"824453",34,"2.644","2021-01-05 16:15:00"
"824546",34,"2.208","2021-01-05 16:30:00"
"824620",34,"3.062","2021-01-05 16:45:00"
"824685",34,"2.479","2021-01-05 17:00:00"
"824739",34,"2.618","2021-01-05 17:15:00"
"824793",34,"2.469","2021-01-05 17:30:00"
"824847",34,"2.2720000000000002","2021-01-05 17:45:00"
"824910",34,"2.036","2021-01-05 18:00:00"
"825012",34,"1.962","2021-01-05 18:15:00"
"826196",34,"2.123","2021-07-20 20:30:00"
"826301",34,"2.35","2021-07-20 20:45:00"
"826409",34,"2.243","2021-07-20 21:00:00"
"826224",34,"0.99","2021-06-09 23:00:00"
"826329",34,"0","2021-06-09 23:15:00"
"826432",34,"0","2021-06-09 23:30:00"
"826537",34,"2.089","2021-07-20 21:15:00"
"826644",34,"2.306","2021-07-20 21:30:00"
"826525",34,"0","2021-06-09 23:45:00"
"826635",34,"0","2021-06-10 00:00:00"
"826750",34,"0","2021-06-10 00:15:00"
"827837",34,"0","2021-01-05 20:00:00"
"827891",34,"2.912","2021-01-05 20:15:00"
"827945",34,"3.604","2021-01-05 20:30:00"
"827999",34,"3.332","2021-01-05 20:45:00"
"828053",34,"2.931","2021-01-05 21:00:00"
"828107",34,"2.88","2021-01-05 21:15:00"
"828161",34,"2.807","2021-01-05 21:30:00"
"828215",34,"3.302","2021-01-05 21:45:00"
"828269",34,"3.254","2021-01-05 22:00:00"
"828323",34,"3.259","2021-01-05 22:15:00"
"829462",34,"1.419","2021-06-10 03:00:00"
"829603",34,"1.207","2021-06-10 03:15:00"
"829391",34,"1.96","2021-07-21 00:15:00"
"829525",34,"2.23","2021-07-21 00:30:00"
"829695",34,"1.8170000000000002","2021-07-21 00:45:00"
"829759",34,"3.833","2021-05-02 11:00:00"
"829920",34,"3.567","2021-05-02 11:15:00"
"830049",34,"2.9130000000000003","2021-05-02 11:30:00"
"829758",34,"1.304","2021-06-10 03:30:00"
"829875",34,"0.86","2021-06-10 03:45:00"
"830024",34,"0","2021-06-10 04:00:00"
"830939",34,"1.972","2021-06-10 05:30:00"
"831052",34,"1.116","2021-06-10 05:45:00"
"831151",34,"1.5390000000000001","2021-06-10 06:00:00"
"831232",34,"1.2610000000000001","2021-06-10 06:15:00"
"831307",34,"1.6099999999999999","2021-06-10 06:30:00"
"831413",34,"0","2021-07-21 03:30:00"
"831549",34,"0","2021-07-21 03:45:00"
"831603",34,"0.06","2021-07-21 04:00:00"
"831385",34,"2.684","2021-06-10 06:45:00"
"831464",34,"2.6630000000000003","2021-06-10 07:00:00"
"832787",34,"3.052","2021-06-10 07:15:00"
"832727",34,"0.1","2021-01-06 04:45:00"
"834781",34,"0.30000000000000004","2021-01-06 05:00:00"
"834835",34,"1.267","2021-01-06 05:15:00"
"832841",34,"2.415","2021-06-10 07:30:00"
"832930",34,"2.7439999999999998","2021-06-10 07:45:00"
"832984",34,"2.912","2021-05-02 13:00:00"
"833064",34,"2.735","2021-05-02 13:15:00"
"833105",34,"2.741","2021-06-10 08:00:00"
"833260",34,"2.668","2021-06-10 08:15:00"
"833413",34,"2.89","2021-06-10 08:30:00"
"834252",34,"2.329","2021-05-02 16:45:00"
"834343",34,"3.038","2021-05-02 17:00:00"
"834441",34,"2.618","2021-05-02 17:15:00"
"834489",34,"2.802","2021-06-10 10:30:00"
"834543",34,"2.915","2021-06-10 10:45:00"
"834597",34,"3.563","2021-06-10 11:00:00"
"834651",34,"3.5140000000000002","2021-06-10 11:15:00"
"834705",34,"2.271","2021-06-10 11:30:00"
"834759",34,"2.325","2021-06-10 11:45:00"
"836813",34,"2.248","2021-06-10 12:00:00"
"836867",34,"1.9060000000000001","2021-06-10 12:15:00"
"836008",34,"3.5540000000000003","2021-01-06 08:00:00"
"836095",34,"2.88","2021-01-06 08:15:00"
"836178",34,"3.271","2021-01-06 08:30:00"
"836267",34,"3.977","2021-01-06 08:45:00"
"836351",34,"4.073","2021-01-06 09:00:00"
"836293",34,"1.9140000000000001","2021-07-21 08:00:00"
"836448",34,"0.14","2021-07-21 08:15:00"
"836575",34,"0.5","2021-07-21 08:30:00"
"836436",34,"4.928","2021-01-06 09:15:00"
"836514",34,"5.149","2021-01-06 09:30:00"
"838143",34,"5.665","2021-01-06 09:45:00"
"838383",34,"5.217","2021-01-06 10:00:00"
"838577",34,"4.7620000000000005","2021-01-06 10:15:00"
"838323",34,"1.681","2021-07-21 10:00:00"
"838437",34,"1.919","2021-07-21 10:15:00"
"838549",34,"2.152","2021-07-21 10:30:00"
"838662",34,"1.896","2021-07-21 10:45:00"
"838773",34,"2.446","2021-07-21 11:00:00"
"838579",34,"0","2021-05-02 19:15:00"
"838803",34,"0","2021-05-02 19:30:00"
"839003",34,"0.13","2021-05-02 19:45:00"
"839743",34,"4.978","2021-01-06 11:45:00"
"839930",34,"4.958","2021-01-06 12:00:00"
"840072",34,"4.707","2021-01-06 12:15:00"
"840109",34,"0","2021-05-02 21:15:00"
"840247",34,"0","2021-05-02 21:30:00"
"840412",34,"0","2021-05-02 21:45:00"
"840203",34,"1.227","2021-07-21 13:45:00"
"840365",34,"0.55","2021-07-21 14:00:00"
"842305",34,"1.776","2021-07-21 14:15:00"
"840264",34,"4.752","2021-01-06 12:30:00"
"840421",34,"4.828","2021-01-06 12:45:00"
"840509",34,"4.2620000000000005","2021-01-06 13:00:00"
"841595",34,"0","2021-06-10 20:15:00"
"841649",34,"0","2021-06-10 20:30:00"
"841703",34,"0","2021-06-10 20:45:00"
"841757",34,"0","2021-06-10 21:00:00"
"842170",34,"0","2021-06-10 21:15:00"
"841379",34,"1.074","2021-06-10 19:15:00"
"841433",34,"0.14","2021-06-10 19:30:00"
"841487",34,"0","2021-06-10 19:45:00"
"841541",34,"0","2021-06-10 20:00:00"
"847156",34,"2.6870000000000003","2021-01-06 21:30:00"
"847317",34,"2.638","2021-01-06 21:45:00"
"847153",34,"0","2021-05-03 03:00:00"
"847334",34,"0.14","2021-05-03 03:15:00"
"847487",34,"1.061","2021-05-03 03:30:00"
"847562",34,"2.534","2021-07-21 19:30:00"
"847893",34,"2.548","2021-07-21 19:45:00"
"848190",34,"2.176","2021-07-21 20:00:00"
"847486",34,"2.876","2021-01-06 22:00:00"
"847643",34,"2.602","2021-01-06 22:15:00"
"847811",34,"2.768","2021-01-06 22:30:00"
"848478",34,"1.948","2021-07-21 20:15:00"
"848673",34,"1.405","2021-07-21 20:30:00"
"848339",34,"2.505","2021-01-06 23:15:00"
"848496",34,"2.283","2021-01-06 23:30:00"
"850193",34,"3.137","2021-01-06 23:45:00"
"848502",34,"0","2021-05-03 05:00:00"
"848632",34,"0","2021-05-03 05:15:00"
"848539",34,"0","2021-06-11 10:30:00"
"848719",34,"0","2021-06-11 10:45:00"
"848923",34,"0","2021-06-11 11:00:00"
"849761",34,"1.5030000000000001","2021-07-21 23:15:00"
"850600",34,"0.74","2021-07-21 23:30:00"
"850745",34,"0.01","2021-07-21 23:45:00"
"849917",34,"0","2021-06-11 11:45:00"
"849971",34,"0","2021-06-11 12:00:00"
"850025",34,"0.41000000000000003","2021-06-11 12:15:00"
"850092",34,"0.59","2021-06-11 12:30:00"
"850174",34,"0.6000000000000001","2021-06-11 12:45:00"
"850302",34,"2.9","2021-01-07 00:00:00"
"850420",34,"2.63","2021-01-07 00:15:00"
"850532",34,"2.403","2021-01-07 00:30:00"
"851520",34,"0","2021-05-03 07:30:00"
"851748",34,"0","2021-05-03 07:45:00"
"851801",34,"1.709","2021-01-07 02:15:00"
"852482",34,"0.34","2021-01-07 02:30:00"
"851749",34,"0.2","2021-06-11 15:15:00"
"852365",34,"0.5","2021-06-11 15:30:00"
"853781",34,"0.24","2021-06-11 15:45:00"
"851895",34,"1.69","2021-07-22 01:15:00"
"851961",34,"1.296","2021-07-22 01:30:00"
"852015",34,"1.5779999999999998","2021-07-22 01:45:00"
"855141",34,"0.08","2021-01-07 04:15:00"
"807251",34,"4.356","2021-05-01 10:00:00"
"807353",34,"3.933","2021-05-01 10:15:00"
"807460",34,"3.749","2021-05-01 10:30:00"
"808563",34,"1.168","2021-06-09 02:45:00"
"808674",34,"2.347","2021-06-09 03:00:00"
"808584",34,"3.996","2021-05-01 13:15:00"
"808689",34,"3.6","2021-05-01 13:30:00"
"810957",34,"4.226","2021-05-01 13:45:00"
"808739",34,"2.714","2021-06-09 03:15:00"
"810773",34,"1.9020000000000001","2021-06-09 03:30:00"
"810847",34,"0.08","2021-06-09 03:45:00"
"808897",34,"6.193","2021-01-04 21:00:00"
"809000",34,"7.425","2021-01-04 21:15:00"
"809596",34,"0","2021-07-20 02:45:00"
"809690",34,"0","2021-07-20 03:00:00"
"809639",34,"3.537","2021-01-04 22:45:00"
"809746",34,"2.626","2021-01-04 23:00:00"
"809849",34,"2.351","2021-01-04 23:15:00"
"809815",34,"1.061","2021-07-20 03:15:00"
"809916",34,"2.445","2021-07-20 03:30:00"
"810036",34,"2.41","2021-07-20 03:45:00"
"809960",34,"2.044","2021-01-04 23:30:00"
"810060",34,"0.4","2021-01-04 23:45:00"
"810689",34,"1.625","2021-07-20 05:15:00"
"810744",34,"1.704","2021-07-20 05:30:00"
"810942",34,"0.1","2021-06-09 04:00:00"
"811095",34,"1.056","2021-06-09 04:15:00"
"811033",34,"3.501","2021-05-01 14:00:00"
"811127",34,"3.863","2021-05-01 14:15:00"
"811226",34,"3.657","2021-05-01 14:30:00"
"811347",34,"3.441","2021-05-01 14:45:00"
"811455",34,"3.137","2021-05-01 15:00:00"
"811759",34,"1.312","2021-06-09 05:45:00"
"811857",34,"2.062","2021-06-09 06:00:00"
"811964",34,"1.911","2021-06-09 06:15:00"
"812066",34,"1.542","2021-06-09 06:30:00"
"812186",34,"1.935","2021-06-09 06:45:00"
"812291",34,"1.865","2021-06-09 07:00:00"
"812106",34,"3.077","2021-05-01 16:30:00"
"812203",34,"2.787","2021-05-01 16:45:00"
"812309",34,"3.19","2021-05-01 17:00:00"
"812428",34,"3.882","2021-05-01 17:15:00"
"812536",34,"3.677","2021-05-01 17:30:00"
"813489",34,"2.259","2021-01-05 04:30:00"
"813543",34,"1.978","2021-01-05 04:45:00"
"813597",34,"2.533","2021-01-05 05:00:00"
"813651",34,"2.233","2021-01-05 05:15:00"
"813705",34,"2.052","2021-01-05 05:30:00"
"813759",34,"2.034","2021-01-05 05:45:00"
"816813",34,"1.766","2021-01-05 06:00:00"
"816867",34,"1.7309999999999999","2021-01-05 06:15:00"
"813803",34,"0.49","2021-05-01 18:15:00"
"813934",34,"0.38","2021-05-01 18:30:00"
"814080",34,"2.673","2021-05-01 18:45:00"
"815070",34,"3.149","2021-05-01 20:15:00"
"815218",34,"3.203","2021-05-01 20:30:00"
"815361",34,"2.959","2021-05-01 20:45:00"
"815193",34,"0","2021-07-20 07:45:00"
"815338",34,"0","2021-07-20 08:00:00"
"815490",34,"0","2021-07-20 08:15:00"
"815213",34,"2.698","2021-06-09 10:15:00"
"815402",34,"2.79","2021-06-09 10:30:00"
"815539",34,"2.277","2021-06-09 10:45:00"
"815558",34,"3.273","2021-05-01 21:00:00"
"815721",34,"2.189","2021-05-01 21:15:00"
"816685",34,"0","2021-05-01 22:45:00"
"817829",34,"0","2021-05-01 23:00:00"
"817884",34,"0","2021-05-01 23:15:00"
"816769",34,"2.228","2021-07-20 10:15:00"
"818140",34,"1.31","2021-07-20 10:30:00"
"818288",34,"0.27","2021-07-20 10:45:00"
"816921",34,"1.737","2021-01-05 06:30:00"
"816975",34,"1.737","2021-01-05 06:45:00"
"817029",34,"2.359","2021-01-05 07:00:00"
"817083",34,"2.843","2021-01-05 07:15:00"
"817137",34,"2.444","2021-01-05 07:30:00"
"818367",34,"2.871","2021-06-09 13:30:00"
"818528",34,"2.359","2021-06-09 13:45:00"
"818674",34,"3.697","2021-06-09 14:00:00"
"818450",34,"0","2021-07-20 11:00:00"
"818636",34,"1.537","2021-07-20 11:15:00"
"818849",34,"2.8529999999999998","2021-06-09 14:15:00"
"819034",34,"2.575","2021-06-09 14:30:00"
"818784",34,"0.11","2021-05-02 00:45:00"
"818946",34,"0","2021-05-02 01:00:00"
"819100",34,"0","2021-05-02 01:15:00"
"820061",34,"0.02","2021-05-02 02:45:00"
"820193",34,"0.07","2021-05-02 03:00:00"
"820116",34,"0.12","2021-07-20 13:30:00"
"820321",34,"1.116","2021-07-20 13:45:00"
"820342",34,"0","2021-05-02 03:15:00"
"823801",34,"0","2021-05-02 03:30:00"
"823855",34,"0","2021-05-02 03:45:00"
"820443",34,"0","2021-06-09 16:45:00"
"820544",34,"0.03","2021-06-09 17:00:00"
"821595",34,"1.336","2021-01-05 14:15:00"
"821649",34,"1.376","2021-01-05 14:30:00"
"821703",34,"2.318","2021-01-05 14:45:00"
"821757",34,"0.09","2021-01-05 15:00:00"
"824082",34,"0.26","2021-01-05 15:15:00"
"821960",34,"1.124","2021-06-09 18:00:00"
"822067",34,"0.84","2021-06-09 18:15:00"
"822172",34,"2.113","2021-06-09 18:30:00"
"822134",34,"1.411","2021-07-20 15:30:00"
"822241",34,"1.786","2021-07-20 15:45:00"
"823368",34,"1.802","2021-06-09 21:15:00"
"823472",34,"2.21","2021-06-09 21:30:00"
"823429",34,"2.269","2021-07-20 18:30:00"
"823539",34,"2.176","2021-07-20 18:45:00"
"823641",34,"2.092","2021-07-20 19:00:00"
"823586",34,"2.087","2021-06-09 21:45:00"
"825790",34,"0.58","2021-06-09 22:00:00"
"825886",34,"0","2021-06-09 22:15:00"
"823713",34,"2.313","2021-07-20 19:15:00"
"823767",34,"2.013","2021-07-20 19:30:00"
"825514",34,"0","2021-01-05 19:15:00"
"825625",34,"0.13","2021-01-05 19:30:00"
"827783",34,"0","2021-01-05 19:45:00"
"825719",34,"0","2021-05-02 07:45:00"
"825773",34,"0","2021-05-02 08:00:00"
"828827",34,"0","2021-05-02 08:15:00"
"825882",34,"2.235","2021-07-20 19:45:00"
"825981",34,"1.9","2021-07-20 20:00:00"
"826092",34,"1.941","2021-07-20 20:15:00"
"826000",34,"0.31","2021-06-09 22:30:00"
"826107",34,"0.32","2021-06-09 22:45:00"
"827273",34,"0.9400000000000001","2021-07-20 23:00:00"
"827374",34,"1.972","2021-07-20 23:15:00"
"827484",34,"0.93","2021-07-20 23:30:00"
"827416",34,"0.54","2021-06-10 01:45:00"
"827524",34,"1.258","2021-06-10 02:00:00"
"827598",34,"1.924","2021-07-20 23:45:00"
"827739",34,"1.811","2021-07-21 00:00:00"
"827620",34,"1.3860000000000001","2021-06-10 02:15:00"
"827707",34,"1.387","2021-06-10 02:30:00"
"829309",34,"1.2610000000000001","2021-06-10 02:45:00"
"828377",34,"3.238","2021-01-05 22:30:00"
"828431",34,"3.386","2021-01-05 22:45:00"
"828485",34,"2.936","2021-01-05 23:00:00"
"828539",34,"2.742","2021-01-05 23:15:00"
"828593",34,"3.612","2021-01-05 23:30:00"
"828647",34,"2.951","2021-01-05 23:45:00"
"828701",34,"2.521","2021-01-06 00:00:00"
"828755",34,"1.916","2021-01-06 00:15:00"
"831809",34,"2.243","2021-01-06 00:30:00"
"831863",34,"2.454","2021-01-06 00:45:00"
"829916",34,"0.78","2021-07-21 01:00:00"
"830143",34,"0","2021-07-21 01:15:00"
"830358",34,"1.442","2021-06-10 04:15:00"
"830470",34,"2.271","2021-06-10 04:30:00"
"830371",34,"3.45","2021-05-02 11:45:00"
"830586",34,"3.206","2021-05-02 12:00:00"
"830197",34,"0","2021-07-21 01:30:00"
"830251",34,"0","2021-07-21 01:45:00"
"830305",34,"0.67","2021-07-21 02:00:00"
"831657",34,"1.417","2021-07-21 04:15:00"
"831711",34,"1.067","2021-07-21 04:30:00"
"831765",34,"0.31","2021-07-21 04:45:00"
"834915",34,"1.816","2021-07-21 05:00:00"
"835026",34,"2.092","2021-07-21 05:15:00"
"831917",34,"2.31","2021-01-06 01:00:00"
"831971",34,"2.083","2021-01-06 01:15:00"
"832025",34,"2.428","2021-01-06 01:30:00"
"832079",34,"2.093","2021-01-06 01:45:00"
"832133",34,"1.833","2021-01-06 02:00:00"
"833143",34,"2.727","2021-05-02 13:30:00"
"833226",34,"2.568","2021-05-02 13:45:00"
"833304",34,"2.527","2021-05-02 14:00:00"
"833392",34,"3.022","2021-05-02 14:15:00"
"833471",34,"2.598","2021-05-02 14:30:00"
"833586",34,"1.02","2021-06-10 08:45:00"
"833783",34,"1.58","2021-06-10 09:00:00"
"833552",34,"2.685","2021-05-02 14:45:00"
"833628",34,"2.7199999999999998","2021-05-02 15:00:00"
"833697",34,"1.843","2021-05-02 15:15:00"
"835471",34,"3.268","2021-01-06 06:45:00"
"835582",34,"2.938","2021-01-06 07:00:00"
"835682",34,"2.383","2021-01-06 07:15:00"
"835685",34,"1.615","2021-07-21 06:45:00"
"835772",34,"2.05","2021-07-21 07:00:00"
"835812",34,"2.427","2021-01-06 07:30:00"
"835901",34,"2.98","2021-01-06 07:45:00"
"835898",34,"2.305","2021-07-21 07:15:00"
"836006",34,"2.332","2021-07-21 07:30:00"
"836152",34,"2.239","2021-07-21 07:45:00"
"837191",34,"2.558","2021-06-10 13:45:00"
"837245",34,"1.248","2021-06-10 14:00:00"
"837299",34,"2.265","2021-06-10 14:15:00"
"837353",34,"1.072","2021-06-10 14:30:00"
"837407",34,"1.001","2021-06-10 14:45:00"
"837461",34,"1.589","2021-06-10 15:00:00"
"837515",34,"0","2021-06-10 15:15:00"
"837569",34,"0","2021-06-10 15:30:00"
"837623",34,"0","2021-06-10 15:45:00"
"837677",34,"0.75","2021-06-10 16:00:00"
"838770",34,"5.126","2021-01-06 10:30:00"
"838966",34,"4.779","2021-01-06 10:45:00"
"839162",34,"5.221","2021-01-06 11:00:00"
"838895",34,"2.438","2021-07-21 11:15:00"
"839010",34,"1.544","2021-07-21 11:30:00"
"839216",34,"0","2021-05-02 20:00:00"
"839402",34,"1.476","2021-05-02 20:15:00"
"839124",34,"0","2021-07-21 11:45:00"
"839238",34,"1.67","2021-07-21 12:00:00"
"839358",34,"2.004","2021-07-21 12:15:00"
"843169",34,"0.03","2021-05-02 22:00:00"
"843473",34,"0","2021-05-02 22:15:00"
"840563",34,"4.428","2021-01-06 13:15:00"
"840639",34,"4.365","2021-01-06 13:30:00"
"840762",34,"4.294","2021-01-06 13:45:00"
"840871",34,"3.699","2021-01-06 14:00:00"
"840977",34,"5.344","2021-01-06 14:15:00"
"840805",34,"1.096","2021-06-10 17:00:00"
"840912",34,"0.27","2021-06-10 17:15:00"
"841001",34,"0.56","2021-06-10 17:30:00"
"842103",34,"4.896","2021-01-06 15:45:00"
"842208",34,"5.641","2021-01-06 16:00:00"
"842290",34,"0","2021-06-10 21:30:00"
"842413",34,"0","2021-06-10 21:45:00"
"842466",34,"2.455","2021-07-21 14:30:00"
"842621",34,"1.1440000000000001","2021-07-21 14:45:00"
"842448",34,"5.371","2021-01-06 16:15:00"
"842666",34,"5.537","2021-01-06 16:30:00"
"842887",34,"5.118","2021-01-06 16:45:00"
"843195",34,"1","2021-07-21 15:45:00"
"843375",34,"1.066","2021-07-21 16:00:00"
"843442",34,"0.5","2021-06-10 23:30:00"
"843586",34,"0","2021-06-10 23:45:00"
"843559",34,"1.032","2021-07-21 16:15:00"
"843703",34,"1.477","2021-07-21 16:30:00"
"843872",34,"0.22","2021-07-21 16:45:00"
"843795",34,"0.97","2021-05-02 22:30:00"
"844093",34,"0.73","2021-05-02 22:45:00"
"844405",34,"0","2021-05-02 23:00:00"
"844381",34,"0","2021-07-21 17:30:00"
"844528",34,"0","2021-07-21 17:45:00"
"844681",34,"0","2021-07-21 18:00:00"
"844743",34,"0","2021-05-02 23:15:00"
"844999",34,"0","2021-05-02 23:30:00"
"844656",34,"4.303","2021-01-06 18:15:00"
"844936",34,"2.714","2021-01-06 18:30:00"
"845132",34,"0.01","2021-01-06 18:45:00"
"844610",34,"0.08","2021-06-11 01:15:00"
"844793",34,"0","2021-06-11 01:30:00"
"845783",34,"0","2021-06-11 01:45:00"
"845445",34,"0","2021-05-03 01:00:00"
"845499",34,"0","2021-05-03 01:15:00"
"845553",34,"0","2021-05-03 01:30:00"
"845607",34,"0","2021-05-03 01:45:00"
"845661",34,"0","2021-05-03 02:00:00"
"845715",34,"0","2021-05-03 02:15:00"
"845769",34,"0","2021-05-03 02:30:00"
"846954",34,"0","2021-05-03 02:45:00"
"845837",34,"0","2021-06-11 02:00:00"
"845891",34,"0","2021-06-11 02:15:00"
"846533",34,"2.448","2021-01-06 20:15:00"
"846615",34,"2.8","2021-01-06 20:30:00"
"846700",34,"2.094","2021-01-06 20:45:00"
"846823",34,"2.391","2021-01-06 21:00:00"
"846982",34,"2.878","2021-01-06 21:15:00"
"846739",34,"0","2021-07-21 18:45:00"
"846988",34,"0.21","2021-07-21 19:00:00"
"847263",34,"2.377","2021-07-21 19:15:00"
"847057",34,"0.48","2021-06-11 04:30:00"
"847337",34,"0.48","2021-06-11 04:45:00"
"847662",34,"0.13","2021-06-11 05:00:00"
"848769",34,"0","2021-05-03 05:30:00"
"848877",34,"0","2021-05-03 05:45:00"
"848977",34,"0","2021-05-03 06:00:00"
"848867",34,"2.072","2021-07-21 20:45:00"
"849080",34,"1.827","2021-07-21 21:00:00"
"849251",34,"0.65","2021-07-21 21:15:00"
"849809",34,"0","2021-06-11 11:15:00"
"849863",34,"0","2021-06-11 11:30:00"
"849071",34,"0","2021-05-03 06:15:00"
"849143",34,"0","2021-05-03 06:30:00"
"850280",34,"0.33","2021-06-11 13:00:00"
"850382",34,"0.75","2021-06-11 13:15:00"
"850500",34,"0.21","2021-06-11 13:30:00"
"850641",34,"0.02","2021-06-11 13:45:00"
"850723",34,"2.268","2021-01-07 00:45:00"
"850877",34,"2.129","2021-01-07 01:00:00"
"850995",34,"2.048","2021-01-07 01:15:00"
"850806",34,"0.91","2021-06-11 14:00:00"
"850985",34,"1.009","2021-06-11 14:15:00"
"851116",34,"0.96","2021-06-11 14:30:00"
"852069",34,"1.605","2021-07-22 02:00:00"
"852123",34,"1.522","2021-07-22 02:15:00"
"852177",34,"1.367","2021-07-22 02:30:00"
"852231",34,"0.68","2021-07-22 02:45:00"
"852285",34,"0","2021-07-22 03:00:00"
"852421",34,"0","2021-07-22 03:15:00"
"852575",34,"0","2021-07-22 03:30:00"
"855427",34,"0","2021-01-07 04:30:00"
"853281",34,"0","2021-05-03 09:30:00"
"853335",34,"0.32","2021-05-03 09:45:00"
"853389",34,"2.059","2021-05-03 10:00:00"
"853443",34,"1.6800000000000002","2021-05-03 10:15:00"
"853497",34,"2.273","2021-05-03 10:30:00"
"853551",34,"2.152","2021-05-03 10:45:00"
"853605",34,"2.63","2021-05-03 11:00:00"
"858690",34,"1.299","2021-01-07 08:30:00"
"858775",34,"1.5939999999999999","2021-01-07 08:45:00"
"861332",34,"1.017","2021-01-07 09:00:00"
"858793",34,"1.838","2021-05-03 16:30:00"
"858847",34,"2.615","2021-05-03 16:45:00"
"858905",34,"2.097","2021-05-03 17:00:00"
"858987",34,"1.9100000000000001","2021-05-03 17:15:00"
"859060",34,"0.91","2021-05-03 17:30:00"
"859164",34,"0.19","2021-07-22 09:00:00"
"859304",34,"1.287","2021-07-22 09:15:00"
"859826",34,"2.093","2021-06-12 01:30:00"
"859989",34,"1.8479999999999999","2021-06-12 01:45:00"
"860190",34,"1.988","2021-06-12 02:00:00"
"859882",34,"0","2021-05-03 19:30:00"
"860064",34,"0","2021-05-03 19:45:00"
"860240",34,"0","2021-05-03 20:00:00"
"859996",34,"1.699","2021-07-22 10:15:00"
"860103",34,"2.391","2021-07-22 10:30:00"
"860247",34,"2.873","2021-07-22 10:45:00"
"860345",34,"2.752","2021-07-22 11:00:00"
"860454",34,"3.52","2021-07-22 11:15:00"
"862053",34,"3.423","2021-01-07 10:30:00"
"862155",34,"3.436","2021-01-07 10:45:00"
"862252",34,"3.173","2021-01-07 11:00:00"
"862202",34,"0.27","2021-06-12 05:30:00"
"864031",34,"0.78","2021-06-12 05:45:00"
"862315",34,"3.089","2021-01-07 11:15:00"
"862369",34,"2.622","2021-01-07 11:30:00"
"862423",34,"3.042","2021-01-07 11:45:00"
"862477",34,"2.588","2021-01-07 12:00:00"
"862531",34,"3.155","2021-01-07 12:15:00"
"863683",34,"0","2021-05-04 01:15:00"
"863737",34,"0","2021-05-04 01:30:00"
"866791",34,"0","2021-05-04 01:45:00"
"863839",34,"3.797","2021-07-22 13:30:00"
"863893",34,"3.291","2021-07-22 13:45:00"
"863947",34,"3.872","2021-07-22 14:00:00"
"864020",34,"3.8449999999999998","2021-07-22 14:15:00"
"864124",34,"3.717","2021-07-22 14:30:00"
"864144",34,"0.41000000000000003","2021-06-12 06:00:00"
"864261",34,"1.008","2021-06-12 06:15:00"
"864390",34,"0.75","2021-06-12 06:30:00"
"865192",34,"4.803","2021-01-07 14:30:00"
"865369",34,"3.294","2021-01-07 14:45:00"
"865521",34,"2.215","2021-01-07 15:00:00"
"865635",34,"1.798","2021-07-22 17:15:00"
"865784",34,"2.145","2021-07-22 17:30:00"
"865651",34,"0.9500000000000001","2021-06-12 08:30:00"
"865822",34,"0.03","2021-06-12 08:45:00"
"865715",34,"0.52","2021-01-07 15:15:00"
"865877",34,"0","2021-01-07 15:30:00"
"866333",34,"1.71","2021-06-12 09:45:00"
"866442",34,"1.7469999999999999","2021-06-12 10:00:00"
"866554",34,"1.222","2021-06-12 10:15:00"
"866553",34,"0","2021-01-07 17:00:00"
"866611",34,"0.38","2021-01-07 17:15:00"
"866665",34,"0.49","2021-01-07 17:30:00"
"866719",34,"0","2021-01-07 17:45:00"
"866773",34,"0","2021-01-07 18:00:00"
"868547",34,"0","2021-01-07 18:15:00"
"866845",34,"0","2021-05-04 02:00:00"
"866899",34,"0","2021-05-04 02:15:00"
"866953",34,"0","2021-05-04 02:30:00"
"868102",34,"0.8200000000000001","2021-06-12 11:00:00"
"868230",34,"0.96","2021-06-12 11:15:00"
"868339",34,"0.8","2021-06-12 11:30:00"
"868251",34,"3.958","2021-07-22 19:00:00"
"868356",34,"4.013","2021-07-22 19:15:00"
"868486",34,"3.827","2021-07-22 19:30:00"
"868449",34,"0.8","2021-06-12 11:45:00"
"868635",34,"0.88","2021-06-12 12:00:00"
"868640",34,"3.512","2021-07-22 19:45:00"
"868793",34,"3.275","2021-07-22 20:00:00"
"869307",34,"0.76","2021-06-12 13:00:00"
"869478",34,"0","2021-06-12 13:15:00"
"869442",34,"2.829","2021-07-22 21:00:00"
"869620",34,"2.5380000000000003","2021-07-22 21:15:00"
"869495",34,"0","2021-01-07 19:45:00"
"869650",34,"0","2021-01-07 20:00:00"
"869639",34,"0.07","2021-06-12 13:30:00"
"869787",34,"0.76","2021-06-12 13:45:00"
"869935",34,"1.022","2021-06-12 14:00:00"
"870817",34,"0","2021-05-04 06:30:00"
"870871",34,"0","2021-05-04 06:45:00"
"870925",34,"0","2021-05-04 07:00:00"
"870979",34,"0.38","2021-05-04 07:15:00"
"871033",34,"0","2021-05-04 07:30:00"
"871087",34,"0","2021-05-04 07:45:00"
"871141",34,"0","2021-05-04 08:00:00"
"871195",34,"0.8","2021-05-04 08:15:00"
"871249",34,"1.566","2021-05-04 08:30:00"
"871335",34,"1.887","2021-05-04 08:45:00"
"872485",34,"2.8529999999999998","2021-07-23 01:45:00"
"872539",34,"2.947","2021-07-23 02:00:00"
"872593",34,"2.183","2021-07-23 02:15:00"
"872647",34,"1.603","2021-07-23 02:30:00"
"872701",34,"1.349","2021-07-23 02:45:00"
"872755",34,"2.027","2021-07-23 03:00:00"
"875346",34,"1.9929999999999999","2021-07-23 03:15:00"
"875453",34,"1.738","2021-07-23 03:30:00"
"872911",34,"0.02","2021-06-12 15:30:00"
"872965",34,"0","2021-06-12 15:45:00"
"873019",34,"0.28","2021-06-12 16:00:00"
"874079",34,"0.81","2021-01-08 00:45:00"
"874186",34,"0.54","2021-01-08 01:00:00"
"874300",34,"0.29","2021-01-08 01:15:00"
"874257",34,"0","2021-06-12 19:15:00"
"874373",34,"0","2021-06-12 19:30:00"
"876829",34,"0","2021-06-12 19:45:00"
"874393",34,"0","2021-01-08 01:30:00"
"874447",34,"0","2021-01-08 01:45:00"
"874501",34,"0.36","2021-01-08 02:00:00"
"874555",34,"0.56","2021-01-08 02:15:00"
"874609",34,"0","2021-01-08 02:30:00"
"875113",34,"3.087","2021-05-04 12:30:00"
"875167",34,"2.732","2021-05-04 12:45:00"
"875221",34,"2.433","2021-05-04 13:00:00"
"875275",34,"2.46","2021-05-04 13:15:00"
"875369",34,"2.125","2021-05-04 13:30:00"
"875476",34,"2.81","2021-05-04 13:45:00"
"875586",34,"3.232","2021-05-04 14:00:00"
"875702",34,"1.92","2021-05-04 14:15:00"
"875562",34,"1.783","2021-07-23 03:45:00"
"875658",34,"2.095","2021-07-23 04:00:00"
"879151",34,"1.996","2021-07-23 07:45:00"
"879270",34,"1.8050000000000002","2021-07-23 08:00:00"
"879379",34,"1.611","2021-07-23 08:15:00"
"876883",34,"0","2021-06-12 20:00:00"
"876937",34,"1.231","2021-06-12 20:15:00"
"876991",34,"0.61","2021-06-12 20:30:00"
"877045",34,"0","2021-06-12 20:45:00"
"877099",34,"0","2021-06-12 21:00:00"
"877172",34,"0","2021-06-12 21:15:00"
"877272",34,"0","2021-06-12 21:30:00"
"877363",34,"0","2021-06-12 21:45:00"
"880801",34,"0.11","2021-06-13 00:15:00"
"880855",34,"0","2021-06-13 00:30:00"
"878527",34,"0.89","2021-01-08 06:45:00"
"878581",34,"1.286","2021-01-08 07:00:00"
"878635",34,"1.187","2021-01-08 07:15:00"
"878689",34,"1.319","2021-01-08 07:30:00"
"878743",34,"1.6520000000000001","2021-01-08 07:45:00"
"878869",34,"0.39","2021-05-04 16:00:00"
"878923",34,"0.4","2021-05-04 16:15:00"
"878977",34,"0.52","2021-05-04 16:30:00"
"880294",34,"0.02","2021-05-04 20:00:00"
"882787",34,"0","2021-05-04 20:15:00"
"880245",34,"2.4050000000000002","2021-07-23 10:15:00"
"880348",34,"2.873","2021-07-23 10:30:00"
"880429",34,"2.198","2021-07-23 10:45:00"
"880483",34,"2.046","2021-07-23 11:00:00"
"880537",34,"2.604","2021-07-23 11:15:00"
"880591",34,"1.405","2021-07-23 11:30:00"
"880645",34,"3.037","2021-07-23 11:45:00"
"880699",34,"3.716","2021-07-23 12:00:00"
"881890",34,"0","2021-06-13 04:00:00"
"882005",34,"0","2021-06-13 04:15:00"
"882115",34,"0.15","2021-06-13 04:30:00"
"881909",34,"2.085","2021-01-08 09:15:00"
"882006",34,"1.078","2021-01-08 09:30:00"
"882112",34,"1.3820000000000001","2021-01-08 09:45:00"
"882211",34,"0.48","2021-06-13 04:45:00"
"884085",34,"0","2021-06-13 05:00:00"
"882229",34,"0.63","2021-01-08 10:00:00"
"882283",34,"1.375","2021-01-08 10:15:00"
"882337",34,"1.359","2021-01-08 10:30:00"
"883435",34,"1.6400000000000001","2021-05-04 23:15:00"
"883489",34,"1.5779999999999998","2021-05-04 23:30:00"
"883543",34,"2.048","2021-05-04 23:45:00"
"883597",34,"1.8439999999999999","2021-05-05 00:00:00"
"883651",34,"1.708","2021-05-05 00:15:00"
"883720",34,"1.4969999999999999","2021-05-05 00:30:00"
"883833",34,"1.424","2021-05-05 00:45:00"
"883915",34,"2.8449999999999998","2021-07-23 13:00:00"
"883969",34,"3.215","2021-07-23 13:15:00"
"885128",34,"2.239","2021-07-23 16:00:00"
"885248",34,"2.557","2021-07-23 16:15:00"
"885339",34,"2.739","2021-07-23 16:30:00"
"885274",34,"0","2021-06-13 07:45:00"
"885386",34,"0.9","2021-06-13 08:00:00"
"885476",34,"1.638","2021-06-13 08:15:00"
"885471",34,"2.358","2021-07-23 16:45:00"
"885571",34,"2.59","2021-07-23 17:00:00"
"887948",34,"1.9260000000000002","2021-07-23 17:15:00"
"885583",34,"2.053","2021-06-13 08:30:00"
"885637",34,"2.15","2021-06-13 08:45:00"
"886813",34,"1.25","2021-05-05 01:00:00"
"841833",34,"5.768","2021-01-06 14:30:00"
"841887",34,"4.615","2021-01-06 14:45:00"
"841941",34,"3.66","2021-01-06 15:00:00"
"841995",34,"4.453","2021-01-06 15:15:00"
"842049",34,"5.532","2021-01-06 15:30:00"
"842544",34,"0","2021-06-10 22:00:00"
"842685",34,"0","2021-06-10 22:15:00"
"842821",34,"0","2021-06-10 22:30:00"
"842758",34,"1.125","2021-07-21 15:00:00"
"842900",34,"0.02","2021-07-21 15:15:00"
"843024",34,"0.84","2021-07-21 15:30:00"
"842980",34,"0","2021-06-10 22:45:00"
"843106",34,"0.01","2021-06-10 23:00:00"
"843271",34,"0.04","2021-06-10 23:15:00"
"843179",34,"5.355","2021-01-06 17:00:00"
"843457",34,"3.309","2021-01-06 17:15:00"
"843766",34,"0.12","2021-06-11 00:00:00"
"843928",34,"0.04","2021-06-11 00:15:00"
"844103",34,"0","2021-06-11 00:30:00"
"843780",34,"2.337","2021-01-06 17:30:00"
"844053",34,"3.022","2021-01-06 17:45:00"
"844363",34,"4.126","2021-01-06 18:00:00"
"844045",34,"1.501","2021-07-21 17:00:00"
"844216",34,"0.79","2021-07-21 17:15:00"
"844268",34,"0.07","2021-06-11 00:45:00"
"844439",34,"0.06","2021-06-11 01:00:00"
"844884",34,"0","2021-07-21 18:15:00"
"845019",34,"0","2021-07-21 18:30:00"
"845159",34,"0","2021-05-02 23:45:00"
"845229",34,"0","2021-05-03 00:00:00"
"845283",34,"0","2021-05-03 00:15:00"
"846108",34,"3.226","2021-01-06 19:00:00"
"846195",34,"2.303","2021-01-06 19:15:00"
"845337",34,"0","2021-05-03 00:30:00"
"845391",34,"0","2021-05-03 00:45:00"
"845945",34,"0","2021-06-11 02:30:00"
"845999",34,"0","2021-06-11 02:45:00"
"846053",34,"0","2021-06-11 03:00:00"
"846169",34,"0","2021-06-11 03:15:00"
"846308",34,"0.04","2021-06-11 03:30:00"
"846287",34,"1.903","2021-01-06 19:30:00"
"846368",34,"2.013","2021-01-06 19:45:00"
"846450",34,"2.209","2021-01-06 20:00:00"
"846466",34,"0.26","2021-06-11 03:45:00"
"846623",34,"0.12","2021-06-11 04:00:00"
"846776",34,"0","2021-06-11 04:15:00"
"847674",34,"0","2021-05-03 03:45:00"
"847828",34,"0","2021-05-03 04:00:00"
"847947",34,"0","2021-06-11 10:00:00"
"848251",34,"0","2021-06-11 10:15:00"
"847968",34,"3.075","2021-01-06 22:45:00"
"848154",34,"2.598","2021-01-06 23:00:00"
"848006",34,"0","2021-05-03 04:15:00"
"848162",34,"0","2021-05-03 04:30:00"
"848322",34,"0","2021-05-03 04:45:00"
"849228",34,"0","2021-05-03 06:45:00"
"849304",34,"0","2021-05-03 07:00:00"
"851282",34,"0","2021-05-03 07:15:00"
"849383",34,"1.058","2021-07-21 21:30:00"
"849437",34,"2.248","2021-07-21 21:45:00"
"849491",34,"2.035","2021-07-21 22:00:00"
"849545",34,"1.023","2021-07-21 22:15:00"
"849599",34,"0","2021-07-21 22:30:00"
"849653",34,"0.89","2021-07-21 22:45:00"
"849707",34,"1.619","2021-07-21 23:00:00"
"850860",34,"0.06","2021-07-22 00:00:00"
"851159",34,"0","2021-07-22 00:15:00"
"851132",34,"2.092","2021-01-07 01:30:00"
"851266",34,"2.06","2021-01-07 01:45:00"
"851491",34,"1.814","2021-01-07 02:00:00"
"851401",34,"0.48","2021-06-11 14:45:00"
"851563",34,"0.35000000000000003","2021-06-11 15:00:00"
"851343",34,"0","2021-07-22 00:30:00"
"851528",34,"0","2021-07-22 00:45:00"
"851680",34,"1.794","2021-07-22 01:00:00"
"852679",34,"0","2021-01-07 02:45:00"
"852846",34,"0.54","2021-01-07 03:00:00"
"852949",34,"1.674","2021-01-07 03:15:00"
"852717",34,"0","2021-07-22 03:45:00"
"854787",34,"0","2021-07-22 04:00:00"
"854841",34,"0.14","2021-07-22 04:15:00"
"852897",34,"0","2021-05-03 08:45:00"
"853006",34,"0","2021-05-03 09:00:00"
"853227",34,"0","2021-05-03 09:15:00"
"853054",34,"1.55","2021-01-07 03:30:00"
"853133",34,"1.154","2021-01-07 03:45:00"
"853187",34,"0.38","2021-01-07 04:00:00"
"854267",34,"0","2021-06-11 18:00:00"
"854321",34,"0.01","2021-06-11 18:15:00"
"854375",34,"1.453","2021-06-11 18:30:00"
"854429",34,"1.226","2021-06-11 18:45:00"
"854483",34,"1.412","2021-06-11 19:00:00"
"854537",34,"1.388","2021-06-11 19:15:00"
"854591",34,"1.504","2021-06-11 19:30:00"
"854645",34,"1.438","2021-06-11 19:45:00"
"854699",34,"1.8519999999999999","2021-06-11 20:00:00"
"854753",34,"1.716","2021-06-11 20:15:00"
"855610",34,"0.09","2021-07-22 05:45:00"
"855847",34,"0","2021-07-22 06:00:00"
"855520",34,"3.188","2021-05-03 12:30:00"
"855685",34,"2.47","2021-05-03 12:45:00"
"855976",34,"2.856","2021-05-03 13:00:00"
"855556",34,"1.846","2021-06-11 21:00:00"
"855730",34,"1.842","2021-06-11 21:15:00"
"855857",34,"1.766","2021-06-11 21:30:00"
"855690",34,"0.18","2021-01-07 04:45:00"
"855951",34,"0.07","2021-01-07 05:00:00"
"856227",34,"0","2021-01-07 05:15:00"
"856341",34,"1.713","2021-06-11 22:15:00"
"856522",34,"1.927","2021-06-11 22:30:00"
"856731",34,"1.9609999999999999","2021-06-11 22:45:00"
"856619",34,"0.75","2021-07-22 07:00:00"
"856827",34,"1.73","2021-07-22 07:15:00"
"857009",34,"1.603","2021-07-22 07:30:00"
"856765",34,"2.424","2021-05-03 13:45:00"
"856996",34,"3.251","2021-05-03 14:00:00"
"857315",34,"2.7","2021-05-03 14:15:00"
"856934",34,"1.9500000000000002","2021-06-11 23:00:00"
"857135",34,"1.778","2021-06-11 23:15:00"
"857341",34,"2.054","2021-06-11 23:30:00"
"857609",34,"2.292","2021-01-07 06:45:00"
"857825",34,"2.738","2021-01-07 07:00:00"
"857638",34,"0","2021-07-22 08:15:00"
"857852",34,"0.15","2021-07-22 08:30:00"
"858990",34,"0","2021-07-22 08:45:00"
"858075",34,"1.97","2021-05-03 15:15:00"
"858233",34,"2.209","2021-05-03 15:30:00"
"857998",34,"1.748","2021-06-12 00:15:00"
"858144",34,"1.803","2021-06-12 00:30:00"
"858334",34,"2.029","2021-06-12 00:45:00"
"859143",34,"0.8200000000000001","2021-05-03 17:45:00"
"859233",34,"0.78","2021-05-03 18:00:00"
"859314",34,"0.22","2021-05-03 18:15:00"
"859386",34,"0.52","2021-05-03 18:30:00"
"859461",34,"0.26","2021-05-03 18:45:00"
"859497",34,"2.017","2021-07-22 09:30:00"
"859671",34,"1.464","2021-07-22 09:45:00"
"859843",34,"0.93","2021-07-22 10:00:00"
"859540",34,"0.81","2021-05-03 19:00:00"
"859723",34,"0","2021-05-03 19:15:00"
"860805",34,"3.525","2021-07-22 12:00:00"
"860923",34,"3.484","2021-07-22 12:15:00"
"861031",34,"3.705","2021-07-22 12:30:00"
"861100",34,"0.05","2021-05-03 21:00:00"
"862819",34,"0.23","2021-05-03 21:15:00"
"861122",34,"3.252","2021-07-22 12:45:00"
"861226",34,"3.233","2021-07-22 13:00:00"
"863785",34,"3.035","2021-07-22 13:15:00"
"861387",34,"1.832","2021-06-12 03:30:00"
"861481",34,"2.01","2021-06-12 03:45:00"
"862585",34,"2.922","2021-01-07 12:30:00"
"862639",34,"3.451","2021-01-07 12:45:00"
"862693",34,"3.203","2021-01-07 13:00:00"
"862747",34,"3.407","2021-01-07 13:15:00"
"864386",34,"3.716","2021-01-07 13:30:00"
"862873",34,"1.232","2021-05-03 21:30:00"
"862927",34,"1.358","2021-05-03 21:45:00"
"862981",34,"0.9400000000000001","2021-05-03 22:00:00"
"863035",34,"1.05","2021-05-03 22:15:00"
"863089",34,"1.51","2021-05-03 22:30:00"
"864222",34,"3.434","2021-07-22 14:45:00"
"864329",34,"3.388","2021-07-22 15:00:00"
"864558",34,"2.061","2021-06-12 06:45:00"
"864715",34,"1.762","2021-06-12 07:00:00"
"864547",34,"2.277","2021-01-07 13:45:00"
"864787",34,"2.827","2021-01-07 14:00:00"
"864906",34,"2.816","2021-07-22 16:00:00"
"864998",34,"3.765","2021-01-07 14:15:00"
"865052",34,"2.471","2021-07-22 16:15:00"
"865956",34,"2.374","2021-07-22 17:45:00"
"867831",34,"2.479","2021-07-22 18:00:00"
"867945",34,"2.491","2021-07-22 18:15:00"
"865997",34,"0.46","2021-06-12 09:00:00"
"866119",34,"0.78","2021-06-12 09:15:00"
"866240",34,"1.177","2021-06-12 09:30:00"
"866026",34,"0","2021-01-07 15:45:00"
"866124",34,"0","2021-01-07 16:00:00"
"866220",34,"0","2021-01-07 16:15:00"
"866342",34,"0","2021-01-07 16:30:00"
"866449",34,"0","2021-01-07 16:45:00"
"867547",34,"0","2021-05-04 05:15:00"
"867601",34,"0","2021-05-04 05:30:00"
"867655",34,"0","2021-05-04 05:45:00"
"867709",34,"0","2021-05-04 06:00:00"
"867763",34,"0","2021-05-04 06:15:00"
"867880",34,"1.611","2021-06-12 10:30:00"
"867988",34,"1.403","2021-06-12 10:45:00"
"868059",34,"2.729","2021-07-22 18:30:00"
"868145",34,"3.473","2021-07-22 18:45:00"
"869770",34,"2.618","2021-07-22 21:30:00"
"869941",34,"2.719","2021-07-22 21:45:00"
"870133",34,"2.9370000000000003","2021-07-22 22:00:00"
"869842",34,"0","2021-01-07 20:15:00"
"870004",34,"0","2021-01-07 20:30:00"
"870145",34,"0.56","2021-01-07 20:45:00"
"870088",34,"1.196","2021-06-12 14:15:00"
"870258",34,"1.06","2021-06-12 14:30:00"
"870317",34,"1.384","2021-01-07 21:00:00"
"870472",34,"1.6320000000000001","2021-01-07 21:15:00"
"871485",34,"2.435","2021-07-22 23:00:00"
"871608",34,"2.752","2021-07-22 23:15:00"
"871448",34,"1.8","2021-05-04 09:00:00"
"871544",34,"0.65","2021-05-04 09:15:00"
"871651",34,"2.637","2021-05-04 09:30:00"
"871755",34,"3.313","2021-05-04 09:45:00"
"871866",34,"2.71","2021-05-04 10:00:00"
"871721",34,"2.143","2021-07-22 23:30:00"
"871825",34,"2.283","2021-07-22 23:45:00"
"871921",34,"2.295","2021-07-23 00:00:00"
"873073",34,"0.06","2021-06-12 16:15:00"
"873127",34,"0","2021-06-12 16:30:00"
"873181",34,"0","2021-06-12 16:45:00"
"873272",34,"0","2021-06-12 17:00:00"
"873378",34,"0","2021-06-12 17:15:00"
"873235",34,"0.17","2021-01-07 22:45:00"
"873345",34,"1.123","2021-01-07 23:00:00"
"873445",34,"1.774","2021-01-07 23:15:00"
"873505",34,"0.88","2021-06-12 17:30:00"
"873613",34,"0.55","2021-06-12 17:45:00"
"874663",34,"0.14","2021-01-08 02:45:00"
"874717",34,"0","2021-01-08 03:00:00"
"874771",34,"0","2021-01-08 03:15:00"
"877223",34,"0","2021-01-08 03:30:00"
"877349",34,"0","2021-01-08 03:45:00"
"874843",34,"1.9140000000000001","2021-05-04 11:15:00"
"874897",34,"1.56","2021-05-04 11:30:00"
"874951",34,"1.5270000000000001","2021-05-04 11:45:00"
"875005",34,"1.796","2021-05-04 12:00:00"
"875059",34,"2.414","2021-05-04 12:15:00"
"876242",34,"0.6000000000000001","2021-05-04 15:30:00"
"878815",34,"0.87","2021-05-04 15:45:00"
"876403",34,"0","2021-07-23 06:00:00"
"876457",34,"0","2021-07-23 06:15:00"
"876511",34,"0","2021-07-23 06:30:00"
"876565",34,"1.47","2021-07-23 06:45:00"
"876619",34,"1.8519999999999999","2021-07-23 07:00:00"
"876673",34,"2.3","2021-07-23 07:15:00"
"876727",34,"2.642","2021-07-23 07:30:00"
"878006",34,"0","2021-06-12 23:15:00"
"878009",34,"0.07","2021-01-08 05:15:00"
"878108",34,"0","2021-01-08 05:30:00"
"878216",34,"0","2021-01-08 05:45:00"
"878333",34,"0","2021-01-08 06:00:00"
"878123",34,"0","2021-06-12 23:30:00"
"878230",34,"1.139","2021-06-12 23:45:00"
"878330",34,"1.182","2021-06-13 00:00:00"
"878419",34,"0.21","2021-01-08 06:15:00"
"878473",34,"0.5","2021-01-08 06:30:00"
"879754",34,"1.516","2021-05-04 18:45:00"
"879865",34,"1.294","2021-05-04 19:00:00"
"879704",34,"2.113","2021-07-23 09:00:00"
"879818",34,"2.105","2021-07-23 09:15:00"
"879925",34,"2.307","2021-07-23 09:30:00"
"879975",34,"1.189","2021-05-04 19:15:00"
"880085",34,"1.189","2021-05-04 19:30:00"
"880192",34,"1.029","2021-05-04 19:45:00"
"880032",34,"1.8559999999999999","2021-07-23 09:45:00"
"880138",34,"0.65","2021-07-23 10:00:00"
"881347",34,"0","2021-06-13 02:45:00"
"881466",34,"0","2021-06-13 03:00:00"
"881376",34,"1.956","2021-01-08 08:00:00"
"881465",34,"1.581","2021-01-08 08:15:00"
"881561",34,"1.9609999999999999","2021-01-08 08:30:00"
"881592",34,"0","2021-06-13 03:15:00"
"881680",34,"0","2021-06-13 03:30:00"
"881776",34,"0","2021-06-13 03:45:00"
"881683",34,"1.9","2021-01-08 08:45:00"
"881803",34,"1.6600000000000001","2021-01-08 09:00:00"
"882841",34,"0","2021-05-04 20:30:00"
"882895",34,"0","2021-05-04 20:45:00"
"882949",34,"0","2021-05-04 21:00:00"
"883003",34,"0","2021-05-04 21:15:00"
"883057",34,"0","2021-05-04 21:30:00"
"883111",34,"1.446","2021-05-04 21:45:00"
"883165",34,"1.9769999999999999","2021-05-04 22:00:00"
"883219",34,"2.316","2021-05-04 22:15:00"
"883273",34,"2.291","2021-05-04 22:30:00"
"883327",34,"2.378","2021-05-04 22:45:00"
"883381",34,"1.912","2021-05-04 23:00:00"
"884575",34,"3.175","2021-07-23 14:45:00"
"884683",34,"2.146","2021-07-23 15:00:00"
"884792",34,"2.841","2021-07-23 15:15:00"
"884743",34,"0","2021-06-13 06:30:00"
"884847",34,"0.25","2021-06-13 06:45:00"
"884953",34,"0","2021-06-13 07:00:00"
"884913",34,"2.708","2021-07-23 15:30:00"
"885011",34,"2.748","2021-07-23 15:45:00"
"885073",34,"0.14","2021-06-13 07:15:00"
"885170",34,"0","2021-06-13 07:30:00"
"886309",34,"5.136","2021-01-08 15:00:00"
"886363",34,"4.708","2021-01-08 15:15:00"
"886417",34,"4.445","2021-01-08 15:30:00"
"886471",34,"3.593","2021-01-08 15:45:00"
"886867",34,"1.6099999999999999","2021-05-05 01:15:00"
"886921",34,"1.349","2021-05-05 01:30:00"
"886975",34,"1.5939999999999999","2021-05-05 01:45:00"
"887029",34,"2.141","2021-05-05 02:00:00"
"887083",34,"2.067","2021-05-05 02:15:00"
"887137",34,"1.726","2021-05-05 02:30:00"
"887191",34,"1.927","2021-05-05 02:45:00"
"887245",34,"1.734","2021-05-05 03:00:00"
"887299",34,"1.616","2021-05-05 03:15:00"
"891805",34,"2.322","2021-07-23 21:45:00"
"891859",34,"2.281","2021-07-23 22:00:00"
"891913",34,"2.556","2021-07-23 22:15:00"
"891967",34,"2.604","2021-07-23 22:30:00"
"892021",34,"2.7039999999999997","2021-07-23 22:45:00"
"892075",34,"2.625","2021-07-23 23:00:00"
"892129",34,"2.359","2021-07-23 23:15:00"
"892183",34,"2.248","2021-07-23 23:30:00"
"892246",34,"2.22","2021-07-23 23:45:00"
"892328",34,"2.605","2021-07-24 00:00:00"
"892862",34,"2.149","2021-07-24 00:15:00"
"893533",34,"2.373","2021-06-13 17:30:00"
"893534",34,"1.3679999999999999","2021-01-08 22:45:00"
"893668",34,"0.92","2021-01-08 23:00:00"
"893811",34,"1.337","2021-01-08 23:15:00"
"893955",34,"0.22","2021-01-08 23:30:00"
"893761",34,"0.18","2021-07-24 01:45:00"
"893895",34,"1.185","2021-07-24 02:00:00"
"893762",34,"2.516","2021-06-13 17:45:00"
"893994",34,"2.815","2021-06-13 18:00:00"
"894118",34,"3.218","2021-06-13 18:15:00"
"895027",34,"1.6059999999999999","2021-05-05 11:15:00"
"895081",34,"1.113","2021-05-05 11:30:00"
"895135",34,"2.038","2021-05-05 11:45:00"
"895189",34,"2.573","2021-05-05 12:00:00"
"895243",34,"3.086","2021-05-05 12:15:00"
"895297",34,"2.859","2021-05-05 12:30:00"
"895351",34,"3.141","2021-05-05 12:45:00"
"895405",34,"3.2","2021-05-05 13:00:00"
"895459",34,"2.968","2021-05-05 13:15:00"
"895513",34,"3.093","2021-05-05 13:30:00"
"896749",34,"0","2021-07-24 06:45:00"
"899803",34,"0","2021-07-24 07:00:00"
"899857",34,"0","2021-07-24 07:15:00"
"896851",34,"3.118","2021-06-13 19:00:00"
"896978",34,"3.066","2021-06-13 19:15:00"
"897105",34,"3.638","2021-06-13 19:30:00"
"896950",34,"2.16","2021-05-05 15:00:00"
"897037",34,"2.247","2021-05-05 15:15:00"
"897131",34,"2.285","2021-05-05 15:30:00"
"897275",34,"3.688","2021-06-13 19:45:00"
"897381",34,"3.483","2021-06-13 20:00:00"
"852367",34,"0","2021-05-03 08:00:00"
"852579",34,"0","2021-05-03 08:15:00"
"852727",34,"0","2021-05-03 08:30:00"
"853659",34,"2.044","2021-05-03 11:15:00"
"853713",34,"2.854","2021-05-03 11:30:00"
"853767",34,"3.133","2021-05-03 11:45:00"
"853835",34,"0.44","2021-06-11 16:00:00"
"853889",34,"0.6000000000000001","2021-06-11 16:15:00"
"853943",34,"0.13","2021-06-11 16:30:00"
"853997",34,"0.11","2021-06-11 16:45:00"
"854051",34,"0.24","2021-06-11 17:00:00"
"854105",34,"0.96","2021-06-11 17:15:00"
"854159",34,"0.72","2021-06-11 17:30:00"
"854213",34,"0.12","2021-06-11 17:45:00"
"855201",34,"1.7610000000000001","2021-06-11 20:30:00"
"855363",34,"1.8","2021-06-11 20:45:00"
"854895",34,"0","2021-07-22 04:30:00"
"854949",34,"0","2021-07-22 04:45:00"
"855003",34,"0.05","2021-07-22 05:00:00"
"855068",34,"0","2021-07-22 05:15:00"
"855292",34,"0","2021-07-22 05:30:00"
"855175",34,"3.075","2021-05-03 12:00:00"
"855349",34,"2.65","2021-05-03 12:15:00"
"856020",34,"1.564","2021-06-11 21:45:00"
"856158",34,"1.704","2021-06-11 22:00:00"
"856094",34,"0.51","2021-07-22 06:15:00"
"856260",34,"1.435","2021-07-22 06:30:00"
"856419",34,"0","2021-07-22 06:45:00"
"856259",34,"3.042","2021-05-03 13:15:00"
"856532",34,"3.126","2021-05-03 13:30:00"
"856519",34,"1.657","2021-01-07 05:30:00"
"856741",34,"2.169","2021-01-07 05:45:00"
"856995",34,"2.2","2021-01-07 06:00:00"
"857171",34,"1.674","2021-01-07 06:15:00"
"857397",34,"2.124","2021-01-07 06:30:00"
"857210",34,"1.4809999999999999","2021-07-22 07:45:00"
"857380",34,"0.06","2021-07-22 08:00:00"
"857552",34,"1.903","2021-06-11 23:45:00"
"857762",34,"2.041","2021-06-12 00:00:00"
"857519",34,"1.941","2021-05-03 14:30:00"
"857733",34,"2.61","2021-05-03 14:45:00"
"857919",34,"2.1310000000000002","2021-05-03 15:00:00"
"858012",34,"2.409","2021-01-07 07:15:00"
"858184",34,"2.182","2021-01-07 07:30:00"
"858336",34,"1.795","2021-01-07 07:45:00"
"858391",34,"1.032","2021-05-03 15:45:00"
"858563",34,"1.9540000000000002","2021-05-03 16:00:00"
"858673",34,"2.561","2021-05-03 16:15:00"
"858516",34,"1.828","2021-06-12 01:00:00"
"859669",34,"2.03","2021-06-12 01:15:00"
"858480",34,"1.358","2021-01-07 08:00:00"
"858578",34,"0.8","2021-01-07 08:15:00"
"860395",34,"2.044","2021-06-12 02:15:00"
"860591",34,"1.742","2021-06-12 02:30:00"
"860482",34,"0","2021-05-03 20:15:00"
"860701",34,"0.15","2021-05-03 20:30:00"
"860875",34,"1.118","2021-05-03 20:45:00"
"860566",34,"3.748","2021-07-22 11:30:00"
"860675",34,"3.529","2021-07-22 11:45:00"
"860795",34,"1.99","2021-06-12 02:45:00"
"860989",34,"1.5819999999999999","2021-06-12 03:00:00"
"861244",34,"1.734","2021-06-12 03:15:00"
"861469",34,"2.515","2021-01-07 09:15:00"
"861585",34,"1.811","2021-01-07 09:30:00"
"861702",34,"2.216","2021-01-07 09:45:00"
"861577",34,"1.787","2021-06-12 04:00:00"
"861682",34,"1.691","2021-06-12 04:15:00"
"861787",34,"1.615","2021-06-12 04:30:00"
"861817",34,"3.3890000000000002","2021-01-07 10:00:00"
"861941",34,"3.463","2021-01-07 10:15:00"
"861874",34,"1.482","2021-06-12 04:45:00"
"861981",34,"1.631","2021-06-12 05:00:00"
"862087",34,"1.321","2021-06-12 05:15:00"
"863143",34,"1.5110000000000001","2021-05-03 22:45:00"
"863197",34,"1.333","2021-05-03 23:00:00"
"863251",34,"1.242","2021-05-03 23:15:00"
"863305",34,"0.93","2021-05-03 23:30:00"
"863359",34,"1.134","2021-05-03 23:45:00"
"863413",34,"1.22","2021-05-04 00:00:00"
"863467",34,"0","2021-05-04 00:15:00"
"863521",34,"0","2021-05-04 00:30:00"
"863575",34,"0","2021-05-04 00:45:00"
"863629",34,"0","2021-05-04 01:00:00"
"864490",34,"2.612","2021-07-22 15:15:00"
"864627",34,"2.798","2021-07-22 15:30:00"
"864758",34,"1.282","2021-07-22 15:45:00"
"864855",34,"1.023","2021-06-12 07:15:00"
"865001",34,"0","2021-06-12 07:30:00"
"865187",34,"2.25","2021-07-22 16:30:00"
"865345",34,"1.554","2021-07-22 16:45:00"
"865498",34,"1.084","2021-07-22 17:00:00"
"865159",34,"0","2021-06-12 07:45:00"
"865320",34,"0.45","2021-06-12 08:00:00"
"865484",34,"0.89","2021-06-12 08:15:00"
"867007",34,"0","2021-05-04 02:45:00"
"867061",34,"0","2021-05-04 03:00:00"
"867115",34,"0","2021-05-04 03:15:00"
"867169",34,"0","2021-05-04 03:30:00"
"867223",34,"0","2021-05-04 03:45:00"
"867277",34,"0","2021-05-04 04:00:00"
"867331",34,"0","2021-05-04 04:15:00"
"867385",34,"0","2021-05-04 04:30:00"
"867439",34,"0","2021-05-04 04:45:00"
"867493",34,"0","2021-05-04 05:00:00"
"868710",34,"0","2021-01-07 18:30:00"
"868862",34,"0","2021-01-07 18:45:00"
"868827",34,"0.37","2021-06-12 12:15:00"
"868983",34,"1.012","2021-06-12 12:30:00"
"869145",34,"1.111","2021-06-12 12:45:00"
"868946",34,"2.972","2021-07-22 20:15:00"
"869105",34,"2.732","2021-07-22 20:30:00"
"869283",34,"2.868","2021-07-22 20:45:00"
"869045",34,"0","2021-01-07 19:00:00"
"869189",34,"0","2021-01-07 19:15:00"
"869349",34,"0","2021-01-07 19:30:00"
"870278",34,"2.368","2021-07-22 22:15:00"
"871276",34,"1.866","2021-07-22 22:30:00"
"871380",34,"2.204","2021-07-22 22:45:00"
"870424",34,"0.63","2021-06-12 14:45:00"
"872803",34,"0.87","2021-06-12 15:00:00"
"872857",34,"0.33","2021-06-12 15:15:00"
"870529",34,"1.5510000000000002","2021-01-07 21:30:00"
"870583",34,"1.5630000000000002","2021-01-07 21:45:00"
"870637",34,"1.72","2021-01-07 22:00:00"
"870691",34,"1.627","2021-01-07 22:15:00"
"870745",34,"0.06","2021-01-07 22:30:00"
"871976",34,"2.9210000000000003","2021-05-04 10:15:00"
"872034",34,"2.154","2021-07-23 00:15:00"
"872082",34,"2.691","2021-05-04 10:30:00"
"872146",34,"2.061","2021-07-23 00:30:00"
"872252",34,"2.442","2021-07-23 00:45:00"
"872194",34,"2.502","2021-05-04 10:45:00"
"874789",34,"1.804","2021-05-04 11:00:00"
"872323",34,"3.303","2021-07-23 01:00:00"
"872377",34,"3.26","2021-07-23 01:15:00"
"872431",34,"2.963","2021-07-23 01:30:00"
"873542",34,"0.47000000000000003","2021-01-07 23:30:00"
"873650",34,"0.48","2021-01-07 23:45:00"
"873760",34,"0","2021-01-08 00:00:00"
"873706",34,"0.35000000000000003","2021-06-12 18:00:00"
"873829",34,"0","2021-06-12 18:15:00"
"873937",34,"0","2021-06-12 18:30:00"
"873866",34,"0","2021-01-08 00:15:00"
"873973",34,"0","2021-01-08 00:30:00"
"874047",34,"0","2021-06-12 18:45:00"
"874155",34,"0","2021-06-12 19:00:00"
"875781",34,"2.5460000000000003","2021-07-23 04:15:00"
"875798",34,"2.348","2021-05-04 14:30:00"
"875888",34,"2.467","2021-07-23 04:30:00"
"875993",34,"2.349","2021-07-23 04:45:00"
"876085",34,"1.774","2021-07-23 05:00:00"
"875907",34,"1.646","2021-05-04 14:45:00"
"876018",34,"1.15","2021-05-04 15:00:00"
"876141",34,"1.647","2021-05-04 15:15:00"
"876194",34,"0.61","2021-07-23 05:15:00"
"876295",34,"0.58","2021-07-23 05:30:00"
"876349",34,"0","2021-07-23 05:45:00"
"877479",34,"0","2021-06-12 22:00:00"
"877589",34,"0","2021-06-12 22:15:00"
"877456",34,"0.11","2021-01-08 04:00:00"
"877562",34,"0.88","2021-01-08 04:15:00"
"877692",34,"0","2021-06-12 22:30:00"
"877795",34,"0","2021-06-12 22:45:00"
"877883",34,"0","2021-06-12 23:00:00"
"877675",34,"1.536","2021-01-08 04:30:00"
"877788",34,"1.392","2021-01-08 04:45:00"
"877915",34,"1.126","2021-01-08 05:00:00"
"879031",34,"0.25","2021-05-04 16:45:00"
"879085",34,"1.241","2021-05-04 17:00:00"
"879139",34,"1.8130000000000002","2021-05-04 17:15:00"
"879215",34,"1.772","2021-05-04 17:30:00"
"879333",34,"2.16","2021-05-04 17:45:00"
"879440",34,"1.9849999999999999","2021-05-04 18:00:00"
"879548",34,"1.744","2021-05-04 18:15:00"
"879655",34,"1.8519999999999999","2021-05-04 18:30:00"
"879487",34,"2.3890000000000002","2021-07-23 08:30:00"
"879595",34,"2.05","2021-07-23 08:45:00"
"880753",34,"4.143","2021-07-23 12:15:00"
"883743",34,"2.758","2021-07-23 12:30:00"
"883846",34,"3.18","2021-07-23 12:45:00"
"880909",34,"0","2021-06-13 00:45:00"
"880963",34,"0.07","2021-06-13 01:00:00"
"881017",34,"1.343","2021-06-13 01:15:00"
"881071",34,"0.5700000000000001","2021-06-13 01:30:00"
"881125",34,"1.007","2021-06-13 01:45:00"
"881179",34,"0.06","2021-06-13 02:00:00"
"881233",34,"0","2021-06-13 02:15:00"
"881287",34,"0.38","2021-06-13 02:30:00"
"882391",34,"0.88","2021-01-08 10:45:00"
"882445",34,"1.629","2021-01-08 11:00:00"
"882499",34,"1.642","2021-01-08 11:15:00"
"882553",34,"2.847","2021-01-08 11:30:00"
"882607",34,"1.6480000000000001","2021-01-08 11:45:00"
"882661",34,"2.6630000000000003","2021-01-08 12:00:00"
"882715",34,"2.636","2021-01-08 12:15:00"
"882769",34,"2.961","2021-01-08 12:30:00"
"885823",34,"3.699","2021-01-08 12:45:00"
"885877",34,"4.012","2021-01-08 13:00:00"
"884057",34,"3.4","2021-07-23 13:30:00"
"884159",34,"2.9939999999999998","2021-07-23 13:45:00"
"884252",34,"3.167","2021-07-23 14:00:00"
"884199",34,"0","2021-06-13 05:15:00"
"884310",34,"0","2021-06-13 05:30:00"
"884412",34,"0","2021-06-13 05:45:00"
"884372",34,"2.125","2021-07-23 14:15:00"
"884476",34,"1.952","2021-07-23 14:30:00"
"884531",34,"0","2021-06-13 06:00:00"
"884644",34,"0","2021-06-13 06:15:00"
"885691",34,"2.076","2021-06-13 09:00:00"
"885745",34,"2.5380000000000003","2021-06-13 09:15:00"
"887799",34,"2.632","2021-06-13 09:30:00"
"885931",34,"4.549","2021-01-08 13:15:00"
"885985",34,"4.5","2021-01-08 13:30:00"
"886039",34,"4.549","2021-01-08 13:45:00"
"886093",34,"4.433","2021-01-08 14:00:00"
"886147",34,"5.153","2021-01-08 14:15:00"
"886201",34,"4.254","2021-01-08 14:30:00"
"886255",34,"4.093","2021-01-08 14:45:00"
"887353",34,"1.56","2021-05-05 03:30:00"
"887407",34,"1.883","2021-05-05 03:45:00"
"887461",34,"0.87","2021-05-05 04:00:00"
"887515",34,"0.07","2021-05-05 04:15:00"
"887569",34,"0.88","2021-05-05 04:30:00"
"887623",34,"1.436","2021-05-05 04:45:00"
"887677",34,"1.238","2021-05-05 05:00:00"
"887731",34,"0","2021-05-05 05:15:00"
"890785",34,"0","2021-05-05 05:30:00"
"890839",34,"0","2021-05-05 05:45:00"
"890893",34,"0","2021-05-05 06:00:00"
"889347",34,"2.015","2021-07-23 20:00:00"
"889522",34,"2.02","2021-07-23 20:15:00"
"889034",34,"3.308","2021-06-13 12:15:00"
"889088",34,"3.586","2021-06-13 12:30:00"
"889143",34,"4.5760000000000005","2021-06-13 12:45:00"
"889197",34,"4.481","2021-06-13 13:00:00"
"889251",34,"3.2439999999999998","2021-06-13 13:15:00"
"889305",34,"3.241","2021-06-13 13:30:00"
"889401",34,"3.213","2021-06-13 13:45:00"
"889542",34,"2.461","2021-06-13 14:00:00"
"890170",34,"3.056","2021-01-08 19:00:00"
"890227",34,"2.45","2021-01-08 19:15:00"
"890281",34,"3.107","2021-01-08 19:30:00"
"890335",34,"2.927","2021-01-08 19:45:00"
"890389",34,"2.616","2021-01-08 20:00:00"
"890443",34,"1.972","2021-01-08 20:15:00"
"890497",34,"1.899","2021-01-08 20:30:00"
"890551",34,"1.802","2021-01-08 20:45:00"
"890605",34,"2.078","2021-01-08 21:00:00"
"890659",34,"2.461","2021-01-08 21:15:00"
"891325",34,"0","2021-05-05 08:00:00"
"891379",34,"0","2021-05-05 08:15:00"
"891433",34,"0","2021-05-05 08:30:00"
"891487",34,"0.16","2021-05-05 08:45:00"
"891541",34,"0","2021-05-05 09:00:00"
"891595",34,"0","2021-05-05 09:15:00"
"891649",34,"0.07","2021-05-05 09:30:00"
"891703",34,"0.9400000000000001","2021-05-05 09:45:00"
"891757",34,"0.45","2021-05-05 10:00:00"
"894811",34,"0.8300000000000001","2021-05-05 10:15:00"
"894865",34,"1.091","2021-05-05 10:30:00"
"892965",34,"0.11","2021-07-24 00:30:00"
"893067",34,"0","2021-07-24 00:45:00"
"893007",34,"2.274","2021-06-13 16:45:00"
"893134",34,"2.525","2021-06-13 17:00:00"
"893333",34,"2.067","2021-06-13 17:15:00"
"893289",34,"1.903","2021-01-08 22:15:00"
"893418",34,"1.841","2021-01-08 22:30:00"
"893261",34,"1","2021-07-24 01:00:00"
"893452",34,"0.6000000000000001","2021-07-24 01:15:00"
"893611",34,"0","2021-07-24 01:30:00"
"894415",34,"0","2021-01-09 01:00:00"
"894469",34,"0.05","2021-01-09 01:15:00"
"894523",34,"0","2021-01-09 01:30:00"
"894577",34,"0","2021-01-09 01:45:00"
"894631",34,"0","2021-01-09 02:00:00"
"894685",34,"0","2021-01-09 02:15:00"
"898193",34,"0","2021-01-09 02:30:00"
"898419",34,"0","2021-01-09 02:45:00"
"894919",34,"1.4060000000000001","2021-05-05 10:45:00"
"894973",34,"1.09","2021-05-05 11:00:00"
"896209",34,"0","2021-07-24 04:15:00"
"896263",34,"0","2021-07-24 04:30:00"
"896317",34,"0","2021-07-24 04:45:00"
"896371",34,"0","2021-07-24 05:00:00"
"896425",34,"0.61","2021-07-24 05:15:00"
"896479",34,"0.08","2021-07-24 05:30:00"
"896533",34,"0","2021-07-24 05:45:00"
"896587",34,"0","2021-07-24 06:00:00"
"896641",34,"0","2021-07-24 06:15:00"
"896695",34,"0","2021-07-24 06:30:00"
"897925",34,"3.085","2021-06-13 21:00:00"
"898085",34,"3.067","2021-06-13 21:15:00"
"897938",34,"0.5","2021-05-05 17:45:00"
"898402",34,"1.369","2021-05-05 19:00:00"
"898516",34,"1.5510000000000002","2021-05-05 19:15:00"
"898606",34,"0","2021-01-09 03:00:00"
"898707",34,"0.5","2021-01-09 03:15:00"
"898748",34,"2.568","2021-06-13 22:15:00"
"898854",34,"2.3529999999999998","2021-06-13 22:30:00"
"898818",34,"0","2021-01-09 03:30:00"
"898926",34,"0","2021-01-09 03:45:00"
"899030",34,"0","2021-01-09 04:00:00"
"903883",34,"3","2021-07-24 12:00:00"
"903937",34,"3.331","2021-07-24 12:15:00"
"903991",34,"3.414","2021-07-24 12:30:00"
"904045",34,"3.604","2021-07-24 12:45:00"
"904099",34,"3.5700000000000003","2021-07-24 13:00:00"
"904153",34,"3.036","2021-07-24 13:15:00"
"904207",34,"2.503","2021-07-24 13:30:00"
"904261",34,"2.24","2021-07-24 13:45:00"
"904315",34,"2.351","2021-07-24 14:00:00"
"904369",34,"2.246","2021-07-24 14:15:00"
"905557",34,"0","2021-01-09 11:45:00"
"905658",34,"1.076","2021-01-09 12:00:00"
"905768",34,"0.68","2021-01-09 12:15:00"
"905682",34,"0","2021-06-14 07:45:00"
"905789",34,"0","2021-06-14 08:00:00"
"905906",34,"0.86","2021-06-14 08:15:00"
"905867",34,"0.65","2021-01-09 12:30:00"
"905970",34,"0.12","2021-01-09 12:45:00"
"906061",34,"2.044","2021-01-09 13:00:00"
"906022",34,"2.318","2021-06-14 08:30:00"
"908037",34,"2.591","2021-06-14 08:45:00"
"907211",34,"1.6880000000000002","2021-07-24 18:15:00"
"907287",34,"1.748","2021-07-24 18:30:00"
"907341",34,"2.641","2021-07-24 18:45:00"
"907220",34,"1.631","2021-01-09 16:15:00"
"907817",34,"3.313","2021-01-09 16:30:00"
"907871",34,"2.857","2021-01-09 16:45:00"
"907395",34,"2.488","2021-07-24 19:00:00"
"907449",34,"2.693","2021-07-24 19:15:00"
"907503",34,"1.968","2021-07-24 19:30:00"
"907557",34,"2.218","2021-07-24 19:45:00"
"907611",34,"2.466","2021-07-24 20:00:00"
"908210",34,"2.465","2021-06-14 09:00:00"
"908390",34,"3.305","2021-06-14 09:15:00"
"908533",34,"2.923","2021-06-14 09:30:00"
"908322",34,"3.899","2021-01-09 18:15:00"
"908401",34,"3.162","2021-01-09 18:30:00"
"908483",34,"3.008","2021-01-09 18:45:00"
"908572",34,"2.476","2021-01-09 19:00:00"
"908646",34,"2.312","2021-01-09 19:15:00"
"908702",34,"3.384","2021-06-14 09:45:00"
"908845",34,"2.838","2021-06-14 10:00:00"
"909934",34,"0.43","2021-06-14 12:15:00"
"910027",34,"0.6900000000000001","2021-06-14 12:30:00"
"910141",34,"1.156","2021-06-14 12:45:00"
"910077",34,"0.79","2021-07-24 22:45:00"
"910179",34,"0.01","2021-07-24 23:00:00"
"910285",34,"0","2021-07-24 23:15:00"
"910256",34,"1.591","2021-06-14 13:00:00"
"910463",34,"1.494","2021-06-14 13:15:00"
"910367",34,"0","2021-07-24 23:30:00"
"910433",34,"0","2021-07-24 23:45:00"
"911636",34,"2.307","2021-01-09 22:45:00"
"911715",34,"3.07","2021-01-09 23:00:00"
"911729",34,"0.21","2021-06-14 15:30:00"
"911882",34,"0.61","2021-06-14 15:45:00"
"911797",34,"3.337","2021-01-09 23:15:00"
"911881",34,"2.972","2021-01-09 23:30:00"
"911961",34,"2.196","2021-01-09 23:45:00"
"912044",34,"1.857","2021-01-10 00:00:00"
"912120",34,"2.087","2021-01-10 00:15:00"
"912204",34,"2.343","2021-01-10 00:30:00"
"913293",34,"0","2021-06-14 18:45:00"
"913404",34,"0","2021-06-14 19:00:00"
"913463",34,"1.682","2021-07-25 03:15:00"
"913564",34,"1.545","2021-07-25 03:30:00"
"913683",34,"1.3820000000000001","2021-07-25 03:45:00"
"913513",34,"0","2021-06-14 19:15:00"
"913614",34,"0.02","2021-06-14 19:30:00"
"913716",34,"0","2021-06-14 19:45:00"
"913780",34,"1.6360000000000001","2021-07-25 04:00:00"
"913872",34,"0.29","2021-07-25 04:15:00"
"914869",34,"2.307","2021-01-10 02:00:00"
"914923",34,"2.753","2021-01-10 02:15:00"
"914977",34,"4.077","2021-01-10 02:30:00"
"915031",34,"3.638","2021-01-10 02:45:00"
"915085",34,"3.493","2021-01-10 03:00:00"
"915139",34,"3.713","2021-01-10 03:15:00"
"915193",34,"2.956","2021-01-10 03:30:00"
"915247",34,"2.041","2021-01-10 03:45:00"
"915301",34,"0.2","2021-01-10 04:00:00"
"915355",34,"1.5819999999999999","2021-01-10 04:15:00"
"915987",34,"1.117","2021-07-25 07:00:00"
"916041",34,"0","2021-07-25 07:15:00"
"916095",34,"0","2021-07-25 07:30:00"
"916149",34,"0","2021-07-25 07:45:00"
"916203",34,"0","2021-07-25 08:00:00"
"916257",34,"0","2021-07-25 08:15:00"
"916311",34,"0","2021-07-25 08:30:00"
"916365",34,"0","2021-07-25 08:45:00"
"916419",34,"0","2021-07-25 09:00:00"
"916473",34,"0.08","2021-07-25 09:15:00"
"916527",34,"1.001","2021-07-25 09:30:00"
"917755",34,"1.687","2021-01-10 06:30:00"
"917842",34,"1.424","2021-01-10 06:45:00"
"917954",34,"2.333","2021-06-15 03:00:00"
"919817",34,"2.48","2021-06-15 03:15:00"
"917920",34,"1.592","2021-01-10 07:00:00"
"918001",34,"2.366","2021-01-10 07:15:00"
"918057",34,"2.888","2021-01-10 07:30:00"
"918111",34,"3.194","2021-01-10 07:45:00"
"918165",34,"3.806","2021-01-10 08:00:00"
"919229",34,"4.771","2021-07-25 12:45:00"
"919283",34,"4.142","2021-07-25 13:00:00"
"919337",34,"3.098","2021-07-25 13:15:00"
"919391",34,"3.143","2021-07-25 13:30:00"
"919445",34,"3.495","2021-07-25 13:45:00"
"919499",34,"4.007","2021-07-25 14:00:00"
"919553",34,"3.59","2021-07-25 14:15:00"
"919607",34,"3.47","2021-07-25 14:30:00"
"919661",34,"2.859","2021-07-25 14:45:00"
"919715",34,"2.887","2021-07-25 15:00:00"
"919769",34,"2.181","2021-07-25 15:15:00"
"920921",34,"1.6179999999999999","2021-01-10 11:30:00"
"920975",34,"1.003","2021-01-10 11:45:00"
"921029",34,"2.337","2021-01-10 12:00:00"
"921083",34,"1.311","2021-01-10 12:15:00"
"921137",34,"1.367","2021-01-10 12:30:00"
"921191",34,"0.81","2021-01-10 12:45:00"
"921245",34,"1.779","2021-01-10 13:00:00"
"921299",34,"1.238","2021-01-10 13:15:00"
"921353",34,"1.649","2021-01-10 13:30:00"
"921407",34,"1.776","2021-01-10 13:45:00"
"922633",34,"2.088","2021-07-25 19:15:00"
"922687",34,"1.883","2021-07-25 19:30:00"
"922741",34,"1.87","2021-07-25 19:45:00"
"924795",34,"1.673","2021-07-25 20:00:00"
"924849",34,"1.873","2021-07-25 20:15:00"
"922843",34,"0","2021-06-15 08:00:00"
"922897",34,"0","2021-06-15 08:15:00"
"922951",34,"0","2021-06-15 08:30:00"
"923005",34,"0","2021-06-15 08:45:00"
"923059",34,"0","2021-06-15 09:00:00"
"924325",34,"1.168","2021-01-10 18:00:00"
"924379",34,"0","2021-01-10 18:15:00"
"924433",34,"0","2021-01-10 18:30:00"
"924487",34,"0","2021-01-10 18:45:00"
"924541",34,"0","2021-01-10 19:00:00"
"924595",34,"0","2021-01-10 19:15:00"
"924649",34,"0","2021-01-10 19:30:00"
"924703",34,"0","2021-01-10 19:45:00"
"924757",34,"1.177","2021-01-10 20:00:00"
"926811",34,"1.443","2021-01-10 20:15:00"
"925977",34,"0.9500000000000001","2021-06-15 13:15:00"
"926031",34,"1.5899999999999999","2021-06-15 13:30:00"
"926085",34,"0.35000000000000003","2021-06-15 13:45:00"
"926139",34,"0.74","2021-06-15 14:00:00"
"926193",34,"0.66","2021-06-15 14:15:00"
"926247",34,"1.248","2021-06-15 14:30:00"
"926301",34,"0.39","2021-06-15 14:45:00"
"926355",34,"0.46","2021-06-15 15:00:00"
"926409",34,"1.8780000000000001","2021-06-15 15:15:00"
"926463",34,"2.815","2021-06-15 15:30:00"
"927567",34,"0.92","2021-01-10 23:45:00"
"927621",34,"1.286","2021-01-11 00:00:00"
"927675",34,"2.863","2021-01-11 00:15:00"
"927729",34,"3.118","2021-01-11 00:30:00"
"929721",34,"2.632","2021-01-11 00:45:00"
"927875",34,"0.37","2021-07-26 01:00:00"
"927929",34,"0","2021-07-26 01:15:00"
"927983",34,"0","2021-07-26 01:30:00"
"928037",34,"0.15","2021-07-26 01:45:00"
"928091",34,"2.331","2021-07-26 02:00:00"
"929327",34,"1.716","2021-06-15 19:30:00"
"929381",34,"1.304","2021-06-15 19:45:00"
"929435",34,"1.48","2021-06-15 20:00:00"
"929489",34,"0.32","2021-06-15 20:15:00"
"929543",34,"1.457","2021-06-15 20:30:00"
"929597",34,"2.144","2021-06-15 20:45:00"
"929651",34,"2.069","2021-06-15 21:00:00"
"929705",34,"2.282","2021-06-15 21:15:00"
"929810",34,"2.964","2021-01-11 01:00:00"
"929891",34,"2.801","2021-01-11 01:15:00"
"930377",34,"1.8900000000000001","2021-01-11 03:30:00"
"930431",34,"2.042","2021-01-11 03:45:00"
"930485",34,"2.385","2021-01-11 04:00:00"
"930539",34,"2.972","2021-01-11 04:15:00"
"930593",34,"2.363","2021-01-11 04:30:00"
"930647",34,"2.743","2021-01-11 04:45:00"
"930701",34,"2.5949999999999998","2021-01-11 05:00:00"
"930755",34,"2.156","2021-01-11 05:15:00"
"932224",34,"2.356","2021-01-11 05:30:00"
"932390",34,"2.754","2021-01-11 05:45:00"
"932041",34,"2.241","2021-06-15 23:30:00"
"886525",34,"4.767","2021-01-08 16:00:00"
"886579",34,"4.463","2021-01-08 16:15:00"
"886633",34,"3.936","2021-01-08 16:30:00"
"886687",34,"3.64","2021-01-08 16:45:00"
"886741",34,"3.819","2021-01-08 17:00:00"
"889381",34,"4.03","2021-01-08 17:15:00"
"889554",34,"4.087","2021-01-08 17:30:00"
"887883",34,"2.556","2021-06-13 09:45:00"
"887963",34,"3.341","2021-06-13 10:00:00"
"888047",34,"3.323","2021-06-13 10:15:00"
"888088",34,"1.854","2021-07-23 17:30:00"
"888165",34,"1.82","2021-07-23 17:45:00"
"888194",34,"3.275","2021-06-13 10:30:00"
"888321",34,"3.527","2021-06-13 10:45:00"
"888264",34,"2.14","2021-07-23 18:00:00"
"888345",34,"2.227","2021-07-23 18:15:00"
"888424",34,"2.9530000000000003","2021-07-23 18:30:00"
"888481",34,"4.065","2021-06-13 11:00:00"
"888637",34,"4.138","2021-06-13 11:15:00"
"888806",34,"4.409","2021-06-13 11:30:00"
"888508",34,"2.6950000000000003","2021-07-23 18:45:00"
"888588",34,"2.798","2021-07-23 19:00:00"
"888675",34,"3.355","2021-07-23 19:15:00"
"888755",34,"2.59","2021-07-23 19:30:00"
"888831",34,"2.501","2021-07-23 19:45:00"
"888926",34,"3.81","2021-06-13 11:45:00"
"888980",34,"3.4859999999999998","2021-06-13 12:00:00"
"889644",34,"4.11","2021-01-08 17:45:00"
"889744",34,"3.791","2021-01-08 18:00:00"
"889673",34,"2.2640000000000002","2021-07-23 20:30:00"
"889788",34,"2.345","2021-07-23 20:45:00"
"889895",34,"2.965","2021-07-23 21:00:00"
"889854",34,"3.9530000000000003","2021-01-08 18:15:00"
"889949",34,"3.912","2021-01-08 18:30:00"
"890067",34,"3.441","2021-01-08 18:45:00"
"890005",34,"2.644","2021-07-23 21:15:00"
"890106",34,"2.578","2021-07-23 21:30:00"
"890713",34,"1.909","2021-01-08 21:30:00"
"890767",34,"1.8519999999999999","2021-01-08 21:45:00"
"893178",34,"1.9020000000000001","2021-01-08 22:00:00"
"890947",34,"0","2021-05-05 06:15:00"
"891001",34,"0","2021-05-05 06:30:00"
"891055",34,"0.05","2021-05-05 06:45:00"
"891109",34,"0","2021-05-05 07:00:00"
"891163",34,"0","2021-05-05 07:15:00"
"891217",34,"0","2021-05-05 07:30:00"
"891271",34,"0","2021-05-05 07:45:00"
"892342",34,"3.5300000000000002","2021-06-13 14:15:00"
"892403",34,"2.916","2021-06-13 14:30:00"
"892457",34,"3.047","2021-06-13 14:45:00"
"892511",34,"3.047","2021-06-13 15:00:00"
"892565",34,"3.446","2021-06-13 15:15:00"
"892619",34,"3.7030000000000003","2021-06-13 15:30:00"
"892673",34,"3.263","2021-06-13 15:45:00"
"892727",34,"3.102","2021-06-13 16:00:00"
"892788",34,"3.5620000000000003","2021-06-13 16:15:00"
"892885",34,"2.705","2021-06-13 16:30:00"
"894093",34,"0","2021-01-08 23:45:00"
"894199",34,"0","2021-01-09 00:00:00"
"894032",34,"1.774","2021-07-24 02:15:00"
"895831",34,"0.53","2021-07-24 02:30:00"
"895885",34,"0.56","2021-07-24 02:45:00"
"894743",34,"3.3529999999999998","2021-06-13 18:30:00"
"896797",34,"3.512","2021-06-13 18:45:00"
"894253",34,"0","2021-01-09 00:15:00"
"894307",34,"0","2021-01-09 00:30:00"
"894361",34,"0","2021-01-09 00:45:00"
"895567",34,"2.977","2021-05-05 13:45:00"
"895621",34,"3.082","2021-05-05 14:00:00"
"895675",34,"2.846","2021-05-05 14:15:00"
"895729",34,"2.621","2021-05-05 14:30:00"
"896869",34,"3.266","2021-05-05 14:45:00"
"895939",34,"2.6550000000000002","2021-07-24 03:00:00"
"895993",34,"2.202","2021-07-24 03:15:00"
"896047",34,"2.484","2021-07-24 03:30:00"
"896101",34,"1.441","2021-07-24 03:45:00"
"896155",34,"0","2021-07-24 04:00:00"
"897210",34,"1.066","2021-05-05 15:45:00"
"897296",34,"0.71","2021-05-05 16:00:00"
"897406",34,"1.411","2021-05-05 16:15:00"
"897508",34,"1.899","2021-05-05 16:30:00"
"897591",34,"0.63","2021-05-05 16:45:00"
"897490",34,"3.255","2021-06-13 20:15:00"
"897639",34,"2.8449999999999998","2021-06-13 20:30:00"
"897770",34,"2.942","2021-06-13 20:45:00"
"897682",34,"0.9","2021-05-05 17:00:00"
"897772",34,"0","2021-05-05 17:15:00"
"897855",34,"0.23","2021-05-05 17:30:00"
"898961",34,"2.424","2021-06-13 22:45:00"
"899070",34,"2.8609999999999998","2021-06-13 23:00:00"
"899179",34,"3.147","2021-06-13 23:15:00"
"899141",34,"0","2021-01-09 04:15:00"
"899225",34,"0.6900000000000001","2021-01-09 04:30:00"
"899279",34,"1.041","2021-01-09 04:45:00"
"899333",34,"1.464","2021-01-09 05:00:00"
"899387",34,"1.955","2021-01-09 05:15:00"
"899441",34,"2.023","2021-01-09 05:30:00"
"899495",34,"2.016","2021-01-09 05:45:00"
"900181",34,"0","2021-07-24 08:45:00"
"900235",34,"0","2021-07-24 09:00:00"
"900289",34,"0","2021-07-24 09:15:00"
"900343",34,"0","2021-07-24 09:30:00"
"900397",34,"0.8200000000000001","2021-07-24 09:45:00"
"900451",34,"2.648","2021-07-24 10:00:00"
"900505",34,"1.921","2021-07-24 10:15:00"
"900559",34,"2.616","2021-07-24 10:30:00"
"900613",34,"2.466","2021-07-24 10:45:00"
"900667",34,"3.167","2021-07-24 11:00:00"
"901241",34,"1.013","2021-05-05 21:30:00"
"901295",34,"2.273","2021-05-05 21:45:00"
"901349",34,"2.358","2021-05-05 22:00:00"
"901403",34,"2.348","2021-05-05 22:15:00"
"901457",34,"2.268","2021-05-05 22:30:00"
"901511",34,"2.213","2021-05-05 22:45:00"
"901565",34,"2.137","2021-05-05 23:00:00"
"901619",34,"1.9729999999999999","2021-05-05 23:15:00"
"901673",34,"2.042","2021-05-05 23:30:00"
"901727",34,"1.927","2021-05-05 23:45:00"
"902297",34,"2.553","2021-06-14 01:30:00"
"902405",34,"2.496","2021-06-14 01:45:00"
"902398",34,"1.521","2021-01-09 07:30:00"
"902513",34,"1.803","2021-01-09 07:45:00"
"902506",34,"2.206","2021-06-14 02:00:00"
"902600",34,"2.623","2021-06-14 02:15:00"
"902711",34,"2.58","2021-06-14 02:30:00"
"902635",34,"2.236","2021-01-09 08:00:00"
"902741",34,"1.8820000000000001","2021-01-09 08:15:00"
"902829",34,"2.026","2021-01-09 08:30:00"
"904795",34,"2.834","2021-06-14 04:00:00"
"904849",34,"2.476","2021-06-14 04:15:00"
"903413",34,"1.796","2021-01-09 10:00:00"
"903467",34,"2.502","2021-01-09 10:15:00"
"903521",34,"2.329","2021-01-09 10:30:00"
"903575",34,"0.65","2021-01-09 10:45:00"
"903629",34,"1.342","2021-01-09 11:00:00"
"903683",34,"0.77","2021-01-09 11:15:00"
"903737",34,"1.426","2021-01-09 11:30:00"
"905065",34,"2.077","2021-06-14 05:15:00"
"905119",34,"2.214","2021-06-14 05:30:00"
"905173",34,"2.581","2021-06-14 05:45:00"
"905227",34,"2.763","2021-06-14 06:00:00"
"905281",34,"2.41","2021-06-14 06:15:00"
"905335",34,"1.2570000000000001","2021-06-14 06:30:00"
"905389",34,"0","2021-06-14 06:45:00"
"905443",34,"0","2021-06-14 07:00:00"
"905497",34,"0","2021-06-14 07:15:00"
"905566",34,"0","2021-06-14 07:30:00"
"906624",34,"2.108","2021-07-24 17:00:00"
"906734",34,"2.157","2021-07-24 17:15:00"
"906843",34,"1.722","2021-07-24 17:30:00"
"906726",34,"1.448","2021-01-09 15:00:00"
"906833",34,"0.5","2021-01-09 15:15:00"
"906912",34,"0.17","2021-01-09 15:30:00"
"906989",34,"1.148","2021-07-24 17:45:00"
"907095",34,"1.671","2021-07-24 18:00:00"
"907011",34,"0.58","2021-01-09 15:45:00"
"907119",34,"0.8","2021-01-09 16:00:00"
"908733",34,"2.056","2021-01-09 19:30:00"
"908818",34,"1.978","2021-01-09 19:45:00"
"908904",34,"1.82","2021-01-09 20:00:00"
"908992",34,"1.968","2021-01-09 20:15:00"
"909078",34,"2.27","2021-01-09 20:30:00"
"908991",34,"2.333","2021-06-14 10:15:00"
"909131",34,"2.743","2021-06-14 10:30:00"
"909245",34,"3.058","2021-06-14 10:45:00"
"909176",34,"1.974","2021-01-09 20:45:00"
"910441",34,"1.726","2021-01-09 21:00:00"
"910612",34,"1.738","2021-01-09 21:15:00"
"910596",34,"2.187","2021-06-14 13:30:00"
"910694",34,"0.5700000000000001","2021-06-14 13:45:00"
"910837",34,"0.61","2021-06-14 14:00:00"
"910609",34,"0","2021-07-25 00:00:00"
"910771",34,"0","2021-07-25 00:15:00"
"910912",34,"0","2021-07-25 00:30:00"
"910860",34,"1.04","2021-01-09 21:30:00"
"911103",34,"0","2021-01-09 21:45:00"
"910972",34,"0","2021-06-14 14:15:00"
"911115",34,"1.279","2021-06-14 14:30:00"
"912034",34,"0.55","2021-06-14 16:00:00"
"912207",34,"0.19","2021-06-14 16:15:00"
"912399",34,"1.877","2021-06-14 16:30:00"
"912280",34,"2.362","2021-01-10 00:45:00"
"912354",34,"2.178","2021-01-10 01:00:00"
"912434",34,"2.21","2021-01-10 01:15:00"
"912507",34,"2.427","2021-01-10 01:30:00"
"914815",34,"2.778","2021-01-10 01:45:00"
"912549",34,"2.218","2021-06-14 16:45:00"
"912603",34,"1.887","2021-06-14 17:00:00"
"912657",34,"2.119","2021-06-14 17:15:00"
"913852",34,"0.06","2021-06-14 20:00:00"
"913992",34,"2.062","2021-06-14 20:15:00"
"913957",34,"1.203","2021-07-25 04:30:00"
"914050",34,"1.823","2021-07-25 04:45:00"
"914150",34,"1.354","2021-07-25 05:00:00"
"914111",34,"2.036","2021-06-14 20:30:00"
"914232",34,"1.538","2021-06-14 20:45:00"
"914324",34,"0.51","2021-06-14 21:00:00"
"914248",34,"1.512","2021-07-25 05:15:00"
"914384",34,"0.29","2021-07-25 05:30:00"
"916581",34,"1.972","2021-07-25 09:45:00"
"916635",34,"0.59","2021-07-25 10:00:00"
"916689",34,"2.324","2021-07-25 10:15:00"
"916743",34,"2.874","2021-07-25 10:30:00"
"918797",34,"3.067","2021-07-25 10:45:00"
"916953",34,"1.8780000000000001","2021-06-14 23:15:00"
"917007",34,"2.03","2021-06-14 23:30:00"
"917061",34,"1.9929999999999999","2021-06-14 23:45:00"
"917115",34,"2.069","2021-06-15 00:00:00"
"917169",34,"2.338","2021-06-15 00:15:00"
"918219",34,"4.014","2021-01-10 08:15:00"
"918273",34,"3.622","2021-01-10 08:30:00"
"918327",34,"3.123","2021-01-10 08:45:00"
"918381",34,"3.213","2021-01-10 09:00:00"
"918435",34,"2.958","2021-01-10 09:15:00"
"918489",34,"2.797","2021-01-10 09:30:00"
"918543",34,"3.009","2021-01-10 09:45:00"
"918597",34,"1.508","2021-01-10 10:00:00"
"918651",34,"1.008","2021-01-10 10:15:00"
"918705",34,"1.266","2021-01-10 10:30:00"
"921823",34,"2.604","2021-07-25 15:30:00"
"921877",34,"2.294","2021-07-25 15:45:00"
"919871",34,"2.543","2021-06-15 03:30:00"
"919925",34,"2.089","2021-06-15 03:45:00"
"919979",34,"1.99","2021-06-15 04:00:00"
"920033",34,"1.08","2021-06-15 04:15:00"
"920087",34,"0","2021-06-15 04:30:00"
"920141",34,"0","2021-06-15 04:45:00"
"920195",34,"0","2021-06-15 05:00:00"
"920249",34,"0","2021-06-15 05:15:00"
"921461",34,"1.518","2021-01-10 14:00:00"
"921515",34,"2.322","2021-01-10 14:15:00"
"921569",34,"1.6840000000000002","2021-01-10 14:30:00"
"921623",34,"2.674","2021-01-10 14:45:00"
"921677",34,"2.746","2021-01-10 15:00:00"
"921731",34,"3.229","2021-01-10 15:15:00"
"923785",34,"2.646","2021-01-10 15:30:00"
"923839",34,"2.501","2021-01-10 15:45:00"
"921931",34,"2.488","2021-07-25 16:00:00"
"921985",34,"2.407","2021-07-25 16:15:00"
"922039",34,"2.287","2021-07-25 16:30:00"
"923113",34,"0","2021-06-15 09:15:00"
"923167",34,"0","2021-06-15 09:30:00"
"923221",34,"0.6000000000000001","2021-06-15 09:45:00"
"923275",34,"1.841","2021-06-15 10:00:00"
"923329",34,"1.123","2021-06-15 10:15:00"
"923383",34,"1.047","2021-06-15 10:30:00"
"923437",34,"0.26","2021-06-15 10:45:00"
"923491",34,"0.35000000000000003","2021-06-15 11:00:00"
"923545",34,"0.03","2021-06-15 11:15:00"
"923599",34,"0.13","2021-06-15 11:30:00"
"923653",34,"0","2021-06-15 11:45:00"
"924903",34,"1.5710000000000002","2021-07-25 20:30:00"
"924957",34,"1.213","2021-07-25 20:45:00"
"925011",34,"0.96","2021-07-25 21:00:00"
"925065",34,"1.706","2021-07-25 21:15:00"
"925119",34,"1.203","2021-07-25 21:30:00"
"925173",34,"0.29","2021-07-25 21:45:00"
"925227",34,"0.01","2021-07-25 22:00:00"
"925281",34,"0","2021-07-25 22:15:00"
"925335",34,"0","2021-07-25 22:30:00"
"925389",34,"0","2021-07-25 22:45:00"
"926517",34,"2.301","2021-06-15 15:45:00"
"926571",34,"2.317","2021-06-15 16:00:00"
"926625",34,"2.661","2021-06-15 16:15:00"
"926679",34,"1.998","2021-06-15 16:30:00"
"926733",34,"2.394","2021-06-15 16:45:00"
"928787",34,"2.134","2021-06-15 17:00:00"
"928841",34,"1.6019999999999999","2021-06-15 17:15:00"
"928895",34,"1.837","2021-06-15 17:30:00"
"926865",34,"0.53","2021-01-10 20:30:00"
"926919",34,"0","2021-01-10 20:45:00"
"928145",34,"1.818","2021-07-26 02:15:00"
"928199",34,"1.599","2021-07-26 02:30:00"
"928253",34,"1.186","2021-07-26 02:45:00"
"928307",34,"0","2021-07-26 03:00:00"
"928361",34,"0","2021-07-26 03:15:00"
"928415",34,"0","2021-07-26 03:30:00"
"928469",34,"0","2021-07-26 03:45:00"
"928523",34,"0.59","2021-07-26 04:00:00"
"928577",34,"1.225","2021-07-26 04:15:00"
"928631",34,"0","2021-07-26 04:30:00"
"929826",34,"2.337","2021-06-15 21:30:00"
"931484",34,"2.223","2021-06-15 21:45:00"
"931564",34,"2.222","2021-06-15 22:00:00"
"929945",34,"2.341","2021-01-11 01:30:00"
"929999",34,"2.242","2021-01-11 01:45:00"
"930053",34,"1.907","2021-01-11 02:00:00"
"930107",34,"2.315","2021-01-11 02:15:00"
"930161",34,"2.718","2021-01-11 02:30:00"
"930215",34,"3.036","2021-01-11 02:45:00"
"930269",34,"2.8280000000000003","2021-01-11 03:00:00"
"930323",34,"1.687","2021-01-11 03:15:00"
"931387",34,"1.74","2021-07-26 08:00:00"
"932125",34,"2.565","2021-06-15 23:45:00"
"932115",34,"0","2021-07-26 09:15:00"
"932330",34,"0.15","2021-07-26 09:30:00"
"932483",34,"1.189","2021-07-26 09:45:00"
"932245",34,"2.292","2021-06-16 00:00:00"
"932381",34,"1.808","2021-06-16 00:15:00"
"932552",34,"1.47","2021-06-16 00:30:00"
"932539",34,"1.65","2021-01-11 06:00:00"
"932624",34,"0.92","2021-01-11 06:15:00"
"932723",34,"0","2021-01-11 06:30:00"
"937490",34,"2.223","2021-01-11 17:30:00"
"937594",34,"1.9889999999999999","2021-01-11 17:45:00"
"937722",34,"2.501","2021-01-11 18:00:00"
"937739",34,"5.005","2021-07-26 15:00:00"
"937844",34,"1.683","2021-01-11 18:15:00"
"937952",34,"0.89","2021-01-11 18:30:00"
"938062",34,"1.428","2021-01-11 18:45:00"
"938178",34,"2.575","2021-01-11 19:00:00"
"937964",34,"4.013","2021-07-26 15:15:00"
"938162",34,"3.182","2021-07-26 15:30:00"
"938331",34,"3.2","2021-07-26 15:45:00"
"939250",34,"1.778","2021-07-26 18:00:00"
"939364",34,"1.6280000000000001","2021-07-26 18:15:00"
"939483",34,"1.376","2021-07-26 18:30:00"
"939408",34,"3.5060000000000002","2021-06-16 10:30:00"
"939510",34,"3.2560000000000002","2021-06-16 10:45:00"
"939582",34,"1.573","2021-07-26 18:45:00"
"939686",34,"1.6139999999999999","2021-07-26 19:00:00"
"940817",34,"1.658","2021-07-26 19:15:00"
"939628",34,"3.241","2021-06-16 11:00:00"
"939729",34,"2.221","2021-06-16 11:15:00"
"940904",34,"1.526","2021-06-16 11:30:00"
"940871",34,"2.148","2021-07-26 19:30:00"
"940964",34,"2.912","2021-07-26 19:45:00"
"940990",34,"0.86","2021-06-16 11:45:00"
"941067",34,"1.8940000000000001","2021-06-16 12:00:00"
"941160",34,"1.2469999999999999","2021-06-16 12:15:00"
"941110",34,"2.004","2021-07-26 20:00:00"
"898016",34,"1.287","2021-05-05 18:00:00"
"898101",34,"1.473","2021-05-05 18:15:00"
"898199",34,"1.5190000000000001","2021-05-05 18:30:00"
"898309",34,"1.287","2021-05-05 18:45:00"
"898282",34,"3.217","2021-06-13 21:30:00"
"898487",34,"3.093","2021-06-13 21:45:00"
"898633",34,"2.7880000000000003","2021-06-13 22:00:00"
"899549",34,"2.126","2021-01-09 06:00:00"
"899603",34,"2.24","2021-01-09 06:15:00"
"899657",34,"2.148","2021-01-09 06:30:00"
"899711",34,"1.228","2021-01-09 06:45:00"
"899765",34,"1.025","2021-01-09 07:00:00"
"902284",34,"1.984","2021-01-09 07:15:00"
"899911",34,"0","2021-07-24 07:30:00"
"899965",34,"0","2021-07-24 07:45:00"
"900019",34,"0","2021-07-24 08:00:00"
"900073",34,"0","2021-07-24 08:15:00"
"900127",34,"0","2021-07-24 08:30:00"
"900721",34,"3.83","2021-07-24 11:15:00"
"900775",34,"4.104","2021-07-24 11:30:00"
"903829",34,"3.5060000000000002","2021-07-24 11:45:00"
"900809",34,"1.608","2021-05-05 19:30:00"
"900863",34,"1.343","2021-05-05 19:45:00"
"900917",34,"1.286","2021-05-05 20:00:00"
"900971",34,"0.22","2021-05-05 20:15:00"
"901025",34,"0","2021-05-05 20:30:00"
"901079",34,"0","2021-05-05 20:45:00"
"901133",34,"0.03","2021-05-05 21:00:00"
"901187",34,"0","2021-05-05 21:15:00"
"901823",34,"3.7279999999999998","2021-06-13 23:30:00"
"901877",34,"3.496","2021-06-13 23:45:00"
"901931",34,"3.092","2021-06-14 00:00:00"
"901985",34,"2.898","2021-06-14 00:15:00"
"902039",34,"2.907","2021-06-14 00:30:00"
"902093",34,"2.839","2021-06-14 00:45:00"
"902147",34,"3.242","2021-06-14 01:00:00"
"902201",34,"3.091","2021-06-14 01:15:00"
"902838",34,"2.851","2021-06-14 02:45:00"
"902939",34,"2.569","2021-06-14 03:00:00"
"902945",34,"2.5","2021-01-09 08:45:00"
"903057",34,"3.4859999999999998","2021-01-09 09:00:00"
"903042",34,"2.602","2021-06-14 03:15:00"
"903148",34,"2.581","2021-06-14 03:30:00"
"903253",34,"2.696","2021-06-14 03:45:00"
"903168",34,"3.3810000000000002","2021-01-09 09:15:00"
"903277",34,"2.483","2021-01-09 09:30:00"
"903359",34,"2.298","2021-01-09 09:45:00"
"904423",34,"2.409","2021-07-24 14:30:00"
"904477",34,"2.479","2021-07-24 14:45:00"
"904531",34,"2.41","2021-07-24 15:00:00"
"904585",34,"2.648","2021-07-24 15:15:00"
"904639",34,"2.375","2021-07-24 15:30:00"
"904693",34,"2.437","2021-07-24 15:45:00"
"904747",34,"2.7030000000000003","2021-07-24 16:00:00"
"906260",34,"3.192","2021-07-24 16:15:00"
"904903",34,"2.193","2021-06-14 04:30:00"
"904957",34,"2.387","2021-06-14 04:45:00"
"905011",34,"1.992","2021-06-14 05:00:00"
"906115",34,"1.9580000000000002","2021-01-09 13:15:00"
"906169",34,"1.202","2021-01-09 13:30:00"
"906226",34,"1.491","2021-01-09 13:45:00"
"906335",34,"1.296","2021-01-09 14:00:00"
"906434",34,"2.143","2021-01-09 14:15:00"
"906370",34,"1.272","2021-07-24 16:30:00"
"906489",34,"0.79","2021-07-24 16:45:00"
"906531",34,"2.972","2021-01-09 14:30:00"
"906620",34,"2.7279999999999998","2021-01-09 14:45:00"
"907665",34,"1.998","2021-07-24 20:15:00"
"907719",34,"1.865","2021-07-24 20:30:00"
"907773",34,"1.362","2021-07-24 20:45:00"
"909352",34,"0","2021-07-24 21:00:00"
"909469",34,"2.238","2021-07-24 21:15:00"
"907929",34,"2.521","2021-01-09 17:00:00"
"908010",34,"2.817","2021-01-09 17:15:00"
"908094",34,"3.283","2021-01-09 17:30:00"
"908167",34,"2.748","2021-01-09 17:45:00"
"908247",34,"3.7039999999999997","2021-01-09 18:00:00"
"909355",34,"2.871","2021-06-14 11:00:00"
"909454",34,"2.343","2021-06-14 11:15:00"
"909560",34,"2.168","2021-06-14 11:30:00"
"909576",34,"2.274","2021-07-24 21:30:00"
"909675",34,"1.392","2021-07-24 21:45:00"
"909770",34,"1.268","2021-07-24 22:00:00"
"909681",34,"1.046","2021-06-14 11:45:00"
"909795",34,"2.187","2021-06-14 12:00:00"
"909859",34,"0.76","2021-07-24 22:15:00"
"909961",34,"1.7530000000000001","2021-07-24 22:30:00"
"911062",34,"0.75","2021-07-25 00:45:00"
"911192",34,"0","2021-07-25 01:00:00"
"911250",34,"0.11","2021-06-14 14:45:00"
"911413",34,"0.28","2021-06-14 15:00:00"
"911567",34,"0.31","2021-06-14 15:15:00"
"911350",34,"1.033","2021-01-09 22:00:00"
"911469",34,"1.833","2021-01-09 22:15:00"
"911554",34,"1.823","2021-01-09 22:30:00"
"911339",34,"0.89","2021-07-25 01:15:00"
"912799",34,"1.498","2021-07-25 01:30:00"
"912853",34,"2.24","2021-07-25 01:45:00"
"912711",34,"1.271","2021-06-14 17:30:00"
"912765",34,"1.463","2021-06-14 17:45:00"
"912922",34,"1.153","2021-07-25 02:00:00"
"913015",34,"0.11","2021-07-25 02:15:00"
"912974",34,"0.09","2021-06-14 18:00:00"
"913082",34,"0","2021-06-14 18:15:00"
"913180",34,"0","2021-06-14 18:30:00"
"913142",34,"2.095","2021-07-25 02:30:00"
"913245",34,"2.029","2021-07-25 02:45:00"
"913344",34,"1.666","2021-07-25 03:00:00"
"914415",34,"0","2021-06-14 21:15:00"
"914532",34,"0","2021-06-14 21:30:00"
"914490",34,"0","2021-07-25 05:45:00"
"914598",34,"0","2021-07-25 06:00:00"
"915825",34,"0","2021-07-25 06:15:00"
"914629",34,"0","2021-06-14 21:45:00"
"914683",34,"0","2021-06-14 22:00:00"
"914737",34,"0","2021-06-14 22:15:00"
"916791",34,"0.02","2021-06-14 22:30:00"
"916845",34,"0.6000000000000001","2021-06-14 22:45:00"
"916899",34,"2.148","2021-06-14 23:00:00"
"915409",34,"1.492","2021-01-10 04:30:00"
"915463",34,"0.98","2021-01-10 04:45:00"
"915517",34,"0.27","2021-01-10 05:00:00"
"915571",34,"2.3609999999999998","2021-01-10 05:15:00"
"915625",34,"0.6900000000000001","2021-01-10 05:30:00"
"915679",34,"0","2021-01-10 05:45:00"
"915733",34,"1.259","2021-01-10 06:00:00"
"917665",34,"1.917","2021-01-10 06:15:00"
"915879",34,"0","2021-07-25 06:30:00"
"915933",34,"0.64","2021-07-25 06:45:00"
"917223",34,"2.206","2021-06-15 00:30:00"
"917277",34,"1.478","2021-06-15 00:45:00"
"917331",34,"1.806","2021-06-15 01:00:00"
"917385",34,"2.113","2021-06-15 01:15:00"
"917439",34,"2.526","2021-06-15 01:30:00"
"917493",34,"2.455","2021-06-15 01:45:00"
"917547",34,"2.408","2021-06-15 02:00:00"
"917601",34,"2.13","2021-06-15 02:15:00"
"917656",34,"1.8090000000000002","2021-06-15 02:30:00"
"917790",34,"2.217","2021-06-15 02:45:00"
"918759",34,"1.245","2021-01-10 10:45:00"
"920763",34,"0.06","2021-01-10 11:00:00"
"920867",34,"1.552","2021-01-10 11:15:00"
"918851",34,"3.7359999999999998","2021-07-25 11:00:00"
"918905",34,"3.233","2021-07-25 11:15:00"
"918959",34,"4.151","2021-07-25 11:30:00"
"919013",34,"3.7119999999999997","2021-07-25 11:45:00"
"919067",34,"4.413","2021-07-25 12:00:00"
"919121",34,"5.18","2021-07-25 12:15:00"
"919175",34,"4.939","2021-07-25 12:30:00"
"920303",34,"1.422","2021-06-15 05:30:00"
"920357",34,"2.122","2021-06-15 05:45:00"
"920411",34,"1.892","2021-06-15 06:00:00"
"920465",34,"0.30000000000000004","2021-06-15 06:15:00"
"920519",34,"0","2021-06-15 06:30:00"
"920573",34,"0","2021-06-15 06:45:00"
"920627",34,"0","2021-06-15 07:00:00"
"920681",34,"0","2021-06-15 07:15:00"
"920773",34,"0","2021-06-15 07:30:00"
"922789",34,"0","2021-06-15 07:45:00"
"922093",34,"2.678","2021-07-25 16:45:00"
"922147",34,"2.384","2021-07-25 17:00:00"
"922201",34,"2.108","2021-07-25 17:15:00"
"922255",34,"2.257","2021-07-25 17:30:00"
"922309",34,"1.52","2021-07-25 17:45:00"
"922363",34,"1.226","2021-07-25 18:00:00"
"922417",34,"1.484","2021-07-25 18:15:00"
"922471",34,"1.553","2021-07-25 18:30:00"
"922525",34,"1.887","2021-07-25 18:45:00"
"922579",34,"1.8780000000000001","2021-07-25 19:00:00"
"923707",34,"0.28","2021-06-15 12:00:00"
"923761",34,"1.314","2021-06-15 12:15:00"
"923893",34,"3.109","2021-01-10 16:00:00"
"923947",34,"2.194","2021-01-10 16:15:00"
"924001",34,"2.956","2021-01-10 16:30:00"
"924055",34,"2.658","2021-01-10 16:45:00"
"924109",34,"2.043","2021-01-10 17:00:00"
"924163",34,"2.189","2021-01-10 17:15:00"
"924217",34,"1.54","2021-01-10 17:30:00"
"924271",34,"1.67","2021-01-10 17:45:00"
"925443",34,"0","2021-07-25 23:00:00"
"925497",34,"0","2021-07-25 23:15:00"
"925551",34,"0","2021-07-25 23:30:00"
"925605",34,"0","2021-07-25 23:45:00"
"925659",34,"0","2021-07-26 00:00:00"
"925713",34,"0","2021-07-26 00:15:00"
"925767",34,"0.55","2021-07-26 00:30:00"
"927821",34,"1.33","2021-07-26 00:45:00"
"925815",34,"0.4","2021-06-15 12:30:00"
"925869",34,"1.799","2021-06-15 12:45:00"
"925923",34,"1.826","2021-06-15 13:00:00"
"926973",34,"0","2021-01-10 21:00:00"
"927027",34,"2.169","2021-01-10 21:15:00"
"927081",34,"3.306","2021-01-10 21:30:00"
"927135",34,"3.525","2021-01-10 21:45:00"
"927189",34,"3.057","2021-01-10 22:00:00"
"927243",34,"2.385","2021-01-10 22:15:00"
"927297",34,"2.564","2021-01-10 22:30:00"
"927351",34,"1.695","2021-01-10 22:45:00"
"927405",34,"2.024","2021-01-10 23:00:00"
"927459",34,"2.882","2021-01-10 23:15:00"
"927513",34,"2.209","2021-01-10 23:30:00"
"928685",34,"0","2021-07-26 04:45:00"
"928739",34,"0","2021-07-26 05:00:00"
"930793",34,"0","2021-07-26 05:15:00"
"928949",34,"2.083","2021-06-15 17:45:00"
"929003",34,"1.714","2021-06-15 18:00:00"
"929057",34,"1.557","2021-06-15 18:15:00"
"929111",34,"0.17","2021-06-15 18:30:00"
"929165",34,"0","2021-06-15 18:45:00"
"929219",34,"0.5","2021-06-15 19:00:00"
"929273",34,"1.669","2021-06-15 19:15:00"
"930847",34,"2.058","2021-07-26 05:30:00"
"930901",34,"2.345","2021-07-26 05:45:00"
"930955",34,"2.088","2021-07-26 06:00:00"
"931009",34,"1.609","2021-07-26 06:15:00"
"931063",34,"0.8200000000000001","2021-07-26 06:30:00"
"931117",34,"1.399","2021-07-26 06:45:00"
"931171",34,"0.39","2021-07-26 07:00:00"
"931225",34,"0","2021-07-26 07:15:00"
"931279",34,"0","2021-07-26 07:30:00"
"931333",34,"1.784","2021-07-26 07:45:00"
"933819",34,"1.57","2021-07-26 10:00:00"
"933959",34,"2.492","2021-07-26 10:15:00"
"932687",34,"1.953","2021-06-16 00:45:00"
"932803",34,"2.081","2021-06-16 01:00:00"
"932822",34,"0","2021-01-11 06:45:00"
"932939",34,"0","2021-01-11 07:00:00"
"932904",34,"2.009","2021-06-16 01:15:00"
"933013",34,"1.716","2021-06-16 01:30:00"
"933119",34,"1.655","2021-06-16 01:45:00"
"933619",34,"4.087","2021-01-11 09:15:00"
"933673",34,"3.895","2021-01-11 09:30:00"
"933727",34,"4.987","2021-01-11 09:45:00"
"933832",34,"4.285","2021-01-11 10:00:00"
"934001",34,"4.148","2021-01-11 10:15:00"
"933996",34,"0","2021-06-16 02:30:00"
"934146",34,"0.21","2021-06-16 02:45:00"
"934276",34,"0.64","2021-06-16 03:00:00"
"934175",34,"3.925","2021-01-11 10:30:00"
"934361",34,"4.176","2021-01-11 10:45:00"
"934519",34,"4.221","2021-01-11 11:00:00"
"934898",34,"0.64","2021-06-16 04:00:00"
"935048",34,"1.008","2021-06-16 04:15:00"
"934958",34,"2.146","2021-07-26 11:45:00"
"935105",34,"2.773","2021-07-26 12:00:00"
"935272",34,"2.642","2021-07-26 12:15:00"
"935031",34,"2.6029999999999998","2021-01-11 11:45:00"
"935217",34,"2.433","2021-01-11 12:00:00"
"935361",34,"2.909","2021-01-11 12:15:00"
"935186",34,"3.293","2021-06-16 04:30:00"
"935366",34,"2.771","2021-06-16 04:45:00"
"935523",34,"2.895","2021-06-16 05:00:00"
"935852",34,"2.946","2021-01-11 13:00:00"
"935983",34,"2.9779999999999998","2021-01-11 13:15:00"
"936113",34,"2.028","2021-01-11 13:30:00"
"936145",34,"2.118","2021-06-16 05:45:00"
"936380",34,"2.116","2021-06-16 06:00:00"
"936556",34,"1.79","2021-06-16 06:15:00"
"936178",34,"4.121","2021-07-26 13:45:00"
"936303",34,"4.138","2021-07-26 14:00:00"
"936453",34,"3.836","2021-07-26 14:15:00"
"936251",34,"2.404","2021-01-11 13:45:00"
"936403",34,"1.9929999999999999","2021-01-11 14:00:00"
"936969",34,"1.5859999999999999","2021-01-11 15:30:00"
"937023",34,"3.385","2021-01-11 15:45:00"
"937077",34,"2.6189999999999998","2021-01-11 16:00:00"
"937131",34,"2.71","2021-01-11 16:15:00"
"937185",34,"2.451","2021-01-11 16:30:00"
"937239",34,"2.4130000000000003","2021-01-11 16:45:00"
"937293",34,"2.007","2021-01-11 17:00:00"
"937386",34,"2.134","2021-01-11 17:15:00"
"937448",34,"0","2021-06-16 07:00:00"
"937666",34,"0","2021-06-16 07:15:00"
"937851",34,"0","2021-06-16 07:30:00"
"938755",34,"2.859","2021-07-26 16:45:00"
"938857",34,"2.608","2021-07-26 17:00:00"
"938964",34,"2.856","2021-07-26 17:15:00"
"938836",34,"0.09","2021-06-16 09:15:00"
"938945",34,"0.1","2021-06-16 09:30:00"
"939053",34,"1.186","2021-07-26 17:30:00"
"939140",34,"0.52","2021-07-26 17:45:00"
"939086",34,"1.546","2021-06-16 09:45:00"
"939209",34,"1.562","2021-06-16 10:00:00"
"939298",34,"2.535","2021-06-16 10:15:00"
"940373",34,"0","2021-01-11 22:00:00"
"940427",34,"0","2021-01-11 22:15:00"
"940481",34,"0","2021-01-11 22:30:00"
"940535",34,"0","2021-01-11 22:45:00"
"940589",34,"0","2021-01-11 23:00:00"
"940643",34,"0","2021-01-11 23:15:00"
"940697",34,"0","2021-01-11 23:30:00"
"940751",34,"0","2021-01-11 23:45:00"
"942805",34,"0","2021-01-12 00:00:00"
"941277",34,"1.8780000000000001","2021-07-26 20:15:00"
"941456",34,"2.079","2021-07-26 20:30:00"
"941240",34,"1.413","2021-06-16 12:30:00"
"941317",34,"1.201","2021-06-16 12:45:00"
"946857",34,"2.6029999999999998","2021-01-12 09:30:00"
"946911",34,"2.542","2021-01-12 09:45:00"
"946965",34,"2.045","2021-01-12 10:00:00"
"947019",34,"2.968","2021-01-12 10:15:00"
"947073",34,"2.576","2021-01-12 10:30:00"
"947127",34,"2.502","2021-01-12 10:45:00"
"947182",34,"2.5380000000000003","2021-01-12 11:00:00"
"947285",34,"1.941","2021-01-12 11:15:00"
"947398",34,"1.629","2021-01-12 11:30:00"
"947540",34,"1.216","2021-01-12 11:45:00"
"948517",34,"0.14","2021-07-27 07:45:00"
"948571",34,"0","2021-07-27 08:00:00"
"948625",34,"0.47000000000000003","2021-07-27 08:15:00"
"948679",34,"0","2021-07-27 08:30:00"
"948733",34,"0","2021-07-27 08:45:00"
"949062",34,"0.73","2021-07-27 09:00:00"
"948883",34,"1.158","2021-01-12 14:15:00"
"948937",34,"0.25","2021-01-12 14:30:00"
"948991",34,"0.23","2021-01-12 14:45:00"
"949045",34,"1.361","2021-01-12 15:00:00"
"949149",34,"2.963","2021-01-12 15:15:00"
"950203",34,"4.141","2021-07-27 11:45:00"
"950314",34,"2.7720000000000002","2021-07-27 12:00:00"
"950380",34,"1.978","2021-01-12 18:00:00"
"950502",34,"0.38","2021-01-12 18:15:00"
"950801",34,"0","2021-01-12 18:30:00"
"950417",34,"2.488","2021-07-27 12:15:00"
"950517",34,"2.324","2021-07-27 12:30:00"
"950597",34,"1.086","2021-07-27 12:45:00"
"950651",34,"0.62","2021-07-27 13:00:00"
"950705",34,"0","2021-07-27 13:15:00"
"951938",34,"0.98","2021-01-12 21:15:00"
"952020",34,"0","2021-01-12 21:30:00"
"952127",34,"0","2021-01-12 21:45:00"
"952023",34,"3.787","2021-07-27 16:15:00"
"952132",34,"3.227","2021-07-27 16:30:00"
"952220",34,"4.102","2021-07-27 16:45:00"
"952258",34,"0","2021-01-12 22:00:00"
"952317",34,"4.535","2021-07-27 17:00:00"
"952404",34,"3.019","2021-07-27 17:15:00"
"952458",34,"2.33","2021-07-27 17:30:00"
"952947",34,"4.025","2021-07-27 19:00:00"
"953001",34,"3.193","2021-07-27 19:15:00"
"953056",34,"2.5300000000000002","2021-07-27 19:30:00"
"953164",34,"2.686","2021-07-27 19:45:00"
"953251",34,"2.502","2021-07-27 20:00:00"
"953275",34,"2.178","2021-01-12 23:30:00"
"953379",34,"1.833","2021-01-12 23:45:00"
"953500",34,"2.148","2021-01-13 00:00:00"
"953365",34,"2.362","2021-07-27 20:15:00"
"953452",34,"2.112","2021-07-27 20:30:00"
"953565",34,"2.023","2021-07-27 20:45:00"
"954583",34,"0.89","2021-01-13 02:45:00"
"954637",34,"2.455","2021-01-13 03:00:00"
"954691",34,"2.297","2021-01-13 03:15:00"
"954745",34,"2.192","2021-01-13 03:30:00"
"955078",34,"2.5380000000000003","2021-01-13 03:45:00"
"954919",34,"3.378","2021-07-27 23:30:00"
"954973",34,"4.601","2021-07-27 23:45:00"
"955027",34,"4.643","2021-07-28 00:00:00"
"955120",34,"5.364","2021-07-28 00:15:00"
"955212",34,"4.96","2021-07-28 00:30:00"
"956277",34,"2.032","2021-01-13 06:30:00"
"956374",34,"1.971","2021-01-13 06:45:00"
"956493",34,"1.976","2021-01-13 07:00:00"
"956416",34,"2.42","2021-07-28 03:15:00"
"956783",34,"2.432","2021-07-28 03:30:00"
"956837",34,"1.871","2021-07-28 03:45:00"
"956555",34,"2.417","2021-01-13 07:15:00"
"956609",34,"2.532","2021-01-13 07:30:00"
"956663",34,"2.476","2021-01-13 07:45:00"
"956717",34,"2.871","2021-01-13 08:00:00"
"956771",34,"3.471","2021-01-13 08:15:00"
"957431",34,"1.5510000000000002","2021-07-28 06:30:00"
"957485",34,"1.392","2021-07-28 06:45:00"
"957539",34,"1.328","2021-07-28 07:00:00"
"957593",34,"2.169","2021-07-28 07:15:00"
"957647",34,"2.175","2021-07-28 07:30:00"
"957701",34,"2.358","2021-07-28 07:45:00"
"957755",34,"2.096","2021-07-28 08:00:00"
"958809",34,"2.4","2021-07-28 08:15:00"
"957825",34,"4.43","2021-01-13 08:30:00"
"957879",34,"5.057","2021-01-13 08:45:00"
"958971",34,"2.399","2021-07-28 09:00:00"
"959025",34,"2.668","2021-07-28 09:15:00"
"959079",34,"1.5859999999999999","2021-07-28 09:30:00"
"959133",34,"2.117","2021-07-28 09:45:00"
"959187",34,"1.812","2021-07-28 10:00:00"
"959241",34,"2.289","2021-07-28 10:15:00"
"959295",34,"2.191","2021-07-28 10:30:00"
"959349",34,"2.503","2021-07-28 10:45:00"
"959403",34,"1.8719999999999999","2021-07-28 11:00:00"
"959457",34,"2.363","2021-07-28 11:15:00"
"960769",34,"5.462","2021-01-13 17:30:00"
"960823",34,"4.808","2021-01-13 17:45:00"
"960877",34,"3.868","2021-01-13 18:00:00"
"960931",34,"3.377","2021-01-13 18:15:00"
"960985",34,"3.675","2021-01-13 18:30:00"
"961039",34,"3.653","2021-01-13 18:45:00"
"961093",34,"3.549","2021-01-13 19:00:00"
"961147",34,"4.004","2021-01-13 19:15:00"
"961201",34,"3.296","2021-01-13 19:30:00"
"961255",34,"3.129","2021-01-13 19:45:00"
"962389",34,"2.959","2021-01-14 01:00:00"
"962443",34,"2.909","2021-01-14 01:15:00"
"962497",34,"2.904","2021-01-14 01:30:00"
"962551",34,"2.8280000000000003","2021-01-14 01:45:00"
"962605",34,"2.925","2021-01-14 02:00:00"
"962659",34,"3.612","2021-01-14 02:15:00"
"962713",34,"4.281","2021-01-14 02:30:00"
"962767",34,"3.934","2021-01-14 02:45:00"
"962821",34,"3.719","2021-01-14 03:00:00"
"962875",34,"3.6109999999999998","2021-01-14 03:15:00"
"964063",34,"6.054","2021-01-14 08:45:00"
"964117",34,"5.603","2021-01-14 09:00:00"
"964171",34,"5.034","2021-01-14 09:15:00"
"964225",34,"4.949","2021-01-14 09:30:00"
"964279",34,"4.269","2021-01-14 09:45:00"
"964333",34,"4.86","2021-01-14 10:00:00"
"964387",34,"5.157","2021-01-14 10:15:00"
"964441",34,"5.906","2021-01-14 10:30:00"
"964495",34,"5.618","2021-01-14 10:45:00"
"964549",34,"5.7219999999999995","2021-01-14 11:00:00"
"965737",34,"4.406","2021-01-14 16:30:00"
"965791",34,"4.41","2021-01-14 16:45:00"
"965845",34,"4.836","2021-01-14 17:00:00"
"965899",34,"4.372","2021-01-14 17:15:00"
"965953",34,"4.545","2021-01-14 17:30:00"
"966007",34,"4.542","2021-01-14 17:45:00"
"966061",34,"3.436","2021-01-14 18:00:00"
"966115",34,"3.262","2021-01-14 18:15:00"
"966169",34,"3.029","2021-01-14 18:30:00"
"966223",34,"5.451","2021-01-14 18:45:00"
"967357",34,"4.227","2021-01-15 00:00:00"
"967411",34,"3.933","2021-01-15 00:15:00"
"967465",34,"4.021","2021-01-15 00:30:00"
"967519",34,"4.057","2021-01-15 00:45:00"
"967573",34,"3.939","2021-01-15 01:00:00"
"967627",34,"3.974","2021-01-15 01:15:00"
"967681",34,"4.024","2021-01-15 01:30:00"
"967735",34,"5.132","2021-01-15 01:45:00"
"967789",34,"4.033","2021-01-15 02:00:00"
"967843",34,"2.7439999999999998","2021-01-15 02:15:00"
"969031",34,"2.854","2021-01-15 07:45:00"
"969085",34,"2.776","2021-01-15 08:00:00"
"969139",34,"2.479","2021-01-15 08:15:00"
"969193",34,"3.063","2021-01-15 08:30:00"
"969247",34,"3.203","2021-01-15 08:45:00"
"969301",34,"3.997","2021-01-15 09:00:00"
"969355",34,"3.867","2021-01-15 09:15:00"
"969409",34,"3.73","2021-01-15 09:30:00"
"969463",34,"3.8890000000000002","2021-01-15 09:45:00"
"969517",34,"3.185","2021-01-15 10:00:00"
"970705",34,"3.5540000000000003","2021-01-15 15:30:00"
"970759",34,"3.254","2021-01-15 15:45:00"
"970813",34,"4.158","2021-01-15 16:00:00"
"970867",34,"3.401","2021-01-15 16:15:00"
"970921",34,"2.98","2021-01-15 16:30:00"
"970975",34,"2.999","2021-01-15 16:45:00"
"971029",34,"3.358","2021-01-15 17:00:00"
"971083",34,"3.477","2021-01-15 17:15:00"
"971137",34,"4.408","2021-01-15 17:30:00"
"971191",34,"4.113","2021-01-15 17:45:00"
"972325",34,"2.142","2021-01-15 23:00:00"
"972379",34,"3.088","2021-01-15 23:15:00"
"972433",34,"3.326","2021-01-15 23:30:00"
"972487",34,"3.255","2021-01-15 23:45:00"
"972541",34,"3.42","2021-01-16 00:00:00"
"972595",34,"3.722","2021-01-16 00:15:00"
"972649",34,"3.319","2021-01-16 00:30:00"
"972703",34,"2.607","2021-01-16 00:45:00"
"972757",34,"2.591","2021-01-16 01:00:00"
"972811",34,"2.488","2021-01-16 01:15:00"
"973999",34,"3.883","2021-01-16 06:45:00"
"974053",34,"2.991","2021-01-16 07:00:00"
"974107",34,"3.079","2021-01-16 07:15:00"
"974161",34,"3.297","2021-01-16 07:30:00"
"974215",34,"3.525","2021-01-16 07:45:00"
"974269",34,"3.152","2021-01-16 08:00:00"
"974323",34,"2.495","2021-01-16 08:15:00"
"974377",34,"3.033","2021-01-16 08:30:00"
"974431",34,"4.467","2021-01-16 08:45:00"
"974485",34,"4.219","2021-01-16 09:00:00"
"975673",34,"3.3970000000000002","2021-01-16 14:30:00"
"975727",34,"3.515","2021-01-16 14:45:00"
"975781",34,"2.872","2021-01-16 15:00:00"
"975835",34,"2.496","2021-01-16 15:15:00"
"975889",34,"2.572","2021-01-16 15:30:00"
"975943",34,"2.673","2021-01-16 15:45:00"
"975997",34,"2.173","2021-01-16 16:00:00"
"976051",34,"2.642","2021-01-16 16:15:00"
"976105",34,"2.556","2021-01-16 16:30:00"
"976159",34,"0.79","2021-01-16 16:45:00"
"976753",34,"2.933","2021-01-16 19:30:00"
"976807",34,"2.087","2021-01-16 19:45:00"
"976861",34,"2.119","2021-01-16 20:00:00"
"976915",34,"1.784","2021-01-16 20:15:00"
"976969",34,"1.6760000000000002","2021-01-16 20:30:00"
"931454",34,"1.3519999999999999","2021-07-26 08:15:00"
"931612",34,"0","2021-07-26 08:30:00"
"931643",34,"2.136","2021-06-15 22:15:00"
"931728",34,"2.307","2021-06-15 22:30:00"
"931775",34,"0","2021-07-26 08:45:00"
"931941",34,"0","2021-07-26 09:00:00"
"931811",34,"2.339","2021-06-15 22:45:00"
"931890",34,"2.2800000000000002","2021-06-15 23:00:00"
"931968",34,"2.18","2021-06-15 23:15:00"
"933051",34,"1.056","2021-01-11 07:15:00"
"933157",34,"2.156","2021-01-11 07:30:00"
"933257",34,"2.067","2021-01-11 07:45:00"
"933234",34,"0.04","2021-06-16 02:00:00"
"933851",34,"0.5","2021-06-16 02:15:00"
"933349",34,"2.478","2021-01-11 08:00:00"
"933403",34,"2.347","2021-01-11 08:15:00"
"933457",34,"4.444","2021-01-11 08:30:00"
"933511",34,"4.146","2021-01-11 08:45:00"
"933565",34,"4.11","2021-01-11 09:00:00"
"934124",34,"2.054","2021-07-26 10:30:00"
"934277",34,"2.147","2021-07-26 10:45:00"
"934457",34,"2.62","2021-07-26 11:00:00"
"934434",34,"1.275","2021-06-16 03:15:00"
"934587",34,"0.64","2021-06-16 03:30:00"
"934734",34,"1.213","2021-06-16 03:45:00"
"934621",34,"2.348","2021-07-26 11:15:00"
"934785",34,"2.229","2021-07-26 11:30:00"
"934703",34,"3.012","2021-01-11 11:15:00"
"934867",34,"3.442","2021-01-11 11:30:00"
"935438",34,"2.998","2021-07-26 12:30:00"
"935582",34,"3.74","2021-07-26 12:45:00"
"935533",34,"2.8890000000000002","2021-01-11 12:30:00"
"935695",34,"2.289","2021-01-11 12:45:00"
"935705",34,"3.039","2021-06-16 05:15:00"
"935896",34,"2.252","2021-06-16 05:30:00"
"935747",34,"2.938","2021-07-26 13:00:00"
"935889",34,"3.079","2021-07-26 13:15:00"
"936044",34,"3.759","2021-07-26 13:30:00"
"937337",34,"3.858","2021-07-26 14:30:00"
"937547",34,"4.562","2021-07-26 14:45:00"
"936557",34,"2.114","2021-01-11 14:15:00"
"936682",34,"2.29","2021-01-11 14:30:00"
"936807",34,"1.9689999999999999","2021-01-11 14:45:00"
"936669",34,"0.29","2021-06-16 06:30:00"
"936757",34,"0.02","2021-06-16 06:45:00"
"936861",34,"2.199","2021-01-11 15:00:00"
"936915",34,"2.019","2021-01-11 15:15:00"
"938060",34,"0","2021-06-16 07:45:00"
"938265",34,"0","2021-06-16 08:00:00"
"938299",34,"3.004","2021-01-11 19:15:00"
"938383",34,"0","2021-06-16 08:15:00"
"938439",34,"3.5060000000000002","2021-07-26 16:00:00"
"938544",34,"3.2439999999999998","2021-07-26 16:15:00"
"938651",34,"3.337","2021-07-26 16:30:00"
"938503",34,"0","2021-06-16 08:30:00"
"938611",34,"0","2021-06-16 08:45:00"
"938720",34,"0.30000000000000004","2021-06-16 09:00:00"
"939833",34,"2.766","2021-01-11 19:30:00"
"939887",34,"2.32","2021-01-11 19:45:00"
"939941",34,"1.254","2021-01-11 20:00:00"
"939995",34,"1.557","2021-01-11 20:15:00"
"940049",34,"1.529","2021-01-11 20:30:00"
"940103",34,"1.317","2021-01-11 20:45:00"
"940157",34,"0","2021-01-11 21:00:00"
"940211",34,"0","2021-01-11 21:15:00"
"940265",34,"0","2021-01-11 21:30:00"
"940319",34,"0","2021-01-11 21:45:00"
"941397",34,"0.87","2021-06-16 13:00:00"
"941473",34,"1.254","2021-06-16 13:15:00"
"941553",34,"1.331","2021-06-16 13:30:00"
"941604",34,"1.482","2021-07-26 20:45:00"
"941796",34,"0.8","2021-07-26 21:00:00"
"941646",34,"0.61","2021-06-16 13:45:00"
"941712",34,"1.52","2021-06-16 14:00:00"
"941790",34,"1.444","2021-06-16 14:15:00"
"941861",34,"0.88","2021-06-16 14:30:00"
"941937",34,"0.34","2021-06-16 14:45:00"
"943075",34,"0","2021-01-12 01:15:00"
"943129",34,"0","2021-01-12 01:30:00"
"943183",34,"0","2021-01-12 01:45:00"
"943237",34,"0","2021-01-12 02:00:00"
"943291",34,"0","2021-01-12 02:15:00"
"943345",34,"1.195","2021-01-12 02:30:00"
"943399",34,"2.648","2021-01-12 02:45:00"
"943453",34,"2.914","2021-01-12 03:00:00"
"943507",34,"2.989","2021-01-12 03:15:00"
"943561",34,"2.487","2021-01-12 03:30:00"
"944241",34,"1.682","2021-06-16 18:15:00"
"944295",34,"1.517","2021-06-16 18:30:00"
"944349",34,"1.101","2021-06-16 18:45:00"
"944403",34,"0.51","2021-06-16 19:00:00"
"944457",34,"0.26","2021-06-16 19:15:00"
"944511",34,"0","2021-06-16 19:30:00"
"944656",34,"0.67","2021-06-16 19:45:00"
"944675",34,"1.558","2021-01-12 05:00:00"
"944757",34,"1.453","2021-01-12 05:15:00"
"945207",34,"0.018000000000000002","2021-07-26 23:45:00"
"945301",34,"0.098","2021-07-27 00:00:00"
"945420",34,"0","2021-07-27 00:15:00"
"945448",34,"0.84","2021-01-12 07:00:00"
"945547",34,"2","2021-01-12 07:15:00"
"945535",34,"0","2021-07-27 00:30:00"
"945652",34,"0","2021-07-27 00:45:00"
"945773",34,"0","2021-07-27 01:00:00"
"945647",34,"2.215","2021-01-12 07:30:00"
"945741",34,"3.019","2021-01-12 07:45:00"
"945857",34,"3.143","2021-01-12 08:00:00"
"946383",34,"0","2021-07-27 02:30:00"
"946437",34,"0","2021-07-27 02:45:00"
"946491",34,"0","2021-07-27 03:00:00"
"946545",34,"0","2021-07-27 03:15:00"
"946599",34,"0.29","2021-07-27 03:30:00"
"946653",34,"1.242","2021-07-27 03:45:00"
"946707",34,"1.443","2021-07-27 04:00:00"
"946761",34,"1.3559999999999999","2021-07-27 04:15:00"
"947263",34,"0.97","2021-07-27 04:30:00"
"947358",34,"1.798","2021-07-27 04:45:00"
"948044",34,"2.473","2021-07-27 06:30:00"
"948138",34,"1.556","2021-07-27 06:45:00"
"948257",34,"1.4969999999999999","2021-07-27 07:00:00"
"948128",34,"2.415","2021-01-12 13:00:00"
"948225",34,"1.491","2021-01-12 13:15:00"
"948365",34,"1.232","2021-07-27 07:15:00"
"948463",34,"1.151","2021-07-27 07:30:00"
"948334",34,"1.3","2021-01-12 13:30:00"
"948443",34,"0.84","2021-01-12 13:45:00"
"948829",34,"0.51","2021-01-12 14:00:00"
"949723",34,"2.098","2021-07-27 10:30:00"
"949830",34,"2.564","2021-07-27 10:45:00"
"949775",34,"4.516","2021-01-12 16:45:00"
"949899",34,"3.4130000000000003","2021-01-12 17:00:00"
"950039",34,"2.499","2021-01-12 17:15:00"
"949930",34,"2.29","2021-07-27 11:00:00"
"950013",34,"3.117","2021-07-27 11:15:00"
"950103",34,"4.082","2021-07-27 11:30:00"
"950163",34,"1.134","2021-01-12 17:30:00"
"950263",34,"0.30000000000000004","2021-01-12 17:45:00"
"951408",34,"1.343","2021-01-12 20:00:00"
"951524",34,"0.22","2021-01-12 20:15:00"
"951446",34,"4.537","2021-07-27 15:00:00"
"951541",34,"3.112","2021-07-27 15:15:00"
"951652",34,"3.129","2021-07-27 15:30:00"
"951767",34,"2.402","2021-07-27 15:45:00"
"951884",34,"3.863","2021-07-27 16:00:00"
"951635",34,"0","2021-01-12 20:30:00"
"951733",34,"0","2021-01-12 20:45:00"
"951841",34,"1.351","2021-01-12 21:00:00"
"953601",34,"2.662","2021-01-13 00:15:00"
"953706",34,"2.05","2021-01-13 00:30:00"
"953684",34,"2.467","2021-07-27 21:00:00"
"953787",34,"1.581","2021-07-27 21:15:00"
"953818",34,"0.25","2021-01-13 00:45:00"
"953919",34,"0.22","2021-01-13 01:00:00"
"954023",34,"0.01","2021-01-13 01:15:00"
"953903",34,"1.079","2021-07-27 21:30:00"
"954017",34,"2.066","2021-07-27 21:45:00"
"954130",34,"3.282","2021-07-27 22:00:00"
"955202",34,"1.908","2021-01-13 04:00:00"
"955305",34,"1.976","2021-01-13 04:15:00"
"955325",34,"5.114","2021-07-28 00:45:00"
"955414",34,"4.982","2021-07-28 01:00:00"
"955515",34,"4.266","2021-07-28 01:15:00"
"955432",34,"0.51","2021-01-13 04:30:00"
"955542",34,"1.831","2021-01-13 04:45:00"
"955651",34,"0.53","2021-01-13 05:00:00"
"955627",34,"5.018","2021-07-28 01:30:00"
"955735",34,"4.717","2021-07-28 01:45:00"
"956891",34,"2.177","2021-07-28 04:00:00"
"956945",34,"2.185","2021-07-28 04:15:00"
"956999",34,"1.951","2021-07-28 04:30:00"
"957053",34,"1.517","2021-07-28 04:45:00"
"957107",34,"0","2021-07-28 05:00:00"
"957161",34,"0.91","2021-07-28 05:15:00"
"957215",34,"1.4929999999999999","2021-07-28 05:30:00"
"957269",34,"1.5030000000000001","2021-07-28 05:45:00"
"957323",34,"2.011","2021-07-28 06:00:00"
"957377",34,"1.9540000000000002","2021-07-28 06:15:00"
"958527",34,"4.7379999999999995","2021-01-13 11:45:00"
"958581",34,"4.553","2021-01-13 12:00:00"
"958635",34,"4.3629999999999995","2021-01-13 12:15:00"
"958689",34,"4.657","2021-01-13 12:30:00"
"958743",34,"4.114","2021-01-13 12:45:00"
"959797",34,"4.084","2021-01-13 13:00:00"
"959851",34,"4.509","2021-01-13 13:15:00"
"958863",34,"2.654","2021-07-28 08:30:00"
"958917",34,"2.075","2021-07-28 08:45:00"
"960175",34,"4.024","2021-01-13 14:45:00"
"960229",34,"3.719","2021-01-13 15:00:00"
"960283",34,"4.301","2021-01-13 15:15:00"
"960337",34,"4.242","2021-01-13 15:30:00"
"960391",34,"3.608","2021-01-13 15:45:00"
"960445",34,"4.297","2021-01-13 16:00:00"
"960499",34,"4.464","2021-01-13 16:15:00"
"960553",34,"4.553","2021-01-13 16:30:00"
"960607",34,"4.259","2021-01-13 16:45:00"
"960661",34,"5.018","2021-01-13 17:00:00"
"960715",34,"5.255","2021-01-13 17:15:00"
"961849",34,"3.293","2021-01-13 22:30:00"
"961903",34,"2.398","2021-01-13 22:45:00"
"961957",34,"2.759","2021-01-13 23:00:00"
"962011",34,"2.578","2021-01-13 23:15:00"
"962065",34,"2.509","2021-01-13 23:30:00"
"962119",34,"2.916","2021-01-13 23:45:00"
"962173",34,"3.274","2021-01-14 00:00:00"
"962227",34,"3.055","2021-01-14 00:15:00"
"962281",34,"3.822","2021-01-14 00:30:00"
"962335",34,"3.234","2021-01-14 00:45:00"
"963523",34,"4.105","2021-01-14 06:15:00"
"963577",34,"4.195","2021-01-14 06:30:00"
"963631",34,"4.782","2021-01-14 06:45:00"
"963685",34,"4.59","2021-01-14 07:00:00"
"963739",34,"3.9859999999999998","2021-01-14 07:15:00"
"963793",34,"4.954","2021-01-14 07:30:00"
"963847",34,"4.877","2021-01-14 07:45:00"
"963901",34,"3.96","2021-01-14 08:00:00"
"963955",34,"4.279","2021-01-14 08:15:00"
"964009",34,"4.869","2021-01-14 08:30:00"
"965143",34,"5.078","2021-01-14 13:45:00"
"965197",34,"4.106","2021-01-14 14:00:00"
"965251",34,"4.122","2021-01-14 14:15:00"
"965305",34,"5","2021-01-14 14:30:00"
"965359",34,"4.679","2021-01-14 14:45:00"
"965413",34,"4.686","2021-01-14 15:00:00"
"965467",34,"3.133","2021-01-14 15:15:00"
"965521",34,"4.261","2021-01-14 15:30:00"
"965575",34,"4.222","2021-01-14 15:45:00"
"965629",34,"4.761","2021-01-14 16:00:00"
"965683",34,"4.478","2021-01-14 16:15:00"
"966817",34,"7.133","2021-01-14 21:30:00"
"966871",34,"6.091","2021-01-14 21:45:00"
"966925",34,"5.305","2021-01-14 22:00:00"
"966979",34,"5.139","2021-01-14 22:15:00"
"967033",34,"4.771","2021-01-14 22:30:00"
"967087",34,"4.088","2021-01-14 22:45:00"
"967141",34,"3.934","2021-01-14 23:00:00"
"967195",34,"4.853","2021-01-14 23:15:00"
"967249",34,"4.384","2021-01-14 23:30:00"
"967303",34,"4.578","2021-01-14 23:45:00"
"968491",34,"1.631","2021-01-15 05:15:00"
"968545",34,"2.504","2021-01-15 05:30:00"
"968599",34,"2.204","2021-01-15 05:45:00"
"968653",34,"0.93","2021-01-15 06:00:00"
"968707",34,"0.88","2021-01-15 06:15:00"
"968761",34,"2.076","2021-01-15 06:30:00"
"968815",34,"2.44","2021-01-15 06:45:00"
"968869",34,"2.29","2021-01-15 07:00:00"
"968923",34,"2.888","2021-01-15 07:15:00"
"968977",34,"2.7800000000000002","2021-01-15 07:30:00"
"970111",34,"3.328","2021-01-15 12:45:00"
"970165",34,"2.956","2021-01-15 13:00:00"
"970219",34,"3.1390000000000002","2021-01-15 13:15:00"
"970273",34,"3.471","2021-01-15 13:30:00"
"970327",34,"3.069","2021-01-15 13:45:00"
"970381",34,"3.668","2021-01-15 14:00:00"
"970435",34,"3.383","2021-01-15 14:15:00"
"970489",34,"3.168","2021-01-15 14:30:00"
"970543",34,"3.138","2021-01-15 14:45:00"
"970597",34,"3.197","2021-01-15 15:00:00"
"970651",34,"3.713","2021-01-15 15:15:00"
"971785",34,"2.998","2021-01-15 20:30:00"
"971839",34,"3.293","2021-01-15 20:45:00"
"971893",34,"2.598","2021-01-15 21:00:00"
"971947",34,"2.859","2021-01-15 21:15:00"
"972001",34,"2.319","2021-01-15 21:30:00"
"972055",34,"3.059","2021-01-15 21:45:00"
"972109",34,"2.399","2021-01-15 22:00:00"
"972163",34,"2.34","2021-01-15 22:15:00"
"972217",34,"2.569","2021-01-15 22:30:00"
"972271",34,"2.584","2021-01-15 22:45:00"
"973459",34,"2.153","2021-01-16 04:15:00"
"973513",34,"2.957","2021-01-16 04:30:00"
"973567",34,"2.237","2021-01-16 04:45:00"
"973621",34,"2.618","2021-01-16 05:00:00"
"973675",34,"2.627","2021-01-16 05:15:00"
"973729",34,"2.129","2021-01-16 05:30:00"
"973783",34,"2.749","2021-01-16 05:45:00"
"973837",34,"3.003","2021-01-16 06:00:00"
"973891",34,"3.547","2021-01-16 06:15:00"
"973945",34,"3.403","2021-01-16 06:30:00"
"975079",34,"5.652","2021-01-16 11:45:00"
"975133",34,"3.125","2021-01-16 12:00:00"
"975187",34,"3.373","2021-01-16 12:15:00"
"975241",34,"4.003","2021-01-16 12:30:00"
"975295",34,"2.668","2021-01-16 12:45:00"
"975349",34,"2.44","2021-01-16 13:00:00"
"975403",34,"2.797","2021-01-16 13:15:00"
"975457",34,"2.843","2021-01-16 13:30:00"
"975511",34,"2.6870000000000003","2021-01-16 13:45:00"
"975565",34,"3.101","2021-01-16 14:00:00"
"975619",34,"3.747","2021-01-16 14:15:00"
"977293",34,"0","2021-01-16 22:00:00"
"977347",34,"0","2021-01-16 22:15:00"
"977401",34,"0","2021-01-16 22:30:00"
"977023",34,"0.12","2021-01-16 20:45:00"
"977077",34,"0.08","2021-01-16 21:00:00"
"977131",34,"1.218","2021-01-16 21:15:00"
"977185",34,"0.43","2021-01-16 21:30:00"
"977239",34,"0","2021-01-16 21:45:00"
"982261",34,"1.288","2021-01-17 21:00:00"
"982315",34,"1.023","2021-01-17 21:15:00"
"982369",34,"1.434","2021-01-17 21:30:00"
"982423",34,"1.998","2021-01-17 21:45:00"
"982477",34,"1.9929999999999999","2021-01-17 22:00:00"
"982531",34,"2.523","2021-01-17 22:15:00"
"982585",34,"3.142","2021-01-17 22:30:00"
"982639",34,"2.826","2021-01-17 22:45:00"
"982693",34,"3.008","2021-01-17 23:00:00"
"982747",34,"3.012","2021-01-17 23:15:00"
"983935",34,"1.349","2021-01-18 04:45:00"
"983989",34,"0.21","2021-01-18 05:00:00"
"984043",34,"1.483","2021-01-18 05:15:00"
"984097",34,"1.6440000000000001","2021-01-18 05:30:00"
"984151",34,"1.702","2021-01-18 05:45:00"
"984205",34,"2.409","2021-01-18 06:00:00"
"984259",34,"2.204","2021-01-18 06:15:00"
"984313",34,"2.409","2021-01-18 06:30:00"
"984367",34,"2.06","2021-01-18 06:45:00"
"942859",34,"1.301","2021-01-12 00:15:00"
"941988",34,"0.6900000000000001","2021-07-26 21:15:00"
"942152",34,"1.839","2021-07-26 21:30:00"
"942298",34,"1.98","2021-07-26 21:45:00"
"942015",34,"0.12","2021-06-16 15:00:00"
"942099",34,"0.01","2021-06-16 15:15:00"
"942182",34,"0.34","2021-06-16 15:30:00"
"942266",34,"2.078","2021-06-16 15:45:00"
"942353",34,"1.126","2021-06-16 16:00:00"
"942411",34,"1.5819999999999999","2021-07-26 22:00:00"
"942465",34,"1.667","2021-07-26 22:15:00"
"943809",34,"0.1","2021-06-16 16:15:00"
"943863",34,"0","2021-06-16 16:30:00"
"942519",34,"0.929","2021-07-26 22:30:00"
"942573",34,"0","2021-07-26 22:45:00"
"942627",34,"0","2021-07-26 23:00:00"
"942681",34,"1.893","2021-07-26 23:15:00"
"942735",34,"0.624","2021-07-26 23:30:00"
"942913",34,"1.717","2021-01-12 00:30:00"
"942967",34,"1.279","2021-01-12 00:45:00"
"943021",34,"0","2021-01-12 01:00:00"
"943615",34,"2.661","2021-01-12 03:45:00"
"943669",34,"2.566","2021-01-12 04:00:00"
"943723",34,"2.451","2021-01-12 04:15:00"
"943777",34,"3.052","2021-01-12 04:30:00"
"944591",34,"1.955","2021-01-12 04:45:00"
"943917",34,"0","2021-06-16 16:45:00"
"943971",34,"0.04","2021-06-16 17:00:00"
"944025",34,"0","2021-06-16 17:15:00"
"944079",34,"0.52","2021-06-16 17:30:00"
"944133",34,"0.54","2021-06-16 17:45:00"
"944187",34,"1.6059999999999999","2021-06-16 18:00:00"
"944819",34,"0.07","2021-06-16 20:00:00"
"944974",34,"0","2021-06-16 20:15:00"
"945085",34,"0.32","2021-06-16 20:30:00"
"944840",34,"0.49","2021-01-12 05:30:00"
"944918",34,"0","2021-01-12 05:45:00"
"945002",34,"1.748","2021-01-12 06:00:00"
"945155",34,"0.8300000000000001","2021-01-12 06:15:00"
"945226",34,"0.79","2021-01-12 06:30:00"
"945341",34,"0.84","2021-01-12 06:45:00"
"945871",34,"0","2021-07-27 01:15:00"
"945982",34,"0.9400000000000001","2021-07-27 01:30:00"
"945966",34,"3.236","2021-01-12 08:15:00"
"946059",34,"3.213","2021-01-12 08:30:00"
"946115",34,"0.07","2021-07-27 01:45:00"
"946220",34,"1.1219999999999999","2021-07-27 02:00:00"
"946329",34,"0.08","2021-07-27 02:15:00"
"946156",34,"3.088","2021-01-12 08:45:00"
"946257",34,"2.968","2021-01-12 09:00:00"
"946803",34,"3.323","2021-01-12 09:15:00"
"947452",34,"0.39","2021-07-27 05:00:00"
"947539",34,"0","2021-07-27 05:15:00"
"947668",34,"2.077","2021-01-12 12:00:00"
"947786",34,"1.403","2021-01-12 12:15:00"
"947890",34,"0.22","2021-01-12 12:30:00"
"947626",34,"0","2021-07-27 05:30:00"
"947732",34,"0.8","2021-07-27 05:45:00"
"947829",34,"0.72","2021-07-27 06:00:00"
"947944",34,"2.213","2021-07-27 06:15:00"
"947999",34,"2.013","2021-01-12 12:45:00"
"949170",34,"0","2021-07-27 09:15:00"
"949287",34,"0.43","2021-07-27 09:30:00"
"949247",34,"4.536","2021-01-12 15:30:00"
"949353",34,"4.036","2021-01-12 15:45:00"
"949460",34,"4.133","2021-01-12 16:00:00"
"949406",34,"0.89","2021-07-27 09:45:00"
"949500",34,"1.704","2021-07-27 10:00:00"
"949611",34,"0.59","2021-07-27 10:15:00"
"949571",34,"3.8529999999999998","2021-01-12 16:15:00"
"949675",34,"3.286","2021-01-12 16:30:00"
"950759",34,"0.8200000000000001","2021-07-27 13:30:00"
"950933",34,"1.762","2021-07-27 13:45:00"
"951040",34,"1.957","2021-07-27 14:00:00"
"950855",34,"1.766","2021-01-12 18:45:00"
"950949",34,"1.028","2021-01-12 19:00:00"
"951060",34,"1.459","2021-01-12 19:15:00"
"951170",34,"2.725","2021-01-12 19:30:00"
"951281",34,"2.238","2021-01-12 19:45:00"
"951146",34,"4.146","2021-07-27 14:15:00"
"951251",34,"4.204","2021-07-27 14:30:00"
"951342",34,"4.044","2021-07-27 14:45:00"
"952347",34,"0.9500000000000001","2021-01-12 22:15:00"
"952618",34,"1.903","2021-01-12 22:30:00"
"952512",34,"3.523","2021-07-27 17:45:00"
"952613",34,"3.62","2021-07-27 18:00:00"
"952709",34,"0.08","2021-01-12 22:45:00"
"952773",34,"0","2021-01-12 23:00:00"
"953148",34,"0.84","2021-01-12 23:15:00"
"952785",34,"5.376","2021-07-27 18:15:00"
"952839",34,"4.704","2021-07-27 18:30:00"
"952893",34,"4.479","2021-07-27 18:45:00"
"954124",34,"2.762","2021-01-13 01:30:00"
"954227",34,"2.862","2021-01-13 01:45:00"
"954243",34,"3.615","2021-07-27 22:15:00"
"954332",34,"3.48","2021-07-27 22:30:00"
"954359",34,"1.387","2021-01-13 02:00:00"
"954460",34,"0.04","2021-01-13 02:15:00"
"954529",34,"0","2021-01-13 02:30:00"
"954443",34,"4.249","2021-07-27 22:45:00"
"954811",34,"3.249","2021-07-27 23:00:00"
"954865",34,"3.613","2021-07-27 23:15:00"
"955760",34,"0","2021-01-13 05:15:00"
"955860",34,"0.03","2021-01-13 05:30:00"
"955985",34,"0.01","2021-01-13 05:45:00"
"955851",34,"3.47","2021-07-28 02:00:00"
"955943",34,"3.454","2021-07-28 02:15:00"
"956033",34,"2.698","2021-07-28 02:30:00"
"956081",34,"0","2021-01-13 06:00:00"
"956183",34,"0.9400000000000001","2021-01-13 06:15:00"
"956176",34,"2.859","2021-07-28 02:45:00"
"956298",34,"2.979","2021-07-28 03:00:00"
"957933",34,"4.702","2021-01-13 09:00:00"
"957987",34,"5.235","2021-01-13 09:15:00"
"958041",34,"5.028","2021-01-13 09:30:00"
"958095",34,"6.297","2021-01-13 09:45:00"
"958149",34,"5.378","2021-01-13 10:00:00"
"958203",34,"5.333","2021-01-13 10:15:00"
"958257",34,"5.853","2021-01-13 10:30:00"
"958311",34,"5.194","2021-01-13 10:45:00"
"958365",34,"5.508","2021-01-13 11:00:00"
"958419",34,"5.764","2021-01-13 11:15:00"
"958473",34,"5.195","2021-01-13 11:30:00"
"959511",34,"2.499","2021-07-28 11:30:00"
"959565",34,"2.813","2021-07-28 11:45:00"
"959619",34,"2.906","2021-07-28 12:00:00"
"959673",34,"3.762","2021-07-28 12:15:00"
"959727",34,"3.222","2021-07-28 12:30:00"
"959905",34,"4.458","2021-01-13 13:30:00"
"959959",34,"4.283","2021-01-13 13:45:00"
"960013",34,"4.507","2021-01-13 14:00:00"
"960067",34,"4.513","2021-01-13 14:15:00"
"960121",34,"3.916","2021-01-13 14:30:00"
"961309",34,"5.537","2021-01-13 20:00:00"
"961363",34,"6.655","2021-01-13 20:15:00"
"961417",34,"3.446","2021-01-13 20:30:00"
"961471",34,"2.8689999999999998","2021-01-13 20:45:00"
"961525",34,"2.388","2021-01-13 21:00:00"
"961579",34,"2.442","2021-01-13 21:15:00"
"961633",34,"2.646","2021-01-13 21:30:00"
"961687",34,"2.691","2021-01-13 21:45:00"
"961741",34,"2.867","2021-01-13 22:00:00"
"961795",34,"3.31","2021-01-13 22:15:00"
"962929",34,"3.519","2021-01-14 03:30:00"
"962983",34,"3.614","2021-01-14 03:45:00"
"963037",34,"3.464","2021-01-14 04:00:00"
"963091",34,"2.818","2021-01-14 04:15:00"
"963145",34,"3.155","2021-01-14 04:30:00"
"963199",34,"3.479","2021-01-14 04:45:00"
"963253",34,"3.304","2021-01-14 05:00:00"
"963307",34,"4.202","2021-01-14 05:15:00"
"963361",34,"4.78","2021-01-14 05:30:00"
"963415",34,"4.611","2021-01-14 05:45:00"
"963469",34,"5.108","2021-01-14 06:00:00"
"964603",34,"5.586","2021-01-14 11:15:00"
"964657",34,"5.142","2021-01-14 11:30:00"
"964711",34,"4.823","2021-01-14 11:45:00"
"964765",34,"5.516","2021-01-14 12:00:00"
"964819",34,"5.852","2021-01-14 12:15:00"
"964873",34,"4.605","2021-01-14 12:30:00"
"964927",34,"4.917","2021-01-14 12:45:00"
"964981",34,"5.206","2021-01-14 13:00:00"
"965035",34,"5.426","2021-01-14 13:15:00"
"965089",34,"4.374","2021-01-14 13:30:00"
"966277",34,"3.967","2021-01-14 19:00:00"
"966331",34,"2.925","2021-01-14 19:15:00"
"966385",34,"3.768","2021-01-14 19:30:00"
"966439",34,"3.878","2021-01-14 19:45:00"
"966493",34,"2.98","2021-01-14 20:00:00"
"966547",34,"3.385","2021-01-14 20:15:00"
"966601",34,"3.602","2021-01-14 20:30:00"
"966655",34,"4.435","2021-01-14 20:45:00"
"966709",34,"4.011","2021-01-14 21:00:00"
"966763",34,"7.407","2021-01-14 21:15:00"
"967897",34,"3.227","2021-01-15 02:30:00"
"967951",34,"3.451","2021-01-15 02:45:00"
"968005",34,"3.517","2021-01-15 03:00:00"
"968059",34,"3.8890000000000002","2021-01-15 03:15:00"
"968113",34,"3.327","2021-01-15 03:30:00"
"968167",34,"3.186","2021-01-15 03:45:00"
"968221",34,"3.142","2021-01-15 04:00:00"
"968275",34,"2.166","2021-01-15 04:15:00"
"968329",34,"0.86","2021-01-15 04:30:00"
"968383",34,"0.05","2021-01-15 04:45:00"
"968437",34,"0.06","2021-01-15 05:00:00"
"969571",34,"2.938","2021-01-15 10:15:00"
"969625",34,"2.755","2021-01-15 10:30:00"
"969679",34,"2.66","2021-01-15 10:45:00"
"969733",34,"2.641","2021-01-15 11:00:00"
"969787",34,"2.987","2021-01-15 11:15:00"
"969841",34,"2.838","2021-01-15 11:30:00"
"969895",34,"2.972","2021-01-15 11:45:00"
"969949",34,"2.954","2021-01-15 12:00:00"
"970003",34,"4.025","2021-01-15 12:15:00"
"970057",34,"2.689","2021-01-15 12:30:00"
"971245",34,"4.414","2021-01-15 18:00:00"
"971299",34,"3.517","2021-01-15 18:15:00"
"971353",34,"3.011","2021-01-15 18:30:00"
"971407",34,"3.122","2021-01-15 18:45:00"
"971461",34,"2.765","2021-01-15 19:00:00"
"971515",34,"2.9290000000000003","2021-01-15 19:15:00"
"971569",34,"3.623","2021-01-15 19:30:00"
"971623",34,"3.365","2021-01-15 19:45:00"
"971677",34,"3.364","2021-01-15 20:00:00"
"971731",34,"3.169","2021-01-15 20:15:00"
"972865",34,"2.12","2021-01-16 01:30:00"
"972919",34,"2.111","2021-01-16 01:45:00"
"972973",34,"2.943","2021-01-16 02:00:00"
"973027",34,"1.498","2021-01-16 02:15:00"
"973081",34,"2.3890000000000002","2021-01-16 02:30:00"
"973135",34,"2.478","2021-01-16 02:45:00"
"973189",34,"2.896","2021-01-16 03:00:00"
"973243",34,"2.918","2021-01-16 03:15:00"
"973297",34,"3.252","2021-01-16 03:30:00"
"973351",34,"3.173","2021-01-16 03:45:00"
"973405",34,"2.502","2021-01-16 04:00:00"
"974539",34,"4.632","2021-01-16 09:15:00"
"974593",34,"4.47","2021-01-16 09:30:00"
"974647",34,"4.982","2021-01-16 09:45:00"
"974701",34,"4.899","2021-01-16 10:00:00"
"974755",34,"4.264","2021-01-16 10:15:00"
"974809",34,"4.646","2021-01-16 10:30:00"
"974863",34,"3.814","2021-01-16 10:45:00"
"974917",34,"4.813","2021-01-16 11:00:00"
"974971",34,"5.837","2021-01-16 11:15:00"
"975025",34,"6.57","2021-01-16 11:30:00"
"976213",34,"2.401","2021-01-16 17:00:00"
"976267",34,"2.699","2021-01-16 17:15:00"
"976321",34,"1.766","2021-01-16 17:30:00"
"976375",34,"1.911","2021-01-16 17:45:00"
"976429",34,"1.97","2021-01-16 18:00:00"
"976483",34,"1.313","2021-01-16 18:15:00"
"976537",34,"2.412","2021-01-16 18:30:00"
"976591",34,"2.847","2021-01-16 18:45:00"
"976645",34,"3.8689999999999998","2021-01-16 19:00:00"
"976699",34,"4.143","2021-01-16 19:15:00"
"977833",34,"3.082","2021-01-17 00:30:00"
"977887",34,"1.983","2021-01-17 00:45:00"
"977941",34,"2.073","2021-01-17 01:00:00"
"977995",34,"1.2650000000000001","2021-01-17 01:15:00"
"978049",34,"1.859","2021-01-17 01:30:00"
"978103",34,"2.282","2021-01-17 01:45:00"
"978157",34,"2.42","2021-01-17 02:00:00"
"978211",34,"2.014","2021-01-17 02:15:00"
"978265",34,"2.082","2021-01-17 02:30:00"
"978319",34,"1.462","2021-01-17 02:45:00"
"978373",34,"2.014","2021-01-17 03:00:00"
"978967",34,"3.09","2021-01-17 05:45:00"
"979021",34,"2.721","2021-01-17 06:00:00"
"979075",34,"2.635","2021-01-17 06:15:00"
"979129",34,"2.6390000000000002","2021-01-17 06:30:00"
"979183",34,"2.632","2021-01-17 06:45:00"
"979237",34,"3.467","2021-01-17 07:00:00"
"979291",34,"3.563","2021-01-17 07:15:00"
"979345",34,"3.5380000000000003","2021-01-17 07:30:00"
"979399",34,"3.374","2021-01-17 07:45:00"
"979453",34,"2.834","2021-01-17 08:00:00"
"980047",34,"3.19","2021-01-17 10:45:00"
"980101",34,"3.849","2021-01-17 11:00:00"
"980155",34,"3.951","2021-01-17 11:15:00"
"980209",34,"4.132","2021-01-17 11:30:00"
"980263",34,"4.323","2021-01-17 11:45:00"
"980317",34,"4.444","2021-01-17 12:00:00"
"980371",34,"3.995","2021-01-17 12:15:00"
"980425",34,"4.043","2021-01-17 12:30:00"
"980479",34,"3.682","2021-01-17 12:45:00"
"980533",34,"4.319","2021-01-17 13:00:00"
"980587",34,"5.193","2021-01-17 13:15:00"
"981181",34,"3.066","2021-01-17 16:00:00"
"981235",34,"3.12","2021-01-17 16:15:00"
"981289",34,"4.867","2021-01-17 16:30:00"
"981343",34,"5.167","2021-01-17 16:45:00"
"981397",34,"5.063","2021-01-17 17:00:00"
"981451",34,"3.939","2021-01-17 17:15:00"
"981505",34,"3.342","2021-01-17 17:30:00"
"981559",34,"2.147","2021-01-17 17:45:00"
"981613",34,"0.86","2021-01-17 18:00:00"
"981667",34,"0.05","2021-01-17 18:15:00"
"982801",34,"3.463","2021-01-17 23:30:00"
"982855",34,"3.294","2021-01-17 23:45:00"
"982909",34,"2.51","2021-01-18 00:00:00"
"982963",34,"2.632","2021-01-18 00:15:00"
"983017",34,"2.5869999999999997","2021-01-18 00:30:00"
"983071",34,"1.293","2021-01-18 00:45:00"
"983125",34,"0","2021-01-18 01:00:00"
"983179",34,"0","2021-01-18 01:15:00"
"983233",34,"2.021","2021-01-18 01:30:00"
"983287",34,"2.126","2021-01-18 01:45:00"
"983341",34,"2.056","2021-01-18 02:00:00"
"984475",34,"1.55","2021-01-18 07:15:00"
"984529",34,"2","2021-01-18 07:30:00"
"984583",34,"1.366","2021-01-18 07:45:00"
"984637",34,"1.348","2021-01-18 08:00:00"
"984421",34,"1.601","2021-01-18 07:00:00"
"985609",34,"2.768","2021-01-18 12:30:00"
"985663",34,"3.15","2021-01-18 12:45:00"
"985717",34,"2.327","2021-01-18 13:00:00"
"985771",34,"1.877","2021-01-18 13:15:00"
"985825",34,"2.262","2021-01-18 13:30:00"
"985879",34,"2.324","2021-01-18 13:45:00"
"985933",34,"2.051","2021-01-18 14:00:00"
"985987",34,"2.011","2021-01-18 14:15:00"
"986041",34,"2.535","2021-01-18 14:30:00"
"986095",34,"2.477","2021-01-18 14:45:00"
"991117",34,"3.165","2021-01-19 14:00:00"
"991171",34,"3.541","2021-01-19 14:15:00"
"991225",34,"3.364","2021-01-19 14:30:00"
"991279",34,"2.717","2021-01-19 14:45:00"
"991333",34,"2.354","2021-01-19 15:00:00"
"991387",34,"3.931","2021-01-19 15:15:00"
"991441",34,"2.121","2021-01-19 15:30:00"
"991495",34,"0.24","2021-01-19 15:45:00"
"991549",34,"3.354","2021-01-19 16:00:00"
"991603",34,"2.151","2021-01-19 16:15:00"
"992737",34,"0.85","2021-01-19 21:30:00"
"992791",34,"0","2021-01-19 21:45:00"
"992845",34,"0.9","2021-01-19 22:00:00"
"992899",34,"0.17","2021-01-19 22:15:00"
"992953",34,"0","2021-01-19 22:30:00"
"993007",34,"0","2021-01-19 22:45:00"
"993061",34,"0","2021-01-19 23:00:00"
"993115",34,"0","2021-01-19 23:15:00"
"993169",34,"0","2021-01-19 23:30:00"
"993223",34,"0","2021-01-19 23:45:00"
"993277",34,"0.15","2021-01-20 00:00:00"
"994411",34,"0","2021-01-20 05:15:00"
"994465",34,"0","2021-01-20 05:30:00"
"994519",34,"0","2021-01-20 05:45:00"
"994573",34,"0","2021-01-20 06:00:00"
"994627",34,"0","2021-01-20 06:15:00"
"994681",34,"0","2021-01-20 06:30:00"
"994735",34,"0","2021-01-20 06:45:00"
"994789",34,"0","2021-01-20 07:00:00"
"994843",34,"0","2021-01-20 07:15:00"
"994897",34,"0","2021-01-20 07:30:00"
"995545",34,"2.75","2021-01-20 10:30:00"
"995599",34,"3.03","2021-01-20 10:45:00"
"995653",34,"2.383","2021-01-20 11:00:00"
"995707",34,"1.9100000000000001","2021-01-20 11:15:00"
"995761",34,"2.303","2021-01-20 11:30:00"
"995815",34,"1.52","2021-01-20 11:45:00"
"995869",34,"1.6440000000000001","2021-01-20 12:00:00"
"995923",34,"1.073","2021-01-20 12:15:00"
"995977",34,"1.706","2021-01-20 12:30:00"
"996031",34,"4.548","2021-01-20 12:45:00"
"997165",34,"2.133","2021-01-20 18:00:00"
"997219",34,"1.557","2021-01-20 18:15:00"
"997273",34,"0","2021-01-20 18:30:00"
"997327",34,"0","2021-01-20 18:45:00"
"997381",34,"0.2","2021-01-20 19:00:00"
"997435",34,"0","2021-01-20 19:15:00"
"997489",34,"0","2021-01-20 19:30:00"
"997543",34,"0.02","2021-01-20 19:45:00"
"997597",34,"0.08","2021-01-20 20:00:00"
"997651",34,"0","2021-01-20 20:15:00"
"998839",34,"1.6880000000000002","2021-01-21 01:45:00"
"998893",34,"2.192","2021-01-21 02:00:00"
"998947",34,"2.146","2021-01-21 02:15:00"
"999001",34,"0.81","2021-01-21 02:30:00"
"999055",34,"0","2021-01-21 02:45:00"
"999109",34,"0","2021-01-21 03:00:00"
"999163",34,"0","2021-01-21 03:15:00"
"999217",34,"0","2021-01-21 03:30:00"
"999271",34,"0","2021-01-21 03:45:00"
"999325",34,"0","2021-01-21 04:00:00"
"1000513",34,"3.386","2021-01-21 09:30:00"
"1000567",34,"4.142","2021-01-21 09:45:00"
"1000621",34,"3.105","2021-01-21 10:00:00"
"1000675",34,"2.468","2021-01-21 10:15:00"
"1000729",34,"2.998","2021-01-21 10:30:00"
"1000783",34,"2.973","2021-01-21 10:45:00"
"1000837",34,"2.753","2021-01-21 11:00:00"
"1000891",34,"1.8519999999999999","2021-01-21 11:15:00"
"1000945",34,"2.722","2021-01-21 11:30:00"
"1000999",34,"2.051","2021-01-21 11:45:00"
"1001593",34,"2.566","2021-01-21 14:30:00"
"1001647",34,"2.938","2021-01-21 14:45:00"
"1001701",34,"2.401","2021-01-21 15:00:00"
"1001755",34,"2.266","2021-01-21 15:15:00"
"1001809",34,"2.463","2021-01-21 15:30:00"
"1001863",34,"3.024","2021-01-21 15:45:00"
"1001917",34,"3.16","2021-01-21 16:00:00"
"1001971",34,"3.6950000000000003","2021-01-21 16:15:00"
"1002025",34,"2.467","2021-01-21 16:30:00"
"1002079",34,"1.911","2021-01-21 16:45:00"
"1003807",34,"0.18","2021-01-22 00:45:00"
"1003861",34,"0","2021-01-22 01:00:00"
"1003915",34,"0","2021-01-22 01:15:00"
"1003969",34,"0","2021-01-22 01:30:00"
"1004023",34,"0","2021-01-22 01:45:00"
"1004077",34,"1.306","2021-01-22 02:00:00"
"1004131",34,"1.824","2021-01-22 02:15:00"
"1004185",34,"2.183","2021-01-22 02:30:00"
"1004239",34,"1.605","2021-01-22 02:45:00"
"1004293",34,"2.341","2021-01-22 03:00:00"
"1004887",34,"0","2021-01-22 05:45:00"
"1004941",34,"1.177","2021-01-22 06:00:00"
"1004995",34,"0.16","2021-01-22 06:15:00"
"1005049",34,"0","2021-01-22 06:30:00"
"1005103",34,"0","2021-01-22 06:45:00"
"1005157",34,"0","2021-01-22 07:00:00"
"1005211",34,"0","2021-01-22 07:15:00"
"1005265",34,"0.47000000000000003","2021-01-22 07:30:00"
"1005319",34,"1.014","2021-01-22 07:45:00"
"1005373",34,"0.8200000000000001","2021-01-22 08:00:00"
"1005427",34,"2.283","2021-01-22 08:15:00"
"1006561",34,"2.323","2021-01-22 13:30:00"
"1006615",34,"1.391","2021-01-22 13:45:00"
"1006669",34,"2.22","2021-01-22 14:00:00"
"1006723",34,"2.339","2021-01-22 14:15:00"
"1006777",34,"2.137","2021-01-22 14:30:00"
"1006831",34,"1.879","2021-01-22 14:45:00"
"1006885",34,"0.63","2021-01-22 15:00:00"
"1006939",34,"0.75","2021-01-22 15:15:00"
"1006993",34,"1.802","2021-01-22 15:30:00"
"1007047",34,"2.112","2021-01-22 15:45:00"
"1008235",34,"1.428","2021-01-22 21:15:00"
"1008289",34,"1.8900000000000001","2021-01-22 21:30:00"
"1008343",34,"1.416","2021-01-22 21:45:00"
"1008397",34,"0.36","2021-01-22 22:00:00"
"1008451",34,"0","2021-01-22 22:15:00"
"1008505",34,"0.03","2021-01-22 22:30:00"
"1008559",34,"1.556","2021-01-22 22:45:00"
"1008613",34,"3.84","2021-01-22 23:00:00"
"1008667",34,"3.77","2021-01-22 23:15:00"
"1008721",34,"3.337","2021-01-22 23:30:00"
"1009855",34,"0","2021-01-23 04:45:00"
"1009909",34,"0","2021-01-23 05:00:00"
"1009963",34,"0","2021-01-23 05:15:00"
"1010017",34,"0","2021-01-23 05:30:00"
"1010071",34,"0","2021-01-23 05:45:00"
"1010125",34,"0","2021-01-23 06:00:00"
"1010179",34,"0.9","2021-01-23 06:15:00"
"1010233",34,"2.038","2021-01-23 06:30:00"
"1010287",34,"2.037","2021-01-23 06:45:00"
"1010341",34,"2.227","2021-01-23 07:00:00"
"1010395",34,"1.8940000000000001","2021-01-23 07:15:00"
"1010989",34,"2.847","2021-01-23 10:00:00"
"1011043",34,"2.471","2021-01-23 10:15:00"
"1011097",34,"2.583","2021-01-23 10:30:00"
"1011151",34,"2.552","2021-01-23 10:45:00"
"1011205",34,"2.468","2021-01-23 11:00:00"
"1011259",34,"2.864","2021-01-23 11:15:00"
"1011313",34,"2.692","2021-01-23 11:30:00"
"1011367",34,"2.366","2021-01-23 11:45:00"
"1011421",34,"3.168","2021-01-23 12:00:00"
"1011475",34,"2.793","2021-01-23 12:15:00"
"1012069",34,"0.72","2021-01-23 15:00:00"
"1012123",34,"1.059","2021-01-23 15:15:00"
"1012177",34,"1.344","2021-01-23 15:30:00"
"1012231",34,"2.314","2021-01-23 15:45:00"
"1012285",34,"2.203","2021-01-23 16:00:00"
"1012339",34,"2.795","2021-01-23 16:15:00"
"1012393",34,"2.382","2021-01-23 16:30:00"
"1012447",34,"2.3890000000000002","2021-01-23 16:45:00"
"1012501",34,"1.7109999999999999","2021-01-23 17:00:00"
"1012555",34,"0.62","2021-01-23 17:15:00"
"1012609",34,"2.07","2021-01-23 17:30:00"
"1012663",34,"2.417","2021-01-23 17:45:00"
"1012717",34,"1.429","2021-01-23 18:00:00"
"1012771",34,"1.593","2021-01-23 18:15:00"
"1012825",34,"1.6360000000000001","2021-01-23 18:30:00"
"1012879",34,"0.23","2021-01-23 18:45:00"
"1012933",34,"0","2021-01-23 19:00:00"
"1012987",34,"0","2021-01-23 19:15:00"
"1013041",34,"0.04","2021-01-23 19:30:00"
"1013095",34,"2.581","2021-01-23 19:45:00"
"1013149",34,"2.127","2021-01-23 20:00:00"
"1013743",34,"6.095","2021-01-23 22:45:00"
"1013797",34,"4.9030000000000005","2021-01-23 23:00:00"
"1013851",34,"3.501","2021-01-23 23:15:00"
"1013905",34,"3.573","2021-01-23 23:30:00"
"1013959",34,"3.058","2021-01-23 23:45:00"
"1014013",34,"1.2650000000000001","2021-01-24 00:00:00"
"1014067",34,"0","2021-01-24 00:15:00"
"1014121",34,"0","2021-01-24 00:30:00"
"1014175",34,"0.12","2021-01-24 00:45:00"
"1014229",34,"0","2021-01-24 01:00:00"
"1015417",34,"0.44","2021-01-24 06:30:00"
"1015471",34,"0.81","2021-01-24 06:45:00"
"1015525",34,"0.84","2021-01-24 07:00:00"
"1015579",34,"1.498","2021-01-24 07:15:00"
"1015633",34,"0.02","2021-01-24 07:30:00"
"1015687",34,"0","2021-01-24 07:45:00"
"1015741",34,"0","2021-01-24 08:00:00"
"1015795",34,"0","2021-01-24 08:15:00"
"1015849",34,"0.53","2021-01-24 08:30:00"
"1015903",34,"2.391","2021-01-24 08:45:00"
"1017037",34,"1.994","2021-01-24 14:00:00"
"1017091",34,"2.084","2021-01-24 14:15:00"
"1017145",34,"2.399","2021-01-24 14:30:00"
"1017199",34,"2.372","2021-01-24 14:45:00"
"1017253",34,"2.69","2021-01-24 15:00:00"
"1017307",34,"2.2880000000000003","2021-01-24 15:15:00"
"1017361",34,"2.684","2021-01-24 15:30:00"
"1017415",34,"2.417","2021-01-24 15:45:00"
"1017469",34,"1.841","2021-01-24 16:00:00"
"1017523",34,"0.72","2021-01-24 16:15:00"
"1018711",34,"0.14","2021-01-24 21:45:00"
"1018765",34,"0.38","2021-01-24 22:00:00"
"1018819",34,"1.304","2021-01-24 22:15:00"
"1018873",34,"0.92","2021-01-24 22:30:00"
"1018927",34,"0.42","2021-01-24 22:45:00"
"1018981",34,"1.329","2021-01-24 23:00:00"
"1019035",34,"2.042","2021-01-24 23:15:00"
"1019089",34,"2.271","2021-01-24 23:30:00"
"1019143",34,"1.799","2021-01-24 23:45:00"
"1019197",34,"0.59","2021-01-25 00:00:00"
"1019251",34,"0","2021-01-25 00:15:00"
"1019305",34,"0","2021-01-25 00:30:00"
"1019359",34,"0","2021-01-25 00:45:00"
"1019413",34,"0","2021-01-25 01:00:00"
"1019467",34,"0","2021-01-25 01:15:00"
"1019521",34,"0","2021-01-25 01:30:00"
"1019575",34,"0","2021-01-25 01:45:00"
"1019629",34,"0","2021-01-25 02:00:00"
"1019683",34,"0","2021-01-25 02:15:00"
"1019737",34,"0","2021-01-25 02:30:00"
"1020925",34,"0","2021-01-25 08:00:00"
"1020979",34,"0","2021-01-25 08:15:00"
"1021033",34,"0","2021-01-25 08:30:00"
"1021087",34,"0","2021-01-25 08:45:00"
"977455",34,"0","2021-01-16 22:45:00"
"977509",34,"0","2021-01-16 23:00:00"
"977563",34,"0.33","2021-01-16 23:15:00"
"977617",34,"3.92","2021-01-16 23:30:00"
"977671",34,"2.366","2021-01-16 23:45:00"
"977725",34,"2.304","2021-01-17 00:00:00"
"977779",34,"2.6","2021-01-17 00:15:00"
"978427",34,"1.536","2021-01-17 03:15:00"
"978481",34,"2.8120000000000003","2021-01-17 03:30:00"
"978535",34,"2.813","2021-01-17 03:45:00"
"978589",34,"3.715","2021-01-17 04:00:00"
"978643",34,"4.013","2021-01-17 04:15:00"
"978697",34,"4.411","2021-01-17 04:30:00"
"978751",34,"3.798","2021-01-17 04:45:00"
"978805",34,"3.67","2021-01-17 05:00:00"
"978859",34,"3.339","2021-01-17 05:15:00"
"978913",34,"2.711","2021-01-17 05:30:00"
"979507",34,"2.643","2021-01-17 08:15:00"
"979561",34,"3.152","2021-01-17 08:30:00"
"979615",34,"2.858","2021-01-17 08:45:00"
"979669",34,"3.058","2021-01-17 09:00:00"
"979723",34,"3.643","2021-01-17 09:15:00"
"979777",34,"3.029","2021-01-17 09:30:00"
"979831",34,"3.19","2021-01-17 09:45:00"
"979885",34,"3.545","2021-01-17 10:00:00"
"979939",34,"3.638","2021-01-17 10:15:00"
"979993",34,"4.061","2021-01-17 10:30:00"
"980641",34,"3.973","2021-01-17 13:30:00"
"980695",34,"3.098","2021-01-17 13:45:00"
"980749",34,"3.161","2021-01-17 14:00:00"
"980803",34,"3.221","2021-01-17 14:15:00"
"980857",34,"3.868","2021-01-17 14:30:00"
"980911",34,"2.166","2021-01-17 14:45:00"
"980965",34,"2.338","2021-01-17 15:00:00"
"981019",34,"2.5949999999999998","2021-01-17 15:15:00"
"981073",34,"3.098","2021-01-17 15:30:00"
"981127",34,"3.518","2021-01-17 15:45:00"
"981721",34,"0","2021-01-17 18:30:00"
"981775",34,"0","2021-01-17 18:45:00"
"981829",34,"0","2021-01-17 19:00:00"
"981883",34,"0","2021-01-17 19:15:00"
"981937",34,"0","2021-01-17 19:30:00"
"981991",34,"0.65","2021-01-17 19:45:00"
"982045",34,"0.58","2021-01-17 20:00:00"
"982099",34,"2.3529999999999998","2021-01-17 20:15:00"
"982153",34,"2.073","2021-01-17 20:30:00"
"982207",34,"1.4849999999999999","2021-01-17 20:45:00"
"983395",34,"0.8300000000000001","2021-01-18 02:15:00"
"983449",34,"0.19","2021-01-18 02:30:00"
"983503",34,"1.046","2021-01-18 02:45:00"
"983557",34,"1.362","2021-01-18 03:00:00"
"983611",34,"2.106","2021-01-18 03:15:00"
"983665",34,"1.8559999999999999","2021-01-18 03:30:00"
"983719",34,"1.482","2021-01-18 03:45:00"
"983773",34,"1.7850000000000001","2021-01-18 04:00:00"
"983827",34,"1.734","2021-01-18 04:15:00"
"983881",34,"1.363","2021-01-18 04:30:00"
"985015",34,"2.295","2021-01-18 09:45:00"
"985069",34,"2.105","2021-01-18 10:00:00"
"985123",34,"1.824","2021-01-18 10:15:00"
"985177",34,"2.598","2021-01-18 10:30:00"
"985231",34,"3.238","2021-01-18 10:45:00"
"985285",34,"2.7439999999999998","2021-01-18 11:00:00"
"985339",34,"3.874","2021-01-18 11:15:00"
"985393",34,"3.253","2021-01-18 11:30:00"
"985447",34,"3.683","2021-01-18 11:45:00"
"985501",34,"4.122","2021-01-18 12:00:00"
"985555",34,"3.439","2021-01-18 12:15:00"
"986689",34,"0","2021-01-18 17:30:00"
"986743",34,"0","2021-01-18 17:45:00"
"986797",34,"0","2021-01-18 18:00:00"
"986851",34,"1.074","2021-01-18 18:15:00"
"986905",34,"0.44","2021-01-18 18:30:00"
"986959",34,"0.5700000000000001","2021-01-18 18:45:00"
"987013",34,"0.62","2021-01-18 19:00:00"
"987067",34,"1.429","2021-01-18 19:15:00"
"987121",34,"1.244","2021-01-18 19:30:00"
"987175",34,"1.8290000000000002","2021-01-18 19:45:00"
"987769",34,"2.034","2021-01-18 22:30:00"
"987823",34,"1.713","2021-01-18 22:45:00"
"987877",34,"2.496","2021-01-18 23:00:00"
"987931",34,"1.9540000000000002","2021-01-18 23:15:00"
"987985",34,"0.88","2021-01-18 23:30:00"
"988039",34,"0.06","2021-01-18 23:45:00"
"988093",34,"0","2021-01-19 00:00:00"
"988147",34,"0","2021-01-19 00:15:00"
"988201",34,"0","2021-01-19 00:30:00"
"988255",34,"0.64","2021-01-19 00:45:00"
"988309",34,"0","2021-01-19 01:00:00"
"988903",34,"2.092","2021-01-19 03:45:00"
"988957",34,"2.434","2021-01-19 04:00:00"
"989011",34,"3.388","2021-01-19 04:15:00"
"989065",34,"3.098","2021-01-19 04:30:00"
"989119",34,"3.447","2021-01-19 04:45:00"
"989173",34,"4.222","2021-01-19 05:00:00"
"989227",34,"4.169","2021-01-19 05:15:00"
"989281",34,"4.41","2021-01-19 05:30:00"
"989335",34,"4.348","2021-01-19 05:45:00"
"989389",34,"4.331","2021-01-19 06:00:00"
"989983",34,"3.278","2021-01-19 08:45:00"
"990037",34,"3.497","2021-01-19 09:00:00"
"990091",34,"4.333","2021-01-19 09:15:00"
"990145",34,"4.325","2021-01-19 09:30:00"
"990199",34,"4.559","2021-01-19 09:45:00"
"990253",34,"4.446","2021-01-19 10:00:00"
"990307",34,"4.117","2021-01-19 10:15:00"
"990361",34,"4.025","2021-01-19 10:30:00"
"990415",34,"3.6","2021-01-19 10:45:00"
"990469",34,"4.042","2021-01-19 11:00:00"
"990523",34,"4.357","2021-01-19 11:15:00"
"991657",34,"1.7349999999999999","2021-01-19 16:30:00"
"991711",34,"1.416","2021-01-19 16:45:00"
"991765",34,"2.729","2021-01-19 17:00:00"
"991819",34,"2.697","2021-01-19 17:15:00"
"991873",34,"2.458","2021-01-19 17:30:00"
"991927",34,"0.89","2021-01-19 17:45:00"
"991981",34,"0.72","2021-01-19 18:00:00"
"992035",34,"1.998","2021-01-19 18:15:00"
"992089",34,"2.834","2021-01-19 18:30:00"
"992143",34,"2.318","2021-01-19 18:45:00"
"993331",34,"0.03","2021-01-20 00:15:00"
"993385",34,"2.103","2021-01-20 00:30:00"
"993439",34,"2.2800000000000002","2021-01-20 00:45:00"
"993493",34,"1.137","2021-01-20 01:00:00"
"993547",34,"0","2021-01-20 01:15:00"
"993601",34,"1.172","2021-01-20 01:30:00"
"993655",34,"2.228","2021-01-20 01:45:00"
"993709",34,"0.27","2021-01-20 02:00:00"
"993763",34,"0.92","2021-01-20 02:15:00"
"993817",34,"1.098","2021-01-20 02:30:00"
"994951",34,"0","2021-01-20 07:45:00"
"995005",34,"0","2021-01-20 08:00:00"
"995059",34,"0.02","2021-01-20 08:15:00"
"995113",34,"0.56","2021-01-20 08:30:00"
"995167",34,"0.51","2021-01-20 08:45:00"
"995221",34,"1.212","2021-01-20 09:00:00"
"995275",34,"2.742","2021-01-20 09:15:00"
"995329",34,"3.222","2021-01-20 09:30:00"
"995383",34,"1.9220000000000002","2021-01-20 09:45:00"
"995437",34,"3.909","2021-01-20 10:00:00"
"995491",34,"3.246","2021-01-20 10:15:00"
"996625",34,"0.9","2021-01-20 15:30:00"
"996679",34,"0.85","2021-01-20 15:45:00"
"996733",34,"0.96","2021-01-20 16:00:00"
"996787",34,"0.47000000000000003","2021-01-20 16:15:00"
"996841",34,"1.572","2021-01-20 16:30:00"
"996895",34,"1.7730000000000001","2021-01-20 16:45:00"
"996949",34,"1.971","2021-01-20 17:00:00"
"997003",34,"1.701","2021-01-20 17:15:00"
"997057",34,"2.2720000000000002","2021-01-20 17:30:00"
"997111",34,"1.5510000000000002","2021-01-20 17:45:00"
"998299",34,"1.619","2021-01-20 23:15:00"
"998353",34,"1.508","2021-01-20 23:30:00"
"998407",34,"1.62","2021-01-20 23:45:00"
"998461",34,"1.381","2021-01-21 00:00:00"
"998515",34,"0.5700000000000001","2021-01-21 00:15:00"
"998569",34,"1.633","2021-01-21 00:30:00"
"998623",34,"2.269","2021-01-21 00:45:00"
"998677",34,"1.3","2021-01-21 01:00:00"
"998731",34,"0.99","2021-01-21 01:15:00"
"998785",34,"1.5230000000000001","2021-01-21 01:30:00"
"999919",34,"0.97","2021-01-21 06:45:00"
"999973",34,"0.02","2021-01-21 07:00:00"
"1000027",34,"0.56","2021-01-21 07:15:00"
"1000081",34,"3.5220000000000002","2021-01-21 07:30:00"
"1000135",34,"4.917","2021-01-21 07:45:00"
"1000189",34,"4.994","2021-01-21 08:00:00"
"1000243",34,"4.929","2021-01-21 08:15:00"
"1000297",34,"4.212","2021-01-21 08:30:00"
"1000351",34,"4.157","2021-01-21 08:45:00"
"1000405",34,"3.118","2021-01-21 09:00:00"
"1000459",34,"3.757","2021-01-21 09:15:00"
"1002133",34,"0.81","2021-01-21 17:00:00"
"1002187",34,"1.438","2021-01-21 17:15:00"
"1002241",34,"1.129","2021-01-21 17:30:00"
"1002295",34,"1.675","2021-01-21 17:45:00"
"1002349",34,"2.829","2021-01-21 18:00:00"
"1002403",34,"2.832","2021-01-21 18:15:00"
"1002457",34,"2.157","2021-01-21 18:30:00"
"1002511",34,"1.572","2021-01-21 18:45:00"
"1002565",34,"1.8250000000000002","2021-01-21 19:00:00"
"1002619",34,"6.097","2021-01-21 19:15:00"
"1003267",34,"1.091","2021-01-21 22:15:00"
"1003321",34,"3.198","2021-01-21 22:30:00"
"1003375",34,"4.343","2021-01-21 22:45:00"
"1003429",34,"2.476","2021-01-21 23:00:00"
"1003483",34,"0.9","2021-01-21 23:15:00"
"1003537",34,"2.474","2021-01-21 23:30:00"
"1003591",34,"1.755","2021-01-21 23:45:00"
"1003645",34,"1.596","2021-01-22 00:00:00"
"1003699",34,"0.21","2021-01-22 00:15:00"
"1003753",34,"0","2021-01-22 00:30:00"
"1005481",34,"3.526","2021-01-22 08:30:00"
"1005535",34,"3.822","2021-01-22 08:45:00"
"1005589",34,"4.179","2021-01-22 09:00:00"
"1005643",34,"5.004","2021-01-22 09:15:00"
"1005697",34,"4.89","2021-01-22 09:30:00"
"1005751",34,"5.314","2021-01-22 09:45:00"
"1005805",34,"5.259","2021-01-22 10:00:00"
"1005859",34,"4.412","2021-01-22 10:15:00"
"1005913",34,"4.332","2021-01-22 10:30:00"
"1005967",34,"4.442","2021-01-22 10:45:00"
"1007101",34,"1.795","2021-01-22 16:00:00"
"1007155",34,"1.267","2021-01-22 16:15:00"
"1007209",34,"1.264","2021-01-22 16:30:00"
"1007263",34,"0.8","2021-01-22 16:45:00"
"1007317",34,"0.27","2021-01-22 17:00:00"
"1007371",34,"1.74","2021-01-22 17:15:00"
"1007425",34,"2.708","2021-01-22 17:30:00"
"1007479",34,"2.476","2021-01-22 17:45:00"
"1007533",34,"2.527","2021-01-22 18:00:00"
"1007587",34,"2.165","2021-01-22 18:15:00"
"1008775",34,"3.133","2021-01-22 23:45:00"
"1008829",34,"2.915","2021-01-23 00:00:00"
"1008883",34,"2.599","2021-01-23 00:15:00"
"1008937",34,"0.78","2021-01-23 00:30:00"
"1008991",34,"1.279","2021-01-23 00:45:00"
"1009045",34,"2.329","2021-01-23 01:00:00"
"1009099",34,"1.948","2021-01-23 01:15:00"
"1009153",34,"0.9","2021-01-23 01:30:00"
"1009207",34,"2.165","2021-01-23 01:45:00"
"1009261",34,"2.805","2021-01-23 02:00:00"
"1010449",34,"1.399","2021-01-23 07:30:00"
"1010503",34,"1.388","2021-01-23 07:45:00"
"1010557",34,"1.346","2021-01-23 08:00:00"
"1010611",34,"2.259","2021-01-23 08:15:00"
"1010665",34,"2.054","2021-01-23 08:30:00"
"1010719",34,"2.044","2021-01-23 08:45:00"
"1010773",34,"1.5710000000000002","2021-01-23 09:00:00"
"1010827",34,"3.148","2021-01-23 09:15:00"
"1010881",34,"3.493","2021-01-23 09:30:00"
"1010935",34,"3.771","2021-01-23 09:45:00"
"1011529",34,"2.598","2021-01-23 12:30:00"
"1011583",34,"1.301","2021-01-23 12:45:00"
"1011637",34,"0.9400000000000001","2021-01-23 13:00:00"
"1011691",34,"0.5","2021-01-23 13:15:00"
"1011745",34,"0.84","2021-01-23 13:30:00"
"1011799",34,"1.213","2021-01-23 13:45:00"
"1011853",34,"0.15","2021-01-23 14:00:00"
"1011907",34,"2.325","2021-01-23 14:15:00"
"1011961",34,"1.308","2021-01-23 14:30:00"
"1012015",34,"1.359","2021-01-23 14:45:00"
"1013203",34,"1.99","2021-01-23 20:15:00"
"1013257",34,"0.51","2021-01-23 20:30:00"
"1013311",34,"0.52","2021-01-23 20:45:00"
"1013365",34,"1.603","2021-01-23 21:00:00"
"1013419",34,"0.53","2021-01-23 21:15:00"
"1013473",34,"0.88","2021-01-23 21:30:00"
"1013527",34,"2.013","2021-01-23 21:45:00"
"1013581",34,"6.533","2021-01-23 22:00:00"
"1013635",34,"5.657","2021-01-23 22:15:00"
"1013689",34,"5.955","2021-01-23 22:30:00"
"1014283",34,"0","2021-01-24 01:15:00"
"1014337",34,"0","2021-01-24 01:30:00"
"1014391",34,"0","2021-01-24 01:45:00"
"1014445",34,"0.6900000000000001","2021-01-24 02:00:00"
"1014499",34,"2.322","2021-01-24 02:15:00"
"1014553",34,"2.436","2021-01-24 02:30:00"
"1014607",34,"2.286","2021-01-24 02:45:00"
"1014661",34,"2.3529999999999998","2021-01-24 03:00:00"
"1014715",34,"1.432","2021-01-24 03:15:00"
"1014769",34,"0.86","2021-01-24 03:30:00"
"1015957",34,"2.734","2021-01-24 09:00:00"
"1016011",34,"1.931","2021-01-24 09:15:00"
"1016065",34,"2.043","2021-01-24 09:30:00"
"1016119",34,"2.303","2021-01-24 09:45:00"
"1016173",34,"2.199","2021-01-24 10:00:00"
"1016227",34,"1.478","2021-01-24 10:15:00"
"1016281",34,"1.759","2021-01-24 10:30:00"
"1016335",34,"1.8050000000000002","2021-01-24 10:45:00"
"1016389",34,"2.404","2021-01-24 11:00:00"
"1016443",34,"2.868","2021-01-24 11:15:00"
"1017577",34,"2.206","2021-01-24 16:30:00"
"1017631",34,"4.726","2021-01-24 16:45:00"
"1017685",34,"3.339","2021-01-24 17:00:00"
"1017739",34,"2.987","2021-01-24 17:15:00"
"1017793",34,"2.505","2021-01-24 17:30:00"
"1017847",34,"1.38","2021-01-24 17:45:00"
"1017901",34,"0.07","2021-01-24 18:00:00"
"1017955",34,"0","2021-01-24 18:15:00"
"1018009",34,"0","2021-01-24 18:30:00"
"1018063",34,"2.984","2021-01-24 18:45:00"
"1018117",34,"3.313","2021-01-24 19:00:00"
"1020385",34,"0","2021-01-25 05:30:00"
"1020439",34,"0","2021-01-25 05:45:00"
"1020493",34,"0","2021-01-25 06:00:00"
"1020547",34,"0","2021-01-25 06:15:00"
"1020601",34,"0","2021-01-25 06:30:00"
"1020655",34,"0","2021-01-25 06:45:00"
"1020709",34,"0","2021-01-25 07:00:00"
"1020763",34,"0","2021-01-25 07:15:00"
"1020817",34,"0","2021-01-25 07:30:00"
"1020871",34,"0","2021-01-25 07:45:00"
"1021141",34,"0","2021-01-25 09:00:00"
"1021195",34,"0","2021-01-25 09:15:00"
"1021249",34,"0","2021-01-25 09:30:00"
"1021303",34,"0","2021-01-25 09:45:00"
"1021357",34,"0","2021-01-25 10:00:00"
"1021411",34,"0","2021-01-25 10:15:00"
"1026973",34,"1.905","2021-01-26 12:00:00"
"1027027",34,"2.105","2021-01-26 12:15:00"
"1027081",34,"2.195","2021-01-26 12:30:00"
"1027135",34,"3.329","2021-01-26 12:45:00"
"1027189",34,"3.249","2021-01-26 13:00:00"
"1027243",34,"3.753","2021-01-26 13:15:00"
"1027297",34,"2.693","2021-01-26 13:30:00"
"1027351",34,"2.443","2021-01-26 13:45:00"
"1027405",34,"2.739","2021-01-26 14:00:00"
"1027459",34,"2.3609999999999998","2021-01-26 14:15:00"
"1028647",34,"1.682","2021-01-26 19:45:00"
"1028701",34,"1.8559999999999999","2021-01-26 20:00:00"
"1028755",34,"2.096","2021-01-26 20:15:00"
"1028809",34,"1.857","2021-01-26 20:30:00"
"1028863",34,"2.041","2021-01-26 20:45:00"
"1028917",34,"2.1390000000000002","2021-01-26 21:00:00"
"1028971",34,"1.827","2021-01-26 21:15:00"
"1029025",34,"1.251","2021-01-26 21:30:00"
"1029079",34,"2.235","2021-01-26 21:45:00"
"1029133",34,"2.753","2021-01-26 22:00:00"
"1029727",34,"0","2021-01-27 00:45:00"
"1029781",34,"0","2021-01-27 01:00:00"
"1029835",34,"0","2021-01-27 01:15:00"
"1029889",34,"0","2021-01-27 01:30:00"
"1029943",34,"0","2021-01-27 01:45:00"
"1029997",34,"0","2021-01-27 02:00:00"
"1030051",34,"0","2021-01-27 02:15:00"
"1030105",34,"0","2021-01-27 02:30:00"
"1030159",34,"0","2021-01-27 02:45:00"
"1030213",34,"0","2021-01-27 03:00:00"
"1030267",34,"0","2021-01-27 03:15:00"
"1030861",34,"0","2021-01-27 06:00:00"
"1030915",34,"0","2021-01-27 06:15:00"
"1030969",34,"0","2021-01-27 06:30:00"
"1031023",34,"0.72","2021-01-27 06:45:00"
"1031077",34,"0.28","2021-01-27 07:00:00"
"1031131",34,"0.4","2021-01-27 07:15:00"
"1031185",34,"0.01","2021-01-27 07:30:00"
"1031239",34,"0","2021-01-27 07:45:00"
"1031293",34,"1.5030000000000001","2021-01-27 08:00:00"
"1031347",34,"2.144","2021-01-27 08:15:00"
"1032481",34,"4.448","2021-01-27 13:30:00"
"1032535",34,"3.767","2021-01-27 13:45:00"
"1032589",34,"3.993","2021-01-27 14:00:00"
"1032643",34,"6.551","2021-01-27 14:15:00"
"984691",34,"1.612","2021-01-18 08:15:00"
"984745",34,"0.36","2021-01-18 08:30:00"
"984799",34,"2.296","2021-01-18 08:45:00"
"984853",34,"2.075","2021-01-18 09:00:00"
"984907",34,"2.512","2021-01-18 09:15:00"
"984961",34,"2.352","2021-01-18 09:30:00"
"986149",34,"2.662","2021-01-18 15:00:00"
"986203",34,"2.624","2021-01-18 15:15:00"
"986257",34,"1.79","2021-01-18 15:30:00"
"986311",34,"0.35000000000000003","2021-01-18 15:45:00"
"986365",34,"0.03","2021-01-18 16:00:00"
"986419",34,"0.02","2021-01-18 16:15:00"
"986473",34,"0","2021-01-18 16:30:00"
"986527",34,"0","2021-01-18 16:45:00"
"986581",34,"0","2021-01-18 17:00:00"
"986635",34,"0","2021-01-18 17:15:00"
"987229",34,"1.862","2021-01-18 20:00:00"
"987283",34,"0.77","2021-01-18 20:15:00"
"987337",34,"0.38","2021-01-18 20:30:00"
"987391",34,"1.792","2021-01-18 20:45:00"
"987445",34,"1.6880000000000002","2021-01-18 21:00:00"
"987499",34,"1.874","2021-01-18 21:15:00"
"987553",34,"1.994","2021-01-18 21:30:00"
"987607",34,"1.839","2021-01-18 21:45:00"
"987661",34,"0.97","2021-01-18 22:00:00"
"987715",34,"1.859","2021-01-18 22:15:00"
"988363",34,"1.806","2021-01-19 01:15:00"
"988417",34,"3.122","2021-01-19 01:30:00"
"988471",34,"3.071","2021-01-19 01:45:00"
"988525",34,"2.382","2021-01-19 02:00:00"
"988579",34,"2.207","2021-01-19 02:15:00"
"988633",34,"2.536","2021-01-19 02:30:00"
"988687",34,"1.491","2021-01-19 02:45:00"
"988741",34,"2.367","2021-01-19 03:00:00"
"988795",34,"2.158","2021-01-19 03:15:00"
"988849",34,"1.984","2021-01-19 03:30:00"
"989443",34,"4.353","2021-01-19 06:15:00"
"989497",34,"3.984","2021-01-19 06:30:00"
"989551",34,"4.428","2021-01-19 06:45:00"
"989605",34,"3.887","2021-01-19 07:00:00"
"989659",34,"3.303","2021-01-19 07:15:00"
"989713",34,"3.362","2021-01-19 07:30:00"
"989767",34,"3.149","2021-01-19 07:45:00"
"989821",34,"2.702","2021-01-19 08:00:00"
"989875",34,"2.659","2021-01-19 08:15:00"
"989929",34,"2.623","2021-01-19 08:30:00"
"990577",34,"3.032","2021-01-19 11:30:00"
"990631",34,"4.087","2021-01-19 11:45:00"
"990685",34,"3.613","2021-01-19 12:00:00"
"990739",34,"3.38","2021-01-19 12:15:00"
"990793",34,"4.006","2021-01-19 12:30:00"
"990847",34,"2.584","2021-01-19 12:45:00"
"990901",34,"3.094","2021-01-19 13:00:00"
"990955",34,"3.52","2021-01-19 13:15:00"
"991009",34,"3.5380000000000003","2021-01-19 13:30:00"
"991063",34,"3.093","2021-01-19 13:45:00"
"992197",34,"1.912","2021-01-19 19:00:00"
"992251",34,"0","2021-01-19 19:15:00"
"992305",34,"0","2021-01-19 19:30:00"
"992359",34,"0","2021-01-19 19:45:00"
"992413",34,"0.30000000000000004","2021-01-19 20:00:00"
"992467",34,"1.006","2021-01-19 20:15:00"
"992521",34,"0.05","2021-01-19 20:30:00"
"992575",34,"0","2021-01-19 20:45:00"
"992629",34,"0","2021-01-19 21:00:00"
"992683",34,"0.2","2021-01-19 21:15:00"
"993871",34,"0.58","2021-01-20 02:45:00"
"993925",34,"2.213","2021-01-20 03:00:00"
"993979",34,"1.873","2021-01-20 03:15:00"
"994033",34,"0","2021-01-20 03:30:00"
"994087",34,"0","2021-01-20 03:45:00"
"994141",34,"0","2021-01-20 04:00:00"
"994195",34,"0","2021-01-20 04:15:00"
"994249",34,"0","2021-01-20 04:30:00"
"994303",34,"0","2021-01-20 04:45:00"
"994357",34,"0","2021-01-20 05:00:00"
"996085",34,"4.167","2021-01-20 13:00:00"
"996139",34,"3.071","2021-01-20 13:15:00"
"996193",34,"1.098","2021-01-20 13:30:00"
"996247",34,"1.681","2021-01-20 13:45:00"
"996301",34,"2.6550000000000002","2021-01-20 14:00:00"
"996355",34,"2.632","2021-01-20 14:15:00"
"996409",34,"2.239","2021-01-20 14:30:00"
"996463",34,"1.971","2021-01-20 14:45:00"
"996517",34,"1.802","2021-01-20 15:00:00"
"996571",34,"1.245","2021-01-20 15:15:00"
"997705",34,"0.92","2021-01-20 20:30:00"
"997759",34,"1.745","2021-01-20 20:45:00"
"997813",34,"1.885","2021-01-20 21:00:00"
"997867",34,"2.216","2021-01-20 21:15:00"
"997921",34,"2.393","2021-01-20 21:30:00"
"997975",34,"1.9649999999999999","2021-01-20 21:45:00"
"998029",34,"2.618","2021-01-20 22:00:00"
"998083",34,"3.268","2021-01-20 22:15:00"
"998137",34,"3.196","2021-01-20 22:30:00"
"998191",34,"2.653","2021-01-20 22:45:00"
"998245",34,"2.168","2021-01-20 23:00:00"
"999379",34,"0","2021-01-21 04:15:00"
"999433",34,"0","2021-01-21 04:30:00"
"999487",34,"0.9","2021-01-21 04:45:00"
"999541",34,"2.331","2021-01-21 05:00:00"
"999595",34,"2.941","2021-01-21 05:15:00"
"999649",34,"3.774","2021-01-21 05:30:00"
"999703",34,"4.188","2021-01-21 05:45:00"
"999757",34,"2.916","2021-01-21 06:00:00"
"999811",34,"2.868","2021-01-21 06:15:00"
"999865",34,"1.478","2021-01-21 06:30:00"
"1001053",34,"2.472","2021-01-21 12:00:00"
"1001107",34,"2.6310000000000002","2021-01-21 12:15:00"
"1001161",34,"2.525","2021-01-21 12:30:00"
"1001215",34,"2.727","2021-01-21 12:45:00"
"1001269",34,"2.7199999999999998","2021-01-21 13:00:00"
"1001323",34,"3.018","2021-01-21 13:15:00"
"1001377",34,"2.76","2021-01-21 13:30:00"
"1001431",34,"2.362","2021-01-21 13:45:00"
"1001485",34,"1.8940000000000001","2021-01-21 14:00:00"
"1001539",34,"2.565","2021-01-21 14:15:00"
"1002673",34,"3.946","2021-01-21 19:30:00"
"1002727",34,"2.823","2021-01-21 19:45:00"
"1002781",34,"3.028","2021-01-21 20:00:00"
"1002835",34,"5.55","2021-01-21 20:15:00"
"1002889",34,"3.159","2021-01-21 20:30:00"
"1002943",34,"1.065","2021-01-21 20:45:00"
"1002997",34,"1.377","2021-01-21 21:00:00"
"1003051",34,"2.023","2021-01-21 21:15:00"
"1003105",34,"2.175","2021-01-21 21:30:00"
"1003159",34,"0.76","2021-01-21 21:45:00"
"1003213",34,"1.5390000000000001","2021-01-21 22:00:00"
"1004347",34,"1.69","2021-01-22 03:15:00"
"1004401",34,"1.716","2021-01-22 03:30:00"
"1004455",34,"2.158","2021-01-22 03:45:00"
"1004509",34,"1.826","2021-01-22 04:00:00"
"1004563",34,"0.04","2021-01-22 04:15:00"
"1004617",34,"1.456","2021-01-22 04:30:00"
"1004671",34,"0","2021-01-22 04:45:00"
"1004725",34,"0","2021-01-22 05:00:00"
"1004779",34,"0.61","2021-01-22 05:15:00"
"1004833",34,"0.58","2021-01-22 05:30:00"
"1006021",34,"4.594","2021-01-22 11:00:00"
"1006075",34,"4.3870000000000005","2021-01-22 11:15:00"
"1006129",34,"3.528","2021-01-22 11:30:00"
"1006183",34,"3.211","2021-01-22 11:45:00"
"1006237",34,"3.873","2021-01-22 12:00:00"
"1006291",34,"3.028","2021-01-22 12:15:00"
"1006345",34,"3.577","2021-01-22 12:30:00"
"1006399",34,"2.696","2021-01-22 12:45:00"
"1006453",34,"1.741","2021-01-22 13:00:00"
"1006507",34,"1.841","2021-01-22 13:15:00"
"1007641",34,"1.157","2021-01-22 18:30:00"
"1007695",34,"1.7610000000000001","2021-01-22 18:45:00"
"1007749",34,"0.38","2021-01-22 19:00:00"
"1007803",34,"2.923","2021-01-22 19:15:00"
"1007857",34,"2.98","2021-01-22 19:30:00"
"1007911",34,"1.422","2021-01-22 19:45:00"
"1007965",34,"0","2021-01-22 20:00:00"
"1008019",34,"0.39","2021-01-22 20:15:00"
"1008073",34,"1.7810000000000001","2021-01-22 20:30:00"
"1008127",34,"1.717","2021-01-22 20:45:00"
"1008181",34,"1.627","2021-01-22 21:00:00"
"1009315",34,"3.427","2021-01-23 02:15:00"
"1009369",34,"3.153","2021-01-23 02:30:00"
"1009423",34,"1.095","2021-01-23 02:45:00"
"1009477",34,"0.11","2021-01-23 03:00:00"
"1009531",34,"0.52","2021-01-23 03:15:00"
"1009585",34,"0","2021-01-23 03:30:00"
"1009639",34,"0","2021-01-23 03:45:00"
"1009693",34,"0","2021-01-23 04:00:00"
"1009747",34,"0","2021-01-23 04:15:00"
"1009801",34,"0","2021-01-23 04:30:00"
"1014823",34,"0.44","2021-01-24 03:45:00"
"1014877",34,"0","2021-01-24 04:00:00"
"1014931",34,"0.92","2021-01-24 04:15:00"
"1014985",34,"1.016","2021-01-24 04:30:00"
"1015039",34,"0","2021-01-24 04:45:00"
"1015093",34,"0","2021-01-24 05:00:00"
"1015147",34,"0","2021-01-24 05:15:00"
"1015201",34,"0","2021-01-24 05:30:00"
"1015255",34,"0","2021-01-24 05:45:00"
"1015309",34,"0","2021-01-24 06:00:00"
"1015363",34,"0.35000000000000003","2021-01-24 06:15:00"
"1016497",34,"1.508","2021-01-24 11:30:00"
"1016551",34,"2.001","2021-01-24 11:45:00"
"1016605",34,"1.807","2021-01-24 12:00:00"
"1016659",34,"1.721","2021-01-24 12:15:00"
"1016713",34,"1.483","2021-01-24 12:30:00"
"1016767",34,"0.75","2021-01-24 12:45:00"
"1016821",34,"1.073","2021-01-24 13:00:00"
"1016875",34,"0.53","2021-01-24 13:15:00"
"1016929",34,"1.249","2021-01-24 13:30:00"
"1016983",34,"2.117","2021-01-24 13:45:00"
"1018171",34,"2.8810000000000002","2021-01-24 19:15:00"
"1018225",34,"2.935","2021-01-24 19:30:00"
"1018279",34,"2.185","2021-01-24 19:45:00"
"1018333",34,"2.462","2021-01-24 20:00:00"
"1018387",34,"1.518","2021-01-24 20:15:00"
"1018441",34,"1.7469999999999999","2021-01-24 20:30:00"
"1018495",34,"2.337","2021-01-24 20:45:00"
"1018549",34,"2.474","2021-01-24 21:00:00"
"1018603",34,"1.98","2021-01-24 21:15:00"
"1018657",34,"0.42","2021-01-24 21:30:00"
"1019791",34,"0","2021-01-25 02:45:00"
"1019845",34,"0","2021-01-25 03:00:00"
"1019899",34,"0","2021-01-25 03:15:00"
"1019953",34,"0","2021-01-25 03:30:00"
"1020007",34,"0","2021-01-25 03:45:00"
"1020061",34,"0","2021-01-25 04:00:00"
"1020115",34,"0","2021-01-25 04:15:00"
"1020169",34,"0","2021-01-25 04:30:00"
"1020223",34,"0","2021-01-25 04:45:00"
"1020277",34,"0","2021-01-25 05:00:00"
"1020331",34,"0","2021-01-25 05:15:00"
"1021465",34,"0.07","2021-01-25 10:30:00"
"1021519",34,"0.30000000000000004","2021-01-25 10:45:00"
"1021573",34,"0.54","2021-01-25 11:00:00"
"1021627",34,"0.23","2021-01-25 11:15:00"
"1021681",34,"1.156","2021-01-25 11:30:00"
"1021735",34,"0.01","2021-01-25 11:45:00"
"1021789",34,"0.76","2021-01-25 12:00:00"
"1021843",34,"1.012","2021-01-25 12:15:00"
"1021897",34,"0.13","2021-01-25 12:30:00"
"1021951",34,"0","2021-01-25 12:45:00"
"1022545",34,"2.571","2021-01-25 15:30:00"
"1022599",34,"4.086","2021-01-25 15:45:00"
"1022653",34,"5.193","2021-01-25 16:00:00"
"1022707",34,"3.762","2021-01-25 16:15:00"
"1022761",34,"4.352","2021-01-25 16:30:00"
"1022815",34,"3.55","2021-01-25 16:45:00"
"1022869",34,"2.805","2021-01-25 17:00:00"
"1022923",34,"2.056","2021-01-25 17:15:00"
"1022977",34,"1.125","2021-01-25 17:30:00"
"1023031",34,"0","2021-01-25 17:45:00"
"1023085",34,"1.533","2021-01-25 18:00:00"
"1023679",34,"1.8170000000000002","2021-01-25 20:45:00"
"1023733",34,"1.479","2021-01-25 21:00:00"
"1023787",34,"1.439","2021-01-25 21:15:00"
"1023841",34,"1.442","2021-01-25 21:30:00"
"1023895",34,"1.3980000000000001","2021-01-25 21:45:00"
"1023949",34,"0.98","2021-01-25 22:00:00"
"1024003",34,"0.01","2021-01-25 22:15:00"
"1024057",34,"0","2021-01-25 22:30:00"
"1024111",34,"0","2021-01-25 22:45:00"
"1024165",34,"0","2021-01-25 23:00:00"
"1024759",34,"0","2021-01-26 01:45:00"
"1024813",34,"0","2021-01-26 02:00:00"
"1024867",34,"0","2021-01-26 02:15:00"
"1024921",34,"0.58","2021-01-26 02:30:00"
"1024975",34,"0.58","2021-01-26 02:45:00"
"1025029",34,"0","2021-01-26 03:00:00"
"1025083",34,"0","2021-01-26 03:15:00"
"1025137",34,"0","2021-01-26 03:30:00"
"1025191",34,"0","2021-01-26 03:45:00"
"1025245",34,"0","2021-01-26 04:00:00"
"1025299",34,"0","2021-01-26 04:15:00"
"1025893",34,"0.45","2021-01-26 07:00:00"
"1025947",34,"0.51","2021-01-26 07:15:00"
"1026001",34,"0","2021-01-26 07:30:00"
"1026055",34,"1.607","2021-01-26 07:45:00"
"1026109",34,"2.087","2021-01-26 08:00:00"
"1026163",34,"1.509","2021-01-26 08:15:00"
"1026217",34,"0.64","2021-01-26 08:30:00"
"1026271",34,"1.6840000000000002","2021-01-26 08:45:00"
"1026325",34,"0.55","2021-01-26 09:00:00"
"1026379",34,"2.041","2021-01-26 09:15:00"
"1027513",34,"2.374","2021-01-26 14:30:00"
"1027567",34,"2.787","2021-01-26 14:45:00"
"1027621",34,"3.242","2021-01-26 15:00:00"
"1027675",34,"3.255","2021-01-26 15:15:00"
"1027729",34,"2.949","2021-01-26 15:30:00"
"1027783",34,"2.676","2021-01-26 15:45:00"
"1027837",34,"2.977","2021-01-26 16:00:00"
"1027891",34,"1.851","2021-01-26 16:15:00"
"1027945",34,"2.386","2021-01-26 16:30:00"
"1027999",34,"2.5620000000000003","2021-01-26 16:45:00"
"1028053",34,"2.7359999999999998","2021-01-26 17:00:00"
"1029187",34,"1.879","2021-01-26 22:15:00"
"1029241",34,"0.45","2021-01-26 22:30:00"
"1029295",34,"1.943","2021-01-26 22:45:00"
"1029349",34,"2.193","2021-01-26 23:00:00"
"1029403",34,"2.385","2021-01-26 23:15:00"
"1029457",34,"2.024","2021-01-26 23:30:00"
"1029511",34,"1.862","2021-01-26 23:45:00"
"1029565",34,"0.08","2021-01-27 00:00:00"
"1029619",34,"0","2021-01-27 00:15:00"
"1029673",34,"0","2021-01-27 00:30:00"
"1031401",34,"2.359","2021-01-27 08:30:00"
"1031455",34,"2.917","2021-01-27 08:45:00"
"1031509",34,"2.9370000000000003","2021-01-27 09:00:00"
"1031563",34,"3.667","2021-01-27 09:15:00"
"1031617",34,"3.777","2021-01-27 09:30:00"
"1031671",34,"4.138","2021-01-27 09:45:00"
"1031725",34,"3.524","2021-01-27 10:00:00"
"1031779",34,"2.517","2021-01-27 10:15:00"
"1031833",34,"2.814","2021-01-27 10:30:00"
"1032697",34,"5.166","2021-01-27 14:30:00"
"1032751",34,"4.515","2021-01-27 14:45:00"
"1032805",34,"4.153","2021-01-27 15:00:00"
"1032859",34,"3.95","2021-01-27 15:15:00"
"1032913",34,"3.6189999999999998","2021-01-27 15:30:00"
"1032967",34,"3.135","2021-01-27 15:45:00"
"1033021",34,"3.162","2021-01-27 16:00:00"
"1037449",34,"2.297","2021-01-28 12:30:00"
"1037503",34,"3.502","2021-01-28 12:45:00"
"1037557",34,"3.946","2021-01-28 13:00:00"
"1037611",34,"4.093","2021-01-28 13:15:00"
"1037665",34,"3.823","2021-01-28 13:30:00"
"1037719",34,"3.868","2021-01-28 13:45:00"
"1037773",34,"3.284","2021-01-28 14:00:00"
"1037827",34,"3.534","2021-01-28 14:15:00"
"1037881",34,"4.004","2021-01-28 14:30:00"
"1037935",34,"4.445","2021-01-28 14:45:00"
"1037989",34,"3.184","2021-01-28 15:00:00"
"1039123",34,"2.093","2021-01-28 20:15:00"
"1039177",34,"2.528","2021-01-28 20:30:00"
"1039231",34,"1.561","2021-01-28 20:45:00"
"1039285",34,"0","2021-01-28 21:00:00"
"1039339",34,"0","2021-01-28 21:15:00"
"1039393",34,"0","2021-01-28 21:30:00"
"1039447",34,"0","2021-01-28 21:45:00"
"1039501",34,"0","2021-01-28 22:00:00"
"1039555",34,"0","2021-01-28 22:15:00"
"1039609",34,"0.39","2021-01-28 22:30:00"
"1040797",34,"1.092","2021-01-29 04:00:00"
"1040851",34,"2.476","2021-01-29 04:15:00"
"1040905",34,"2.658","2021-01-29 04:30:00"
"1040959",34,"2.771","2021-01-29 04:45:00"
"1041013",34,"2.069","2021-01-29 05:00:00"
"1041067",34,"2.062","2021-01-29 05:15:00"
"1041121",34,"1.525","2021-01-29 05:30:00"
"1041175",34,"0","2021-01-29 05:45:00"
"1041229",34,"1.316","2021-01-29 06:00:00"
"1041283",34,"0.13","2021-01-29 06:15:00"
"1042417",34,"1.23","2021-01-29 11:30:00"
"1042471",34,"1.796","2021-01-29 11:45:00"
"1042525",34,"1.576","2021-01-29 12:00:00"
"1042579",34,"3.127","2021-01-29 12:15:00"
"1042633",34,"2.863","2021-01-29 12:30:00"
"1042687",34,"2.568","2021-01-29 12:45:00"
"1042741",34,"3.218","2021-01-29 13:00:00"
"1042795",34,"3.04","2021-01-29 13:15:00"
"1042849",34,"3.377","2021-01-29 13:30:00"
"1042903",34,"3.6790000000000003","2021-01-29 13:45:00"
"1042957",34,"5.34","2021-01-29 14:00:00"
"1044091",34,"3.318","2021-01-29 19:15:00"
"1044145",34,"3.593","2021-01-29 19:30:00"
"1044199",34,"4.114","2021-01-29 19:45:00"
"1044253",34,"3.924","2021-01-29 20:00:00"
"1044307",34,"3.717","2021-01-29 20:15:00"
"1044361",34,"3.958","2021-01-29 20:30:00"
"1044415",34,"4.273","2021-01-29 20:45:00"
"1044469",34,"4.237","2021-01-29 21:00:00"
"1044523",34,"3.741","2021-01-29 21:15:00"
"1044577",34,"3.7279999999999998","2021-01-29 21:30:00"
"1045225",34,"1.4","2021-01-30 00:30:00"
"1045279",34,"0.36","2021-01-30 00:45:00"
"1045333",34,"0","2021-01-30 01:00:00"
"1045387",34,"0","2021-01-30 01:15:00"
"1045441",34,"0","2021-01-30 01:30:00"
"1045495",34,"0","2021-01-30 01:45:00"
"1045549",34,"0","2021-01-30 02:00:00"
"1045603",34,"0","2021-01-30 02:15:00"
"1045657",34,"0","2021-01-30 02:30:00"
"1045711",34,"0.48","2021-01-30 02:45:00"
"1046845",34,"0","2021-01-30 08:00:00"
"1046899",34,"0","2021-01-30 08:15:00"
"1046953",34,"0","2021-01-30 08:30:00"
"1047007",34,"0.29","2021-01-30 08:45:00"
"1047061",34,"0.18","2021-01-30 09:00:00"
"1047115",34,"1.6280000000000001","2021-01-30 09:15:00"
"1047169",34,"1.046","2021-01-30 09:30:00"
"1047223",34,"1.631","2021-01-30 09:45:00"
"1047277",34,"1.601","2021-01-30 10:00:00"
"1047331",34,"0.03","2021-01-30 10:15:00"
"1048519",34,"3.643","2021-01-30 15:45:00"
"1048573",34,"3.625","2021-01-30 16:00:00"
"1048627",34,"3.691","2021-01-30 16:15:00"
"1048681",34,"3.202","2021-01-30 16:30:00"
"1048735",34,"2.969","2021-01-30 16:45:00"
"1048789",34,"2.94","2021-01-30 17:00:00"
"1048843",34,"2.056","2021-01-30 17:15:00"
"1048897",34,"1.5470000000000002","2021-01-30 17:30:00"
"1048951",34,"1.881","2021-01-30 17:45:00"
"1049005",34,"1.7469999999999999","2021-01-30 18:00:00"
"1050193",34,"1.741","2021-01-30 23:30:00"
"1050247",34,"0","2021-01-30 23:45:00"
"1050301",34,"0.13","2021-01-31 00:00:00"
"1050355",34,"0","2021-01-31 00:15:00"
"1050409",34,"0","2021-01-31 00:30:00"
"1050463",34,"0","2021-01-31 00:45:00"
"1050517",34,"0","2021-01-31 01:00:00"
"1050571",34,"0","2021-01-31 01:15:00"
"1050625",34,"0","2021-01-31 01:30:00"
"1050679",34,"0","2021-01-31 01:45:00"
"1051813",34,"0","2021-01-31 07:00:00"
"1051867",34,"0","2021-01-31 07:15:00"
"1051921",34,"0.09","2021-01-31 07:30:00"
"1051975",34,"0","2021-01-31 07:45:00"
"1052029",34,"0","2021-01-31 08:00:00"
"1052083",34,"0.31","2021-01-31 08:15:00"
"1052137",34,"0.28","2021-01-31 08:30:00"
"1052191",34,"1.221","2021-01-31 08:45:00"
"1052245",34,"0","2021-01-31 09:00:00"
"1052299",34,"0.44","2021-01-31 09:15:00"
"1054027",34,"2.089","2021-01-31 17:15:00"
"1054081",34,"1.453","2021-01-31 17:30:00"
"1054135",34,"2.323","2021-01-31 17:45:00"
"1054189",34,"4.583","2021-01-31 18:00:00"
"1054243",34,"2.767","2021-01-31 18:15:00"
"1054297",34,"1.703","2021-01-31 18:30:00"
"1054351",34,"0.05","2021-01-31 18:45:00"
"1054405",34,"1.259","2021-01-31 19:00:00"
"1054459",34,"2.002","2021-01-31 19:15:00"
"1054513",34,"1.862","2021-01-31 19:30:00"
"1056241",34,"0","2021-02-01 03:30:00"
"1056295",34,"0","2021-02-01 03:45:00"
"1056349",34,"0","2021-02-01 04:00:00"
"1056403",34,"0","2021-02-01 04:15:00"
"1056457",34,"0","2021-02-01 04:30:00"
"1056511",34,"0","2021-02-01 04:45:00"
"1056565",34,"0","2021-02-01 05:00:00"
"1056619",34,"0","2021-02-01 05:15:00"
"1056673",34,"0","2021-02-01 05:30:00"
"1056727",34,"0","2021-02-01 05:45:00"
"1058455",34,"1.679","2021-02-01 13:45:00"
"1058509",34,"2.245","2021-02-01 14:00:00"
"1058563",34,"2.777","2021-02-01 14:15:00"
"1058617",34,"2.678","2021-02-01 14:30:00"
"1058671",34,"2.215","2021-02-01 14:45:00"
"1058725",34,"1.966","2021-02-01 15:00:00"
"1058779",34,"1.323","2021-02-01 15:15:00"
"1058833",34,"2.006","2021-02-01 15:30:00"
"1058887",34,"2.9450000000000003","2021-02-01 15:45:00"
"1058941",34,"3.208","2021-02-01 16:00:00"
"1060129",34,"0","2021-02-01 21:30:00"
"1060183",34,"0","2021-02-01 21:45:00"
"1060237",34,"1.374","2021-02-01 22:00:00"
"1060291",34,"3.117","2021-02-01 22:15:00"
"1060345",34,"2.578","2021-02-01 22:30:00"
"1060399",34,"0.97","2021-02-01 22:45:00"
"1060453",34,"0","2021-02-01 23:00:00"
"1060507",34,"0.75","2021-02-01 23:15:00"
"1060561",34,"2.188","2021-02-01 23:30:00"
"1060615",34,"1.858","2021-02-01 23:45:00"
"1061209",34,"0.27","2021-02-02 02:30:00"
"1061263",34,"0","2021-02-02 02:45:00"
"1061317",34,"0","2021-02-02 03:00:00"
"1061371",34,"0.74","2021-02-02 03:15:00"
"1061425",34,"1.833","2021-02-02 03:30:00"
"1061479",34,"2.062","2021-02-02 03:45:00"
"1061533",34,"0.84","2021-02-02 04:00:00"
"1061587",34,"0.23","2021-02-02 04:15:00"
"1061641",34,"0.79","2021-02-02 04:30:00"
"1061695",34,"1.084","2021-02-02 04:45:00"
"1062289",34,"0","2021-02-02 07:30:00"
"1062343",34,"0","2021-02-02 07:45:00"
"1062397",34,"0.98","2021-02-02 08:00:00"
"1062451",34,"0.93","2021-02-02 08:15:00"
"1062505",34,"0.45","2021-02-02 08:30:00"
"1062559",34,"1.041","2021-02-02 08:45:00"
"1062613",34,"0.48","2021-02-02 09:00:00"
"1062667",34,"2.113","2021-02-02 09:15:00"
"1062721",34,"2.364","2021-02-02 09:30:00"
"1062775",34,"1.496","2021-02-02 09:45:00"
"1062829",34,"1.623","2021-02-02 10:00:00"
"1063963",34,"1.923","2021-02-02 15:15:00"
"1064017",34,"1.442","2021-02-02 15:30:00"
"1064071",34,"0.89","2021-02-02 15:45:00"
"1064125",34,"2.221","2021-02-02 16:00:00"
"1064179",34,"2.6390000000000002","2021-02-02 16:15:00"
"1064233",34,"2.185","2021-02-02 16:30:00"
"1064287",34,"2.3529999999999998","2021-02-02 16:45:00"
"1064341",34,"2.574","2021-02-02 17:00:00"
"1064395",34,"1.348","2021-02-02 17:15:00"
"1064449",34,"1.112","2021-02-02 17:30:00"
"1065637",34,"0.56","2021-02-02 23:00:00"
"1065691",34,"0","2021-02-02 23:15:00"
"1065745",34,"0","2021-02-02 23:30:00"
"1065799",34,"0","2021-02-02 23:45:00"
"1065853",34,"0","2021-02-03 00:00:00"
"1022005",34,"0.03","2021-01-25 13:00:00"
"1022059",34,"0.55","2021-01-25 13:15:00"
"1022113",34,"1.726","2021-01-25 13:30:00"
"1022167",34,"2.453","2021-01-25 13:45:00"
"1022221",34,"3.08","2021-01-25 14:00:00"
"1022275",34,"3.339","2021-01-25 14:15:00"
"1022329",34,"4.361","2021-01-25 14:30:00"
"1022383",34,"3.865","2021-01-25 14:45:00"
"1022437",34,"3.019","2021-01-25 15:00:00"
"1022491",34,"2.841","2021-01-25 15:15:00"
"1023139",34,"0.91","2021-01-25 18:15:00"
"1023193",34,"0.25","2021-01-25 18:30:00"
"1023247",34,"0.47000000000000003","2021-01-25 18:45:00"
"1023301",34,"1.564","2021-01-25 19:00:00"
"1023355",34,"1.697","2021-01-25 19:15:00"
"1023409",34,"1.837","2021-01-25 19:30:00"
"1023463",34,"1.947","2021-01-25 19:45:00"
"1023517",34,"1.708","2021-01-25 20:00:00"
"1023571",34,"1.151","2021-01-25 20:15:00"
"1023625",34,"2.063","2021-01-25 20:30:00"
"1024219",34,"0.11","2021-01-25 23:15:00"
"1024273",34,"1.799","2021-01-25 23:30:00"
"1024327",34,"0.43","2021-01-25 23:45:00"
"1024381",34,"0","2021-01-26 00:00:00"
"1024435",34,"0","2021-01-26 00:15:00"
"1024489",34,"0.25","2021-01-26 00:30:00"
"1024543",34,"0.16","2021-01-26 00:45:00"
"1024597",34,"0","2021-01-26 01:00:00"
"1024651",34,"0","2021-01-26 01:15:00"
"1024705",34,"0","2021-01-26 01:30:00"
"1025353",34,"0","2021-01-26 04:30:00"
"1025407",34,"0.43","2021-01-26 04:45:00"
"1025461",34,"0","2021-01-26 05:00:00"
"1025515",34,"0","2021-01-26 05:15:00"
"1025569",34,"0","2021-01-26 05:30:00"
"1025623",34,"0","2021-01-26 05:45:00"
"1025677",34,"0","2021-01-26 06:00:00"
"1025731",34,"0","2021-01-26 06:15:00"
"1025785",34,"0","2021-01-26 06:30:00"
"1025839",34,"0","2021-01-26 06:45:00"
"1026433",34,"1.6800000000000002","2021-01-26 09:30:00"
"1026487",34,"1.667","2021-01-26 09:45:00"
"1026541",34,"2.218","2021-01-26 10:00:00"
"1026595",34,"2.811","2021-01-26 10:15:00"
"1026649",34,"3.777","2021-01-26 10:30:00"
"1026703",34,"3.641","2021-01-26 10:45:00"
"1026757",34,"2.917","2021-01-26 11:00:00"
"1026811",34,"2.944","2021-01-26 11:15:00"
"1026865",34,"2.786","2021-01-26 11:30:00"
"1026919",34,"2.673","2021-01-26 11:45:00"
"1028107",34,"2.444","2021-01-26 17:15:00"
"1028161",34,"1.814","2021-01-26 17:30:00"
"1028215",34,"2.268","2021-01-26 17:45:00"
"1028269",34,"2.41","2021-01-26 18:00:00"
"1028323",34,"1.8559999999999999","2021-01-26 18:15:00"
"1028377",34,"2.291","2021-01-26 18:30:00"
"1028431",34,"2.207","2021-01-26 18:45:00"
"1028485",34,"2.224","2021-01-26 19:00:00"
"1028539",34,"2.559","2021-01-26 19:15:00"
"1028593",34,"2.418","2021-01-26 19:30:00"
"1030321",34,"0","2021-01-27 03:30:00"
"1030375",34,"0","2021-01-27 03:45:00"
"1030429",34,"0","2021-01-27 04:00:00"
"1030483",34,"0","2021-01-27 04:15:00"
"1030537",34,"0","2021-01-27 04:30:00"
"1030591",34,"0","2021-01-27 04:45:00"
"1030645",34,"0","2021-01-27 05:00:00"
"1030699",34,"0","2021-01-27 05:15:00"
"1030753",34,"0","2021-01-27 05:30:00"
"1030807",34,"0","2021-01-27 05:45:00"
"1031941",34,"2.7960000000000003","2021-01-27 11:00:00"
"1031995",34,"3.146","2021-01-27 11:15:00"
"1032049",34,"3.393","2021-01-27 11:30:00"
"1032103",34,"4.022","2021-01-27 11:45:00"
"1032157",34,"4.191","2021-01-27 12:00:00"
"1032211",34,"3.721","2021-01-27 12:15:00"
"1032265",34,"4.879","2021-01-27 12:30:00"
"1032319",34,"4.716","2021-01-27 12:45:00"
"1032373",34,"4.318","2021-01-27 13:00:00"
"1032427",34,"3.777","2021-01-27 13:15:00"
"1033615",34,"0.36","2021-01-27 18:45:00"
"1033669",34,"0.14","2021-01-27 19:00:00"
"1033723",34,"2.7279999999999998","2021-01-27 19:15:00"
"1033777",34,"3.279","2021-01-27 19:30:00"
"1033831",34,"4.355","2021-01-27 19:45:00"
"1033885",34,"5.654","2021-01-27 20:00:00"
"1033939",34,"6.006","2021-01-27 20:15:00"
"1033993",34,"5.813","2021-01-27 20:30:00"
"1034047",34,"4.862","2021-01-27 20:45:00"
"1034101",34,"3.508","2021-01-27 21:00:00"
"1034695",34,"0","2021-01-27 23:45:00"
"1034749",34,"0.78","2021-01-28 00:00:00"
"1034803",34,"0","2021-01-28 00:15:00"
"1034857",34,"0","2021-01-28 00:30:00"
"1034911",34,"0","2021-01-28 00:45:00"
"1034965",34,"0","2021-01-28 01:00:00"
"1035019",34,"0","2021-01-28 01:15:00"
"1035073",34,"0","2021-01-28 01:30:00"
"1035127",34,"0","2021-01-28 01:45:00"
"1035181",34,"0","2021-01-28 02:00:00"
"1035235",34,"0.75","2021-01-28 02:15:00"
"1035829",34,"0","2021-01-28 05:00:00"
"1035883",34,"0","2021-01-28 05:15:00"
"1035937",34,"0","2021-01-28 05:30:00"
"1035991",34,"0","2021-01-28 05:45:00"
"1036045",34,"0","2021-01-28 06:00:00"
"1036099",34,"0","2021-01-28 06:15:00"
"1036153",34,"0","2021-01-28 06:30:00"
"1036207",34,"0","2021-01-28 06:45:00"
"1036261",34,"0","2021-01-28 07:00:00"
"1036315",34,"0","2021-01-28 07:15:00"
"1036909",34,"0","2021-01-28 10:00:00"
"1036963",34,"0.03","2021-01-28 10:15:00"
"1037017",34,"0.05","2021-01-28 10:30:00"
"1037071",34,"0.1","2021-01-28 10:45:00"
"1037125",34,"0","2021-01-28 11:00:00"
"1037179",34,"0.79","2021-01-28 11:15:00"
"1037233",34,"2.249","2021-01-28 11:30:00"
"1037287",34,"2.638","2021-01-28 11:45:00"
"1037341",34,"2.536","2021-01-28 12:00:00"
"1037395",34,"2.212","2021-01-28 12:15:00"
"1038583",34,"0","2021-01-28 17:45:00"
"1038637",34,"0.99","2021-01-28 18:00:00"
"1038691",34,"0.99","2021-01-28 18:15:00"
"1038745",34,"0","2021-01-28 18:30:00"
"1038799",34,"0.77","2021-01-28 18:45:00"
"1038853",34,"0.73","2021-01-28 19:00:00"
"1038907",34,"0","2021-01-28 19:15:00"
"1038961",34,"1.649","2021-01-28 19:30:00"
"1039015",34,"1.924","2021-01-28 19:45:00"
"1039069",34,"0.98","2021-01-28 20:00:00"
"1040257",34,"2.473","2021-01-29 01:30:00"
"1040311",34,"2.462","2021-01-29 01:45:00"
"1040365",34,"2.163","2021-01-29 02:00:00"
"1040419",34,"2.737","2021-01-29 02:15:00"
"1040473",34,"2.349","2021-01-29 02:30:00"
"1040527",34,"2.773","2021-01-29 02:45:00"
"1040581",34,"2.61","2021-01-29 03:00:00"
"1040635",34,"1.7189999999999999","2021-01-29 03:15:00"
"1040689",34,"1.226","2021-01-29 03:30:00"
"1040743",34,"1.1320000000000001","2021-01-29 03:45:00"
"1041877",34,"1.931","2021-01-29 09:00:00"
"1041931",34,"2.4050000000000002","2021-01-29 09:15:00"
"1041985",34,"1.701","2021-01-29 09:30:00"
"1042039",34,"2.266","2021-01-29 09:45:00"
"1042093",34,"2.303","2021-01-29 10:00:00"
"1042147",34,"2.047","2021-01-29 10:15:00"
"1042201",34,"2.337","2021-01-29 10:30:00"
"1042255",34,"2.505","2021-01-29 10:45:00"
"1042309",34,"2.38","2021-01-29 11:00:00"
"1042363",34,"1.471","2021-01-29 11:15:00"
"1043551",34,"3.709","2021-01-29 16:45:00"
"1043605",34,"3.307","2021-01-29 17:00:00"
"1043659",34,"3.27","2021-01-29 17:15:00"
"1043713",34,"2.46","2021-01-29 17:30:00"
"1043767",34,"1.716","2021-01-29 17:45:00"
"1043821",34,"1.952","2021-01-29 18:00:00"
"1043875",34,"1.876","2021-01-29 18:15:00"
"1043929",34,"2.765","2021-01-29 18:30:00"
"1043983",34,"3.348","2021-01-29 18:45:00"
"1044037",34,"3.236","2021-01-29 19:00:00"
"1045765",34,"1.52","2021-01-30 03:00:00"
"1045819",34,"1.874","2021-01-30 03:15:00"
"1045873",34,"1.538","2021-01-30 03:30:00"
"1045927",34,"0.05","2021-01-30 03:45:00"
"1045981",34,"0","2021-01-30 04:00:00"
"1046035",34,"0","2021-01-30 04:15:00"
"1046089",34,"0.86","2021-01-30 04:30:00"
"1046143",34,"0","2021-01-30 04:45:00"
"1046197",34,"0","2021-01-30 05:00:00"
"1046251",34,"0.1","2021-01-30 05:15:00"
"1047385",34,"0.11","2021-01-30 10:30:00"
"1047439",34,"1.035","2021-01-30 10:45:00"
"1047493",34,"1.9580000000000002","2021-01-30 11:00:00"
"1047547",34,"2.8609999999999998","2021-01-30 11:15:00"
"1047601",34,"2.621","2021-01-30 11:30:00"
"1047655",34,"2.734","2021-01-30 11:45:00"
"1047709",34,"2.656","2021-01-30 12:00:00"
"1047763",34,"3.425","2021-01-30 12:15:00"
"1047817",34,"2.224","2021-01-30 12:30:00"
"1047871",34,"1.019","2021-01-30 12:45:00"
"1047925",34,"3.398","2021-01-30 13:00:00"
"1049059",34,"1.884","2021-01-30 18:15:00"
"1049113",34,"1.658","2021-01-30 18:30:00"
"1049167",34,"0.61","2021-01-30 18:45:00"
"1049221",34,"0.99","2021-01-30 19:00:00"
"1049275",34,"0","2021-01-30 19:15:00"
"1049329",34,"0","2021-01-30 19:30:00"
"1049383",34,"0","2021-01-30 19:45:00"
"1049437",34,"0","2021-01-30 20:00:00"
"1049491",34,"0.91","2021-01-30 20:15:00"
"1049545",34,"0.30000000000000004","2021-01-30 20:30:00"
"1050733",34,"0","2021-01-31 02:00:00"
"1050787",34,"0","2021-01-31 02:15:00"
"1050841",34,"0","2021-01-31 02:30:00"
"1050895",34,"0","2021-01-31 02:45:00"
"1050949",34,"0","2021-01-31 03:00:00"
"1051003",34,"0","2021-01-31 03:15:00"
"1051057",34,"0.09","2021-01-31 03:30:00"
"1051111",34,"0","2021-01-31 03:45:00"
"1051165",34,"0","2021-01-31 04:00:00"
"1051219",34,"0","2021-01-31 04:15:00"
"1052353",34,"0","2021-01-31 09:30:00"
"1052407",34,"1.678","2021-01-31 09:45:00"
"1052461",34,"2.176","2021-01-31 10:00:00"
"1052515",34,"2.236","2021-01-31 10:15:00"
"1052569",34,"2.2","2021-01-31 10:30:00"
"1052623",34,"1.755","2021-01-31 10:45:00"
"1052677",34,"2.17","2021-01-31 11:00:00"
"1052731",34,"0.9400000000000001","2021-01-31 11:15:00"
"1052785",34,"1.1320000000000001","2021-01-31 11:30:00"
"1052839",34,"0.31","2021-01-31 11:45:00"
"1052893",34,"1.663","2021-01-31 12:00:00"
"1053487",34,"0.87","2021-01-31 14:45:00"
"1053541",34,"0","2021-01-31 15:00:00"
"1053595",34,"1.124","2021-01-31 15:15:00"
"1053649",34,"4.041","2021-01-31 15:30:00"
"1053703",34,"4.114","2021-01-31 15:45:00"
"1053757",34,"3.156","2021-01-31 16:00:00"
"1053811",34,"2.8970000000000002","2021-01-31 16:15:00"
"1053865",34,"2.8890000000000002","2021-01-31 16:30:00"
"1053919",34,"1.925","2021-01-31 16:45:00"
"1053973",34,"1.662","2021-01-31 17:00:00"
"1055161",34,"0","2021-01-31 22:30:00"
"1055215",34,"0","2021-01-31 22:45:00"
"1055269",34,"0","2021-01-31 23:00:00"
"1055323",34,"0","2021-01-31 23:15:00"
"1055377",34,"0","2021-01-31 23:30:00"
"1055431",34,"0","2021-01-31 23:45:00"
"1055485",34,"0","2021-02-01 00:00:00"
"1055539",34,"0","2021-02-01 00:15:00"
"1055593",34,"0","2021-02-01 00:30:00"
"1055647",34,"0","2021-02-01 00:45:00"
"1056781",34,"0","2021-02-01 06:00:00"
"1056835",34,"0","2021-02-01 06:15:00"
"1056889",34,"0","2021-02-01 06:30:00"
"1056943",34,"0","2021-02-01 06:45:00"
"1056997",34,"0","2021-02-01 07:00:00"
"1057051",34,"0","2021-02-01 07:15:00"
"1057105",34,"0","2021-02-01 07:30:00"
"1057159",34,"0.28","2021-02-01 07:45:00"
"1057213",34,"0.55","2021-02-01 08:00:00"
"1057267",34,"1.752","2021-02-01 08:15:00"
"1057915",34,"1.452","2021-02-01 11:15:00"
"1057969",34,"0.88","2021-02-01 11:30:00"
"1058023",34,"1.4140000000000001","2021-02-01 11:45:00"
"1058077",34,"1.52","2021-02-01 12:00:00"
"1058131",34,"1.8090000000000002","2021-02-01 12:15:00"
"1058185",34,"2.253","2021-02-01 12:30:00"
"1058239",34,"2.193","2021-02-01 12:45:00"
"1058293",34,"2.391","2021-02-01 13:00:00"
"1058347",34,"2.051","2021-02-01 13:15:00"
"1058401",34,"2.268","2021-02-01 13:30:00"
"1059535",34,"2.123","2021-02-01 18:45:00"
"1059589",34,"2.249","2021-02-01 19:00:00"
"1059643",34,"1.6920000000000002","2021-02-01 19:15:00"
"1059697",34,"0.07","2021-02-01 19:30:00"
"1059751",34,"0","2021-02-01 19:45:00"
"1059805",34,"0","2021-02-01 20:00:00"
"1059859",34,"0","2021-02-01 20:15:00"
"1059913",34,"0","2021-02-01 20:30:00"
"1059967",34,"0","2021-02-01 20:45:00"
"1060021",34,"0","2021-02-01 21:00:00"
"1060075",34,"0","2021-02-01 21:15:00"
"1061749",34,"1.189","2021-02-02 05:00:00"
"1061803",34,"0.19","2021-02-02 05:15:00"
"1061857",34,"0","2021-02-02 05:30:00"
"1061911",34,"0","2021-02-02 05:45:00"
"1061965",34,"0","2021-02-02 06:00:00"
"1062019",34,"0","2021-02-02 06:15:00"
"1062073",34,"0","2021-02-02 06:30:00"
"1062127",34,"0","2021-02-02 06:45:00"
"1062181",34,"0.03","2021-02-02 07:00:00"
"1062235",34,"0.34","2021-02-02 07:15:00"
"1063423",34,"2.59","2021-02-02 12:45:00"
"1063477",34,"2.907","2021-02-02 13:00:00"
"1063531",34,"1.439","2021-02-02 13:15:00"
"1063585",34,"1.432","2021-02-02 13:30:00"
"1063639",34,"2.436","2021-02-02 13:45:00"
"1063693",34,"2.654","2021-02-02 14:00:00"
"1063747",34,"2.757","2021-02-02 14:15:00"
"1063801",34,"3.7030000000000003","2021-02-02 14:30:00"
"1063855",34,"3.846","2021-02-02 14:45:00"
"1063909",34,"2.864","2021-02-02 15:00:00"
"1064503",34,"0.8200000000000001","2021-02-02 17:45:00"
"1064557",34,"1.746","2021-02-02 18:00:00"
"1064611",34,"1.875","2021-02-02 18:15:00"
"1064665",34,"1.221","2021-02-02 18:30:00"
"1064719",34,"1.093","2021-02-02 18:45:00"
"1064773",34,"0","2021-02-02 19:00:00"
"1064827",34,"0","2021-02-02 19:15:00"
"1064881",34,"0","2021-02-02 19:30:00"
"1064935",34,"0.12","2021-02-02 19:45:00"
"1065907",34,"0","2021-02-03 00:15:00"
"1065961",34,"0.54","2021-02-03 00:30:00"
"1066015",34,"2.203","2021-02-03 00:45:00"
"1066069",34,"2.767","2021-02-03 01:00:00"
"1066123",34,"2.3810000000000002","2021-02-03 01:15:00"
"1071685",34,"0","2021-02-04 03:00:00"
"1071739",34,"0","2021-02-04 03:15:00"
"1071793",34,"0","2021-02-04 03:30:00"
"1071847",34,"0","2021-02-04 03:45:00"
"1071901",34,"1.484","2021-02-04 04:00:00"
"1071955",34,"0.14","2021-02-04 04:15:00"
"1072009",34,"0","2021-02-04 04:30:00"
"1072063",34,"0","2021-02-04 04:45:00"
"1072117",34,"0","2021-02-04 05:00:00"
"1072171",34,"1.3980000000000001","2021-02-04 05:15:00"
"1073359",34,"1.879","2021-02-04 10:45:00"
"1073413",34,"1.211","2021-02-04 11:00:00"
"1073467",34,"0.92","2021-02-04 11:15:00"
"1073521",34,"1.662","2021-02-04 11:30:00"
"1073575",34,"2.576","2021-02-04 11:45:00"
"1073629",34,"3.313","2021-02-04 12:00:00"
"1073683",34,"4.49","2021-02-04 12:15:00"
"1073737",34,"3.718","2021-02-04 12:30:00"
"1073791",34,"3.806","2021-02-04 12:45:00"
"1073845",34,"4.803","2021-02-04 13:00:00"
"1075033",34,"4.128","2021-02-04 18:30:00"
"1075087",34,"4.492","2021-02-04 18:45:00"
"1075141",34,"3.908","2021-02-04 19:00:00"
"1075195",34,"3.989","2021-02-04 19:15:00"
"1075249",34,"4.099","2021-02-04 19:30:00"
"1075303",34,"4.095","2021-02-04 19:45:00"
"1075357",34,"4.157","2021-02-04 20:00:00"
"1075411",34,"3.677","2021-02-04 20:15:00"
"1075465",34,"3.697","2021-02-04 20:30:00"
"1075519",34,"3.006","2021-02-04 20:45:00"
"1076653",34,"0","2021-02-05 02:00:00"
"1076707",34,"0","2021-02-05 02:15:00"
"1076761",34,"2.217","2021-02-05 02:30:00"
"1031887",34,"2.7359999999999998","2021-01-27 10:45:00"
"1033075",34,"1.903","2021-01-27 16:15:00"
"1033129",34,"2.669","2021-01-27 16:30:00"
"1033183",34,"2.319","2021-01-27 16:45:00"
"1033237",34,"1.529","2021-01-27 17:00:00"
"1033291",34,"1.6640000000000001","2021-01-27 17:15:00"
"1033345",34,"0.84","2021-01-27 17:30:00"
"1033399",34,"0.65","2021-01-27 17:45:00"
"1033453",34,"0.27","2021-01-27 18:00:00"
"1033507",34,"0","2021-01-27 18:15:00"
"1033561",34,"0","2021-01-27 18:30:00"
"1034155",34,"2.747","2021-01-27 21:15:00"
"1034209",34,"2.778","2021-01-27 21:30:00"
"1034263",34,"2.692","2021-01-27 21:45:00"
"1034317",34,"1.108","2021-01-27 22:00:00"
"1034371",34,"0","2021-01-27 22:15:00"
"1034425",34,"0.66","2021-01-27 22:30:00"
"1034479",34,"0","2021-01-27 22:45:00"
"1034533",34,"0","2021-01-27 23:00:00"
"1034587",34,"0","2021-01-27 23:15:00"
"1034641",34,"0","2021-01-27 23:30:00"
"1035289",34,"2.782","2021-01-28 02:30:00"
"1035343",34,"2.8890000000000002","2021-01-28 02:45:00"
"1035397",34,"2.767","2021-01-28 03:00:00"
"1035451",34,"1.9140000000000001","2021-01-28 03:15:00"
"1035505",34,"1.458","2021-01-28 03:30:00"
"1035559",34,"0.02","2021-01-28 03:45:00"
"1035613",34,"0","2021-01-28 04:00:00"
"1035667",34,"0","2021-01-28 04:15:00"
"1035721",34,"0","2021-01-28 04:30:00"
"1035775",34,"0","2021-01-28 04:45:00"
"1036369",34,"0","2021-01-28 07:30:00"
"1036423",34,"0","2021-01-28 07:45:00"
"1036477",34,"0","2021-01-28 08:00:00"
"1036531",34,"0","2021-01-28 08:15:00"
"1036585",34,"0","2021-01-28 08:30:00"
"1036639",34,"0.02","2021-01-28 08:45:00"
"1036693",34,"0","2021-01-28 09:00:00"
"1036747",34,"0","2021-01-28 09:15:00"
"1036801",34,"0","2021-01-28 09:30:00"
"1036855",34,"0","2021-01-28 09:45:00"
"1038043",34,"3.5380000000000003","2021-01-28 15:15:00"
"1038097",34,"2.698","2021-01-28 15:30:00"
"1038151",34,"1.881","2021-01-28 15:45:00"
"1038205",34,"1.987","2021-01-28 16:00:00"
"1038259",34,"2.385","2021-01-28 16:15:00"
"1038313",34,"1.476","2021-01-28 16:30:00"
"1038367",34,"1.436","2021-01-28 16:45:00"
"1038421",34,"1.6920000000000002","2021-01-28 17:00:00"
"1038475",34,"0.59","2021-01-28 17:15:00"
"1038529",34,"0","2021-01-28 17:30:00"
"1039663",34,"3.076","2021-01-28 22:45:00"
"1039717",34,"2.461","2021-01-28 23:00:00"
"1039771",34,"0.6900000000000001","2021-01-28 23:15:00"
"1039825",34,"0.81","2021-01-28 23:30:00"
"1039879",34,"1.464","2021-01-28 23:45:00"
"1039933",34,"1.063","2021-01-29 00:00:00"
"1039987",34,"0.47000000000000003","2021-01-29 00:15:00"
"1040041",34,"0.11","2021-01-29 00:30:00"
"1040095",34,"1.5550000000000002","2021-01-29 00:45:00"
"1040149",34,"2.422","2021-01-29 01:00:00"
"1040203",34,"2.613","2021-01-29 01:15:00"
"1041337",34,"1.375","2021-01-29 06:30:00"
"1041391",34,"2.3529999999999998","2021-01-29 06:45:00"
"1041445",34,"2.254","2021-01-29 07:00:00"
"1041499",34,"2.284","2021-01-29 07:15:00"
"1041553",34,"2.078","2021-01-29 07:30:00"
"1041607",34,"2.385","2021-01-29 07:45:00"
"1041661",34,"2.219","2021-01-29 08:00:00"
"1041715",34,"2.307","2021-01-29 08:15:00"
"1041769",34,"2.222","2021-01-29 08:30:00"
"1041823",34,"2.349","2021-01-29 08:45:00"
"1043011",34,"4.914","2021-01-29 14:15:00"
"1043065",34,"5.094","2021-01-29 14:30:00"
"1043119",34,"6.163","2021-01-29 14:45:00"
"1043173",34,"6.187","2021-01-29 15:00:00"
"1043227",34,"6.044","2021-01-29 15:15:00"
"1043281",34,"5.04","2021-01-29 15:30:00"
"1043335",34,"5.093","2021-01-29 15:45:00"
"1043389",34,"4.687","2021-01-29 16:00:00"
"1043443",34,"4.883","2021-01-29 16:15:00"
"1043497",34,"4.067","2021-01-29 16:30:00"
"1044631",34,"3.44","2021-01-29 21:45:00"
"1044685",34,"3.273","2021-01-29 22:00:00"
"1044739",34,"4.218","2021-01-29 22:15:00"
"1044793",34,"4.474","2021-01-29 22:30:00"
"1044847",34,"3.395","2021-01-29 22:45:00"
"1044901",34,"2.751","2021-01-29 23:00:00"
"1044955",34,"1.655","2021-01-29 23:15:00"
"1045009",34,"1.6059999999999999","2021-01-29 23:30:00"
"1045063",34,"2.416","2021-01-29 23:45:00"
"1045117",34,"1.81","2021-01-30 00:00:00"
"1045171",34,"1.669","2021-01-30 00:15:00"
"1046305",34,"0","2021-01-30 05:30:00"
"1046359",34,"1.283","2021-01-30 05:45:00"
"1046413",34,"2.092","2021-01-30 06:00:00"
"1046467",34,"1.588","2021-01-30 06:15:00"
"1046521",34,"1.925","2021-01-30 06:30:00"
"1046575",34,"1.484","2021-01-30 06:45:00"
"1046629",34,"0.15","2021-01-30 07:00:00"
"1046683",34,"0","2021-01-30 07:15:00"
"1046737",34,"0.15","2021-01-30 07:30:00"
"1046791",34,"0","2021-01-30 07:45:00"
"1047979",34,"4.351","2021-01-30 13:15:00"
"1048033",34,"4.443","2021-01-30 13:30:00"
"1048087",34,"4.145","2021-01-30 13:45:00"
"1048141",34,"3.928","2021-01-30 14:00:00"
"1048195",34,"3.9130000000000003","2021-01-30 14:15:00"
"1048249",34,"3.521","2021-01-30 14:30:00"
"1048303",34,"3.783","2021-01-30 14:45:00"
"1048357",34,"3.729","2021-01-30 15:00:00"
"1048411",34,"3.768","2021-01-30 15:15:00"
"1048465",34,"4.014","2021-01-30 15:30:00"
"1049599",34,"1.552","2021-01-30 20:45:00"
"1049653",34,"2.347","2021-01-30 21:00:00"
"1049707",34,"3.677","2021-01-30 21:15:00"
"1049761",34,"3.387","2021-01-30 21:30:00"
"1049815",34,"4.357","2021-01-30 21:45:00"
"1049869",34,"4.719","2021-01-30 22:00:00"
"1049923",34,"3.56","2021-01-30 22:15:00"
"1049977",34,"4.176","2021-01-30 22:30:00"
"1050031",34,"3.874","2021-01-30 22:45:00"
"1050085",34,"3.64","2021-01-30 23:00:00"
"1050139",34,"4.118","2021-01-30 23:15:00"
"1051273",34,"0","2021-01-31 04:30:00"
"1051327",34,"0","2021-01-31 04:45:00"
"1051381",34,"0","2021-01-31 05:00:00"
"1051435",34,"0","2021-01-31 05:15:00"
"1051489",34,"0","2021-01-31 05:30:00"
"1051543",34,"0","2021-01-31 05:45:00"
"1051597",34,"0","2021-01-31 06:00:00"
"1051651",34,"0","2021-01-31 06:15:00"
"1051705",34,"0","2021-01-31 06:30:00"
"1051759",34,"0","2021-01-31 06:45:00"
"1052947",34,"2.246","2021-01-31 12:15:00"
"1053001",34,"1.806","2021-01-31 12:30:00"
"1053055",34,"2.195","2021-01-31 12:45:00"
"1053109",34,"3.463","2021-01-31 13:00:00"
"1053163",34,"2.172","2021-01-31 13:15:00"
"1053217",34,"1.879","2021-01-31 13:30:00"
"1053271",34,"1.888","2021-01-31 13:45:00"
"1053325",34,"1.09","2021-01-31 14:00:00"
"1053379",34,"0.5","2021-01-31 14:15:00"
"1053433",34,"0.71","2021-01-31 14:30:00"
"1054567",34,"2","2021-01-31 19:45:00"
"1054621",34,"2.059","2021-01-31 20:00:00"
"1054675",34,"1.783","2021-01-31 20:15:00"
"1054729",34,"2.192","2021-01-31 20:30:00"
"1054783",34,"2.342","2021-01-31 20:45:00"
"1054837",34,"3.064","2021-01-31 21:00:00"
"1054891",34,"3.155","2021-01-31 21:15:00"
"1054945",34,"3.645","2021-01-31 21:30:00"
"1054999",34,"2.7960000000000003","2021-01-31 21:45:00"
"1055053",34,"2.3529999999999998","2021-01-31 22:00:00"
"1055107",34,"0.38","2021-01-31 22:15:00"
"1055701",34,"0","2021-02-01 01:00:00"
"1055755",34,"0","2021-02-01 01:15:00"
"1055809",34,"0","2021-02-01 01:30:00"
"1055863",34,"0","2021-02-01 01:45:00"
"1055917",34,"0","2021-02-01 02:00:00"
"1055971",34,"0","2021-02-01 02:15:00"
"1056025",34,"0","2021-02-01 02:30:00"
"1056079",34,"0.47000000000000003","2021-02-01 02:45:00"
"1056133",34,"0.06","2021-02-01 03:00:00"
"1056187",34,"0","2021-02-01 03:15:00"
"1057321",34,"1.709","2021-02-01 08:30:00"
"1057375",34,"1.7530000000000001","2021-02-01 08:45:00"
"1057429",34,"2.181","2021-02-01 09:00:00"
"1057483",34,"2.07","2021-02-01 09:15:00"
"1057537",34,"2.156","2021-02-01 09:30:00"
"1057591",34,"1.5819999999999999","2021-02-01 09:45:00"
"1057645",34,"1.126","2021-02-01 10:00:00"
"1057699",34,"2.063","2021-02-01 10:15:00"
"1057753",34,"1.8250000000000002","2021-02-01 10:30:00"
"1057807",34,"1.451","2021-02-01 10:45:00"
"1057861",34,"1.815","2021-02-01 11:00:00"
"1058995",34,"2.44","2021-02-01 16:15:00"
"1059049",34,"2.767","2021-02-01 16:30:00"
"1059103",34,"3.6029999999999998","2021-02-01 16:45:00"
"1059157",34,"3.07","2021-02-01 17:00:00"
"1059211",34,"1.564","2021-02-01 17:15:00"
"1059265",34,"1.3860000000000001","2021-02-01 17:30:00"
"1059319",34,"1.827","2021-02-01 17:45:00"
"1059373",34,"1.405","2021-02-01 18:00:00"
"1059427",34,"1.687","2021-02-01 18:15:00"
"1059481",34,"1.7229999999999999","2021-02-01 18:30:00"
"1060669",34,"1.016","2021-02-02 00:00:00"
"1060723",34,"0","2021-02-02 00:15:00"
"1060777",34,"0","2021-02-02 00:30:00"
"1060831",34,"1.806","2021-02-02 00:45:00"
"1060885",34,"1.18","2021-02-02 01:00:00"
"1060939",34,"0.63","2021-02-02 01:15:00"
"1060993",34,"1.903","2021-02-02 01:30:00"
"1061047",34,"1.6219999999999999","2021-02-02 01:45:00"
"1061101",34,"1.963","2021-02-02 02:00:00"
"1061155",34,"0.47000000000000003","2021-02-02 02:15:00"
"1062883",34,"1.466","2021-02-02 10:15:00"
"1062937",34,"1.885","2021-02-02 10:30:00"
"1062991",34,"1.143","2021-02-02 10:45:00"
"1063045",34,"1.98","2021-02-02 11:00:00"
"1063099",34,"2.723","2021-02-02 11:15:00"
"1063153",34,"1.988","2021-02-02 11:30:00"
"1063207",34,"2.124","2021-02-02 11:45:00"
"1063261",34,"2.608","2021-02-02 12:00:00"
"1063315",34,"2.271","2021-02-02 12:15:00"
"1063369",34,"2.183","2021-02-02 12:30:00"
"1065097",34,"0.75","2021-02-02 20:30:00"
"1065151",34,"0.01","2021-02-02 20:45:00"
"1065205",34,"0","2021-02-02 21:00:00"
"1065259",34,"0","2021-02-02 21:15:00"
"1065313",34,"0","2021-02-02 21:30:00"
"1065367",34,"0","2021-02-02 21:45:00"
"1065421",34,"0","2021-02-02 22:00:00"
"1065475",34,"0","2021-02-02 22:15:00"
"1065529",34,"0.67","2021-02-02 22:30:00"
"1065583",34,"0.29","2021-02-02 22:45:00"
"1066177",34,"1.339","2021-02-03 01:30:00"
"1066231",34,"0.88","2021-02-03 01:45:00"
"1066285",34,"2.032","2021-02-03 02:00:00"
"1066339",34,"0.56","2021-02-03 02:15:00"
"1066393",34,"0.23","2021-02-03 02:30:00"
"1066447",34,"0.04","2021-02-03 02:45:00"
"1066501",34,"0","2021-02-03 03:00:00"
"1066555",34,"0","2021-02-03 03:15:00"
"1066609",34,"0","2021-02-03 03:30:00"
"1066663",34,"0","2021-02-03 03:45:00"
"1067257",34,"0","2021-02-03 06:30:00"
"1067311",34,"0","2021-02-03 06:45:00"
"1067365",34,"1.135","2021-02-03 07:00:00"
"1067419",34,"2.259","2021-02-03 07:15:00"
"1067473",34,"2.332","2021-02-03 07:30:00"
"1067527",34,"1.792","2021-02-03 07:45:00"
"1067581",34,"1.587","2021-02-03 08:00:00"
"1067635",34,"2.065","2021-02-03 08:15:00"
"1067689",34,"1.722","2021-02-03 08:30:00"
"1067743",34,"1.251","2021-02-03 08:45:00"
"1067797",34,"1.631","2021-02-03 09:00:00"
"1068391",34,"1.313","2021-02-03 11:45:00"
"1068445",34,"1.085","2021-02-03 12:00:00"
"1068499",34,"1.251","2021-02-03 12:15:00"
"1068553",34,"1.8439999999999999","2021-02-03 12:30:00"
"1068607",34,"2.044","2021-02-03 12:45:00"
"1068661",34,"2.753","2021-02-03 13:00:00"
"1068715",34,"1.846","2021-02-03 13:15:00"
"1068769",34,"1.5350000000000001","2021-02-03 13:30:00"
"1068823",34,"1.516","2021-02-03 13:45:00"
"1068877",34,"1.024","2021-02-03 14:00:00"
"1069471",34,"0.88","2021-02-03 16:45:00"
"1069525",34,"0","2021-02-03 17:00:00"
"1069579",34,"0","2021-02-03 17:15:00"
"1069633",34,"0","2021-02-03 17:30:00"
"1069687",34,"1.331","2021-02-03 17:45:00"
"1069741",34,"0.77","2021-02-03 18:00:00"
"1069795",34,"0.91","2021-02-03 18:15:00"
"1069849",34,"1.7930000000000001","2021-02-03 18:30:00"
"1069903",34,"2.077","2021-02-03 18:45:00"
"1069957",34,"1.353","2021-02-03 19:00:00"
"1070011",34,"0","2021-02-03 19:15:00"
"1070605",34,"2.189","2021-02-03 22:00:00"
"1070659",34,"1.758","2021-02-03 22:15:00"
"1070713",34,"1.325","2021-02-03 22:30:00"
"1070767",34,"2.327","2021-02-03 22:45:00"
"1070821",34,"2.081","2021-02-03 23:00:00"
"1070875",34,"1.288","2021-02-03 23:15:00"
"1070929",34,"1.828","2021-02-03 23:30:00"
"1070983",34,"2.3970000000000002","2021-02-03 23:45:00"
"1071037",34,"2.201","2021-02-04 00:00:00"
"1071091",34,"1.7469999999999999","2021-02-04 00:15:00"
"1072225",34,"0","2021-02-04 05:30:00"
"1072279",34,"0","2021-02-04 05:45:00"
"1072333",34,"0.46","2021-02-04 06:00:00"
"1072387",34,"0.96","2021-02-04 06:15:00"
"1072441",34,"0.5","2021-02-04 06:30:00"
"1072495",34,"0","2021-02-04 06:45:00"
"1072549",34,"0.04","2021-02-04 07:00:00"
"1072603",34,"1.469","2021-02-04 07:15:00"
"1072657",34,"1.308","2021-02-04 07:30:00"
"1072711",34,"1.188","2021-02-04 07:45:00"
"1072765",34,"0.08","2021-02-04 08:00:00"
"1074439",34,"2.9","2021-02-04 15:45:00"
"1074493",34,"3.192","2021-02-04 16:00:00"
"1074547",34,"3.857","2021-02-04 16:15:00"
"1074601",34,"4.495","2021-02-04 16:30:00"
"1074655",34,"3.362","2021-02-04 16:45:00"
"1074709",34,"3.727","2021-02-04 17:00:00"
"1074763",34,"3.656","2021-02-04 17:15:00"
"1074817",34,"4.051","2021-02-04 17:30:00"
"1074871",34,"3.273","2021-02-04 17:45:00"
"1074925",34,"2.666","2021-02-04 18:00:00"
"1074979",34,"3.989","2021-02-04 18:15:00"
"1075573",34,"2.544","2021-02-04 21:00:00"
"1075627",34,"2.673","2021-02-04 21:15:00"
"1075681",34,"3.105","2021-02-04 21:30:00"
"1076815",34,"2.54","2021-02-05 02:45:00"
"1076869",34,"2.742","2021-02-05 03:00:00"
"1076923",34,"3.333","2021-02-05 03:15:00"
"1076977",34,"3.718","2021-02-05 03:30:00"
"1077031",34,"3.438","2021-02-05 03:45:00"
"1077085",34,"4.697","2021-02-05 04:00:00"
"1077139",34,"3.949","2021-02-05 04:15:00"
"1081621",34,"2.35","2021-02-06 01:00:00"
"1081675",34,"2.365","2021-02-06 01:15:00"
"1081729",34,"2.212","2021-02-06 01:30:00"
"1081783",34,"2.086","2021-02-06 01:45:00"
"1081837",34,"1.923","2021-02-06 02:00:00"
"1082485",34,"2.183","2021-02-06 05:00:00"
"1082539",34,"2.259","2021-02-06 05:15:00"
"1082593",34,"2.208","2021-02-06 05:30:00"
"1082647",34,"2.246","2021-02-06 05:45:00"
"1082701",34,"2.023","2021-02-06 06:00:00"
"1083295",34,"3.178","2021-02-06 08:45:00"
"1083349",34,"2.341","2021-02-06 09:00:00"
"1083403",34,"2.066","2021-02-06 09:15:00"
"1083457",34,"2.74","2021-02-06 09:30:00"
"1083511",34,"2.344","2021-02-06 09:45:00"
"1083565",34,"2.261","2021-02-06 10:00:00"
"1083619",34,"2.431","2021-02-06 10:15:00"
"1083673",34,"2.234","2021-02-06 10:30:00"
"1083727",34,"1.4","2021-02-06 10:45:00"
"1083781",34,"0.7000000000000001","2021-02-06 11:00:00"
"1084969",34,"2.451","2021-02-06 16:30:00"
"1085023",34,"2.412","2021-02-06 16:45:00"
"1085077",34,"2.025","2021-02-06 17:00:00"
"1085131",34,"2.278","2021-02-06 17:15:00"
"1085185",34,"1.473","2021-02-06 17:30:00"
"1085779",34,"2.025","2021-02-06 20:15:00"
"1085833",34,"1.983","2021-02-06 20:30:00"
"1085887",34,"2.138","2021-02-06 20:45:00"
"1085941",34,"2.233","2021-02-06 21:00:00"
"1085995",34,"2.028","2021-02-06 21:15:00"
"1086589",34,"1.13","2021-02-07 00:00:00"
"1086643",34,"1.487","2021-02-07 00:15:00"
"1086697",34,"3.584","2021-02-07 00:30:00"
"1086751",34,"3.521","2021-02-07 00:45:00"
"1086805",34,"3.841","2021-02-07 01:00:00"
"1087453",34,"3.352","2021-02-07 04:00:00"
"1087507",34,"3.046","2021-02-07 04:15:00"
"1087561",34,"3.269","2021-02-07 04:30:00"
"1087615",34,"3.542","2021-02-07 04:45:00"
"1087669",34,"3.989","2021-02-07 05:00:00"
"1088263",34,"3.4050000000000002","2021-02-07 07:45:00"
"1088317",34,"3.684","2021-02-07 08:00:00"
"1088371",34,"3.688","2021-02-07 08:15:00"
"1088425",34,"4.198","2021-02-07 08:30:00"
"1088479",34,"4.579","2021-02-07 08:45:00"
"1088803",34,"4.268","2021-02-07 10:15:00"
"1088857",34,"3.883","2021-02-07 10:30:00"
"1088911",34,"3.581","2021-02-07 10:45:00"
"1088965",34,"4.135","2021-02-07 11:00:00"
"1089019",34,"3.818","2021-02-07 11:15:00"
"1089343",34,"3.362","2021-02-07 12:45:00"
"1089397",34,"3.134","2021-02-07 13:00:00"
"1089451",34,"2.89","2021-02-07 13:15:00"
"1089505",34,"2.901","2021-02-07 13:30:00"
"1089559",34,"3.249","2021-02-07 13:45:00"
"1090207",34,"1.627","2021-02-07 16:45:00"
"1090261",34,"1.5390000000000001","2021-02-07 17:00:00"
"1090315",34,"2.213","2021-02-07 17:15:00"
"1090369",34,"2.69","2021-02-07 17:30:00"
"1090423",34,"2.428","2021-02-07 17:45:00"
"1091017",34,"0","2021-02-07 20:30:00"
"1091071",34,"0","2021-02-07 20:45:00"
"1091125",34,"1.102","2021-02-07 21:00:00"
"1091179",34,"1.111","2021-02-07 21:15:00"
"1091233",34,"1.351","2021-02-07 21:30:00"
"1091827",34,"4.8260000000000005","2021-02-08 00:15:00"
"1091881",34,"4.678","2021-02-08 00:30:00"
"1091935",34,"3.668","2021-02-08 00:45:00"
"1091989",34,"2.629","2021-02-08 01:00:00"
"1092043",34,"2.007","2021-02-08 01:15:00"
"1092691",34,"2.472","2021-02-08 04:15:00"
"1092745",34,"2.448","2021-02-08 04:30:00"
"1092799",34,"2.452","2021-02-08 04:45:00"
"1092853",34,"2.509","2021-02-08 05:00:00"
"1092907",34,"2.567","2021-02-08 05:15:00"
"1093501",34,"3.832","2021-02-08 08:00:00"
"1093555",34,"4.032","2021-02-08 08:15:00"
"1093609",34,"4.257","2021-02-08 08:30:00"
"1093663",34,"4.381","2021-02-08 08:45:00"
"1093717",34,"4.614","2021-02-08 09:00:00"
"1093933",34,"4.373","2021-02-08 10:00:00"
"1093987",34,"4.79","2021-02-08 10:15:00"
"1094473",34,"5.636","2021-02-08 12:30:00"
"1094527",34,"4.724","2021-02-08 12:45:00"
"1094581",34,"4.85","2021-02-08 13:00:00"
"1094635",34,"4.779","2021-02-08 13:15:00"
"1094689",34,"4.882","2021-02-08 13:30:00"
"1095013",34,"3.239","2021-02-08 15:00:00"
"1095067",34,"3.8280000000000003","2021-02-08 15:15:00"
"1095121",34,"3.752","2021-02-08 15:30:00"
"1095445",34,"4.013","2021-02-08 17:00:00"
"1095499",34,"4.05","2021-02-08 17:15:00"
"1095823",34,"2.612","2021-02-08 18:45:00"
"1095877",34,"2.248","2021-02-08 19:00:00"
"1095931",34,"1.883","2021-02-08 19:15:00"
"1095985",34,"2.004","2021-02-08 19:30:00"
"1096039",34,"2.015","2021-02-08 19:45:00"
"1096093",34,"2.382","2021-02-08 20:00:00"
"1096417",34,"2.166","2021-02-08 21:30:00"
"1096471",34,"1.492","2021-02-08 21:45:00"
"1096795",34,"1.845","2021-02-08 23:15:00"
"1096849",34,"2.145","2021-02-08 23:30:00"
"1096903",34,"2.472","2021-02-08 23:45:00"
"1097227",34,"3.487","2021-02-09 01:15:00"
"1097281",34,"3.033","2021-02-09 01:30:00"
"1097335",34,"2.6310000000000002","2021-02-09 01:45:00"
"1097659",34,"3.273","2021-02-09 03:15:00"
"1097713",34,"3.039","2021-02-09 03:30:00"
"1098037",34,"2.342","2021-02-09 05:00:00"
"1098091",34,"2.529","2021-02-09 05:15:00"
"1098145",34,"2.816","2021-02-09 05:30:00"
"1098307",34,"2.148","2021-02-09 06:15:00"
"1098361",34,"2.099","2021-02-09 06:30:00"
"1098415",34,"1.305","2021-02-09 06:45:00"
"1098739",34,"3.862","2021-02-09 08:15:00"
"1098793",34,"4.568","2021-02-09 08:30:00"
"1098847",34,"5.43","2021-02-09 08:45:00"
"1099009",34,"5.34","2021-02-09 09:30:00"
"1099063",34,"5.445","2021-02-09 09:45:00"
"1099117",34,"4.824","2021-02-09 10:00:00"
"1099711",34,"3.057","2021-02-09 12:45:00"
"1099765",34,"3.159","2021-02-09 13:00:00"
"1099819",34,"2.833","2021-02-09 13:15:00"
"1099981",34,"2.948","2021-02-09 14:00:00"
"1100035",34,"2.718","2021-02-09 14:15:00"
"1100089",34,"2.801","2021-02-09 14:30:00"
"1100251",34,"2.549","2021-02-09 15:15:00"
"1100305",34,"3.181","2021-02-09 15:30:00"
"1100359",34,"2.577","2021-02-09 15:45:00"
"1100791",34,"0.21","2021-02-09 17:45:00"
"1100845",34,"0.05","2021-02-09 18:00:00"
"1100899",34,"0","2021-02-09 18:15:00"
"1101115",34,"0","2021-02-09 19:15:00"
"1101169",34,"0","2021-02-09 19:30:00"
"1101493",34,"0","2021-02-09 21:00:00"
"1101547",34,"0","2021-02-09 21:15:00"
"1101601",34,"0","2021-02-09 21:30:00"
"1101925",34,"0","2021-02-09 23:00:00"
"1101979",34,"0","2021-02-09 23:15:00"
"1102195",34,"2.477","2021-02-10 00:15:00"
"1102249",34,"3.315","2021-02-10 00:30:00"
"1102303",34,"3.183","2021-02-10 00:45:00"
"1102465",34,"2.398","2021-02-10 01:30:00"
"1102519",34,"2.435","2021-02-10 01:45:00"
"1102573",34,"2.914","2021-02-10 02:00:00"
"1102897",34,"3.316","2021-02-10 03:30:00"
"1102951",34,"3.511","2021-02-10 03:45:00"
"1103275",34,"2.563","2021-02-10 05:15:00"
"1103329",34,"2.73","2021-02-10 05:30:00"
"1103383",34,"3.135","2021-02-10 05:45:00"
"1103599",34,"2.7720000000000002","2021-02-10 06:45:00"
"1103653",34,"1.982","2021-02-10 07:00:00"
"1103977",34,"3.6390000000000002","2021-02-10 08:30:00"
"1104031",34,"3.324","2021-02-10 08:45:00"
"1104085",34,"3.1390000000000002","2021-02-10 09:00:00"
"1104247",34,"3.48","2021-02-10 09:45:00"
"1104301",34,"3.252","2021-02-10 10:00:00"
"1104355",34,"3.6470000000000002","2021-02-10 10:15:00"
"1104679",34,"4.145","2021-02-10 11:45:00"
"1104733",34,"4.222","2021-02-10 12:00:00"
"1104787",34,"3.766","2021-02-10 12:15:00"
"1105111",34,"3.569","2021-02-10 13:45:00"
"1105165",34,"3.653","2021-02-10 14:00:00"
"1105381",34,"3.528","2021-02-10 15:00:00"
"1105435",34,"2.848","2021-02-10 15:15:00"
"1106353",34,"1.857","2021-02-10 19:30:00"
"1106407",34,"0.98","2021-02-10 19:45:00"
"1106731",34,"1.895","2021-02-10 21:15:00"
"1106785",34,"1.911","2021-02-10 21:30:00"
"1106839",34,"2.082","2021-02-10 21:45:00"
"1107163",34,"0.29","2021-02-10 23:15:00"
"1107217",34,"1.554","2021-02-10 23:30:00"
"1107271",34,"3.672","2021-02-10 23:45:00"
"1107433",34,"3.441","2021-02-11 00:30:00"
"1107487",34,"3.273","2021-02-11 00:45:00"
"1107541",34,"4.987","2021-02-11 01:00:00"
"1107865",34,"2.077","2021-02-11 02:30:00"
"1107919",34,"1.538","2021-02-11 02:45:00"
"1108243",34,"2.019","2021-02-11 04:15:00"
"1108297",34,"2.513","2021-02-11 04:30:00"
"1108351",34,"2.715","2021-02-11 04:45:00"
"1108567",34,"2.877","2021-02-11 05:45:00"
"1108621",34,"2.936","2021-02-11 06:00:00"
"1108837",34,"2.293","2021-02-11 07:00:00"
"1108891",34,"1.699","2021-02-11 07:15:00"
"1109215",34,"0.88","2021-02-11 08:45:00"
"1109269",34,"0.35000000000000003","2021-02-11 09:00:00"
"1109323",34,"0.43","2021-02-11 09:15:00"
"1109647",34,"3.133","2021-02-11 10:45:00"
"1109701",34,"3.442","2021-02-11 11:00:00"
"1109755",34,"3.286","2021-02-11 11:15:00"
"1064989",34,"0.51","2021-02-02 20:00:00"
"1065043",34,"1.487","2021-02-02 20:15:00"
"1066717",34,"0","2021-02-03 04:00:00"
"1066771",34,"0","2021-02-03 04:15:00"
"1066825",34,"0","2021-02-03 04:30:00"
"1066879",34,"0","2021-02-03 04:45:00"
"1066933",34,"0","2021-02-03 05:00:00"
"1066987",34,"0","2021-02-03 05:15:00"
"1067041",34,"0","2021-02-03 05:30:00"
"1067095",34,"0","2021-02-03 05:45:00"
"1067149",34,"0","2021-02-03 06:00:00"
"1067203",34,"0","2021-02-03 06:15:00"
"1067851",34,"2.275","2021-02-03 09:15:00"
"1067905",34,"2.033","2021-02-03 09:30:00"
"1067959",34,"2.202","2021-02-03 09:45:00"
"1068013",34,"2.296","2021-02-03 10:00:00"
"1068067",34,"2.276","2021-02-03 10:15:00"
"1068121",34,"1.5030000000000001","2021-02-03 10:30:00"
"1068175",34,"0.65","2021-02-03 10:45:00"
"1068229",34,"0.8","2021-02-03 11:00:00"
"1068283",34,"1.502","2021-02-03 11:15:00"
"1068337",34,"1.078","2021-02-03 11:30:00"
"1068931",34,"1.77","2021-02-03 14:15:00"
"1068985",34,"1.966","2021-02-03 14:30:00"
"1069039",34,"3.049","2021-02-03 14:45:00"
"1069093",34,"2.832","2021-02-03 15:00:00"
"1069147",34,"0.56","2021-02-03 15:15:00"
"1069201",34,"1.5","2021-02-03 15:30:00"
"1069255",34,"3.083","2021-02-03 15:45:00"
"1069309",34,"2.165","2021-02-03 16:00:00"
"1069363",34,"1.718","2021-02-03 16:15:00"
"1069417",34,"0.4","2021-02-03 16:30:00"
"1070065",34,"0.33","2021-02-03 19:30:00"
"1070119",34,"1.084","2021-02-03 19:45:00"
"1070173",34,"2.222","2021-02-03 20:00:00"
"1070227",34,"1.1440000000000001","2021-02-03 20:15:00"
"1070281",34,"1.163","2021-02-03 20:30:00"
"1070335",34,"0.29","2021-02-03 20:45:00"
"1070389",34,"0","2021-02-03 21:00:00"
"1070443",34,"0","2021-02-03 21:15:00"
"1070497",34,"0","2021-02-03 21:30:00"
"1070551",34,"2.517","2021-02-03 21:45:00"
"1071145",34,"2.204","2021-02-04 00:30:00"
"1071199",34,"2.578","2021-02-04 00:45:00"
"1071253",34,"2.469","2021-02-04 01:00:00"
"1071307",34,"0.54","2021-02-04 01:15:00"
"1071361",34,"0.44","2021-02-04 01:30:00"
"1071415",34,"2.039","2021-02-04 01:45:00"
"1071469",34,"0.46","2021-02-04 02:00:00"
"1071523",34,"0","2021-02-04 02:15:00"
"1071577",34,"0","2021-02-04 02:30:00"
"1071631",34,"0","2021-02-04 02:45:00"
"1072819",34,"0","2021-02-04 08:15:00"
"1072873",34,"0","2021-02-04 08:30:00"
"1072927",34,"0.02","2021-02-04 08:45:00"
"1072981",34,"0.26","2021-02-04 09:00:00"
"1073035",34,"1.207","2021-02-04 09:15:00"
"1073089",34,"1","2021-02-04 09:30:00"
"1073143",34,"1.003","2021-02-04 09:45:00"
"1073197",34,"1.846","2021-02-04 10:00:00"
"1073251",34,"1.103","2021-02-04 10:15:00"
"1073305",34,"0.9","2021-02-04 10:30:00"
"1073899",34,"4.007","2021-02-04 13:15:00"
"1073953",34,"4.322","2021-02-04 13:30:00"
"1074007",34,"4.4879999999999995","2021-02-04 13:45:00"
"1074061",34,"5.647","2021-02-04 14:00:00"
"1074115",34,"4.551","2021-02-04 14:15:00"
"1074169",34,"4.713","2021-02-04 14:30:00"
"1074223",34,"3.854","2021-02-04 14:45:00"
"1074277",34,"4.453","2021-02-04 15:00:00"
"1074331",34,"4.677","2021-02-04 15:15:00"
"1074385",34,"4.069","2021-02-04 15:30:00"
"1076113",34,"3.338","2021-02-04 23:30:00"
"1076167",34,"3.58","2021-02-04 23:45:00"
"1076221",34,"3.569","2021-02-05 00:00:00"
"1076275",34,"3.527","2021-02-05 00:15:00"
"1076329",34,"3.315","2021-02-05 00:30:00"
"1076383",34,"2.877","2021-02-05 00:45:00"
"1076437",34,"2.895","2021-02-05 01:00:00"
"1076491",34,"2.943","2021-02-05 01:15:00"
"1076545",34,"2.178","2021-02-05 01:30:00"
"1076599",34,"0.21","2021-02-05 01:45:00"
"1077517",34,"0.9","2021-02-05 06:00:00"
"1077571",34,"0.15","2021-02-05 06:15:00"
"1077625",34,"0.17","2021-02-05 06:30:00"
"1077679",34,"0.18","2021-02-05 06:45:00"
"1077733",34,"0.39","2021-02-05 07:00:00"
"1078057",34,"4.21","2021-02-05 08:30:00"
"1078111",34,"4.638","2021-02-05 08:45:00"
"1078165",34,"4.373","2021-02-05 09:00:00"
"1078219",34,"3.902","2021-02-05 09:15:00"
"1078273",34,"3.6029999999999998","2021-02-05 09:30:00"
"1078597",34,"1.403","2021-02-05 11:00:00"
"1078651",34,"0.85","2021-02-05 11:15:00"
"1078705",34,"0.8300000000000001","2021-02-05 11:30:00"
"1078759",34,"1.245","2021-02-05 11:45:00"
"1078813",34,"1.25","2021-02-05 12:00:00"
"1079137",34,"3.519","2021-02-05 13:30:00"
"1079191",34,"3.798","2021-02-05 13:45:00"
"1079245",34,"3.048","2021-02-05 14:00:00"
"1079299",34,"4.273","2021-02-05 14:15:00"
"1079353",34,"3.568","2021-02-05 14:30:00"
"1079677",34,"3.976","2021-02-05 16:00:00"
"1079731",34,"4.816","2021-02-05 16:15:00"
"1079785",34,"4.349","2021-02-05 16:30:00"
"1079839",34,"3.873","2021-02-05 16:45:00"
"1079893",34,"3.427","2021-02-05 17:00:00"
"1079947",34,"4.009","2021-02-05 17:15:00"
"1080271",34,"2.492","2021-02-05 18:45:00"
"1080325",34,"2.317","2021-02-05 19:00:00"
"1080379",34,"2.161","2021-02-05 19:15:00"
"1080433",34,"2.36","2021-02-05 19:30:00"
"1080487",34,"2.053","2021-02-05 19:45:00"
"1080811",34,"0.5700000000000001","2021-02-05 21:15:00"
"1080865",34,"0.91","2021-02-05 21:30:00"
"1080919",34,"2.233","2021-02-05 21:45:00"
"1080973",34,"2.308","2021-02-05 22:00:00"
"1081027",34,"2.344","2021-02-05 22:15:00"
"1081351",34,"2.35","2021-02-05 23:45:00"
"1081405",34,"2.218","2021-02-06 00:00:00"
"1081459",34,"2.726","2021-02-06 00:15:00"
"1081513",34,"2.359","2021-02-06 00:30:00"
"1081567",34,"2.232","2021-02-06 00:45:00"
"1082161",34,"2.14","2021-02-06 03:30:00"
"1082215",34,"2.1","2021-02-06 03:45:00"
"1082269",34,"2.22","2021-02-06 04:00:00"
"1082323",34,"2.378","2021-02-06 04:15:00"
"1082377",34,"2.42","2021-02-06 04:30:00"
"1082431",34,"2.424","2021-02-06 04:45:00"
"1083025",34,"0.24","2021-02-06 07:30:00"
"1083079",34,"0.1","2021-02-06 07:45:00"
"1083133",34,"0.14","2021-02-06 08:00:00"
"1083187",34,"1.8860000000000001","2021-02-06 08:15:00"
"1083241",34,"2.343","2021-02-06 08:30:00"
"1083835",34,"1.435","2021-02-06 11:15:00"
"1083889",34,"0.72","2021-02-06 11:30:00"
"1083943",34,"1.366","2021-02-06 11:45:00"
"1083997",34,"1.293","2021-02-06 12:00:00"
"1084051",34,"1.228","2021-02-06 12:15:00"
"1084645",34,"1.6840000000000002","2021-02-06 15:00:00"
"1084699",34,"1.021","2021-02-06 15:15:00"
"1084753",34,"2.418","2021-02-06 15:30:00"
"1084807",34,"1.478","2021-02-06 15:45:00"
"1084861",34,"2.34","2021-02-06 16:00:00"
"1084915",34,"2.328","2021-02-06 16:15:00"
"1085509",34,"1.971","2021-02-06 19:00:00"
"1085563",34,"2.014","2021-02-06 19:15:00"
"1085617",34,"2.091","2021-02-06 19:30:00"
"1085671",34,"1.611","2021-02-06 19:45:00"
"1085725",34,"1.775","2021-02-06 20:00:00"
"1086319",34,"2.507","2021-02-06 22:45:00"
"1086373",34,"2.248","2021-02-06 23:00:00"
"1086427",34,"1.46","2021-02-06 23:15:00"
"1086481",34,"0.76","2021-02-06 23:30:00"
"1086535",34,"0","2021-02-06 23:45:00"
"1086859",34,"3.948","2021-02-07 01:15:00"
"1086913",34,"3.263","2021-02-07 01:30:00"
"1086967",34,"4.837","2021-02-07 01:45:00"
"1087021",34,"5.868","2021-02-07 02:00:00"
"1087075",34,"5.191","2021-02-07 02:15:00"
"1087723",34,"3.65","2021-02-07 05:15:00"
"1087777",34,"3.002","2021-02-07 05:30:00"
"1087831",34,"2.985","2021-02-07 05:45:00"
"1087885",34,"2.98","2021-02-07 06:00:00"
"1087939",34,"2.931","2021-02-07 06:15:00"
"1088533",34,"5.281","2021-02-07 09:00:00"
"1088587",34,"4.853","2021-02-07 09:15:00"
"1088641",34,"5.643","2021-02-07 09:30:00"
"1088695",34,"5.026","2021-02-07 09:45:00"
"1088749",34,"4.241","2021-02-07 10:00:00"
"1089613",34,"2.333","2021-02-07 14:00:00"
"1089667",34,"2.345","2021-02-07 14:15:00"
"1089721",34,"2.219","2021-02-07 14:30:00"
"1089775",34,"2.083","2021-02-07 14:45:00"
"1089829",34,"1.807","2021-02-07 15:00:00"
"1089883",34,"1.5230000000000001","2021-02-07 15:15:00"
"1090477",34,"2.062","2021-02-07 18:00:00"
"1090531",34,"2.16","2021-02-07 18:15:00"
"1090585",34,"1.316","2021-02-07 18:30:00"
"1090639",34,"1.198","2021-02-07 18:45:00"
"1090693",34,"1.093","2021-02-07 19:00:00"
"1091287",34,"1.733","2021-02-07 21:45:00"
"1091341",34,"1.893","2021-02-07 22:00:00"
"1091395",34,"1.677","2021-02-07 22:15:00"
"1091449",34,"1.499","2021-02-07 22:30:00"
"1091503",34,"2.622","2021-02-07 22:45:00"
"1092097",34,"1.421","2021-02-08 01:30:00"
"1092151",34,"2.793","2021-02-08 01:45:00"
"1092205",34,"2.857","2021-02-08 02:00:00"
"1092259",34,"2.472","2021-02-08 02:15:00"
"1092313",34,"3.269","2021-02-08 02:30:00"
"1092367",34,"3.495","2021-02-08 02:45:00"
"1093231",34,"2.363","2021-02-08 06:45:00"
"1093285",34,"2.556","2021-02-08 07:00:00"
"1093339",34,"2.883","2021-02-08 07:15:00"
"1093393",34,"3.358","2021-02-08 07:30:00"
"1093447",34,"3.791","2021-02-08 07:45:00"
"1093771",34,"5.986","2021-02-08 09:15:00"
"1093825",34,"5.714","2021-02-08 09:30:00"
"1093879",34,"5.673","2021-02-08 09:45:00"
"1094311",34,"5.002","2021-02-08 11:45:00"
"1094365",34,"4.682","2021-02-08 12:00:00"
"1094419",34,"5.314","2021-02-08 12:15:00"
"1094743",34,"4.186","2021-02-08 13:45:00"
"1094797",34,"4.647","2021-02-08 14:00:00"
"1094851",34,"4.395","2021-02-08 14:15:00"
"1095283",34,"3.932","2021-02-08 16:15:00"
"1095337",34,"4.138","2021-02-08 16:30:00"
"1095391",34,"3.024","2021-02-08 16:45:00"
"1095715",34,"3.253","2021-02-08 18:15:00"
"1095769",34,"2.847","2021-02-08 18:30:00"
"1096255",34,"2.152","2021-02-08 20:45:00"
"1096309",34,"2.298","2021-02-08 21:00:00"
"1096363",34,"2.378","2021-02-08 21:15:00"
"1096687",34,"1.9140000000000001","2021-02-08 22:45:00"
"1096741",34,"1.9580000000000002","2021-02-08 23:00:00"
"1097065",34,"3.582","2021-02-09 00:30:00"
"1097119",34,"3.769","2021-02-09 00:45:00"
"1097173",34,"3.688","2021-02-09 01:00:00"
"1097497",34,"3.106","2021-02-09 02:30:00"
"1097551",34,"3.597","2021-02-09 02:45:00"
"1097605",34,"3.88","2021-02-09 03:00:00"
"1097929",34,"2.206","2021-02-09 04:30:00"
"1097983",34,"2.041","2021-02-09 04:45:00"
"1098469",34,"1.441","2021-02-09 07:00:00"
"1098523",34,"2.362","2021-02-09 07:15:00"
"1098577",34,"3.313","2021-02-09 07:30:00"
"1098901",34,"4.969","2021-02-09 09:00:00"
"1098955",34,"5.243","2021-02-09 09:15:00"
"1099279",34,"4.875","2021-02-09 10:45:00"
"1099333",34,"4.153","2021-02-09 11:00:00"
"1099387",34,"4.135","2021-02-09 11:15:00"
"1099549",34,"2.667","2021-02-09 12:00:00"
"1099603",34,"3.2439999999999998","2021-02-09 12:15:00"
"1099657",34,"3.014","2021-02-09 12:30:00"
"1100143",34,"3.16","2021-02-09 14:45:00"
"1100197",34,"2.461","2021-02-09 15:00:00"
"1100521",34,"1.795","2021-02-09 16:30:00"
"1100575",34,"1.574","2021-02-09 16:45:00"
"1100629",34,"1.103","2021-02-09 17:00:00"
"1100953",34,"0","2021-02-09 18:30:00"
"1101007",34,"0","2021-02-09 18:45:00"
"1101061",34,"0","2021-02-09 19:00:00"
"1101385",34,"0","2021-02-09 20:30:00"
"1101439",34,"0","2021-02-09 20:45:00"
"1101763",34,"0","2021-02-09 22:15:00"
"1101817",34,"0","2021-02-09 22:30:00"
"1101871",34,"0","2021-02-09 22:45:00"
"1102357",34,"2.9290000000000003","2021-02-10 01:00:00"
"1102411",34,"2.485","2021-02-10 01:15:00"
"1102735",34,"4.062","2021-02-10 02:45:00"
"1102789",34,"3.954","2021-02-10 03:00:00"
"1102843",34,"3.743","2021-02-10 03:15:00"
"1103167",34,"2.032","2021-02-10 04:45:00"
"1103221",34,"2.729","2021-02-10 05:00:00"
"1103707",34,"2.387","2021-02-10 07:15:00"
"1103761",34,"2.838","2021-02-10 07:30:00"
"1103815",34,"2.811","2021-02-10 07:45:00"
"1104139",34,"3.302","2021-02-10 09:15:00"
"1104193",34,"3.608","2021-02-10 09:30:00"
"1104517",34,"3.497","2021-02-10 11:00:00"
"1104571",34,"3.909","2021-02-10 11:15:00"
"1104625",34,"4.228","2021-02-10 11:30:00"
"1104949",34,"3.483","2021-02-10 13:00:00"
"1105003",34,"2.816","2021-02-10 13:15:00"
"1105057",34,"3.457","2021-02-10 13:30:00"
"1105489",34,"2.7880000000000003","2021-02-10 15:30:00"
"1105543",34,"2.225","2021-02-10 15:45:00"
"1105597",34,"0.26","2021-02-10 16:00:00"
"1105759",34,"1.759","2021-02-10 16:45:00"
"1105813",34,"0.30000000000000004","2021-02-10 17:00:00"
"1105867",34,"0.29","2021-02-10 17:15:00"
"1106083",34,"0.75","2021-02-10 18:15:00"
"1106137",34,"0","2021-02-10 18:30:00"
"1106461",34,"0","2021-02-10 20:00:00"
"1106515",34,"1.4020000000000001","2021-02-10 20:15:00"
"1106569",34,"2.395","2021-02-10 20:30:00"
"1106893",34,"1.915","2021-02-10 22:00:00"
"1106947",34,"1.064","2021-02-10 22:15:00"
"1107325",34,"3.362","2021-02-11 00:00:00"
"1107379",34,"3.302","2021-02-11 00:15:00"
"1107703",34,"2.656","2021-02-11 01:45:00"
"1107757",34,"1.912","2021-02-11 02:00:00"
"1107811",34,"2.26","2021-02-11 02:15:00"
"1108135",34,"1.4140000000000001","2021-02-11 03:45:00"
"1108189",34,"0.99","2021-02-11 04:00:00"
"1108675",34,"2.382","2021-02-11 06:15:00"
"1108729",34,"1.8860000000000001","2021-02-11 06:30:00"
"1108783",34,"2.517","2021-02-11 06:45:00"
"1109107",34,"3.491","2021-02-11 08:15:00"
"1109161",34,"2.404","2021-02-11 08:30:00"
"1109485",34,"0","2021-02-11 10:00:00"
"1109539",34,"0.19","2021-02-11 10:15:00"
"1109593",34,"0.89","2021-02-11 10:30:00"
"1110079",34,"4.092","2021-02-11 12:45:00"
"1110133",34,"4.366","2021-02-11 13:00:00"
"1110349",34,"4.095","2021-02-11 14:00:00"
"1110403",34,"4.177","2021-02-11 14:15:00"
"1110619",34,"4.323","2021-02-11 15:15:00"
"1110673",34,"4.436","2021-02-11 15:30:00"
"1075735",34,"3.446","2021-02-04 21:45:00"
"1075789",34,"3.367","2021-02-04 22:00:00"
"1075843",34,"3.476","2021-02-04 22:15:00"
"1075897",34,"3.7","2021-02-04 22:30:00"
"1075951",34,"3.747","2021-02-04 22:45:00"
"1076005",34,"3.068","2021-02-04 23:00:00"
"1076059",34,"3.6390000000000002","2021-02-04 23:15:00"
"1077193",34,"3.487","2021-02-05 04:30:00"
"1077247",34,"3.984","2021-02-05 04:45:00"
"1077301",34,"3.385","2021-02-05 05:00:00"
"1077355",34,"2.958","2021-02-05 05:15:00"
"1077409",34,"2.06","2021-02-05 05:30:00"
"1077463",34,"0.53","2021-02-05 05:45:00"
"1077787",34,"0.11","2021-02-05 07:15:00"
"1077841",34,"1.58","2021-02-05 07:30:00"
"1077895",34,"1.126","2021-02-05 07:45:00"
"1077949",34,"1.2810000000000001","2021-02-05 08:00:00"
"1078003",34,"3.528","2021-02-05 08:15:00"
"1078327",34,"3.462","2021-02-05 09:45:00"
"1078381",34,"2.92","2021-02-05 10:00:00"
"1078435",34,"2.864","2021-02-05 10:15:00"
"1078489",34,"2.187","2021-02-05 10:30:00"
"1078543",34,"1.456","2021-02-05 10:45:00"
"1078867",34,"2.492","2021-02-05 12:15:00"
"1078921",34,"3.802","2021-02-05 12:30:00"
"1078975",34,"2.552","2021-02-05 12:45:00"
"1079029",34,"2.468","2021-02-05 13:00:00"
"1079083",34,"3.354","2021-02-05 13:15:00"
"1079407",34,"3.888","2021-02-05 14:45:00"
"1079461",34,"3.767","2021-02-05 15:00:00"
"1079515",34,"3.433","2021-02-05 15:15:00"
"1079569",34,"3.162","2021-02-05 15:30:00"
"1079623",34,"3.838","2021-02-05 15:45:00"
"1080001",34,"3.867","2021-02-05 17:30:00"
"1080055",34,"3.931","2021-02-05 17:45:00"
"1080109",34,"3.732","2021-02-05 18:00:00"
"1080163",34,"3.222","2021-02-05 18:15:00"
"1080217",34,"2.9859999999999998","2021-02-05 18:30:00"
"1080541",34,"2.233","2021-02-05 20:00:00"
"1080595",34,"2.401","2021-02-05 20:15:00"
"1080649",34,"2.321","2021-02-05 20:30:00"
"1080703",34,"2.232","2021-02-05 20:45:00"
"1080757",34,"1.215","2021-02-05 21:00:00"
"1081081",34,"2.456","2021-02-05 22:30:00"
"1081135",34,"2.45","2021-02-05 22:45:00"
"1081189",34,"2.475","2021-02-05 23:00:00"
"1081243",34,"2.586","2021-02-05 23:15:00"
"1081297",34,"2.644","2021-02-05 23:30:00"
"1081891",34,"2.363","2021-02-06 02:15:00"
"1081945",34,"2.159","2021-02-06 02:30:00"
"1081999",34,"2.028","2021-02-06 02:45:00"
"1082053",34,"1.984","2021-02-06 03:00:00"
"1082107",34,"1.912","2021-02-06 03:15:00"
"1082755",34,"2.082","2021-02-06 06:15:00"
"1082809",34,"1.913","2021-02-06 06:30:00"
"1082863",34,"1.717","2021-02-06 06:45:00"
"1082917",34,"1.794","2021-02-06 07:00:00"
"1082971",34,"0.91","2021-02-06 07:15:00"
"1084105",34,"1.9809999999999999","2021-02-06 12:30:00"
"1084159",34,"2.626","2021-02-06 12:45:00"
"1084213",34,"1.5899999999999999","2021-02-06 13:00:00"
"1084267",34,"2.493","2021-02-06 13:15:00"
"1084321",34,"2.333","2021-02-06 13:30:00"
"1084375",34,"2.914","2021-02-06 13:45:00"
"1084429",34,"2.3","2021-02-06 14:00:00"
"1084483",34,"2.309","2021-02-06 14:15:00"
"1084537",34,"2.7800000000000002","2021-02-06 14:30:00"
"1084591",34,"2.429","2021-02-06 14:45:00"
"1085239",34,"1.908","2021-02-06 17:45:00"
"1085293",34,"1.554","2021-02-06 18:00:00"
"1085347",34,"1.015","2021-02-06 18:15:00"
"1085401",34,"2.221","2021-02-06 18:30:00"
"1085455",34,"1.949","2021-02-06 18:45:00"
"1086049",34,"2.064","2021-02-06 21:30:00"
"1086103",34,"2.213","2021-02-06 21:45:00"
"1086157",34,"2.362","2021-02-06 22:00:00"
"1086211",34,"2.515","2021-02-06 22:15:00"
"1086265",34,"2.422","2021-02-06 22:30:00"
"1087129",34,"4.228","2021-02-07 02:30:00"
"1087183",34,"4.251","2021-02-07 02:45:00"
"1087237",34,"3.9290000000000003","2021-02-07 03:00:00"
"1087291",34,"4.149","2021-02-07 03:15:00"
"1087345",34,"3.307","2021-02-07 03:30:00"
"1087399",34,"3.053","2021-02-07 03:45:00"
"1087993",34,"2.88","2021-02-07 06:30:00"
"1088047",34,"2.809","2021-02-07 06:45:00"
"1088101",34,"2.957","2021-02-07 07:00:00"
"1088155",34,"2.51","2021-02-07 07:15:00"
"1088209",34,"2.52","2021-02-07 07:30:00"
"1089073",34,"3.896","2021-02-07 11:30:00"
"1089127",34,"3.721","2021-02-07 11:45:00"
"1089181",34,"4.178","2021-02-07 12:00:00"
"1089235",34,"3.414","2021-02-07 12:15:00"
"1089289",34,"3.132","2021-02-07 12:30:00"
"1089937",34,"2.164","2021-02-07 15:30:00"
"1089991",34,"2.478","2021-02-07 15:45:00"
"1090045",34,"1.214","2021-02-07 16:00:00"
"1090099",34,"1.17","2021-02-07 16:15:00"
"1090153",34,"1.85","2021-02-07 16:30:00"
"1090747",34,"0.76","2021-02-07 19:15:00"
"1090801",34,"0.99","2021-02-07 19:30:00"
"1090855",34,"0.9","2021-02-07 19:45:00"
"1090909",34,"1.7349999999999999","2021-02-07 20:00:00"
"1090963",34,"1.043","2021-02-07 20:15:00"
"1091557",34,"2.569","2021-02-07 23:00:00"
"1091611",34,"2.6109999999999998","2021-02-07 23:15:00"
"1091665",34,"2.418","2021-02-07 23:30:00"
"1091719",34,"3.228","2021-02-07 23:45:00"
"1091773",34,"4.121","2021-02-08 00:00:00"
"1092421",34,"2.85","2021-02-08 03:00:00"
"1092475",34,"2.6189999999999998","2021-02-08 03:15:00"
"1092529",34,"3.003","2021-02-08 03:30:00"
"1092583",34,"2.758","2021-02-08 03:45:00"
"1092637",34,"2.8369999999999997","2021-02-08 04:00:00"
"1092961",34,"2.572","2021-02-08 05:30:00"
"1093015",34,"2.418","2021-02-08 05:45:00"
"1093069",34,"2.946","2021-02-08 06:00:00"
"1093123",34,"2.691","2021-02-08 06:15:00"
"1093177",34,"1.996","2021-02-08 06:30:00"
"1094041",34,"4.958","2021-02-08 10:30:00"
"1094095",34,"6.08","2021-02-08 10:45:00"
"1094149",34,"5.212","2021-02-08 11:00:00"
"1094203",34,"4.839","2021-02-08 11:15:00"
"1094257",34,"4.759","2021-02-08 11:30:00"
"1094905",34,"4.021","2021-02-08 14:30:00"
"1094959",34,"3.32","2021-02-08 14:45:00"
"1095175",34,"4.02","2021-02-08 15:45:00"
"1095229",34,"3.877","2021-02-08 16:00:00"
"1095553",34,"3.822","2021-02-08 17:30:00"
"1095607",34,"3.975","2021-02-08 17:45:00"
"1095661",34,"3.458","2021-02-08 18:00:00"
"1096147",34,"2.167","2021-02-08 20:15:00"
"1096201",34,"2.222","2021-02-08 20:30:00"
"1096525",34,"1.617","2021-02-08 22:00:00"
"1096579",34,"1.651","2021-02-08 22:15:00"
"1096633",34,"1.633","2021-02-08 22:30:00"
"1096957",34,"2.621","2021-02-09 00:00:00"
"1097011",34,"3.267","2021-02-09 00:15:00"
"1097389",34,"3.187","2021-02-09 02:00:00"
"1097443",34,"2.919","2021-02-09 02:15:00"
"1097767",34,"2.608","2021-02-09 03:45:00"
"1097821",34,"2.792","2021-02-09 04:00:00"
"1097875",34,"2.873","2021-02-09 04:15:00"
"1098199",34,"2.667","2021-02-09 05:45:00"
"1098253",34,"2.045","2021-02-09 06:00:00"
"1098631",34,"3.789","2021-02-09 07:45:00"
"1098685",34,"3.3970000000000002","2021-02-09 08:00:00"
"1099171",34,"4.47","2021-02-09 10:15:00"
"1099225",34,"4.5120000000000005","2021-02-09 10:30:00"
"1099441",34,"3.911","2021-02-09 11:30:00"
"1099495",34,"3.74","2021-02-09 11:45:00"
"1099873",34,"2.786","2021-02-09 13:30:00"
"1099927",34,"1.988","2021-02-09 13:45:00"
"1100413",34,"2.93","2021-02-09 16:00:00"
"1100467",34,"1.7530000000000001","2021-02-09 16:15:00"
"1100683",34,"1.037","2021-02-09 17:15:00"
"1100737",34,"0.33","2021-02-09 17:30:00"
"1101223",34,"0","2021-02-09 19:45:00"
"1101277",34,"0","2021-02-09 20:00:00"
"1101331",34,"0","2021-02-09 20:15:00"
"1101655",34,"0","2021-02-09 21:45:00"
"1101709",34,"0","2021-02-09 22:00:00"
"1102033",34,"0","2021-02-09 23:30:00"
"1102087",34,"0","2021-02-09 23:45:00"
"1102141",34,"0.01","2021-02-10 00:00:00"
"1102627",34,"4.207","2021-02-10 02:15:00"
"1102681",34,"4.531","2021-02-10 02:30:00"
"1103005",34,"2.887","2021-02-10 04:00:00"
"1103059",34,"2.153","2021-02-10 04:15:00"
"1103113",34,"2.2640000000000002","2021-02-10 04:30:00"
"1103437",34,"2.601","2021-02-10 06:00:00"
"1103491",34,"2.711","2021-02-10 06:15:00"
"1103545",34,"2.103","2021-02-10 06:30:00"
"1103869",34,"3.395","2021-02-10 08:00:00"
"1103923",34,"3.406","2021-02-10 08:15:00"
"1104409",34,"4.129","2021-02-10 10:30:00"
"1104463",34,"4.153","2021-02-10 10:45:00"
"1104841",34,"4.444","2021-02-10 12:30:00"
"1104895",34,"3.737","2021-02-10 12:45:00"
"1105219",34,"2.93","2021-02-10 14:15:00"
"1105273",34,"3.903","2021-02-10 14:30:00"
"1105327",34,"2.923","2021-02-10 14:45:00"
"1105651",34,"0.54","2021-02-10 16:15:00"
"1105705",34,"1.383","2021-02-10 16:30:00"
"1105921",34,"1.708","2021-02-10 17:30:00"
"1105975",34,"0.8","2021-02-10 17:45:00"
"1106029",34,"1.343","2021-02-10 18:00:00"
"1106191",34,"0","2021-02-10 18:45:00"
"1106245",34,"1.354","2021-02-10 19:00:00"
"1106299",34,"2.1310000000000002","2021-02-10 19:15:00"
"1106623",34,"2.083","2021-02-10 20:45:00"
"1106677",34,"1.784","2021-02-10 21:00:00"
"1107001",34,"0.6000000000000001","2021-02-10 22:30:00"
"1107055",34,"0.6000000000000001","2021-02-10 22:45:00"
"1107109",34,"1.7610000000000001","2021-02-10 23:00:00"
"1107595",34,"4.623","2021-02-11 01:15:00"
"1107649",34,"3.302","2021-02-11 01:30:00"
"1107973",34,"2.128","2021-02-11 03:00:00"
"1108027",34,"2.27","2021-02-11 03:15:00"
"1108081",34,"1.8170000000000002","2021-02-11 03:30:00"
"1108405",34,"3.182","2021-02-11 05:00:00"
"1108459",34,"3.399","2021-02-11 05:15:00"
"1108513",34,"3.448","2021-02-11 05:30:00"
"1108945",34,"0.33","2021-02-11 07:30:00"
"1108999",34,"1.6099999999999999","2021-02-11 07:45:00"
"1109053",34,"0.34","2021-02-11 08:00:00"
"1109377",34,"0","2021-02-11 09:30:00"
"1109431",34,"0","2021-02-11 09:45:00"
"1109809",34,"2.723","2021-02-11 11:30:00"
"1109863",34,"2.396","2021-02-11 11:45:00"
"1110187",34,"5.3629999999999995","2021-02-11 13:15:00"
"1110241",34,"3.98","2021-02-11 13:30:00"
"1110295",34,"3.062","2021-02-11 13:45:00"
"1110457",34,"4.112","2021-02-11 14:30:00"
"1110511",34,"4.602","2021-02-11 14:45:00"
"1110565",34,"4.515","2021-02-11 15:00:00"
"1110727",34,"4.451","2021-02-11 15:45:00"
"1109917",34,"2.599","2021-02-11 12:00:00"
"1109971",34,"4.252","2021-02-11 12:15:00"
"1110025",34,"4.36","2021-02-11 12:30:00"
