"id_sample","id_sensor","value","date_ref"
"2",20,"220.4","2021-07-28 12:45:00"
"56",20,"227","2021-07-28 13:00:00"
"110",20,"229.7","2021-07-28 13:15:00"
"164",20,"215.7","2021-07-28 13:30:00"
"218",20,"213.2","2021-07-28 13:45:00"
"272",20,"218.2","2021-07-28 14:00:00"
"326",20,"218.4","2021-07-28 14:15:00"
"380",20,"213","2021-07-28 14:30:00"
"434",20,"234.2","2021-07-28 14:45:00"
"488",20,"245.8","2021-07-28 15:00:00"
"542",20,"236.4","2021-07-28 15:15:00"
"596",20,"234.5","2021-07-28 15:30:00"
"650",20,"238.2","2021-07-28 15:45:00"
"704",20,"240.1","2021-07-28 16:00:00"
"758",20,"234.7","2021-07-28 16:15:00"
"812",20,"236.4","2021-07-28 16:30:00"
"866",20,"236.2","2021-07-28 16:45:00"
"920",20,"239.8","2021-07-28 17:00:00"
"974",20,"235.3","2021-07-28 17:15:00"
"1028",20,"236.1","2021-07-28 17:30:00"
"1082",20,"245.1","2021-07-28 17:45:00"
"1136",20,"250.7","2021-07-28 18:00:00"
"1190",20,"253.6","2021-07-28 18:15:00"
"1244",20,"253.9","2021-07-28 18:30:00"
"1298",20,"250.2","2021-07-28 18:45:00"
"1352",20,"245.9","2021-07-28 19:00:00"
"1406",20,"250","2021-07-28 19:15:00"
"1460",20,"252.3","2021-07-28 19:30:00"
"1514",20,"247.6","2021-07-28 19:45:00"
"1568",20,"240.9","2021-07-28 20:00:00"
"1622",20,"241","2021-07-28 20:15:00"
"1676",20,"239.7","2021-07-28 20:30:00"
"1730",20,"241","2021-07-28 20:45:00"
"1784",20,"245","2021-07-28 21:00:00"
"1838",20,"249.2","2021-07-28 21:15:00"
"1892",20,"246.4","2021-07-28 21:30:00"
"1946",20,"244","2021-07-28 21:45:00"
"2000",20,"248.6","2021-07-28 22:00:00"
"2054",20,"244.7","2021-07-28 22:15:00"
"2108",20,"245.5","2021-07-28 22:30:00"
"2162",20,"248.5","2021-07-28 22:45:00"
"2216",20,"247.1","2021-07-28 23:00:00"
"2270",20,"240.9","2021-07-28 23:15:00"
"2324",20,"236.4","2021-07-28 23:30:00"
"2378",20,"234.2","2021-07-28 23:45:00"
"2432",20,"232","2021-07-29 00:00:00"
"2486",20,"234.2","2021-07-29 00:15:00"
"2540",20,"235.2","2021-07-29 00:30:00"
"2594",20,"237.9","2021-07-29 00:45:00"
"2648",20,"235.9","2021-07-29 01:00:00"
"2702",20,"240.9","2021-07-29 01:15:00"
"2756",20,"241.3","2021-07-29 01:30:00"
"2810",20,"238.5","2021-07-29 01:45:00"
"2864",20,"242.3","2021-07-29 02:00:00"
"2918",20,"236.3","2021-07-29 02:15:00"
"2972",20,"231.3","2021-07-29 02:30:00"
"3026",20,"226.4","2021-07-29 02:45:00"
"3080",20,"227.7","2021-07-29 03:00:00"
"3134",20,"220.5","2021-07-29 03:15:00"
"3188",20,"223.8","2021-07-29 03:30:00"
"3242",20,"228.4","2021-07-29 03:45:00"
"3296",20,"224.3","2021-07-29 04:00:00"
"3350",20,"219.5","2021-07-29 04:15:00"
"3404",20,"216.6","2021-07-29 04:30:00"
"3458",20,"212.4","2021-07-29 04:45:00"
"3512",20,"211.6","2021-07-29 05:00:00"
"3566",20,"205.5","2021-07-29 05:15:00"
"3620",20,"208.1","2021-07-29 05:30:00"
"3674",20,"206","2021-07-29 05:45:00"
"3728",20,"208.6","2021-07-29 06:00:00"
"3782",20,"204.2","2021-07-29 06:15:00"
"3836",20,"210.3","2021-07-29 06:30:00"
"3890",20,"216.2","2021-07-29 06:45:00"
"3944",20,"219.8","2021-07-29 07:00:00"
"3998",20,"227.5","2021-07-29 07:15:00"
"4052",20,"237","2021-07-29 07:30:00"
"4106",20,"248.7","2021-07-29 07:45:00"
"4160",20,"269.7","2021-07-29 08:00:00"
"4214",20,"264.7","2021-07-29 08:15:00"
"4268",20,"250.8","2021-07-29 08:30:00"
"4322",20,"251.2","2021-07-29 08:45:00"
"4376",20,"250.3","2021-07-29 09:00:00"
"4430",20,"240.9","2021-07-29 09:15:00"
"4484",20,"226.9","2021-07-29 09:30:00"
"4538",20,"209","2021-07-29 09:45:00"
"4592",20,"201","2021-07-29 10:00:00"
"4646",20,"188.8","2021-07-29 10:15:00"
"4700",20,"188.4","2021-07-29 10:30:00"
"4754",20,"192.4","2021-07-29 10:45:00"
"4808",20,"183.1","2021-07-29 11:00:00"
"4862",20,"186.7","2021-07-29 11:15:00"
"4916",20,"176.8","2021-07-29 11:30:00"
"4970",20,"171.6","2021-07-29 11:45:00"
"5024",20,"175.5","2021-07-29 12:00:00"
"5078",20,"162.7","2021-07-29 12:15:00"
"5132",20,"187.8","2021-07-29 12:30:00"
"5186",20,"223.4","2021-07-29 12:45:00"
"5240",20,"205.2","2021-07-29 13:00:00"
"5294",20,"206.7","2021-07-29 13:15:00"
"5348",20,"226.1","2021-07-29 13:30:00"
"5402",20,"207.5","2021-07-29 13:45:00"
"5456",20,"188.2","2021-07-29 14:00:00"
"5510",20,"195.4","2021-07-29 14:15:00"
"5564",20,"185.6","2021-07-29 14:30:00"
"5618",20,"210.4","2021-07-29 14:45:00"
"5672",20,"161.1","2021-07-29 15:00:00"
"5726",20,"213.4","2021-07-29 15:15:00"
"5780",20,"218.6","2021-07-29 15:30:00"
"5834",20,"189.8","2021-07-29 15:45:00"
"5888",20,"197.9","2021-07-29 16:00:00"
"5942",20,"188.8","2021-07-29 16:15:00"
"5996",20,"206.2","2021-07-29 16:30:00"
"6050",20,"225.9","2021-07-29 16:45:00"
"6104",20,"205.8","2021-07-29 17:00:00"
"6158",20,"203.5","2021-07-29 17:15:00"
"6212",20,"212.1","2021-07-29 17:30:00"
"6266",20,"221.8","2021-07-29 17:45:00"
"6320",20,"220.4","2021-07-29 18:00:00"
"6374",20,"225.4","2021-07-29 18:15:00"
"6428",20,"226.6","2021-07-29 18:30:00"
"6482",20,"218.3","2021-07-29 18:45:00"
"6536",20,"225.4","2021-07-29 19:00:00"
"6590",20,"228.4","2021-07-29 19:15:00"
"6644",20,"222.2","2021-07-29 19:30:00"
"6698",20,"233.8","2021-07-29 19:45:00"
"6752",20,"240","2021-07-29 20:00:00"
"6806",20,"245.9","2021-07-29 20:15:00"
"6860",20,"254.8","2021-07-29 20:30:00"
"6914",20,"255.7","2021-07-29 20:45:00"
"6968",20,"252.2","2021-07-29 21:00:00"
"7022",20,"254.1","2021-07-29 21:15:00"
"7076",20,"261.7","2021-07-29 21:30:00"
"7130",20,"258.4","2021-07-29 21:45:00"
"7184",20,"265","2021-07-29 22:00:00"
"7238",20,"246.4","2021-07-29 22:15:00"
"7292",20,"269","2021-07-29 22:30:00"
"7346",20,"258.8","2021-07-29 22:45:00"
"7400",20,"251.2","2021-07-29 23:00:00"
"7454",20,"271","2021-07-29 23:15:00"
"7508",20,"269.3","2021-07-29 23:30:00"
"7562",20,"256.7","2021-07-29 23:45:00"
"7616",20,"249.1","2021-07-30 00:00:00"
"7670",20,"260.6","2021-07-30 00:15:00"
"7724",20,"274","2021-07-30 00:30:00"
"7778",20,"287","2021-07-30 00:45:00"
"7832",20,"269.9","2021-07-30 01:00:00"
"7886",20,"258.4","2021-07-30 01:15:00"
"7940",20,"267","2021-07-30 01:30:00"
"7994",20,"265.9","2021-07-30 01:45:00"
"8048",20,"253.7","2021-07-30 02:00:00"
"8102",20,"256.6","2021-07-30 02:15:00"
"8156",20,"252","2021-07-30 02:30:00"
"8210",20,"256.1","2021-07-30 02:45:00"
"8264",20,"177","2021-07-30 03:00:00"
"8318",20,"0","2021-07-30 03:15:00"
"8372",20,"0","2021-07-30 03:30:00"
"8426",20,"0","2021-07-30 03:45:00"
"8480",20,"172.8","2021-07-30 04:00:00"
"8534",20,"167","2021-07-30 04:15:00"
"8588",20,"156.8","2021-07-30 04:30:00"
"8642",20,"151.7","2021-07-30 04:45:00"
"8696",20,"137.9","2021-07-30 05:00:00"
"8750",20,"146.3","2021-07-30 05:15:00"
"8804",20,"148.3","2021-07-30 05:30:00"
"8858",20,"143.4","2021-07-30 05:45:00"
"8912",20,"146.4","2021-07-30 06:00:00"
"8966",20,"134.8","2021-07-30 06:15:00"
"9020",20,"114.9","2021-07-30 06:30:00"
"9074",20,"128.1","2021-07-30 06:45:00"
"9128",20,"135.4","2021-07-30 07:00:00"
"9182",20,"143.3","2021-07-30 07:15:00"
"9236",20,"143.6","2021-07-30 07:30:00"
"9290",20,"140.2","2021-07-30 07:45:00"
"9344",20,"143.6","2021-07-30 08:00:00"
"9398",20,"152.1","2021-07-30 08:15:00"
"9452",20,"148.9","2021-07-30 08:30:00"
"9506",20,"160.8","2021-07-30 08:45:00"
"9560",20,"144.9","2021-07-30 09:00:00"
"9614",20,"135.4","2021-07-30 09:15:00"
"9668",20,"130.5","2021-07-30 09:30:00"
"9722",20,"136","2021-07-30 09:45:00"
"9776",20,"105.1","2021-07-30 10:00:00"
"9830",20,"99.1","2021-07-30 10:15:00"
"9884",20,"93.2","2021-07-30 10:30:00"
"9938",20,"82.8","2021-07-30 10:45:00"
"9992",20,"89","2021-07-30 11:00:00"
"10046",20,"96.6","2021-07-30 11:15:00"
"10100",20,"102.9","2021-07-30 11:30:00"
"10154",20,"91.5","2021-07-30 11:45:00"
"10208",20,"77.8","2021-07-30 12:00:00"
"10262",20,"84.2","2021-07-30 12:15:00"
"10316",20,"89.7","2021-07-30 12:30:00"
"10370",20,"108.8","2021-07-30 12:45:00"
"10424",20,"106.3","2021-07-30 13:00:00"
"10478",20,"85.9","2021-07-30 13:15:00"
"10532",20,"93.7","2021-07-30 13:30:00"
"10586",20,"101.3","2021-07-30 13:45:00"
"10640",20,"108.9","2021-07-30 14:00:00"
"10694",20,"93.8","2021-07-30 14:15:00"
"10748",20,"90.4","2021-07-30 14:30:00"
"10802",20,"112.3","2021-07-30 14:45:00"
"10856",20,"129.5","2021-07-30 15:00:00"
"10910",20,"110.1","2021-07-30 15:15:00"
"10964",20,"107.8","2021-07-30 15:30:00"
"11018",20,"117","2021-07-30 15:45:00"
"11072",20,"125.1","2021-07-30 16:00:00"
"11126",20,"117.1","2021-07-30 16:15:00"
"11180",20,"120.2","2021-07-30 16:30:00"
"11234",20,"108.9","2021-07-30 16:45:00"
"11288",20,"137.2","2021-07-30 17:00:00"
"11342",20,"145.5","2021-07-30 17:15:00"
"11396",20,"122.8","2021-07-30 17:30:00"
"11450",20,"132.3","2021-07-30 17:45:00"
"11504",20,"119.5","2021-07-30 18:00:00"
"11558",20,"101.3","2021-07-30 18:15:00"
"11612",20,"103","2021-07-30 18:30:00"
"11666",20,"99.3","2021-07-30 18:45:00"
"11720",20,"86","2021-07-30 19:00:00"
"11774",20,"77.4","2021-07-30 19:15:00"
"11828",20,"78","2021-07-30 19:30:00"
"11882",20,"77.5","2021-07-30 19:45:00"
"11936",20,"76.4","2021-07-30 20:00:00"
"11990",20,"77.9","2021-07-30 20:15:00"
"12044",20,"81","2021-07-30 20:30:00"
"12098",20,"97.6","2021-07-30 20:45:00"
"12152",20,"109","2021-07-30 21:00:00"
"12206",20,"111.9","2021-07-30 21:15:00"
"12260",20,"108.2","2021-07-30 21:30:00"
"12314",20,"100.9","2021-07-30 21:45:00"
"12368",20,"96.2","2021-07-30 22:00:00"
"12422",20,"91.4","2021-07-30 22:15:00"
"12476",20,"87.2","2021-07-30 22:30:00"
"12530",20,"85.6","2021-07-30 22:45:00"
"12584",20,"87","2021-07-30 23:00:00"
"12638",20,"90.6","2021-07-30 23:15:00"
"12692",20,"93.5","2021-07-30 23:30:00"
"12746",20,"98","2021-07-30 23:45:00"
"12800",20,"106.9","2021-07-31 00:00:00"
"12854",20,"108.8","2021-07-31 00:15:00"
"12908",20,"109.6","2021-07-31 00:30:00"
"12962",20,"110.9","2021-07-31 00:45:00"
"13016",20,"109","2021-07-31 01:00:00"
"13070",20,"109.9","2021-07-31 01:15:00"
"13124",20,"111.8","2021-07-31 01:30:00"
"13178",20,"117.4","2021-07-31 01:45:00"
"13232",20,"118.6","2021-07-31 02:00:00"
"13286",20,"113","2021-07-31 02:15:00"
"13340",20,"117.7","2021-07-31 02:30:00"
"13394",20,"119.2","2021-07-31 02:45:00"
"13448",20,"115.6","2021-07-31 03:00:00"
"13502",20,"109","2021-07-31 03:15:00"
"13556",20,"111.2","2021-07-31 03:30:00"
"13610",20,"110.9","2021-07-31 03:45:00"
"13664",20,"108","2021-07-31 04:00:00"
"13718",20,"110.6","2021-07-31 04:15:00"
"13772",20,"108.1","2021-07-31 04:30:00"
"13826",20,"110","2021-07-31 04:45:00"
"13880",20,"112.3","2021-07-31 05:00:00"
"13934",20,"111.9","2021-07-31 05:15:00"
"13988",20,"116","2021-07-31 05:30:00"
"14042",20,"111.8","2021-07-31 05:45:00"
"14096",20,"110.2","2021-07-31 06:00:00"
"14150",20,"109.3","2021-07-31 06:15:00"
"14204",20,"112.4","2021-07-31 06:30:00"
"14258",20,"116.1","2021-07-31 06:45:00"
"14312",20,"118.1","2021-07-31 07:00:00"
"14366",20,"0","2021-07-31 07:15:00"
"14420",20,"0","2021-07-31 07:30:00"
"14474",20,"0","2021-07-31 07:45:00"
"14528",20,"0","2021-07-31 08:00:00"
"14582",20,"0","2021-07-31 08:15:00"
"14636",20,"121.5","2021-07-31 08:30:00"
"14690",20,"119.4","2021-07-31 08:45:00"
"14744",20,"113.8","2021-07-31 09:00:00"
"14798",20,"114.1","2021-07-31 09:15:00"
"14852",20,"106.6","2021-07-31 09:30:00"
"14906",20,"117.3","2021-07-31 09:45:00"
"14960",20,"112.4","2021-07-31 10:00:00"
"15014",20,"105.9","2021-07-31 10:15:00"
"15068",20,"107.6","2021-07-31 10:30:00"
"15122",20,"109.4","2021-07-31 10:45:00"
"15176",20,"118.2","2021-07-31 11:00:00"
"15230",20,"96.4","2021-07-31 11:15:00"
"15284",20,"110","2021-07-31 11:30:00"
"15338",20,"104.3","2021-07-31 11:45:00"
"15392",20,"115.6","2021-07-31 12:00:00"
"15446",20,"97.2","2021-07-31 12:15:00"
"15500",20,"97.7","2021-07-31 12:30:00"
"15554",20,"105.4","2021-07-31 12:45:00"
"15608",20,"100.8","2021-07-31 13:00:00"
"15662",20,"96.9","2021-07-31 13:15:00"
"15716",20,"94.3","2021-07-31 13:30:00"
"15770",20,"96","2021-07-31 13:45:00"
"15824",20,"106.7","2021-07-31 14:00:00"
"15878",20,"82.7","2021-07-31 14:15:00"
"15932",20,"89.8","2021-07-31 14:30:00"
"15986",20,"99.5","2021-07-31 14:45:00"
"16040",20,"94.2","2021-07-31 15:00:00"
"16094",20,"95.6","2021-07-31 15:15:00"
"16148",20,"74.4","2021-07-31 15:30:00"
"16202",20,"91.9","2021-07-31 15:45:00"
"16256",20,"102","2021-07-31 16:00:00"
"16310",20,"101","2021-07-31 16:15:00"
"16364",20,"98.9","2021-07-31 16:30:00"
"16418",20,"95.4","2021-07-31 16:45:00"
"16472",20,"96.9","2021-07-31 17:00:00"
"16526",20,"112.9","2021-07-31 17:15:00"
"16580",20,"110.9","2021-07-31 17:30:00"
"16634",20,"113","2021-07-31 17:45:00"
"16688",20,"107.2","2021-07-31 18:00:00"
"16742",20,"93.2","2021-07-31 18:15:00"
"16796",20,"96.1","2021-07-31 18:30:00"
"16850",20,"93.9","2021-07-31 18:45:00"
"16904",20,"101.4","2021-07-31 19:00:00"
"16958",20,"116.6","2021-07-31 19:15:00"
"17012",20,"119.4","2021-07-31 19:30:00"
"17066",20,"112.8","2021-07-31 19:45:00"
"17120",20,"125.6","2021-07-31 20:00:00"
"17174",20,"125.9","2021-07-31 20:15:00"
"17228",20,"121.7","2021-07-31 20:30:00"
"17282",20,"131.6","2021-07-31 20:45:00"
"17336",20,"132.5","2021-07-31 21:00:00"
"17390",20,"127.3","2021-07-31 21:15:00"
"17444",20,"126.2","2021-07-31 21:30:00"
"17498",20,"112.7","2021-07-31 21:45:00"
"17552",20,"131.8","2021-07-31 22:00:00"
"17606",20,"163","2021-07-31 22:15:00"
"17660",20,"178.9","2021-07-31 22:30:00"
"17714",20,"127.6","2021-07-31 22:45:00"
"17768",20,"123.3","2021-07-31 23:00:00"
"17822",20,"118.6","2021-07-31 23:15:00"
"17876",20,"119.3","2021-07-31 23:30:00"
"17930",20,"120.4","2021-07-31 23:45:00"
"17984",20,"127.2","2021-08-01 00:00:00"
"18038",20,"116.2","2021-08-01 00:15:00"
"18092",20,"120.6","2021-08-01 00:30:00"
"18146",20,"122.3","2021-08-01 00:45:00"
"18200",20,"122.1","2021-08-01 01:00:00"
"18254",20,"121.8","2021-08-01 01:15:00"
"18308",20,"121.3","2021-08-01 01:30:00"
"18362",20,"125.6","2021-08-01 01:45:00"
"18416",20,"121.6","2021-08-01 02:00:00"
"18470",20,"119.6","2021-08-01 02:15:00"
"18524",20,"117","2021-08-01 02:30:00"
"18578",20,"156.2","2021-08-01 02:45:00"
"18632",20,"138.5","2021-08-01 03:00:00"
"18686",20,"130.8","2021-08-01 03:15:00"
"18740",20,"120.4","2021-08-01 03:30:00"
"18794",20,"130.5","2021-08-01 03:45:00"
"18848",20,"137.2","2021-08-01 04:00:00"
"18902",20,"140.4","2021-08-01 04:15:00"
"18956",20,"254.1","2021-08-01 04:30:00"
"19010",20,"272.2","2021-08-01 04:45:00"
"19064",20,"259.6","2021-08-01 05:00:00"
"19118",20,"263.3","2021-08-01 05:15:00"
"19172",20,"172.4","2021-08-01 05:30:00"
"19226",20,"144.4","2021-08-01 05:45:00"
"19280",20,"142.7","2021-08-01 06:00:00"
"19334",20,"0","2021-08-01 06:15:00"
"19388",20,"0","2021-08-01 06:30:00"
"19442",20,"0","2021-08-01 06:45:00"
"19496",20,"0","2021-08-01 07:00:00"
"19550",20,"70.1","2021-08-01 07:15:00"
"19604",20,"77.3","2021-08-01 07:30:00"
"19658",20,"176.7","2021-08-01 07:45:00"
"19712",20,"90.1","2021-08-01 08:00:00"
"19766",20,"214.7","2021-08-01 08:15:00"
"19820",20,"211.3","2021-08-01 08:30:00"
"19874",20,"185.6","2021-08-01 08:45:00"
"19928",20,"213.1","2021-08-01 09:00:00"
"19982",20,"204.6","2021-08-01 09:15:00"
"20036",20,"0","2021-08-01 09:30:00"
"20090",20,"0","2021-08-01 09:45:00"
"20144",20,"139.9","2021-08-01 10:00:00"
"20198",20,"127.5","2021-08-01 10:15:00"
"20252",20,"119.9","2021-08-01 10:30:00"
"20306",20,"123.3","2021-08-01 10:45:00"
"20360",20,"127","2021-08-01 11:00:00"
"20414",20,"117.1","2021-08-01 11:15:00"
"20468",20,"125.9","2021-08-01 11:30:00"
"20522",20,"133.3","2021-08-01 11:45:00"
"20576",20,"130.3","2021-08-01 12:00:00"
"20630",20,"112.5","2021-08-01 12:15:00"
"20684",20,"116.9","2021-08-01 12:30:00"
"20738",20,"110.3","2021-08-01 12:45:00"
"20792",20,"113.1","2021-08-01 13:00:00"
"20846",20,"99.3","2021-08-01 13:15:00"
"20900",20,"96.8","2021-08-01 13:30:00"
"20954",20,"97.4","2021-08-01 13:45:00"
"21008",20,"79.3","2021-08-01 14:00:00"
"21062",20,"105.3","2021-08-01 14:15:00"
"21116",20,"124","2021-08-01 14:30:00"
"21170",20,"123.4","2021-08-01 14:45:00"
"21224",20,"94.9","2021-08-01 15:00:00"
"21278",20,"75.8","2021-08-01 15:15:00"
"21332",20,"96.8","2021-08-01 15:30:00"
"21386",20,"94.8","2021-08-01 15:45:00"
"21440",20,"142.5","2021-08-01 16:00:00"
"21494",20,"103.9","2021-08-01 16:15:00"
"21548",20,"171.9","2021-08-01 16:30:00"
"21602",20,"0","2021-08-01 16:45:00"
"21656",20,"0","2021-08-01 17:00:00"
"21710",20,"0","2021-08-01 17:15:00"
"21764",20,"0","2021-08-01 17:30:00"
"21818",20,"0","2021-08-01 17:45:00"
"21872",20,"0","2021-08-01 18:00:00"
"21926",20,"0","2021-08-01 18:15:00"
"21980",20,"0","2021-08-01 18:30:00"
"22034",20,"0","2021-08-01 18:45:00"
"22088",20,"0","2021-08-01 19:00:00"
"22142",20,"175.8","2021-08-01 19:15:00"
"22196",20,"162.7","2021-08-01 19:30:00"
"22250",20,"148.7","2021-08-01 19:45:00"
"22304",20,"155.7","2021-08-01 20:00:00"
"22358",20,"154.1","2021-08-01 20:15:00"
"22412",20,"165","2021-08-01 20:30:00"
"22466",20,"166.5","2021-08-01 20:45:00"
"22520",20,"257.3","2021-08-01 21:00:00"
"22574",20,"196.5","2021-08-01 21:15:00"
"22628",20,"0","2021-08-01 21:30:00"
"22682",20,"266.5","2021-08-01 21:45:00"
"22736",20,"287.3","2021-08-01 22:00:00"
"22790",20,"0","2021-08-01 22:15:00"
"22844",20,"0","2021-08-01 22:30:00"
"22898",20,"0","2021-08-01 22:45:00"
"22952",20,"258.6","2021-08-01 23:00:00"
"23006",20,"264.1","2021-08-01 23:15:00"
"23060",20,"271","2021-08-01 23:30:00"
"23114",20,"286.6","2021-08-01 23:45:00"
"23168",20,"0","2021-08-02 00:00:00"
"23222",20,"0","2021-08-02 00:15:00"
"23276",20,"247.3","2021-08-02 00:30:00"
"23330",20,"256","2021-08-02 00:45:00"
"23384",20,"215.6","2021-08-02 01:00:00"
"23438",20,"171.9","2021-08-02 01:15:00"
"23492",20,"0","2021-08-02 01:30:00"
"23546",20,"0","2021-08-02 01:45:00"
"23600",20,"161.1","2021-08-02 02:00:00"
"23654",20,"145.7","2021-08-02 02:15:00"
"23708",20,"139.3","2021-08-02 02:30:00"
"23762",20,"135.5","2021-08-02 02:45:00"
"23816",20,"138.2","2021-08-02 03:00:00"
"23870",20,"142.7","2021-08-02 03:15:00"
"23924",20,"156","2021-08-02 03:30:00"
"23978",20,"147.9","2021-08-02 03:45:00"
"24032",20,"157.1","2021-08-02 04:00:00"
"24086",20,"0","2021-08-02 04:15:00"
"24140",20,"0","2021-08-02 04:30:00"
"24194",20,"0","2021-08-02 04:45:00"
"24248",20,"0","2021-08-02 05:00:00"
"24302",20,"0","2021-08-02 05:15:00"
"24356",20,"0","2021-08-02 05:30:00"
"24410",20,"0","2021-08-02 05:45:00"
"24464",20,"0","2021-08-02 06:00:00"
"24518",20,"0","2021-08-02 06:15:00"
"24572",20,"0","2021-08-02 06:30:00"
"24626",20,"0","2021-08-02 06:45:00"
"24680",20,"0","2021-08-02 07:00:00"
"24734",20,"0","2021-08-02 07:15:00"
"24788",20,"0","2021-08-02 07:30:00"
"24842",20,"0","2021-08-02 07:45:00"
"24896",20,"0","2021-08-02 08:00:00"
"24950",20,"0","2021-08-02 08:15:00"
"25004",20,"0","2021-08-02 08:30:00"
"25058",20,"0","2021-08-02 08:45:00"
"25112",20,"154.7","2021-08-02 09:00:00"
"25166",20,"130.3","2021-08-02 09:15:00"
"25220",20,"126.2","2021-08-02 09:30:00"
"25274",20,"138.6","2021-08-02 09:45:00"
"25328",20,"111.7","2021-08-02 10:00:00"
"25382",20,"129.2","2021-08-02 10:15:00"
"25436",20,"96","2021-08-02 10:30:00"
"25490",20,"118","2021-08-02 10:45:00"
"25544",20,"141.9","2021-08-02 11:00:00"
"25598",20,"108.3","2021-08-02 11:15:00"
"25652",20,"93.4","2021-08-02 11:30:00"
"25706",20,"86.2","2021-08-02 11:45:00"
"25760",20,"56.4","2021-08-02 12:00:00"
"25814",20,"55.5","2021-08-02 12:15:00"
"25868",20,"0","2021-08-02 12:30:00"
"25922",20,"125.7","2021-08-02 12:45:00"
"25976",20,"163","2021-08-02 13:00:00"
"26030",20,"151.7","2021-08-02 13:15:00"
"26084",20,"156.1","2021-08-02 13:30:00"
"26138",20,"153.9","2021-08-02 13:45:00"
"26192",20,"118.8","2021-08-02 14:00:00"
"26246",20,"197.5","2021-08-02 14:15:00"
"26300",20,"303.8","2021-08-02 14:30:00"
"26354",20,"273.4","2021-08-02 14:45:00"
"26408",20,"143.7","2021-08-02 15:00:00"
"26462",20,"139.5","2021-08-02 15:15:00"
"26516",20,"227.6","2021-08-02 15:30:00"
"26570",20,"92.2","2021-08-02 15:45:00"
"26624",20,"204.3","2021-08-02 16:00:00"
"26678",20,"301.8","2021-08-02 16:15:00"
"26732",20,"177.7","2021-08-02 16:30:00"
"26786",20,"184.1","2021-08-02 16:45:00"
"26840",20,"0","2021-08-02 17:00:00"
"26894",20,"0","2021-08-02 17:15:00"
"26948",20,"172.7","2021-08-02 17:30:00"
"27002",20,"0","2021-08-02 17:45:00"
"27056",20,"0","2021-08-02 18:00:00"
"27110",20,"209.7","2021-08-02 18:15:00"
"27164",20,"232.7","2021-08-02 18:30:00"
"27218",20,"239.3","2021-08-02 18:45:00"
"27272",20,"0","2021-08-02 19:00:00"
"27326",20,"219.5","2021-08-02 19:15:00"
"27380",20,"243.5","2021-08-02 19:30:00"
"27434",20,"258","2021-08-02 19:45:00"
"27488",20,"250","2021-08-02 20:00:00"
"27542",20,"251","2021-08-02 20:15:00"
"27596",20,"226.1","2021-08-02 20:30:00"
"27650",20,"0","2021-08-02 20:45:00"
"27704",20,"0","2021-08-02 21:00:00"
"27758",20,"0","2021-08-02 21:15:00"
"27812",20,"0","2021-08-02 21:30:00"
"27866",20,"0","2021-08-02 21:45:00"
"27920",20,"0","2021-08-02 22:00:00"
"27974",20,"0","2021-08-02 22:15:00"
"28028",20,"0","2021-08-02 22:30:00"
"28082",20,"0","2021-08-02 22:45:00"
"28136",20,"0","2021-08-02 23:00:00"
"28190",20,"0","2021-08-02 23:15:00"
"28244",20,"0","2021-08-02 23:30:00"
"28298",20,"0","2021-08-02 23:45:00"
"28352",20,"190.8","2021-08-03 00:00:00"
"28406",20,"0","2021-08-03 00:15:00"
"28460",20,"0","2021-08-03 00:30:00"
"28514",20,"267.3","2021-08-03 00:45:00"
"28568",20,"266.4","2021-08-03 01:00:00"
"28622",20,"266.4","2021-08-03 01:15:00"
"28676",20,"268.1","2021-08-03 01:30:00"
"28730",20,"260.8","2021-08-03 01:45:00"
"28784",20,"257","2021-08-03 02:00:00"
"28838",20,"256.1","2021-08-03 02:15:00"
"28892",20,"241.7","2021-08-03 02:30:00"
"28946",20,"254.1","2021-08-03 02:45:00"
"29000",20,"266.5","2021-08-03 03:00:00"
"29054",20,"257","2021-08-03 03:15:00"
"29108",20,"254.9","2021-08-03 03:30:00"
"29162",20,"267.1","2021-08-03 03:45:00"
"29216",20,"272.1","2021-08-03 04:00:00"
"29270",20,"0","2021-08-03 04:15:00"
"29324",20,"0","2021-08-03 04:30:00"
"29378",20,"0","2021-08-03 04:45:00"
"29432",20,"0","2021-08-03 05:00:00"
"29486",20,"125.3","2021-08-03 05:15:00"
"29540",20,"0","2021-08-03 05:30:00"
"29594",20,"0","2021-08-03 05:45:00"
"29648",20,"128.8","2021-08-03 06:00:00"
"29702",20,"0","2021-08-03 06:15:00"
"29756",20,"0","2021-08-03 06:30:00"
"29810",20,"0","2021-08-03 06:45:00"
"29864",20,"0","2021-08-03 07:00:00"
"29918",20,"142.9","2021-08-03 07:15:00"
"29972",20,"138.6","2021-08-03 07:30:00"
"30026",20,"142.7","2021-08-03 07:45:00"
"30080",20,"134.8","2021-08-03 08:00:00"
"30134",20,"138.3","2021-08-03 08:15:00"
"30188",20,"128.7","2021-08-03 08:30:00"
"30242",20,"123.4","2021-08-03 08:45:00"
"30296",20,"140.2","2021-08-03 09:00:00"
"30350",20,"143.4","2021-08-03 09:15:00"
"30404",20,"127.4","2021-08-03 09:30:00"
"30458",20,"127.4","2021-08-03 09:45:00"
"30512",20,"114.6","2021-08-03 10:00:00"
"30566",20,"122.7","2021-08-03 10:15:00"
"30620",20,"108.6","2021-08-03 10:30:00"
"30674",20,"102.6","2021-08-03 10:45:00"
"30728",20,"103.8","2021-08-03 11:00:00"
"30782",20,"105.7","2021-02-11 16:00:00"
"30836",20,"91.5","2021-02-11 16:15:00"
"30890",20,"94.8","2021-02-11 16:30:00"
"30944",20,"94.5","2021-02-11 16:45:00"
"30998",20,"86.9","2021-02-11 17:00:00"
"31052",20,"87.3","2021-02-11 17:15:00"
"31106",20,"86.8","2021-02-11 17:30:00"
"31160",20,"106.2","2021-02-11 17:45:00"
"31214",20,"106.2","2021-02-11 18:00:00"
"31268",20,"104.6","2021-02-11 18:15:00"
"31322",20,"106.2","2021-02-11 18:30:00"
"31376",20,"121.3","2021-02-11 18:45:00"
"31430",20,"120","2021-02-11 19:00:00"
"31484",20,"129.6","2021-02-11 19:15:00"
"31538",20,"130.9","2021-02-11 19:30:00"
"31592",20,"123","2021-02-11 19:45:00"
"31646",20,"75.3","2021-02-11 20:00:00"
"31700",20,"83.5","2021-02-11 20:15:00"
"31754",20,"79","2021-02-11 20:30:00"
"31808",20,"76.9","2021-02-11 20:45:00"
"31862",20,"63.9","2021-02-11 21:00:00"
"31916",20,"66.9","2021-02-11 21:15:00"
"31970",20,"68","2021-02-11 21:30:00"
"32024",20,"68.6","2021-02-11 21:45:00"
"32078",20,"69.1","2021-02-11 22:00:00"
"32132",20,"70.6","2021-02-11 22:15:00"
"32186",20,"68.2","2021-02-11 22:30:00"
"32240",20,"68.5","2021-02-11 22:45:00"
"32294",20,"69.7","2021-02-11 23:00:00"
"32348",20,"71.7","2021-02-11 23:15:00"
"32402",20,"77.5","2021-02-11 23:30:00"
"32456",20,"82.2","2021-02-11 23:45:00"
"32510",20,"86.8","2021-02-12 00:00:00"
"32564",20,"76.9","2021-02-12 00:15:00"
"32618",20,"74.7","2021-02-12 00:30:00"
"32672",20,"83","2021-02-12 00:45:00"
"32726",20,"112.8","2021-02-12 01:00:00"
"32780",20,"127.4","2021-02-12 01:15:00"
"32834",20,"0","2021-02-12 01:30:00"
"32888",20,"0","2021-02-12 01:45:00"
"32942",20,"0","2021-02-12 02:00:00"
"32996",20,"263","2021-02-12 02:15:00"
"33050",20,"0","2021-02-12 02:30:00"
"33104",20,"0","2021-02-12 02:45:00"
"33158",20,"0","2021-02-12 03:00:00"
"33212",20,"238.4","2021-02-12 03:15:00"
"33266",20,"0","2021-02-12 03:30:00"
"33320",20,"0","2021-02-12 03:45:00"
"33374",20,"143.8","2021-02-12 04:00:00"
"33428",20,"154.7","2021-02-12 04:15:00"
"33482",20,"228.1","2021-02-12 04:30:00"
"33536",20,"0","2021-02-12 04:45:00"
"33590",20,"148.5","2021-02-12 05:00:00"
"33644",20,"140.3","2021-02-12 05:15:00"
"33698",20,"0","2021-02-12 05:30:00"
"33752",20,"0","2021-02-12 05:45:00"
"33806",20,"92.9","2021-02-12 06:00:00"
"33860",20,"95.7","2021-02-12 06:15:00"
"33914",20,"99.5","2021-02-12 06:30:00"
"33968",20,"103.6","2021-02-12 06:45:00"
"34022",20,"112.2","2021-02-12 07:00:00"
"34076",20,"146.5","2021-02-12 07:15:00"
"34130",20,"218.1","2021-02-12 07:30:00"
"34184",20,"151.8","2021-02-12 07:45:00"
"34238",20,"167.6","2021-02-12 08:00:00"
"34292",20,"148.7","2021-02-12 08:15:00"
"34346",20,"150.2","2021-02-12 08:30:00"
"34400",20,"168.2","2021-02-12 08:45:00"
"34454",20,"137.4","2021-02-12 09:00:00"
"34508",20,"114.1","2021-02-12 09:15:00"
"34562",20,"93.2","2021-02-12 09:30:00"
"34616",20,"90.8","2021-02-12 09:45:00"
"34670",20,"85.5","2021-02-12 10:00:00"
"34724",20,"57.2","2021-02-12 10:15:00"
"34778",20,"78.5","2021-02-12 10:30:00"
"34832",20,"74.9","2021-02-12 10:45:00"
"34886",20,"83.4","2021-02-12 11:00:00"
"34940",20,"0","2021-02-12 11:15:00"
"34994",20,"233.7","2021-02-12 11:30:00"
"35048",20,"205.5","2021-02-12 11:45:00"
"35102",20,"321.1","2021-02-12 12:00:00"
"35156",20,"324.9","2021-02-12 12:15:00"
"35210",20,"130.3","2021-02-12 12:30:00"
"35264",20,"135.3","2021-02-12 12:45:00"
"35318",20,"141.7","2021-02-12 13:00:00"
"35372",20,"126.8","2021-02-12 13:15:00"
"35426",20,"102.9","2021-02-12 13:30:00"
"35480",20,"87.6","2021-02-12 13:45:00"
"35534",20,"147.9","2021-02-12 14:00:00"
"35588",20,"161.9","2021-02-12 14:15:00"
"35642",20,"0","2021-02-12 14:30:00"
"35696",20,"0","2021-02-12 14:45:00"
"35750",20,"0","2021-02-12 15:00:00"
"35804",20,"174","2021-02-12 15:15:00"
"35858",20,"128.4","2021-02-12 15:30:00"
"35912",20,"85.5","2021-02-12 15:45:00"
"35966",20,"73.4","2021-02-12 16:00:00"
"36020",20,"85","2021-02-12 16:15:00"
"36074",20,"40.1","2021-02-12 16:30:00"
"36128",20,"87.3","2021-02-12 16:45:00"
"36182",20,"0","2021-02-12 17:00:00"
"36236",20,"290.9","2021-02-12 17:15:00"
"36290",20,"0","2021-02-12 17:30:00"
"36344",20,"0","2021-02-12 17:45:00"
"36398",20,"0","2021-02-12 18:00:00"
"36452",20,"58.5","2021-02-12 18:15:00"
"36506",20,"81.5","2021-02-12 18:30:00"
"36560",20,"72.5","2021-02-12 18:45:00"
"36614",20,"67.5","2021-02-12 19:00:00"
"36668",20,"65.2","2021-02-12 19:15:00"
"36722",20,"71.9","2021-02-12 19:30:00"
"36776",20,"0","2021-02-12 19:45:00"
"36830",20,"0","2021-02-12 20:00:00"
"36884",20,"0","2021-02-12 20:15:00"
"36938",20,"0","2021-02-12 20:30:00"
"36992",20,"0","2021-02-12 20:45:00"
"37046",20,"0","2021-02-12 21:00:00"
"37100",20,"0","2021-02-12 21:15:00"
"37154",20,"0","2021-02-12 21:30:00"
"37208",20,"0","2021-02-12 21:45:00"
"37262",20,"75.8","2021-02-12 22:00:00"
"37316",20,"61.6","2021-02-12 22:15:00"
"37370",20,"0","2021-02-12 22:30:00"
"37424",20,"0","2021-02-12 22:45:00"
"37478",20,"0","2021-02-12 23:00:00"
"37532",20,"0","2021-02-12 23:15:00"
"37586",20,"0","2021-02-12 23:30:00"
"37640",20,"0","2021-02-12 23:45:00"
"37694",20,"0","2021-02-13 00:00:00"
"37748",20,"0","2021-02-13 00:15:00"
"37802",20,"60.7","2021-02-13 00:30:00"
"37856",20,"62.9","2021-02-13 00:45:00"
"37910",20,"0","2021-02-13 01:00:00"
"37964",20,"0","2021-02-13 01:15:00"
"38018",20,"41.9","2021-02-13 01:30:00"
"38072",20,"38","2021-02-13 01:45:00"
"38126",20,"0","2021-02-13 02:00:00"
"38180",20,"0","2021-02-13 02:15:00"
"38234",20,"0","2021-02-13 02:30:00"
"38288",20,"0","2021-02-13 02:45:00"
"38342",20,"75","2021-02-13 03:00:00"
"38396",20,"52.2","2021-02-13 03:15:00"
"38450",20,"37.4","2021-02-13 03:30:00"
"38504",20,"38.6","2021-02-13 03:45:00"
"38558",20,"57.3","2021-02-13 04:00:00"
"38612",20,"0","2021-02-13 04:15:00"
"38666",20,"0","2021-02-13 04:30:00"
"38720",20,"0","2021-02-13 04:45:00"
"38774",20,"0","2021-02-13 05:00:00"
"38828",20,"138.5","2021-02-13 05:15:00"
"38882",20,"149","2021-02-13 05:30:00"
"38936",20,"168.8","2021-02-13 05:45:00"
"38990",20,"0","2021-02-13 06:00:00"
"39044",20,"0","2021-02-13 06:15:00"
"39098",20,"0","2021-02-13 06:30:00"
"39152",20,"0","2021-02-13 06:45:00"
"39206",20,"0","2021-02-13 07:00:00"
"39260",20,"0","2021-02-13 07:15:00"
"39314",20,"0","2021-02-13 07:30:00"
"39368",20,"0","2021-02-13 07:45:00"
"39422",20,"0","2021-02-13 08:00:00"
"39476",20,"0","2021-02-13 08:15:00"
"39530",20,"81.9","2021-02-13 08:30:00"
"39584",20,"0","2021-02-13 08:45:00"
"39638",20,"0","2021-02-13 09:00:00"
"39692",20,"0","2021-02-13 09:15:00"
"39746",20,"0","2021-02-13 09:30:00"
"39800",20,"145.1","2021-02-13 09:45:00"
"39854",20,"230.5","2021-02-13 10:00:00"
"39908",20,"147.5","2021-02-13 10:15:00"
"39962",20,"108.7","2021-02-13 10:30:00"
"40016",20,"88.2","2021-02-13 10:45:00"
"40070",20,"55.3","2021-02-13 11:00:00"
"40124",20,"40.3","2021-02-13 11:15:00"
"40178",20,"15.9","2021-02-13 11:30:00"
"40232",20,"42.7","2021-02-13 11:45:00"
"40286",20,"91.3","2021-02-13 12:00:00"
"40340",20,"185.4","2021-02-13 12:15:00"
"40394",20,"298.8","2021-02-13 12:30:00"
"40448",20,"277","2021-02-13 12:45:00"
"40502",20,"237","2021-02-13 13:00:00"
"40556",20,"286.1","2021-02-13 13:15:00"
"40610",20,"287.5","2021-02-13 13:30:00"
"40664",20,"300.3","2021-02-13 13:45:00"
"40718",20,"274.8","2021-02-13 14:00:00"
"40772",20,"286","2021-02-13 14:15:00"
"40826",20,"257.3","2021-02-13 14:30:00"
"40880",20,"266.8","2021-02-13 14:45:00"
"40934",20,"190.4","2021-02-13 15:00:00"
"40988",20,"266.8","2021-02-13 15:15:00"
"41042",20,"216","2021-02-13 15:30:00"
"41096",20,"251.1","2021-02-13 15:45:00"
"41150",20,"177.3","2021-02-13 16:00:00"
"41204",20,"215.9","2021-02-13 16:15:00"
"41258",20,"310.7","2021-02-13 16:30:00"
"41312",20,"334.6","2021-02-13 16:45:00"
"41366",20,"233.2","2021-02-13 17:00:00"
"41420",20,"237.6","2021-02-13 17:15:00"
"41474",20,"238.8","2021-02-13 17:30:00"
"41528",20,"227.5","2021-02-13 17:45:00"
"41582",20,"214","2021-02-13 18:00:00"
"41636",20,"206.6","2021-02-13 18:15:00"
"41690",20,"201.3","2021-02-13 18:30:00"
"41744",20,"196.7","2021-02-13 18:45:00"
"41798",20,"190.4","2021-02-13 19:00:00"
"41852",20,"0","2021-02-13 19:15:00"
"41906",20,"0","2021-02-13 19:30:00"
"41960",20,"0","2021-02-13 19:45:00"
"42014",20,"0","2021-02-13 20:00:00"
"42068",20,"0","2021-02-13 20:15:00"
"42122",20,"0","2021-02-13 20:30:00"
"42176",20,"0","2021-02-13 20:45:00"
"42230",20,"297.2","2021-02-13 21:00:00"
"42284",20,"288.7","2021-02-13 21:15:00"
"42338",20,"271.4","2021-02-13 21:30:00"
"42392",20,"257.8","2021-02-13 21:45:00"
"42446",20,"286.2","2021-02-13 22:00:00"
"42500",20,"291","2021-02-13 22:15:00"
"42554",20,"308.2","2021-02-13 22:30:00"
"42608",20,"267.7","2021-02-13 22:45:00"
"42662",20,"249.5","2021-02-13 23:00:00"
"42716",20,"258.1","2021-02-13 23:15:00"
"42770",20,"0","2021-02-13 23:30:00"
"42824",20,"282.6","2021-02-13 23:45:00"
"42878",20,"264","2021-02-14 00:00:00"
"42932",20,"292.7","2021-02-14 00:15:00"
"42986",20,"303.1","2021-02-14 00:30:00"
"43040",20,"284.7","2021-02-14 00:45:00"
"43094",20,"19.3","2021-02-14 01:00:00"
"43148",20,"12.8","2021-02-14 01:15:00"
"43202",20,"331.4","2021-02-14 01:30:00"
"43256",20,"281.1","2021-02-14 01:45:00"
"43310",20,"294.8","2021-02-14 02:00:00"
"43364",20,"314.6","2021-02-14 02:15:00"
"43418",20,"316.5","2021-02-14 02:30:00"
"43472",20,"0","2021-02-14 02:45:00"
"43526",20,"0","2021-02-14 03:00:00"
"43580",20,"0","2021-02-14 03:15:00"
"43634",20,"0","2021-02-14 03:30:00"
"43688",20,"0","2021-02-14 03:45:00"
"43742",20,"0","2021-02-14 04:00:00"
"43796",20,"0","2021-02-14 04:15:00"
"43850",20,"0","2021-02-14 04:30:00"
"43904",20,"0","2021-02-14 04:45:00"
"43958",20,"138.3","2021-02-14 05:00:00"
"44012",20,"141.2","2021-02-14 05:15:00"
"44066",20,"119.6","2021-02-14 05:30:00"
"44120",20,"70","2021-02-14 05:45:00"
"44174",20,"47.2","2021-02-14 06:00:00"
"44228",20,"57.1","2021-02-14 06:15:00"
"44282",20,"73.7","2021-02-14 06:30:00"
"44336",20,"105.8","2021-02-14 06:45:00"
"44390",20,"188.2","2021-02-14 07:00:00"
"44444",20,"172.8","2021-02-14 07:15:00"
"44498",20,"236","2021-02-14 07:30:00"
"44552",20,"244","2021-02-14 07:45:00"
"44606",20,"97.2","2021-02-14 08:00:00"
"44660",20,"0","2021-02-14 08:15:00"
"44714",20,"0","2021-02-14 08:30:00"
"44768",20,"0","2021-02-14 08:45:00"
"44822",20,"104","2021-02-14 09:00:00"
"44876",20,"114.2","2021-02-14 09:15:00"
"44930",20,"109.3","2021-02-14 09:30:00"
"44984",20,"100.7","2021-02-14 09:45:00"
"45038",20,"101.4","2021-02-14 10:00:00"
"45092",20,"111.2","2021-02-14 10:15:00"
"45146",20,"155.9","2021-02-14 10:30:00"
"45200",20,"151.4","2021-02-14 10:45:00"
"45254",20,"142.1","2021-02-14 11:00:00"
"45308",20,"163.4","2021-02-14 11:15:00"
"45362",20,"205.8","2021-02-14 11:30:00"
"45416",20,"193","2021-02-14 11:45:00"
"45470",20,"166.2","2021-02-14 12:00:00"
"45524",20,"162.8","2021-02-14 12:15:00"
"45578",20,"135.9","2021-02-14 12:30:00"
"45632",20,"145.4","2021-02-14 12:45:00"
"45686",20,"119.6","2021-02-14 13:00:00"
"45740",20,"112.3","2021-02-14 13:15:00"
"45794",20,"74.6","2021-02-14 13:30:00"
"45848",20,"47.1","2021-02-14 13:45:00"
"45902",20,"53.5","2021-02-14 14:00:00"
"45956",20,"51.1","2021-02-14 14:15:00"
"46010",20,"56.7","2021-02-14 14:30:00"
"46064",20,"24.1","2021-02-14 14:45:00"
"46118",20,"25.4","2021-02-14 15:00:00"
"46172",20,"11.1","2021-02-14 15:15:00"
"46226",20,"357","2021-02-14 15:30:00"
"46280",20,"346.1","2021-02-14 15:45:00"
"46334",20,"341.1","2021-02-14 16:00:00"
"46388",20,"343.6","2021-02-14 16:15:00"
"46442",20,"335.5","2021-02-14 16:30:00"
"46496",20,"338.4","2021-02-14 16:45:00"
"46550",20,"350.3","2021-02-14 17:00:00"
"46604",20,"325.2","2021-02-14 17:15:00"
"46658",20,"322.1","2021-02-14 17:30:00"
"46712",20,"311.3","2021-02-14 17:45:00"
"46766",20,"316.4","2021-02-14 18:00:00"
"46820",20,"305.9","2021-02-14 18:15:00"
"46874",20,"327.1","2021-02-14 18:30:00"
"46928",20,"310.2","2021-02-14 18:45:00"
"46982",20,"314.3","2021-02-14 19:00:00"
"47036",20,"291.2","2021-02-14 19:15:00"
"47090",20,"271.1","2021-02-14 19:30:00"
"47144",20,"271.4","2021-02-14 19:45:00"
"47198",20,"254.5","2021-02-14 20:00:00"
"47252",20,"217.6","2021-02-14 20:15:00"
"47306",20,"204.3","2021-02-14 20:30:00"
"47360",20,"201.5","2021-02-14 20:45:00"
"47414",20,"220.5","2021-02-14 21:00:00"
"47468",20,"253.5","2021-02-14 21:15:00"
"47522",20,"0","2021-02-14 21:30:00"
"47576",20,"0","2021-02-14 21:45:00"
"47630",20,"273.3","2021-02-14 22:00:00"
"47684",20,"258.7","2021-02-14 22:15:00"
"47738",20,"278.5","2021-02-14 22:30:00"
"47792",20,"285.1","2021-02-14 22:45:00"
"47846",20,"278.1","2021-02-14 23:00:00"
"47900",20,"288.7","2021-02-14 23:15:00"
"47954",20,"298.5","2021-02-14 23:30:00"
"48008",20,"304.7","2021-02-14 23:45:00"
"48062",20,"0","2021-02-15 00:00:00"
"48116",20,"0","2021-02-15 00:15:00"
"48170",20,"0","2021-02-15 00:30:00"
"48224",20,"0","2021-02-15 00:45:00"
"48278",20,"100.9","2021-02-15 01:00:00"
"48332",20,"84.8","2021-02-15 01:15:00"
"48386",20,"68.8","2021-02-15 01:30:00"
"48440",20,"72.9","2021-02-15 01:45:00"
"48494",20,"80.5","2021-02-15 02:00:00"
"48548",20,"102","2021-02-15 02:15:00"
"48602",20,"68.5","2021-02-15 02:30:00"
"48656",20,"0","2021-02-15 02:45:00"
"48710",20,"263","2021-02-15 03:00:00"
"48764",20,"262.9","2021-02-15 03:15:00"
"48818",20,"0","2021-02-15 03:30:00"
"48872",20,"267.4","2021-02-15 03:45:00"
"48926",20,"0","2021-02-15 04:00:00"
"48980",20,"0","2021-02-15 04:15:00"
"49034",20,"0","2021-02-15 04:30:00"
"49088",20,"0","2021-02-15 04:45:00"
"49142",20,"0","2021-02-15 05:00:00"
"49196",20,"330","2021-02-15 05:15:00"
"49250",20,"0","2021-02-15 05:30:00"
"49304",20,"0","2021-02-15 05:45:00"
"49358",20,"235.2","2021-02-15 06:00:00"
"49412",20,"242.9","2021-02-15 06:15:00"
"49466",20,"274.2","2021-02-15 06:30:00"
"49520",20,"0","2021-02-15 06:45:00"
"49574",20,"0","2021-02-15 07:00:00"
"49628",20,"0","2021-02-15 07:15:00"
"49682",20,"0","2021-02-15 07:30:00"
"49736",20,"0","2021-02-15 07:45:00"
"49790",20,"0","2021-02-15 08:00:00"
"49844",20,"0","2021-02-15 08:15:00"
"49898",20,"222.2","2021-02-15 08:30:00"
"49952",20,"216.7","2021-02-15 08:45:00"
"50006",20,"200.4","2021-02-15 09:00:00"
"50060",20,"171.2","2021-02-15 09:15:00"
"50114",20,"188.7","2021-02-15 09:30:00"
"50168",20,"310.5","2021-02-15 09:45:00"
"50222",20,"279.5","2021-02-15 10:00:00"
"50276",20,"314.7","2021-02-15 10:15:00"
"50330",20,"296","2021-02-15 10:30:00"
"50384",20,"68.8","2021-02-15 10:45:00"
"50438",20,"144.6","2021-02-15 11:00:00"
"50492",20,"161","2021-02-15 11:15:00"
"50546",20,"36.8","2021-02-15 11:30:00"
"50600",20,"43.8","2021-02-15 11:45:00"
"50654",20,"35.7","2021-02-15 12:00:00"
"50708",20,"316.8","2021-02-15 12:15:00"
"50762",20,"335.4","2021-02-15 12:30:00"
"50816",20,"274.9","2021-02-15 12:45:00"
"50870",20,"177.3","2021-02-15 13:00:00"
"50924",20,"185","2021-02-15 13:15:00"
"50978",20,"220.4","2021-02-15 13:30:00"
"51032",20,"268","2021-02-15 13:45:00"
"51086",20,"223.9","2021-02-15 14:00:00"
"51140",20,"222.2","2021-02-15 14:15:00"
"51194",20,"237.4","2021-02-15 14:30:00"
"51248",20,"214.2","2021-02-15 14:45:00"
"51302",20,"241.9","2021-02-15 15:00:00"
"51356",20,"260","2021-02-15 15:15:00"
"51410",20,"264.1","2021-02-15 15:30:00"
"51464",20,"243.5","2021-02-15 15:45:00"
"51518",20,"266.8","2021-02-15 16:00:00"
"51572",20,"250.1","2021-02-15 16:15:00"
"51626",20,"263","2021-02-15 16:30:00"
"51680",20,"245.5","2021-02-15 16:45:00"
"51734",20,"242.2","2021-02-15 17:00:00"
"51788",20,"252.9","2021-02-15 17:15:00"
"51842",20,"252","2021-02-15 17:30:00"
"51896",20,"251.5","2021-02-15 17:45:00"
"51950",20,"248.8","2021-02-15 18:00:00"
"52004",20,"237.8","2021-02-15 18:15:00"
"52058",20,"232.6","2021-02-15 18:30:00"
"52112",20,"205.8","2021-02-15 18:45:00"
"52166",20,"189.3","2021-02-15 19:00:00"
"52220",20,"0","2021-02-15 19:15:00"
"52274",20,"0","2021-02-15 19:30:00"
"52328",20,"0","2021-02-15 19:45:00"
"52382",20,"0","2021-02-15 20:00:00"
"52436",20,"0","2021-02-15 20:15:00"
"52490",20,"0","2021-02-15 20:30:00"
"52544",20,"0","2021-02-15 20:45:00"
"52598",20,"0","2021-02-15 21:00:00"
"52652",20,"0","2021-02-15 21:15:00"
"52706",20,"0","2021-02-15 21:30:00"
"52760",20,"0","2021-02-15 21:45:00"
"52814",20,"0","2021-02-15 22:00:00"
"52868",20,"0","2021-02-15 22:15:00"
"52922",20,"0","2021-02-15 22:30:00"
"52976",20,"0","2021-02-15 22:45:00"
"53030",20,"0","2021-02-15 23:00:00"
"53084",20,"0","2021-02-15 23:15:00"
"53138",20,"0","2021-02-15 23:30:00"
"53192",20,"0","2021-02-15 23:45:00"
"53246",20,"0","2021-02-16 00:00:00"
"53300",20,"0","2021-02-16 00:15:00"
"53354",20,"0","2021-02-16 00:30:00"
"53408",20,"0","2021-02-16 00:45:00"
"53462",20,"0","2021-02-16 01:00:00"
"53516",20,"272.5","2021-02-16 01:15:00"
"53570",20,"281.3","2021-02-16 01:30:00"
"53624",20,"287.1","2021-02-16 01:45:00"
"53678",20,"280","2021-02-16 02:00:00"
"53732",20,"280.5","2021-02-16 02:15:00"
"53786",20,"284.5","2021-02-16 02:30:00"
"53840",20,"287.5","2021-02-16 02:45:00"
"53894",20,"287.5","2021-02-16 03:00:00"
"53948",20,"288.9","2021-02-16 03:15:00"
"54002",20,"288.8","2021-02-16 03:30:00"
"54056",20,"289.2","2021-02-16 03:45:00"
"54110",20,"294.3","2021-02-16 04:00:00"
"54164",20,"0","2021-02-16 04:15:00"
"54218",20,"0","2021-02-16 04:30:00"
"54272",20,"0","2021-02-16 04:45:00"
"54326",20,"0","2021-02-16 05:00:00"
"54380",20,"0","2021-02-16 05:15:00"
"54434",20,"0","2021-02-16 05:30:00"
"54488",20,"262.3","2021-02-16 05:45:00"
"54542",20,"262","2021-02-16 06:00:00"
"54596",20,"270","2021-02-16 06:15:00"
"54650",20,"271.3","2021-02-16 06:30:00"
"54704",20,"269.4","2021-02-16 06:45:00"
"54758",20,"0","2021-02-16 07:00:00"
"54812",20,"0","2021-02-16 07:15:00"
"54866",20,"0","2021-02-16 07:30:00"
"54920",20,"0","2021-02-16 07:45:00"
"54974",20,"0","2021-02-16 08:00:00"
"55028",20,"0","2021-02-16 08:15:00"
"55082",20,"0","2021-02-16 08:30:00"
"55136",20,"0","2021-02-16 08:45:00"
"55190",20,"0","2021-02-16 09:00:00"
"55244",20,"0","2021-02-16 09:15:00"
"55298",20,"0","2021-02-16 09:30:00"
"55352",20,"278.4","2021-02-16 09:45:00"
"55406",20,"290.4","2021-02-16 10:00:00"
"55460",20,"283.1","2021-02-16 10:15:00"
"55514",20,"262.6","2021-02-16 10:30:00"
"55568",20,"283.5","2021-02-16 10:45:00"
"55622",20,"283","2021-02-16 11:00:00"
"55676",20,"284.9","2021-02-16 11:15:00"
"55730",20,"271.3","2021-02-16 11:30:00"
"55784",20,"278","2021-02-16 11:45:00"
"55838",20,"270.3","2021-02-16 12:00:00"
"55892",20,"256.7","2021-02-16 12:15:00"
"55946",20,"248.5","2021-02-16 12:30:00"
"56000",20,"259.1","2021-02-16 12:45:00"
"56054",20,"284.6","2021-02-16 13:00:00"
"56108",20,"297.5","2021-02-16 13:15:00"
"56162",20,"284.3","2021-02-16 13:30:00"
"56216",20,"255.8","2021-02-16 13:45:00"
"56270",20,"256","2021-02-16 14:00:00"
"56324",20,"257","2021-02-16 14:15:00"
"56378",20,"248","2021-02-16 14:30:00"
"56432",20,"256.2","2021-02-16 14:45:00"
"56486",20,"256.4","2021-02-16 15:00:00"
"56540",20,"292.6","2021-02-16 15:15:00"
"56594",20,"292.8","2021-02-16 15:30:00"
"56648",20,"261.9","2021-02-16 15:45:00"
"56702",20,"284.9","2021-02-16 16:00:00"
"56756",20,"267.9","2021-02-16 16:15:00"
"56810",20,"265.9","2021-02-16 16:30:00"
"56864",20,"246","2021-02-16 16:45:00"
"56918",20,"192.7","2021-02-16 17:00:00"
"56972",20,"260","2021-02-16 17:15:00"
"57026",20,"255.6","2021-02-16 17:30:00"
"57080",20,"225.3","2021-02-16 17:45:00"
"57134",20,"221.4","2021-02-16 18:00:00"
"57188",20,"216.6","2021-02-16 18:15:00"
"57242",20,"250.9","2021-02-16 18:30:00"
"57296",20,"278.9","2021-02-16 18:45:00"
"57350",20,"273.9","2021-02-16 19:00:00"
"57404",20,"316.1","2021-02-16 19:15:00"
"57458",20,"280.7","2021-02-16 19:30:00"
"57512",20,"284.9","2021-02-16 19:45:00"
"57566",20,"256.1","2021-02-16 20:00:00"
"57620",20,"256.6","2021-02-16 20:15:00"
"57674",20,"249.7","2021-02-16 20:30:00"
"57728",20,"244.2","2021-02-16 20:45:00"
"57782",20,"249.8","2021-02-16 21:00:00"
"57836",20,"246.9","2021-02-16 21:15:00"
"57890",20,"282.8","2021-02-16 21:30:00"
"57944",20,"274.4","2021-02-16 21:45:00"
"57998",20,"275.7","2021-02-16 22:00:00"
"58052",20,"266.7","2021-02-16 22:15:00"
"58106",20,"233.3","2021-02-16 22:30:00"
"58160",20,"233.3","2021-02-16 22:45:00"
"58214",20,"212.2","2021-02-16 23:00:00"
"58268",20,"284.3","2021-02-16 23:15:00"
"58322",20,"0","2021-02-16 23:30:00"
"58376",20,"257.2","2021-02-16 23:45:00"
"58430",20,"255.9","2021-02-17 00:00:00"
"58484",20,"233.5","2021-02-17 00:15:00"
"58538",20,"0","2021-02-17 00:30:00"
"58592",20,"167.2","2021-02-17 00:45:00"
"58646",20,"224.1","2021-02-17 01:00:00"
"58700",20,"219.3","2021-02-17 01:15:00"
"58754",20,"234.6","2021-02-17 01:30:00"
"58808",20,"227.6","2021-02-17 01:45:00"
"58862",20,"237.8","2021-02-17 02:00:00"
"58916",20,"255.2","2021-02-17 02:15:00"
"58970",20,"244.7","2021-02-17 02:30:00"
"59024",20,"237.7","2021-02-17 02:45:00"
"59078",20,"213.4","2021-02-17 03:00:00"
"59132",20,"225.6","2021-02-17 03:15:00"
"59186",20,"230.6","2021-02-17 03:30:00"
"59240",20,"227.9","2021-02-17 03:45:00"
"59294",20,"224.3","2021-02-17 04:00:00"
"59348",20,"230.9","2021-02-17 04:15:00"
"59402",20,"242.4","2021-02-17 04:30:00"
"59456",20,"272.7","2021-02-17 04:45:00"
"59510",20,"256.1","2021-02-17 05:00:00"
"59564",20,"232.3","2021-02-17 05:15:00"
"59618",20,"0","2021-02-17 05:30:00"
"59672",20,"0","2021-02-17 05:45:00"
"59726",20,"200.3","2021-02-17 06:00:00"
"59780",20,"217.6","2021-02-17 06:15:00"
"59834",20,"215.8","2021-02-17 06:30:00"
"59888",20,"227.5","2021-02-17 06:45:00"
"59942",20,"248.3","2021-02-17 07:00:00"
"59996",20,"252.7","2021-02-17 07:15:00"
"60050",20,"223.4","2021-02-17 07:30:00"
"60104",20,"239.1","2021-02-17 07:45:00"
"60158",20,"230.8","2021-02-17 08:00:00"
"60212",20,"227.2","2021-02-17 08:15:00"
"60266",20,"240","2021-02-17 08:30:00"
"60320",20,"221.8","2021-02-17 08:45:00"
"60374",20,"207","2021-02-17 09:00:00"
"60428",20,"211.5","2021-02-17 09:15:00"
"60482",20,"211.9","2021-02-17 09:30:00"
"60536",20,"160.4","2021-02-17 09:45:00"
"60590",20,"155.9","2021-02-17 10:00:00"
"60644",20,"152.9","2021-02-17 10:15:00"
"60698",20,"179.6","2021-02-17 10:30:00"
"60752",20,"205.9","2021-02-17 10:45:00"
"60806",20,"172.1","2021-02-17 11:00:00"
"60860",20,"160.5","2021-02-17 11:15:00"
"60914",20,"180.1","2021-02-17 11:30:00"
"60968",20,"215","2021-02-17 11:45:00"
"61022",20,"243.2","2021-02-17 12:00:00"
"61076",20,"163.5","2021-02-17 12:15:00"
"61130",20,"222.8","2021-02-17 12:30:00"
"61184",20,"196.7","2021-02-17 12:45:00"
"61238",20,"236.5","2021-02-17 13:00:00"
"61292",20,"254.6","2021-02-17 13:15:00"
"61346",20,"289.6","2021-02-17 13:30:00"
"61400",20,"261.7","2021-02-17 13:45:00"
"61454",20,"228.9","2021-02-17 14:00:00"
"61508",20,"242.7","2021-02-17 14:15:00"
"61562",20,"221.7","2021-02-17 14:30:00"
"61616",20,"228.8","2021-02-17 14:45:00"
"61670",20,"241.7","2021-02-17 15:00:00"
"61724",20,"257.4","2021-02-17 15:15:00"
"61778",20,"243.2","2021-02-17 15:30:00"
"61832",20,"236.6","2021-02-17 15:45:00"
"61886",20,"245.5","2021-02-17 16:00:00"
"61940",20,"241.4","2021-02-17 16:15:00"
"61994",20,"233.6","2021-02-17 16:30:00"
"62048",20,"230.2","2021-02-17 16:45:00"
"62102",20,"235.7","2021-02-17 17:00:00"
"62156",20,"225.5","2021-02-17 17:15:00"
"62210",20,"220.3","2021-02-17 17:30:00"
"62264",20,"210.5","2021-02-17 17:45:00"
"62318",20,"214.7","2021-02-17 18:00:00"
"62372",20,"215.9","2021-02-17 18:15:00"
"62426",20,"221.8","2021-02-17 18:30:00"
"62480",20,"231.4","2021-02-17 18:45:00"
"62534",20,"220.3","2021-02-17 19:00:00"
"62588",20,"214.2","2021-02-17 19:15:00"
"62642",20,"214.5","2021-02-17 19:30:00"
"62696",20,"228.6","2021-02-17 19:45:00"
"62750",20,"234.1","2021-02-17 20:00:00"
"62804",20,"229.9","2021-02-17 20:15:00"
"62858",20,"232.2","2021-02-17 20:30:00"
"62912",20,"253.2","2021-02-17 20:45:00"
"62966",20,"264","2021-02-17 21:00:00"
"63020",20,"276","2021-02-17 21:15:00"
"63074",20,"267.9","2021-02-17 21:30:00"
"63128",20,"267.3","2021-02-17 21:45:00"
"63182",20,"270.9","2021-02-17 22:00:00"
"63236",20,"266.6","2021-02-17 22:15:00"
"63290",20,"263.9","2021-02-17 22:30:00"
"63344",20,"266.3","2021-02-17 22:45:00"
"63398",20,"259.8","2021-02-17 23:00:00"
"63452",20,"267.9","2021-02-17 23:15:00"
"63506",20,"265.6","2021-02-17 23:30:00"
"63560",20,"269.2","2021-02-17 23:45:00"
"63614",20,"271.6","2021-02-18 00:00:00"
"63668",20,"267.4","2021-02-18 00:15:00"
"63722",20,"263.1","2021-02-18 00:30:00"
"63776",20,"264.9","2021-02-18 00:45:00"
"63830",20,"262.9","2021-02-18 01:00:00"
"63884",20,"269.5","2021-02-18 01:15:00"
"63938",20,"268.2","2021-02-18 01:30:00"
"63992",20,"267","2021-02-18 01:45:00"
"64046",20,"268.9","2021-02-18 02:00:00"
"64100",20,"277","2021-02-18 02:15:00"
"64154",20,"278.4","2021-02-18 02:30:00"
"64208",20,"273.2","2021-02-18 02:45:00"
"64262",20,"275.2","2021-02-18 03:00:00"
"64316",20,"265.7","2021-02-18 03:15:00"
"64370",20,"263.1","2021-02-18 03:30:00"
"64424",20,"262.4","2021-02-18 03:45:00"
"64478",20,"265.4","2021-02-18 04:00:00"
"64532",20,"266","2021-02-18 04:15:00"
"65180",20,"266","2021-02-18 07:15:00"
"65234",20,"261.9","2021-02-18 07:30:00"
"65288",20,"261.3","2021-02-18 07:45:00"
"65342",20,"235.2","2021-02-18 08:00:00"
"65396",20,"210.4","2021-02-18 08:15:00"
"65450",20,"204.8","2021-02-18 08:30:00"
"65504",20,"192.2","2021-02-18 08:45:00"
"65558",20,"171.1","2021-02-18 09:00:00"
"65612",20,"164.1","2021-02-18 09:15:00"
"65666",20,"164","2021-02-18 09:30:00"
"66800",20,"279","2021-02-18 14:45:00"
"66854",20,"260.6","2021-02-18 15:00:00"
"66908",20,"266.7","2021-02-18 15:15:00"
"66962",20,"255","2021-02-18 15:30:00"
"67016",20,"235.3","2021-02-18 15:45:00"
"67070",20,"248.6","2021-02-18 16:00:00"
"67124",20,"252.9","2021-02-18 16:15:00"
"67178",20,"221.5","2021-02-18 16:30:00"
"67232",20,"240.9","2021-02-18 16:45:00"
"67286",20,"235.5","2021-02-18 17:00:00"
"67340",20,"232.8","2021-02-18 17:15:00"
"67934",20,"256.5","2021-02-18 20:00:00"
"67988",20,"257.5","2021-02-18 20:15:00"
"68042",20,"262.5","2021-02-18 20:30:00"
"68096",20,"261.8","2021-02-18 20:45:00"
"68150",20,"262.7","2021-02-18 21:00:00"
"68204",20,"260.8","2021-02-18 21:15:00"
"68258",20,"265.2","2021-02-18 21:30:00"
"68312",20,"265.3","2021-02-18 21:45:00"
"68366",20,"265.8","2021-02-18 22:00:00"
"68420",20,"274.9","2021-02-18 22:15:00"
"69554",20,"278.8","2021-02-19 03:30:00"
"69608",20,"273","2021-02-19 03:45:00"
"69662",20,"270.2","2021-02-19 04:00:00"
"69716",20,"265.3","2021-02-19 04:15:00"
"69770",20,"261.7","2021-02-19 04:30:00"
"69824",20,"263.5","2021-02-19 04:45:00"
"69878",20,"263","2021-02-19 05:00:00"
"69932",20,"277.1","2021-02-19 05:15:00"
"69986",20,"275.9","2021-02-19 05:30:00"
"70040",20,"281.2","2021-02-19 05:45:00"
"70094",20,"281.8","2021-02-19 06:00:00"
"71228",20,"109.6","2021-02-19 11:15:00"
"71282",20,"45.1","2021-02-19 11:30:00"
"71336",20,"63.7","2021-02-19 11:45:00"
"71390",20,"14.4","2021-02-19 12:00:00"
"71444",20,"182.6","2021-02-19 12:15:00"
"71498",20,"56.1","2021-02-19 12:30:00"
"71552",20,"190.8","2021-02-19 12:45:00"
"71606",20,"240.2","2021-02-19 13:00:00"
"71660",20,"179.9","2021-02-19 13:15:00"
"71714",20,"238.4","2021-02-19 13:30:00"
"72902",20,"177.9","2021-02-19 19:00:00"
"72956",20,"177.4","2021-02-19 19:15:00"
"73010",20,"201.2","2021-02-19 19:30:00"
"73064",20,"218.7","2021-02-19 19:45:00"
"73118",20,"251.8","2021-02-19 20:00:00"
"73172",20,"266.3","2021-02-19 20:15:00"
"73226",20,"56.2","2021-02-19 20:30:00"
"73280",20,"106.2","2021-02-19 20:45:00"
"73334",20,"127.4","2021-02-19 21:00:00"
"73388",20,"237.6","2021-02-19 21:15:00"
"74522",20,"180.1","2021-02-20 02:30:00"
"74576",20,"138.8","2021-02-20 02:45:00"
"74630",20,"152.7","2021-02-20 03:00:00"
"74684",20,"136.5","2021-02-20 03:15:00"
"74738",20,"138.6","2021-02-20 03:30:00"
"74792",20,"138.3","2021-02-20 03:45:00"
"74846",20,"145","2021-02-20 04:00:00"
"74900",20,"133.4","2021-02-20 04:15:00"
"74954",20,"137.7","2021-02-20 04:30:00"
"75008",20,"113","2021-02-20 04:45:00"
"75062",20,"271.1","2021-02-20 05:00:00"
"76214",20,"88.2","2021-03-25 10:00:00"
"76268",20,"81.5","2021-03-25 10:15:00"
"76322",20,"75.9","2021-03-25 10:30:00"
"76376",20,"79.8","2021-03-25 10:45:00"
"76430",20,"68.4","2021-03-25 11:00:00"
"76484",20,"78.8","2021-03-25 11:15:00"
"76538",20,"60.9","2021-03-25 11:30:00"
"76592",20,"84.1","2021-03-25 11:45:00"
"76646",20,"86.2","2021-03-25 12:00:00"
"76700",20,"53.6","2021-03-25 12:15:00"
"77196",20,"119.3","2021-02-20 10:15:00"
"77250",20,"129.9","2021-02-20 10:30:00"
"77304",20,"108","2021-02-20 10:45:00"
"77358",20,"85.6","2021-02-20 11:00:00"
"77412",20,"103.6","2021-02-20 11:15:00"
"77466",20,"77","2021-02-20 11:30:00"
"77520",20,"77.8","2021-02-20 11:45:00"
"77574",20,"83.8","2021-02-20 12:00:00"
"77628",20,"74.8","2021-02-20 12:15:00"
"77682",20,"65.5","2021-02-20 12:30:00"
"77736",20,"76.7","2021-02-20 12:45:00"
"78348",20,"24.4","2021-03-25 14:30:00"
"78441",20,"49.2","2021-03-25 14:45:00"
"78588",20,"96.7","2021-02-20 14:15:00"
"78704",20,"99.4","2021-02-20 14:30:00"
"78559",20,"40.2","2021-03-25 15:00:00"
"78657",20,"52","2021-03-25 15:15:00"
"78765",20,"101.3","2021-03-25 15:30:00"
"78870",20,"84.7","2021-03-25 15:45:00"
"78971",20,"79.1","2021-03-25 16:00:00"
"79996",20,"69.6","2021-03-25 18:15:00"
"80050",20,"64.3","2021-03-25 18:30:00"
"80104",20,"71.1","2021-03-25 18:45:00"
"80191",20,"72","2021-03-25 19:00:00"
"80311",20,"78.8","2021-03-25 19:15:00"
"80293",20,"76.4","2021-02-20 18:00:00"
"80391",20,"85.1","2021-02-20 18:15:00"
"80498",20,"81.7","2021-02-20 18:30:00"
"80428",20,"99.5","2021-03-25 19:30:00"
"80532",20,"100.5","2021-03-25 19:45:00"
"80647",20,"106","2021-03-25 20:00:00"
"81113",20,"56.9","2021-02-20 20:00:00"
"81208",20,"58.5","2021-02-20 20:15:00"
"81352",20,"101.6","2021-03-25 21:30:00"
"81458",20,"109.3","2021-03-25 21:45:00"
"81305",20,"99","2021-02-20 20:30:00"
"81413",20,"154.5","2021-02-20 20:45:00"
"81518",20,"140.3","2021-02-20 21:00:00"
"81572",20,"145.2","2021-02-20 21:15:00"
"81626",20,"148.3","2021-02-20 21:30:00"
"82700",20,"127.6","2021-03-25 22:00:00"
"82856",20,"122.2","2021-03-25 22:15:00"
"82914",20,"123.7","2021-03-25 22:30:00"
"82968",20,"123.2","2021-03-25 22:45:00"
"83022",20,"111.8","2021-03-25 23:00:00"
"83076",20,"112","2021-03-25 23:15:00"
"83130",20,"124.8","2021-03-25 23:30:00"
"83184",20,"133.4","2021-03-25 23:45:00"
"83238",20,"0","2021-03-26 00:00:00"
"83292",20,"121.2","2021-03-26 00:15:00"
"83346",20,"112.8","2021-03-26 00:30:00"
"84354",20,"109.9","2021-02-21 05:30:00"
"84408",20,"131.1","2021-02-21 05:45:00"
"84462",20,"133.6","2021-02-21 06:00:00"
"84516",20,"122.2","2021-02-21 06:15:00"
"84570",20,"118.2","2021-02-21 06:30:00"
"84624",20,"126.9","2021-02-21 06:45:00"
"84678",20,"123.6","2021-02-21 07:00:00"
"84732",20,"117.9","2021-02-21 07:15:00"
"85786",20,"114.4","2021-02-21 07:30:00"
"85840",20,"127.9","2021-02-21 07:45:00"
"86056",20,"120.9","2021-02-21 08:45:00"
"86110",20,"108.7","2021-02-21 09:00:00"
"86164",20,"93.8","2021-02-21 09:15:00"
"86218",20,"88.9","2021-02-21 09:30:00"
"86272",20,"97.8","2021-02-21 09:45:00"
"86326",20,"100.7","2021-02-21 10:00:00"
"86380",20,"85.7","2021-02-21 10:15:00"
"86434",20,"93.6","2021-02-21 10:30:00"
"86488",20,"86.3","2021-02-21 10:45:00"
"86542",20,"93.8","2021-02-21 11:00:00"
"87722",20,"44.8","2021-03-26 11:30:00"
"87776",20,"42","2021-03-26 11:45:00"
"88830",20,"29.4","2021-03-26 12:00:00"
"87866",20,"87.8","2021-02-21 12:30:00"
"87920",20,"88.2","2021-02-21 12:45:00"
"87974",20,"97.4","2021-02-21 13:00:00"
"88028",20,"57.8","2021-02-21 13:15:00"
"88082",20,"67.2","2021-02-21 13:30:00"
"88136",20,"75.2","2021-02-21 13:45:00"
"88190",20,"76.1","2021-02-21 14:00:00"
"88244",20,"80.5","2021-02-21 14:15:00"
"89424",20,"314","2021-03-26 14:45:00"
"89478",20,"320.3","2021-03-26 15:00:00"
"89532",20,"314.3","2021-03-26 15:15:00"
"89586",20,"300.2","2021-03-26 15:30:00"
"89640",20,"262.9","2021-03-26 15:45:00"
"89694",20,"252.2","2021-03-26 16:00:00"
"89748",20,"228.4","2021-03-26 16:15:00"
"89838",20,"75.3","2021-02-21 17:00:00"
"89892",20,"68.9","2021-02-21 17:15:00"
"89946",20,"79.2","2021-02-21 17:30:00"
"90000",20,"86","2021-02-21 17:45:00"
"90054",20,"86.5","2021-02-21 18:00:00"
"90108",20,"86.7","2021-02-21 18:15:00"
"90162",20,"120.8","2021-02-21 18:30:00"
"90216",20,"100.6","2021-02-21 18:45:00"
"90270",20,"101.7","2021-02-21 19:00:00"
"90324",20,"102.1","2021-02-21 19:15:00"
"90378",20,"100","2021-02-21 19:30:00"
"90432",20,"89.9","2021-02-21 19:45:00"
"90486",20,"80","2021-02-21 20:00:00"
"91666",20,"229.5","2021-03-26 20:30:00"
"91720",20,"236.8","2021-03-26 20:45:00"
"91774",20,"229.5","2021-03-26 21:00:00"
"92828",20,"234.5","2021-03-26 21:15:00"
"92882",20,"0","2021-03-26 21:30:00"
"91810",20,"103.5","2021-02-21 21:30:00"
"91864",20,"113.5","2021-02-21 21:45:00"
"91918",20,"118.8","2021-02-21 22:00:00"
"91972",20,"115.6","2021-02-21 22:15:00"
"92026",20,"123.4","2021-02-21 22:30:00"
"93206",20,"64.4","2021-03-26 23:00:00"
"93260",20,"131.3","2021-03-26 23:15:00"
"93314",20,"158.7","2021-03-26 23:30:00"
"93368",20,"123","2021-03-26 23:45:00"
"93422",20,"135","2021-03-27 00:00:00"
"93476",20,"104.4","2021-03-27 00:15:00"
"93530",20,"0","2021-03-27 00:30:00"
"93584",20,"111.1","2021-03-27 00:45:00"
"93638",20,"167.8","2021-03-27 01:00:00"
"93692",20,"0","2021-03-27 01:15:00"
"96024",20,"122.4","2021-02-22 07:45:00"
"96078",20,"113.4","2021-02-22 08:00:00"
"96132",20,"107.6","2021-02-22 08:15:00"
"96186",20,"114.5","2021-02-22 08:30:00"
"96240",20,"128.3","2021-02-22 08:45:00"
"96294",20,"123.2","2021-02-22 09:00:00"
"96348",20,"122.2","2021-02-22 09:15:00"
"96402",20,"117.8","2021-02-22 09:30:00"
"96456",20,"99.7","2021-02-22 09:45:00"
"96510",20,"89.9","2021-02-22 10:00:00"
"97690",20,"40.2","2021-03-27 10:30:00"
"97744",20,"37.8","2021-03-27 10:45:00"
"98798",20,"39.4","2021-03-27 11:00:00"
"97834",20,"77.9","2021-02-22 11:30:00"
"97888",20,"104.4","2021-02-22 11:45:00"
"97942",20,"108.2","2021-02-22 12:00:00"
"97996",20,"66.6","2021-02-22 12:15:00"
"98050",20,"84","2021-02-22 12:30:00"
"98104",20,"53.5","2021-02-22 12:45:00"
"98158",20,"74.6","2021-02-22 13:00:00"
"98212",20,"46.2","2021-02-22 13:15:00"
"99392",20,"3.1","2021-03-27 13:45:00"
"99446",20,"300.1","2021-03-27 14:00:00"
"99500",20,"243.7","2021-03-27 14:15:00"
"99554",20,"217.1","2021-03-27 14:30:00"
"99608",20,"234.5","2021-03-27 14:45:00"
"99662",20,"245.5","2021-03-27 15:00:00"
"99733",20,"228.6","2021-03-27 15:15:00"
"99746",20,"39","2021-02-22 16:00:00"
"99849",20,"89","2021-02-22 16:15:00"
"99914",20,"47.8","2021-02-22 16:30:00"
"100346",20,"188.9","2021-02-22 18:30:00"
"100400",20,"0","2021-02-22 18:45:00"
"100454",20,"0","2021-02-22 19:00:00"
"100508",20,"0","2021-02-22 19:15:00"
"100562",20,"0","2021-02-22 19:30:00"
"100616",20,"0","2021-02-22 19:45:00"
"100670",20,"0","2021-02-22 20:00:00"
"100724",20,"0","2021-02-22 20:15:00"
"100778",20,"132.5","2021-02-22 20:30:00"
"100782",20,"286.6","2021-06-16 20:45:00"
"100836",20,"281.1","2021-06-16 21:00:00"
"100890",20,"284","2021-06-16 21:15:00"
"101484",20,"259.6","2021-06-17 00:00:00"
"101538",20,"0","2021-06-17 00:15:00"
"101592",20,"0","2021-06-17 00:30:00"
"101646",20,"197.1","2021-06-17 00:45:00"
"101700",20,"0","2021-06-17 01:00:00"
"101754",20,"0","2021-06-17 01:15:00"
"103808",20,"0","2021-06-17 01:30:00"
"101932",20,"102","2021-03-27 16:15:00"
"101986",20,"112","2021-03-27 16:30:00"
"102040",20,"102.9","2021-03-27 16:45:00"
"103102",20,"123","2021-02-22 22:00:00"
"103156",20,"158.8","2021-02-22 22:15:00"
"103210",20,"292.7","2021-02-22 22:30:00"
"103264",20,"293.9","2021-02-22 22:45:00"
"103318",20,"298.2","2021-02-22 23:00:00"
"103372",20,"101.6","2021-02-22 23:15:00"
"103426",20,"192.9","2021-02-22 23:30:00"
"103480",20,"264.6","2021-02-22 23:45:00"
"103534",20,"261.4","2021-02-23 00:00:00"
"103588",20,"268.4","2021-02-23 00:15:00"
"104726",20,"282.8","2021-06-17 05:45:00"
"104780",20,"0","2021-06-17 06:00:00"
"104904",20,"270","2021-03-27 20:45:00"
"104958",20,"280.4","2021-03-27 21:00:00"
"105012",20,"0","2021-03-27 21:15:00"
"105066",20,"126.3","2021-03-27 21:30:00"
"105120",20,"124","2021-03-27 21:45:00"
"105174",20,"107.2","2021-03-27 22:00:00"
"105228",20,"101.2","2021-03-27 22:15:00"
"105282",20,"69.1","2021-03-27 22:30:00"
"106452",20,"167.4","2021-02-23 04:15:00"
"106506",20,"171.2","2021-02-23 04:30:00"
"106560",20,"175.6","2021-02-23 04:45:00"
"106614",20,"167.8","2021-02-23 05:00:00"
"106668",20,"146","2021-02-23 05:15:00"
"106722",20,"143.3","2021-02-23 05:30:00"
"106776",20,"134.8","2021-02-23 05:45:00"
"109207",20,"123.8","2021-02-23 06:00:00"
"106834",20,"0","2021-06-17 06:15:00"
"106888",20,"0","2021-06-17 06:30:00"
"106942",20,"0","2021-06-17 06:45:00"
"108146",20,"0","2021-03-28 02:30:00"
"108200",20,"0","2021-03-28 02:45:00"
"108254",20,"182.5","2021-03-28 03:00:00"
"108308",20,"152.6","2021-03-28 03:15:00"
"108362",20,"169.8","2021-03-28 03:30:00"
"108417",20,"0","2021-03-28 03:45:00"
"108441",20,"280.5","2021-05-06 00:00:00"
"108503",20,"0","2021-03-28 04:00:00"
"108602",20,"0","2021-03-28 04:15:00"
"108723",20,"0","2021-03-28 04:30:00"
"109759",20,"158.2","2021-02-23 07:00:00"
"109876",20,"211.1","2021-02-23 07:15:00"
"109995",20,"136.3","2021-02-23 07:30:00"
"110107",20,"125.5","2021-02-23 07:45:00"
"110257",20,"131.7","2021-02-23 08:00:00"
"110176",20,"0","2021-05-06 02:30:00"
"110441",20,"0","2021-05-06 02:45:00"
"110046",20,"55.9","2021-06-17 12:15:00"
"110174",20,"26.3","2021-06-17 12:30:00"
"110302",20,"11","2021-06-17 12:45:00"
"111543",20,"0","2021-05-06 03:45:00"
"111646",20,"0","2021-05-06 04:00:00"
"111700",20,"262.7","2021-05-06 04:15:00"
"111588",20,"43.7","2021-06-17 15:15:00"
"112832",20,"25.3","2021-06-17 15:30:00"
"111802",20,"60.8","2021-02-23 10:30:00"
"111856",20,"70.2","2021-02-23 10:45:00"
"111754",20,"266.2","2021-05-06 04:30:00"
"114300",20,"272.6","2021-05-06 04:45:00"
"113048",20,"45.1","2021-06-17 16:30:00"
"113102",20,"25.6","2021-06-17 16:45:00"
"113156",20,"44","2021-06-17 17:00:00"
"113210",20,"46.5","2021-06-17 17:15:00"
"113264",20,"48","2021-06-17 17:30:00"
"113318",20,"62.8","2021-06-17 17:45:00"
"113372",20,"68.4","2021-06-17 18:00:00"
"64586",20,"267.1","2021-02-18 04:30:00"
"64640",20,"260.6","2021-02-18 04:45:00"
"64694",20,"255.9","2021-02-18 05:00:00"
"64748",20,"261.4","2021-02-18 05:15:00"
"64802",20,"268.7","2021-02-18 05:30:00"
"64856",20,"267.6","2021-02-18 05:45:00"
"64910",20,"264.3","2021-02-18 06:00:00"
"64964",20,"263.4","2021-02-18 06:15:00"
"65018",20,"264.6","2021-02-18 06:30:00"
"65072",20,"265.1","2021-02-18 06:45:00"
"65126",20,"265.2","2021-02-18 07:00:00"
"66260",20,"209.5","2021-02-18 12:15:00"
"66314",20,"267.6","2021-02-18 12:30:00"
"66368",20,"245.4","2021-02-18 12:45:00"
"66422",20,"281.3","2021-02-18 13:00:00"
"66476",20,"273.8","2021-02-18 13:15:00"
"66530",20,"278","2021-02-18 13:30:00"
"66584",20,"269.5","2021-02-18 13:45:00"
"66638",20,"283.9","2021-02-18 14:00:00"
"66692",20,"293.9","2021-02-18 14:15:00"
"66746",20,"287.6","2021-02-18 14:30:00"
"68474",20,"275.6","2021-02-18 22:30:00"
"68528",20,"265.3","2021-02-18 22:45:00"
"68582",20,"265.3","2021-02-18 23:00:00"
"68636",20,"272.9","2021-02-18 23:15:00"
"68690",20,"287","2021-02-18 23:30:00"
"68744",20,"287.6","2021-02-18 23:45:00"
"68798",20,"283.6","2021-02-19 00:00:00"
"68852",20,"282.4","2021-02-19 00:15:00"
"68906",20,"281.9","2021-02-19 00:30:00"
"68960",20,"274.9","2021-02-19 00:45:00"
"70148",20,"279.1","2021-02-19 06:15:00"
"70202",20,"273.4","2021-02-19 06:30:00"
"70256",20,"266.4","2021-02-19 06:45:00"
"70310",20,"0","2021-02-19 07:00:00"
"70364",20,"233.3","2021-02-19 07:15:00"
"70418",20,"262.6","2021-02-19 07:30:00"
"70472",20,"271.3","2021-02-19 07:45:00"
"70526",20,"174.3","2021-02-19 08:00:00"
"70580",20,"144.3","2021-02-19 08:15:00"
"70634",20,"129.3","2021-02-19 08:30:00"
"71768",20,"247.1","2021-02-19 13:45:00"
"71822",20,"292.4","2021-02-19 14:00:00"
"71876",20,"252.4","2021-02-19 14:15:00"
"71930",20,"174.2","2021-02-19 14:30:00"
"71984",20,"245.2","2021-02-19 14:45:00"
"72038",20,"262.3","2021-02-19 15:00:00"
"72092",20,"192.2","2021-02-19 15:15:00"
"72146",20,"221.1","2021-02-19 15:30:00"
"72200",20,"224.6","2021-02-19 15:45:00"
"72254",20,"216.3","2021-02-19 16:00:00"
"72308",20,"191.7","2021-02-19 16:15:00"
"73442",20,"273.4","2021-02-19 21:30:00"
"73496",20,"0","2021-02-19 21:45:00"
"73550",20,"0","2021-02-19 22:00:00"
"73604",20,"298.9","2021-02-19 22:15:00"
"73658",20,"296.3","2021-02-19 22:30:00"
"73712",20,"281.6","2021-02-19 22:45:00"
"73766",20,"251.2","2021-02-19 23:00:00"
"73820",20,"263.7","2021-02-19 23:15:00"
"73874",20,"279.2","2021-02-19 23:30:00"
"73928",20,"265.1","2021-02-19 23:45:00"
"75116",20,"275.8","2021-02-20 05:15:00"
"75170",20,"274.6","2021-02-20 05:30:00"
"75224",20,"0","2021-02-20 05:45:00"
"75278",20,"161.3","2021-02-20 06:00:00"
"75332",20,"195.2","2021-02-20 06:15:00"
"75386",20,"244.1","2021-02-20 06:30:00"
"75440",20,"262.2","2021-02-20 06:45:00"
"75494",20,"260.4","2021-02-20 07:00:00"
"75548",20,"249","2021-02-20 07:15:00"
"75602",20,"213.3","2021-02-20 07:30:00"
"76754",20,"71.3","2021-03-25 12:30:00"
"77808",20,"44.7","2021-03-25 12:45:00"
"77862",20,"43.4","2021-03-25 13:00:00"
"76818",20,"132.8","2021-02-20 08:30:00"
"76872",20,"133.2","2021-02-20 08:45:00"
"76926",20,"126.1","2021-02-20 09:00:00"
"76980",20,"133.1","2021-02-20 09:15:00"
"77034",20,"122.2","2021-02-20 09:30:00"
"77088",20,"111.4","2021-02-20 09:45:00"
"77142",20,"112.3","2021-02-20 10:00:00"
"78819",20,"99","2021-02-20 14:45:00"
"78923",20,"88.9","2021-02-20 15:00:00"
"79025",20,"118.4","2021-02-20 15:15:00"
"79121",20,"83.6","2021-02-20 15:30:00"
"79227",20,"98.5","2021-02-20 15:45:00"
"79105",20,"75.8","2021-03-25 16:15:00"
"79211",20,"98.4","2021-03-25 16:30:00"
"79343",20,"73.3","2021-03-25 16:45:00"
"79311",20,"89.1","2021-02-20 16:00:00"
"79410",20,"70.5","2021-02-20 16:15:00"
"79524",20,"108.2","2021-02-20 16:30:00"
"80592",20,"71","2021-02-20 18:45:00"
"80704",20,"76.3","2021-02-20 19:00:00"
"80763",20,"106.2","2021-03-25 20:15:00"
"80868",20,"114.4","2021-03-25 20:30:00"
"80815",20,"73.2","2021-02-20 19:15:00"
"80924",20,"74.1","2021-02-20 19:30:00"
"81010",20,"57.8","2021-02-20 19:45:00"
"80996",20,"115","2021-03-25 20:45:00"
"81110",20,"113.3","2021-03-25 21:00:00"
"81234",20,"107.1","2021-03-25 21:15:00"
"82274",20,"129.9","2021-02-21 00:30:00"
"82328",20,"110","2021-02-21 00:45:00"
"82382",20,"97.8","2021-02-21 01:00:00"
"82436",20,"94.1","2021-02-21 01:15:00"
"82490",20,"85.1","2021-02-21 01:30:00"
"82544",20,"89.5","2021-02-21 01:45:00"
"82598",20,"90.9","2021-02-21 02:00:00"
"82658",20,"90.4","2021-02-21 02:15:00"
"82746",20,"94.6","2021-02-21 02:30:00"
"82827",20,"92.8","2021-02-21 02:45:00"
"83814",20,"90.1","2021-02-21 03:00:00"
"83868",20,"95.1","2021-02-21 03:15:00"
"83922",20,"94.8","2021-02-21 03:30:00"
"83976",20,"94.9","2021-02-21 03:45:00"
"84030",20,"99.5","2021-02-21 04:00:00"
"84084",20,"95.7","2021-02-21 04:15:00"
"84138",20,"93.3","2021-02-21 04:30:00"
"84192",20,"101.7","2021-02-21 04:45:00"
"84246",20,"115.9","2021-02-21 05:00:00"
"84300",20,"115","2021-02-21 05:15:00"
"85480",20,"81.4","2021-03-26 05:45:00"
"85534",20,"83.5","2021-03-26 06:00:00"
"85588",20,"80.8","2021-03-26 06:15:00"
"85642",20,"92","2021-03-26 06:30:00"
"85696",20,"0","2021-03-26 06:45:00"
"85750",20,"0","2021-03-26 07:00:00"
"86804",20,"137.5","2021-03-26 07:15:00"
"86858",20,"124.8","2021-03-26 07:30:00"
"85894",20,"132.4","2021-02-21 08:00:00"
"85948",20,"127.2","2021-02-21 08:15:00"
"86002",20,"125.8","2021-02-21 08:30:00"
"87182",20,"67.1","2021-03-26 09:00:00"
"87236",20,"77.6","2021-03-26 09:15:00"
"87290",20,"77.2","2021-03-26 09:30:00"
"87344",20,"81.1","2021-03-26 09:45:00"
"87398",20,"62.4","2021-03-26 10:00:00"
"87452",20,"36.8","2021-03-26 10:15:00"
"87506",20,"61.3","2021-03-26 10:30:00"
"87560",20,"55.9","2021-03-26 10:45:00"
"87614",20,"25.8","2021-03-26 11:00:00"
"87668",20,"30","2021-03-26 11:15:00"
"88884",20,"16.5","2021-03-26 12:15:00"
"88938",20,"30.9","2021-03-26 12:30:00"
"88992",20,"27.1","2021-03-26 12:45:00"
"89046",20,"35","2021-03-26 13:00:00"
"89100",20,"37.4","2021-03-26 13:15:00"
"89154",20,"39.8","2021-03-26 13:30:00"
"89208",20,"53.9","2021-03-26 13:45:00"
"89262",20,"41.2","2021-03-26 14:00:00"
"89316",20,"32.2","2021-03-26 14:15:00"
"89370",20,"342.4","2021-03-26 14:30:00"
"91126",20,"123.2","2021-03-26 18:00:00"
"91180",20,"150.1","2021-03-26 18:15:00"
"91234",20,"150","2021-03-26 18:30:00"
"91288",20,"241.2","2021-03-26 18:45:00"
"91342",20,"204.9","2021-03-26 19:00:00"
"91396",20,"221.6","2021-03-26 19:15:00"
"91450",20,"235.9","2021-03-26 19:30:00"
"91504",20,"220.7","2021-03-26 19:45:00"
"91558",20,"227.7","2021-03-26 20:00:00"
"91612",20,"224.1","2021-03-26 20:15:00"
"92620",20,"85.4","2021-02-22 01:15:00"
"92674",20,"87.6","2021-02-22 01:30:00"
"92728",20,"92.5","2021-02-22 01:45:00"
"93782",20,"95.9","2021-02-22 02:00:00"
"93836",20,"94","2021-02-22 02:15:00"
"92936",20,"0","2021-03-26 21:45:00"
"92990",20,"0","2021-03-26 22:00:00"
"93044",20,"0","2021-03-26 22:15:00"
"93098",20,"0","2021-03-26 22:30:00"
"93152",20,"54.9","2021-03-26 22:45:00"
"94322",20,"92.7","2021-02-22 04:30:00"
"94376",20,"97.1","2021-02-22 04:45:00"
"94430",20,"101.7","2021-02-22 05:00:00"
"94484",20,"101.9","2021-02-22 05:15:00"
"94538",20,"96.9","2021-02-22 05:30:00"
"94592",20,"114.9","2021-02-22 05:45:00"
"94646",20,"123.1","2021-02-22 06:00:00"
"94700",20,"118","2021-02-22 06:15:00"
"94754",20,"110.4","2021-02-22 06:30:00"
"95808",20,"127","2021-02-22 06:45:00"
"95448",20,"0","2021-03-27 04:45:00"
"95502",20,"0","2021-03-27 05:00:00"
"95556",20,"0","2021-03-27 05:15:00"
"95610",20,"284.4","2021-03-27 05:30:00"
"95664",20,"298.3","2021-03-27 05:45:00"
"95718",20,"260","2021-03-27 06:00:00"
"95772",20,"273.2","2021-03-27 06:15:00"
"96826",20,"280.9","2021-03-27 06:30:00"
"95862",20,"115.4","2021-02-22 07:00:00"
"95916",20,"125","2021-02-22 07:15:00"
"95970",20,"124.6","2021-02-22 07:30:00"
"97150",20,"212.2","2021-03-27 08:00:00"
"97204",20,"206","2021-03-27 08:15:00"
"97258",20,"0","2021-03-27 08:30:00"
"97312",20,"166.3","2021-03-27 08:45:00"
"97366",20,"75.7","2021-03-27 09:00:00"
"97420",20,"66.2","2021-03-27 09:15:00"
"97474",20,"67.4","2021-03-27 09:30:00"
"97528",20,"64.8","2021-03-27 09:45:00"
"97582",20,"57.3","2021-03-27 10:00:00"
"97636",20,"41.8","2021-03-27 10:15:00"
"98852",20,"42","2021-03-27 11:15:00"
"98906",20,"2.2","2021-03-27 11:30:00"
"98960",20,"58.2","2021-03-27 11:45:00"
"99014",20,"0.8","2021-03-27 12:00:00"
"99068",20,"16.2","2021-03-27 12:15:00"
"99122",20,"305.2","2021-03-27 12:30:00"
"99176",20,"341.5","2021-03-27 12:45:00"
"99230",20,"333.7","2021-03-27 13:00:00"
"99284",20,"2.6","2021-03-27 13:15:00"
"99338",20,"357.9","2021-03-27 13:30:00"
"100944",20,"274.6","2021-06-16 21:30:00"
"100998",20,"270.9","2021-06-16 21:45:00"
"101052",20,"277.5","2021-06-16 22:00:00"
"101106",20,"200.1","2021-06-16 22:15:00"
"101160",20,"199.7","2021-06-16 22:30:00"
"101214",20,"0","2021-06-16 22:45:00"
"101268",20,"0","2021-06-16 23:00:00"
"101322",20,"0","2021-06-16 23:15:00"
"101376",20,"0","2021-06-16 23:30:00"
"101430",20,"171.8","2021-06-16 23:45:00"
"102587",20,"121.1","2021-02-22 20:45:00"
"102693",20,"120.4","2021-02-22 21:00:00"
"102786",20,"216.5","2021-03-27 19:30:00"
"102907",20,"250","2021-03-27 19:45:00"
"102796",20,"133.6","2021-02-22 21:15:00"
"102896",20,"148.2","2021-02-22 21:30:00"
"103003",20,"136","2021-02-22 21:45:00"
"103018",20,"269.7","2021-03-27 20:00:00"
"104796",20,"0","2021-03-27 20:15:00"
"104850",20,"276.6","2021-03-27 20:30:00"
"103642",20,"267.3","2021-02-23 00:30:00"
"103696",20,"266.1","2021-02-23 00:45:00"
"103750",20,"274.9","2021-02-23 01:00:00"
"105804",20,"117.4","2021-02-23 01:15:00"
"105858",20,"108","2021-02-23 01:30:00"
"103862",20,"0","2021-06-17 01:45:00"
"103916",20,"248.4","2021-06-17 02:00:00"
"103970",20,"259","2021-06-17 02:15:00"
"104024",20,"0","2021-06-17 02:30:00"
"104078",20,"144.6","2021-06-17 02:45:00"
"104132",20,"163.9","2021-06-17 03:00:00"
"105336",20,"58","2021-03-27 22:45:00"
"105390",20,"0","2021-03-27 23:00:00"
"105444",20,"311.6","2021-03-27 23:15:00"
"105498",20,"249.6","2021-03-27 23:30:00"
"105552",20,"246.4","2021-03-27 23:45:00"
"105606",20,"0","2021-03-28 00:00:00"
"105660",20,"0","2021-03-28 00:15:00"
"105714",20,"113.3","2021-03-28 00:30:00"
"105768",20,"111.5","2021-03-28 00:45:00"
"107822",20,"0","2021-03-28 01:00:00"
"106996",20,"0","2021-06-17 07:00:00"
"107050",20,"0","2021-06-17 07:15:00"
"107104",20,"0","2021-06-17 07:30:00"
"107158",20,"0","2021-06-17 07:45:00"
"107212",20,"0","2021-06-17 08:00:00"
"107266",20,"0","2021-06-17 08:15:00"
"107320",20,"0","2021-06-17 08:30:00"
"107374",20,"0","2021-06-17 08:45:00"
"107428",20,"0","2021-06-17 09:00:00"
"107482",20,"85.6","2021-06-17 09:15:00"
"108555",20,"271.2","2021-05-06 00:15:00"
"108654",20,"262.3","2021-05-06 00:30:00"
"108760",20,"267.7","2021-05-06 00:45:00"
"108864",20,"262.2","2021-05-06 01:00:00"
"108971",20,"0","2021-05-06 01:15:00"
"108832",20,"0","2021-03-28 04:45:00"
"108944",20,"0","2021-03-28 05:00:00"
"109052",20,"0","2021-03-28 05:15:00"
"109080",20,"0","2021-05-06 01:30:00"
"109214",20,"59.5","2021-06-17 10:45:00"
"110413",20,"57.3","2021-06-17 13:00:00"
"110422",20,"129.3","2021-02-23 08:15:00"
"110532",20,"56.1","2021-06-17 13:15:00"
"110652",20,"81.9","2021-06-17 13:30:00"
"110777",20,"30.5","2021-06-17 13:45:00"
"110587",20,"128.4","2021-02-23 08:30:00"
"110732",20,"131.9","2021-02-23 08:45:00"
"110853",20,"137.2","2021-02-23 09:00:00"
"110725",20,"0","2021-05-06 03:00:00"
"110977",20,"0","2021-05-06 03:15:00"
"111249",20,"0","2021-05-06 03:30:00"
"111910",20,"84.2","2021-02-23 11:00:00"
"111964",20,"73.3","2021-02-23 11:15:00"
"112018",20,"51.7","2021-02-23 11:30:00"
"112072",20,"15.4","2021-02-23 11:45:00"
"112126",20,"74.1","2021-02-23 12:00:00"
"112180",20,"46.4","2021-02-23 12:15:00"
"65720",20,"167.4","2021-02-18 09:45:00"
"65774",20,"175.6","2021-02-18 10:00:00"
"65828",20,"161.2","2021-02-18 10:15:00"
"65882",20,"179.1","2021-02-18 10:30:00"
"65936",20,"182.9","2021-02-18 10:45:00"
"65990",20,"224.4","2021-02-18 11:00:00"
"66044",20,"185.9","2021-02-18 11:15:00"
"66098",20,"274.6","2021-02-18 11:30:00"
"66152",20,"272","2021-02-18 11:45:00"
"66206",20,"246.4","2021-02-18 12:00:00"
"67394",20,"232","2021-02-18 17:30:00"
"67448",20,"232.2","2021-02-18 17:45:00"
"67502",20,"230.9","2021-02-18 18:00:00"
"67556",20,"236.2","2021-02-18 18:15:00"
"67610",20,"241.8","2021-02-18 18:30:00"
"67664",20,"241.6","2021-02-18 18:45:00"
"67718",20,"240.2","2021-02-18 19:00:00"
"67772",20,"241","2021-02-18 19:15:00"
"67826",20,"238.3","2021-02-18 19:30:00"
"67880",20,"248","2021-02-18 19:45:00"
"69014",20,"273.6","2021-02-19 01:00:00"
"69068",20,"270.5","2021-02-19 01:15:00"
"69122",20,"250.7","2021-02-19 01:30:00"
"69176",20,"274.7","2021-02-19 01:45:00"
"69230",20,"267.9","2021-02-19 02:00:00"
"69284",20,"271","2021-02-19 02:15:00"
"69338",20,"278.2","2021-02-19 02:30:00"
"69392",20,"279.9","2021-02-19 02:45:00"
"69446",20,"274.5","2021-02-19 03:00:00"
"69500",20,"282","2021-02-19 03:15:00"
"70688",20,"137.3","2021-02-19 08:45:00"
"70742",20,"160","2021-02-19 09:00:00"
"70796",20,"155.7","2021-02-19 09:15:00"
"70850",20,"151.8","2021-02-19 09:30:00"
"70904",20,"143.6","2021-02-19 09:45:00"
"70958",20,"134.9","2021-02-19 10:00:00"
"71012",20,"117.9","2021-02-19 10:15:00"
"71066",20,"140.7","2021-02-19 10:30:00"
"71120",20,"113.9","2021-02-19 10:45:00"
"71174",20,"108","2021-02-19 11:00:00"
"72362",20,"160","2021-02-19 16:30:00"
"72416",20,"159.3","2021-02-19 16:45:00"
"72470",20,"171.7","2021-02-19 17:00:00"
"72524",20,"193.4","2021-02-19 17:15:00"
"72578",20,"160.8","2021-02-19 17:30:00"
"72632",20,"154.7","2021-02-19 17:45:00"
"72686",20,"170.4","2021-02-19 18:00:00"
"72740",20,"168.2","2021-02-19 18:15:00"
"72794",20,"159.3","2021-02-19 18:30:00"
"72848",20,"172.4","2021-02-19 18:45:00"
"73982",20,"271.6","2021-02-20 00:00:00"
"74036",20,"275.7","2021-02-20 00:15:00"
"74090",20,"283","2021-02-20 00:30:00"
"74144",20,"279.8","2021-02-20 00:45:00"
"74198",20,"268.5","2021-02-20 01:00:00"
"74252",20,"274","2021-02-20 01:15:00"
"74306",20,"273.9","2021-02-20 01:30:00"
"74360",20,"268","2021-02-20 01:45:00"
"74414",20,"257.2","2021-02-20 02:00:00"
"74468",20,"263.1","2021-02-20 02:15:00"
"75656",20,"171.9","2021-02-20 07:45:00"
"75710",20,"166","2021-02-20 08:00:00"
"75764",20,"143.1","2021-02-20 08:15:00"
"75782",20,"122","2021-03-25 08:00:00"
"75836",20,"114.3","2021-03-25 08:15:00"
"75890",20,"92.4","2021-03-25 08:30:00"
"75944",20,"84.4","2021-03-25 08:45:00"
"75998",20,"71.3","2021-03-25 09:00:00"
"76052",20,"93.2","2021-03-25 09:15:00"
"76106",20,"96.1","2021-03-25 09:30:00"
"76160",20,"89.2","2021-03-25 09:45:00"
"78035",20,"68.2","2021-02-20 13:00:00"
"78148",20,"85.2","2021-02-20 13:15:00"
"77916",20,"27.3","2021-03-25 13:15:00"
"77970",20,"25.3","2021-03-25 13:30:00"
"78032",20,"34","2021-03-25 13:45:00"
"78135",20,"42.2","2021-03-25 14:00:00"
"78238",20,"54.8","2021-03-25 14:15:00"
"78262",20,"94.2","2021-02-20 13:30:00"
"78367",20,"45.9","2021-02-20 13:45:00"
"78485",20,"108.2","2021-02-20 14:00:00"
"79458",20,"80.4","2021-03-25 17:00:00"
"79570",20,"75","2021-03-25 17:15:00"
"79600",20,"78.5","2021-02-20 16:45:00"
"79654",20,"53.3","2021-02-20 17:00:00"
"79708",20,"83","2021-02-20 17:15:00"
"79762",20,"78.9","2021-02-20 17:30:00"
"80196",20,"69.2","2021-02-20 17:45:00"
"79834",20,"83.2","2021-03-25 17:30:00"
"79888",20,"79.6","2021-03-25 17:45:00"
"79942",20,"73.9","2021-03-25 18:00:00"
"81680",20,"148.1","2021-02-20 21:45:00"
"81734",20,"145.6","2021-02-20 22:00:00"
"81788",20,"141.1","2021-02-20 22:15:00"
"81842",20,"155.6","2021-02-20 22:30:00"
"81896",20,"154.7","2021-02-20 22:45:00"
"81950",20,"124.5","2021-02-20 23:00:00"
"82004",20,"121.7","2021-02-20 23:15:00"
"82058",20,"123.5","2021-02-20 23:30:00"
"82112",20,"126.2","2021-02-20 23:45:00"
"82166",20,"127.7","2021-02-21 00:00:00"
"82220",20,"128.8","2021-02-21 00:15:00"
"83400",20,"122.8","2021-03-26 00:45:00"
"83454",20,"89.6","2021-03-26 01:00:00"
"83508",20,"88.1","2021-03-26 01:15:00"
"83562",20,"0","2021-03-26 01:30:00"
"83616",20,"0","2021-03-26 01:45:00"
"83670",20,"82.7","2021-03-26 02:00:00"
"83724",20,"73.9","2021-03-26 02:15:00"
"83778",20,"0","2021-03-26 02:30:00"
"84832",20,"74.3","2021-03-26 02:45:00"
"84886",20,"163","2021-03-26 03:00:00"
"84940",20,"0","2021-03-26 03:15:00"
"84994",20,"156.7","2021-03-26 03:30:00"
"85048",20,"139.2","2021-03-26 03:45:00"
"85102",20,"129.2","2021-03-26 04:00:00"
"85156",20,"115.7","2021-03-26 04:15:00"
"85210",20,"95.9","2021-03-26 04:30:00"
"85264",20,"88.3","2021-03-26 04:45:00"
"85318",20,"82.6","2021-03-26 05:00:00"
"85372",20,"77.4","2021-03-26 05:15:00"
"85426",20,"87.2","2021-03-26 05:30:00"
"86596",20,"97.2","2021-02-21 11:15:00"
"86650",20,"102.8","2021-02-21 11:30:00"
"86704",20,"100.4","2021-02-21 11:45:00"
"86758",20,"77","2021-02-21 12:00:00"
"87812",20,"84.2","2021-02-21 12:15:00"
"86912",20,"0","2021-03-26 07:45:00"
"86966",20,"86.2","2021-03-26 08:00:00"
"87020",20,"90.7","2021-03-26 08:15:00"
"87074",20,"81.8","2021-03-26 08:30:00"
"87128",20,"86.7","2021-03-26 08:45:00"
"88298",20,"73.1","2021-02-21 14:30:00"
"88352",20,"84.6","2021-02-21 14:45:00"
"88406",20,"69.8","2021-02-21 15:00:00"
"88460",20,"100","2021-02-21 15:15:00"
"88514",20,"74.1","2021-02-21 15:30:00"
"88568",20,"71.6","2021-02-21 15:45:00"
"88622",20,"46.3","2021-02-21 16:00:00"
"88676",20,"55.9","2021-02-21 16:15:00"
"88730",20,"101.6","2021-02-21 16:30:00"
"89784",20,"92.9","2021-02-21 16:45:00"
"90540",20,"79.6","2021-02-21 20:15:00"
"90594",20,"86.1","2021-02-21 20:30:00"
"90648",20,"86.7","2021-02-21 20:45:00"
"90702",20,"91.5","2021-02-21 21:00:00"
"90756",20,"97.3","2021-02-21 21:15:00"
"90802",20,"226.5","2021-03-26 16:30:00"
"90856",20,"235.3","2021-03-26 16:45:00"
"90910",20,"216","2021-03-26 17:00:00"
"90964",20,"102.7","2021-03-26 17:15:00"
"91018",20,"97.6","2021-03-26 17:30:00"
"91072",20,"87.2","2021-03-26 17:45:00"
"92080",20,"115.6","2021-02-21 22:45:00"
"92134",20,"98.9","2021-02-21 23:00:00"
"92188",20,"96.3","2021-02-21 23:15:00"
"92242",20,"96.1","2021-02-21 23:30:00"
"92296",20,"98.8","2021-02-21 23:45:00"
"92350",20,"100.1","2021-02-22 00:00:00"
"92404",20,"107.1","2021-02-22 00:15:00"
"92458",20,"108.2","2021-02-22 00:30:00"
"92512",20,"96.1","2021-02-22 00:45:00"
"92566",20,"94.2","2021-02-22 01:00:00"
"93746",20,"127.6","2021-03-27 01:30:00"
"94800",20,"169.7","2021-03-27 01:45:00"
"94854",20,"0","2021-03-27 02:00:00"
"93890",20,"93.2","2021-02-22 02:30:00"
"93944",20,"91.4","2021-02-22 02:45:00"
"93998",20,"93.7","2021-02-22 03:00:00"
"94052",20,"91.1","2021-02-22 03:15:00"
"94106",20,"94.7","2021-02-22 03:30:00"
"94160",20,"93.7","2021-02-22 03:45:00"
"94214",20,"96.4","2021-02-22 04:00:00"
"94268",20,"92.3","2021-02-22 04:15:00"
"94908",20,"241.9","2021-03-27 02:15:00"
"94962",20,"0","2021-03-27 02:30:00"
"95016",20,"0","2021-03-27 02:45:00"
"95070",20,"0","2021-03-27 03:00:00"
"95124",20,"0","2021-03-27 03:15:00"
"95178",20,"0","2021-03-27 03:30:00"
"95232",20,"0","2021-03-27 03:45:00"
"95286",20,"0","2021-03-27 04:00:00"
"95340",20,"0","2021-03-27 04:15:00"
"95394",20,"0","2021-03-27 04:30:00"
"96564",20,"114.3","2021-02-22 10:15:00"
"96618",20,"116.5","2021-02-22 10:30:00"
"96672",20,"104.1","2021-02-22 10:45:00"
"96726",20,"102.8","2021-02-22 11:00:00"
"96780",20,"95.8","2021-02-22 11:15:00"
"96880",20,"0","2021-03-27 06:45:00"
"96934",20,"0","2021-03-27 07:00:00"
"96988",20,"0","2021-03-27 07:15:00"
"97042",20,"0","2021-03-27 07:30:00"
"97096",20,"232.2","2021-03-27 07:45:00"
"98266",20,"81.7","2021-02-22 13:30:00"
"98320",20,"62.4","2021-02-22 13:45:00"
"98374",20,"85.8","2021-02-22 14:00:00"
"98428",20,"65.5","2021-02-22 14:15:00"
"98482",20,"63.1","2021-02-22 14:30:00"
"98536",20,"101.3","2021-02-22 14:45:00"
"98590",20,"97.1","2021-02-22 15:00:00"
"98644",20,"99.3","2021-02-22 15:15:00"
"98698",20,"113.6","2021-02-22 15:30:00"
"98752",20,"65.6","2021-02-22 15:45:00"
"99851",20,"207.1","2021-03-27 15:30:00"
"101824",20,"218","2021-03-27 15:45:00"
"101878",20,"100.9","2021-03-27 16:00:00"
"99968",20,"112.1","2021-02-22 16:45:00"
"100022",20,"146.3","2021-02-22 17:00:00"
"100076",20,"49.6","2021-02-22 17:15:00"
"100130",20,"57.9","2021-02-22 17:30:00"
"100184",20,"95","2021-02-22 17:45:00"
"100238",20,"142.5","2021-02-22 18:00:00"
"100292",20,"177.7","2021-02-22 18:15:00"
"102094",20,"83.2","2021-03-27 17:00:00"
"102148",20,"345.1","2021-03-27 17:15:00"
"102202",20,"213.8","2021-03-27 17:30:00"
"102256",20,"207.3","2021-03-27 17:45:00"
"102310",20,"214.7","2021-03-27 18:00:00"
"102364",20,"221.3","2021-03-27 18:15:00"
"102418",20,"217.4","2021-03-27 18:30:00"
"102473",20,"232.8","2021-03-27 18:45:00"
"102570",20,"227.4","2021-03-27 19:00:00"
"102676",20,"172.8","2021-03-27 19:15:00"
"104186",20,"88.6","2021-06-17 03:15:00"
"104240",20,"118","2021-06-17 03:30:00"
"104294",20,"117.7","2021-06-17 03:45:00"
"104348",20,"123.5","2021-06-17 04:00:00"
"104402",20,"121.2","2021-06-17 04:15:00"
"104456",20,"131","2021-06-17 04:30:00"
"104510",20,"124.2","2021-06-17 04:45:00"
"104564",20,"152.2","2021-06-17 05:00:00"
"104618",20,"174.9","2021-06-17 05:15:00"
"104672",20,"0","2021-06-17 05:30:00"
"105912",20,"61.9","2021-02-23 01:45:00"
"105966",20,"108.7","2021-02-23 02:00:00"
"106020",20,"99.4","2021-02-23 02:15:00"
"106074",20,"101.4","2021-02-23 02:30:00"
"106128",20,"120.3","2021-02-23 02:45:00"
"106182",20,"140.4","2021-02-23 03:00:00"
"106236",20,"141.6","2021-02-23 03:15:00"
"106290",20,"106.4","2021-02-23 03:30:00"
"106344",20,"112.1","2021-02-23 03:45:00"
"106398",20,"137.5","2021-02-23 04:00:00"
"107536",20,"53.8","2021-06-17 09:30:00"
"107590",20,"79.2","2021-06-17 09:45:00"
"107644",20,"141.5","2021-06-17 10:00:00"
"107698",20,"109.5","2021-06-17 10:15:00"
"107752",20,"83.5","2021-06-17 10:30:00"
"107876",20,"0","2021-03-28 01:15:00"
"107930",20,"0","2021-03-28 01:30:00"
"107984",20,"0","2021-03-28 01:45:00"
"108038",20,"163.1","2021-03-28 02:00:00"
"108092",20,"153.4","2021-03-28 02:15:00"
"109333",20,"26.9","2021-06-17 11:00:00"
"109472",20,"80","2021-06-17 11:15:00"
"109588",20,"55.5","2021-06-17 11:30:00"
"109336",20,"115.6","2021-02-23 06:15:00"
"109468",20,"121.2","2021-02-23 06:30:00"
"109625",20,"136.7","2021-02-23 06:45:00"
"109381",20,"0","2021-05-06 01:45:00"
"109628",20,"0","2021-05-06 02:00:00"
"109887",20,"0","2021-05-06 02:15:00"
"109732",20,"358.2","2021-06-17 11:45:00"
"109889",20,"27.2","2021-06-17 12:00:00"
"110914",20,"345.7","2021-06-17 14:00:00"
"111032",20,"301.4","2021-06-17 14:15:00"
"111023",20,"115","2021-02-23 09:15:00"
"111138",20,"89.3","2021-02-23 09:30:00"
"111199",20,"20.3","2021-06-17 14:30:00"
"111322",20,"7.3","2021-06-17 14:45:00"
"111449",20,"324.1","2021-06-17 15:00:00"
"111265",20,"63.6","2021-02-23 09:45:00"
"111404",20,"67.4","2021-02-23 10:00:00"
"111520",20,"74.8","2021-02-23 10:15:00"
"112450",20,"29.4","2021-02-23 13:30:00"
"112504",20,"17","2021-02-23 13:45:00"
"112558",20,"47.9","2021-02-23 14:00:00"
"112612",20,"310.1","2021-02-23 14:15:00"
"112666",20,"288.3","2021-02-23 14:30:00"
"112720",20,"258.5","2021-02-23 14:45:00"
"112774",20,"287.4","2021-02-23 15:00:00"
"115828",20,"205","2021-02-23 15:15:00"
"112886",20,"14.5","2021-06-17 15:45:00"
"112940",20,"14.6","2021-06-17 16:00:00"
"112994",20,"39.8","2021-06-17 16:15:00"
"114064",20,"0","2021-03-28 06:45:00"
"114118",20,"0","2021-03-28 07:00:00"
"114172",20,"0","2021-03-28 07:15:00"
"114226",20,"0","2021-03-28 07:30:00"
"114315",20,"0","2021-03-28 07:45:00"
"114415",20,"275.7","2021-05-06 05:00:00"
"114507",20,"0","2021-05-06 05:15:00"
"113426",20,"61.3","2021-06-17 18:15:00"
"113480",20,"60.9","2021-06-17 18:30:00"
"113534",20,"57.6","2021-06-17 18:45:00"
"122508",20,"260.1","2021-05-06 17:15:00"
"122562",20,"256.8","2021-05-06 17:30:00"
"122616",20,"260","2021-05-06 17:45:00"
"122670",20,"263.7","2021-05-06 18:00:00"
"122724",20,"253.4","2021-05-06 18:15:00"
"122778",20,"249.4","2021-05-06 18:30:00"
"125832",20,"242.5","2021-05-06 18:45:00"
"122846",20,"217.2","2021-03-28 15:00:00"
"122925",20,"239","2021-03-28 15:15:00"
"123022",20,"249.1","2021-03-28 15:30:00"
"123995",20,"96","2021-06-18 06:30:00"
"124146",20,"88.5","2021-06-18 06:45:00"
"124271",20,"97.9","2021-06-18 07:00:00"
"124208",20,"245.8","2021-03-28 17:30:00"
"124359",20,"276.9","2021-03-28 17:45:00"
"124497",20,"269.8","2021-03-28 18:00:00"
"124306",20,"273.1","2021-02-24 02:30:00"
"124520",20,"278.6","2021-02-24 02:45:00"
"124690",20,"168.1","2021-02-24 03:00:00"
"124424",20,"109.8","2021-06-18 07:15:00"
"124573",20,"115.7","2021-06-18 07:30:00"
"125774",20,"96.3","2021-06-18 09:45:00"
"128828",20,"95.2","2021-06-18 10:00:00"
"128882",20,"77.7","2021-06-18 10:15:00"
"125886",20,"254","2021-05-06 19:00:00"
"125940",20,"241.6","2021-05-06 19:15:00"
"125994",20,"238.5","2021-05-06 19:30:00"
"126048",20,"244.3","2021-05-06 19:45:00"
"126102",20,"242.7","2021-05-06 20:00:00"
"126156",20,"242.2","2021-05-06 20:15:00"
"126210",20,"237.3","2021-05-06 20:30:00"
"126264",20,"235.4","2021-05-06 20:45:00"
"127401",20,"291.3","2021-03-28 21:30:00"
"127491",20,"276.7","2021-03-28 21:45:00"
"127476",20,"281.4","2021-02-24 05:45:00"
"127593",20,"271.7","2021-02-24 06:00:00"
"127590",20,"0","2021-03-28 22:00:00"
"127682",20,"0","2021-03-28 22:15:00"
"127773",20,"268.9","2021-03-28 22:30:00"
"127727",20,"265.8","2021-02-24 06:15:00"
"127827",20,"264.5","2021-02-24 06:30:00"
"127934",20,"269.7","2021-02-24 06:45:00"
"130790",20,"276.1","2021-03-29 00:00:00"
"130844",20,"276.4","2021-03-29 00:15:00"
"128500",20,"126","2021-02-24 08:15:00"
"128554",20,"129.4","2021-02-24 08:30:00"
"128608",20,"162","2021-02-24 08:45:00"
"128662",20,"188.9","2021-02-24 09:00:00"
"128716",20,"190","2021-02-24 09:15:00"
"128770",20,"98","2021-02-24 09:30:00"
"131824",20,"81.3","2021-02-24 09:45:00"
"131878",20,"83.4","2021-02-24 10:00:00"
"129946",20,"117.5","2021-06-18 13:30:00"
"130026",20,"220.2","2021-06-18 13:45:00"
"130106",20,"238.1","2021-06-18 14:00:00"
"130193",20,"250","2021-06-18 14:15:00"
"132216",20,"254.2","2021-06-18 14:30:00"
"130290",20,"210.6","2021-05-07 01:30:00"
"130344",20,"171.9","2021-05-07 01:45:00"
"130398",20,"0","2021-05-07 02:00:00"
"130452",20,"168.2","2021-05-07 02:15:00"
"130506",20,"156.6","2021-05-07 02:30:00"
"132323",20,"253.9","2021-06-18 14:45:00"
"132433",20,"200","2021-06-18 15:00:00"
"132546",20,"181.7","2021-06-18 15:15:00"
"132445",20,"17.6","2021-02-24 12:00:00"
"132545",20,"67.1","2021-02-24 12:15:00"
"132631",20,"31.4","2021-02-24 12:30:00"
"132673",20,"0","2021-06-18 15:30:00"
"132763",20,"123.4","2021-06-18 15:45:00"
"132870",20,"122","2021-06-18 16:00:00"
"132760",20,"0.9","2021-02-24 12:45:00"
"132869",20,"256.2","2021-02-24 13:00:00"
"132972",20,"230","2021-02-24 13:15:00"
"133992",20,"185","2021-05-07 04:45:00"
"134046",20,"183.3","2021-05-07 05:00:00"
"134100",20,"173.8","2021-05-07 05:15:00"
"134154",20,"171.8","2021-05-07 05:30:00"
"134208",20,"171.8","2021-05-07 05:45:00"
"134262",20,"191.1","2021-05-07 06:00:00"
"134316",20,"197.7","2021-05-07 06:15:00"
"134396",20,"164.1","2021-05-07 06:30:00"
"134527",20,"144","2021-05-07 06:45:00"
"134691",20,"175.4","2021-05-07 07:00:00"
"135572",20,"0","2021-03-29 08:15:00"
"135626",20,"0","2021-03-29 08:30:00"
"135680",20,"212.8","2021-03-29 08:45:00"
"135734",20,"206.3","2021-03-29 09:00:00"
"136033",20,"205.4","2021-03-29 09:15:00"
"135904",20,"264","2021-02-24 14:45:00"
"135958",20,"235.9","2021-02-24 15:00:00"
"136095",20,"256.8","2021-02-24 15:15:00"
"136302",20,"264.1","2021-02-24 15:30:00"
"136501",20,"249.3","2021-02-24 15:45:00"
"137270",20,"122.2","2021-06-18 20:30:00"
"137474",20,"119.2","2021-06-18 20:45:00"
"137669",20,"0","2021-06-18 21:00:00"
"137329",20,"228.3","2021-03-29 10:45:00"
"137527",20,"286.1","2021-03-29 11:00:00"
"137780",20,"271.9","2021-03-29 11:15:00"
"137734",20,"236.5","2021-02-24 17:15:00"
"137849",20,"103.7","2021-05-07 10:30:00"
"138030",20,"99.9","2021-05-07 10:45:00"
"138239",20,"101","2021-05-07 11:00:00"
"138583",20,"221.4","2021-02-24 18:15:00"
"138811",20,"202","2021-02-24 18:30:00"
"138635",20,"319.1","2021-03-29 12:15:00"
"138860",20,"336.3","2021-03-29 12:30:00"
"139105",20,"96.6","2021-05-07 12:00:00"
"139179",20,"98.3","2021-06-18 22:45:00"
"138567",20,"149.1","2021-06-18 22:00:00"
"138767",20,"128.4","2021-06-18 22:15:00"
"138984",20,"113.4","2021-06-18 22:30:00"
"140150",20,"134.2","2021-06-19 00:30:00"
"140247",20,"128.7","2021-06-19 00:45:00"
"140383",20,"36.5","2021-03-29 15:15:00"
"140490",20,"34.7","2021-03-29 15:30:00"
"140579",20,"48.4","2021-03-29 15:45:00"
"140359",20,"142.9","2021-06-19 01:00:00"
"140469",20,"127.3","2021-06-19 01:15:00"
"140594",20,"139","2021-06-19 01:30:00"
"140708",20,"91.1","2021-03-29 16:00:00"
"140819",20,"160.8","2021-03-29 16:15:00"
"141585",20,"108.2","2021-05-07 13:45:00"
"141856",20,"92.6","2021-05-07 14:00:00"
"142062",20,"80.9","2021-05-07 14:15:00"
"141708",20,"153.5","2021-03-29 17:15:00"
"141909",20,"164.7","2021-03-29 17:30:00"
"142123",20,"130.1","2021-03-29 17:45:00"
"142245",20,"237.8","2021-02-24 20:45:00"
"142448",20,"159.9","2021-02-24 21:00:00"
"142347",20,"49.6","2021-03-29 18:00:00"
"142567",20,"3.5","2021-03-29 18:15:00"
"143269",20,"65.8","2021-02-24 22:30:00"
"143369",20,"75.9","2021-02-24 22:45:00"
"143478",20,"88.1","2021-02-24 23:00:00"
"143394",20,"79.8","2021-05-07 16:30:00"
"143501",20,"86.6","2021-05-07 16:45:00"
"143587",20,"105.9","2021-02-24 23:15:00"
"146794",20,"101.6","2021-02-24 23:30:00"
"146848",20,"126.8","2021-02-24 23:45:00"
"143607",20,"103.3","2021-05-07 17:00:00"
"143692",20,"100.8","2021-05-07 17:15:00"
"143746",20,"98.1","2021-05-07 17:30:00"
"144381",20,"107.9","2021-06-19 05:00:00"
"144505",20,"110","2021-06-19 05:15:00"
"144565",20,"231.9","2021-03-29 21:00:00"
"144710",20,"240.8","2021-03-29 21:15:00"
"144894",20,"0","2021-03-29 21:30:00"
"144605",20,"109.2","2021-06-19 05:30:00"
"144747",20,"86","2021-06-19 05:45:00"
"144895",20,"86.4","2021-06-19 06:00:00"
"145037",20,"274.3","2021-03-29 21:45:00"
"145173",20,"272.1","2021-03-29 22:00:00"
"146182",20,"0","2021-06-19 08:15:00"
"146288",20,"0","2021-06-19 08:30:00"
"146205",20,"104.3","2021-05-07 20:15:00"
"146315",20,"118.4","2021-05-07 20:30:00"
"146426",20,"126.6","2021-05-07 20:45:00"
"146397",20,"0","2021-06-19 08:45:00"
"149796",20,"0","2021-06-19 09:00:00"
"149850",20,"152.8","2021-06-19 09:15:00"
"146502",20,"123","2021-05-07 21:00:00"
"146556",20,"135.3","2021-05-07 21:15:00"
"147712",20,"123","2021-02-25 03:45:00"
"147766",20,"108.3","2021-02-25 04:00:00"
"147920",20,"276.9","2021-03-29 23:45:00"
"147974",20,"275.6","2021-03-30 00:00:00"
"148028",20,"277.9","2021-03-30 00:15:00"
"148082",20,"284.7","2021-03-30 00:30:00"
"148137",20,"269.6","2021-03-30 00:45:00"
"148237",20,"268.3","2021-03-30 01:00:00"
"148340",20,"269","2021-03-30 01:15:00"
"149420",20,"136.3","2021-05-08 01:15:00"
"149474",20,"127.7","2021-05-08 01:30:00"
"149528",20,"0","2021-05-08 01:45:00"
"149582",20,"0","2021-05-08 02:00:00"
"149636",20,"131.5","2021-05-08 02:15:00"
"149690",20,"129.2","2021-05-08 02:30:00"
"149744",20,"134.7","2021-05-08 02:45:00"
"152013",20,"134","2021-05-08 03:00:00"
"149904",20,"159.1","2021-06-19 09:30:00"
"149958",20,"145.1","2021-06-19 09:45:00"
"151144",20,"99.3","2021-02-25 05:45:00"
"151198",20,"79.5","2021-02-25 06:00:00"
"151252",20,"75.8","2021-02-25 06:15:00"
"151306",20,"102.6","2021-02-25 06:30:00"
"151360",20,"118.9","2021-02-25 06:45:00"
"151414",20,"119.6","2021-02-25 07:00:00"
"151468",20,"130.7","2021-02-25 07:15:00"
"151522",20,"129.6","2021-02-25 07:30:00"
"151576",20,"127.3","2021-02-25 07:45:00"
"151630",20,"129.4","2021-02-25 08:00:00"
"152900",20,"246.2","2021-03-30 06:45:00"
"152999",20,"0","2021-03-30 07:00:00"
"152978",20,"118.1","2021-05-08 05:15:00"
"153092",20,"107.3","2021-05-08 05:30:00"
"153103",20,"0","2021-03-30 07:15:00"
"153206",20,"0","2021-03-30 07:30:00"
"153332",20,"0","2021-03-30 07:45:00"
"153205",20,"110.4","2021-05-08 05:45:00"
"153300",20,"113.8","2021-05-08 06:00:00"
"153393",20,"110","2021-05-08 06:15:00"
"153984",20,"161.2","2021-06-19 14:30:00"
"154038",20,"139.3","2021-06-19 14:45:00"
"154092",20,"153.5","2021-06-19 15:00:00"
"154146",20,"150.1","2021-06-19 15:15:00"
"154200",20,"139.1","2021-06-19 15:30:00"
"154254",20,"177.2","2021-06-19 15:45:00"
"154308",20,"172.7","2021-06-19 16:00:00"
"154362",20,"162.3","2021-06-19 16:15:00"
"154416",20,"204.6","2021-06-19 16:30:00"
"154470",20,"212","2021-06-19 16:45:00"
"156220",20,"255.1","2021-03-30 11:15:00"
"156305",20,"282","2021-03-30 11:30:00"
"156383",20,"81","2021-02-25 12:45:00"
"156508",20,"40.9","2021-02-25 13:00:00"
"156392",20,"284.5","2021-03-30 11:45:00"
"112234",20,"71.9","2021-02-23 12:30:00"
"112288",20,"65.2","2021-02-23 12:45:00"
"112342",20,"10.8","2021-02-23 13:00:00"
"112396",20,"332.9","2021-02-23 13:15:00"
"113588",20,"63","2021-06-17 19:00:00"
"113642",20,"66.7","2021-06-17 19:15:00"
"113696",20,"58.3","2021-06-17 19:30:00"
"113750",20,"0","2021-06-17 19:45:00"
"116804",20,"77.6","2021-06-17 20:00:00"
"113794",20,"0","2021-03-28 05:30:00"
"113848",20,"0","2021-03-28 05:45:00"
"113902",20,"261.6","2021-03-28 06:00:00"
"113956",20,"0","2021-03-28 06:15:00"
"114010",20,"0","2021-03-28 06:30:00"
"114738",20,"267","2021-05-06 05:45:00"
"114848",20,"274.1","2021-05-06 06:00:00"
"114741",20,"155","2021-03-28 08:45:00"
"114847",20,"181","2021-03-28 09:00:00"
"114948",20,"149","2021-03-28 09:15:00"
"114961",20,"275","2021-05-06 06:15:00"
"115052",20,"0","2021-05-06 06:30:00"
"115176",20,"0","2021-05-06 06:45:00"
"115074",20,"69.6","2021-03-28 09:30:00"
"115168",20,"26.1","2021-03-28 09:45:00"
"115672",20,"0","2021-05-06 08:45:00"
"115726",20,"201.8","2021-05-06 09:00:00"
"115780",20,"98.9","2021-05-06 09:15:00"
"115882",20,"262.6","2021-02-23 15:30:00"
"115936",20,"205","2021-02-23 15:45:00"
"115990",20,"118.6","2021-02-23 16:00:00"
"116044",20,"246.8","2021-02-23 16:15:00"
"116098",20,"277.5","2021-02-23 16:30:00"
"116152",20,"225.1","2021-02-23 16:45:00"
"116206",20,"193.4","2021-02-23 17:00:00"
"116260",20,"202.7","2021-02-23 17:15:00"
"116858",20,"92.6","2021-06-17 20:15:00"
"116912",20,"119.3","2021-06-17 20:30:00"
"116966",20,"107","2021-06-17 20:45:00"
"117020",20,"96.7","2021-06-17 21:00:00"
"117074",20,"117.3","2021-06-17 21:15:00"
"117128",20,"108.7","2021-06-17 21:30:00"
"117182",20,"94.5","2021-06-17 21:45:00"
"117236",20,"0","2021-06-17 22:00:00"
"117290",20,"0","2021-06-17 22:15:00"
"117344",20,"0","2021-06-17 22:30:00"
"117398",20,"111.5","2021-06-17 22:45:00"
"117996",20,"47.7","2021-05-06 10:15:00"
"118050",20,"29.2","2021-05-06 10:30:00"
"118104",20,"11.8","2021-05-06 10:45:00"
"118158",20,"346.5","2021-05-06 11:00:00"
"118212",20,"269.1","2021-05-06 11:15:00"
"118266",20,"284.3","2021-05-06 11:30:00"
"118320",20,"294.3","2021-05-06 11:45:00"
"118374",20,"286.6","2021-05-06 12:00:00"
"118428",20,"53.6","2021-05-06 12:15:00"
"118482",20,"321.3","2021-05-06 12:30:00"
"119036",20,"352.6","2021-03-28 11:15:00"
"119090",20,"343.5","2021-03-28 11:30:00"
"119144",20,"0.4","2021-03-28 11:45:00"
"119198",20,"306.1","2021-03-28 12:00:00"
"119252",20,"210.8","2021-03-28 12:15:00"
"119306",20,"246.4","2021-03-28 12:30:00"
"119361",20,"196.9","2021-03-28 12:45:00"
"119446",20,"245","2021-03-28 13:00:00"
"119519",20,"239.9","2021-03-28 13:15:00"
"119613",20,"222.8","2021-03-28 13:30:00"
"120178",20,"279","2021-02-23 21:30:00"
"120232",20,"246.9","2021-02-23 21:45:00"
"120286",20,"260.3","2021-02-23 22:00:00"
"120340",20,"266.8","2021-02-23 22:15:00"
"120394",20,"279.9","2021-02-23 22:30:00"
"120448",20,"293","2021-02-23 22:45:00"
"120502",20,"303.8","2021-02-23 23:00:00"
"120556",20,"199.2","2021-02-23 23:15:00"
"120610",20,"213.9","2021-02-23 23:30:00"
"120664",20,"273.6","2021-02-23 23:45:00"
"121262",20,"0","2021-06-18 02:45:00"
"121316",20,"0","2021-06-18 03:00:00"
"121370",20,"0","2021-06-18 03:15:00"
"121424",20,"136.8","2021-06-18 03:30:00"
"121478",20,"155.3","2021-06-18 03:45:00"
"121532",20,"126","2021-06-18 04:00:00"
"121586",20,"0","2021-06-18 04:15:00"
"121640",20,"0","2021-06-18 04:30:00"
"121694",20,"104.4","2021-06-18 04:45:00"
"121748",20,"92.9","2021-06-18 05:00:00"
"122976",20,"295.5","2021-02-24 00:30:00"
"123082",20,"17.5","2021-02-24 00:45:00"
"123234",20,"256.8","2021-02-24 01:00:00"
"123147",20,"32.2","2021-03-28 15:45:00"
"123302",20,"65.6","2021-03-28 16:00:00"
"123156",20,"108.9","2021-06-18 05:15:00"
"123332",20,"106.8","2021-06-18 05:30:00"
"123478",20,"106.1","2021-06-18 05:45:00"
"123409",20,"270","2021-02-24 01:15:00"
"123556",20,"274.9","2021-02-24 01:30:00"
"123714",20,"268.6","2021-02-24 01:45:00"
"124664",20,"165.4","2021-03-28 18:15:00"
"124805",20,"156.2","2021-03-28 18:30:00"
"124736",20,"110.2","2021-06-18 07:45:00"
"124927",20,"106.8","2021-06-18 08:00:00"
"125086",20,"100.3","2021-06-18 08:15:00"
"124845",20,"150.5","2021-02-24 03:15:00"
"125001",20,"189.5","2021-02-24 03:30:00"
"124969",20,"136.2","2021-03-28 18:45:00"
"125141",20,"139.1","2021-03-28 19:00:00"
"125299",20,"122.2","2021-03-28 19:15:00"
"126318",20,"223.4","2021-05-06 21:00:00"
"126372",20,"218.6","2021-05-06 21:15:00"
"126426",20,"218.3","2021-05-06 21:30:00"
"126480",20,"224.4","2021-05-06 21:45:00"
"126534",20,"221.5","2021-05-06 22:00:00"
"126588",20,"221.1","2021-05-06 22:15:00"
"126642",20,"222.8","2021-05-06 22:30:00"
"126696",20,"237.6","2021-05-06 22:45:00"
"126750",20,"240.1","2021-05-06 23:00:00"
"129162",20,"236.9","2021-05-06 23:15:00"
"127899",20,"270.3","2021-03-28 22:45:00"
"127999",20,"263.5","2021-03-28 23:00:00"
"128041",20,"274.5","2021-02-24 07:00:00"
"128145",20,"272.1","2021-02-24 07:15:00"
"128255",20,"269.5","2021-02-24 07:30:00"
"128118",20,"271.2","2021-03-28 23:15:00"
"128225",20,"279.8","2021-03-28 23:30:00"
"128315",20,"256","2021-03-28 23:45:00"
"128368",20,"255.5","2021-02-24 07:45:00"
"128446",20,"114.7","2021-02-24 08:00:00"
"129595",20,"234.1","2021-05-07 00:15:00"
"129737",20,"230.3","2021-05-07 00:30:00"
"129527",20,"80.2","2021-06-18 12:15:00"
"129615",20,"98.2","2021-06-18 12:30:00"
"129694",20,"102.5","2021-06-18 12:45:00"
"129786",20,"97","2021-06-18 13:00:00"
"129866",20,"106.2","2021-06-18 13:15:00"
"129908",20,"230","2021-05-07 00:45:00"
"130067",20,"217.6","2021-05-07 01:00:00"
"130218",20,"218.8","2021-05-07 01:15:00"
"131222",20,"0","2021-03-29 02:00:00"
"131276",20,"273.8","2021-03-29 02:15:00"
"131330",20,"277.6","2021-03-29 02:30:00"
"131384",20,"279.6","2021-03-29 02:45:00"
"131438",20,"266.5","2021-03-29 03:00:00"
"131492",20,"264","2021-03-29 03:15:00"
"131546",20,"278.8","2021-03-29 03:30:00"
"131600",20,"282","2021-03-29 03:45:00"
"131654",20,"277.3","2021-03-29 04:00:00"
"131708",20,"253.6","2021-03-29 04:15:00"
"132979",20,"128.8","2021-06-18 16:15:00"
"133086",20,"134.8","2021-06-18 16:30:00"
"133085",20,"142.1","2021-02-24 13:30:00"
"133174",20,"123","2021-02-24 13:45:00"
"133213",20,"158.7","2021-06-18 16:45:00"
"133307",20,"163.5","2021-06-18 17:00:00"
"133394",20,"168","2021-06-18 17:15:00"
"133295",20,"297.3","2021-02-24 14:00:00"
"135796",20,"265.5","2021-02-24 14:15:00"
"135850",20,"243.9","2021-02-24 14:30:00"
"134506",20,"270.2","2021-03-29 05:00:00"
"134592",20,"274","2021-03-29 05:15:00"
"134668",20,"275.9","2021-03-29 05:30:00"
"134743",20,"260.9","2021-03-29 05:45:00"
"134829",20,"267.1","2021-03-29 06:00:00"
"134846",20,"186.6","2021-05-07 07:15:00"
"134980",20,"180.6","2021-05-07 07:30:00"
"134924",20,"270.6","2021-03-29 06:15:00"
"135018",20,"268.4","2021-03-29 06:30:00"
"135090",20,"259.1","2021-03-29 06:45:00"
"136148",20,"0","2021-06-18 19:15:00"
"136381",20,"0","2021-06-18 19:30:00"
"136581",20,"158.6","2021-06-18 19:45:00"
"136242",20,"212.6","2021-03-29 09:30:00"
"136462",20,"180","2021-03-29 09:45:00"
"136675",20,"190.9","2021-03-29 10:00:00"
"136740",20,"147.2","2021-05-07 09:15:00"
"136966",20,"136.1","2021-05-07 09:30:00"
"136720",20,"245.7","2021-02-24 16:00:00"
"136927",20,"242.1","2021-02-24 16:15:00"
"137985",20,"271.1","2021-03-29 11:30:00"
"138206",20,"257.3","2021-03-29 11:45:00"
"138416",20,"312.8","2021-03-29 12:00:00"
"137902",20,"238.3","2021-06-18 21:15:00"
"138117",20,"231.8","2021-06-18 21:30:00"
"138346",20,"186","2021-06-18 21:45:00"
"137984",20,"254.6","2021-02-24 17:30:00"
"138196",20,"269.5","2021-02-24 17:45:00"
"138400",20,"264.5","2021-02-24 18:00:00"
"138457",20,"95","2021-05-07 11:15:00"
"138707",20,"84.2","2021-05-07 11:30:00"
"138907",20,"97.5","2021-05-07 11:45:00"
"139666",20,"101.2","2021-06-18 23:30:00"
"139738",20,"32.2","2021-03-29 13:45:00"
"139744",20,"75.4","2021-05-07 13:00:00"
"139842",20,"21.8","2021-03-29 14:00:00"
"139955",20,"24.6","2021-03-29 14:15:00"
"140051",20,"38.2","2021-03-29 14:30:00"
"139821",20,"103.8","2021-06-18 23:45:00"
"139915",20,"171","2021-06-19 00:00:00"
"140044",20,"196","2021-06-19 00:15:00"
"140161",20,"46.8","2021-03-29 14:45:00"
"140280",20,"264.1","2021-03-29 15:00:00"
"141193",20,"122.8","2021-06-19 02:30:00"
"141459",20,"122.9","2021-06-19 02:45:00"
"141261",20,"146.6","2021-02-24 19:30:00"
"141443",20,"150","2021-02-24 19:45:00"
"141608",20,"161.3","2021-02-24 20:00:00"
"141795",20,"184.3","2021-02-24 20:15:00"
"142029",20,"207.9","2021-02-24 20:30:00"
"141648",20,"150.1","2021-06-19 03:00:00"
"141883",20,"142.1","2021-06-19 03:15:00"
"142102",20,"176.5","2021-06-19 03:30:00"
"142847",20,"94","2021-05-07 15:15:00"
"142956",20,"107.7","2021-05-07 15:30:00"
"142762",20,"107.2","2021-06-19 04:15:00"
"144168",20,"112.2","2021-06-19 04:30:00"
"144272",20,"101.8","2021-06-19 04:45:00"
"143051",20,"83","2021-02-24 22:00:00"
"143159",20,"59.7","2021-02-24 22:15:00"
"143064",20,"114.5","2021-05-07 15:45:00"
"143172",20,"82.5","2021-05-07 16:00:00"
"143274",20,"78","2021-05-07 16:15:00"
"144999",20,"95.8","2021-05-07 18:15:00"
"145198",20,"95.2","2021-05-07 18:30:00"
"145369",20,"93","2021-05-07 18:45:00"
"145046",20,"84.4","2021-06-19 06:15:00"
"145226",20,"68.5","2021-06-19 06:30:00"
"145362",20,"0","2021-06-19 06:45:00"
"145343",20,"267.3","2021-03-29 22:15:00"
"145581",20,"255.9","2021-03-29 22:30:00"
"145757",20,"264.7","2021-03-29 22:45:00"
"145490",20,"0","2021-06-19 07:00:00"
"145641",20,"0","2021-06-19 07:15:00"
"146610",20,"127.8","2021-05-07 21:30:00"
"146664",20,"132.9","2021-05-07 21:45:00"
"146718",20,"123.1","2021-05-07 22:00:00"
"146772",20,"118.5","2021-05-07 22:15:00"
"148234",20,"121.1","2021-05-07 22:30:00"
"146902",20,"145.2","2021-02-25 00:00:00"
"146956",20,"154.9","2021-02-25 00:15:00"
"147010",20,"159.5","2021-02-25 00:30:00"
"147064",20,"162.8","2021-02-25 00:45:00"
"147118",20,"209.9","2021-02-25 01:00:00"
"148347",20,"115.7","2021-05-07 22:45:00"
"148452",20,"117.2","2021-05-07 23:00:00"
"148574",20,"119.9","2021-05-07 23:15:00"
"148451",20,"276.5","2021-03-30 01:30:00"
"148544",20,"270.6","2021-03-30 01:45:00"
"148644",20,"275.2","2021-03-30 02:00:00"
"148682",20,"119.9","2021-05-07 23:30:00"
"148770",20,"124.4","2021-05-07 23:45:00"
"148781",20,"272.1","2021-03-30 02:15:00"
"148883",20,"262","2021-03-30 02:30:00"
"150012",20,"144.9","2021-06-19 10:00:00"
"150066",20,"153.4","2021-06-19 10:15:00"
"150120",20,"124.2","2021-06-19 10:30:00"
"150174",20,"135.5","2021-06-19 10:45:00"
"150228",20,"123.1","2021-06-19 11:00:00"
"150282",20,"117.8","2021-06-19 11:15:00"
"150336",20,"133.4","2021-06-19 11:30:00"
"150390",20,"126.9","2021-06-19 11:45:00"
"150444",20,"118.7","2021-06-19 12:00:00"
"150498",20,"133.3","2021-06-19 12:15:00"
"150552",20,"145.2","2021-06-19 12:30:00"
"151684",20,"155.3","2021-02-25 08:15:00"
"151738",20,"116.7","2021-02-25 08:30:00"
"151838",20,"260.6","2021-03-30 04:00:00"
"151892",20,"258.4","2021-03-30 04:15:00"
"151946",20,"271.5","2021-03-30 04:30:00"
"152024",20,"280.1","2021-03-30 04:45:00"
"152134",20,"273.5","2021-03-30 05:00:00"
"152265",20,"276.2","2021-03-30 05:15:00"
"152116",20,"131.7","2021-05-08 03:15:00"
"152216",20,"131.1","2021-05-08 03:30:00"
"152303",20,"107.9","2021-05-08 03:45:00"
"153431",20,"0","2021-03-30 08:00:00"
"153506",20,"0","2021-03-30 08:15:00"
"153554",20,"119.4","2021-05-08 06:30:00"
"153608",20,"131.5","2021-05-08 06:45:00"
"153662",20,"0","2021-05-08 07:00:00"
"153716",20,"0","2021-05-08 07:15:00"
"153770",20,"0","2021-05-08 07:30:00"
"153876",20,"147.4","2021-06-19 14:00:00"
"153930",20,"169.5","2021-06-19 14:15:00"
"155011",20,"0","2021-03-30 08:30:00"
"155131",20,"0","2021-03-30 08:45:00"
"155262",20,"180.7","2021-03-30 09:00:00"
"155160",20,"85.3","2021-02-25 10:00:00"
"155243",20,"55.5","2021-02-25 10:15:00"
"155365",20,"32.4","2021-02-25 10:30:00"
"155359",20,"201.2","2021-03-30 09:15:00"
"155456",20,"242.7","2021-03-30 09:30:00"
"155481",20,"27","2021-02-25 10:45:00"
"155584",20,"41","2021-02-25 11:00:00"
"155695",20,"60.8","2021-02-25 11:15:00"
"114626",20,"275","2021-05-06 05:30:00"
"114422",20,"0","2021-03-28 08:00:00"
"114543",20,"0","2021-03-28 08:15:00"
"114637",20,"0","2021-03-28 08:30:00"
"115278",20,"0","2021-05-06 07:00:00"
"115348",20,"0","2021-05-06 07:15:00"
"115281",20,"238.6","2021-03-28 10:00:00"
"118820",20,"243.3","2021-03-28 10:15:00"
"118874",20,"110.1","2021-03-28 10:30:00"
"115402",20,"96.3","2021-05-06 07:30:00"
"115456",20,"74.4","2021-05-06 07:45:00"
"115510",20,"218","2021-05-06 08:00:00"
"115564",20,"0","2021-05-06 08:15:00"
"115618",20,"245.3","2021-05-06 08:30:00"
"116314",20,"188.4","2021-02-23 17:30:00"
"116368",20,"155.6","2021-02-23 17:45:00"
"116422",20,"180","2021-02-23 18:00:00"
"116476",20,"108.4","2021-02-23 18:15:00"
"116530",20,"169.6","2021-02-23 18:30:00"
"116584",20,"97.7","2021-02-23 18:45:00"
"116638",20,"69.2","2021-02-23 19:00:00"
"116692",20,"76","2021-02-23 19:15:00"
"116746",20,"83.4","2021-02-23 19:30:00"
"119413",20,"64.4","2021-02-23 19:45:00"
"117452",20,"0","2021-06-17 23:00:00"
"117506",20,"0","2021-06-17 23:15:00"
"117560",20,"181.3","2021-06-17 23:30:00"
"117614",20,"0","2021-06-17 23:45:00"
"117668",20,"111.6","2021-06-18 00:00:00"
"117722",20,"0","2021-06-18 00:15:00"
"117776",20,"0","2021-06-18 00:30:00"
"117834",20,"60.6","2021-05-06 09:30:00"
"117888",20,"76.7","2021-05-06 09:45:00"
"117942",20,"117.7","2021-05-06 10:00:00"
"118536",20,"211.8","2021-05-06 12:45:00"
"118590",20,"311.8","2021-05-06 13:00:00"
"118644",20,"293.1","2021-05-06 13:15:00"
"118698",20,"293.4","2021-05-06 13:30:00"
"118752",20,"293.5","2021-05-06 13:45:00"
"121806",20,"284.8","2021-05-06 14:00:00"
"121860",20,"276.4","2021-05-06 14:15:00"
"118928",20,"267.9","2021-03-28 10:45:00"
"118982",20,"309.6","2021-03-28 11:00:00"
"119573",20,"63.9","2021-02-23 20:00:00"
"119699",20,"61","2021-02-23 20:15:00"
"119828",20,"230.4","2021-02-23 20:30:00"
"119708",20,"228.7","2021-03-28 13:45:00"
"119790",20,"252.7","2021-03-28 14:00:00"
"119894",20,"234.9","2021-03-28 14:15:00"
"119986",20,"227.3","2021-03-28 14:30:00"
"122792",20,"202.9","2021-03-28 14:45:00"
"119960",20,"239.8","2021-02-23 20:45:00"
"120070",20,"291.7","2021-02-23 21:00:00"
"120124",20,"283.5","2021-02-23 21:15:00"
"120720",20,"291.5","2021-02-24 00:00:00"
"120833",20,"284.1","2021-02-24 00:15:00"
"120812",20,"0","2021-06-18 00:45:00"
"120884",20,"184.5","2021-06-18 01:00:00"
"120938",20,"0","2021-06-18 01:15:00"
"120992",20,"0","2021-06-18 01:30:00"
"121046",20,"0","2021-06-18 01:45:00"
"121100",20,"0","2021-06-18 02:00:00"
"121154",20,"0","2021-06-18 02:15:00"
"121208",20,"0","2021-06-18 02:30:00"
"121914",20,"273.6","2021-05-06 14:30:00"
"121968",20,"273.9","2021-05-06 14:45:00"
"122022",20,"281.3","2021-05-06 15:00:00"
"122076",20,"281.3","2021-05-06 15:15:00"
"122130",20,"285.7","2021-05-06 15:30:00"
"122184",20,"284.4","2021-05-06 15:45:00"
"122238",20,"278.9","2021-05-06 16:00:00"
"122292",20,"281.7","2021-05-06 16:15:00"
"122346",20,"272.9","2021-05-06 16:30:00"
"122400",20,"263.4","2021-05-06 16:45:00"
"122454",20,"252.8","2021-05-06 17:00:00"
"123467",20,"10.8","2021-03-28 16:15:00"
"123594",20,"10.5","2021-03-28 16:30:00"
"123743",20,"0","2021-03-28 16:45:00"
"123701",20,"103.2","2021-06-18 06:00:00"
"123858",20,"97.8","2021-06-18 06:15:00"
"123910",20,"260.8","2021-02-24 02:00:00"
"124086",20,"263.8","2021-02-24 02:15:00"
"123900",20,"265.1","2021-03-28 17:00:00"
"124058",20,"262.1","2021-03-28 17:15:00"
"125153",20,"210.5","2021-02-24 03:45:00"
"125316",20,"252.7","2021-02-24 04:00:00"
"125436",20,"245","2021-02-24 04:15:00"
"125253",20,"97.8","2021-06-18 08:30:00"
"125389",20,"93.9","2021-06-18 08:45:00"
"125536",20,"255.2","2021-02-24 04:30:00"
"125628",20,"264.6","2021-02-24 04:45:00"
"125501",20,"93","2021-06-18 09:00:00"
"125631",20,"87.5","2021-06-18 09:15:00"
"125720",20,"88.6","2021-06-18 09:30:00"
"126818",20,"124.5","2021-03-28 19:30:00"
"126872",20,"0","2021-03-28 19:45:00"
"126926",20,"0","2021-03-28 20:00:00"
"126980",20,"273.8","2021-03-28 20:15:00"
"127040",20,"279.1","2021-03-28 20:30:00"
"127067",20,"274.1","2021-02-24 05:00:00"
"127188",20,"277.7","2021-02-24 05:15:00"
"127331",20,"268.7","2021-02-24 05:30:00"
"127133",20,"274.9","2021-03-28 20:45:00"
"127228",20,"266.5","2021-03-28 21:00:00"
"127312",20,"276.8","2021-03-28 21:15:00"
"128936",20,"71.7","2021-06-18 10:30:00"
"128990",20,"75.6","2021-06-18 10:45:00"
"129044",20,"92.7","2021-06-18 11:00:00"
"129098",20,"98.8","2021-06-18 11:15:00"
"129185",20,"100.7","2021-06-18 11:30:00"
"129312",20,"85.2","2021-06-18 11:45:00"
"129421",20,"94.8","2021-06-18 12:00:00"
"129260",20,"238","2021-05-06 23:30:00"
"129361",20,"235.9","2021-05-06 23:45:00"
"129460",20,"236.5","2021-05-07 00:00:00"
"130560",20,"152.7","2021-05-07 02:45:00"
"130614",20,"153.6","2021-05-07 03:00:00"
"130668",20,"144","2021-05-07 03:15:00"
"130722",20,"164.5","2021-05-07 03:30:00"
"130776",20,"166.6","2021-05-07 03:45:00"
"130898",20,"272.9","2021-03-29 00:30:00"
"130952",20,"0","2021-03-29 00:45:00"
"131006",20,"0","2021-03-29 01:00:00"
"131060",20,"0","2021-03-29 01:15:00"
"131114",20,"0","2021-03-29 01:30:00"
"131168",20,"0","2021-03-29 01:45:00"
"131762",20,"274.8","2021-03-29 04:30:00"
"134411",20,"0","2021-03-29 04:45:00"
"131932",20,"73.7","2021-02-24 10:15:00"
"131986",20,"75.5","2021-02-24 10:30:00"
"132040",20,"71.1","2021-02-24 10:45:00"
"132094",20,"70.5","2021-02-24 11:00:00"
"132148",20,"71.4","2021-02-24 11:15:00"
"132227",20,"18.6","2021-02-24 11:30:00"
"132336",20,"30.6","2021-02-24 11:45:00"
"133448",20,"156","2021-06-18 17:30:00"
"133502",20,"127.4","2021-06-18 17:45:00"
"133556",20,"135.3","2021-06-18 18:00:00"
"133610",20,"142.3","2021-06-18 18:15:00"
"133664",20,"139.4","2021-06-18 18:30:00"
"133718",20,"174.1","2021-06-18 18:45:00"
"133772",20,"0","2021-06-18 19:00:00"
"133830",20,"159.1","2021-05-07 04:00:00"
"133884",20,"169.4","2021-05-07 04:15:00"
"133938",20,"181.7","2021-05-07 04:30:00"
"135134",20,"169.5","2021-05-07 07:45:00"
"135284",20,"166.3","2021-05-07 08:00:00"
"135382",20,"158.5","2021-05-07 08:15:00"
"135178",20,"277.9","2021-03-29 07:00:00"
"135261",20,"282.1","2021-03-29 07:15:00"
"135365",20,"272.1","2021-03-29 07:30:00"
"135464",20,"262.6","2021-03-29 07:45:00"
"135518",20,"0","2021-03-29 08:00:00"
"136085",20,"150.2","2021-05-07 08:30:00"
"136290",20,"147.2","2021-05-07 08:45:00"
"136528",20,"151.9","2021-05-07 09:00:00"
"136803",20,"154.4","2021-06-18 20:00:00"
"137012",20,"164.2","2021-06-18 20:15:00"
"136907",20,"184.2","2021-03-29 10:15:00"
"137097",20,"227.7","2021-03-29 10:30:00"
"137173",20,"132.3","2021-05-07 09:45:00"
"137368",20,"132.4","2021-05-07 10:00:00"
"137619",20,"120.6","2021-05-07 10:15:00"
"137151",20,"252.8","2021-02-24 16:30:00"
"137358",20,"257.9","2021-02-24 16:45:00"
"137557",20,"243.5","2021-02-24 17:00:00"
"139032",20,"181.2","2021-02-24 18:45:00"
"139088",20,"39.4","2021-03-29 12:45:00"
"139244",20,"20.6","2021-03-29 13:00:00"
"139391",20,"35.1","2021-03-29 13:15:00"
"139548",20,"26.1","2021-03-29 13:30:00"
"139262",20,"102.6","2021-05-07 12:15:00"
"139429",20,"99.4","2021-05-07 12:30:00"
"139598",20,"82","2021-05-07 12:45:00"
"139359",20,"114.4","2021-06-18 23:00:00"
"139520",20,"107.1","2021-06-18 23:15:00"
"140685",20,"127","2021-06-19 01:45:00"
"140776",20,"134.2","2021-06-19 02:00:00"
"140958",20,"123.3","2021-06-19 02:15:00"
"141126",20,"99.4","2021-05-07 13:15:00"
"141362",20,"104.1","2021-05-07 13:30:00"
"140909",20,"172.8","2021-02-24 19:00:00"
"141076",20,"167","2021-02-24 19:15:00"
"141034",20,"51.2","2021-03-29 16:30:00"
"141250",20,"29.1","2021-03-29 16:45:00"
"141462",20,"161.2","2021-03-29 17:00:00"
"142320",20,"163.9","2021-06-19 03:45:00"
"142560",20,"139.3","2021-06-19 04:00:00"
"142274",20,"99.6","2021-05-07 14:30:00"
"142477",20,"103.8","2021-05-07 14:45:00"
"142688",20,"92.7","2021-05-07 15:00:00"
"142672",20,"141.6","2021-02-24 21:15:00"
"142836",20,"100.1","2021-02-24 21:30:00"
"142943",20,"94.4","2021-02-24 21:45:00"
"143786",20,"317.8","2021-03-29 18:30:00"
"143840",20,"357.8","2021-03-29 18:45:00"
"143894",20,"195","2021-03-29 19:00:00"
"144673",20,"97.5","2021-05-07 17:45:00"
"144832",20,"97.5","2021-05-07 18:00:00"
"143948",20,"123.2","2021-03-29 19:15:00"
"144002",20,"105.1","2021-03-29 19:30:00"
"144056",20,"90","2021-03-29 19:45:00"
"144133",20,"280.4","2021-03-29 20:00:00"
"144252",20,"247.3","2021-03-29 20:15:00"
"144358",20,"231.5","2021-03-29 20:30:00"
"144451",20,"239.3","2021-03-29 20:45:00"
"145512",20,"83.6","2021-05-07 19:00:00"
"145662",20,"83.5","2021-05-07 19:15:00"
"145800",20,"0","2021-06-19 07:30:00"
"145935",20,"0","2021-06-19 07:45:00"
"146072",20,"0","2021-06-19 08:00:00"
"145835",20,"88.3","2021-05-07 19:30:00"
"145973",20,"95.9","2021-05-07 19:45:00"
"146094",20,"95","2021-05-07 20:00:00"
"145957",20,"288.4","2021-03-29 23:00:00"
"147812",20,"277.8","2021-03-29 23:15:00"
"147866",20,"279.8","2021-03-29 23:30:00"
"147172",20,"187.8","2021-02-25 01:15:00"
"147226",20,"171.3","2021-02-25 01:30:00"
"147280",20,"159.1","2021-02-25 01:45:00"
"147334",20,"146.3","2021-02-25 02:00:00"
"147388",20,"154.1","2021-02-25 02:15:00"
"147442",20,"188.1","2021-02-25 02:30:00"
"147496",20,"215.5","2021-02-25 02:45:00"
"147550",20,"171.7","2021-02-25 03:00:00"
"147604",20,"197.4","2021-02-25 03:15:00"
"147658",20,"206.2","2021-02-25 03:30:00"
"148884",20,"137","2021-05-08 00:00:00"
"148989",20,"147.7","2021-05-08 00:15:00"
"149112",20,"0","2021-05-08 00:30:00"
"148994",20,"266.6","2021-03-30 02:45:00"
"149085",20,"283","2021-03-30 03:00:00"
"149190",20,"271.7","2021-03-30 03:15:00"
"149226",20,"0","2021-05-08 00:45:00"
"149316",20,"129.8","2021-05-08 01:00:00"
"149315",20,"265.9","2021-03-30 03:30:00"
"151784",20,"264.1","2021-03-30 03:45:00"
"150606",20,"193.3","2021-06-19 12:45:00"
"150660",20,"189.5","2021-06-19 13:00:00"
"150714",20,"139.3","2021-06-19 13:15:00"
"150768",20,"151.7","2021-06-19 13:30:00"
"153822",20,"148.3","2021-06-19 13:45:00"
"150820",20,"111.3","2021-02-25 04:15:00"
"150874",20,"118.6","2021-02-25 04:30:00"
"150928",20,"120.4","2021-02-25 04:45:00"
"150982",20,"93.2","2021-02-25 05:00:00"
"151036",20,"84.2","2021-02-25 05:15:00"
"151090",20,"90.6","2021-02-25 05:30:00"
"152374",20,"273.7","2021-03-30 05:30:00"
"152469",20,"279.1","2021-03-30 05:45:00"
"152418",20,"114.8","2021-05-08 04:00:00"
"152537",20,"118.2","2021-05-08 04:15:00"
"152572",20,"263.5","2021-03-30 06:00:00"
"152668",20,"269","2021-03-30 06:15:00"
"152784",20,"250.5","2021-03-30 06:30:00"
"152662",20,"113.7","2021-05-08 04:30:00"
"152763",20,"115.2","2021-05-08 04:45:00"
"152864",20,"125.7","2021-05-08 05:00:00"
"154524",20,"0","2021-06-19 17:00:00"
"154578",20,"0","2021-06-19 17:15:00"
"154632",20,"0","2021-06-19 17:30:00"
"154686",20,"0","2021-06-19 17:45:00"
"154740",20,"0","2021-06-19 18:00:00"
"157794",20,"251.7","2021-06-19 18:15:00"
"154792",20,"115.8","2021-02-25 08:45:00"
"154846",20,"92.8","2021-02-25 09:00:00"
"154900",20,"76.6","2021-02-25 09:15:00"
"154973",20,"67.5","2021-02-25 09:30:00"
"155051",20,"59.5","2021-02-25 09:45:00"
"155572",20,"291.8","2021-03-30 09:45:00"
"155676",20,"288.6","2021-03-30 10:00:00"
"155783",20,"287.6","2021-03-30 10:15:00"
"155804",20,"69.5","2021-02-25 11:30:00"
"155918",20,"46.5","2021-02-25 11:45:00"
"155884",20,"304.9","2021-03-30 10:30:00"
"155992",20,"277.1","2021-03-30 10:45:00"
"156096",20,"266.1","2021-03-30 11:00:00"
"156033",20,"308","2021-02-25 12:00:00"
"156131",20,"323.5","2021-02-25 12:15:00"
"156236",20,"13.6","2021-02-25 12:30:00"
"157202",20,"120.9","2021-05-08 09:30:00"
"157256",20,"122","2021-05-08 09:45:00"
"157310",20,"114.2","2021-05-08 10:00:00"
"157364",20,"115.3","2021-05-08 10:15:00"
"157418",20,"98.9","2021-05-08 10:30:00"
"157472",20,"88.5","2021-05-08 10:45:00"
"157526",20,"103.5","2021-05-08 11:00:00"
"157580",20,"101.8","2021-05-08 11:15:00"
"157634",20,"101.9","2021-05-08 11:30:00"
"157688",20,"91.5","2021-05-08 11:45:00"
"157742",20,"101.4","2021-05-08 12:00:00"
"158226",20,"0","2021-06-19 20:15:00"
"158280",20,"0","2021-06-19 20:30:00"
"156483",20,"278.3","2021-03-30 12:00:00"
"156581",20,"265.8","2021-03-30 12:15:00"
"156674",20,"245.3","2021-03-30 12:30:00"
"156728",20,"256.6","2021-03-30 12:45:00"
"165330",20,"101.9","2021-05-08 20:45:00"
"165409",20,"107.4","2021-05-08 21:00:00"
"165488",20,"110.8","2021-05-08 21:15:00"
"167061",20,"117.1","2021-05-08 21:30:00"
"167251",20,"115.9","2021-05-08 21:45:00"
"165618",20,"254.3","2021-03-30 21:30:00"
"165672",20,"241.1","2021-03-30 21:45:00"
"165726",20,"224.4","2021-03-30 22:00:00"
"165780",20,"225.1","2021-03-30 22:15:00"
"168493",20,"228.9","2021-03-30 22:30:00"
"167657",20,"99.7","2021-02-26 01:45:00"
"167733",20,"101.5","2021-02-26 02:00:00"
"167826",20,"105.5","2021-02-26 02:15:00"
"167784",20,"117.8","2021-05-08 22:30:00"
"167870",20,"117.7","2021-05-08 22:45:00"
"167968",20,"118.9","2021-05-08 23:00:00"
"167958",20,"112.8","2021-02-26 02:30:00"
"168089",20,"111.6","2021-02-26 02:45:00"
"168215",20,"123.7","2021-02-26 03:00:00"
"168054",20,"119.3","2021-05-08 23:15:00"
"168153",20,"120.7","2021-05-08 23:30:00"
"169320",20,"264.6","2021-03-31 00:45:00"
"169374",20,"235.5","2021-03-31 01:00:00"
"169428",20,"242.2","2021-03-31 01:15:00"
"169482",20,"240.4","2021-03-31 01:30:00"
"169536",20,"215.6","2021-03-31 01:45:00"
"169590",20,"216.1","2021-03-31 02:00:00"
"169644",20,"226.6","2021-03-31 02:15:00"
"169698",20,"213.9","2021-03-31 02:30:00"
"169752",20,"212.1","2021-03-31 02:45:00"
"170806",20,"215","2021-03-31 03:00:00"
"171092",20,"113.8","2021-05-09 02:30:00"
"171242",20,"113.6","2021-05-09 02:45:00"
"171121",20,"240.5","2021-03-31 03:45:00"
"171241",20,"239.4","2021-03-31 04:00:00"
"171379",20,"214","2021-03-31 04:15:00"
"171371",20,"118.8","2021-05-09 03:00:00"
"171505",20,"115.6","2021-05-09 03:15:00"
"171631",20,"107.2","2021-05-09 03:30:00"
"171458",20,"101.5","2021-02-26 03:45:00"
"171755",20,"92.4","2021-02-26 04:00:00"
"171994",20,"91.2","2021-02-26 04:15:00"
"172255",20,"95.1","2021-02-26 04:30:00"
"172516",20,"94.9","2021-02-26 04:45:00"
"172201",20,"211.1","2021-03-31 05:45:00"
"172330",20,"221.2","2021-03-31 06:00:00"
"172460",20,"0","2021-03-31 06:15:00"
"172457",20,"143.6","2021-05-09 05:00:00"
"172596",20,"140.9","2021-05-09 05:15:00"
"172600",20,"0","2021-03-31 06:30:00"
"172747",20,"171.3","2021-03-31 06:45:00"
"173844",20,"256","2021-06-20 13:00:00"
"173898",20,"231.4","2021-06-20 13:15:00"
"173952",20,"245.6","2021-06-20 13:30:00"
"174006",20,"248.2","2021-06-20 13:45:00"
"174060",20,"253.2","2021-06-20 14:00:00"
"174114",20,"178.1","2021-06-20 14:15:00"
"174168",20,"235.3","2021-06-20 14:30:00"
"174222",20,"260.7","2021-06-20 14:45:00"
"174276",20,"244.7","2021-06-20 15:00:00"
"174330",20,"254.8","2021-06-20 15:15:00"
"175372",20,"118.8","2021-03-31 10:15:00"
"175426",20,"121.5","2021-03-31 10:30:00"
"175480",20,"139.3","2021-03-31 10:45:00"
"175534",20,"156.6","2021-03-31 11:00:00"
"175588",20,"106.2","2021-03-31 11:15:00"
"175642",20,"151.6","2021-03-31 11:30:00"
"175697",20,"137.1","2021-03-31 11:45:00"
"175777",20,"138.2","2021-03-31 12:00:00"
"178063",20,"244.5","2021-03-31 12:15:00"
"178196",20,"345.4","2021-03-31 12:30:00"
"176947",20,"98.6","2021-02-26 10:45:00"
"177050",20,"91.6","2021-02-26 11:00:00"
"177159",20,"96.4","2021-02-26 11:15:00"
"177085",20,"141.1","2021-05-09 09:30:00"
"177190",20,"139.3","2021-05-09 09:45:00"
"177283",20,"95.8","2021-02-26 11:30:00"
"177380",20,"103.3","2021-02-26 11:45:00"
"177284",20,"136.4","2021-05-09 10:00:00"
"177405",20,"131.8","2021-05-09 10:15:00"
"177635",20,"118.9","2021-05-09 10:30:00"
"178695",20,"221.7","2021-03-31 14:00:00"
"178749",20,"222.6","2021-03-31 14:15:00"
"178803",20,"177.9","2021-03-31 14:30:00"
"178857",20,"171.4","2021-03-31 14:45:00"
"178911",20,"188.5","2021-03-31 15:00:00"
"179048",20,"298.3","2021-06-20 20:00:00"
"179157",20,"276","2021-06-20 20:15:00"
"178997",20,"241","2021-03-31 15:15:00"
"179113",20,"155.7","2021-03-31 15:30:00"
"179222",20,"202.9","2021-03-31 15:45:00"
"180383",20,"119.6","2021-05-09 14:00:00"
"180454",20,"94.1","2021-05-09 14:15:00"
"180511",20,"99.7","2021-02-26 12:45:00"
"180650",20,"106.2","2021-02-26 13:00:00"
"180536",20,"88.8","2021-05-09 14:30:00"
"180624",20,"80.6","2021-05-09 14:45:00"
"180707",20,"106.3","2021-05-09 15:00:00"
"180801",20,"60.6","2021-05-09 15:15:00"
"180883",20,"109.6","2021-05-09 15:30:00"
"181968",20,"0","2021-06-21 00:30:00"
"182077",20,"0","2021-06-21 00:45:00"
"182192",20,"103.1","2021-02-26 16:00:00"
"182300",20,"139.4","2021-02-26 16:15:00"
"182203",20,"130.5","2021-06-21 01:00:00"
"182311",20,"143.6","2021-06-21 01:15:00"
"182404",20,"0","2021-06-21 01:30:00"
"182423",20,"146.8","2021-02-26 16:30:00"
"182525",20,"175.7","2021-02-26 16:45:00"
"182630",20,"153.8","2021-02-26 17:00:00"
"183046",20,"208.4","2021-03-31 18:00:00"
"183100",20,"205.2","2021-03-31 18:15:00"
"183154",20,"211","2021-03-31 18:30:00"
"183208",20,"222","2021-03-31 18:45:00"
"183262",20,"214.5","2021-03-31 19:00:00"
"183316",20,"214.1","2021-03-31 19:15:00"
"183370",20,"224.4","2021-03-31 19:30:00"
"183424",20,"222","2021-03-31 19:45:00"
"183478",20,"207.5","2021-03-31 20:00:00"
"183532",20,"189.5","2021-03-31 20:15:00"
"184168",20,"90.2","2021-05-09 17:45:00"
"184222",20,"93.6","2021-05-09 18:00:00"
"184276",20,"78.9","2021-05-09 18:15:00"
"184330",20,"90.6","2021-05-09 18:30:00"
"184384",20,"106.6","2021-05-09 18:45:00"
"184438",20,"113.7","2021-05-09 19:00:00"
"184492",20,"115.6","2021-05-09 19:15:00"
"184546",20,"130.8","2021-05-09 19:30:00"
"184600",20,"128.3","2021-05-09 19:45:00"
"184654",20,"116.2","2021-05-09 20:00:00"
"185933",20,"0","2021-06-21 05:30:00"
"186129",20,"0","2021-06-21 05:45:00"
"186345",20,"0","2021-06-21 06:00:00"
"185999",20,"119.1","2021-02-26 18:30:00"
"186178",20,"118.2","2021-02-26 18:45:00"
"186175",20,"0","2021-03-31 23:00:00"
"186300",20,"0","2021-03-31 23:15:00"
"186431",20,"227.9","2021-03-31 23:30:00"
"186340",20,"101.5","2021-02-26 19:00:00"
"186460",20,"90.6","2021-02-26 19:15:00"
"186610",20,"75.7","2021-02-26 19:30:00"
"187569",20,"0","2021-04-01 01:30:00"
"187666",20,"205.8","2021-04-01 01:45:00"
"187767",20,"0","2021-04-01 02:00:00"
"189429",20,"101.9","2021-02-26 21:45:00"
"189650",20,"103.7","2021-02-26 22:00:00"
"187870",20,"123.3","2021-05-09 21:00:00"
"187924",20,"127.8","2021-05-09 21:15:00"
"187978",20,"138.3","2021-05-09 21:30:00"
"188032",20,"139.1","2021-05-09 21:45:00"
"188086",20,"142.4","2021-05-09 22:00:00"
"189262",20,"0","2021-04-01 02:15:00"
"189355",20,"0","2021-04-01 02:30:00"
"189273",20,"115","2021-06-21 09:15:00"
"189393",20,"122.2","2021-06-21 09:30:00"
"189531",20,"127.8","2021-06-21 09:45:00"
"189477",20,"0","2021-04-01 02:45:00"
"189607",20,"0","2021-04-01 03:00:00"
"189758",20,"176.1","2021-04-01 03:15:00"
"189688",20,"117.6","2021-06-21 10:00:00"
"189841",20,"84.6","2021-06-21 10:15:00"
"190005",20,"84.9","2021-06-21 10:30:00"
"192063",20,"0","2021-05-10 02:00:00"
"192272",20,"0","2021-05-10 02:15:00"
"192481",20,"0","2021-05-10 02:30:00"
"192127",20,"114.6","2021-02-27 01:45:00"
"192317",20,"112.6","2021-02-27 02:00:00"
"192506",20,"120.6","2021-02-27 02:15:00"
"192146",20,"64.2","2021-06-21 13:15:00"
"192265",20,"72.1","2021-06-21 13:30:00"
"192385",20,"87.1","2021-06-21 13:45:00"
"192501",20,"95.8","2021-06-21 14:00:00"
"192604",20,"94.3","2021-06-21 14:15:00"
"192993",20,"109.3","2021-05-10 03:15:00"
"193151",20,"111.8","2021-05-10 03:30:00"
"193328",20,"119.1","2021-05-10 03:45:00"
"193093",20,"98.5","2021-06-21 15:45:00"
"193177",20,"102.1","2021-06-21 16:00:00"
"193246",20,"90.4","2021-06-21 16:15:00"
"194784",20,"76.7","2021-06-21 16:30:00"
"194838",20,"86.1","2021-06-21 16:45:00"
"193382",20,"111.3","2021-05-10 04:00:00"
"193436",20,"105.8","2021-05-10 04:15:00"
"193490",20,"111","2021-05-10 04:30:00"
"194016",20,"0","2021-04-01 07:45:00"
"194070",20,"0","2021-04-01 08:00:00"
"194124",20,"144.7","2021-04-01 08:15:00"
"194178",20,"128.6","2021-04-01 08:30:00"
"194232",20,"133","2021-04-01 08:45:00"
"194286",20,"131.4","2021-04-01 09:00:00"
"194340",20,"123.9","2021-04-01 09:15:00"
"194394",20,"116.7","2021-04-01 09:30:00"
"194448",20,"110","2021-04-01 09:45:00"
"194502",20,"92.6","2021-04-01 10:00:00"
"195784",20,"131","2021-02-27 04:15:00"
"195864",20,"125.5","2021-02-27 04:30:00"
"195938",20,"127.5","2021-02-27 04:45:00"
"195967",20,"137.4","2021-06-21 19:30:00"
"196121",20,"164.7","2021-06-21 19:45:00"
"196256",20,"145","2021-06-21 20:00:00"
"196021",20,"0","2021-02-27 05:00:00"
"196102",20,"170.7","2021-02-27 05:15:00"
"196195",20,"0","2021-02-27 05:30:00"
"196280",20,"220.5","2021-02-27 05:45:00"
"196358",20,"187.9","2021-02-27 06:00:00"
"197462",20,"143.5","2021-05-10 09:00:00"
"197516",20,"126.5","2021-05-10 09:15:00"
"197570",20,"124.4","2021-05-10 09:30:00"
"197624",20,"135.9","2021-05-10 09:45:00"
"197678",20,"119.9","2021-05-10 10:00:00"
"197732",20,"120.9","2021-05-10 10:15:00"
"200672",20,"123.3","2021-05-10 10:30:00"
"200780",20,"128.3","2021-05-10 10:45:00"
"197826",20,"77.6","2021-04-01 11:30:00"
"197880",20,"96.1","2021-04-01 11:45:00"
"199052",20,"154.2","2021-02-27 08:15:00"
"199106",20,"141.4","2021-02-27 08:30:00"
"199160",20,"124.9","2021-02-27 08:45:00"
"199214",20,"131.9","2021-02-27 09:00:00"
"199268",20,"115.2","2021-02-27 09:15:00"
"199322",20,"106.1","2021-02-27 09:30:00"
"199376",20,"110.6","2021-02-27 09:45:00"
"199430",20,"113.9","2021-02-27 10:00:00"
"199484",20,"103.9","2021-02-27 10:15:00"
"199538",20,"89.1","2021-02-27 10:30:00"
"200687",20,"0","2021-06-22 01:15:00"
"200795",20,"0","2021-06-22 01:30:00"
"203782",20,"217.2","2021-06-22 01:45:00"
"156627",20,"352.3","2021-02-25 13:15:00"
"158908",20,"32.6","2021-02-25 13:30:00"
"159006",20,"156.6","2021-02-25 13:45:00"
"156824",20,"0","2021-05-08 07:45:00"
"156878",20,"0","2021-05-08 08:00:00"
"156932",20,"0","2021-05-08 08:15:00"
"156986",20,"116.9","2021-05-08 08:30:00"
"157040",20,"119.7","2021-05-08 08:45:00"
"157094",20,"130.2","2021-05-08 09:00:00"
"157148",20,"120.9","2021-05-08 09:15:00"
"160227",20,"100.6","2021-05-08 12:15:00"
"160422",20,"74.9","2021-05-08 12:30:00"
"157848",20,"249.3","2021-06-19 18:30:00"
"157902",20,"222.8","2021-06-19 18:45:00"
"157956",20,"0","2021-06-19 19:00:00"
"158010",20,"0","2021-06-19 19:15:00"
"158064",20,"246","2021-06-19 19:30:00"
"158118",20,"243","2021-06-19 19:45:00"
"158172",20,"270.7","2021-06-19 20:00:00"
"158766",20,"281.9","2021-06-19 22:45:00"
"161820",20,"309.4","2021-06-19 23:00:00"
"161874",20,"329.8","2021-06-19 23:15:00"
"158782",20,"262.6","2021-03-30 13:00:00"
"158836",20,"258.4","2021-03-30 13:15:00"
"158959",20,"256.1","2021-03-30 13:30:00"
"159067",20,"251.4","2021-03-30 13:45:00"
"159178",20,"239.7","2021-03-30 14:00:00"
"159282",20,"241.2","2021-03-30 14:15:00"
"159109",20,"43.2","2021-02-25 14:00:00"
"159212",20,"47.5","2021-02-25 14:15:00"
"159936",20,"226.2","2021-03-30 15:45:00"
"160041",20,"224.8","2021-03-30 16:00:00"
"159859",20,"29.6","2021-02-25 15:45:00"
"159974",20,"340.3","2021-02-25 16:00:00"
"160084",20,"300","2021-02-25 16:15:00"
"160150",20,"227.7","2021-03-30 16:15:00"
"160302",20,"223.9","2021-03-30 16:30:00"
"160442",20,"219.4","2021-03-30 16:45:00"
"160188",20,"313.8","2021-02-25 16:30:00"
"160339",20,"320.4","2021-02-25 16:45:00"
"160486",20,"337.4","2021-02-25 17:00:00"
"160959",20,"0","2021-02-25 17:45:00"
"162859",20,"284.7","2021-02-25 18:00:00"
"162940",20,"288.1","2021-02-25 18:15:00"
"160956",20,"96.2","2021-05-08 13:15:00"
"161066",20,"87.8","2021-05-08 13:30:00"
"161120",20,"98","2021-05-08 13:45:00"
"161174",20,"101","2021-05-08 14:00:00"
"161228",20,"97.7","2021-05-08 14:15:00"
"161282",20,"102.2","2021-05-08 14:30:00"
"161336",20,"109.4","2021-05-08 14:45:00"
"161390",20,"103.8","2021-05-08 15:00:00"
"162090",20,"297.1","2021-06-20 00:15:00"
"162144",20,"0","2021-06-20 00:30:00"
"162198",20,"296.6","2021-06-20 00:45:00"
"162252",20,"300.7","2021-06-20 01:00:00"
"162306",20,"282.2","2021-06-20 01:15:00"
"162360",20,"282.6","2021-06-20 01:30:00"
"162414",20,"274.6","2021-06-20 01:45:00"
"162468",20,"250.8","2021-06-20 02:00:00"
"162522",20,"241","2021-06-20 02:15:00"
"162576",20,"236.5","2021-06-20 02:30:00"
"163185",20,"279.1","2021-02-25 19:00:00"
"163272",20,"292.1","2021-02-25 19:15:00"
"163352",20,"280.4","2021-02-25 19:30:00"
"163428",20,"279.9","2021-02-25 19:45:00"
"163499",20,"284.2","2021-02-25 20:00:00"
"163583",20,"277","2021-02-25 20:15:00"
"163561",20,"215.6","2021-03-30 19:00:00"
"163761",20,"221.9","2021-03-30 19:15:00"
"163760",20,"221.3","2021-02-25 20:30:00"
"163797",20,"105.1","2021-05-08 17:15:00"
"164333",20,"103.3","2021-02-25 21:30:00"
"164475",20,"94.6","2021-02-25 21:45:00"
"164562",20,"98.5","2021-05-08 18:45:00"
"164687",20,"96.5","2021-05-08 19:00:00"
"164826",20,"96.9","2021-05-08 19:15:00"
"164615",20,"108.4","2021-02-25 22:00:00"
"164733",20,"109.3","2021-02-25 22:15:00"
"164848",20,"110.2","2021-02-25 22:30:00"
"164909",20,"211.4","2021-03-30 20:15:00"
"165084",20,"214.9","2021-03-30 20:30:00"
"165900",20,"253.2","2021-06-20 04:00:00"
"165954",20,"260.2","2021-06-20 04:15:00"
"166008",20,"256.9","2021-06-20 04:30:00"
"166062",20,"244.3","2021-06-20 04:45:00"
"166116",20,"245.6","2021-06-20 05:00:00"
"166170",20,"249","2021-06-20 05:15:00"
"166224",20,"249.3","2021-06-20 05:30:00"
"166278",20,"230.2","2021-06-20 05:45:00"
"166332",20,"227.2","2021-06-20 06:00:00"
"166386",20,"232.3","2021-06-20 06:15:00"
"167119",20,"107.2","2021-02-26 00:00:00"
"167189",20,"120.6","2021-02-26 00:15:00"
"167269",20,"115","2021-02-26 00:30:00"
"167347",20,"115.9","2021-02-26 00:45:00"
"167425",20,"106.3","2021-02-26 01:00:00"
"167422",20,"112.1","2021-05-08 22:00:00"
"167584",20,"115.4","2021-05-08 22:15:00"
"167505",20,"106.8","2021-02-26 01:15:00"
"167586",20,"96.2","2021-02-26 01:30:00"
"168791",20,"115.3","2021-05-09 01:15:00"
"168904",20,"115.3","2021-05-09 01:30:00"
"168951",20,"0","2021-03-30 23:30:00"
"169054",20,"212.7","2021-03-30 23:45:00"
"169016",20,"117.5","2021-05-09 01:45:00"
"169121",20,"115.7","2021-05-09 02:00:00"
"170945",20,"109.7","2021-05-09 02:15:00"
"169158",20,"221.5","2021-03-31 00:00:00"
"169212",20,"231.5","2021-03-31 00:15:00"
"169266",20,"272.6","2021-03-31 00:30:00"
"170412",20,"190.4","2021-06-20 11:00:00"
"170466",20,"218.7","2021-06-20 11:15:00"
"170520",20,"216.4","2021-06-20 11:30:00"
"170574",20,"234.7","2021-06-20 11:45:00"
"170628",20,"248.6","2021-06-20 12:00:00"
"170682",20,"260","2021-06-20 12:15:00"
"170736",20,"247.2","2021-06-20 12:30:00"
"173790",20,"249.3","2021-06-20 12:45:00"
"170865",20,"212","2021-03-31 03:15:00"
"170982",20,"244.2","2021-03-31 03:30:00"
"172779",20,"93.7","2021-02-26 05:00:00"
"173071",20,"87.7","2021-02-26 05:15:00"
"173204",20,"89.4","2021-02-26 05:30:00"
"172723",20,"148.9","2021-05-09 05:30:00"
"172852",20,"149.3","2021-05-09 05:45:00"
"172984",20,"150.4","2021-05-09 06:00:00"
"172883",20,"177.8","2021-03-31 07:00:00"
"173009",20,"0","2021-03-31 07:15:00"
"173140",20,"171.5","2021-03-31 07:30:00"
"173135",20,"165.3","2021-05-09 06:15:00"
"173251",20,"166.5","2021-05-09 06:30:00"
"175894",20,"171","2021-05-09 06:45:00"
"174384",20,"247.5","2021-06-20 15:30:00"
"174438",20,"235.3","2021-06-20 15:45:00"
"174492",20,"241.2","2021-06-20 16:00:00"
"174546",20,"221","2021-06-20 16:15:00"
"174600",20,"232.5","2021-06-20 16:30:00"
"174654",20,"0","2021-06-20 16:45:00"
"174708",20,"230.6","2021-06-20 17:00:00"
"174762",20,"0","2021-06-20 17:15:00"
"177473",20,"210.4","2021-06-20 17:30:00"
"177570",20,"222.8","2021-06-20 17:45:00"
"175868",20,"121.2","2021-02-26 08:15:00"
"175971",20,"125.7","2021-02-26 08:30:00"
"176077",20,"128.7","2021-02-26 08:45:00"
"176004",20,"165.5","2021-05-09 07:00:00"
"176110",20,"163.1","2021-05-09 07:15:00"
"176191",20,"128.7","2021-02-26 09:00:00"
"176288",20,"119.7","2021-02-26 09:15:00"
"176216",20,"162.8","2021-05-09 07:30:00"
"176334",20,"159.9","2021-05-09 07:45:00"
"176437",20,"165","2021-05-09 08:00:00"
"177576",20,"81.9","2021-02-26 12:00:00"
"177762",20,"96.1","2021-02-26 12:15:00"
"180319",20,"97.7","2021-02-26 12:30:00"
"177693",20,"0","2021-06-20 18:00:00"
"177814",20,"203.5","2021-06-20 18:15:00"
"177929",20,"196.1","2021-06-20 18:30:00"
"177837",20,"125.7","2021-05-09 10:45:00"
"178012",20,"88.4","2021-05-09 11:00:00"
"178031",20,"0","2021-06-20 18:45:00"
"178157",20,"75.2","2021-06-20 19:00:00"
"179269",20,"262.6","2021-06-20 20:30:00"
"179374",20,"278.9","2021-06-20 20:45:00"
"179482",20,"276","2021-06-20 21:00:00"
"179329",20,"245.1","2021-03-31 16:00:00"
"179437",20,"231.9","2021-03-31 16:15:00"
"179532",20,"227.9","2021-03-31 16:30:00"
"179642",20,"212.6","2021-03-31 16:45:00"
"182830",20,"213.2","2021-03-31 17:00:00"
"179601",20,"286.3","2021-06-20 21:15:00"
"179680",20,"270.2","2021-06-20 21:30:00"
"180787",20,"85.7","2021-02-26 13:15:00"
"180950",20,"90.2","2021-02-26 13:30:00"
"181056",20,"103.7","2021-02-26 13:45:00"
"180963",20,"125.4","2021-05-09 15:45:00"
"183790",20,"29.8","2021-05-09 16:00:00"
"183844",20,"97.9","2021-05-09 16:15:00"
"181110",20,"122.6","2021-02-26 14:00:00"
"181165",20,"96.1","2021-02-26 14:15:00"
"181314",20,"92","2021-02-26 14:30:00"
"181338",20,"251.7","2021-06-20 22:30:00"
"181417",20,"268.5","2021-06-20 22:45:00"
"181493",20,"266.2","2021-06-20 23:00:00"
"182518",20,"0","2021-06-21 01:45:00"
"182629",20,"0","2021-06-21 02:00:00"
"184958",20,"127.4","2021-02-26 17:15:00"
"185064",20,"126.9","2021-02-26 17:30:00"
"182706",20,"156.7","2021-06-21 02:15:00"
"182760",20,"271.8","2021-06-21 02:30:00"
"184814",20,"0","2021-06-21 02:45:00"
"182884",20,"207.2","2021-03-31 17:15:00"
"182938",20,"210.6","2021-03-31 17:30:00"
"182992",20,"211.1","2021-03-31 17:45:00"
"184708",20,"123.2","2021-05-09 20:15:00"
"184762",20,"121","2021-05-09 20:30:00"
"187816",20,"127.2","2021-05-09 20:45:00"
"184868",20,"0","2021-06-21 03:00:00"
"184952",20,"269.4","2021-06-21 03:15:00"
"185059",20,"158.8","2021-06-21 03:30:00"
"185149",20,"166.7","2021-06-21 03:45:00"
"185203",20,"203.7","2021-06-21 04:00:00"
"185257",20,"0","2021-06-21 04:15:00"
"185311",20,"285.3","2021-06-21 04:30:00"
"185393",20,"263.6","2021-06-21 04:45:00"
"186584",20,"92.2","2021-06-21 06:15:00"
"186762",20,"101.8","2021-06-21 06:30:00"
"186589",20,"276.6","2021-03-31 23:45:00"
"186725",20,"279.4","2021-04-01 00:00:00"
"186785",20,"71.7","2021-02-26 19:45:00"
"186934",20,"53","2021-02-26 20:00:00"
"187115",20,"44.1","2021-02-26 20:15:00"
"186903",20,"269.6","2021-04-01 00:15:00"
"187055",20,"0","2021-04-01 00:30:00"
"187191",20,"0","2021-04-01 00:45:00"
"188140",20,"155.3","2021-05-09 22:15:00"
"188194",20,"119.6","2021-05-09 22:30:00"
"188248",20,"120.1","2021-05-09 22:45:00"
"188302",20,"126","2021-05-09 23:00:00"
"188356",20,"131.9","2021-05-09 23:15:00"
"188410",20,"121.9","2021-05-09 23:30:00"
"188464",20,"120.3","2021-05-09 23:45:00"
"188518",20,"115.8","2021-05-10 00:00:00"
"188572",20,"120","2021-05-10 00:15:00"
"188626",20,"145.4","2021-05-10 00:30:00"
"189829",20,"112","2021-02-26 22:15:00"
"189992",20,"121.4","2021-02-26 22:30:00"
"190160",20,"117.3","2021-02-26 22:45:00"
"189922",20,"0","2021-04-01 03:30:00"
"190066",20,"0","2021-04-01 03:45:00"
"190231",20,"0","2021-04-01 04:00:00"
"190150",20,"96.5","2021-06-21 10:45:00"
"190366",20,"100.1","2021-06-21 11:00:00"
"190299",20,"112.5","2021-02-26 23:00:00"
"190459",20,"117.7","2021-02-26 23:15:00"
"191417",20,"77.5","2021-06-21 12:00:00"
"191609",20,"78.1","2021-06-21 12:15:00"
"191048",20,"121.4","2021-02-27 00:15:00"
"191159",20,"132","2021-02-27 00:30:00"
"191097",20,"0","2021-04-01 05:30:00"
"191205",20,"0","2021-04-01 05:45:00"
"191264",20,"122.9","2021-02-27 00:45:00"
"191311",20,"0","2021-04-01 06:00:00"
"191462",20,"120.7","2021-02-27 01:00:00"
"195202",20,"111.5","2021-02-27 02:30:00"
"195277",20,"98.4","2021-02-27 02:45:00"
"192664",20,"0","2021-05-10 02:45:00"
"192829",20,"0","2021-05-10 03:00:00"
"192693",20,"91.3","2021-06-21 14:30:00"
"192776",20,"98.7","2021-06-21 14:45:00"
"192856",20,"104.2","2021-06-21 15:00:00"
"192940",20,"90.4","2021-06-21 15:15:00"
"193014",20,"97.3","2021-06-21 15:30:00"
"194556",20,"92.6","2021-04-01 10:15:00"
"194610",20,"95.2","2021-04-01 10:30:00"
"194664",20,"92.2","2021-04-01 10:45:00"
"194718",20,"79.9","2021-04-01 11:00:00"
"194772",20,"115","2021-04-01 11:15:00"
"194892",20,"93.1","2021-06-21 17:00:00"
"194946",20,"101.9","2021-06-21 17:15:00"
"195000",20,"128.2","2021-06-21 17:30:00"
"195054",20,"130.4","2021-06-21 17:45:00"
"195108",20,"126.2","2021-06-21 18:00:00"
"196403",20,"146.1","2021-06-21 20:15:00"
"196555",20,"168.8","2021-06-21 20:30:00"
"196452",20,"0","2021-02-27 06:15:00"
"196534",20,"0","2021-02-27 06:30:00"
"196616",20,"0","2021-02-27 06:45:00"
"198782",20,"0","2021-02-27 07:00:00"
"198836",20,"0","2021-02-27 07:15:00"
"196702",20,"0","2021-06-21 20:45:00"
"196809",20,"0","2021-06-21 21:00:00"
"199810",20,"0","2021-06-21 21:15:00"
"197934",20,"55.7","2021-04-01 12:00:00"
"197988",20,"77.2","2021-04-01 12:15:00"
"198042",20,"82.3","2021-04-01 12:30:00"
"198096",20,"30","2021-04-01 12:45:00"
"198150",20,"31.8","2021-04-01 13:00:00"
"198204",20,"118.2","2021-04-01 13:15:00"
"198258",20,"162.7","2021-04-01 13:30:00"
"198312",20,"134.2","2021-04-01 13:45:00"
"198366",20,"180.9","2021-04-01 14:00:00"
"198420",20,"165.4","2021-04-01 14:15:00"
"198474",20,"266.1","2021-04-01 14:30:00"
"199592",20,"95","2021-02-27 10:45:00"
"199646",20,"98.2","2021-02-27 11:00:00"
"199700",20,"86.6","2021-02-27 11:15:00"
"199754",20,"93.5","2021-02-27 11:30:00"
"202808",20,"104.6","2021-02-27 11:45:00"
"199864",20,"132","2021-06-21 21:30:00"
"199918",20,"130.8","2021-06-21 21:45:00"
"199972",20,"142.7","2021-06-21 22:00:00"
"158334",20,"17.9","2021-06-19 20:45:00"
"158388",20,"1.2","2021-06-19 21:00:00"
"158442",20,"297.9","2021-06-19 21:15:00"
"158496",20,"288.5","2021-06-19 21:30:00"
"158550",20,"269.3","2021-06-19 21:45:00"
"158604",20,"257.2","2021-06-19 22:00:00"
"158658",20,"268.4","2021-06-19 22:15:00"
"158712",20,"278.6","2021-06-19 22:30:00"
"159393",20,"239.8","2021-03-30 14:30:00"
"159500",20,"235.3","2021-03-30 14:45:00"
"159328",20,"17.3","2021-02-25 14:30:00"
"159435",20,"353","2021-02-25 14:45:00"
"159542",20,"6.8","2021-02-25 15:00:00"
"159611",20,"234.2","2021-03-30 15:00:00"
"159718",20,"246","2021-03-30 15:15:00"
"159827",20,"247.2","2021-03-30 15:30:00"
"159647",20,"21.6","2021-02-25 15:15:00"
"159756",20,"30.9","2021-02-25 15:30:00"
"160594",20,"230.9","2021-03-30 17:00:00"
"160758",20,"227.6","2021-03-30 17:15:00"
"160649",20,"356.2","2021-02-25 17:15:00"
"160808",20,"358.8","2021-02-25 17:30:00"
"160603",20,"102.7","2021-05-08 12:45:00"
"160769",20,"91.9","2021-05-08 13:00:00"
"160926",20,"233.8","2021-03-30 17:30:00"
"162808",20,"232.2","2021-03-30 17:45:00"
"162893",20,"224.9","2021-03-30 18:00:00"
"161444",20,"98.8","2021-05-08 15:15:00"
"161498",20,"103.4","2021-05-08 15:30:00"
"161552",20,"104.6","2021-05-08 15:45:00"
"161606",20,"97.2","2021-05-08 16:00:00"
"161660",20,"98.8","2021-05-08 16:15:00"
"161714",20,"110.1","2021-05-08 16:30:00"
"161768",20,"108.8","2021-05-08 16:45:00"
"163670",20,"101.6","2021-05-08 17:00:00"
"161928",20,"281.8","2021-06-19 23:30:00"
"161982",20,"285.3","2021-06-19 23:45:00"
"162036",20,"282.9","2021-06-20 00:00:00"
"162630",20,"250.7","2021-06-20 02:45:00"
"162684",20,"253.1","2021-06-20 03:00:00"
"162738",20,"246.1","2021-06-20 03:15:00"
"165792",20,"246.9","2021-06-20 03:30:00"
"165846",20,"256.5","2021-06-20 03:45:00"
"163021",20,"261.4","2021-02-25 18:30:00"
"163101",20,"283.1","2021-02-25 18:45:00"
"163059",20,"212","2021-03-30 18:15:00"
"163215",20,"214.7","2021-03-30 18:30:00"
"163370",20,"214.6","2021-03-30 18:45:00"
"163929",20,"221.2","2021-02-25 20:45:00"
"164080",20,"207.9","2021-02-25 21:00:00"
"164195",20,"0","2021-02-25 21:15:00"
"163918",20,"100.5","2021-05-08 17:30:00"
"164026",20,"98.2","2021-05-08 17:45:00"
"164002",20,"228.6","2021-03-30 19:30:00"
"164297",20,"209.6","2021-03-30 19:45:00"
"164592",20,"206.9","2021-03-30 20:00:00"
"164183",20,"90.5","2021-05-08 18:00:00"
"164307",20,"94","2021-05-08 18:15:00"
"164430",20,"95.5","2021-05-08 18:30:00"
"164938",20,"93.5","2021-05-08 19:30:00"
"165014",20,"94.9","2021-05-08 19:45:00"
"166816",20,"113.5","2021-02-25 22:45:00"
"166870",20,"110.2","2021-02-25 23:00:00"
"165095",20,"97.1","2021-05-08 20:00:00"
"165172",20,"99.9","2021-05-08 20:15:00"
"165251",20,"100.3","2021-05-08 20:30:00"
"165259",20,"236.6","2021-03-30 20:45:00"
"165431",20,"233.2","2021-03-30 21:00:00"
"165564",20,"247.6","2021-03-30 21:15:00"
"166440",20,"242.8","2021-06-20 06:30:00"
"166494",20,"239","2021-06-20 06:45:00"
"166548",20,"224","2021-06-20 07:00:00"
"166602",20,"231.2","2021-06-20 07:15:00"
"166656",20,"229","2021-06-20 07:30:00"
"166710",20,"230.9","2021-06-20 07:45:00"
"166764",20,"233","2021-06-20 08:00:00"
"169818",20,"225.3","2021-06-20 08:15:00"
"166924",20,"114.2","2021-02-25 23:15:00"
"166978",20,"111","2021-02-25 23:30:00"
"167038",20,"106.4","2021-02-25 23:45:00"
"170938",20,"119.1","2021-02-26 03:15:00"
"171182",20,"109.8","2021-02-26 03:30:00"
"168255",20,"117.8","2021-05-08 23:45:00"
"168334",20,"116.8","2021-05-09 00:00:00"
"168389",20,"120.5","2021-05-09 00:15:00"
"168498",20,"123.2","2021-05-09 00:30:00"
"168592",20,"117.7","2021-05-09 00:45:00"
"168690",20,"112.2","2021-05-09 01:00:00"
"168619",20,"237.5","2021-03-30 22:45:00"
"168726",20,"228.7","2021-03-30 23:00:00"
"168839",20,"0","2021-03-30 23:15:00"
"169872",20,"224","2021-06-20 08:30:00"
"169926",20,"236","2021-06-20 08:45:00"
"169980",20,"230.7","2021-06-20 09:00:00"
"170034",20,"220.2","2021-06-20 09:15:00"
"170088",20,"210.6","2021-06-20 09:30:00"
"170142",20,"201.9","2021-06-20 09:45:00"
"170196",20,"186.3","2021-06-20 10:00:00"
"170250",20,"206.3","2021-06-20 10:15:00"
"170304",20,"183.8","2021-06-20 10:30:00"
"170358",20,"194.6","2021-06-20 10:45:00"
"171519",20,"205.6","2021-03-31 04:30:00"
"171644",20,"182.3","2021-03-31 04:45:00"
"171779",20,"166.6","2021-03-31 05:00:00"
"171773",20,"114.7","2021-05-09 03:45:00"
"171903",20,"121.3","2021-05-09 04:00:00"
"171929",20,"207.4","2021-03-31 05:15:00"
"172067",20,"210.9","2021-03-31 05:30:00"
"172039",20,"122.9","2021-05-09 04:15:00"
"172180",20,"126.2","2021-05-09 04:30:00"
"172317",20,"134.3","2021-05-09 04:45:00"
"173320",20,"95.6","2021-02-26 05:45:00"
"173382",20,"79.6","2021-02-26 06:00:00"
"173436",20,"82.9","2021-02-26 06:15:00"
"173490",20,"79.8","2021-02-26 06:30:00"
"173544",20,"85.5","2021-02-26 06:45:00"
"173598",20,"87.4","2021-02-26 07:00:00"
"173652",20,"91","2021-02-26 07:15:00"
"173706",20,"98.5","2021-02-26 07:30:00"
"173760",20,"109.7","2021-02-26 07:45:00"
"175791",20,"116.2","2021-02-26 08:00:00"
"174832",20,"169.6","2021-03-31 07:45:00"
"174886",20,"163.1","2021-03-31 08:00:00"
"174940",20,"165.3","2021-03-31 08:15:00"
"174994",20,"172.6","2021-03-31 08:30:00"
"175048",20,"162.1","2021-03-31 08:45:00"
"175102",20,"151.2","2021-03-31 09:00:00"
"175156",20,"174.7","2021-03-31 09:15:00"
"175210",20,"160.3","2021-03-31 09:30:00"
"175264",20,"160.7","2021-03-31 09:45:00"
"175318",20,"163.5","2021-03-31 10:00:00"
"176403",20,"107.8","2021-02-26 09:30:00"
"176507",20,"117.5","2021-02-26 09:45:00"
"176616",20,"104","2021-02-26 10:00:00"
"176547",20,"159.6","2021-05-09 08:15:00"
"176651",20,"153.9","2021-05-09 08:30:00"
"176736",20,"108.8","2021-02-26 10:15:00"
"176835",20,"106.5","2021-02-26 10:30:00"
"176750",20,"150.8","2021-05-09 08:45:00"
"176869",20,"143.5","2021-05-09 09:00:00"
"176972",20,"136.2","2021-05-09 09:15:00"
"178293",20,"0","2021-06-20 19:15:00"
"178402",20,"0","2021-06-20 19:30:00"
"178936",20,"291.7","2021-06-20 19:45:00"
"178295",20,"91.8","2021-05-09 11:15:00"
"179818",20,"97.1","2021-05-09 11:30:00"
"179872",20,"92.8","2021-05-09 11:45:00"
"178334",20,"185.9","2021-03-31 12:45:00"
"178465",20,"185","2021-03-31 13:00:00"
"178533",20,"191.4","2021-03-31 13:15:00"
"178587",20,"217","2021-03-31 13:30:00"
"178641",20,"229","2021-03-31 13:45:00"
"179734",20,"241.7","2021-06-20 21:45:00"
"181177",20,"0","2021-06-20 22:00:00"
"181253",20,"242.8","2021-06-20 22:15:00"
"179926",20,"91.4","2021-05-09 12:00:00"
"179980",20,"102.7","2021-05-09 12:15:00"
"180034",20,"95.6","2021-05-09 12:30:00"
"180088",20,"109","2021-05-09 12:45:00"
"180142",20,"94.1","2021-05-09 13:00:00"
"180196",20,"96.9","2021-05-09 13:15:00"
"180250",20,"107.3","2021-05-09 13:30:00"
"180306",20,"115.6","2021-05-09 13:45:00"
"181498",20,"98.8","2021-02-26 14:45:00"
"181674",20,"65.9","2021-02-26 15:00:00"
"181575",20,"231.6","2021-06-20 23:15:00"
"181652",20,"0","2021-06-20 23:30:00"
"181731",20,"0","2021-06-20 23:45:00"
"181800",20,"0","2021-06-21 00:00:00"
"181880",20,"0","2021-06-21 00:15:00"
"181857",20,"106","2021-02-26 15:15:00"
"181995",20,"101.3","2021-02-26 15:30:00"
"182103",20,"126.1","2021-02-26 15:45:00"
"183586",20,"194.3","2021-03-31 20:30:00"
"183640",20,"213.7","2021-03-31 20:45:00"
"183694",20,"0","2021-03-31 21:00:00"
"183748",20,"240.2","2021-03-31 21:15:00"
"185401",20,"187.4","2021-03-31 21:30:00"
"183898",20,"100","2021-05-09 16:30:00"
"183952",20,"0","2021-05-09 16:45:00"
"184006",20,"76.7","2021-05-09 17:00:00"
"184060",20,"0","2021-05-09 17:15:00"
"184114",20,"86.9","2021-05-09 17:30:00"
"185435",20,"115.8","2021-02-26 17:45:00"
"185624",20,"114.2","2021-02-26 18:00:00"
"185801",20,"114.8","2021-02-26 18:15:00"
"185587",20,"0","2021-06-21 05:00:00"
"185755",20,"0","2021-06-21 05:15:00"
"185532",20,"182.8","2021-03-31 21:45:00"
"185648",20,"0","2021-03-31 22:00:00"
"185804",20,"217.1","2021-03-31 22:15:00"
"185921",20,"208","2021-03-31 22:30:00"
"186039",20,"206.6","2021-03-31 22:45:00"
"186923",20,"103.3","2021-06-21 06:45:00"
"187065",20,"136.3","2021-06-21 07:00:00"
"188786",20,"90","2021-06-21 07:15:00"
"187259",20,"48.1","2021-02-26 20:30:00"
"187361",20,"71.9","2021-02-26 20:45:00"
"187330",20,"0","2021-04-01 01:00:00"
"187442",20,"0","2021-04-01 01:15:00"
"187465",20,"79.9","2021-02-26 21:00:00"
"187553",20,"75.7","2021-02-26 21:15:00"
"187673",20,"98.9","2021-02-26 21:30:00"
"188680",20,"169.1","2021-05-10 00:45:00"
"188734",20,"0","2021-05-10 01:00:00"
"191361",20,"0","2021-05-10 01:15:00"
"188840",20,"119.1","2021-06-21 07:30:00"
"188894",20,"117.8","2021-06-21 07:45:00"
"188948",20,"95.9","2021-06-21 08:00:00"
"189002",20,"92","2021-06-21 08:15:00"
"189056",20,"86","2021-06-21 08:30:00"
"189110",20,"106.2","2021-06-21 08:45:00"
"189170",20,"112.9","2021-06-21 09:00:00"
"190381",20,"0","2021-04-01 04:15:00"
"190527",20,"0","2021-04-01 04:30:00"
"190529",20,"82.9","2021-06-21 11:15:00"
"190673",20,"85.5","2021-06-21 11:30:00"
"190843",20,"76.5","2021-06-21 11:45:00"
"190683",20,"0","2021-04-01 04:45:00"
"190848",20,"0","2021-04-01 05:00:00"
"190984",20,"0","2021-04-01 05:15:00"
"190660",20,"121.6","2021-02-26 23:30:00"
"190817",20,"121.9","2021-02-26 23:45:00"
"190948",20,"120.5","2021-02-27 00:00:00"
"191476",20,"0","2021-04-01 06:15:00"
"191623",20,"0","2021-04-01 06:30:00"
"193800",20,"0","2021-04-01 06:45:00"
"191670",20,"0","2021-05-10 01:30:00"
"191860",20,"0","2021-05-10 01:45:00"
"191737",20,"116.8","2021-02-27 01:15:00"
"191919",20,"115.5","2021-02-27 01:30:00"
"191797",20,"94","2021-06-21 12:30:00"
"191925",20,"73.5","2021-06-21 12:45:00"
"192038",20,"68.9","2021-06-21 13:00:00"
"193544",20,"126.3","2021-05-10 04:45:00"
"193598",20,"131.3","2021-05-10 05:00:00"
"193652",20,"140.8","2021-05-10 05:15:00"
"193706",20,"131.8","2021-05-10 05:30:00"
"193760",20,"143","2021-05-10 05:45:00"
"196768",20,"149.8","2021-05-10 06:00:00"
"196868",20,"159","2021-05-10 06:15:00"
"193854",20,"0","2021-04-01 07:00:00"
"193908",20,"0","2021-04-01 07:15:00"
"193962",20,"0","2021-04-01 07:30:00"
"195173",20,"118.4","2021-06-21 18:15:00"
"195337",20,"124.2","2021-06-21 18:30:00"
"195474",20,"137.5","2021-06-21 18:45:00"
"195368",20,"109.3","2021-02-27 03:00:00"
"195453",20,"118.3","2021-02-27 03:15:00"
"195535",20,"123","2021-02-27 03:30:00"
"195620",20,"152.4","2021-06-21 19:00:00"
"195788",20,"146.4","2021-06-21 19:15:00"
"195625",20,"125.2","2021-02-27 03:45:00"
"195703",20,"123","2021-02-27 04:00:00"
"196922",20,"0","2021-05-10 06:30:00"
"196976",20,"0","2021-05-10 06:45:00"
"197030",20,"0","2021-05-10 07:00:00"
"197084",20,"0","2021-05-10 07:15:00"
"197138",20,"0","2021-05-10 07:30:00"
"197192",20,"0","2021-05-10 07:45:00"
"197246",20,"0","2021-05-10 08:00:00"
"197300",20,"0","2021-05-10 08:15:00"
"197354",20,"147.3","2021-05-10 08:30:00"
"197408",20,"142.1","2021-05-10 08:45:00"
"198528",20,"242","2021-04-01 14:45:00"
"198582",20,"269.5","2021-04-01 15:00:00"
"198636",20,"171.4","2021-04-01 15:15:00"
"198690",20,"177.3","2021-04-01 15:30:00"
"198744",20,"221.1","2021-04-01 15:45:00"
"200931",20,"161.9","2021-04-01 16:00:00"
"201027",20,"113.1","2021-04-01 16:15:00"
"198890",20,"145.1","2021-02-27 07:30:00"
"198944",20,"145.9","2021-02-27 07:45:00"
"198998",20,"145.6","2021-02-27 08:00:00"
"200134",20,"162.2","2021-06-21 22:45:00"
"200188",20,"191","2021-06-21 23:00:00"
"200242",20,"173.3","2021-06-21 23:15:00"
"200296",20,"170.7","2021-06-21 23:30:00"
"200350",20,"143.7","2021-06-21 23:45:00"
"200404",20,"142","2021-06-22 00:00:00"
"200458",20,"0","2021-06-22 00:15:00"
"200512",20,"0","2021-06-22 00:30:00"
"200566",20,"0","2021-06-22 00:45:00"
"200620",20,"0","2021-06-22 01:00:00"
"201935",20,"83.3","2021-05-10 13:30:00"
"202053",20,"53.2","2021-05-10 13:45:00"
"202156",20,"17.5","2021-05-10 14:00:00"
"202039",20,"124.9","2021-04-01 18:30:00"
"202150",20,"110.4","2021-04-01 18:45:00"
"202251",20,"103.6","2021-04-01 19:00:00"
"202268",20,"297.8","2021-05-10 14:15:00"
"202375",20,"287.6","2021-05-10 14:30:00"
"202364",20,"109.6","2021-04-01 19:15:00"
"200894",20,"119.2","2021-05-10 11:00:00"
"201010",20,"123.4","2021-05-10 11:15:00"
"201120",20,"105.3","2021-05-10 11:30:00"
"201138",20,"176.5","2021-04-01 16:30:00"
"201250",20,"306.2","2021-04-01 16:45:00"
"201384",20,"0","2021-04-01 17:00:00"
"201224",20,"77.3","2021-05-10 11:45:00"
"201310",20,"54","2021-05-10 12:00:00"
"210183",20,"126.4","2021-06-22 09:45:00"
"210267",20,"123.1","2021-06-22 10:00:00"
"210432",20,"0","2021-05-10 23:15:00"
"210573",20,"258.7","2021-05-10 23:30:00"
"210350",20,"128.7","2021-06-22 10:15:00"
"210431",20,"121.1","2021-06-22 10:30:00"
"210521",20,"103.4","2021-06-22 10:45:00"
"210603",20,"122.2","2021-06-22 11:00:00"
"213094",20,"115.5","2021-06-22 11:15:00"
"211779",20,"103.6","2021-02-28 00:15:00"
"211938",20,"105.6","2021-02-28 00:30:00"
"211841",20,"0","2021-04-02 07:15:00"
"211922",20,"0","2021-04-02 07:30:00"
"212003",20,"0","2021-04-02 07:45:00"
"212094",20,"109.4","2021-04-02 08:00:00"
"212171",20,"118.4","2021-04-02 08:15:00"
"212083",20,"95.5","2021-02-28 00:45:00"
"212254",20,"93.5","2021-02-28 01:00:00"
"212421",20,"94.4","2021-02-28 01:15:00"
"213415",20,"95.5","2021-06-22 12:15:00"
"213483",20,"76.7","2021-06-22 12:30:00"
"213562",20,"23.5","2021-06-22 12:45:00"
"213636",20,"19.6","2021-06-22 13:00:00"
"213721",20,"0","2021-06-22 13:15:00"
"213579",20,"0","2021-05-11 02:15:00"
"213743",20,"0","2021-05-11 02:30:00"
"213914",20,"0","2021-05-11 02:45:00"
"213801",20,"67.9","2021-06-22 13:30:00"
"213879",20,"72.5","2021-06-22 13:45:00"
"215048",20,"108.8","2021-02-28 02:45:00"
"215102",20,"98.4","2021-02-28 03:00:00"
"215156",20,"103.4","2021-02-28 03:15:00"
"215210",20,"109.2","2021-02-28 03:30:00"
"215264",20,"113.3","2021-02-28 03:45:00"
"215318",20,"110.9","2021-02-28 04:00:00"
"215372",20,"108.5","2021-02-28 04:15:00"
"215426",20,"114.3","2021-02-28 04:30:00"
"215480",20,"111.8","2021-02-28 04:45:00"
"215534",20,"116.7","2021-02-28 05:00:00"
"216766",20,"204.1","2021-04-02 15:00:00"
"218820",20,"161.5","2021-04-02 15:15:00"
"216890",20,"0","2021-05-11 05:30:00"
"216944",20,"0","2021-05-11 05:45:00"
"216998",20,"0","2021-05-11 06:00:00"
"217052",20,"0","2021-05-11 06:15:00"
"217106",20,"0","2021-05-11 06:30:00"
"217160",20,"0","2021-05-11 06:45:00"
"217214",20,"0","2021-05-11 07:00:00"
"217268",20,"0","2021-05-11 07:15:00"
"218400",20,"87.1","2021-06-22 18:30:00"
"218454",20,"82.3","2021-06-22 18:45:00"
"218508",20,"79.6","2021-06-22 19:00:00"
"218562",20,"105.2","2021-06-22 19:15:00"
"218616",20,"123.3","2021-06-22 19:30:00"
"218670",20,"123.1","2021-06-22 19:45:00"
"218724",20,"113.6","2021-06-22 20:00:00"
"218778",20,"120.8","2021-06-22 20:15:00"
"218874",20,"57.8","2021-04-02 15:30:00"
"218928",20,"141","2021-04-02 15:45:00"
"218982",20,"121.7","2021-04-02 16:00:00"
"220152",20,"109","2021-02-28 08:30:00"
"220257",20,"101.6","2021-02-28 08:45:00"
"220348",20,"135.3","2021-04-02 19:30:00"
"222725",20,"133.6","2021-04-02 19:45:00"
"220366",20,"98.7","2021-02-28 09:00:00"
"220452",20,"100.3","2021-02-28 09:15:00"
"220506",20,"97.9","2021-02-28 09:30:00"
"220560",20,"98.7","2021-02-28 09:45:00"
"220614",20,"95.7","2021-02-28 10:00:00"
"221743",20,"331.2","2021-05-11 13:45:00"
"221894",20,"50.6","2021-05-11 14:00:00"
"222042",20,"270.5","2021-05-11 14:15:00"
"221965",20,"60.7","2021-06-22 21:15:00"
"222048",20,"87.1","2021-06-22 21:30:00"
"222102",20,"105.7","2021-06-22 21:45:00"
"222156",20,"124.4","2021-06-22 22:00:00"
"222210",20,"142.2","2021-06-22 22:15:00"
"222264",20,"139","2021-06-22 22:30:00"
"222318",20,"107.6","2021-06-22 22:45:00"
"222997",20,"130.4","2021-04-02 20:00:00"
"223295",20,"124.5","2021-04-02 20:15:00"
"223469",20,"131","2021-04-02 20:30:00"
"223000",20,"81.2","2021-02-28 12:15:00"
"223119",20,"71.7","2021-02-28 12:30:00"
"223248",20,"75.7","2021-02-28 12:45:00"
"223070",20,"93.5","2021-06-23 00:15:00"
"223206",20,"97.3","2021-06-23 00:30:00"
"223343",20,"109.2","2021-06-23 00:45:00"
"223396",20,"81","2021-02-28 13:00:00"
"223507",20,"88.1","2021-02-28 13:15:00"
"224991",20,"90.5","2021-02-28 15:45:00"
"225107",20,"88.6","2021-02-28 16:00:00"
"225216",20,"99.2","2021-02-28 16:15:00"
"225142",20,"203.7","2021-05-11 15:15:00"
"225254",20,"224.3","2021-05-11 15:30:00"
"225353",20,"76.6","2021-02-28 16:30:00"
"225545",20,"77.5","2021-02-28 16:45:00"
"225418",20,"272.7","2021-05-11 15:45:00"
"225647",20,"260.6","2021-05-11 16:00:00"
"225837",20,"221.9","2021-05-11 16:15:00"
"227008",20,"120","2021-06-23 03:00:00"
"227251",20,"117","2021-06-23 03:15:00"
"227059",20,"108.1","2021-02-28 18:30:00"
"227298",20,"124.6","2021-02-28 18:45:00"
"226869",20,"125.4","2021-04-03 02:00:00"
"227090",20,"128.6","2021-04-03 02:15:00"
"227300",20,"132.6","2021-04-03 02:30:00"
"227135",20,"75.8","2021-05-11 17:45:00"
"227316",20,"74.8","2021-05-11 18:00:00"
"228374",20,"110.7","2021-06-23 04:30:00"
"228521",20,"112.4","2021-06-23 04:45:00"
"228605",20,"138.9","2021-04-03 04:45:00"
"228810",20,"168.7","2021-04-03 05:00:00"
"228894",20,"0","2021-04-03 05:15:00"
"228664",20,"106.9","2021-06-23 05:00:00"
"228722",20,"108.3","2021-06-23 05:15:00"
"228776",20,"110.8","2021-06-23 05:30:00"
"228826",20,"0","2021-05-11 19:00:00"
"228990",20,"0","2021-05-11 19:15:00"
"229172",20,"0","2021-05-11 19:30:00"
"230322",20,"235.9","2021-05-11 21:00:00"
"230489",20,"240.8","2021-05-11 21:15:00"
"230162",20,"144.9","2021-04-03 09:15:00"
"230285",20,"129.5","2021-04-03 09:30:00"
"230346",20,"117.1","2021-02-28 20:30:00"
"230424",20,"104.8","2021-02-28 20:45:00"
"230506",20,"95.3","2021-02-28 21:00:00"
"230585",20,"79.3","2021-02-28 21:15:00"
"230655",20,"76.7","2021-02-28 21:30:00"
"231778",20,"281.1","2021-05-11 23:30:00"
"233832",20,"278.6","2021-05-11 23:45:00"
"231830",20,"113.8","2021-06-23 05:45:00"
"231884",20,"109.5","2021-06-23 06:00:00"
"231938",20,"103.7","2021-06-23 06:15:00"
"231992",20,"108.8","2021-06-23 06:30:00"
"232046",20,"107.8","2021-06-23 06:45:00"
"232100",20,"109","2021-06-23 07:00:00"
"232154",20,"111.2","2021-06-23 07:15:00"
"232208",20,"105.7","2021-06-23 07:30:00"
"235802",20,"98.9","2021-06-23 10:15:00"
"235866",20,"97.1","2021-06-23 10:30:00"
"232816",20,"108.8","2021-04-03 09:45:00"
"232870",20,"97","2021-04-03 10:00:00"
"232924",20,"126.2","2021-04-03 10:15:00"
"232978",20,"116.4","2021-04-03 10:30:00"
"233032",20,"107.2","2021-04-03 10:45:00"
"233086",20,"79.7","2021-04-03 11:00:00"
"233140",20,"99.1","2021-04-03 11:15:00"
"233194",20,"74.3","2021-04-03 11:30:00"
"234466",20,"232.8","2021-05-12 01:30:00"
"234629",20,"240.3","2021-05-12 01:45:00"
"234352",20,"92.6","2021-03-01 01:30:00"
"234430",20,"105.5","2021-03-01 01:45:00"
"234512",20,"100.2","2021-03-01 02:00:00"
"234593",20,"0","2021-03-01 02:15:00"
"234675",20,"0","2021-03-01 02:30:00"
"234742",20,"0","2021-03-01 02:45:00"
"234816",20,"0","2021-03-01 03:00:00"
"234901",20,"97.6","2021-03-01 03:15:00"
"235372",20,"97.1","2021-03-01 04:45:00"
"235448",20,"98.5","2021-03-01 05:00:00"
"235525",20,"97.1","2021-03-01 05:15:00"
"235588",20,"167.4","2021-05-12 03:15:00"
"235642",20,"183.2","2021-05-12 03:30:00"
"235696",20,"255.1","2021-05-12 03:45:00"
"235750",20,"268","2021-05-12 04:00:00"
"238699",20,"261.5","2021-05-12 04:15:00"
"235974",20,"91.7","2021-06-23 10:45:00"
"236080",20,"90.8","2021-06-23 11:00:00"
"236186",20,"101.4","2021-06-23 11:15:00"
"237277",20,"123.9","2021-04-03 17:30:00"
"237377",20,"116.2","2021-04-03 17:45:00"
"237470",20,"113.1","2021-04-03 18:00:00"
"237374",20,"89.7","2021-06-23 14:00:00"
"237492",20,"90.2","2021-06-23 14:15:00"
"237585",20,"93.1","2021-06-23 14:30:00"
"237598",20,"126.7","2021-04-03 18:15:00"
"237698",20,"130","2021-04-03 18:30:00"
"237701",20,"97.2","2021-06-23 14:45:00"
"239837",20,"96.8","2021-06-23 15:00:00"
"238833",20,"274.5","2021-05-12 04:30:00"
"238912",20,"275.8","2021-05-12 04:45:00"
"238966",20,"274.8","2021-05-12 05:00:00"
"242798",20,"93.7","2021-03-01 10:00:00"
"242852",20,"83.6","2021-03-01 10:15:00"
"239020",20,"277.1","2021-05-12 05:15:00"
"239074",20,"0","2021-05-12 05:30:00"
"239128",20,"0","2021-05-12 05:45:00"
"239182",20,"0","2021-05-12 06:00:00"
"239236",20,"0","2021-05-12 06:15:00"
"239976",20,"95.1","2021-06-23 15:15:00"
"240058",20,"101.4","2021-06-23 15:30:00"
"240132",20,"93.2","2021-06-23 15:45:00"
"240130",20,"135.2","2021-04-03 19:30:00"
"240301",20,"147.4","2021-04-03 19:45:00"
"240213",20,"100.1","2021-06-23 16:00:00"
"240289",20,"96.5","2021-06-23 16:15:00"
"240369",20,"98.4","2021-06-23 16:30:00"
"240448",20,"98.3","2021-06-23 16:45:00"
"240522",20,"97.3","2021-06-23 17:00:00"
"241624",20,"144.3","2021-04-03 22:45:00"
"241678",20,"131.3","2021-04-03 23:00:00"
"241732",20,"132.8","2021-04-03 23:15:00"
"244786",20,"123.8","2021-04-03 23:30:00"
"244928",20,"108.9","2021-04-03 23:45:00"
"241830",20,"134.9","2021-05-12 09:00:00"
"241884",20,"141","2021-05-12 09:15:00"
"241938",20,"176.4","2021-05-12 09:30:00"
"241992",20,"191.1","2021-05-12 09:45:00"
"242046",20,"190.9","2021-05-12 10:00:00"
"243338",20,"87.1","2021-03-01 12:30:00"
"243392",20,"73","2021-03-01 12:45:00"
"243446",20,"45.2","2021-03-01 13:00:00"
"243500",20,"60.8","2021-03-01 13:15:00"
"243554",20,"20.7","2021-03-01 13:30:00"
"243608",20,"20.4","2021-03-01 13:45:00"
"243662",20,"24.7","2021-03-01 14:00:00"
"243716",20,"52.5","2021-03-01 14:15:00"
"243770",20,"42.2","2021-03-01 14:30:00"
"244892",20,"25.8","2021-03-01 14:45:00"
"244394",20,"99.6","2021-06-23 22:15:00"
"200026",20,"168.6","2021-06-21 22:15:00"
"200080",20,"155.7","2021-06-21 22:30:00"
"201412",20,"73.1","2021-05-10 12:15:00"
"201505",20,"75.4","2021-05-10 12:30:00"
"201614",20,"86.4","2021-05-10 12:45:00"
"201506",20,"0","2021-04-01 17:15:00"
"201613",20,"149.9","2021-04-01 17:30:00"
"201722",20,"97.1","2021-05-10 13:00:00"
"201825",20,"118.9","2021-05-10 13:15:00"
"201717",20,"118.7","2021-04-01 17:45:00"
"201834",20,"124.8","2021-04-01 18:00:00"
"201940",20,"123.9","2021-04-01 18:15:00"
"202476",20,"131.3","2021-05-10 14:45:00"
"202585",20,"224.2","2021-05-10 15:00:00"
"205632",20,"220.7","2021-05-10 15:15:00"
"202586",20,"133.5","2021-04-01 19:45:00"
"202662",20,"133.8","2021-04-01 20:00:00"
"202716",20,"137","2021-04-01 20:15:00"
"202770",20,"138.2","2021-04-01 20:30:00"
"204703",20,"128.2","2021-04-01 20:45:00"
"202862",20,"108.4","2021-02-27 12:00:00"
"202916",20,"101","2021-02-27 12:15:00"
"202970",20,"79.8","2021-02-27 12:30:00"
"203564",20,"136.5","2021-02-27 15:15:00"
"203618",20,"153.6","2021-02-27 15:30:00"
"203672",20,"112.3","2021-02-27 15:45:00"
"203726",20,"69.3","2021-02-27 16:00:00"
"203780",20,"184.7","2021-02-27 16:15:00"
"203836",20,"224.3","2021-06-22 02:00:00"
"203890",20,"0","2021-06-22 02:15:00"
"203944",20,"0","2021-06-22 02:30:00"
"203998",20,"0","2021-06-22 02:45:00"
"204052",20,"0","2021-06-22 03:00:00"
"204663",20,"0","2021-06-22 05:45:00"
"204819",20,"0","2021-06-22 06:00:00"
"204995",20,"0","2021-06-22 06:15:00"
"204787",20,"140.6","2021-04-01 21:00:00"
"204866",20,"139.8","2021-04-01 21:15:00"
"204940",20,"132.3","2021-04-01 21:30:00"
"205023",20,"130.2","2021-04-01 21:45:00"
"205094",20,"0","2021-04-01 22:00:00"
"208362",20,"0","2021-06-22 06:30:00"
"208466",20,"0","2021-06-22 06:45:00"
"205754",20,"195.6","2021-05-10 15:30:00"
"205857",20,"238.7","2021-05-10 15:45:00"
"205966",20,"242.1","2021-05-10 16:00:00"
"205904",20,"128.2","2021-04-02 01:00:00"
"207780",20,"134.5","2021-04-02 01:15:00"
"206028",20,"242.5","2021-05-10 16:15:00"
"206082",20,"211.8","2021-05-10 16:30:00"
"206136",20,"0","2021-05-10 16:45:00"
"206190",20,"0","2021-05-10 17:00:00"
"206244",20,"0","2021-05-10 17:15:00"
"206834",20,"129.8","2021-02-27 16:30:00"
"206888",20,"134.5","2021-02-27 16:45:00"
"206942",20,"149.7","2021-02-27 17:00:00"
"206996",20,"155.5","2021-02-27 17:15:00"
"207050",20,"331.5","2021-02-27 17:30:00"
"207104",20,"336.4","2021-02-27 17:45:00"
"207158",20,"36.1","2021-02-27 18:00:00"
"207212",20,"98.6","2021-02-27 18:15:00"
"207266",20,"82.7","2021-02-27 18:30:00"
"207320",20,"96.2","2021-02-27 18:45:00"
"207850",20,"140.2","2021-04-02 01:30:00"
"207904",20,"127.1","2021-04-02 01:45:00"
"207958",20,"114.2","2021-04-02 02:00:00"
"208012",20,"105.6","2021-04-02 02:15:00"
"208066",20,"102.1","2021-04-02 02:30:00"
"208120",20,"109.8","2021-04-02 02:45:00"
"208174",20,"113.9","2021-04-02 03:00:00"
"208228",20,"104.6","2021-04-02 03:15:00"
"208282",20,"102.3","2021-04-02 03:30:00"
"208365",20,"96.7","2021-04-02 03:45:00"
"209020",20,"195.5","2021-06-22 07:45:00"
"209166",20,"0","2021-06-22 08:00:00"
"209172",20,"257.5","2021-05-10 20:30:00"
"209326",20,"244.7","2021-05-10 20:45:00"
"209518",20,"0","2021-05-10 21:00:00"
"209193",20,"0","2021-04-02 05:15:00"
"209359",20,"0","2021-04-02 05:30:00"
"209512",20,"131.8","2021-04-02 05:45:00"
"209331",20,"0","2021-06-22 08:15:00"
"209477",20,"161.5","2021-06-22 08:30:00"
"209595",20,"129.1","2021-06-22 08:45:00"
"210648",20,"340.2","2021-05-10 23:45:00"
"210702",20,"266.3","2021-05-11 00:00:00"
"210756",20,"260.9","2021-05-11 00:15:00"
"212810",20,"275.4","2021-05-11 00:30:00"
"212864",20,"263","2021-05-11 00:45:00"
"210914",20,"124.6","2021-02-27 21:30:00"
"210968",20,"111.1","2021-02-27 21:45:00"
"211022",20,"102.9","2021-02-27 22:00:00"
"211076",20,"107.1","2021-02-27 22:15:00"
"211130",20,"104","2021-02-27 22:30:00"
"212250",20,"126.1","2021-04-02 08:30:00"
"212332",20,"129.7","2021-04-02 08:45:00"
"212410",20,"125.9","2021-04-02 09:00:00"
"212493",20,"126.9","2021-04-02 09:15:00"
"212571",20,"125.6","2021-04-02 09:30:00"
"212586",20,"94.1","2021-02-28 01:30:00"
"214832",20,"100.8","2021-02-28 01:45:00"
"212632",20,"116.8","2021-04-02 09:45:00"
"212686",20,"104.9","2021-04-02 10:00:00"
"212740",20,"85.6","2021-04-02 10:15:00"
"213959",20,"335.9","2021-06-22 14:00:00"
"214032",20,"158.5","2021-06-22 14:15:00"
"214114",20,"131.9","2021-06-22 14:30:00"
"214085",20,"0","2021-05-11 03:00:00"
"214254",20,"0","2021-05-11 03:15:00"
"214437",20,"0","2021-05-11 03:30:00"
"214195",20,"0","2021-06-22 14:45:00"
"214274",20,"207.9","2021-06-22 15:00:00"
"214347",20,"172.7","2021-06-22 15:15:00"
"214426",20,"191.7","2021-06-22 15:30:00"
"217806",20,"0","2021-06-22 15:45:00"
"215588",20,"114.5","2021-02-28 05:15:00"
"215642",20,"113.7","2021-02-28 05:30:00"
"215771",20,"112.9","2021-02-28 05:45:00"
"215923",20,"110.8","2021-02-28 06:00:00"
"219236",20,"112.6","2021-02-28 06:15:00"
"215837",20,"110.2","2021-04-02 11:00:00"
"215927",20,"101","2021-04-02 11:15:00"
"216010",20,"107.6","2021-04-02 11:30:00"
"216064",20,"122.1","2021-04-02 11:45:00"
"216118",20,"117.8","2021-04-02 12:00:00"
"216172",20,"105.1","2021-04-02 12:15:00"
"217322",20,"0","2021-05-11 07:30:00"
"217376",20,"0","2021-05-11 07:45:00"
"217430",20,"0","2021-05-11 08:00:00"
"217484",20,"0","2021-05-11 08:15:00"
"217538",20,"0","2021-05-11 08:30:00"
"217592",20,"0","2021-05-11 08:45:00"
"217646",20,"0","2021-05-11 09:00:00"
"217700",20,"150.4","2021-05-11 09:15:00"
"217754",20,"155.8","2021-05-11 09:30:00"
"220808",20,"156.6","2021-05-11 09:45:00"
"219036",20,"101.8","2021-04-02 16:15:00"
"219090",20,"127.7","2021-04-02 16:30:00"
"219144",20,"149.7","2021-04-02 16:45:00"
"219202",20,"238.9","2021-04-02 17:00:00"
"219324",20,"118.4","2021-04-02 17:15:00"
"219338",20,"114.6","2021-02-28 06:30:00"
"219427",20,"124.9","2021-02-28 06:45:00"
"219530",20,"128.9","2021-02-28 07:00:00"
"219450",20,"81.5","2021-04-02 17:30:00"
"219556",20,"75.7","2021-04-02 17:45:00"
"219664",20,"100.6","2021-04-02 18:00:00"
"220668",20,"96.9","2021-02-28 10:15:00"
"220722",20,"87.6","2021-02-28 10:30:00"
"220776",20,"81.1","2021-02-28 10:45:00"
"220862",20,"0","2021-05-11 10:00:00"
"220916",20,"0","2021-05-11 10:15:00"
"220970",20,"161.1","2021-05-11 10:30:00"
"221024",20,"63.8","2021-05-11 10:45:00"
"221078",20,"31.4","2021-05-11 11:00:00"
"221132",20,"49.7","2021-05-11 11:15:00"
"221186",20,"65.6","2021-05-11 11:30:00"
"221240",20,"17.9","2021-05-11 11:45:00"
"222393",20,"122.1","2021-06-22 23:00:00"
"222531",20,"125.5","2021-06-22 23:15:00"
"222640",20,"123.8","2021-06-22 23:30:00"
"222441",20,"75.9","2021-02-28 11:00:00"
"222528",20,"82.5","2021-02-28 11:15:00"
"222636",20,"84.9","2021-02-28 11:30:00"
"222745",20,"81.6","2021-02-28 11:45:00"
"222860",20,"85.7","2021-02-28 12:00:00"
"222795",20,"141.3","2021-06-22 23:45:00"
"222932",20,"117.2","2021-06-23 00:00:00"
"223851",20,"90.8","2021-04-02 21:15:00"
"223953",20,"97.6","2021-04-02 21:30:00"
"224049",20,"114.7","2021-04-02 21:45:00"
"224120",20,"88.5","2021-02-28 14:45:00"
"224156",20,"121.5","2021-04-02 22:00:00"
"224212",20,"94.4","2021-02-28 15:00:00"
"224275",20,"129.1","2021-04-02 22:15:00"
"224380",20,"153.7","2021-04-02 22:30:00"
"224440",20,"278.8","2021-04-02 22:45:00"
"224324",20,"92","2021-02-28 15:15:00"
"224877",20,"93.8","2021-02-28 15:30:00"
"225717",20,"115.2","2021-06-23 01:30:00"
"225931",20,"114.9","2021-06-23 01:45:00"
"226126",20,"117.5","2021-06-23 02:00:00"
"225751",20,"94.8","2021-02-28 17:00:00"
"225987",20,"93","2021-02-28 17:15:00"
"226214",20,"100.4","2021-02-28 17:30:00"
"225803",20,"126","2021-04-03 00:45:00"
"225997",20,"128.4","2021-04-03 01:00:00"
"226212",20,"129.5","2021-04-03 01:15:00"
"226072",20,"227.9","2021-05-11 16:30:00"
"226281",20,"0","2021-05-11 16:45:00"
"227470",20,"85.8","2021-05-11 18:15:00"
"227639",20,"80.7","2021-05-11 18:30:00"
"227792",20,"62.9","2021-05-11 18:45:00"
"227492",20,"122.2","2021-04-03 02:45:00"
"227688",20,"131","2021-04-03 03:00:00"
"227913",20,"132.3","2021-04-03 03:15:00"
"227521",20,"118","2021-06-23 03:30:00"
"227780",20,"115.5","2021-06-23 03:45:00"
"227988",20,"114.9","2021-06-23 04:00:00"
"227573",20,"109.8","2021-02-28 19:00:00"
"227843",20,"79.8","2021-02-28 19:15:00"
"228038",20,"85.3","2021-02-28 19:30:00"
"228973",20,"0","2021-04-03 05:30:00"
"229047",20,"0","2021-04-03 05:45:00"
"229126",20,"0","2021-04-03 06:00:00"
"229199",20,"0","2021-04-03 06:15:00"
"229267",20,"0","2021-04-03 06:30:00"
"229375",20,"272.6","2021-05-11 19:45:00"
"229549",20,"234.1","2021-05-11 20:00:00"
"229343",20,"0","2021-04-03 06:45:00"
"229426",20,"0","2021-04-03 07:00:00"
"230682",20,"244.5","2021-05-11 21:30:00"
"230845",20,"262.7","2021-05-11 21:45:00"
"231024",20,"277.1","2021-05-11 22:00:00"
"230734",20,"76.6","2021-02-28 21:45:00"
"230812",20,"80.4","2021-02-28 22:00:00"
"230894",20,"94.3","2021-02-28 22:15:00"
"230973",20,"88.5","2021-02-28 22:30:00"
"231049",20,"87.1","2021-02-28 22:45:00"
"231222",20,"273.6","2021-05-11 22:15:00"
"231404",20,"0","2021-05-11 22:30:00"
"232262",20,"105.8","2021-06-23 07:45:00"
"232316",20,"105.4","2021-06-23 08:00:00"
"232370",20,"97.8","2021-06-23 08:15:00"
"232424",20,"97","2021-06-23 08:30:00"
"232478",20,"95.8","2021-06-23 08:45:00"
"232532",20,"108.8","2021-06-23 09:00:00"
"232586",20,"110.2","2021-06-23 09:15:00"
"232640",20,"111.9","2021-06-23 09:30:00"
"232694",20,"109.2","2021-06-23 09:45:00"
"232748",20,"101.8","2021-06-23 10:00:00"
"235861",20,"195.7","2021-04-03 14:15:00"
"235971",20,"151.6","2021-04-03 14:30:00"
"236079",20,"229","2021-04-03 14:45:00"
"233886",20,"270","2021-05-12 00:00:00"
"233940",20,"256.5","2021-05-12 00:15:00"
"233994",20,"217.5","2021-05-12 00:30:00"
"234048",20,"208.6","2021-05-12 00:45:00"
"234116",20,"218.8","2021-05-12 01:00:00"
"234285",20,"219.4","2021-05-12 01:15:00"
"234205",20,"87.5","2021-03-01 01:00:00"
"234282",20,"84.9","2021-03-01 01:15:00"
"236189",20,"138.2","2021-04-03 15:00:00"
"236292",20,"202.8","2021-04-03 15:15:00"
"236299",20,"100.5","2021-06-23 11:30:00"
"236412",20,"94.8","2021-06-23 11:45:00"
"236507",20,"89.9","2021-06-23 12:00:00"
"236395",20,"180.4","2021-04-03 15:30:00"
"236516",20,"197.8","2021-04-03 15:45:00"
"236608",20,"212.8","2021-04-03 16:00:00"
"236631",20,"98.5","2021-06-23 12:15:00"
"236733",20,"98.9","2021-06-23 12:30:00"
"237760",20,"134.2","2021-04-03 18:45:00"
"239876",20,"131.4","2021-04-03 19:00:00"
"239963",20,"136","2021-04-03 19:15:00"
"237826",20,"84","2021-03-01 05:30:00"
"237880",20,"0","2021-03-01 05:45:00"
"237934",20,"0","2021-03-01 06:00:00"
"237988",20,"0","2021-03-01 06:15:00"
"238042",20,"33.2","2021-03-01 06:30:00"
"238096",20,"0","2021-03-01 06:45:00"
"238150",20,"0","2021-03-01 07:00:00"
"239290",20,"0","2021-05-12 06:30:00"
"239344",20,"0","2021-05-12 06:45:00"
"239398",20,"0","2021-05-12 07:00:00"
"239452",20,"0","2021-05-12 07:15:00"
"239506",20,"0","2021-05-12 07:30:00"
"239560",20,"0","2021-05-12 07:45:00"
"239614",20,"0","2021-05-12 08:00:00"
"239668",20,"0","2021-05-12 08:15:00"
"239722",20,"165.1","2021-05-12 08:30:00"
"239776",20,"149.7","2021-05-12 08:45:00"
"240982",20,"95.6","2021-06-23 18:30:00"
"241058",20,"96.1","2021-06-23 18:45:00"
"241135",20,"97.2","2021-06-23 19:00:00"
"241219",20,"98.3","2021-06-23 19:15:00"
"243800",20,"99.5","2021-06-23 19:30:00"
"241300",20,"153.2","2021-04-03 21:15:00"
"241354",20,"150.4","2021-04-03 21:30:00"
"241408",20,"148.8","2021-04-03 21:45:00"
"241462",20,"147.8","2021-04-03 22:00:00"
"241516",20,"140.7","2021-04-03 22:15:00"
"241570",20,"140.6","2021-04-03 22:30:00"
"242694",20,"205","2021-05-12 13:00:00"
"242748",20,"217.8","2021-05-12 13:15:00"
"242906",20,"94.4","2021-03-01 10:30:00"
"242960",20,"91.1","2021-03-01 10:45:00"
"243014",20,"110.2","2021-03-01 11:00:00"
"243068",20,"83.2","2021-03-01 11:15:00"
"243122",20,"76.6","2021-03-01 11:30:00"
"243176",20,"97.3","2021-03-01 11:45:00"
"243230",20,"77.6","2021-03-01 12:00:00"
"243284",20,"91.3","2021-03-01 12:15:00"
"202479",20,"144.1","2021-04-01 19:30:00"
"203024",20,"82.6","2021-02-27 12:45:00"
"203078",20,"81.5","2021-02-27 13:00:00"
"203132",20,"104.1","2021-02-27 13:15:00"
"203186",20,"113.1","2021-02-27 13:30:00"
"203240",20,"81.9","2021-02-27 13:45:00"
"203294",20,"57.3","2021-02-27 14:00:00"
"203348",20,"114.3","2021-02-27 14:15:00"
"203402",20,"119","2021-02-27 14:30:00"
"203456",20,"117.9","2021-02-27 14:45:00"
"203510",20,"137.9","2021-02-27 15:00:00"
"204106",20,"0","2021-06-22 03:15:00"
"204160",20,"0","2021-06-22 03:30:00"
"204214",20,"0","2021-06-22 03:45:00"
"204268",20,"0","2021-06-22 04:00:00"
"204322",20,"0","2021-06-22 04:15:00"
"204376",20,"0","2021-06-22 04:30:00"
"204430",20,"0","2021-06-22 04:45:00"
"204484",20,"270.8","2021-06-22 05:00:00"
"204538",20,"206","2021-06-22 05:15:00"
"204592",20,"0","2021-06-22 05:30:00"
"205148",20,"115.5","2021-04-01 22:15:00"
"205202",20,"133.6","2021-04-01 22:30:00"
"205256",20,"0","2021-04-01 22:45:00"
"205310",20,"0","2021-04-01 23:00:00"
"205364",20,"0","2021-04-01 23:15:00"
"205418",20,"158.2","2021-04-01 23:30:00"
"205472",20,"128.3","2021-04-01 23:45:00"
"205526",20,"150.4","2021-04-02 00:00:00"
"205581",20,"142.1","2021-04-02 00:15:00"
"205694",20,"127.7","2021-04-02 00:30:00"
"205793",20,"125.9","2021-04-02 00:45:00"
"206298",20,"0","2021-05-10 17:30:00"
"206352",20,"0","2021-05-10 17:45:00"
"206406",20,"0","2021-05-10 18:00:00"
"206460",20,"0","2021-05-10 18:15:00"
"206514",20,"0","2021-05-10 18:30:00"
"206568",20,"265.1","2021-05-10 18:45:00"
"206622",20,"0","2021-05-10 19:00:00"
"206676",20,"62.4","2021-05-10 19:15:00"
"206730",20,"128.8","2021-05-10 19:30:00"
"208544",20,"162.6","2021-05-10 19:45:00"
"207374",20,"126.2","2021-02-27 19:00:00"
"207428",20,"140.3","2021-02-27 19:15:00"
"207482",20,"142.3","2021-02-27 19:30:00"
"207536",20,"139.7","2021-02-27 19:45:00"
"207590",20,"132.1","2021-02-27 20:00:00"
"207644",20,"129.9","2021-02-27 20:15:00"
"207698",20,"127.7","2021-02-27 20:30:00"
"207756",20,"119.5","2021-02-27 20:45:00"
"210806",20,"116.8","2021-02-27 21:00:00"
"210860",20,"123.6","2021-02-27 21:15:00"
"208481",20,"103.3","2021-04-02 04:00:00"
"208609",20,"108.5","2021-04-02 04:15:00"
"208739",20,"95.7","2021-04-02 04:30:00"
"208589",20,"0","2021-06-22 07:00:00"
"208729",20,"0","2021-06-22 07:15:00"
"208873",20,"0","2021-06-22 07:30:00"
"208779",20,"0","2021-05-10 20:00:00"
"208976",20,"262.4","2021-05-10 20:15:00"
"208891",20,"97.6","2021-04-02 04:45:00"
"209038",20,"115","2021-04-02 05:00:00"
"209648",20,"0","2021-05-10 21:15:00"
"209744",20,"0","2021-05-10 21:30:00"
"209820",20,"0","2021-05-10 21:45:00"
"209707",20,"159","2021-06-22 09:00:00"
"209870",20,"156.1","2021-06-22 09:15:00"
"210035",20,"142.6","2021-06-22 09:30:00"
"209901",20,"0","2021-05-10 22:00:00"
"209969",20,"0","2021-05-10 22:15:00"
"210057",20,"0","2021-05-10 22:30:00"
"210141",20,"0","2021-05-10 22:45:00"
"210273",20,"0","2021-05-10 23:00:00"
"211184",20,"105.7","2021-02-27 22:45:00"
"211238",20,"106.9","2021-02-27 23:00:00"
"211292",20,"106.9","2021-02-27 23:15:00"
"211346",20,"109.9","2021-02-27 23:30:00"
"211468",20,"109.1","2021-02-27 23:45:00"
"211623",20,"105.6","2021-02-28 00:00:00"
"211427",20,"128.6","2021-04-02 06:00:00"
"211508",20,"124.6","2021-04-02 06:15:00"
"211589",20,"119","2021-04-02 06:30:00"
"211678",20,"117.1","2021-04-02 06:45:00"
"211759",20,"125.4","2021-04-02 07:00:00"
"215679",20,"101.5","2021-04-02 10:30:00"
"215759",20,"104.3","2021-04-02 10:45:00"
"212918",20,"234.1","2021-05-11 01:00:00"
"212972",20,"0","2021-05-11 01:15:00"
"213047",20,"0","2021-05-11 01:30:00"
"213233",20,"0","2021-05-11 01:45:00"
"213377",20,"0","2021-05-11 02:00:00"
"213168",20,"120.1","2021-06-22 11:30:00"
"213245",20,"92.4","2021-06-22 11:45:00"
"213330",20,"119.1","2021-06-22 12:00:00"
"214512",20,"0","2021-05-11 03:45:00"
"214566",20,"0","2021-05-11 04:00:00"
"214620",20,"0","2021-05-11 04:15:00"
"214674",20,"0","2021-05-11 04:30:00"
"214728",20,"273.6","2021-05-11 04:45:00"
"216782",20,"297.9","2021-05-11 05:00:00"
"216836",20,"0","2021-05-11 05:15:00"
"214886",20,"112.5","2021-02-28 02:00:00"
"214940",20,"113.6","2021-02-28 02:15:00"
"214994",20,"108.2","2021-02-28 02:30:00"
"216226",20,"90.8","2021-04-02 12:30:00"
"216280",20,"77.1","2021-04-02 12:45:00"
"216334",20,"54.1","2021-04-02 13:00:00"
"216388",20,"117.8","2021-04-02 13:15:00"
"216442",20,"78.7","2021-04-02 13:30:00"
"216496",20,"52.3","2021-04-02 13:45:00"
"216550",20,"123.7","2021-04-02 14:00:00"
"216604",20,"94.6","2021-04-02 14:15:00"
"216658",20,"180.9","2021-04-02 14:30:00"
"216712",20,"216.1","2021-04-02 14:45:00"
"217860",20,"167.9","2021-06-22 16:00:00"
"217914",20,"146.4","2021-06-22 16:15:00"
"217968",20,"118","2021-06-22 16:30:00"
"218022",20,"91.4","2021-06-22 16:45:00"
"218076",20,"123.8","2021-06-22 17:00:00"
"218130",20,"91.5","2021-06-22 17:15:00"
"218184",20,"78.2","2021-06-22 17:30:00"
"218238",20,"70.3","2021-06-22 17:45:00"
"218292",20,"79.6","2021-06-22 18:00:00"
"218346",20,"67.8","2021-06-22 18:15:00"
"219646",20,"125","2021-02-28 07:15:00"
"219736",20,"109.3","2021-02-28 07:30:00"
"219796",20,"98.3","2021-04-02 18:15:00"
"219926",20,"122.6","2021-04-02 18:30:00"
"219835",20,"110.5","2021-02-28 07:45:00"
"219922",20,"108.6","2021-02-28 08:00:00"
"220019",20,"113.8","2021-02-28 08:15:00"
"220045",20,"128.4","2021-04-02 18:45:00"
"220126",20,"131.3","2021-04-02 19:00:00"
"220238",20,"134.8","2021-04-02 19:15:00"
"221294",20,"47.3","2021-05-11 12:00:00"
"221348",20,"52.7","2021-05-11 12:15:00"
"221402",20,"47.5","2021-05-11 12:30:00"
"221456",20,"36","2021-05-11 12:45:00"
"221510",20,"26.1","2021-05-11 13:00:00"
"221564",20,"99.7","2021-05-11 13:15:00"
"221618",20,"338.4","2021-05-11 13:30:00"
"221719",20,"92.6","2021-06-22 20:30:00"
"221796",20,"75.5","2021-06-22 20:45:00"
"221878",20,"64.9","2021-06-22 21:00:00"
"225333",20,"117.6","2021-06-23 01:00:00"
"225501",20,"115","2021-06-23 01:15:00"
"223584",20,"121.7","2021-04-02 20:45:00"
"223719",20,"106.8","2021-04-02 21:00:00"
"223609",20,"79.2","2021-02-28 13:30:00"
"223695",20,"10.1","2021-02-28 13:45:00"
"223793",20,"318.1","2021-02-28 14:00:00"
"223880",20,"245.6","2021-02-28 14:15:00"
"223998",20,"0","2021-02-28 14:30:00"
"224494",20,"270.2","2021-04-02 23:00:00"
"224548",20,"257.3","2021-04-02 23:15:00"
"224602",20,"257.7","2021-04-02 23:30:00"
"224656",20,"244.3","2021-04-02 23:45:00"
"224710",20,"147.9","2021-04-03 00:00:00"
"224764",20,"138.6","2021-04-03 00:15:00"
"225567",20,"125.8","2021-04-03 00:30:00"
"224834",20,"247","2021-05-11 14:30:00"
"224943",20,"334.7","2021-05-11 14:45:00"
"225037",20,"354.8","2021-05-11 15:00:00"
"226354",20,"117","2021-06-23 02:15:00"
"226576",20,"114.8","2021-06-23 02:30:00"
"226793",20,"118.9","2021-06-23 02:45:00"
"226425",20,"130.8","2021-04-03 01:30:00"
"226616",20,"125.7","2021-04-03 01:45:00"
"226435",20,"90.3","2021-02-28 17:45:00"
"226642",20,"90.7","2021-02-28 18:00:00"
"226832",20,"93.9","2021-02-28 18:15:00"
"226513",20,"0","2021-05-11 17:00:00"
"226736",20,"0","2021-05-11 17:15:00"
"226924",20,"77.8","2021-05-11 17:30:00"
"228188",20,"112.7","2021-06-23 04:15:00"
"228032",20,"147.8","2021-04-03 03:30:00"
"228133",20,"171.1","2021-04-03 03:45:00"
"228259",20,"96","2021-02-28 19:45:00"
"228424",20,"108.4","2021-02-28 20:00:00"
"230211",20,"109.3","2021-02-28 20:15:00"
"228274",20,"0","2021-04-03 04:00:00"
"228404",20,"146.5","2021-04-03 04:15:00"
"228511",20,"141.3","2021-04-03 04:30:00"
"229505",20,"0","2021-04-03 07:15:00"
"229582",20,"0","2021-04-03 07:30:00"
"229658",20,"0","2021-04-03 07:45:00"
"229732",20,"226.6","2021-05-11 20:15:00"
"229862",20,"235.5","2021-05-11 20:30:00"
"230032",20,"243.2","2021-05-11 20:45:00"
"229734",20,"0","2021-04-03 08:00:00"
"229834",20,"0","2021-04-03 08:15:00"
"229913",20,"199.7","2021-04-03 08:30:00"
"229991",20,"169.2","2021-04-03 08:45:00"
"230068",20,"150.8","2021-04-03 09:00:00"
"231116",20,"94.3","2021-02-28 23:00:00"
"231192",20,"85.8","2021-02-28 23:15:00"
"231272",20,"87.2","2021-02-28 23:30:00"
"231348",20,"77.6","2021-02-28 23:45:00"
"231426",20,"80.7","2021-03-01 00:00:00"
"231506",20,"78.9","2021-03-01 00:15:00"
"231579",20,"82.6","2021-03-01 00:30:00"
"234123",20,"86.4","2021-03-01 00:45:00"
"231589",20,"0","2021-05-11 22:45:00"
"231670",20,"267.9","2021-05-11 23:00:00"
"231724",20,"276.7","2021-05-11 23:15:00"
"233248",20,"144.2","2021-04-03 11:45:00"
"233302",20,"136.4","2021-04-03 12:00:00"
"233356",20,"122.3","2021-04-03 12:15:00"
"233410",20,"78.4","2021-04-03 12:30:00"
"233464",20,"106.5","2021-04-03 12:45:00"
"233518",20,"151.5","2021-04-03 13:00:00"
"233572",20,"173.2","2021-04-03 13:15:00"
"233626",20,"198.4","2021-04-03 13:30:00"
"233680",20,"205.5","2021-04-03 13:45:00"
"233734",20,"77.9","2021-04-03 14:00:00"
"234842",20,"212.8","2021-05-12 02:00:00"
"234997",20,"204.1","2021-05-12 02:15:00"
"235175",20,"0","2021-05-12 02:30:00"
"234981",20,"94","2021-03-01 03:30:00"
"235057",20,"99.8","2021-03-01 03:45:00"
"235133",20,"103.7","2021-03-01 04:00:00"
"235213",20,"98.1","2021-03-01 04:15:00"
"235292",20,"93.2","2021-03-01 04:30:00"
"235350",20,"0","2021-05-12 02:45:00"
"235526",20,"0","2021-05-12 03:00:00"
"236722",20,"154.3","2021-04-03 16:15:00"
"236826",20,"151.9","2021-04-03 16:30:00"
"236923",20,"147.4","2021-04-03 16:45:00"
"236845",20,"97","2021-06-23 12:45:00"
"236960",20,"99.9","2021-06-23 13:00:00"
"237053",20,"99.9","2021-06-23 13:15:00"
"237050",20,"157.9","2021-04-03 17:00:00"
"237163",20,"145.1","2021-04-03 17:15:00"
"237156",20,"102.5","2021-06-23 13:30:00"
"237259",20,"95.8","2021-06-23 13:45:00"
"238204",20,"72.5","2021-03-01 07:15:00"
"238258",20,"74.4","2021-03-01 07:30:00"
"238312",20,"72.5","2021-03-01 07:45:00"
"238366",20,"74.5","2021-03-01 08:00:00"
"238420",20,"78.1","2021-03-01 08:15:00"
"238474",20,"80.6","2021-03-01 08:30:00"
"238528",20,"88.6","2021-03-01 08:45:00"
"238582",20,"97.2","2021-03-01 09:00:00"
"238636",20,"100","2021-03-01 09:15:00"
"238727",20,"99.3","2021-03-01 09:30:00"
"238812",20,"91.1","2021-03-01 09:45:00"
"240472",20,"148.2","2021-04-03 20:00:00"
"240666",20,"141.7","2021-04-03 20:15:00"
"240831",20,"143.8","2021-04-03 20:30:00"
"240596",20,"96","2021-06-23 17:15:00"
"240674",20,"93.9","2021-06-23 17:30:00"
"240750",20,"97.1","2021-06-23 17:45:00"
"240835",20,"94.7","2021-06-23 18:00:00"
"240907",20,"96.7","2021-06-23 18:15:00"
"241030",20,"152.7","2021-04-03 20:45:00"
"241190",20,"159.7","2021-04-03 21:00:00"
"242100",20,"167.5","2021-05-12 10:15:00"
"242154",20,"201.5","2021-05-12 10:30:00"
"242208",20,"214.4","2021-05-12 10:45:00"
"242262",20,"215.9","2021-05-12 11:00:00"
"242316",20,"224.9","2021-05-12 11:15:00"
"242370",20,"199.5","2021-05-12 11:30:00"
"242424",20,"170.3","2021-05-12 11:45:00"
"242478",20,"191.3","2021-05-12 12:00:00"
"242532",20,"171.5","2021-05-12 12:15:00"
"242586",20,"0","2021-05-12 12:30:00"
"242640",20,"215.3","2021-05-12 12:45:00"
"243854",20,"100.9","2021-06-23 19:45:00"
"243908",20,"98.3","2021-06-23 20:00:00"
"243962",20,"98.8","2021-06-23 20:15:00"
"244016",20,"100.6","2021-06-23 20:30:00"
"244070",20,"109.2","2021-06-23 20:45:00"
"244124",20,"103.6","2021-06-23 21:00:00"
"244178",20,"107.6","2021-06-23 21:15:00"
"244232",20,"106.4","2021-06-23 21:30:00"
"244286",20,"101.3","2021-06-23 21:45:00"
"244340",20,"98.5","2021-06-23 22:00:00"
"245444",20,"89","2021-04-04 00:30:00"
"245589",20,"91.1","2021-04-04 00:45:00"
"245764",20,"98.6","2021-04-04 01:00:00"
"245670",20,"230.5","2021-05-12 14:45:00"
"245873",20,"228.5","2021-05-12 15:00:00"
"246077",20,"227.9","2021-05-12 15:15:00"
"245828",20,"99.1","2021-06-24 00:15:00"
"246030",20,"100.2","2021-06-24 00:30:00"
"246238",20,"98.8","2021-06-24 00:45:00"
"245992",20,"104.1","2021-04-04 01:15:00"
"246208",20,"106.6","2021-04-04 01:30:00"
"246666",20,"98.4","2021-03-01 17:00:00"
"246820",20,"92.4","2021-03-01 17:15:00"
"246749",20,"235.9","2021-05-12 16:00:00"
"246964",20,"241.6","2021-05-12 16:15:00"
"247200",20,"237.4","2021-05-12 16:30:00"
"244448",20,"104.7","2021-06-23 22:30:00"
"244502",20,"105.9","2021-06-23 22:45:00"
"244556",20,"105.4","2021-06-23 23:00:00"
"244610",20,"103.1","2021-06-23 23:15:00"
"244664",20,"99.7","2021-06-23 23:30:00"
"244718",20,"102.4","2021-06-23 23:45:00"
"244772",20,"100.6","2021-06-24 00:00:00"
"244896",20,"241.8","2021-05-12 13:30:00"
"245061",20,"246.3","2021-05-12 13:45:00"
"245226",20,"231.9","2021-05-12 14:00:00"
"257794",20,"0","2021-03-02 04:30:00"
"257848",20,"0","2021-03-02 04:45:00"
"254878",20,"146.4","2021-06-24 09:45:00"
"254932",20,"95.5","2021-06-24 10:00:00"
"254986",20,"86.6","2021-06-24 10:15:00"
"255040",20,"83.1","2021-06-24 10:30:00"
"255102",20,"93.9","2021-06-24 10:45:00"
"255206",20,"53.2","2021-06-24 11:00:00"
"255321",20,"54.8","2021-06-24 11:15:00"
"255444",20,"54.5","2021-06-24 11:30:00"
"256486",20,"99.2","2021-04-04 12:00:00"
"256540",20,"91.8","2021-04-04 12:15:00"
"256594",20,"104.5","2021-04-04 12:30:00"
"256648",20,"91","2021-04-04 12:45:00"
"256702",20,"93.1","2021-04-04 13:00:00"
"256756",20,"94.4","2021-04-04 13:15:00"
"259622",20,"100.6","2021-04-04 13:30:00"
"259719",20,"112.1","2021-04-04 13:45:00"
"256826",20,"144.2","2021-05-13 03:30:00"
"256880",20,"144","2021-05-13 03:45:00"
"256934",20,"147.3","2021-05-13 04:00:00"
"257528",20,"93.1","2021-05-13 06:45:00"
"257582",20,"98.1","2021-05-13 07:00:00"
"257636",20,"95.5","2021-05-13 07:15:00"
"257690",20,"95.2","2021-05-13 07:30:00"
"257744",20,"91.9","2021-05-13 07:45:00"
"257902",20,"0","2021-03-02 05:00:00"
"257956",20,"313.6","2021-03-02 05:15:00"
"258010",20,"319","2021-03-02 05:30:00"
"258064",20,"341.7","2021-03-02 05:45:00"
"258118",20,"348.7","2021-03-02 06:00:00"
"259890",20,"0","2021-06-24 18:15:00"
"259995",20,"0","2021-06-24 18:30:00"
"260026",20,"117","2021-04-04 14:30:00"
"260080",20,"116.5","2021-04-04 14:45:00"
"260134",20,"134.9","2021-04-04 15:00:00"
"260188",20,"113.6","2021-04-04 15:15:00"
"260242",20,"109.2","2021-04-04 15:30:00"
"260296",20,"134.9","2021-04-04 15:45:00"
"260350",20,"115.3","2021-04-04 16:00:00"
"260404",20,"118.4","2021-04-04 16:15:00"
"261500",20,"104.1","2021-05-13 11:15:00"
"261554",20,"100.4","2021-05-13 11:30:00"
"261608",20,"91.2","2021-05-13 11:45:00"
"261662",20,"94.1","2021-05-13 12:00:00"
"261716",20,"93","2021-05-13 12:15:00"
"261770",20,"90.3","2021-05-13 12:30:00"
"264249",20,"79.5","2021-05-13 12:45:00"
"264326",20,"93.6","2021-05-13 13:00:00"
"261874",20,"70.8","2021-03-02 09:30:00"
"261928",20,"68.4","2021-03-02 09:45:00"
"261982",20,"87.5","2021-03-02 10:00:00"
"263092",20,"0","2021-06-24 20:00:00"
"263146",20,"0","2021-06-24 20:15:00"
"263200",20,"0","2021-06-24 20:30:00"
"263254",20,"0","2021-06-24 20:45:00"
"263308",20,"0","2021-06-24 21:00:00"
"263362",20,"0","2021-06-24 21:15:00"
"263416",20,"0","2021-06-24 21:30:00"
"263498",20,"0","2021-06-24 21:45:00"
"263607",20,"281","2021-06-24 22:00:00"
"263711",20,"279.2","2021-06-24 22:15:00"
"263788",20,"268.9","2021-06-24 22:30:00"
"264793",20,"93.7","2021-05-13 14:30:00"
"264890",20,"94.1","2021-05-13 14:45:00"
"264923",20,"94.2","2021-04-04 21:00:00"
"265026",20,"95.9","2021-04-04 21:15:00"
"265132",20,"93.3","2021-04-04 21:30:00"
"265000",20,"106.2","2021-05-13 15:00:00"
"265110",20,"97.6","2021-05-13 15:15:00"
"265213",20,"99.9","2021-05-13 15:30:00"
"265246",20,"87.2","2021-04-04 21:45:00"
"265349",20,"86.1","2021-04-04 22:00:00"
"266386",20,"279.3","2021-03-02 16:30:00"
"266476",20,"281.7","2021-03-02 16:45:00"
"266635",20,"12.5","2021-03-02 17:00:00"
"266686",20,"269.6","2021-06-25 00:00:00"
"266762",20,"291.8","2021-06-25 00:15:00"
"266819",20,"47.6","2021-03-02 17:15:00"
"267011",20,"51.8","2021-03-02 17:30:00"
"266839",20,"252.5","2021-06-25 00:30:00"
"266909",20,"276.3","2021-06-25 00:45:00"
"266984",20,"273.5","2021-06-25 01:00:00"
"267603",20,"66.6","2021-06-25 03:00:00"
"267658",20,"0","2021-06-25 03:15:00"
"267712",20,"0","2021-06-25 03:30:00"
"267766",20,"0","2021-06-25 03:45:00"
"269820",20,"0","2021-06-25 04:00:00"
"269874",20,"0","2021-06-25 04:15:00"
"267904",20,"94.7","2021-05-13 17:45:00"
"267958",20,"91.3","2021-05-13 18:00:00"
"268012",20,"90.3","2021-05-13 18:15:00"
"268066",20,"90.7","2021-05-13 18:30:00"
"268120",20,"91.9","2021-05-13 18:45:00"
"268714",20,"102.2","2021-05-13 21:30:00"
"268768",20,"103.6","2021-05-13 21:45:00"
"268862",20,"96.3","2021-04-04 23:00:00"
"268916",20,"100.7","2021-04-04 23:15:00"
"268970",20,"102.1","2021-04-04 23:30:00"
"269024",20,"101.2","2021-04-04 23:45:00"
"269078",20,"107.4","2021-04-05 00:00:00"
"269132",20,"106.8","2021-04-05 00:15:00"
"269186",20,"102.3","2021-04-05 00:30:00"
"270468",20,"0","2021-06-25 07:00:00"
"270522",20,"0","2021-06-25 07:15:00"
"270576",20,"0","2021-06-25 07:30:00"
"270630",20,"0","2021-06-25 07:45:00"
"270684",20,"0","2021-06-25 08:00:00"
"270738",20,"0","2021-06-25 08:15:00"
"273152",20,"0","2021-06-25 08:30:00"
"270831",20,"31.5","2021-03-02 18:30:00"
"270933",20,"42.3","2021-03-02 18:45:00"
"271034",20,"52.7","2021-03-02 19:00:00"
"272121",20,"127.1","2021-05-14 00:45:00"
"272231",20,"124.6","2021-05-14 01:00:00"
"272193",20,"135.8","2021-03-02 21:45:00"
"272297",20,"0","2021-03-02 22:00:00"
"272346",20,"127.1","2021-05-14 01:15:00"
"272469",20,"135.4","2021-05-14 01:30:00"
"272575",20,"144.1","2021-05-14 01:45:00"
"272391",20,"0","2021-03-02 22:15:00"
"272490",20,"11.2","2021-03-02 22:30:00"
"272599",20,"351","2021-03-02 22:45:00"
"273619",20,"157.9","2021-05-14 03:15:00"
"273771",20,"166.9","2021-05-14 03:30:00"
"273837",20,"0","2021-04-05 06:00:00"
"274003",20,"0","2021-04-05 06:15:00"
"273882",20,"118.5","2021-06-25 09:30:00"
"274021",20,"120.4","2021-06-25 09:45:00"
"274184",20,"65.2","2021-06-25 10:00:00"
"273936",20,"153.7","2021-05-14 03:45:00"
"274100",20,"156.1","2021-05-14 04:00:00"
"274250",20,"157.2","2021-05-14 04:15:00"
"275268",20,"0","2021-05-14 05:45:00"
"275429",20,"268.9","2021-05-14 06:00:00"
"275582",20,"257.2","2021-05-14 06:15:00"
"275301",20,"230","2021-03-02 23:30:00"
"275463",20,"0","2021-03-02 23:45:00"
"275612",20,"0","2021-03-03 00:00:00"
"275598",20,"33.9","2021-06-25 12:00:00"
"275741",20,"45.2","2021-06-25 12:15:00"
"275911",20,"76.7","2021-06-25 12:30:00"
"275760",20,"0","2021-05-14 06:30:00"
"275916",20,"0","2021-05-14 06:45:00"
"276330",20,"99.8","2021-03-03 01:30:00"
"276384",20,"118.8","2021-03-03 01:45:00"
"276438",20,"118.6","2021-03-03 02:00:00"
"276492",20,"98.8","2021-03-03 02:15:00"
"276546",20,"121.1","2021-03-03 02:30:00"
"276600",20,"134","2021-03-03 02:45:00"
"276654",20,"216.9","2021-03-03 03:00:00"
"276708",20,"0","2021-03-03 03:15:00"
"276762",20,"0","2021-03-03 03:30:00"
"279612",20,"114.4","2021-03-03 03:45:00"
"278071",20,"71.3","2021-06-25 15:15:00"
"278228",20,"70","2021-06-25 15:30:00"
"278383",20,"60","2021-06-25 15:45:00"
"278251",20,"150.3","2021-04-05 08:30:00"
"278415",20,"129.2","2021-04-05 08:45:00"
"278595",20,"118.5","2021-04-05 09:00:00"
"278384",20,"81.2","2021-05-14 11:00:00"
"278527",20,"92.2","2021-05-14 11:15:00"
"278542",20,"73","2021-06-25 16:00:00"
"278703",20,"69.8","2021-06-25 16:15:00"
"279676",20,"95.8","2021-04-05 11:45:00"
"279779",20,"99.5","2021-04-05 12:00:00"
"279739",20,"126.6","2021-03-03 04:00:00"
"279845",20,"0","2021-03-03 04:15:00"
"279948",20,"0","2021-03-03 04:30:00"
"279896",20,"93.7","2021-04-05 12:15:00"
"280000",20,"90.8","2021-04-05 12:30:00"
"281899",20,"99","2021-04-05 12:45:00"
"280032",20,"0","2021-03-03 04:45:00"
"280086",20,"275.7","2021-03-03 05:00:00"
"281340",20,"0","2021-06-25 19:00:00"
"281459",20,"0","2021-06-25 19:15:00"
"281557",20,"0","2021-06-25 19:30:00"
"281558",20,"115.2","2021-05-14 13:30:00"
"281659",20,"100","2021-05-14 13:45:00"
"281672",20,"0","2021-06-25 19:45:00"
"281792",20,"0","2021-06-25 20:00:00"
"281794",20,"122","2021-05-14 14:00:00"
"281949",20,"126.2","2021-05-14 14:15:00"
"282092",20,"135.7","2021-05-14 14:30:00"
"282537",20,"77","2021-04-05 13:45:00"
"282695",20,"88.5","2021-04-05 14:00:00"
"282647",20,"157.3","2021-06-25 21:15:00"
"282808",20,"200.4","2021-06-25 21:30:00"
"282918",20,"0","2021-05-14 15:45:00"
"283117",20,"185.8","2021-05-14 16:00:00"
"283335",20,"168.8","2021-05-14 16:15:00"
"282931",20,"103.1","2021-04-05 14:15:00"
"283144",20,"100.2","2021-04-05 14:30:00"
"283357",20,"101.5","2021-04-05 14:45:00"
"284544",20,"30.9","2021-03-03 11:45:00"
"284598",20,"20.6","2021-03-03 12:00:00"
"284652",20,"15.5","2021-03-03 12:15:00"
"284706",20,"45.3","2021-03-03 12:30:00"
"284760",20,"31.2","2021-03-03 12:45:00"
"284957",20,"165.2","2021-05-14 17:00:00"
"285057",20,"149.6","2021-05-14 17:15:00"
"285174",20,"155.7","2021-05-14 17:30:00"
"285179",20,"155.3","2021-06-25 23:00:00"
"285261",20,"0","2021-06-25 23:15:00"
"285370",20,"259.1","2021-06-25 23:30:00"
"286354",20,"146.4","2021-05-14 20:15:00"
"286450",20,"133.9","2021-05-14 20:30:00"
"286558",20,"151.6","2021-05-14 20:45:00"
"286605",20,"274.5","2021-06-26 02:15:00"
"286735",20,"0","2021-06-26 02:30:00"
"286831",20,"0","2021-06-26 02:45:00"
"288790",20,"125.1","2021-05-14 21:00:00"
"288844",20,"0","2021-05-14 21:15:00"
"286780",20,"135.4","2021-04-05 17:30:00"
"286898",20,"136.4","2021-04-05 17:45:00"
"286966",20,"123.3","2021-04-05 18:00:00"
"287897",20,"21.5","2021-03-03 15:00:00"
"287996",20,"6","2021-03-03 15:15:00"
"288097",20,"7.6","2021-03-03 15:30:00"
"288186",20,"35.7","2021-03-03 15:45:00"
"288284",20,"45.7","2021-03-03 16:00:00"
"288190",20,"115.4","2021-04-05 20:45:00"
"288309",20,"106.3","2021-04-05 21:00:00"
"288385",20,"46.1","2021-03-03 16:15:00"
"288465",20,"30.1","2021-03-03 16:30:00"
"289060",20,"281.9","2021-05-14 22:15:00"
"245128",20,"95.4","2021-04-04 00:00:00"
"245293",20,"81.6","2021-04-04 00:15:00"
"245025",20,"20.4","2021-03-01 15:00:00"
"245165",20,"17.1","2021-03-01 15:15:00"
"245334",20,"23.3","2021-03-01 15:30:00"
"245368",20,"237.2","2021-05-12 14:15:00"
"245511",20,"237.8","2021-05-12 14:30:00"
"245582",20,"39.9","2021-03-01 15:45:00"
"245787",20,"42.1","2021-03-01 16:00:00"
"246020",20,"44.7","2021-03-01 16:15:00"
"246232",20,"65.7","2021-03-01 16:30:00"
"246421",20,"103","2021-03-01 16:45:00"
"246299",20,"236.3","2021-05-12 15:30:00"
"246512",20,"223.8","2021-05-12 15:45:00"
"246440",20,"104.2","2021-06-24 01:00:00"
"246633",20,"110.8","2021-06-24 01:15:00"
"246475",20,"110","2021-04-04 01:45:00"
"246699",20,"99.4","2021-04-04 02:00:00"
"246902",20,"92.5","2021-04-04 02:15:00"
"247043",20,"100.4","2021-03-01 17:30:00"
"247274",20,"91.5","2021-03-01 17:45:00"
"247453",20,"84","2021-03-01 18:00:00"
"247429",20,"230.6","2021-05-12 16:45:00"
"247661",20,"211.6","2021-05-12 17:00:00"
"247523",20,"86.8","2021-06-24 02:15:00"
"247696",20,"82.1","2021-06-24 02:30:00"
"247542",20,"103.9","2021-04-04 03:00:00"
"247740",20,"114.5","2021-04-04 03:15:00"
"247918",20,"124.5","2021-04-04 03:30:00"
"248118",20,"105.2","2021-03-01 18:45:00"
"248323",20,"59.1","2021-03-01 19:00:00"
"248809",20,"49.2","2021-03-01 19:15:00"
"248491",20,"0","2021-05-12 18:00:00"
"248873",20,"0","2021-05-12 18:15:00"
"248953",20,"0","2021-05-12 18:30:00"
"248528",20,"78.9","2021-06-24 03:30:00"
"248582",20,"79.3","2021-06-24 03:45:00"
"248636",20,"102.7","2021-06-24 04:00:00"
"248690",20,"126.6","2021-06-24 04:15:00"
"248744",20,"141.6","2021-06-24 04:30:00"
"249372",20,"57.2","2021-03-01 20:15:00"
"249502",20,"0","2021-03-01 20:30:00"
"249481",20,"0","2021-05-12 20:00:00"
"249574",20,"0","2021-05-12 20:15:00"
"249630",20,"186.2","2021-03-01 20:45:00"
"249727",20,"180.4","2021-03-01 21:00:00"
"249831",20,"138.7","2021-03-01 21:15:00"
"249681",20,"0","2021-05-12 20:30:00"
"249801",20,"0","2021-05-12 20:45:00"
"249903",20,"209.8","2021-05-12 21:00:00"
"250487",20,"94.5","2021-03-01 22:45:00"
"250590",20,"140.2","2021-03-01 23:00:00"
"250552",20,"0","2021-05-12 22:30:00"
"252800",20,"0","2021-05-12 22:45:00"
"250660",20,"141.2","2021-03-01 23:15:00"
"250714",20,"145","2021-03-01 23:30:00"
"250768",20,"148.2","2021-03-01 23:45:00"
"250866",20,"123.3","2021-04-04 04:30:00"
"250920",20,"127","2021-04-04 04:45:00"
"251588",20,"109","2021-06-24 06:00:00"
"251694",20,"90.7","2021-06-24 06:15:00"
"251809",20,"0","2021-06-24 06:30:00"
"251794",20,"164.1","2021-04-04 07:00:00"
"251899",20,"154.4","2021-04-04 07:15:00"
"251921",20,"0","2021-06-24 06:45:00"
"252024",20,"241.1","2021-06-24 07:00:00"
"252010",20,"149.2","2021-04-04 07:30:00"
"252117",20,"152.3","2021-04-04 07:45:00"
"252242",20,"145.6","2021-04-04 08:00:00"
"255092",20,"150","2021-04-04 08:45:00"
"255205",20,"138.4","2021-04-04 09:00:00"
"255309",20,"127.2","2021-04-04 09:15:00"
"252770",20,"136.5","2021-06-24 09:15:00"
"254824",20,"118.2","2021-06-24 09:30:00"
"252854",20,"229.4","2021-05-12 23:00:00"
"252908",20,"0","2021-05-12 23:15:00"
"252962",20,"0","2021-05-12 23:30:00"
"253016",20,"0","2021-05-12 23:45:00"
"253070",20,"170.5","2021-05-13 00:00:00"
"253124",20,"157.5","2021-05-13 00:15:00"
"253712",20,"155.6","2021-03-02 00:00:00"
"253800",20,"154.4","2021-03-02 00:15:00"
"253826",20,"0","2021-05-13 03:00:00"
"253913",20,"153.9","2021-05-13 03:15:00"
"253930",20,"145.9","2021-03-02 00:30:00"
"253984",20,"139.5","2021-03-02 00:45:00"
"254038",20,"132.7","2021-03-02 01:00:00"
"254092",20,"129","2021-03-02 01:15:00"
"254146",20,"141.2","2021-03-02 01:30:00"
"254200",20,"144.1","2021-03-02 01:45:00"
"255396",20,"117.9","2021-04-04 09:30:00"
"255503",20,"119.8","2021-04-04 09:45:00"
"255597",20,"100.1","2021-04-04 10:00:00"
"255567",20,"54.5","2021-06-24 11:45:00"
"255661",20,"43.7","2021-06-24 12:00:00"
"255747",20,"48.3","2021-06-24 12:15:00"
"255742",20,"95.9","2021-04-04 10:15:00"
"255873",20,"89.2","2021-04-04 10:30:00"
"255830",20,"13.3","2021-06-24 12:30:00"
"255940",20,"39.8","2021-06-24 12:45:00"
"256988",20,"126","2021-05-13 04:15:00"
"257042",20,"0","2021-05-13 04:30:00"
"257096",20,"135.7","2021-05-13 04:45:00"
"257150",20,"0","2021-05-13 05:00:00"
"257204",20,"0","2021-05-13 05:15:00"
"257258",20,"0","2021-05-13 05:30:00"
"257312",20,"0","2021-05-13 05:45:00"
"257366",20,"0","2021-05-13 06:00:00"
"257420",20,"0","2021-05-13 06:15:00"
"257474",20,"0","2021-05-13 06:30:00"
"258817",20,"99.7","2021-03-02 09:00:00"
"261820",20,"75.6","2021-03-02 09:15:00"
"258850",20,"25.5","2021-06-24 14:15:00"
"258904",20,"35.2","2021-06-24 14:30:00"
"258958",20,"22.2","2021-06-24 14:45:00"
"259012",20,"33.6","2021-06-24 15:00:00"
"259066",20,"41.1","2021-06-24 15:15:00"
"259120",20,"42.2","2021-06-24 15:30:00"
"259174",20,"36.7","2021-06-24 15:45:00"
"259228",20,"34.5","2021-06-24 16:00:00"
"260458",20,"133.8","2021-04-04 16:30:00"
"260512",20,"111.7","2021-04-04 16:45:00"
"260566",20,"100.2","2021-04-04 17:00:00"
"260620",20,"96.5","2021-04-04 17:15:00"
"260674",20,"117.4","2021-04-04 17:30:00"
"260728",20,"123","2021-04-04 17:45:00"
"263444",20,"119.9","2021-04-04 18:00:00"
"263551",20,"113.5","2021-04-04 18:15:00"
"260798",20,"98.5","2021-05-13 08:00:00"
"260852",20,"95.4","2021-05-13 08:15:00"
"260906",20,"89.5","2021-05-13 08:30:00"
"262036",20,"113.2","2021-03-02 10:15:00"
"262090",20,"95.5","2021-03-02 10:30:00"
"262144",20,"104.9","2021-03-02 10:45:00"
"262198",20,"140.5","2021-03-02 11:00:00"
"262252",20,"145","2021-03-02 11:15:00"
"262306",20,"74.5","2021-03-02 11:30:00"
"262360",20,"64.4","2021-03-02 11:45:00"
"262414",20,"59.5","2021-03-02 12:00:00"
"262468",20,"73.4","2021-03-02 12:15:00"
"262522",20,"47","2021-03-02 12:30:00"
"263660",20,"108.5","2021-04-04 18:30:00"
"263806",20,"114.1","2021-04-04 18:45:00"
"263877",20,"269","2021-06-24 22:45:00"
"263950",20,"279","2021-06-24 23:00:00"
"263977",20,"98.4","2021-04-04 19:00:00"
"264052",20,"97.1","2021-04-04 19:15:00"
"264106",20,"100.1","2021-04-04 19:30:00"
"266444",20,"268.2","2021-06-24 23:15:00"
"266523",20,"278.4","2021-06-24 23:30:00"
"266600",20,"275.3","2021-06-24 23:45:00"
"265326",20,"91.4","2021-05-13 15:45:00"
"265428",20,"98.9","2021-05-13 16:00:00"
"265462",20,"90.9","2021-04-04 22:15:00"
"265561",20,"90.5","2021-04-04 22:30:00"
"268808",20,"94","2021-04-04 22:45:00"
"265546",20,"108.2","2021-05-13 16:15:00"
"265634",20,"110.6","2021-05-13 16:30:00"
"265688",20,"99.4","2021-05-13 16:45:00"
"265742",20,"92.9","2021-05-13 17:00:00"
"267796",20,"93.1","2021-05-13 17:15:00"
"267850",20,"95.2","2021-05-13 17:30:00"
"267071",20,"279.8","2021-06-25 01:15:00"
"267148",20,"265.1","2021-06-25 01:30:00"
"267182",20,"51.4","2021-03-02 17:45:00"
"267389",20,"30.4","2021-03-02 18:00:00"
"267552",20,"25.1","2021-03-02 18:15:00"
"267223",20,"254.4","2021-06-25 01:45:00"
"267288",20,"216.3","2021-06-25 02:00:00"
"267363",20,"217.2","2021-06-25 02:15:00"
"267450",20,"203.3","2021-06-25 02:30:00"
"267525",20,"74.1","2021-06-25 02:45:00"
"269240",20,"121.4","2021-04-05 00:45:00"
"269294",20,"119","2021-04-05 01:00:00"
"269348",20,"115.2","2021-04-05 01:15:00"
"269402",20,"114.4","2021-04-05 01:30:00"
"269456",20,"110.7","2021-04-05 01:45:00"
"269510",20,"110","2021-04-05 02:00:00"
"269564",20,"112.2","2021-04-05 02:15:00"
"269618",20,"107.7","2021-04-05 02:30:00"
"269672",20,"97.4","2021-04-05 02:45:00"
"269726",20,"90.5","2021-04-05 03:00:00"
"269780",20,"96.5","2021-04-05 03:15:00"
"270892",20,"110","2021-05-13 22:00:00"
"271005",20,"113.6","2021-05-13 22:15:00"
"271106",20,"106","2021-05-13 22:30:00"
"271154",20,"49.5","2021-03-02 19:15:00"
"271255",20,"52.6","2021-03-02 19:30:00"
"271219",20,"106.1","2021-05-13 22:45:00"
"271336",20,"118","2021-05-13 23:00:00"
"271445",20,"119.2","2021-05-13 23:15:00"
"271355",20,"70.5","2021-03-02 19:45:00"
"271459",20,"116.6","2021-03-02 20:00:00"
"271560",20,"126.4","2021-03-02 20:15:00"
"272671",20,"145.6","2021-05-14 02:00:00"
"272740",20,"155.3","2021-05-14 02:15:00"
"274875",20,"0","2021-03-02 23:00:00"
"275083",20,"0","2021-03-02 23:15:00"
"272834",20,"89.7","2021-04-05 03:30:00"
"272888",20,"89.2","2021-04-05 03:45:00"
"272942",20,"85.5","2021-04-05 04:00:00"
"272996",20,"93.3","2021-04-05 04:15:00"
"273050",20,"110.6","2021-04-05 04:30:00"
"274183",20,"0","2021-04-05 06:30:00"
"274334",20,"128.7","2021-04-05 06:45:00"
"274491",20,"137.8","2021-04-05 07:00:00"
"274352",20,"43.3","2021-06-25 10:15:00"
"274505",20,"55","2021-06-25 10:30:00"
"274444",20,"0","2021-05-14 04:30:00"
"274591",20,"0","2021-05-14 04:45:00"
"274739",20,"0","2021-05-14 05:00:00"
"274654",20,"135.9","2021-04-05 07:15:00"
"274811",20,"125.6","2021-04-05 07:30:00"
"275780",20,"0","2021-03-03 00:15:00"
"275937",20,"0","2021-03-03 00:30:00"
"276096",20,"123.8","2021-03-03 00:45:00"
"276074",20,"62","2021-06-25 12:45:00"
"276194",20,"84.2","2021-06-25 13:00:00"
"276082",20,"0","2021-05-14 07:00:00"
"276820",20,"0","2021-05-14 07:15:00"
"276874",20,"0","2021-05-14 07:30:00"
"276216",20,"117.6","2021-03-03 01:00:00"
"276276",20,"104.3","2021-03-03 01:15:00"
"277426",20,"46.6","2021-06-25 14:00:00"
"277550",20,"61.7","2021-06-25 14:15:00"
"277573",20,"110.5","2021-05-14 09:30:00"
"277670",20,"116.4","2021-05-14 09:45:00"
"277779",20,"128.3","2021-05-14 10:00:00"
"277664",20,"56.2","2021-06-25 14:30:00"
"277773",20,"42.7","2021-06-25 14:45:00"
"277907",20,"70.8","2021-06-25 15:00:00"
"277903",20,"134.4","2021-05-14 10:15:00"
"278050",20,"130.6","2021-05-14 10:30:00"
"278212",20,"106.7","2021-05-14 10:45:00"
"279164",20,"53.3","2021-06-25 17:15:00"
"279277",20,"51","2021-06-25 17:30:00"
"279326",20,"100.2","2021-04-05 10:30:00"
"279400",20,"91.9","2021-04-05 10:45:00"
"280811",20,"48.9","2021-06-25 17:45:00"
"280907",20,"29.6","2021-06-25 18:00:00"
"281012",20,"31.2","2021-06-25 18:15:00"
"279454",20,"94.9","2021-04-05 11:00:00"
"279508",20,"98","2021-04-05 11:15:00"
"279581",20,"96.2","2021-04-05 11:30:00"
"280734",20,"0","2021-03-03 08:00:00"
"282770",20,"49.2","2021-03-03 08:15:00"
"281024",20,"92.5","2021-05-14 12:15:00"
"281131",20,"118.4","2021-05-14 12:30:00"
"281122",20,"31","2021-06-25 18:30:00"
"281220",20,"34.1","2021-06-25 18:45:00"
"281250",20,"99","2021-05-14 12:45:00"
"281343",20,"123.2","2021-05-14 13:00:00"
"281440",20,"133.1","2021-05-14 13:15:00"
"283011",20,"280.9","2021-06-25 21:45:00"
"283225",20,"0","2021-06-25 22:00:00"
"283425",20,"0","2021-06-25 22:15:00"
"283026",20,"46.8","2021-03-03 08:30:00"
"283241",20,"60.9","2021-03-03 08:45:00"
"283445",20,"30.4","2021-03-03 09:00:00"
"284818",20,"177.9","2021-05-14 16:30:00"
"284872",20,"170.6","2021-05-14 16:45:00"
"283512",20,"96.9","2021-04-05 15:00:00"
"283635",20,"102","2021-04-05 15:15:00"
"284054",20,"90","2021-04-05 16:15:00"
"284153",20,"90.7","2021-04-05 16:30:00"
"284261",20,"108.1","2021-04-05 16:45:00"
"284112",20,"52.8","2021-03-03 10:30:00"
"284226",20,"38.4","2021-03-03 10:45:00"
"284369",20,"127.1","2021-04-05 17:00:00"
"286652",20,"145.2","2021-04-05 17:15:00"
"284333",20,"33.7","2021-03-03 11:00:00"
"284433",20,"34.5","2021-03-03 11:15:00"
"284490",20,"16.6","2021-03-03 11:30:00"
"285816",20,"0","2021-05-14 19:00:00"
"285925",20,"213.6","2021-05-14 19:15:00"
"286037",20,"207","2021-05-14 19:30:00"
"286043",20,"0","2021-06-26 01:00:00"
"286153",20,"0","2021-06-26 01:15:00"
"286146",20,"154.9","2021-05-14 19:45:00"
"286250",20,"140.1","2021-05-14 20:00:00"
"286271",20,"0","2021-06-26 01:30:00"
"286385",20,"0","2021-06-26 01:45:00"
"286497",20,"268.8","2021-06-26 02:00:00"
"287361",20,"29.6","2021-03-03 13:45:00"
"287486",20,"9.7","2021-03-03 14:00:00"
"287596",20,"132.7","2021-04-05 19:30:00"
"287693",20,"134.8","2021-04-05 19:45:00"
"287591",20,"9.9","2021-03-03 14:15:00"
"287709",20,"15.5","2021-03-03 14:30:00"
"287807",20,"355.8","2021-03-03 14:45:00"
"287812",20,"134.6","2021-04-05 20:00:00"
"287940",20,"124.3","2021-04-05 20:15:00"
"288062",20,"120.4","2021-04-05 20:30:00"
"246882",20,"100.9","2021-06-24 01:30:00"
"247066",20,"98.7","2021-06-24 01:45:00"
"247290",20,"98.1","2021-06-24 02:00:00"
"247113",20,"95.4","2021-04-04 02:30:00"
"247322",20,"100.8","2021-04-04 02:45:00"
"247701",20,"96.6","2021-03-01 18:15:00"
"247909",20,"107.1","2021-03-01 18:30:00"
"247895",20,"229","2021-05-12 17:15:00"
"248103",20,"231.4","2021-05-12 17:30:00"
"248295",20,"0","2021-05-12 17:45:00"
"247976",20,"83.8","2021-06-24 02:45:00"
"248186",20,"100.1","2021-06-24 03:00:00"
"248425",20,"84.4","2021-06-24 03:15:00"
"248144",20,"120.7","2021-04-04 03:45:00"
"248365",20,"125.9","2021-04-04 04:00:00"
"250812",20,"132.3","2021-04-04 04:15:00"
"251050",20,"172.2","2021-06-24 04:45:00"
"251142",20,"177","2021-06-24 05:00:00"
"251254",20,"73.3","2021-06-24 05:15:00"
"248949",20,"45.8","2021-03-01 19:30:00"
"249127",20,"11.8","2021-03-01 19:45:00"
"249241",20,"50.2","2021-03-01 20:00:00"
"249033",20,"0","2021-05-12 18:45:00"
"249108",20,"0","2021-05-12 19:00:00"
"249192",20,"0","2021-05-12 19:15:00"
"249299",20,"0","2021-05-12 19:30:00"
"249391",20,"0","2021-05-12 19:45:00"
"249941",20,"143.8","2021-03-01 21:30:00"
"250046",20,"145.1","2021-03-01 21:45:00"
"250017",20,"0","2021-05-12 21:15:00"
"250106",20,"163.7","2021-05-12 21:30:00"
"250185",20,"137.6","2021-03-01 22:00:00"
"250278",20,"121.6","2021-03-01 22:15:00"
"250386",20,"118.7","2021-03-01 22:30:00"
"250207",20,"184","2021-05-12 21:45:00"
"250326",20,"174.2","2021-05-12 22:00:00"
"250429",20,"0","2021-05-12 22:15:00"
"250974",20,"135.4","2021-04-04 05:00:00"
"251041",20,"135.3","2021-04-04 05:15:00"
"251167",20,"139.4","2021-04-04 05:30:00"
"251267",20,"144.4","2021-04-04 05:45:00"
"251368",20,"144.4","2021-04-04 06:00:00"
"251371",20,"83.6","2021-06-24 05:30:00"
"251472",20,"83.1","2021-06-24 05:45:00"
"251484",20,"169.1","2021-04-04 06:15:00"
"251584",20,"231.2","2021-04-04 06:30:00"
"251693",20,"193.9","2021-04-04 06:45:00"
"252133",20,"249.9","2021-06-24 07:15:00"
"252225",20,"0","2021-06-24 07:30:00"
"252329",20,"0","2021-06-24 07:45:00"
"252354",20,"150.9","2021-04-04 08:15:00"
"252482",20,"151.1","2021-04-04 08:30:00"
"252431",20,"0","2021-06-24 08:00:00"
"252516",20,"0","2021-06-24 08:15:00"
"252606",20,"0","2021-06-24 08:30:00"
"252662",20,"0","2021-06-24 08:45:00"
"252716",20,"150.5","2021-06-24 09:00:00"
"253178",20,"145.4","2021-05-13 00:30:00"
"253232",20,"143.2","2021-05-13 00:45:00"
"253286",20,"151.6","2021-05-13 01:00:00"
"253340",20,"150.5","2021-05-13 01:15:00"
"253394",20,"142.5","2021-05-13 01:30:00"
"253448",20,"144.4","2021-05-13 01:45:00"
"253502",20,"154.3","2021-05-13 02:00:00"
"253556",20,"161.4","2021-05-13 02:15:00"
"253611",20,"0","2021-05-13 02:30:00"
"253696",20,"0","2021-05-13 02:45:00"
"254254",20,"147.3","2021-03-02 02:00:00"
"254308",20,"148","2021-03-02 02:15:00"
"254362",20,"0","2021-03-02 02:30:00"
"254416",20,"0","2021-03-02 02:45:00"
"254470",20,"0","2021-03-02 03:00:00"
"254524",20,"0","2021-03-02 03:15:00"
"254578",20,"134.6","2021-03-02 03:30:00"
"254632",20,"0","2021-03-02 03:45:00"
"254686",20,"0","2021-03-02 04:00:00"
"254740",20,"0","2021-03-02 04:15:00"
"255984",20,"100.4","2021-04-04 10:45:00"
"256088",20,"93.1","2021-04-04 11:00:00"
"256212",20,"100.5","2021-04-04 11:15:00"
"256050",20,"37.5","2021-06-24 13:00:00"
"256149",20,"36.4","2021-06-24 13:15:00"
"256245",20,"15.8","2021-06-24 13:30:00"
"256321",20,"93.1","2021-04-04 11:30:00"
"256429",20,"92.3","2021-04-04 11:45:00"
"256358",20,"17","2021-06-24 13:45:00"
"258739",20,"22.6","2021-06-24 14:00:00"
"258172",20,"350","2021-03-02 06:15:00"
"258226",20,"0","2021-03-02 06:30:00"
"258280",20,"0","2021-03-02 06:45:00"
"258334",20,"150.2","2021-03-02 07:00:00"
"258388",20,"144.6","2021-03-02 07:15:00"
"258442",20,"117.4","2021-03-02 07:30:00"
"258496",20,"134.2","2021-03-02 07:45:00"
"258550",20,"122.5","2021-03-02 08:00:00"
"258604",20,"109.4","2021-03-02 08:15:00"
"258658",20,"85.3","2021-03-02 08:30:00"
"258716",20,"91.5","2021-03-02 08:45:00"
"259282",20,"40.9","2021-06-24 16:15:00"
"259336",20,"50.8","2021-06-24 16:30:00"
"259390",20,"69.6","2021-06-24 16:45:00"
"259444",20,"73.9","2021-06-24 17:00:00"
"259498",20,"0","2021-06-24 17:15:00"
"259552",20,"0","2021-06-24 17:30:00"
"259655",20,"0","2021-06-24 17:45:00"
"259764",20,"0","2021-06-24 18:00:00"
"259812",20,"114.4","2021-04-04 14:00:00"
"259923",20,"121.2","2021-04-04 14:15:00"
"260960",20,"88.9","2021-05-13 08:45:00"
"261014",20,"96","2021-05-13 09:00:00"
"261068",20,"95.1","2021-05-13 09:15:00"
"261122",20,"85.4","2021-05-13 09:30:00"
"261176",20,"92.3","2021-05-13 09:45:00"
"261230",20,"97.9","2021-05-13 10:00:00"
"261284",20,"95.6","2021-05-13 10:15:00"
"261338",20,"88.6","2021-05-13 10:30:00"
"261392",20,"89.8","2021-05-13 10:45:00"
"261446",20,"103.3","2021-05-13 11:00:00"
"262576",20,"64.2","2021-03-02 12:45:00"
"262630",20,"51.5","2021-03-02 13:00:00"
"262684",20,"38.4","2021-03-02 13:15:00"
"262738",20,"27.9","2021-03-02 13:30:00"
"265792",20,"15.7","2021-03-02 13:45:00"
"262822",20,"0","2021-06-24 18:45:00"
"262876",20,"0","2021-06-24 19:00:00"
"262930",20,"0","2021-06-24 19:15:00"
"262984",20,"0","2021-06-24 19:30:00"
"263038",20,"0","2021-06-24 19:45:00"
"264160",20,"98.9","2021-04-04 19:45:00"
"264277",20,"100.4","2021-04-04 20:00:00"
"264409",20,"93.2","2021-05-13 13:15:00"
"264484",20,"87.5","2021-05-13 13:30:00"
"264444",20,"99.1","2021-04-04 20:15:00"
"264644",20,"102.5","2021-04-04 20:30:00"
"264806",20,"98.3","2021-04-04 20:45:00"
"264554",20,"85.3","2021-05-13 13:45:00"
"264632",20,"70.4","2021-05-13 14:00:00"
"264711",20,"97.3","2021-05-13 14:15:00"
"265846",20,"25.2","2021-03-02 14:00:00"
"265900",20,"3.6","2021-03-02 14:15:00"
"265954",20,"0.6000000000000001","2021-03-02 14:30:00"
"266008",20,"354.3","2021-03-02 14:45:00"
"266062",20,"351","2021-03-02 15:00:00"
"266116",20,"8.8","2021-03-02 15:15:00"
"266170",20,"354","2021-03-02 15:30:00"
"266224",20,"338","2021-03-02 15:45:00"
"266278",20,"352","2021-03-02 16:00:00"
"266332",20,"326.1","2021-03-02 16:15:00"
"268174",20,"92.5","2021-05-13 19:00:00"
"268228",20,"90.6","2021-05-13 19:15:00"
"268282",20,"85.4","2021-05-13 19:30:00"
"268336",20,"81.5","2021-05-13 19:45:00"
"268390",20,"88.8","2021-05-13 20:00:00"
"268444",20,"95.5","2021-05-13 20:15:00"
"268498",20,"97.7","2021-05-13 20:30:00"
"268552",20,"95","2021-05-13 20:45:00"
"268606",20,"98.8","2021-05-13 21:00:00"
"268660",20,"101.2","2021-05-13 21:15:00"
"269928",20,"0","2021-06-25 04:30:00"
"269982",20,"0","2021-06-25 04:45:00"
"270036",20,"0","2021-06-25 05:00:00"
"270090",20,"0","2021-06-25 05:15:00"
"270144",20,"0","2021-06-25 05:30:00"
"270198",20,"0","2021-06-25 05:45:00"
"270252",20,"0","2021-06-25 06:00:00"
"270306",20,"0","2021-06-25 06:15:00"
"270360",20,"0","2021-06-25 06:30:00"
"270414",20,"0","2021-06-25 06:45:00"
"271563",20,"124.6","2021-05-13 23:30:00"
"271664",20,"128.3","2021-05-13 23:45:00"
"271675",20,"133.6","2021-03-02 20:30:00"
"271774",20,"130.3","2021-03-02 20:45:00"
"271784",20,"129.1","2021-05-14 00:00:00"
"271907",20,"129.1","2021-05-14 00:15:00"
"272018",20,"127.9","2021-05-14 00:30:00"
"271868",20,"137.1","2021-03-02 21:00:00"
"271968",20,"119.1","2021-03-02 21:15:00"
"272068",20,"124.1","2021-03-02 21:30:00"
"273104",20,"109.3","2021-04-05 04:45:00"
"273212",20,"113.2","2021-04-05 05:00:00"
"273185",20,"156.5","2021-05-14 02:30:00"
"273337",20,"150.2","2021-05-14 02:45:00"
"273481",20,"149.5","2021-05-14 03:00:00"
"273317",20,"0","2021-06-25 08:45:00"
"273473",20,"268","2021-06-25 09:00:00"
"273721",20,"100.8","2021-06-25 09:15:00"
"273413",20,"123.9","2021-04-05 05:15:00"
"273543",20,"130.1","2021-04-05 05:30:00"
"273665",20,"157.9","2021-04-05 05:45:00"
"274691",20,"17.1","2021-06-25 10:45:00"
"274840",20,"42.9","2021-06-25 11:00:00"
"275065",20,"0","2021-06-25 11:15:00"
"274925",20,"0","2021-05-14 05:15:00"
"275122",20,"0","2021-05-14 05:30:00"
"275050",20,"141.8","2021-04-05 07:45:00"
"277915",20,"143.8","2021-04-05 08:00:00"
"278090",20,"150.3","2021-04-05 08:15:00"
"275251",20,"56.4","2021-06-25 11:30:00"
"275412",20,"35.7","2021-06-25 11:45:00"
"276934",20,"0","2021-05-14 07:45:00"
"277013",20,"0","2021-05-14 08:00:00"
"277037",20,"80.9","2021-06-25 13:15:00"
"277175",20,"39.2","2021-06-25 13:30:00"
"277309",20,"25.2","2021-06-25 13:45:00"
"277099",20,"0","2021-05-14 08:15:00"
"277187",20,"112.1","2021-05-14 08:30:00"
"277266",20,"111.7","2021-05-14 08:45:00"
"277375",20,"121","2021-05-14 09:00:00"
"277471",20,"120.7","2021-05-14 09:15:00"
"278765",20,"124.9","2021-04-05 09:15:00"
"278885",20,"102.7","2021-04-05 09:30:00"
"278690",20,"95.1","2021-05-14 11:30:00"
"280793",20,"110.5","2021-05-14 11:45:00"
"280913",20,"109.5","2021-05-14 12:00:00"
"278852",20,"58.3","2021-06-25 16:30:00"
"278958",20,"71.4","2021-06-25 16:45:00"
"279066",20,"56.9","2021-06-25 17:00:00"
"278998",20,"103.3","2021-04-05 09:45:00"
"279100",20,"106.3","2021-04-05 10:00:00"
"279213",20,"101.2","2021-04-05 10:15:00"
"280140",20,"285.1","2021-03-03 05:15:00"
"280194",20,"280.7","2021-03-03 05:30:00"
"280248",20,"116.5","2021-03-03 05:45:00"
"280302",20,"208.2","2021-03-03 06:00:00"
"280356",20,"234.6","2021-03-03 06:15:00"
"280410",20,"255.6","2021-03-03 06:30:00"
"280464",20,"292","2021-03-03 06:45:00"
"280518",20,"281.9","2021-03-03 07:00:00"
"280572",20,"271.1","2021-03-03 07:15:00"
"280626",20,"273.5","2021-03-03 07:30:00"
"280680",20,"0","2021-03-03 07:45:00"
"281960",20,"0","2021-06-25 20:15:00"
"282111",20,"0","2021-06-25 20:30:00"
"282266",20,"0","2021-06-25 20:45:00"
"282082",20,"82.2","2021-04-05 13:00:00"
"282246",20,"97","2021-04-05 13:15:00"
"282259",20,"95.2","2021-05-14 14:45:00"
"282404",20,"91","2021-04-05 13:30:00"
"282421",20,"99.4","2021-05-14 15:00:00"
"282433",20,"129.6","2021-06-25 21:00:00"
"282562",20,"0","2021-05-14 15:15:00"
"282726",20,"0","2021-05-14 15:30:00"
"284967",20,"0","2021-06-25 22:30:00"
"285077",20,"135.6","2021-06-25 22:45:00"
"283561",20,"29.7","2021-03-03 09:15:00"
"283664",20,"18.9","2021-03-03 09:30:00"
"283750",20,"81.8","2021-04-05 15:30:00"
"283853",20,"73","2021-04-05 15:45:00"
"283946",20,"100.3","2021-04-05 16:00:00"
"283771",20,"42.6","2021-03-03 09:45:00"
"283879",20,"53.1","2021-03-03 10:00:00"
"283999",20,"56.6","2021-03-03 10:15:00"
"285310",20,"163.4","2021-05-14 17:45:00"
"285409",20,"168.7","2021-05-14 18:00:00"
"285504",20,"0","2021-06-25 23:45:00"
"285605",20,"0","2021-06-26 00:00:00"
"285498",20,"176.1","2021-05-14 18:15:00"
"285614",20,"172.5","2021-05-14 18:30:00"
"285709",20,"170.8","2021-05-14 18:45:00"
"285733",20,"253.5","2021-06-26 00:15:00"
"285835",20,"0","2021-06-26 00:30:00"
"285941",20,"0","2021-06-26 00:45:00"
"289255",20,"0","2021-06-26 03:00:00"
"289378",20,"227.3","2021-06-26 03:15:00"
"287055",20,"128.6","2021-04-05 18:15:00"
"287163",20,"130.5","2021-04-05 18:30:00"
"287052",20,"36.5","2021-03-03 13:00:00"
"287160",20,"22.6","2021-03-03 13:15:00"
"287263",20,"31.5","2021-03-03 13:30:00"
"287276",20,"130.6","2021-04-05 18:45:00"
"287394",20,"119.7","2021-04-05 19:00:00"
"287485",20,"120.5","2021-04-05 19:15:00"
"288440",20,"102.9","2021-04-05 21:15:00"
"288640",20,"100.1","2021-04-05 21:30:00"
"288776",20,"102.6","2021-04-05 21:45:00"
"288534",20,"45.9","2021-03-03 16:45:00"
"288611",20,"43.1","2021-03-03 17:00:00"
"288689",20,"46.3","2021-03-03 17:15:00"
"290648",20,"51.3","2021-03-03 17:30:00"
"290731",20,"54.7","2021-03-03 17:45:00"
"290810",20,"57.9","2021-03-03 18:00:00"
"288898",20,"0","2021-05-14 21:30:00"
"288952",20,"246.2","2021-05-14 21:45:00"
"289006",20,"281.4","2021-05-14 22:00:00"
"290270",20,"0","2021-05-15 01:30:00"
"292816",20,"144","2021-05-15 01:45:00"
"290328",20,"0","2021-06-26 05:30:00"
"290382",20,"271.6","2021-06-26 05:45:00"
"290436",20,"0","2021-06-26 06:00:00"
"290490",20,"0","2021-06-26 06:15:00"
"290544",20,"0","2021-06-26 06:30:00"
"290598",20,"0","2021-06-26 06:45:00"
"290676",20,"0","2021-06-26 07:00:00"
"289114",20,"269.2","2021-05-14 22:30:00"
"289168",20,"259.4","2021-05-14 22:45:00"
"289222",20,"256.5","2021-05-14 23:00:00"
"289299",20,"0","2021-05-14 23:15:00"
"289403",20,"275.7","2021-05-14 23:30:00"
"289488",20,"279.8","2021-05-14 23:45:00"
"289511",20,"248.6","2021-06-26 03:30:00"
"289609",20,"0","2021-06-26 03:45:00"
"289712",20,"0","2021-06-26 04:00:00"
"298838",20,"0","2021-03-04 03:00:00"
"298892",20,"44.5","2021-03-04 03:15:00"
"298946",20,"44.4","2021-03-04 03:30:00"
"299000",20,"0","2021-03-04 03:45:00"
"299054",20,"0","2021-03-04 04:00:00"
"299108",20,"0","2021-03-04 04:15:00"
"299162",20,"0","2021-03-04 04:30:00"
"299216",20,"0","2021-03-04 04:45:00"
"299289",20,"40.1","2021-03-04 05:00:00"
"299399",20,"39.4","2021-03-04 05:15:00"
"299515",20,"0","2021-03-04 05:30:00"
"300637",20,"225","2021-05-15 14:30:00"
"300720",20,"206.2","2021-05-15 14:45:00"
"300732",20,"0","2021-04-06 07:30:00"
"300837",20,"159.6","2021-04-06 07:45:00"
"300955",20,"164.2","2021-04-06 08:00:00"
"300832",20,"217.7","2021-05-15 15:00:00"
"300928",20,"185.8","2021-05-15 15:15:00"
"301979",20,"193","2021-05-15 15:30:00"
"301044",20,"168.1","2021-04-06 08:15:00"
"301098",20,"171.2","2021-04-06 08:30:00"
"302474",20,"76.9","2021-03-04 08:00:00"
"302633",20,"68.9","2021-03-04 08:15:00"
"302513",20,"88.5","2021-06-26 18:15:00"
"302769",20,"68","2021-06-26 18:30:00"
"302778",20,"81.3","2021-04-06 12:45:00"
"302938",20,"130.6","2021-04-06 13:00:00"
"303031",20,"145","2021-05-15 16:30:00"
"303355",20,"141.1","2021-05-15 16:45:00"
"304119",20,"110.6","2021-04-06 14:30:00"
"304343",20,"161","2021-04-06 14:45:00"
"304564",20,"180.7","2021-04-06 15:00:00"
"304298",20,"0","2021-05-15 17:45:00"
"304519",20,"84.7","2021-05-15 18:00:00"
"304395",20,"260.5","2021-06-26 20:15:00"
"304648",20,"0","2021-06-26 20:30:00"
"304369",20,"15.7","2021-03-04 10:30:00"
"304536",20,"355.6","2021-03-04 10:45:00"
"305650",20,"0","2021-05-15 19:30:00"
"305704",20,"0","2021-05-15 19:45:00"
"305758",20,"236.9","2021-05-15 20:00:00"
"305836",20,"291.1","2021-03-04 12:15:00"
"305890",20,"303.4","2021-03-04 12:30:00"
"305944",20,"283.3","2021-03-04 12:45:00"
"305998",20,"270.5","2021-03-04 13:00:00"
"306052",20,"271.5","2021-03-04 13:15:00"
"306106",20,"268.5","2021-03-04 13:30:00"
"306160",20,"258.6","2021-03-04 13:45:00"
"306214",20,"230.3","2021-03-04 14:00:00"
"306892",20,"172.1","2021-06-26 22:00:00"
"306949",20,"176.5","2021-06-26 22:15:00"
"307027",20,"0","2021-06-26 22:30:00"
"307075",20,"133.8","2021-04-06 16:30:00"
"307234",20,"128.3","2021-04-06 16:45:00"
"307377",20,"127.1","2021-04-06 17:00:00"
"307115",20,"93.5","2021-06-26 22:45:00"
"307195",20,"75.4","2021-06-26 23:00:00"
"307279",20,"63.7","2021-06-26 23:15:00"
"307366",20,"266.3","2021-06-26 23:30:00"
"307438",20,"283.5","2021-06-26 23:45:00"
"308464",20,"151.9","2021-04-06 19:00:00"
"308571",20,"153.4","2021-04-06 19:15:00"
"308678",20,"142.9","2021-04-06 19:30:00"
"308548",20,"149.7","2021-05-15 20:45:00"
"308657",20,"133.8","2021-05-15 21:00:00"
"308767",20,"151.5","2021-05-15 21:15:00"
"308782",20,"140","2021-04-06 19:45:00"
"308884",20,"139.2","2021-04-06 20:00:00"
"308883",20,"144.2","2021-05-15 21:30:00"
"309008",20,"138.8","2021-05-15 21:45:00"
"309128",20,"144.8","2021-05-15 22:00:00"
"309970",20,"244.6","2021-03-04 17:30:00"
"310024",20,"0","2021-03-04 17:45:00"
"310078",20,"320.7","2021-03-04 18:00:00"
"310132",20,"0","2021-03-04 18:15:00"
"310186",20,"0","2021-03-04 18:30:00"
"310240",20,"48.3","2021-03-04 18:45:00"
"310294",20,"47.5","2021-03-04 19:00:00"
"310348",20,"35.7","2021-03-04 19:15:00"
"310402",20,"36.6","2021-03-04 19:30:00"
"310456",20,"40.5","2021-03-04 19:45:00"
"311608",20,"96.6","2021-04-07 00:45:00"
"311662",20,"96.5","2021-04-07 01:00:00"
"311716",20,"92.8","2021-04-07 01:15:00"
"311770",20,"99.1","2021-04-07 01:30:00"
"314599",20,"97.1","2021-04-07 01:45:00"
"311973",20,"289.8","2021-06-27 02:30:00"
"312061",20,"342","2021-06-27 02:45:00"
"312167",20,"0","2021-06-27 03:00:00"
"311979",20,"245.8","2021-05-16 01:15:00"
"312106",20,"267.1","2021-05-16 01:30:00"
"312206",20,"271.9","2021-05-16 01:45:00"
"313384",20,"126.2","2021-05-16 05:15:00"
"315810",20,"122.6","2021-05-16 05:30:00"
"313375",20,"0","2021-06-27 05:00:00"
"313458",20,"11.9","2021-06-27 05:15:00"
"313512",20,"23.9","2021-06-27 05:30:00"
"313566",20,"0","2021-06-27 05:45:00"
"313620",20,"75.6","2021-06-27 06:00:00"
"313674",20,"75.2","2021-06-27 06:15:00"
"313728",20,"280","2021-06-27 06:30:00"
"316063",20,"292.7","2021-06-27 06:45:00"
"315040",20,"99.4","2021-04-07 02:45:00"
"315094",20,"102.5","2021-04-07 03:00:00"
"315148",20,"123.2","2021-04-07 03:15:00"
"315202",20,"118.6","2021-04-07 03:30:00"
"315256",20,"115.2","2021-04-07 03:45:00"
"315310",20,"113.1","2021-04-07 04:00:00"
"315364",20,"115.6","2021-04-07 04:15:00"
"315418",20,"102.2","2021-04-07 04:30:00"
"315472",20,"109.9","2021-04-07 04:45:00"
"315526",20,"110","2021-04-07 05:00:00"
"316771",20,"134.9","2021-05-16 07:45:00"
"316915",20,"104.5","2021-05-16 08:00:00"
"316789",20,"53","2021-06-27 09:00:00"
"316876",20,"54.2","2021-06-27 09:15:00"
"316963",20,"51.2","2021-06-27 09:30:00"
"317040",20,"36.1","2021-06-27 09:45:00"
"317110",20,"21.8","2021-06-27 10:00:00"
"317098",20,"101.5","2021-05-16 08:15:00"
"317278",20,"112.4","2021-05-16 08:30:00"
"317445",20,"122.6","2021-05-16 08:45:00"
"317728",20,"122.7","2021-05-16 09:45:00"
"320782",20,"136.3","2021-05-16 10:00:00"
"317914",20,"349.5","2021-03-05 02:30:00"
"317968",20,"340.9","2021-03-05 02:45:00"
"318022",20,"341","2021-03-05 03:00:00"
"318076",20,"338.7","2021-03-05 03:15:00"
"318130",20,"330.7","2021-03-05 03:30:00"
"318184",20,"336.8","2021-03-05 03:45:00"
"318238",20,"344.3","2021-03-05 04:00:00"
"320018",20,"21.6","2021-06-27 12:45:00"
"320094",20,"8.1","2021-06-27 13:00:00"
"320181",20,"14.6","2021-06-27 13:15:00"
"320240",20,"18.7","2021-06-27 13:30:00"
"320294",20,"13.7","2021-06-27 13:45:00"
"320348",20,"23.5","2021-06-27 14:00:00"
"320402",20,"6","2021-06-27 14:15:00"
"320456",20,"1.8","2021-06-27 14:30:00"
"320510",20,"326.6","2021-06-27 14:45:00"
"320564",20,"323.2","2021-06-27 15:00:00"
"321646",20,"0","2021-05-16 14:00:00"
"321700",20,"0","2021-05-16 14:15:00"
"321754",20,"275.8","2021-05-16 14:30:00"
"321886",20,"308.3","2021-03-05 07:00:00"
"321940",20,"294.7","2021-03-05 07:15:00"
"321994",20,"300.8","2021-03-05 07:30:00"
"322048",20,"321.9","2021-03-05 07:45:00"
"322102",20,"321.1","2021-03-05 08:00:00"
"322156",20,"319.5","2021-03-05 08:15:00"
"322210",20,"305.8","2021-03-05 08:30:00"
"323475",20,"99.8","2021-04-07 11:45:00"
"323579",20,"100.9","2021-04-07 12:00:00"
"323576",20,"0","2021-06-27 18:30:00"
"323671",20,"270.9","2021-06-27 18:45:00"
"323776",20,"292.1","2021-06-27 19:00:00"
"323704",20,"105.8","2021-04-07 12:15:00"
"323807",20,"91.7","2021-04-07 12:30:00"
"323915",20,"87.6","2021-04-07 12:45:00"
"323889",20,"287","2021-06-27 19:15:00"
"324005",20,"281.2","2021-06-27 19:30:00"
"324829",20,"298.5","2021-03-05 11:15:00"
"324945",20,"288.7","2021-03-05 11:30:00"
"325029",20,"290.8","2021-03-05 11:45:00"
"325132",20,"306.8","2021-03-05 12:00:00"
"325251",20,"311.7","2021-03-05 12:15:00"
"325357",20,"309.6","2021-03-05 12:30:00"
"325175",20,"186.7","2021-05-16 15:30:00"
"325275",20,"174.7","2021-05-16 15:45:00"
"325382",20,"298.5","2021-05-16 16:00:00"
"325491",20,"289.1","2021-05-16 16:15:00"
"325582",20,"319.2","2021-05-16 16:30:00"
"325965",20,"332.5","2021-03-05 13:15:00"
"326086",20,"323.2","2021-03-05 13:30:00"
"326191",20,"326.1","2021-03-05 13:45:00"
"326172",20,"100.9","2021-05-16 18:30:00"
"326275",20,"0","2021-05-16 18:45:00"
"326393",20,"0","2021-05-16 19:00:00"
"326303",20,"319.1","2021-03-05 14:00:00"
"326402",20,"308.3","2021-03-05 14:15:00"
"326496",20,"0","2021-05-16 19:15:00"
"328834",20,"0","2021-05-16 19:30:00"
"327670",20,"105.7","2021-04-07 17:30:00"
"327750",20,"102.4","2021-04-07 17:45:00"
"327866",20,"247.4","2021-06-27 23:00:00"
"328017",20,"250.2","2021-06-27 23:15:00"
"327832",20,"107.4","2021-04-07 18:00:00"
"327919",20,"112.7","2021-04-07 18:15:00"
"327998",20,"104.4","2021-04-07 18:30:00"
"328102",20,"98.8","2021-04-07 18:45:00"
"328202",20,"98.8","2021-04-07 19:00:00"
"328724",20,"249.2","2021-06-28 01:00:00"
"328778",20,"243.6","2021-06-28 01:15:00"
"328888",20,"0","2021-05-16 19:45:00"
"328942",20,"0","2021-05-16 20:00:00"
"328996",20,"280.9","2021-05-16 20:15:00"
"329083",20,"292.9","2021-05-16 20:30:00"
"329211",20,"303.2","2021-05-16 20:45:00"
"329309",20,"0","2021-05-16 21:00:00"
"329321",20,"312.2","2021-03-05 16:30:00"
"329423",20,"310.1","2021-03-05 16:45:00"
"330520",20,"0","2021-05-16 23:45:00"
"332806",20,"0","2021-05-17 00:00:00"
"330640",20,"344","2021-03-05 19:45:00"
"330694",20,"0","2021-03-05 20:00:00"
"330748",20,"0","2021-03-05 20:15:00"
"333100",20,"0","2021-03-05 20:30:00"
"333199",20,"0","2021-03-05 20:45:00"
"330928",20,"98.1","2021-04-07 20:45:00"
"330982",20,"100.2","2021-04-07 21:00:00"
"332102",20,"220.2","2021-06-28 02:45:00"
"332156",20,"214","2021-06-28 03:00:00"
"332210",20,"217.9","2021-06-28 03:15:00"
"332264",20,"228.7","2021-06-28 03:30:00"
"332318",20,"236.1","2021-06-28 03:45:00"
"332372",20,"239.5","2021-06-28 04:00:00"
"332426",20,"237","2021-06-28 04:15:00"
"332480",20,"234","2021-06-28 04:30:00"
"332534",20,"230.8","2021-06-28 04:45:00"
"332588",20,"241.7","2021-06-28 05:00:00"
"333839",20,"281.5","2021-05-17 03:00:00"
"333946",20,"282.2","2021-05-17 03:15:00"
"289606",20,"258.1","2021-05-15 00:00:00"
"289719",20,"246.4","2021-05-15 00:15:00"
"289835",20,"230.1","2021-05-15 00:30:00"
"289813",20,"0","2021-06-26 04:15:00"
"289915",20,"0","2021-06-26 04:30:00"
"289949",20,"0","2021-05-15 00:45:00"
"290037",20,"0","2021-05-15 01:00:00"
"290146",20,"0","2021-05-15 01:15:00"
"290043",20,"270.6","2021-06-26 04:45:00"
"290149",20,"257.6","2021-06-26 05:00:00"
"290241",20,"0","2021-06-26 05:15:00"
"290889",20,"69.7","2021-03-03 18:15:00"
"290972",20,"63","2021-03-03 18:30:00"
"290840",20,"0","2021-06-26 07:15:00"
"291002",20,"0","2021-06-26 07:30:00"
"293814",20,"0","2021-06-26 07:45:00"
"291056",20,"75.2","2021-03-03 18:45:00"
"291110",20,"79.6","2021-03-03 19:00:00"
"291164",20,"81.1","2021-03-03 19:15:00"
"291218",20,"81.2","2021-03-03 19:30:00"
"291272",20,"81","2021-03-03 19:45:00"
"291842",20,"101.5","2021-03-03 22:00:00"
"294243",20,"85","2021-03-03 22:15:00"
"291992",20,"94.7","2021-04-05 22:45:00"
"292046",20,"99.4","2021-04-05 23:00:00"
"292100",20,"97.2","2021-04-05 23:15:00"
"292154",20,"99.8","2021-04-05 23:30:00"
"292208",20,"110.7","2021-04-05 23:45:00"
"292262",20,"127.4","2021-04-06 00:00:00"
"292316",20,"134.3","2021-04-06 00:15:00"
"292870",20,"126.8","2021-05-15 02:00:00"
"292924",20,"90.4","2021-05-15 02:15:00"
"292978",20,"99.6","2021-05-15 02:30:00"
"293032",20,"102.6","2021-05-15 02:45:00"
"293086",20,"108.2","2021-05-15 03:00:00"
"293140",20,"133.5","2021-05-15 03:15:00"
"293194",20,"150.7","2021-05-15 03:30:00"
"293248",20,"142.6","2021-05-15 03:45:00"
"293302",20,"158.1","2021-05-15 04:00:00"
"293356",20,"139.9","2021-05-15 04:15:00"
"294030",20,"0","2021-06-26 08:45:00"
"294084",20,"102.3","2021-06-26 09:00:00"
"294138",20,"98","2021-06-26 09:15:00"
"294211",20,"89.8","2021-06-26 09:30:00"
"294294",20,"97.6","2021-06-26 09:45:00"
"294372",20,"108.4","2021-06-26 10:00:00"
"294440",20,"93","2021-06-26 10:15:00"
"294438",20,"78.8","2021-03-03 22:30:00"
"294622",20,"83.6","2021-03-03 22:45:00"
"294803",20,"82.4","2021-03-03 23:00:00"
"295190",20,"0","2021-03-04 00:00:00"
"295244",20,"0","2021-03-04 00:15:00"
"295298",20,"0","2021-03-04 00:30:00"
"295352",20,"0","2021-03-04 00:45:00"
"295406",20,"0","2021-03-04 01:00:00"
"295460",20,"283.9","2021-03-04 01:15:00"
"295514",20,"279.3","2021-03-04 01:30:00"
"295568",20,"264.7","2021-03-04 01:45:00"
"295622",20,"277.8","2021-03-04 02:00:00"
"295676",20,"292.2","2021-03-04 02:15:00"
"296375",20,"169.1","2021-04-06 05:00:00"
"296477",20,"0","2021-04-06 05:15:00"
"296580",20,"164.2","2021-04-06 05:30:00"
"296428",20,"144.2","2021-05-15 06:30:00"
"296551",20,"143.5","2021-05-15 06:45:00"
"296653",20,"170.6","2021-05-15 07:00:00"
"296688",20,"0","2021-04-06 05:45:00"
"296792",20,"0","2021-04-06 06:00:00"
"296770",20,"0","2021-05-15 07:15:00"
"296874",20,"163.7","2021-05-15 07:30:00"
"297382",20,"149.1","2021-05-15 09:00:00"
"297436",20,"147.7","2021-05-15 09:15:00"
"297490",20,"149.1","2021-05-15 09:30:00"
"297544",20,"132.1","2021-05-15 09:45:00"
"297598",20,"147.1","2021-05-15 10:00:00"
"297652",20,"137.8","2021-05-15 10:15:00"
"297706",20,"117.2","2021-05-15 10:30:00"
"297760",20,"103.5","2021-05-15 10:45:00"
"299320",20,"80.3","2021-05-15 11:00:00"
"299422",20,"117.4","2021-05-15 11:15:00"
"298380",20,"40.9","2021-06-26 15:00:00"
"298434",20,"46","2021-06-26 15:15:00"
"298488",20,"25.7","2021-06-26 15:30:00"
"298542",20,"14.1","2021-06-26 15:45:00"
"298596",20,"33.8","2021-06-26 16:00:00"
"298650",20,"36.4","2021-06-26 16:15:00"
"298704",20,"47","2021-06-26 16:30:00"
"298758",20,"58.9","2021-06-26 16:45:00"
"301812",20,"53.5","2021-06-26 17:00:00"
"301866",20,"53.9","2021-06-26 17:15:00"
"299948",20,"0","2021-03-04 06:30:00"
"300059",20,"0","2021-03-04 06:45:00"
"300155",20,"0","2021-03-04 07:00:00"
"300262",20,"78","2021-03-04 07:15:00"
"302103",20,"86.5","2021-03-04 07:30:00"
"302277",20,"81.6","2021-03-04 07:45:00"
"300288",20,"233.5","2021-05-15 13:15:00"
"300354",20,"250.8","2021-05-15 13:30:00"
"300408",20,"251.9","2021-05-15 13:45:00"
"300462",20,"229.6","2021-05-15 14:00:00"
"300528",20,"263.1","2021-05-15 14:15:00"
"301746",20,"95.8","2021-04-06 11:30:00"
"302069",20,"98.4","2021-04-06 11:45:00"
"301920",20,"57.1","2021-06-26 17:30:00"
"301980",20,"82.8","2021-06-26 17:45:00"
"302210",20,"93.1","2021-06-26 18:00:00"
"302223",20,"198.2","2021-05-15 15:45:00"
"302454",20,"152.2","2021-05-15 16:00:00"
"302695",20,"175.6","2021-05-15 16:15:00"
"302252",20,"99.6","2021-04-06 12:00:00"
"302411",20,"86.9","2021-04-06 12:15:00"
"302628",20,"108.8","2021-04-06 12:30:00"
"303623",20,"85.7","2021-05-15 17:00:00"
"303849",20,"115","2021-05-15 17:15:00"
"304078",20,"154.5","2021-05-15 17:30:00"
"303673",20,"189.8","2021-04-06 14:00:00"
"303879",20,"143.2","2021-04-06 14:15:00"
"303671",20,"353.1","2021-03-04 09:45:00"
"303948",20,"353.2","2021-03-04 10:00:00"
"304178",20,"1.8","2021-03-04 10:15:00"
"303811",20,"0","2021-06-26 19:30:00"
"303976",20,"0","2021-06-26 19:45:00"
"304134",20,"0","2021-06-26 20:00:00"
"305155",20,"291.9","2021-03-04 11:45:00"
"305782",20,"289.6","2021-03-04 12:00:00"
"305438",20,"149.7","2021-04-06 16:00:00"
"305590",20,"155","2021-04-06 16:15:00"
"305431",20,"53.7","2021-05-15 19:00:00"
"305586",20,"0","2021-05-15 19:15:00"
"306784",20,"208.3","2021-06-26 21:30:00"
"306838",20,"0","2021-06-26 21:45:00"
"307558",20,"121.1","2021-04-06 17:15:00"
"307717",20,"168","2021-04-06 17:30:00"
"307514",20,"273.3","2021-06-27 00:00:00"
"307598",20,"277.3","2021-06-27 00:15:00"
"307673",20,"0","2021-06-27 00:30:00"
"307778",20,"0","2021-06-27 00:45:00"
"307870",20,"0","2021-06-27 01:00:00"
"307830",20,"157.6","2021-04-06 17:45:00"
"307969",20,"143.8","2021-04-06 18:00:00"
"308081",20,"148.4","2021-04-06 18:15:00"
"308978",20,"131","2021-04-06 20:15:00"
"309076",20,"132.5","2021-04-06 20:30:00"
"309166",20,"120.1","2021-04-06 20:45:00"
"309244",20,"142","2021-05-15 22:15:00"
"309298",20,"138.8","2021-05-15 22:30:00"
"310798",20,"114.2","2021-04-06 21:00:00"
"310852",20,"127","2021-04-06 21:15:00"
"310906",20,"149.9","2021-04-06 21:30:00"
"309352",20,"131.8","2021-05-15 22:45:00"
"309406",20,"130.1","2021-05-15 23:00:00"
"309460",20,"143.2","2021-05-15 23:15:00"
"310510",20,"44.1","2021-03-04 20:00:00"
"310564",20,"34.2","2021-03-04 20:15:00"
"310618",20,"42.7","2021-03-04 20:30:00"
"310672",20,"32.7","2021-03-04 20:45:00"
"310726",20,"18.1","2021-03-04 21:00:00"
"310780",20,"14.5","2021-03-04 21:15:00"
"313834",20,"21.9","2021-03-04 21:30:00"
"313888",20,"27.7","2021-03-04 21:45:00"
"310960",20,"126.5","2021-04-06 21:45:00"
"311014",20,"125.2","2021-04-06 22:00:00"
"312297",20,"0","2021-06-27 03:15:00"
"312395",20,"0","2021-06-27 03:30:00"
"312302",20,"0","2021-05-16 02:00:00"
"312414",20,"0","2021-05-16 02:15:00"
"312501",20,"0","2021-05-16 02:30:00"
"312578",20,"111.1","2021-05-16 02:45:00"
"312660",20,"91.3","2021-05-16 03:00:00"
"312546",20,"0","2021-06-27 03:45:00"
"312713",20,"0","2021-06-27 04:00:00"
"313043",20,"34.6","2021-06-27 04:15:00"
"313942",20,"36.1","2021-03-04 22:00:00"
"313996",20,"35.7","2021-03-04 22:15:00"
"314050",20,"25.9","2021-03-04 22:30:00"
"314104",20,"22.8","2021-03-04 22:45:00"
"314158",20,"21.8","2021-03-04 23:00:00"
"314212",20,"26.2","2021-03-04 23:15:00"
"314266",20,"25","2021-03-04 23:30:00"
"314320",20,"18.4","2021-03-04 23:45:00"
"314374",20,"0.9","2021-03-05 00:00:00"
"314428",20,"2.9","2021-03-05 00:15:00"
"315580",20,"111","2021-04-07 05:15:00"
"315634",20,"114.5","2021-04-07 05:30:00"
"315688",20,"111.7","2021-04-07 05:45:00"
"315742",20,"112","2021-04-07 06:00:00"
"318796",20,"114.9","2021-04-07 06:15:00"
"315864",20,"124.4","2021-05-16 05:45:00"
"315918",20,"130.3","2021-05-16 06:00:00"
"315972",20,"139.4","2021-05-16 06:15:00"
"316026",20,"139.3","2021-05-16 06:30:00"
"316102",20,"132.3","2021-05-16 06:45:00"
"317189",20,"30.6","2021-06-27 10:15:00"
"317267",20,"23.9","2021-06-27 10:30:00"
"317351",20,"44.4","2021-06-27 10:45:00"
"317426",20,"17.3","2021-06-27 11:00:00"
"317503",20,"10.1","2021-06-27 11:15:00"
"319620",20,"22.3","2021-06-27 11:30:00"
"319700",20,"29.8","2021-06-27 11:45:00"
"317566",20,"122.9","2021-05-16 09:00:00"
"317620",20,"93.7","2021-05-16 09:15:00"
"317674",20,"121.8","2021-05-16 09:30:00"
"318850",20,"104.6","2021-04-07 06:30:00"
"318904",20,"106.1","2021-04-07 06:45:00"
"318958",20,"108.1","2021-04-07 07:00:00"
"319012",20,"110.5","2021-04-07 07:15:00"
"319066",20,"105.6","2021-04-07 07:30:00"
"319120",20,"115.3","2021-04-07 07:45:00"
"319174",20,"111.5","2021-04-07 08:00:00"
"319228",20,"111.2","2021-04-07 08:15:00"
"319282",20,"113.9","2021-04-07 08:30:00"
"319336",20,"108.6","2021-04-07 08:45:00"
"319390",20,"102.3","2021-04-07 09:00:00"
"320618",20,"327.1","2021-06-27 15:15:00"
"320672",20,"356.1","2021-06-27 15:30:00"
"320726",20,"337.5","2021-06-27 15:45:00"
"320780",20,"342.8","2021-06-27 16:00:00"
"322834",20,"318.5","2021-06-27 16:15:00"
"320836",20,"120.4","2021-05-16 10:15:00"
"320890",20,"102.2","2021-05-16 10:30:00"
"320944",20,"135","2021-05-16 10:45:00"
"320998",20,"86.3","2021-05-16 11:00:00"
"321052",20,"52.8","2021-05-16 11:15:00"
"322264",20,"305.6","2021-03-05 08:45:00"
"322318",20,"313.6","2021-03-05 09:00:00"
"322372",20,"330.9","2021-03-05 09:15:00"
"322426",20,"316.9","2021-03-05 09:30:00"
"322480",20,"324.9","2021-03-05 09:45:00"
"322534",20,"323.5","2021-03-05 10:00:00"
"322588",20,"319.3","2021-03-05 10:15:00"
"322642",20,"300.2","2021-03-05 10:30:00"
"322696",20,"294.7","2021-03-05 10:45:00"
"322750",20,"306.2","2021-03-05 11:00:00"
"324015",20,"94.1","2021-04-07 13:00:00"
"324120",20,"103.5","2021-04-07 13:15:00"
"324115",20,"286.3","2021-06-27 19:45:00"
"324212",20,"256.1","2021-06-27 20:00:00"
"324324",20,"247.6","2021-06-27 20:15:00"
"324241",20,"83.8","2021-04-07 13:30:00"
"324343",20,"83.5","2021-04-07 13:45:00"
"324427",20,"83.1","2021-04-07 14:00:00"
"324460",20,"249","2021-06-27 20:30:00"
"326824",20,"244.7","2021-06-27 20:45:00"
"325468",20,"328.5","2021-03-05 12:45:00"
"325857",20,"331.7","2021-03-05 13:00:00"
"325636",20,"321.6","2021-05-16 16:45:00"
"325690",20,"284","2021-05-16 17:00:00"
"325744",20,"0","2021-05-16 17:15:00"
"325798",20,"164","2021-05-16 17:30:00"
"325858",20,"157.6","2021-05-16 17:45:00"
"325966",20,"157.4","2021-05-16 18:00:00"
"326061",20,"0","2021-05-16 18:15:00"
"327144",20,"97.5","2021-04-07 16:15:00"
"327242",20,"96.9","2021-04-07 16:30:00"
"327261",20,"251.1","2021-06-27 21:45:00"
"327383",20,"247.6","2021-06-27 22:00:00"
"327336",20,"98.8","2021-04-07 16:45:00"
"327450",20,"95.1","2021-04-07 17:00:00"
"327572",20,"97","2021-04-07 17:15:00"
"327482",20,"238.6","2021-06-27 22:15:00"
"327579",20,"244.5","2021-06-27 22:30:00"
"327710",20,"245","2021-06-27 22:45:00"
"329424",20,"289.5","2021-05-16 21:15:00"
"329547",20,"0","2021-05-16 21:30:00"
"329517",20,"311.7","2021-03-05 17:00:00"
"329630",20,"299.6","2021-03-05 17:15:00"
"329740",20,"293.5","2021-03-05 17:30:00"
"329649",20,"0","2021-05-16 21:45:00"
"329755",20,"0","2021-05-16 22:00:00"
"329862",20,"0","2021-05-16 22:15:00"
"329850",20,"315.2","2021-03-05 17:45:00"
"329942",20,"314.4","2021-03-05 18:00:00"
"330037",20,"307.8","2021-03-05 18:15:00"
"331036",20,"99.2","2021-04-07 21:15:00"
"331090",20,"97.7","2021-04-07 21:30:00"
"331144",20,"97.9","2021-04-07 21:45:00"
"331198",20,"100.2","2021-04-07 22:00:00"
"331252",20,"94.1","2021-04-07 22:15:00"
"331306",20,"96.1","2021-04-07 22:30:00"
"331360",20,"92.6","2021-04-07 22:45:00"
"331414",20,"97.1","2021-04-07 23:00:00"
"331468",20,"101.9","2021-04-07 23:15:00"
"331540",20,"101","2021-04-07 23:30:00"
"332642",20,"239.8","2021-06-28 05:15:00"
"332696",20,"253.9","2021-06-28 05:30:00"
"332750",20,"239.3","2021-06-28 05:45:00"
"335804",20,"245.2","2021-06-28 06:00:00"
"335858",20,"244.7","2021-06-28 06:15:00"
"335912",20,"248.7","2021-06-28 06:30:00"
"332860",20,"130.1","2021-05-17 00:15:00"
"332914",20,"0","2021-05-17 00:30:00"
"332968",20,"255.4","2021-05-17 00:45:00"
"333022",20,"253.9","2021-05-17 01:00:00"
"291326",20,"71.4","2021-03-03 20:00:00"
"291380",20,"65.8","2021-03-03 20:15:00"
"291434",20,"78.1","2021-03-03 20:30:00"
"291488",20,"70.6","2021-03-03 20:45:00"
"291542",20,"76.5","2021-03-03 21:00:00"
"291607",20,"85.2","2021-03-03 21:15:00"
"291685",20,"87.8","2021-03-03 21:30:00"
"291762",20,"94.2","2021-03-03 21:45:00"
"291731",20,"114.3","2021-04-05 22:00:00"
"291884",20,"111.3","2021-04-05 22:15:00"
"291938",20,"105.5","2021-04-05 22:30:00"
"292370",20,"127.7","2021-04-06 00:30:00"
"292424",20,"119.1","2021-04-06 00:45:00"
"292478",20,"130.6","2021-04-06 01:00:00"
"292532",20,"130.8","2021-04-06 01:15:00"
"292586",20,"123.3","2021-04-06 01:30:00"
"292640",20,"124.3","2021-04-06 01:45:00"
"292694",20,"124.8","2021-04-06 02:00:00"
"292748",20,"130.4","2021-04-06 02:15:00"
"295802",20,"125.1","2021-04-06 02:30:00"
"295856",20,"106.4","2021-04-06 02:45:00"
"293410",20,"148.6","2021-05-15 04:30:00"
"293464",20,"0","2021-05-15 04:45:00"
"293518",20,"0","2021-05-15 05:00:00"
"293572",20,"0","2021-05-15 05:15:00"
"293626",20,"164.7","2021-05-15 05:30:00"
"293680",20,"137.3","2021-05-15 05:45:00"
"293734",20,"153.7","2021-05-15 06:00:00"
"296328",20,"146.1","2021-05-15 06:15:00"
"293868",20,"0","2021-06-26 08:00:00"
"293922",20,"0","2021-06-26 08:15:00"
"293976",20,"0","2021-06-26 08:30:00"
"294513",20,"93","2021-06-26 10:30:00"
"294588",20,"83.6","2021-06-26 10:45:00"
"294669",20,"84.1","2021-06-26 11:00:00"
"294746",20,"77.6","2021-06-26 11:15:00"
"294824",20,"58.5","2021-06-26 11:30:00"
"294901",20,"61.3","2021-06-26 11:45:00"
"294975",20,"63.2","2021-06-26 12:00:00"
"297786",20,"52.7","2021-06-26 12:15:00"
"294990",20,"69.1","2021-03-03 23:15:00"
"295082",20,"72.1","2021-03-03 23:30:00"
"295136",20,"74.6","2021-03-03 23:45:00"
"295730",20,"297","2021-03-04 02:30:00"
"298784",20,"296","2021-03-04 02:45:00"
"295910",20,"106.3","2021-04-06 03:00:00"
"295964",20,"95.9","2021-04-06 03:15:00"
"296018",20,"95.2","2021-04-06 03:30:00"
"296072",20,"97.9","2021-04-06 03:45:00"
"296126",20,"99.3","2021-04-06 04:00:00"
"296180",20,"120.6","2021-04-06 04:15:00"
"296234",20,"118.2","2021-04-06 04:30:00"
"296288",20,"144.5","2021-04-06 04:45:00"
"296906",20,"209.7","2021-04-06 06:15:00"
"297009",20,"0","2021-04-06 06:30:00"
"297105",20,"171.1","2021-04-06 06:45:00"
"296985",20,"0","2021-05-15 07:45:00"
"297106",20,"0","2021-05-15 08:00:00"
"297209",20,"209.1","2021-05-15 08:15:00"
"297217",20,"172.7","2021-04-06 07:00:00"
"300596",20,"172.6","2021-04-06 07:15:00"
"297274",20,"200.7","2021-05-15 08:30:00"
"297328",20,"164.8","2021-05-15 08:45:00"
"297840",20,"63.5","2021-06-26 12:30:00"
"297894",20,"65.7","2021-06-26 12:45:00"
"297948",20,"76.2","2021-06-26 13:00:00"
"298002",20,"60.5","2021-06-26 13:15:00"
"298056",20,"36","2021-06-26 13:30:00"
"298110",20,"38","2021-06-26 13:45:00"
"298164",20,"38.8","2021-06-26 14:00:00"
"298218",20,"43.4","2021-06-26 14:15:00"
"298272",20,"47.1","2021-06-26 14:30:00"
"298326",20,"42.3","2021-06-26 14:45:00"
"299525",20,"115.6","2021-05-15 11:30:00"
"299649",20,"109.1","2021-05-15 11:45:00"
"299755",20,"89.4","2021-05-15 12:00:00"
"299607",20,"0","2021-03-04 05:45:00"
"299715",20,"0","2021-03-04 06:00:00"
"299835",20,"0","2021-03-04 06:15:00"
"299851",20,"49.8","2021-05-15 12:15:00"
"299955",20,"15","2021-05-15 12:30:00"
"300060",20,"145.7","2021-05-15 12:45:00"
"300180",20,"279.4","2021-05-15 13:00:00"
"301152",20,"155.9","2021-04-06 08:45:00"
"301206",20,"152.5","2021-04-06 09:00:00"
"301260",20,"146.7","2021-04-06 09:15:00"
"301314",20,"137.3","2021-04-06 09:30:00"
"301368",20,"130.9","2021-04-06 09:45:00"
"301422",20,"131.7","2021-04-06 10:00:00"
"301476",20,"103.7","2021-04-06 10:15:00"
"301530",20,"108.1","2021-04-06 10:30:00"
"301584",20,"111.4","2021-04-06 10:45:00"
"301638",20,"106.1","2021-04-06 11:00:00"
"301692",20,"104.7","2021-04-06 11:15:00"
"302833",20,"53.3","2021-03-04 08:30:00"
"303020",20,"45.5","2021-03-04 08:45:00"
"303169",20,"37.9","2021-03-04 09:00:00"
"303069",20,"54.1","2021-06-26 18:45:00"
"303339",20,"0","2021-06-26 19:00:00"
"303607",20,"0","2021-06-26 19:15:00"
"303115",20,"183.8","2021-04-06 13:15:00"
"303278",20,"135.2","2021-04-06 13:30:00"
"303486",20,"165.8","2021-04-06 13:45:00"
"303334",20,"34.8","2021-03-04 09:15:00"
"303494",20,"28.1","2021-03-04 09:30:00"
"304707",20,"351.3","2021-03-04 11:00:00"
"304860",20,"346.2","2021-03-04 11:15:00"
"305017",20,"327.6","2021-03-04 11:30:00"
"304818",20,"152.3","2021-04-06 15:15:00"
"305028",20,"127.7","2021-04-06 15:30:00"
"305270",20,"165.5","2021-04-06 15:45:00"
"304767",20,"89.3","2021-05-15 18:15:00"
"305012",20,"89.1","2021-05-15 18:30:00"
"305259",20,"78.5","2021-05-15 18:45:00"
"304900",20,"277.4","2021-06-26 20:45:00"
"305221",20,"0","2021-06-26 21:00:00"
"305419",20,"0","2021-06-26 21:15:00"
"306268",20,"272.3","2021-03-04 14:15:00"
"306322",20,"291","2021-03-04 14:30:00"
"306376",20,"288.8","2021-03-04 14:45:00"
"306430",20,"270.7","2021-03-04 15:00:00"
"306484",20,"274.9","2021-03-04 15:15:00"
"306538",20,"270","2021-03-04 15:30:00"
"306592",20,"269.4","2021-03-04 15:45:00"
"306646",20,"275.1","2021-03-04 16:00:00"
"306700",20,"273.7","2021-03-04 16:15:00"
"306754",20,"261.9","2021-03-04 16:30:00"
"307958",20,"56.5","2021-06-27 01:15:00"
"308062",20,"48","2021-06-27 01:30:00"
"308166",20,"38.7","2021-06-27 01:45:00"
"308187",20,"151.3","2021-04-06 18:30:00"
"308337",20,"153.6","2021-04-06 18:45:00"
"308336",20,"313.9","2021-06-27 02:00:00"
"311856",20,"278.8","2021-06-27 02:15:00"
"308281",20,"219.3","2021-05-15 20:15:00"
"308441",20,"211.4","2021-05-15 20:30:00"
"309514",20,"275.6","2021-05-15 23:30:00"
"309568",20,"278","2021-05-15 23:45:00"
"309622",20,"0","2021-05-16 00:00:00"
"309676",20,"262.1","2021-05-16 00:15:00"
"309730",20,"268.7","2021-05-16 00:30:00"
"311784",20,"275.2","2021-05-16 00:45:00"
"311878",20,"264.9","2021-05-16 01:00:00"
"309808",20,"233.1","2021-03-04 16:45:00"
"309862",20,"258.3","2021-03-04 17:00:00"
"309916",20,"260.1","2021-03-04 17:15:00"
"311068",20,"121.3","2021-04-06 22:15:00"
"311122",20,"116.8","2021-04-06 22:30:00"
"311176",20,"112.3","2021-04-06 22:45:00"
"311230",20,"113.8","2021-04-06 23:00:00"
"311284",20,"111.5","2021-04-06 23:15:00"
"311338",20,"111.2","2021-04-06 23:30:00"
"311392",20,"118","2021-04-06 23:45:00"
"311446",20,"117.4","2021-04-07 00:00:00"
"311500",20,"112.9","2021-04-07 00:15:00"
"311554",20,"102.3","2021-04-07 00:30:00"
"312740",20,"106.4","2021-05-16 03:15:00"
"312798",20,"107.5","2021-05-16 03:30:00"
"312852",20,"109.2","2021-05-16 03:45:00"
"312906",20,"102.1","2021-05-16 04:00:00"
"312960",20,"100","2021-05-16 04:15:00"
"313068",20,"109.4","2021-05-16 04:30:00"
"313160",20,"111.7","2021-05-16 04:45:00"
"313267",20,"127","2021-05-16 05:00:00"
"313167",20,"38.5","2021-06-27 04:30:00"
"313276",20,"23.8","2021-06-27 04:45:00"
"314482",20,"1.3","2021-03-05 00:30:00"
"314560",20,"350.8","2021-03-05 00:45:00"
"314683",20,"357.2","2021-03-05 01:00:00"
"314690",20,"97.8","2021-04-07 02:00:00"
"314828",20,"97.6","2021-04-07 02:15:00"
"314935",20,"98.9","2021-04-07 02:30:00"
"314761",20,"350.6","2021-03-05 01:15:00"
"314871",20,"349.8","2021-03-05 01:30:00"
"314983",20,"348.5","2021-03-05 01:45:00"
"317796",20,"348.4","2021-03-05 02:00:00"
"317860",20,"349.1","2021-03-05 02:15:00"
"316155",20,"0","2021-06-27 07:00:00"
"316231",20,"0","2021-06-27 07:15:00"
"316302",20,"0","2021-06-27 07:30:00"
"316286",20,"0","2021-05-16 07:00:00"
"316445",20,"138.5","2021-05-16 07:15:00"
"316603",20,"135.4","2021-05-16 07:30:00"
"316381",20,"0","2021-06-27 07:45:00"
"316467",20,"0","2021-06-27 08:00:00"
"316553",20,"0","2021-06-27 08:15:00"
"316633",20,"0","2021-06-27 08:30:00"
"316703",20,"40.9","2021-06-27 08:45:00"
"318292",20,"344.3","2021-03-05 04:15:00"
"318346",20,"354.9","2021-03-05 04:30:00"
"318400",20,"2.9","2021-03-05 04:45:00"
"318454",20,"359.3","2021-03-05 05:00:00"
"318508",20,"351.6","2021-03-05 05:15:00"
"318562",20,"7.1","2021-03-05 05:30:00"
"318616",20,"3.5","2021-03-05 05:45:00"
"318670",20,"351.9","2021-03-05 06:00:00"
"318724",20,"340.4","2021-03-05 06:15:00"
"318778",20,"329.2","2021-03-05 06:30:00"
"321832",20,"325.5","2021-03-05 06:45:00"
"319444",20,"100.8","2021-04-07 09:15:00"
"319498",20,"102.6","2021-04-07 09:30:00"
"319552",20,"104.4","2021-04-07 09:45:00"
"319664",20,"91.8","2021-04-07 10:00:00"
"319810",20,"74.6","2021-04-07 10:15:00"
"319787",20,"42","2021-06-27 12:00:00"
"319864",20,"23","2021-06-27 12:15:00"
"319940",20,"31.7","2021-06-27 12:30:00"
"319995",20,"79","2021-04-07 10:30:00"
"320158",20,"83.6","2021-04-07 10:45:00"
"321106",20,"91.2","2021-05-16 11:30:00"
"321160",20,"78.1","2021-05-16 11:45:00"
"321214",20,"30.3","2021-05-16 12:00:00"
"321268",20,"11.1","2021-05-16 12:15:00"
"321322",20,"356.1","2021-05-16 12:30:00"
"321376",20,"108.4","2021-05-16 12:45:00"
"321430",20,"65.7","2021-05-16 13:00:00"
"321484",20,"147.1","2021-05-16 13:15:00"
"321538",20,"173.9","2021-05-16 13:30:00"
"321592",20,"132.8","2021-05-16 13:45:00"
"322888",20,"313.1","2021-06-27 16:30:00"
"322942",20,"314.6","2021-06-27 16:45:00"
"322996",20,"328.9","2021-06-27 17:00:00"
"323050",20,"328.9","2021-06-27 17:15:00"
"323132",20,"339.6","2021-06-27 17:30:00"
"323151",20,"87.8","2021-04-07 11:00:00"
"323264",20,"86.9","2021-04-07 11:15:00"
"323375",20,"96.4","2021-04-07 11:30:00"
"323242",20,"341.7","2021-06-27 17:45:00"
"323349",20,"330.2","2021-06-27 18:00:00"
"323465",20,"276.7","2021-06-27 18:15:00"
"324515",20,"85","2021-04-07 14:15:00"
"324578",20,"66.6","2021-04-07 14:30:00"
"324632",20,"96.8","2021-04-07 14:45:00"
"324686",20,"109.5","2021-04-07 15:00:00"
"324740",20,"90.4","2021-04-07 15:15:00"
"326815",20,"93","2021-04-07 15:30:00"
"326917",20,"94.2","2021-04-07 15:45:00"
"327030",20,"85.5","2021-04-07 16:00:00"
"324834",20,"248.8","2021-05-16 14:45:00"
"324933",20,"222.6","2021-05-16 15:00:00"
"325068",20,"262.9","2021-05-16 15:15:00"
"326506",20,"305","2021-03-05 14:30:00"
"326560",20,"292.2","2021-03-05 14:45:00"
"326614",20,"287.8","2021-03-05 15:00:00"
"326668",20,"285.1","2021-03-05 15:15:00"
"326722",20,"291.2","2021-03-05 15:30:00"
"326776",20,"277.4","2021-03-05 15:45:00"
"329109",20,"284","2021-03-05 16:00:00"
"329204",20,"304.6","2021-03-05 16:15:00"
"326937",20,"248.8","2021-06-27 21:00:00"
"327041",20,"251.4","2021-06-27 21:15:00"
"327143",20,"249.1","2021-06-27 21:30:00"
"328136",20,"249.8","2021-06-27 23:30:00"
"328245",20,"251.2","2021-06-27 23:45:00"
"328349",20,"254.3","2021-06-28 00:00:00"
"328314",20,"97.8","2021-04-07 19:15:00"
"328411",20,"97.7","2021-04-07 19:30:00"
"328513",20,"99.5","2021-04-07 19:45:00"
"328462",20,"246.7","2021-06-28 00:15:00"
"328580",20,"246.3","2021-06-28 00:30:00"
"328670",20,"250.2","2021-06-28 00:45:00"
"328625",20,"103.8","2021-04-07 20:00:00"
"330820",20,"106.3","2021-04-07 20:15:00"
"330874",20,"99.4","2021-04-07 20:30:00"
"329985",20,"0","2021-05-16 22:30:00"
"330091",20,"267.4","2021-05-16 22:45:00"
"330167",20,"306.6","2021-03-05 18:30:00"
"330271",20,"318.1","2021-03-05 18:45:00"
"330196",20,"266.4","2021-05-16 23:00:00"
"330303",20,"271.2","2021-05-16 23:15:00"
"330407",20,"168.6","2021-05-16 23:30:00"
"330384",20,"310.7","2021-03-05 19:00:00"
"330486",20,"308.1","2021-03-05 19:15:00"
"330580",20,"338.5","2021-03-05 19:30:00"
"331621",20,"237.7","2021-06-28 01:30:00"
"331707",20,"220.3","2021-06-28 01:45:00"
"331804",20,"218.8","2021-06-28 02:00:00"
"331646",20,"103.5","2021-04-07 23:45:00"
"331775",20,"107.3","2021-04-08 00:00:00"
"331876",20,"112.7","2021-04-08 00:15:00"
"331917",20,"223.9","2021-06-28 02:15:00"
"332021",20,"217.4","2021-06-28 02:30:00"
"331989",20,"112.1","2021-04-08 00:30:00"
"334792",20,"113.6","2021-04-08 00:45:00"
"333218",20,"0","2021-05-17 01:30:00"
"333305",20,"273.4","2021-05-17 01:45:00"
"333413",20,"276.4","2021-05-17 02:00:00"
"333324",20,"0","2021-03-05 21:00:00"
"333433",20,"0","2021-03-05 21:15:00"
"333519",20,"278.4","2021-05-17 02:15:00"
"333634",20,"268.1","2021-05-17 02:30:00"
"333742",20,"279.7","2021-05-17 02:45:00"
"333546",20,"239.6","2021-03-05 21:30:00"
"333869",20,"0","2021-03-05 22:15:00"
"333976",20,"0","2021-03-05 22:30:00"
"334059",20,"276.7","2021-05-17 03:30:00"
"334166",20,"284.5","2021-05-17 03:45:00"
"334272",20,"282.4","2021-05-17 04:00:00"
"334086",20,"0","2021-03-05 22:45:00"
"334190",20,"282.4","2021-03-05 23:00:00"
"334297",20,"0","2021-03-05 23:15:00"
"343262",20,"0","2021-03-06 07:15:00"
"343383",20,"0","2021-03-06 07:30:00"
"343301",20,"258.4","2021-05-17 14:30:00"
"343397",20,"248.3","2021-05-17 14:45:00"
"343479",20,"0","2021-03-06 07:45:00"
"343586",20,"0","2021-03-06 08:00:00"
"343695",20,"0","2021-03-06 08:15:00"
"343520",20,"254.4","2021-05-17 15:00:00"
"343625",20,"259.4","2021-05-17 15:15:00"
"343727",20,"250.7","2021-05-17 15:30:00"
"344748",20,"236.2","2021-05-17 18:15:00"
"346802",20,"239.9","2021-05-17 18:30:00"
"344924",20,"77","2021-04-08 15:15:00"
"344978",20,"80.5","2021-04-08 15:30:00"
"345032",20,"76.5","2021-04-08 15:45:00"
"345086",20,"63","2021-04-08 16:00:00"
"345140",20,"77.1","2021-04-08 16:15:00"
"345194",20,"85.1","2021-04-08 16:30:00"
"345248",20,"84.6","2021-04-08 16:45:00"
"345856",20,"228.2","2021-06-28 15:30:00"
"345910",20,"223","2021-06-28 15:45:00"
"345964",20,"223.8","2021-06-28 16:00:00"
"346018",20,"225.3","2021-06-28 16:15:00"
"346072",20,"224.7","2021-06-28 16:30:00"
"346126",20,"224.9","2021-06-28 16:45:00"
"346180",20,"221.6","2021-06-28 17:00:00"
"346234",20,"225.4","2021-06-28 17:15:00"
"346288",20,"230.4","2021-06-28 17:30:00"
"346342",20,"219.4","2021-06-28 17:45:00"
"346396",20,"226.3","2021-06-28 18:00:00"
"347558",20,"257.2","2021-05-17 22:00:00"
"347612",20,"0","2021-05-17 22:15:00"
"347666",20,"0","2021-05-17 22:30:00"
"347720",20,"0","2021-05-17 22:45:00"
"347774",20,"0","2021-05-17 23:00:00"
"347934",20,"80.4","2021-03-06 11:00:00"
"347988",20,"78.7","2021-03-06 11:15:00"
"348042",20,"178.1","2021-03-06 11:30:00"
"348096",20,"147.9","2021-03-06 11:45:00"
"348150",20,"146.1","2021-03-06 12:00:00"
"349259",20,"0","2021-05-17 23:15:00"
"349396",20,"0","2021-05-17 23:30:00"
"349554",20,"0","2021-05-17 23:45:00"
"349381",20,"99.8","2021-04-08 21:00:00"
"349534",20,"103.4","2021-04-08 21:15:00"
"349695",20,"231.4","2021-06-28 20:45:00"
"349889",20,"233.8","2021-06-28 21:00:00"
"349703",20,"244.7","2021-05-18 00:00:00"
"349851",20,"261.9","2021-05-18 00:15:00"
"350992",20,"0","2021-05-18 02:00:00"
"351162",20,"0","2021-05-18 02:15:00"
"350969",20,"99.1","2021-04-08 23:30:00"
"351121",20,"102.3","2021-04-08 23:45:00"
"351282",20,"229","2021-06-28 23:15:00"
"351425",20,"226.7","2021-06-28 23:30:00"
"351565",20,"231.5","2021-06-28 23:45:00"
"351277",20,"0","2021-05-18 02:30:00"
"351366",20,"261.5","2021-05-18 02:45:00"
"351453",20,"267","2021-05-18 03:00:00"
"352051",20,"123.3","2021-03-06 15:30:00"
"352153",20,"101.7","2021-03-06 15:45:00"
"352130",20,"226.3","2021-05-18 04:30:00"
"352245",20,"179.4","2021-05-18 04:45:00"
"352257",20,"62.3","2021-03-06 16:00:00"
"352375",20,"46.5","2021-03-06 16:15:00"
"352490",20,"16.1","2021-03-06 16:30:00"
"352340",20,"175.2","2021-05-18 05:00:00"
"352447",20,"172.3","2021-05-18 05:15:00"
"352536",20,"187.1","2021-05-18 05:30:00"
"354127",20,"113.1","2021-04-09 01:30:00"
"354192",20,"114.5","2021-04-09 01:45:00"
"354246",20,"120.2","2021-04-09 02:00:00"
"354300",20,"124.8","2021-04-09 02:15:00"
"354354",20,"119.1","2021-04-09 02:30:00"
"354408",20,"107.8","2021-04-09 02:45:00"
"354517",20,"100.3","2021-04-09 03:00:00"
"354630",20,"97.6","2021-04-09 03:15:00"
"354768",20,"99.7","2021-04-09 03:30:00"
"354862",20,"117.2","2021-04-09 03:45:00"
"355772",20,"212.4","2021-06-29 05:00:00"
"357476",20,"210.3","2021-06-29 05:15:00"
"357655",20,"207.8","2021-06-29 05:30:00"
"355934",20,"0","2021-05-18 09:00:00"
"355988",20,"165","2021-05-18 09:15:00"
"356042",20,"174","2021-05-18 09:30:00"
"356096",20,"176.7","2021-05-18 09:45:00"
"356150",20,"170.3","2021-05-18 10:00:00"
"356204",20,"145.1","2021-05-18 10:15:00"
"356258",20,"133.6","2021-05-18 10:30:00"
"357682",20,"0","2021-03-06 22:30:00"
"357869",20,"0","2021-03-06 22:45:00"
"358025",20,"0","2021-03-06 23:00:00"
"357814",20,"264.9","2021-05-18 13:30:00"
"357973",20,"241.8","2021-05-18 13:45:00"
"357946",20,"226.3","2021-06-29 05:45:00"
"358240",20,"225.7","2021-06-29 06:00:00"
"358227",20,"112.2","2021-04-09 05:15:00"
"358495",20,"113.1","2021-04-09 05:30:00"
"359273",20,"210.3","2021-05-18 16:00:00"
"359386",20,"251.8","2021-05-18 16:15:00"
"359431",20,"110.2","2021-04-09 06:30:00"
"359626",20,"103.4","2021-04-09 06:45:00"
"359828",20,"111.1","2021-04-09 07:00:00"
"359522",20,"188.5","2021-05-18 16:30:00"
"359636",20,"233.9","2021-05-18 16:45:00"
"359739",20,"151.2","2021-05-18 17:00:00"
"359622",20,"217.3","2021-06-29 07:30:00"
"359851",20,"216.1","2021-06-29 07:45:00"
"360015",20,"222.6","2021-06-29 08:00:00"
"360338",20,"219.8","2021-06-29 08:45:00"
"360448",20,"218.7","2021-06-29 09:00:00"
"360551",20,"217.9","2021-06-29 09:15:00"
"360569",20,"85.4","2021-04-09 08:30:00"
"360673",20,"88","2021-04-09 08:45:00"
"360662",20,"216","2021-06-29 09:30:00"
"362798",20,"215.7","2021-06-29 09:45:00"
"360758",20,"99.1","2021-04-09 09:00:00"
"363336",20,"111.3","2021-04-09 09:15:00"
"363450",20,"86","2021-04-09 09:30:00"
"362010",20,"237.7","2021-03-07 03:00:00"
"362120",20,"160.2","2021-03-07 03:15:00"
"362046",20,"276.1","2021-05-18 20:30:00"
"362150",20,"274.9","2021-05-18 20:45:00"
"362242",20,"273","2021-05-18 21:00:00"
"362352",20,"273.3","2021-05-18 21:15:00"
"362473",20,"278.4","2021-05-18 21:30:00"
"362245",20,"0","2021-03-07 03:30:00"
"362351",20,"0","2021-03-07 03:45:00"
"362445",20,"292","2021-03-07 04:00:00"
"363690",20,"239.6","2021-06-29 12:45:00"
"363810",20,"228.5","2021-06-29 13:00:00"
"363694",20,"63.3","2021-04-09 10:15:00"
"363794",20,"74","2021-04-09 10:30:00"
"363878",20,"64.5","2021-04-09 10:45:00"
"363967",20,"46.3","2021-04-09 11:00:00"
"364052",20,"59.7","2021-04-09 11:15:00"
"363956",20,"227.3","2021-06-29 13:15:00"
"364112",20,"230.5","2021-06-29 13:30:00"
"364258",20,"232.1","2021-06-29 13:45:00"
"365282",20,"265.6","2021-05-19 00:30:00"
"365381",20,"279.8","2021-05-19 00:45:00"
"365480",20,"269.3","2021-05-19 01:00:00"
"365492",20,"0","2021-03-07 05:15:00"
"365590",20,"0","2021-03-07 05:30:00"
"365597",20,"270.1","2021-05-19 01:15:00"
"365710",20,"273","2021-05-19 01:30:00"
"365692",20,"0","2021-03-07 05:45:00"
"365809",20,"0","2021-03-07 06:00:00"
"365920",20,"0","2021-03-07 06:15:00"
"367058",20,"214","2021-06-29 15:15:00"
"367162",20,"220.6","2021-06-29 15:30:00"
"367142",20,"73.9","2021-04-09 14:15:00"
"367229",20,"78.1","2021-04-09 14:30:00"
"367298",20,"219.7","2021-06-29 15:45:00"
"367442",20,"223.7","2021-06-29 16:00:00"
"367599",20,"220.3","2021-06-29 16:15:00"
"367324",20,"79.8","2021-04-09 14:45:00"
"367409",20,"68.3","2021-04-09 15:00:00"
"367492",20,"54.9","2021-04-09 15:15:00"
"368245",20,"225.1","2021-06-29 17:15:00"
"368406",20,"217.1","2021-06-29 17:30:00"
"368144",20,"55.5","2021-04-09 17:15:00"
"368224",20,"53.5","2021-04-09 17:30:00"
"368306",20,"44.8","2021-04-09 17:45:00"
"368387",20,"50.7","2021-04-09 18:00:00"
"368467",20,"42.8","2021-04-09 18:15:00"
"370526",20,"39.4","2021-04-09 18:30:00"
"368526",20,"220.2","2021-06-29 17:45:00"
"368580",20,"223.5","2021-06-29 18:00:00"
"368634",20,"226.5","2021-06-29 18:15:00"
"369686",20,"0","2021-05-19 07:00:00"
"369740",20,"0","2021-05-19 07:15:00"
"369848",20,"18.1","2021-03-07 09:45:00"
"369902",20,"256.7","2021-03-07 10:00:00"
"370010",20,"267.5","2021-03-07 10:15:00"
"370119",20,"261","2021-03-07 10:30:00"
"370219",20,"331.6","2021-03-07 10:45:00"
"370261",20,"254.1","2021-06-29 19:45:00"
"370348",20,"260.8","2021-06-29 20:00:00"
"371484",20,"103.7","2021-04-09 20:00:00"
"371639",20,"111.2","2021-04-09 20:15:00"
"371607",20,"356.4","2021-03-07 13:00:00"
"371759",20,"45.7","2021-03-07 13:15:00"
"371780",20,"238.7","2021-06-29 22:15:00"
"371927",20,"243.7","2021-06-29 22:30:00"
"372105",20,"247.5","2021-06-29 22:45:00"
"371811",20,"114.9","2021-04-09 20:30:00"
"371956",20,"102.7","2021-04-09 20:45:00"
"372118",20,"115.7","2021-04-09 21:00:00"
"372953",20,"0","2021-05-19 08:15:00"
"373010",20,"120.5","2021-05-19 08:30:00"
"374456",20,"272.6","2021-04-09 23:00:00"
"374567",20,"281.3","2021-04-09 23:15:00"
"374694",20,"0","2021-04-09 23:30:00"
"373064",20,"110.1","2021-05-19 08:45:00"
"373118",20,"120.8","2021-05-19 09:00:00"
"373172",20,"136.9","2021-05-19 09:15:00"
"373226",20,"156.1","2021-05-19 09:30:00"
"373280",20,"55.6","2021-05-19 09:45:00"
"373334",20,"93.5","2021-05-19 10:00:00"
"374680",20,"277","2021-03-07 16:00:00"
"374873",20,"296.5","2021-03-07 16:15:00"
"375079",20,"281.8","2021-03-07 16:30:00"
"374822",20,"258.3","2021-06-30 01:30:00"
"375005",20,"268.5","2021-06-30 01:45:00"
"374820",20,"273.8","2021-04-09 23:45:00"
"374961",20,"274.4","2021-04-10 00:00:00"
"375158",20,"263.9","2021-04-10 00:15:00"
"375347",20,"261.3","2021-04-10 00:30:00"
"375626",20,"256.5","2021-04-10 00:45:00"
"376354",20,"192.8","2021-05-19 14:00:00"
"376508",20,"269.7","2021-05-19 14:15:00"
"376540",20,"277.8","2021-06-30 03:15:00"
"376803",20,"0","2021-06-30 03:30:00"
"377113",20,"245.2","2021-06-30 03:45:00"
"376625",20,"265.6","2021-04-10 02:15:00"
"376805",20,"266.6","2021-04-10 02:30:00"
"376961",20,"146.3","2021-04-10 02:45:00"
"376675",20,"269.4","2021-05-19 14:30:00"
"376847",20,"337","2021-05-19 14:45:00"
"377022",20,"230.7","2021-05-19 15:00:00"
"377870",20,"82.6","2021-05-19 17:00:00"
"377980",20,"87.1","2021-05-19 17:15:00"
"378102",20,"79.6","2021-05-19 17:30:00"
"333095",20,"261.8","2021-05-17 01:15:00"
"334366",20,"276.4","2021-05-17 04:15:00"
"334470",20,"261.2","2021-05-17 04:30:00"
"334409",20,"0","2021-03-05 23:30:00"
"334504",20,"39.9","2021-03-05 23:45:00"
"334558",20,"0","2021-03-06 00:00:00"
"334612",20,"0","2021-03-06 00:15:00"
"334666",20,"0","2021-03-06 00:30:00"
"334720",20,"0","2021-03-06 00:45:00"
"334774",20,"0","2021-03-06 01:00:00"
"338828",20,"19.4","2021-03-06 01:15:00"
"335440",20,"110.6","2021-04-08 03:45:00"
"335494",20,"113.8","2021-04-08 04:00:00"
"335548",20,"108.4","2021-04-08 04:15:00"
"335602",20,"107.4","2021-04-08 04:30:00"
"335656",20,"104.4","2021-04-08 04:45:00"
"335710",20,"104.8","2021-04-08 05:00:00"
"335764",20,"105.4","2021-04-08 05:15:00"
"335966",20,"257.2","2021-06-28 06:45:00"
"336020",20,"256.2","2021-06-28 07:00:00"
"336614",20,"233.3","2021-06-28 09:45:00"
"336668",20,"250.3","2021-06-28 10:00:00"
"336722",20,"253.2","2021-06-28 10:15:00"
"336776",20,"241.6","2021-06-28 10:30:00"
"340830",20,"240.2","2021-06-28 10:45:00"
"336832",20,"277.4","2021-05-17 04:45:00"
"336886",20,"267.2","2021-05-17 05:00:00"
"336940",20,"262.1","2021-05-17 05:15:00"
"336994",20,"265.6","2021-05-17 05:30:00"
"337048",20,"265.5","2021-05-17 05:45:00"
"337696",20,"0","2021-05-17 08:45:00"
"337750",20,"0","2021-05-17 09:00:00"
"337818",20,"100.5","2021-04-08 05:30:00"
"337872",20,"89.7","2021-04-08 05:45:00"
"337926",20,"92.6","2021-04-08 06:00:00"
"337980",20,"98.1","2021-04-08 06:15:00"
"338034",20,"98.4","2021-04-08 06:30:00"
"338088",20,"108.1","2021-04-08 06:45:00"
"338142",20,"108.3","2021-04-08 07:00:00"
"338196",20,"107.9","2021-04-08 07:15:00"
"341147",20,"75.2","2021-04-08 10:00:00"
"341223",20,"80.3","2021-04-08 10:15:00"
"341304",20,"78.1","2021-04-08 10:30:00"
"338882",20,"2.3","2021-03-06 01:30:00"
"338936",20,"349.8","2021-03-06 01:45:00"
"338990",20,"352.3","2021-03-06 02:00:00"
"339044",20,"8","2021-03-06 02:15:00"
"339098",20,"0","2021-03-06 02:30:00"
"339152",20,"289.9","2021-03-06 02:45:00"
"339206",20,"324.1","2021-03-06 03:00:00"
"339804",20,"75.8","2021-05-17 09:15:00"
"339858",20,"67.9","2021-05-17 09:30:00"
"339912",20,"68.5","2021-05-17 09:45:00"
"339966",20,"0","2021-05-17 10:00:00"
"340020",20,"0","2021-05-17 10:15:00"
"340074",20,"25.4","2021-05-17 10:30:00"
"340128",20,"52.4","2021-05-17 10:45:00"
"340182",20,"11.3","2021-05-17 11:00:00"
"340236",20,"268.4","2021-05-17 11:15:00"
"340290",20,"126.8","2021-05-17 11:30:00"
"340884",20,"234.2","2021-06-28 11:00:00"
"340938",20,"237.1","2021-06-28 11:15:00"
"340992",20,"239.1","2021-06-28 11:30:00"
"341046",20,"234.6","2021-06-28 11:45:00"
"341100",20,"235.1","2021-06-28 12:00:00"
"341195",20,"225","2021-06-28 12:15:00"
"341357",20,"242.6","2021-06-28 12:30:00"
"341522",20,"237","2021-06-28 12:45:00"
"341389",20,"73","2021-04-08 10:45:00"
"341468",20,"57.4","2021-04-08 11:00:00"
"342224",20,"229.8","2021-06-28 13:45:00"
"342376",20,"241.2","2021-06-28 14:00:00"
"342176",20,"59.1","2021-04-08 13:15:00"
"342253",20,"69.4","2021-04-08 13:30:00"
"342337",20,"62.2","2021-04-08 13:45:00"
"342419",20,"54.2","2021-04-08 14:00:00"
"342492",20,"65.4","2021-04-08 14:15:00"
"342564",20,"230","2021-06-28 14:15:00"
"342640",20,"231.4","2021-06-28 14:30:00"
"342694",20,"223.3","2021-06-28 14:45:00"
"343813",20,"0","2021-03-06 08:30:00"
"343944",20,"0","2021-03-06 08:45:00"
"343825",20,"256.9","2021-05-17 15:45:00"
"343915",20,"249","2021-05-17 16:00:00"
"344027",20,"250.8","2021-05-17 16:15:00"
"344142",20,"250.5","2021-05-17 16:30:00"
"344248",20,"252.6","2021-05-17 16:45:00"
"344051",20,"0","2021-03-06 09:00:00"
"344149",20,"279.2","2021-03-06 09:15:00"
"344260",20,"136.7","2021-03-06 09:30:00"
"345302",20,"79.5","2021-04-08 17:00:00"
"345356",20,"80.8","2021-04-08 17:15:00"
"345410",20,"81.4","2021-04-08 17:30:00"
"345464",20,"79.2","2021-04-08 17:45:00"
"345518",20,"88.8","2021-04-08 18:00:00"
"345572",20,"95.4","2021-04-08 18:15:00"
"345626",20,"94.6","2021-04-08 18:30:00"
"345680",20,"100.1","2021-04-08 18:45:00"
"345734",20,"100.5","2021-04-08 19:00:00"
"348785",20,"97.5","2021-04-08 19:15:00"
"348842",20,"95.5","2021-04-08 19:30:00"
"347018",20,"269","2021-05-17 19:30:00"
"347072",20,"265.2","2021-05-17 19:45:00"
"347126",20,"266","2021-05-17 20:00:00"
"347180",20,"258.4","2021-05-17 20:15:00"
"347234",20,"0","2021-05-17 20:30:00"
"347288",20,"273.3","2021-05-17 20:45:00"
"347342",20,"281.8","2021-05-17 21:00:00"
"347396",20,"275.5","2021-05-17 21:15:00"
"347450",20,"279.7","2021-05-17 21:30:00"
"347504",20,"263.2","2021-05-17 21:45:00"
"348744",20,"358.9","2021-03-06 14:45:00"
"351830",20,"11.4","2021-03-06 15:00:00"
"351946",20,"352.8","2021-03-06 15:15:00"
"348896",20,"95.2","2021-04-08 19:45:00"
"348950",20,"93.5","2021-04-08 20:00:00"
"349004",20,"96.7","2021-04-08 20:15:00"
"349083",20,"97.9","2021-04-08 20:30:00"
"349229",20,"94.7","2021-04-08 20:45:00"
"349148",20,"228.9","2021-06-28 20:00:00"
"349292",20,"231.3","2021-06-28 20:15:00"
"349499",20,"232.6","2021-06-28 20:30:00"
"350493",20,"0","2021-05-18 01:15:00"
"350671",20,"265.9","2021-05-18 01:30:00"
"350825",20,"0","2021-05-18 01:45:00"
"350470",20,"100.1","2021-04-08 22:45:00"
"350624",20,"99","2021-04-08 23:00:00"
"350794",20,"100.3","2021-04-08 23:15:00"
"350542",20,"235.2","2021-06-28 22:00:00"
"350701",20,"235.3","2021-06-28 22:15:00"
"350854",20,"226.7","2021-06-28 22:30:00"
"351006",20,"231.2","2021-06-28 22:45:00"
"351170",20,"225.4","2021-06-28 23:00:00"
"352635",20,"64","2021-03-06 16:45:00"
"352768",20,"38.8","2021-03-06 17:00:00"
"352912",20,"2.8","2021-03-06 17:15:00"
"352627",20,"195.1","2021-05-18 05:45:00"
"352766",20,"0","2021-05-18 06:00:00"
"352883",20,"0","2021-05-18 06:15:00"
"352779",20,"101.3","2021-04-09 00:00:00"
"353028",20,"100.6","2021-04-09 00:15:00"
"353305",20,"101.3","2021-04-09 00:30:00"
"352998",20,"0","2021-05-18 06:30:00"
"353127",20,"0","2021-05-18 06:45:00"
"353661",20,"265.3","2021-05-18 07:45:00"
"353755",20,"262.6","2021-05-18 08:00:00"
"353823",20,"35.9","2021-03-06 18:45:00"
"353942",20,"26","2021-03-06 19:00:00"
"353880",20,"262.4","2021-05-18 08:15:00"
"355826",20,"245","2021-05-18 08:30:00"
"355880",20,"252.4","2021-05-18 08:45:00"
"354031",20,"49","2021-03-06 19:15:00"
"354128",20,"66.5","2021-03-06 19:30:00"
"356760",20,"150.4","2021-03-06 19:45:00"
"355232",20,"226.9","2021-06-29 02:30:00"
"355286",20,"216.8","2021-06-29 02:45:00"
"355340",20,"217.9","2021-06-29 03:00:00"
"355394",20,"218.9","2021-06-29 03:15:00"
"355448",20,"220.3","2021-06-29 03:30:00"
"355502",20,"224.1","2021-06-29 03:45:00"
"355556",20,"218.1","2021-06-29 04:00:00"
"355610",20,"215.3","2021-06-29 04:15:00"
"355664",20,"216","2021-06-29 04:30:00"
"355718",20,"211.1","2021-06-29 04:45:00"
"356878",20,"134.1","2021-03-06 20:00:00"
"356932",20,"88.3","2021-03-06 20:15:00"
"356986",20,"20.9","2021-03-06 20:30:00"
"357040",20,"42.9","2021-03-06 20:45:00"
"357094",20,"14.1","2021-03-06 21:00:00"
"357148",20,"344","2021-03-06 21:15:00"
"357202",20,"250.6","2021-03-06 21:30:00"
"357256",20,"0","2021-03-06 21:45:00"
"357310",20,"0","2021-03-06 22:00:00"
"357443",20,"0","2021-03-06 22:15:00"
"358560",20,"0","2021-03-06 23:45:00"
"358722",20,"258.7","2021-03-07 00:00:00"
"360796",20,"251.3","2021-03-07 00:15:00"
"358814",20,"103.1","2021-04-09 05:45:00"
"359053",20,"100.6","2021-04-09 06:00:00"
"359236",20,"104.6","2021-04-09 06:15:00"
"358911",20,"178.2","2021-05-18 15:15:00"
"359024",20,"201.2","2021-05-18 15:30:00"
"359135",20,"194.6","2021-05-18 15:45:00"
"359238",20,"234.7","2021-06-29 07:00:00"
"359428",20,"225.4","2021-06-29 07:15:00"
"360911",20,"0","2021-03-07 00:30:00"
"361027",20,"32.5","2021-03-07 00:45:00"
"360977",20,"218.1","2021-05-18 18:00:00"
"361075",20,"224.3","2021-05-18 18:15:00"
"361154",20,"0","2021-03-07 01:00:00"
"361265",20,"0","2021-03-07 01:15:00"
"361367",20,"227.4","2021-03-07 01:30:00"
"361173",20,"235.4","2021-05-18 18:30:00"
"361278",20,"249","2021-05-18 18:45:00"
"361392",20,"212.8","2021-05-18 19:00:00"
"362553",20,"293.4","2021-03-07 04:15:00"
"362583",20,"269.6","2021-05-18 21:45:00"
"362686",20,"273","2021-05-18 22:00:00"
"364796",20,"274.8","2021-05-18 22:15:00"
"364850",20,"271.6","2021-05-18 22:30:00"
"362665",20,"280.9","2021-03-07 04:30:00"
"362768",20,"0","2021-03-07 04:45:00"
"365374",20,"0","2021-03-07 05:00:00"
"362852",20,"218.8","2021-06-29 10:00:00"
"362906",20,"212.1","2021-06-29 10:15:00"
"362960",20,"224.1","2021-06-29 10:30:00"
"364135",20,"49.9","2021-04-09 11:30:00"
"364215",20,"43.5","2021-04-09 11:45:00"
"364305",20,"49.9","2021-04-09 12:00:00"
"364415",20,"224","2021-06-29 14:00:00"
"364535",20,"226.9","2021-06-29 14:15:00"
"364381",20,"48.9","2021-04-09 12:15:00"
"364473",20,"53.9","2021-04-09 12:30:00"
"364568",20,"63.5","2021-04-09 12:45:00"
"364622",20,"65.4","2021-04-09 13:00:00"
"364676",20,"60.9","2021-04-09 13:15:00"
"365810",20,"286","2021-05-19 01:45:00"
"365915",20,"314","2021-05-19 02:00:00"
"366014",20,"0","2021-05-19 02:15:00"
"366036",20,"0","2021-03-07 06:30:00"
"366127",20,"0","2021-03-07 06:45:00"
"366234",20,"0","2021-03-07 07:00:00"
"366140",20,"0","2021-05-19 02:30:00"
"366245",20,"0","2021-05-19 02:45:00"
"366308",20,"167.9","2021-03-07 07:15:00"
"366362",20,"120.8","2021-03-07 07:30:00"
"367576",20,"55.1","2021-04-09 15:30:00"
"367656",20,"58.3","2021-04-09 15:45:00"
"367782",20,"226","2021-06-29 16:30:00"
"367939",20,"224","2021-06-29 16:45:00"
"368088",20,"222.2","2021-06-29 17:00:00"
"367729",20,"52.6","2021-04-09 16:00:00"
"367808",20,"67.4","2021-04-09 16:15:00"
"367890",20,"78.9","2021-04-09 16:30:00"
"367973",20,"56.3","2021-04-09 16:45:00"
"368056",20,"49","2021-04-09 17:00:00"
"369146",20,"269.8","2021-05-19 04:30:00"
"369200",20,"263.1","2021-05-19 04:45:00"
"369254",20,"230.1","2021-05-19 05:00:00"
"369308",20,"0","2021-05-19 05:15:00"
"369362",20,"269.9","2021-05-19 05:30:00"
"369416",20,"0","2021-05-19 05:45:00"
"369470",20,"0","2021-05-19 06:00:00"
"369524",20,"0","2021-05-19 06:15:00"
"369578",20,"0","2021-05-19 06:30:00"
"369632",20,"0","2021-05-19 06:45:00"
"370956",20,"248.9","2021-06-29 21:00:00"
"371131",20,"246.2","2021-06-29 21:15:00"
"371007",20,"69.3","2021-04-09 19:15:00"
"371148",20,"63","2021-04-09 19:30:00"
"371318",20,"83.9","2021-04-09 19:45:00"
"371123",20,"270.7","2021-03-07 12:15:00"
"371259",20,"289.7","2021-03-07 12:30:00"
"371419",20,"358.1","2021-03-07 12:45:00"
"371314",20,"241","2021-06-29 21:30:00"
"371467",20,"241.8","2021-06-29 21:45:00"
"371620",20,"243.3","2021-06-29 22:00:00"
"372485",20,"236.8","2021-06-29 23:30:00"
"373933",20,"248.4","2021-06-29 23:45:00"
"374009",20,"253.1","2021-06-30 00:00:00"
"372512",20,"126.6","2021-04-09 21:45:00"
"372566",20,"124.6","2021-04-09 22:00:00"
"372631",20,"148.3","2021-04-09 22:15:00"
"372637",20,"248","2021-05-19 07:30:00"
"372736",20,"0","2021-05-19 07:45:00"
"372844",20,"0","2021-05-19 08:00:00"
"372747",20,"258.9","2021-04-09 22:30:00"
"372855",20,"295.5","2021-04-09 22:45:00"
"374037",20,"110.1","2021-03-07 14:45:00"
"374133",20,"280.9","2021-03-07 15:00:00"
"374242",20,"295.4","2021-03-07 15:15:00"
"374130",20,"257","2021-06-30 00:15:00"
"374237",20,"248.1","2021-06-30 00:30:00"
"374349",20,"275.2","2021-03-07 15:30:00"
"374467",20,"310.9","2021-03-07 15:45:00"
"374346",20,"259.3","2021-06-30 00:45:00"
"374450",20,"277.2","2021-06-30 01:00:00"
"374636",20,"259.1","2021-06-30 01:15:00"
"375827",20,"302.1","2021-05-19 13:15:00"
"376003",20,"321","2021-05-19 13:30:00"
"376189",20,"261.1","2021-05-19 13:45:00"
"375803",20,"270.2","2021-04-10 01:00:00"
"375945",20,"266.8","2021-04-10 01:15:00"
"376096",20,"260.4","2021-04-10 01:30:00"
"375902",20,"128.4","2021-03-07 17:15:00"
"376214",20,"175.2","2021-03-07 17:30:00"
"376503",20,"20.1","2021-03-07 17:45:00"
"376258",20,"269","2021-04-10 01:45:00"
"376438",20,"273.9","2021-04-10 02:00:00"
"379298",20,"137.1","2021-03-07 18:45:00"
"379501",20,"160","2021-03-07 19:00:00"
"377505",20,"40.2","2021-05-19 15:45:00"
"377628",20,"31.6","2021-05-19 16:00:00"
"333641",20,"297.6","2021-03-05 21:45:00"
"333749",20,"0","2021-03-05 22:00:00"
"334846",20,"115.4","2021-04-08 01:00:00"
"334900",20,"113.3","2021-04-08 01:15:00"
"334954",20,"116.2","2021-04-08 01:30:00"
"335008",20,"122.1","2021-04-08 01:45:00"
"335062",20,"116.2","2021-04-08 02:00:00"
"335116",20,"111.2","2021-04-08 02:15:00"
"335170",20,"97","2021-04-08 02:30:00"
"335224",20,"99.7","2021-04-08 02:45:00"
"335278",20,"111.5","2021-04-08 03:00:00"
"335332",20,"108.8","2021-04-08 03:15:00"
"335386",20,"104.9","2021-04-08 03:30:00"
"336074",20,"260.1","2021-06-28 07:15:00"
"336128",20,"269.1","2021-06-28 07:30:00"
"336182",20,"256.8","2021-06-28 07:45:00"
"336236",20,"254.5","2021-06-28 08:00:00"
"336290",20,"244.3","2021-06-28 08:15:00"
"336344",20,"242.9","2021-06-28 08:30:00"
"336398",20,"245.7","2021-06-28 08:45:00"
"336452",20,"237.2","2021-06-28 09:00:00"
"336506",20,"234.3","2021-06-28 09:15:00"
"336560",20,"237.4","2021-06-28 09:30:00"
"337102",20,"273.5","2021-05-17 06:00:00"
"337156",20,"279.6","2021-05-17 06:15:00"
"337210",20,"282.1","2021-05-17 06:30:00"
"337264",20,"283","2021-05-17 06:45:00"
"337318",20,"0","2021-05-17 07:00:00"
"337372",20,"0","2021-05-17 07:15:00"
"337426",20,"0","2021-05-17 07:30:00"
"337480",20,"0","2021-05-17 07:45:00"
"337534",20,"0","2021-05-17 08:00:00"
"337588",20,"0","2021-05-17 08:15:00"
"337642",20,"0","2021-05-17 08:30:00"
"338250",20,"100.8","2021-04-08 07:30:00"
"338304",20,"94.3","2021-04-08 07:45:00"
"338358",20,"95.3","2021-04-08 08:00:00"
"338412",20,"95.2","2021-04-08 08:15:00"
"338466",20,"89.3","2021-04-08 08:30:00"
"338520",20,"92","2021-04-08 08:45:00"
"338574",20,"86.5","2021-04-08 09:00:00"
"338628",20,"87.9","2021-04-08 09:15:00"
"338682",20,"87","2021-04-08 09:30:00"
"338736",20,"75.8","2021-04-08 09:45:00"
"339260",20,"288.5","2021-03-06 03:15:00"
"339314",20,"0","2021-03-06 03:30:00"
"339368",20,"307.5","2021-03-06 03:45:00"
"339422",20,"293.9","2021-03-06 04:00:00"
"339476",20,"291.2","2021-03-06 04:15:00"
"339530",20,"294.4","2021-03-06 04:30:00"
"339584",20,"296.2","2021-03-06 04:45:00"
"339638",20,"324","2021-03-06 05:00:00"
"339692",20,"326.5","2021-03-06 05:15:00"
"339746",20,"305.3","2021-03-06 05:30:00"
"342800",20,"304.6","2021-03-06 05:45:00"
"340344",20,"290.2","2021-05-17 11:45:00"
"340398",20,"251.6","2021-05-17 12:00:00"
"340452",20,"297.3","2021-05-17 12:15:00"
"340506",20,"280.7","2021-05-17 12:30:00"
"340560",20,"263.9","2021-05-17 12:45:00"
"340614",20,"254.5","2021-05-17 13:00:00"
"340668",20,"212.4","2021-05-17 13:15:00"
"340722",20,"237.5","2021-05-17 13:30:00"
"340776",20,"260.3","2021-05-17 13:45:00"
"343052",20,"243.6","2021-05-17 14:00:00"
"343178",20,"262","2021-05-17 14:15:00"
"341554",20,"74","2021-04-08 11:15:00"
"341622",20,"75.1","2021-04-08 11:30:00"
"341696",20,"69.4","2021-04-08 11:45:00"
"341721",20,"243","2021-06-28 13:00:00"
"341879",20,"234.7","2021-06-28 13:15:00"
"342038",20,"229.4","2021-06-28 13:30:00"
"341782",20,"77.8","2021-04-08 12:00:00"
"341860",20,"63.4","2021-04-08 12:15:00"
"341940",20,"73.5","2021-04-08 12:30:00"
"342023",20,"63.5","2021-04-08 12:45:00"
"342095",20,"57.8","2021-04-08 13:00:00"
"342569",20,"68.3","2021-04-08 14:30:00"
"344816",20,"65.4","2021-04-08 14:45:00"
"344870",20,"79.2","2021-04-08 15:00:00"
"342748",20,"225.5","2021-06-28 15:00:00"
"345802",20,"232.8","2021-06-28 15:15:00"
"342854",20,"315.6","2021-03-06 06:00:00"
"342908",20,"334.4","2021-03-06 06:15:00"
"342980",20,"333.8","2021-03-06 06:30:00"
"343076",20,"0","2021-03-06 06:45:00"
"343171",20,"291.9","2021-03-06 07:00:00"
"344356",20,"254.2","2021-05-17 17:00:00"
"344449",20,"248.2","2021-05-17 17:15:00"
"344367",20,"155.8","2021-03-06 09:45:00"
"344489",20,"98.1","2021-03-06 10:00:00"
"344573",20,"244.9","2021-05-17 17:30:00"
"344640",20,"236.5","2021-05-17 17:45:00"
"344694",20,"238.7","2021-05-17 18:00:00"
"344590",20,"102","2021-03-06 10:15:00"
"347826",20,"90.9","2021-03-06 10:30:00"
"347880",20,"90.5","2021-03-06 10:45:00"
"346450",20,"225.7","2021-06-28 18:15:00"
"346504",20,"229.5","2021-06-28 18:30:00"
"346558",20,"227.6","2021-06-28 18:45:00"
"346612",20,"225.6","2021-06-28 19:00:00"
"346666",20,"227.4","2021-06-28 19:15:00"
"346720",20,"227.8","2021-06-28 19:30:00"
"346774",20,"231.8","2021-06-28 19:45:00"
"346856",20,"248.2","2021-05-17 18:45:00"
"346910",20,"258.9","2021-05-17 19:00:00"
"346964",20,"262.7","2021-05-17 19:15:00"
"348204",20,"164","2021-03-06 12:15:00"
"348258",20,"74.5","2021-03-06 12:30:00"
"348312",20,"72.3","2021-03-06 12:45:00"
"348366",20,"76.9","2021-03-06 13:00:00"
"348420",20,"48.8","2021-03-06 13:15:00"
"348474",20,"44.7","2021-03-06 13:30:00"
"348528",20,"351.5","2021-03-06 13:45:00"
"348582",20,"294","2021-03-06 14:00:00"
"348636",20,"197.8","2021-03-06 14:15:00"
"348690",20,"330.6","2021-03-06 14:30:00"
"349682",20,"104.1","2021-04-08 21:30:00"
"349833",20,"96.3","2021-04-08 21:45:00"
"349974",20,"97.2","2021-04-08 22:00:00"
"350010",20,"241.2","2021-05-18 00:30:00"
"350159",20,"248.4","2021-05-18 00:45:00"
"350329",20,"275.5","2021-05-18 01:00:00"
"350140",20,"96.9","2021-04-08 22:15:00"
"350298",20,"98.1","2021-04-08 22:30:00"
"350076",20,"231.5","2021-06-28 21:15:00"
"350219",20,"235.2","2021-06-28 21:30:00"
"350397",20,"235.4","2021-06-28 21:45:00"
"351541",20,"0","2021-05-18 03:15:00"
"351628",20,"0","2021-05-18 03:30:00"
"351692",20,"225.2","2021-06-29 00:00:00"
"351746",20,"229.8","2021-06-29 00:15:00"
"354459",20,"230.1","2021-06-29 00:30:00"
"354552",20,"229.2","2021-06-29 00:45:00"
"354657",20,"224.1","2021-06-29 01:00:00"
"351805",20,"0","2021-05-18 03:45:00"
"351905",20,"204.1","2021-05-18 04:00:00"
"352000",20,"188.6","2021-05-18 04:15:00"
"353092",20,"6.8","2021-03-06 17:30:00"
"353218",20,"22.8","2021-03-06 17:45:00"
"353267",20,"278.6","2021-05-18 07:00:00"
"353412",20,"275.3","2021-05-18 07:15:00"
"353546",20,"278.7","2021-05-18 07:30:00"
"353346",20,"31","2021-03-06 18:00:00"
"353464",20,"38","2021-03-06 18:15:00"
"353618",20,"37.9","2021-03-06 18:30:00"
"353569",20,"113.4","2021-04-09 00:45:00"
"353839",20,"112.5","2021-04-09 01:00:00"
"354003",20,"106.2","2021-04-09 01:15:00"
"354737",20,"225.5","2021-06-29 01:15:00"
"354857",20,"229.6","2021-06-29 01:30:00"
"354972",20,"106.2","2021-04-09 04:00:00"
"355082",20,"95.6","2021-04-09 04:15:00"
"354963",20,"231.2","2021-06-29 01:45:00"
"355069",20,"233.2","2021-06-29 02:00:00"
"355173",20,"231.4","2021-06-29 02:15:00"
"357364",20,"97.5","2021-04-09 04:30:00"
"357662",20,"105.2","2021-04-09 04:45:00"
"357866",20,"114.2","2021-04-09 05:00:00"
"356312",20,"93.3","2021-05-18 10:45:00"
"356366",20,"127.5","2021-05-18 11:00:00"
"356420",20,"127","2021-05-18 11:15:00"
"356474",20,"104.3","2021-05-18 11:30:00"
"356528",20,"142.1","2021-05-18 11:45:00"
"356582",20,"119.5","2021-05-18 12:00:00"
"356636",20,"262","2021-05-18 12:15:00"
"356709",20,"294.8","2021-05-18 12:30:00"
"356807",20,"216.4","2021-05-18 12:45:00"
"357395",20,"188.3","2021-05-18 13:00:00"
"357549",20,"215.1","2021-05-18 13:15:00"
"358205",20,"0","2021-03-06 23:15:00"
"358382",20,"0","2021-03-06 23:30:00"
"358125",20,"190.4","2021-05-18 14:00:00"
"358280",20,"269.3","2021-05-18 14:15:00"
"358444",20,"203","2021-05-18 14:30:00"
"358542",20,"238.6","2021-06-29 06:15:00"
"358863",20,"241.2","2021-06-29 06:30:00"
"359045",20,"235.9","2021-06-29 06:45:00"
"358625",20,"306.5","2021-05-18 14:45:00"
"358781",20,"179.1","2021-05-18 15:00:00"
"359850",20,"174.3","2021-05-18 17:15:00"
"359950",20,"207.6","2021-05-18 17:30:00"
"360884",20,"207.3","2021-05-18 17:45:00"
"360024",20,"137.1","2021-04-09 07:15:00"
"360130",20,"116.4","2021-04-09 07:30:00"
"360125",20,"222.6","2021-06-29 08:15:00"
"360229",20,"220.9","2021-06-29 08:30:00"
"360243",20,"119.9","2021-04-09 07:45:00"
"360349",20,"114.4","2021-04-09 08:00:00"
"360455",20,"92.3","2021-04-09 08:15:00"
"361475",20,"237.2","2021-03-07 01:45:00"
"361569",20,"259.8","2021-03-07 02:00:00"
"361500",20,"207.1","2021-05-18 19:15:00"
"361615",20,"224.2","2021-05-18 19:30:00"
"361692",20,"259.8","2021-03-07 02:15:00"
"361809",20,"19.7","2021-03-07 02:30:00"
"361905",20,"7.6","2021-03-07 02:45:00"
"361715",20,"249.6","2021-05-18 19:45:00"
"361814",20,"258.9","2021-05-18 20:00:00"
"361933",20,"266.9","2021-05-18 20:15:00"
"363014",20,"214.1","2021-06-29 10:45:00"
"363068",20,"220.4","2021-06-29 11:00:00"
"363122",20,"208.9","2021-06-29 11:15:00"
"363176",20,"218.5","2021-06-29 11:30:00"
"363230",20,"229.4","2021-06-29 11:45:00"
"363284",20,"219.3","2021-06-29 12:00:00"
"363395",20,"219.8","2021-06-29 12:15:00"
"363507",20,"215.1","2021-06-29 12:30:00"
"363540",20,"79.6","2021-04-09 09:45:00"
"363611",20,"72","2021-04-09 10:00:00"
"364730",20,"73.8","2021-04-09 13:30:00"
"366934",20,"74.8","2021-04-09 13:45:00"
"367009",20,"67","2021-04-09 14:00:00"
"364904",20,"278.4","2021-05-18 22:45:00"
"364958",20,"273.9","2021-05-18 23:00:00"
"365012",20,"261.4","2021-05-18 23:15:00"
"365066",20,"255.8","2021-05-18 23:30:00"
"365120",20,"253","2021-05-18 23:45:00"
"365174",20,"263.7","2021-05-19 00:00:00"
"365228",20,"258.7","2021-05-19 00:15:00"
"366416",20,"98.5","2021-03-07 07:45:00"
"366470",20,"0","2021-03-07 08:00:00"
"366524",20,"0","2021-03-07 08:15:00"
"366578",20,"69.1","2021-03-07 08:30:00"
"366632",20,"57.8","2021-03-07 08:45:00"
"366686",20,"53.4","2021-03-07 09:00:00"
"366740",20,"15.6","2021-03-07 09:15:00"
"369794",20,"21.4","2021-03-07 09:30:00"
"366824",20,"229.9","2021-06-29 14:30:00"
"366878",20,"220.9","2021-06-29 14:45:00"
"366936",20,"220.1","2021-06-29 15:00:00"
"368688",20,"230.1","2021-06-29 18:30:00"
"368742",20,"232.7","2021-06-29 18:45:00"
"369935",20,"239.5","2021-06-29 19:00:00"
"370043",20,"242.4","2021-06-29 19:15:00"
"370147",20,"250.1","2021-06-29 19:30:00"
"368822",20,"257.1","2021-05-19 03:00:00"
"368876",20,"246","2021-05-19 03:15:00"
"368930",20,"236.7","2021-05-19 03:30:00"
"368984",20,"251.7","2021-05-19 03:45:00"
"369038",20,"198.5","2021-05-19 04:00:00"
"369092",20,"276.9","2021-05-19 04:15:00"
"370351",20,"328.9","2021-03-07 11:00:00"
"370451",20,"50.2","2021-03-07 11:15:00"
"370478",20,"260.8","2021-06-29 20:15:00"
"370620",20,"265.4","2021-06-29 20:30:00"
"370788",20,"261.8","2021-06-29 20:45:00"
"370700",20,"46.5","2021-04-09 18:45:00"
"370854",20,"58.1","2021-04-09 19:00:00"
"370630",20,"40.1","2021-03-07 11:30:00"
"370790",20,"8.9","2021-03-07 11:45:00"
"370944",20,"309.3","2021-03-07 12:00:00"
"371952",20,"244.7","2021-03-07 13:30:00"
"372095",20,"235.5","2021-03-07 13:45:00"
"372268",20,"237.9","2021-03-07 14:00:00"
"372253",20,"242.6","2021-06-29 23:00:00"
"372376",20,"237.3","2021-06-29 23:15:00"
"372291",20,"131.6","2021-04-09 21:15:00"
"372408",20,"132.7","2021-04-09 21:30:00"
"373820",20,"107.5","2021-03-07 14:15:00"
"373879",20,"74.7","2021-03-07 14:30:00"
"373388",20,"51.9","2021-05-19 10:15:00"
"373442",20,"37","2021-05-19 10:30:00"
"373496",20,"61.7","2021-05-19 10:45:00"
"373550",20,"47.3","2021-05-19 11:00:00"
"373604",20,"12","2021-05-19 11:15:00"
"373658",20,"16.4","2021-05-19 11:30:00"
"373712",20,"11.3","2021-05-19 11:45:00"
"373766",20,"37.1","2021-05-19 12:00:00"
"375109",20,"11.9","2021-05-19 12:15:00"
"375327",20,"8.8","2021-05-19 12:30:00"
"375214",20,"262.7","2021-06-30 02:00:00"
"375416",20,"261.1","2021-06-30 02:15:00"
"375637",20,"271.8","2021-06-30 02:30:00"
"375355",20,"304","2021-03-07 16:45:00"
"375573",20,"216.2","2021-03-07 17:00:00"
"375502",20,"23.9","2021-05-19 12:45:00"
"375668",20,"31.4","2021-05-19 13:00:00"
"375905",20,"251.6","2021-06-30 02:45:00"
"376217",20,"260.7","2021-06-30 03:00:00"
"376795",20,"119.3","2021-03-07 18:00:00"
"377090",20,"146.3","2021-03-07 18:15:00"
"377401",20,"153.6","2021-03-07 18:30:00"
"377145",20,"152.1","2021-04-10 03:00:00"
"377345",20,"170.7","2021-04-10 03:15:00"
"377506",20,"174.7","2021-04-10 03:30:00"
"377194",20,"263.6","2021-05-19 15:15:00"
"377330",20,"233.1","2021-05-19 15:30:00"
"377382",20,"240.2","2021-06-30 04:00:00"
"379460",20,"237.5","2021-06-30 04:15:00"
"379717",20,"235.6","2021-06-30 04:30:00"
"378523",20,"54","2021-05-19 18:30:00"
"378644",20,"54.1","2021-05-19 18:45:00"
"378077",20,"251.7","2021-04-10 04:15:00"
"378186",20,"268.3","2021-04-10 04:30:00"
"378293",20,"269.2","2021-04-10 04:45:00"
"378208",20,"75.9","2021-05-19 17:45:00"
"378313",20,"69.3","2021-05-19 18:00:00"
"378420",20,"58.7","2021-05-19 18:15:00"
"378407",20,"266.2","2021-04-10 05:00:00"
"378520",20,"266.8","2021-04-10 05:15:00"
"386783",20,"0","2021-05-20 06:30:00"
"389816",20,"0","2021-05-20 06:45:00"
"389870",20,"0","2021-05-20 07:00:00"
"386930",20,"6.9","2021-04-10 13:15:00"
"387063",20,"358.7","2021-04-10 13:30:00"
"387196",20,"47","2021-06-30 14:15:00"
"387326",20,"79.5","2021-06-30 14:30:00"
"387207",20,"0","2021-03-08 04:15:00"
"387380",20,"0","2021-03-08 04:30:00"
"387508",20,"0","2021-03-08 04:45:00"
"388974",20,"19.3","2021-04-10 16:30:00"
"389148",20,"49.3","2021-04-10 16:45:00"
"389176",20,"0","2021-06-30 17:15:00"
"389347",20,"284.8","2021-06-30 17:30:00"
"389506",20,"245.3","2021-06-30 17:45:00"
"389288",20,"0","2021-03-08 07:30:00"
"389440",20,"0","2021-03-08 07:45:00"
"389303",20,"67.1","2021-04-10 17:00:00"
"389472",20,"75.1","2021-04-10 17:15:00"
"389645",20,"65.7","2021-04-10 17:30:00"
"390194",20,"0","2021-05-20 08:30:00"
"390248",20,"140.8","2021-05-20 08:45:00"
"390302",20,"0","2021-05-20 09:00:00"
"390356",20,"0","2021-05-20 09:15:00"
"390410",20,"0","2021-05-20 09:30:00"
"390464",20,"179.5","2021-05-20 09:45:00"
"390518",20,"202.5","2021-05-20 10:00:00"
"390572",20,"209.9","2021-05-20 10:15:00"
"390626",20,"87.1","2021-05-20 10:30:00"
"390680",20,"49.8","2021-05-20 10:45:00"
"391908",20,"108.8","2021-03-08 09:30:00"
"392032",20,"104.7","2021-03-08 09:45:00"
"391944",20,"0","2021-04-10 21:00:00"
"392128",20,"0","2021-04-10 21:15:00"
"392117",20,"0","2021-06-30 19:15:00"
"392267",20,"0","2021-06-30 19:30:00"
"392416",20,"202.2","2021-06-30 19:45:00"
"392211",20,"94.9","2021-03-08 10:00:00"
"392378",20,"92.3","2021-03-08 10:15:00"
"392533",20,"86.4","2021-03-08 10:30:00"
"393379",20,"178.1","2021-06-30 21:45:00"
"393476",20,"0","2021-06-30 22:00:00"
"393581",20,"178.5","2021-06-30 22:15:00"
"393466",20,"13.4","2021-03-08 12:30:00"
"393582",20,"221.9","2021-03-08 12:45:00"
"393670",20,"52.4","2021-03-08 13:00:00"
"393709",20,"146.5","2021-06-30 22:30:00"
"395790",20,"143.8","2021-06-30 22:45:00"
"395829",20,"306.7","2021-03-08 13:15:00"
"395924",20,"59.7","2021-03-08 13:30:00"
"394436",20,"347.6","2021-05-20 14:15:00"
"394490",20,"62.8","2021-05-20 14:30:00"
"394544",20,"348.1","2021-05-20 14:45:00"
"394598",20,"344.5","2021-05-20 15:00:00"
"394652",20,"0.7000000000000001","2021-05-20 15:15:00"
"394706",20,"336.1","2021-05-20 15:30:00"
"394760",20,"12","2021-05-20 15:45:00"
"394912",20,"182.5","2021-04-10 22:45:00"
"394966",20,"209.1","2021-04-10 23:00:00"
"395020",20,"267.8","2021-04-10 23:15:00"
"396176",20,"135.2","2021-06-30 23:45:00"
"396277",20,"136.4","2021-07-01 00:00:00"
"396374",20,"117.1","2021-07-01 00:15:00"
"396398",20,"74.4","2021-03-08 14:30:00"
"396515",20,"105.2","2021-03-08 14:45:00"
"396684",20,"130.6","2021-03-08 15:00:00"
"396484",20,"111.5","2021-07-01 00:30:00"
"396622",20,"107.1","2021-07-01 00:45:00"
"396643",20,"356.2","2021-05-20 16:00:00"
"396781",20,"3.3","2021-05-20 16:15:00"
"396991",20,"22.7","2021-05-20 16:30:00"
"397846",20,"192.8","2021-03-08 16:45:00"
"398004",20,"168.1","2021-03-08 17:00:00"
"398175",20,"149.2","2021-07-01 03:15:00"
"401816",20,"138.5","2021-07-01 03:30:00"
"398119",20,"24.2","2021-05-20 18:15:00"
"398243",20,"29.9","2021-05-20 18:30:00"
"398339",20,"29.2","2021-05-20 18:45:00"
"398170",20,"170.8","2021-03-08 17:15:00"
"398320",20,"181.4","2021-03-08 17:30:00"
"398437",20,"186.4","2021-03-08 17:45:00"
"399424",20,"283.6","2021-04-11 05:45:00"
"399478",20,"268.7","2021-04-11 06:00:00"
"399532",20,"274.1","2021-04-11 06:15:00"
"399586",20,"273.6","2021-04-11 06:30:00"
"399640",20,"238.2","2021-04-11 06:45:00"
"399694",20,"210.6","2021-04-11 07:00:00"
"399748",20,"239.7","2021-04-11 07:15:00"
"402802",20,"246.6","2021-04-11 07:30:00"
"399840",20,"0","2021-05-20 20:45:00"
"399894",20,"0","2021-05-20 21:00:00"
"399948",20,"0","2021-05-20 21:15:00"
"401237",20,"100.6","2021-03-08 20:30:00"
"401330",20,"135.2","2021-03-08 20:45:00"
"401333",20,"100.6","2021-05-21 00:45:00"
"401438",20,"0","2021-05-21 01:00:00"
"401446",20,"240.4","2021-03-08 21:00:00"
"401516",20,"169.5","2021-03-08 21:15:00"
"401570",20,"135.1","2021-03-08 21:30:00"
"401624",20,"119.3","2021-03-08 21:45:00"
"401678",20,"113.4","2021-03-08 22:00:00"
"401732",20,"8.8","2021-03-08 22:15:00"
"402856",20,"268.6","2021-04-11 07:45:00"
"402910",20,"262.4","2021-04-11 08:00:00"
"402964",20,"0","2021-04-11 08:15:00"
"403018",20,"0","2021-04-11 08:30:00"
"403072",20,"155.1","2021-04-11 08:45:00"
"403126",20,"136.8","2021-04-11 09:00:00"
"403180",20,"119.1","2021-04-11 09:15:00"
"403234",20,"111","2021-04-11 09:30:00"
"403288",20,"63.9","2021-04-11 09:45:00"
"403342",20,"68.7","2021-04-11 10:00:00"
"404514",20,"0","2021-05-21 04:30:00"
"404568",20,"0","2021-05-21 04:45:00"
"404622",20,"0","2021-05-21 05:00:00"
"404676",20,"273.6","2021-05-21 05:15:00"
"404730",20,"225.1","2021-05-21 05:30:00"
"407784",20,"0","2021-05-21 05:45:00"
"407838",20,"0","2021-05-21 06:00:00"
"407892",20,"0","2021-05-21 06:15:00"
"404894",20,"269.1","2021-03-08 23:00:00"
"404948",20,"280.8","2021-03-08 23:15:00"
"405002",20,"278.5","2021-03-08 23:30:00"
"405596",20,"0","2021-03-09 02:15:00"
"405650",20,"0","2021-03-09 02:30:00"
"405704",20,"0","2021-03-09 02:45:00"
"405758",20,"0","2021-03-09 03:00:00"
"408812",20,"0","2021-03-09 03:15:00"
"405842",20,"0","2021-07-01 08:15:00"
"405896",20,"173.3","2021-07-01 08:30:00"
"405950",20,"162.3","2021-07-01 08:45:00"
"406004",20,"145.6","2021-07-01 09:00:00"
"406058",20,"139.7","2021-07-01 09:15:00"
"407098",20,"272.7","2021-04-11 13:30:00"
"407152",20,"298.1","2021-04-11 13:45:00"
"407206",20,"293.2","2021-04-11 14:00:00"
"407260",20,"122.4","2021-04-11 14:15:00"
"407314",20,"236.2","2021-04-11 14:30:00"
"407368",20,"262.9","2021-04-11 14:45:00"
"407422",20,"252.9","2021-04-11 15:00:00"
"407476",20,"238.1","2021-04-11 15:15:00"
"407530",20,"232.8","2021-04-11 15:30:00"
"407584",20,"228.8","2021-04-11 15:45:00"
"408216",20,"0","2021-05-21 07:45:00"
"408270",20,"96.9","2021-05-21 08:00:00"
"408324",20,"79.4","2021-05-21 08:15:00"
"408378",20,"67","2021-05-21 08:30:00"
"408432",20,"0","2021-05-21 08:45:00"
"408486",20,"244.4","2021-05-21 09:00:00"
"408540",20,"258.9","2021-05-21 09:15:00"
"408594",20,"0","2021-05-21 09:30:00"
"408648",20,"0","2021-05-21 09:45:00"
"408702",20,"34.6","2021-05-21 10:00:00"
"409922",20,"99.1","2021-07-01 13:15:00"
"409976",20,"92.6","2021-07-01 13:30:00"
"410030",20,"76.5","2021-07-01 13:45:00"
"410084",20,"90.2","2021-07-01 14:00:00"
"410138",20,"94.2","2021-07-01 14:15:00"
"410192",20,"83.1","2021-07-01 14:30:00"
"410246",20,"92.4","2021-07-01 14:45:00"
"410300",20,"76.7","2021-07-01 15:00:00"
"410354",20,"86.5","2021-07-01 15:15:00"
"410408",20,"90.7","2021-07-01 15:30:00"
"410462",20,"91.7","2021-07-01 15:45:00"
"412188",20,"9.3","2021-05-21 12:15:00"
"412242",20,"357.1","2021-05-21 12:30:00"
"412296",20,"354.5","2021-05-21 12:45:00"
"412350",20,"351.8","2021-05-21 13:00:00"
"412404",20,"336.6","2021-05-21 13:15:00"
"412458",20,"343.4","2021-05-21 13:30:00"
"412512",20,"331.9","2021-05-21 13:45:00"
"412566",20,"344.1","2021-05-21 14:00:00"
"412662",20,"350.1","2021-05-21 14:15:00"
"412965",20,"327.7","2021-05-21 14:30:00"
"413165",20,"188.4","2021-03-09 08:30:00"
"413321",20,"233.4","2021-03-09 08:45:00"
"413477",20,"167.5","2021-03-09 09:00:00"
"413469",20,"99.4","2021-07-01 18:30:00"
"413608",20,"98.9","2021-07-01 18:45:00"
"413626",20,"2.7","2021-03-09 09:15:00"
"413751",20,"26.4","2021-03-09 09:30:00"
"413887",20,"44.3","2021-03-09 09:45:00"
"413746",20,"100.6","2021-07-01 19:00:00"
"413876",20,"99.8","2021-07-01 19:15:00"
"414003",20,"99.9","2021-07-01 19:30:00"
"414929",20,"313.5","2021-03-09 11:45:00"
"415054",20,"258.3","2021-03-09 12:00:00"
"415188",20,"287.9","2021-03-09 12:15:00"
"415226",20,"113","2021-07-01 21:45:00"
"415979",20,"110.6","2021-07-01 22:00:00"
"415866",20,"330","2021-03-09 12:30:00"
"416012",20,"141.2","2021-03-09 12:45:00"
"415312",20,"35.6","2021-04-11 23:45:00"
"415366",20,"53.2","2021-04-12 00:00:00"
"416672",20,"110.6","2021-07-01 23:00:00"
"416836",20,"112.2","2021-07-01 23:15:00"
"416650",20,"345.5","2021-05-21 16:30:00"
"416811",20,"342.3","2021-05-21 16:45:00"
"416978",20,"339.9","2021-05-21 17:00:00"
"416959",20,"59.5","2021-03-09 14:15:00"
"417199",20,"47","2021-03-09 14:30:00"
"417408",20,"42.2","2021-03-09 14:45:00"
"417005",20,"118.7","2021-07-01 23:30:00"
"417191",20,"117.7","2021-07-01 23:45:00"
"417409",20,"115.7","2021-07-02 00:00:00"
"418249",20,"342.1","2021-03-09 15:45:00"
"418480",20,"333.8","2021-03-09 16:00:00"
"418605",20,"271.1","2021-04-12 03:45:00"
"418809",20,"273.3","2021-04-12 04:00:00"
"419010",20,"268.4","2021-04-12 04:15:00"
"418673",20,"7.2","2021-05-21 19:00:00"
"418889",20,"15.6","2021-05-21 19:15:00"
"418710",20,"135.6","2021-07-02 01:30:00"
"418927",20,"119.5","2021-07-02 01:45:00"
"419116",20,"109.8","2021-07-02 02:00:00"
"419961",20,"111.3","2021-07-02 02:45:00"
"420069",20,"120.7","2021-07-02 03:00:00"
"420176",20,"122.5","2021-07-02 03:15:00"
"419985",20,"9.6","2021-05-21 20:15:00"
"420093",20,"1.3","2021-05-21 20:30:00"
"420201",20,"5","2021-05-21 20:45:00"
"420304",20,"123.6","2021-07-02 03:30:00"
"420337",20,"358.6","2021-05-21 21:00:00"
"420475",20,"352.7","2021-05-21 21:15:00"
"420635",20,"354.2","2021-05-21 21:30:00"
"421745",20,"137","2021-03-09 19:15:00"
"421924",20,"131","2021-03-09 19:30:00"
"422160",20,"104.7","2021-03-09 19:45:00"
"421869",20,"148.8","2021-07-02 05:45:00"
"422096",20,"0","2021-07-02 06:00:00"
"421929",20,"17.3","2021-05-21 23:15:00"
"422128",20,"19.2","2021-05-21 23:30:00"
"422330",20,"279.3","2021-03-09 20:00:00"
"377684",20,"58.3","2021-05-19 16:15:00"
"377874",20,"166.8","2021-04-10 03:45:00"
"377983",20,"174.3","2021-04-10 04:00:00"
"377738",20,"68.9","2021-05-19 16:30:00"
"377792",20,"41.4","2021-05-19 16:45:00"
"379081",20,"26.1","2021-05-19 19:45:00"
"379189",20,"25","2021-05-19 20:00:00"
"379144",20,"0","2021-04-10 06:45:00"
"379271",20,"0","2021-04-10 07:00:00"
"379429",20,"272.5","2021-04-10 07:15:00"
"379299",20,"0","2021-05-19 20:15:00"
"379461",20,"27.7","2021-05-19 20:30:00"
"379639",20,"0","2021-05-19 20:45:00"
"379671",20,"0","2021-04-10 07:30:00"
"379921",20,"0","2021-04-10 07:45:00"
"380237",20,"30.5","2021-03-07 20:00:00"
"380380",20,"5.8","2021-03-07 20:15:00"
"380299",20,"229.9","2021-06-30 05:15:00"
"380414",20,"238.2","2021-06-30 05:30:00"
"380503",20,"257","2021-03-07 20:30:00"
"380606",20,"0","2021-03-07 20:45:00"
"380706",20,"274.1","2021-03-07 21:00:00"
"380517",20,"225.3","2021-06-30 05:45:00"
"380625",20,"227.8","2021-06-30 06:00:00"
"380740",20,"234.1","2021-06-30 06:15:00"
"381362",20,"285.6","2021-03-07 22:30:00"
"381469",20,"0","2021-03-07 22:45:00"
"381576",20,"0","2021-03-07 23:00:00"
"381382",20,"244.6","2021-06-30 07:45:00"
"381490",20,"235.7","2021-06-30 08:00:00"
"381597",20,"0","2021-06-30 08:15:00"
"381688",20,"0","2021-03-07 23:15:00"
"382718",20,"0","2021-03-07 23:30:00"
"381703",20,"0","2021-06-30 08:30:00"
"381766",20,"0","2021-06-30 08:45:00"
"382412",20,"0","2021-05-20 00:15:00"
"382466",20,"0","2021-05-20 00:30:00"
"382521",20,"0","2021-05-20 00:45:00"
"382675",20,"0","2021-05-20 01:00:00"
"382905",20,"0","2021-05-20 01:15:00"
"382740",20,"0","2021-06-30 09:00:00"
"382994",20,"143.7","2021-06-30 09:15:00"
"383173",20,"143","2021-06-30 09:30:00"
"382879",20,"74.7","2021-04-10 08:45:00"
"383086",20,"67","2021-04-10 09:00:00"
"383301",20,"68.8","2021-04-10 09:15:00"
"385790",20,"0","2021-05-20 02:00:00"
"385844",20,"0","2021-05-20 02:15:00"
"385898",20,"0","2021-05-20 02:30:00"
"383609",20,"0","2021-03-08 00:30:00"
"383783",20,"0","2021-03-08 00:45:00"
"383719",20,"108.3","2021-06-30 10:15:00"
"383874",20,"130.5","2021-06-30 10:30:00"
"384022",20,"105.1","2021-06-30 10:45:00"
"383830",20,"44","2021-04-10 10:00:00"
"383993",20,"57.6","2021-04-10 10:15:00"
"384152",20,"61.3","2021-04-10 10:30:00"
"384514",20,"134.9","2021-06-30 11:30:00"
"384662",20,"99.7","2021-06-30 11:45:00"
"384809",20,"116.8","2021-06-30 12:00:00"
"384676",20,"61.1","2021-04-10 11:15:00"
"384831",20,"39.2","2021-04-10 11:30:00"
"384978",20,"31.2","2021-04-10 11:45:00"
"384734",20,"102.7","2021-03-08 02:15:00"
"384914",20,"142.7","2021-03-08 02:30:00"
"385056",20,"167.3","2021-03-08 02:45:00"
"384997",20,"123.4","2021-06-30 12:15:00"
"385153",20,"125.3","2021-06-30 12:30:00"
"385303",20,"119.4","2021-06-30 12:45:00"
"385729",20,"127.3","2021-03-08 03:45:00"
"387027",20,"157.4","2021-03-08 04:00:00"
"386809",20,"88.5","2021-06-30 13:30:00"
"386921",20,"94.5","2021-06-30 13:45:00"
"387041",20,"73.3","2021-06-30 14:00:00"
"385952",20,"0","2021-05-20 02:45:00"
"386006",20,"0","2021-05-20 03:00:00"
"386060",20,"0","2021-05-20 03:15:00"
"386114",20,"0","2021-05-20 03:30:00"
"386168",20,"0","2021-05-20 03:45:00"
"387218",20,"309.9","2021-04-10 13:45:00"
"387383",20,"339.5","2021-04-10 14:00:00"
"387546",20,"336.1","2021-04-10 14:15:00"
"387533",20,"0","2021-06-30 14:45:00"
"387710",20,"352.9","2021-06-30 15:00:00"
"387892",20,"71.7","2021-06-30 15:15:00"
"387663",20,"0","2021-03-08 05:00:00"
"387812",20,"0","2021-03-08 05:15:00"
"387699",20,"33.1","2021-04-10 14:30:00"
"387849",20,"1.2","2021-04-10 14:45:00"
"388018",20,"33.4","2021-04-10 15:00:00"
"388478",20,"0","2021-03-08 06:15:00"
"388642",20,"125.3","2021-03-08 06:30:00"
"388486",20,"6.1","2021-04-10 15:45:00"
"388644",20,"63.8","2021-04-10 16:00:00"
"388804",20,"4.5","2021-04-10 16:15:00"
"388860",20,"10.7","2021-06-30 16:45:00"
"389006",20,"0","2021-06-30 17:00:00"
"388803",20,"137.7","2021-03-08 06:45:00"
"388981",20,"147.8","2021-03-08 07:00:00"
"389131",20,"142.8","2021-03-08 07:15:00"
"390734",20,"48","2021-05-20 11:00:00"
"393788",20,"34.6","2021-05-20 11:15:00"
"393842",20,"24.7","2021-05-20 11:30:00"
"390832",20,"55.7","2021-04-10 17:45:00"
"390886",20,"44.5","2021-04-10 18:00:00"
"390940",20,"59.3","2021-04-10 18:15:00"
"390994",20,"70.7","2021-04-10 18:30:00"
"391048",20,"62.1","2021-04-10 18:45:00"
"391102",20,"69","2021-04-10 19:00:00"
"391156",20,"66.8","2021-04-10 19:15:00"
"392289",20,"123.5","2021-04-10 21:30:00"
"392451",20,"152.9","2021-04-10 21:45:00"
"392598",20,"173.7","2021-04-10 22:00:00"
"392599",20,"0","2021-06-30 20:00:00"
"392729",20,"0","2021-06-30 20:15:00"
"392705",20,"90.3","2021-03-08 10:45:00"
"392810",20,"80.7","2021-03-08 11:00:00"
"394804",20,"203.3","2021-04-10 22:15:00"
"394858",20,"272.9","2021-04-10 22:30:00"
"393896",20,"19.9","2021-05-20 11:45:00"
"393950",20,"59.4","2021-05-20 12:00:00"
"394004",20,"48.2","2021-05-20 12:15:00"
"394058",20,"350.1","2021-05-20 12:30:00"
"394112",20,"27.4","2021-05-20 12:45:00"
"394166",20,"25.8","2021-05-20 13:00:00"
"394220",20,"351.5","2021-05-20 13:15:00"
"394274",20,"49.7","2021-05-20 13:30:00"
"394328",20,"54","2021-05-20 13:45:00"
"394382",20,"2.9","2021-05-20 14:00:00"
"395614",20,"0","2021-04-11 02:00:00"
"395668",20,"0","2021-04-11 02:15:00"
"395722",20,"0","2021-04-11 02:30:00"
"395776",20,"280","2021-04-11 02:45:00"
"398830",20,"270.6","2021-04-11 03:00:00"
"395885",20,"137.3","2021-06-30 23:00:00"
"395977",20,"119.7","2021-06-30 23:15:00"
"396065",20,"130.6","2021-06-30 23:30:00"
"396072",20,"208.6","2021-03-08 13:45:00"
"396175",20,"162.4","2021-03-08 14:00:00"
"396290",20,"43.5","2021-03-08 14:15:00"
"397308",20,"186.4","2021-03-08 16:00:00"
"397480",20,"181.9","2021-03-08 16:15:00"
"397662",20,"205.8","2021-03-08 16:30:00"
"397336",20,"348.1","2021-05-20 17:00:00"
"397503",20,"353.7","2021-05-20 17:15:00"
"397685",20,"107.8","2021-07-01 02:30:00"
"397841",20,"112.6","2021-07-01 02:45:00"
"398003",20,"117.2","2021-07-01 03:00:00"
"397649",20,"25.3","2021-05-20 17:30:00"
"397798",20,"23.5","2021-05-20 17:45:00"
"397965",20,"17.2","2021-05-20 18:00:00"
"398884",20,"260.5","2021-04-11 03:15:00"
"398938",20,"273","2021-04-11 03:30:00"
"398992",20,"246.9","2021-04-11 03:45:00"
"399046",20,"240.9","2021-04-11 04:00:00"
"399100",20,"246","2021-04-11 04:15:00"
"399154",20,"253.9","2021-04-11 04:30:00"
"399208",20,"242.8","2021-04-11 04:45:00"
"399262",20,"276.2","2021-04-11 05:00:00"
"399316",20,"276.4","2021-04-11 05:15:00"
"399370",20,"282.3","2021-04-11 05:30:00"
"400680",20,"122.7","2021-03-08 19:15:00"
"400767",20,"0","2021-03-08 19:30:00"
"400694",20,"0","2021-05-20 23:15:00"
"400815",20,"270.5","2021-05-20 23:30:00"
"400916",20,"282.7","2021-05-20 23:45:00"
"400883",20,"0","2021-03-08 19:45:00"
"401007",20,"162.9","2021-03-08 20:00:00"
"401118",20,"130.7","2021-03-08 20:15:00"
"401008",20,"286.7","2021-05-21 00:00:00"
"401113",20,"89.9","2021-05-21 00:15:00"
"401204",20,"94.4","2021-05-21 00:30:00"
"402302",20,"118.2","2021-07-01 05:45:00"
"402356",20,"110.5","2021-07-01 06:00:00"
"402410",20,"113.7","2021-07-01 06:15:00"
"402464",20,"121.9","2021-07-01 06:30:00"
"402518",20,"139.7","2021-07-01 06:45:00"
"402572",20,"164.8","2021-07-01 07:00:00"
"402626",20,"176.5","2021-07-01 07:15:00"
"402680",20,"181.6","2021-07-01 07:30:00"
"402734",20,"0","2021-07-01 07:45:00"
"405788",20,"0","2021-07-01 08:00:00"
"403974",20,"0","2021-05-21 02:00:00"
"404028",20,"0","2021-05-21 02:15:00"
"404082",20,"262.9","2021-05-21 02:30:00"
"404136",20,"0","2021-05-21 02:45:00"
"404190",20,"0","2021-05-21 03:00:00"
"404244",20,"250.9","2021-05-21 03:15:00"
"404298",20,"0","2021-05-21 03:30:00"
"404352",20,"0","2021-05-21 03:45:00"
"404406",20,"0","2021-05-21 04:00:00"
"404460",20,"0","2021-05-21 04:15:00"
"406112",20,"126","2021-07-01 09:30:00"
"406166",20,"117.4","2021-07-01 09:45:00"
"406220",20,"121.8","2021-07-01 10:00:00"
"406274",20,"111.5","2021-07-01 10:15:00"
"406328",20,"91.8","2021-07-01 10:30:00"
"406382",20,"91.2","2021-07-01 10:45:00"
"406436",20,"92.7","2021-07-01 11:00:00"
"406490",20,"88.5","2021-07-01 11:15:00"
"406544",20,"96.5","2021-07-01 11:30:00"
"406598",20,"89.1","2021-07-01 11:45:00"
"407638",20,"216.3","2021-04-11 16:00:00"
"407692",20,"165.9","2021-04-11 16:15:00"
"407746",20,"180.8","2021-04-11 16:30:00"
"410800",20,"206.4","2021-04-11 16:45:00"
"410854",20,"207.1","2021-04-11 17:00:00"
"407946",20,"276.8","2021-05-21 06:30:00"
"408000",20,"0","2021-05-21 06:45:00"
"408054",20,"0","2021-05-21 07:00:00"
"408108",20,"0","2021-05-21 07:15:00"
"408162",20,"290.2","2021-05-21 07:30:00"
"409298",20,"0","2021-03-09 05:30:00"
"409352",20,"0","2021-03-09 05:45:00"
"409406",20,"0","2021-03-09 06:00:00"
"409460",20,"239.8","2021-03-09 06:15:00"
"409514",20,"0","2021-03-09 06:30:00"
"409568",20,"0","2021-03-09 06:45:00"
"409622",20,"246","2021-03-09 07:00:00"
"409676",20,"0","2021-03-09 07:15:00"
"409768",20,"258.1","2021-03-09 07:30:00"
"412615",20,"268","2021-03-09 07:45:00"
"411070",20,"204.3","2021-04-11 18:00:00"
"411124",20,"203.6","2021-04-11 18:15:00"
"411178",20,"206.5","2021-04-11 18:30:00"
"411232",20,"216.1","2021-04-11 18:45:00"
"411286",20,"239","2021-04-11 19:00:00"
"411340",20,"244.2","2021-04-11 19:15:00"
"411394",20,"220","2021-04-11 19:30:00"
"411448",20,"232","2021-04-11 19:45:00"
"411502",20,"230","2021-04-11 20:00:00"
"411556",20,"237.2","2021-04-11 20:15:00"
"412773",20,"153.2","2021-03-09 08:00:00"
"412958",20,"129","2021-03-09 08:15:00"
"412936",20,"94.7","2021-07-01 17:45:00"
"413075",20,"98","2021-07-01 18:00:00"
"413267",20,"99.2","2021-07-01 18:15:00"
"413233",20,"337.4","2021-05-21 14:45:00"
"415782",20,"348.5","2021-05-21 15:00:00"
"413204",20,"280.4","2021-04-11 21:45:00"
"413488",20,"286.9","2021-04-11 22:00:00"
"413767",20,"296.2","2021-04-11 22:15:00"
"414554",20,"114.8","2021-07-01 20:30:00"
"414677",20,"114.2","2021-07-01 20:45:00"
"414669",20,"40.8","2021-03-09 11:15:00"
"414798",20,"27.1","2021-03-09 11:30:00"
"414666",20,"20.3","2021-04-11 23:00:00"
"414957",20,"20.7","2021-04-11 23:15:00"
"415229",20,"15.3","2021-04-11 23:30:00"
"414804",20,"112.1","2021-07-01 21:00:00"
"414948",20,"107.8","2021-07-01 21:15:00"
"415095",20,"110.9","2021-07-01 21:30:00"
"416160",20,"111.1","2021-07-01 22:15:00"
"416318",20,"110.8","2021-07-01 22:30:00"
"416521",20,"112.5","2021-07-01 22:45:00"
"416165",20,"128.9","2021-03-09 13:00:00"
"416317",20,"2.9","2021-03-09 13:15:00"
"416482",20,"170.3","2021-03-09 13:30:00"
"416352",20,"342.2","2021-05-21 16:00:00"
"416468",20,"332.9","2021-05-21 16:15:00"
"416640",20,"64.7","2021-03-09 13:45:00"
"416798",20,"35.2","2021-03-09 14:00:00"
"417658",20,"114.5","2021-07-02 00:15:00"
"417866",20,"113.9","2021-07-02 00:30:00"
"417927",20,"0","2021-04-12 03:00:00"
"418164",20,"277.5","2021-04-12 03:15:00"
"418360",20,"271","2021-04-12 03:30:00"
"418050",20,"346.4","2021-05-21 18:15:00"
"418267",20,"9.2","2021-05-21 18:30:00"
"418452",20,"20.3","2021-05-21 18:45:00"
"418051",20,"116.4","2021-07-02 00:45:00"
"418266",20,"127.9","2021-07-02 01:00:00"
"418493",20,"135.4","2021-07-02 01:15:00"
"419446",20,"260.7","2021-04-12 05:00:00"
"419500",20,"0","2021-04-12 05:15:00"
"419554",20,"0","2021-04-12 05:30:00"
"419193",20,"9.2","2021-05-21 19:30:00"
"419808",20,"359.5","2021-05-21 19:45:00"
"419880",20,"26.4","2021-05-21 20:00:00"
"419608",20,"0","2021-04-12 05:45:00"
"419662",20,"0","2021-04-12 06:00:00"
"419716",20,"0","2021-04-12 06:15:00"
"419770",20,"0","2021-04-12 06:30:00"
"421704",20,"0","2021-04-12 06:45:00"
"421059",20,"307.1","2021-03-09 18:15:00"
"421215",20,"323.8","2021-03-09 18:30:00"
"421285",20,"120.6","2021-07-02 05:00:00"
"421447",20,"118.1","2021-07-02 05:15:00"
"421657",20,"121.1","2021-07-02 05:30:00"
"421317",20,"36.7","2021-05-21 22:30:00"
"421472",20,"36.9","2021-05-21 22:45:00"
"421376",20,"308.7","2021-03-09 18:45:00"
"421545",20,"15.9","2021-03-09 19:00:00"
"378616",20,"251.5","2021-04-10 05:30:00"
"378726",20,"0","2021-04-10 05:45:00"
"378835",20,"0","2021-04-10 06:00:00"
"378749",20,"47.6","2021-05-19 19:00:00"
"378854",20,"35.2","2021-05-19 19:15:00"
"378967",20,"32.6","2021-05-19 19:30:00"
"378939",20,"262.1","2021-04-10 06:15:00"
"379042",20,"283","2021-04-10 06:30:00"
"379694",20,"353.2","2021-03-07 19:15:00"
"379872",20,"63.9","2021-03-07 19:30:00"
"380074",20,"60.7","2021-03-07 19:45:00"
"379813",20,"0","2021-05-19 21:00:00"
"380058",20,"286.1","2021-05-19 21:15:00"
"379958",20,"240.6","2021-06-30 04:45:00"
"380163",20,"242.6","2021-06-30 05:00:00"
"380124",20,"0","2021-04-10 08:00:00"
"380340",20,"0","2021-04-10 08:15:00"
"382685",20,"0","2021-04-10 08:30:00"
"380814",20,"179.5","2021-03-07 21:15:00"
"380926",20,"0","2021-03-07 21:30:00"
"381036",20,"0","2021-03-07 21:45:00"
"380849",20,"228.2","2021-06-30 06:30:00"
"380952",20,"207.8","2021-06-30 06:45:00"
"381056",20,"225.2","2021-06-30 07:00:00"
"381139",20,"275.6","2021-03-07 22:00:00"
"381251",20,"278.2","2021-03-07 22:15:00"
"381172",20,"258.6","2021-06-30 07:15:00"
"381276",20,"246.7","2021-06-30 07:30:00"
"381818",20,"280.8","2021-05-19 21:30:00"
"381872",20,"265.9","2021-05-19 21:45:00"
"381926",20,"0","2021-05-19 22:00:00"
"381980",20,"0","2021-05-19 22:15:00"
"382034",20,"249.1","2021-05-19 22:30:00"
"382088",20,"0","2021-05-19 22:45:00"
"382142",20,"0","2021-05-19 23:00:00"
"382196",20,"0","2021-05-19 23:15:00"
"382250",20,"0","2021-05-19 23:30:00"
"382304",20,"0","2021-05-19 23:45:00"
"382358",20,"0","2021-05-20 00:00:00"
"382915",20,"0","2021-03-07 23:45:00"
"383098",20,"148.7","2021-03-08 00:00:00"
"383415",20,"128.8","2021-03-08 00:15:00"
"383155",20,"0","2021-05-20 01:30:00"
"383313",20,"0","2021-05-20 01:45:00"
"383389",20,"150.5","2021-06-30 09:45:00"
"383542",20,"125.3","2021-06-30 10:00:00"
"383522",20,"84.9","2021-04-10 09:30:00"
"383672",20,"54.1","2021-04-10 09:45:00"
"383958",20,"73.5","2021-03-08 01:00:00"
"384114",20,"67.1","2021-03-08 01:15:00"
"384250",20,"63.2","2021-03-08 01:30:00"
"384188",20,"123.6","2021-06-30 11:00:00"
"384355",20,"118.8","2021-06-30 11:15:00"
"384336",20,"48.2","2021-04-10 10:45:00"
"384493",20,"24.4","2021-04-10 11:00:00"
"384415",20,"76.4","2021-03-08 01:45:00"
"384584",20,"77.2","2021-03-08 02:00:00"
"385173",20,"46.8","2021-04-10 12:00:00"
"385312",20,"47.8","2021-04-10 12:15:00"
"385212",20,"0","2021-03-08 03:00:00"
"385400",20,"177.5","2021-03-08 03:15:00"
"385560",20,"0","2021-03-08 03:30:00"
"385470",20,"77.3","2021-06-30 13:00:00"
"385620",20,"90","2021-06-30 13:15:00"
"385474",20,"53.4","2021-04-10 12:30:00"
"385640",20,"34.6","2021-04-10 12:45:00"
"386801",20,"349.6","2021-04-10 13:00:00"
"386222",20,"0","2021-05-20 04:00:00"
"386276",20,"0","2021-05-20 04:15:00"
"386330",20,"0","2021-05-20 04:30:00"
"386384",20,"0","2021-05-20 04:45:00"
"386438",20,"0","2021-05-20 05:00:00"
"386492",20,"0","2021-05-20 05:15:00"
"386546",20,"0","2021-05-20 05:30:00"
"386600",20,"0","2021-05-20 05:45:00"
"386654",20,"0","2021-05-20 06:00:00"
"386708",20,"0","2021-05-20 06:15:00"
"388034",20,"12.4","2021-06-30 15:30:00"
"388188",20,"11.4","2021-06-30 15:45:00"
"387985",20,"0","2021-03-08 05:30:00"
"388166",20,"0","2021-03-08 05:45:00"
"388329",20,"0","2021-03-08 06:00:00"
"388177",20,"67.2","2021-04-10 15:15:00"
"388331",20,"13.4","2021-04-10 15:30:00"
"388364",20,"34.8","2021-06-30 16:00:00"
"388541",20,"0","2021-06-30 16:15:00"
"388702",20,"0","2021-06-30 16:30:00"
"389657",20,"0","2021-06-30 18:00:00"
"391382",20,"216.2","2021-06-30 18:15:00"
"391554",20,"0","2021-06-30 18:30:00"
"389591",20,"124.2","2021-03-08 08:00:00"
"389708",20,"130.1","2021-03-08 08:15:00"
"389762",20,"118","2021-03-08 08:30:00"
"389924",20,"0","2021-05-20 07:15:00"
"389978",20,"0","2021-05-20 07:30:00"
"390032",20,"0","2021-05-20 07:45:00"
"390086",20,"0","2021-05-20 08:00:00"
"390140",20,"0","2021-05-20 08:15:00"
"391210",20,"49.1","2021-04-10 19:30:00"
"391264",20,"64.7","2021-04-10 19:45:00"
"391344",20,"69.3","2021-04-10 20:00:00"
"391443",20,"120.1","2021-03-08 08:45:00"
"391591",20,"123.1","2021-03-08 09:00:00"
"391737",20,"112.8","2021-03-08 09:15:00"
"391507",20,"75","2021-04-10 20:15:00"
"391648",20,"81.7","2021-04-10 20:30:00"
"391789",20,"128.2","2021-04-10 20:45:00"
"391769",20,"174","2021-06-30 18:45:00"
"391945",20,"0","2021-06-30 19:00:00"
"392844",20,"0","2021-06-30 20:30:00"
"392944",20,"0","2021-06-30 20:45:00"
"393041",20,"261.6","2021-06-30 21:00:00"
"392922",20,"77","2021-03-08 11:15:00"
"393042",20,"53.9","2021-03-08 11:30:00"
"393120",20,"84.7","2021-03-08 11:45:00"
"393169",20,"267.4","2021-06-30 21:15:00"
"393268",20,"0","2021-06-30 21:30:00"
"393246",20,"89.9","2021-03-08 12:00:00"
"393356",20,"8.4","2021-03-08 12:15:00"
"395074",20,"266.6","2021-04-10 23:30:00"
"395128",20,"302","2021-04-10 23:45:00"
"395182",20,"247","2021-04-11 00:00:00"
"395236",20,"0","2021-04-11 00:15:00"
"395290",20,"0","2021-04-11 00:30:00"
"395344",20,"0","2021-04-11 00:45:00"
"395398",20,"0","2021-04-11 01:00:00"
"395452",20,"0","2021-04-11 01:15:00"
"395506",20,"0","2021-04-11 01:30:00"
"395560",20,"0","2021-04-11 01:45:00"
"396838",20,"163.2","2021-03-08 15:15:00"
"396979",20,"210.9","2021-03-08 15:30:00"
"396780",20,"110.6","2021-07-01 01:00:00"
"396930",20,"98.3","2021-07-01 01:15:00"
"397084",20,"97.9","2021-07-01 01:30:00"
"397142",20,"144.4","2021-03-08 15:45:00"
"397158",20,"3.3","2021-05-20 16:45:00"
"397232",20,"98","2021-07-01 01:45:00"
"397382",20,"105.1","2021-07-01 02:00:00"
"397528",20,"108.5","2021-07-01 02:15:00"
"398447",20,"26","2021-05-20 19:00:00"
"398516",20,"25.9","2021-05-20 19:15:00"
"400144",20,"218.8","2021-03-08 18:00:00"
"400238",20,"181.4","2021-03-08 18:15:00"
"398570",20,"15.4","2021-05-20 19:30:00"
"398624",20,"27.6","2021-05-20 19:45:00"
"398678",20,"36.3","2021-05-20 20:00:00"
"398732",20,"0","2021-05-20 20:15:00"
"399786",20,"0","2021-05-20 20:30:00"
"400002",20,"0","2021-05-20 21:30:00"
"400056",20,"0","2021-05-20 21:45:00"
"400143",20,"0","2021-05-20 22:00:00"
"400263",20,"271.4","2021-05-20 22:15:00"
"400379",20,"260.3","2021-05-20 22:30:00"
"400337",20,"143.5","2021-03-08 18:30:00"
"400454",20,"131.8","2021-03-08 18:45:00"
"400563",20,"133.5","2021-03-08 19:00:00"
"400480",20,"0","2021-05-20 22:45:00"
"400589",20,"0","2021-05-20 23:00:00"
"404786",20,"286.7","2021-03-08 22:30:00"
"404840",20,"269.2","2021-03-08 22:45:00"
"401870",20,"126.9","2021-07-01 03:45:00"
"401924",20,"112.2","2021-07-01 04:00:00"
"401978",20,"102.3","2021-07-01 04:15:00"
"402032",20,"102.5","2021-07-01 04:30:00"
"402086",20,"103.4","2021-07-01 04:45:00"
"402140",20,"107","2021-07-01 05:00:00"
"402194",20,"106.7","2021-07-01 05:15:00"
"402248",20,"113.1","2021-07-01 05:30:00"
"403396",20,"48.8","2021-04-11 10:15:00"
"403450",20,"94.4","2021-04-11 10:30:00"
"403504",20,"33.3","2021-04-11 10:45:00"
"403558",20,"3.1","2021-04-11 11:00:00"
"403612",20,"24.6","2021-04-11 11:15:00"
"403666",20,"24.7","2021-04-11 11:30:00"
"403720",20,"358.8","2021-04-11 11:45:00"
"403774",20,"37.3","2021-04-11 12:00:00"
"403812",20,"262.8","2021-05-21 01:15:00"
"403866",20,"260.7","2021-05-21 01:30:00"
"403920",20,"252.8","2021-05-21 01:45:00"
"405056",20,"259.3","2021-03-08 23:45:00"
"405110",20,"239.8","2021-03-09 00:00:00"
"405164",20,"0","2021-03-09 00:15:00"
"405218",20,"0","2021-03-09 00:30:00"
"405272",20,"272","2021-03-09 00:45:00"
"405326",20,"279.2","2021-03-09 01:00:00"
"405380",20,"274.6","2021-03-09 01:15:00"
"405434",20,"289.1","2021-03-09 01:30:00"
"405488",20,"266.2","2021-03-09 01:45:00"
"405542",20,"259.3","2021-03-09 02:00:00"
"406652",20,"100.1","2021-07-01 12:00:00"
"406706",20,"93.2","2021-07-01 12:15:00"
"406760",20,"81.2","2021-07-01 12:30:00"
"409761",20,"89.4","2021-07-01 12:45:00"
"409841",20,"97.9","2021-07-01 13:00:00"
"406828",20,"341.8","2021-04-11 12:15:00"
"406882",20,"326","2021-04-11 12:30:00"
"406936",20,"288.9","2021-04-11 12:45:00"
"406990",20,"287.6","2021-04-11 13:00:00"
"407044",20,"153.5","2021-04-11 13:15:00"
"408756",20,"41.9","2021-05-21 10:15:00"
"411810",20,"36.9","2021-05-21 10:30:00"
"408866",20,"0","2021-03-09 03:30:00"
"408920",20,"0","2021-03-09 03:45:00"
"408974",20,"0","2021-03-09 04:00:00"
"409028",20,"0","2021-03-09 04:15:00"
"409082",20,"0","2021-03-09 04:30:00"
"409136",20,"0","2021-03-09 04:45:00"
"409190",20,"0","2021-03-09 05:00:00"
"409244",20,"0","2021-03-09 05:15:00"
"410516",20,"87.6","2021-07-01 16:00:00"
"410570",20,"91.2","2021-07-01 16:15:00"
"410624",20,"89.5","2021-07-01 16:30:00"
"410678",20,"88.5","2021-07-01 16:45:00"
"410732",20,"98.8","2021-07-01 17:00:00"
"412626",20,"97.2","2021-07-01 17:15:00"
"412767",20,"94.3","2021-07-01 17:30:00"
"410908",20,"217.6","2021-04-11 17:15:00"
"410962",20,"218.2","2021-04-11 17:30:00"
"411016",20,"205.4","2021-04-11 17:45:00"
"411610",20,"263","2021-04-11 20:30:00"
"411664",20,"278.4","2021-04-11 20:45:00"
"411718",20,"267.7","2021-04-11 21:00:00"
"411772",20,"283.9","2021-04-11 21:15:00"
"412926",20,"269.8","2021-04-11 21:30:00"
"411864",20,"36.1","2021-05-21 10:45:00"
"411918",20,"30.6","2021-05-21 11:00:00"
"411972",20,"26.7","2021-05-21 11:15:00"
"412026",20,"16.4","2021-05-21 11:30:00"
"412080",20,"19.8","2021-05-21 11:45:00"
"412134",20,"4.5","2021-05-21 12:00:00"
"414070",20,"0","2021-04-11 22:30:00"
"414386",20,"0","2021-04-11 22:45:00"
"414018",20,"333.5","2021-03-09 10:00:00"
"414146",20,"249.4","2021-03-09 10:15:00"
"414150",20,"100.7","2021-07-01 19:45:00"
"414271",20,"99.9","2021-07-01 20:00:00"
"414425",20,"106.4","2021-07-01 20:15:00"
"414272",20,"44.7","2021-03-09 10:30:00"
"414397",20,"347.4","2021-03-09 10:45:00"
"414532",20,"358.8","2021-03-09 11:00:00"
"415420",20,"0","2021-04-12 00:15:00"
"415474",20,"191","2021-04-12 00:30:00"
"415528",20,"243","2021-04-12 00:45:00"
"415582",20,"233","2021-04-12 01:00:00"
"415636",20,"281","2021-04-12 01:15:00"
"415690",20,"0","2021-04-12 01:30:00"
"415744",20,"0","2021-04-12 01:45:00"
"417028",20,"0","2021-04-12 02:00:00"
"415865",20,"3.3","2021-05-21 15:15:00"
"416013",20,"340","2021-05-21 15:30:00"
"416176",20,"348.2","2021-05-21 15:45:00"
"417168",20,"348","2021-05-21 17:15:00"
"417276",20,"0","2021-04-12 02:15:00"
"417366",20,"337.2","2021-05-21 17:30:00"
"417512",20,"0","2021-04-12 02:30:00"
"417723",20,"0","2021-04-12 02:45:00"
"417577",20,"340","2021-05-21 17:45:00"
"417798",20,"342.1","2021-05-21 18:00:00"
"417606",20,"24","2021-03-09 15:00:00"
"417828",20,"21.5","2021-03-09 15:15:00"
"418024",20,"23.5","2021-03-09 15:30:00"
"418686",20,"3.6","2021-03-09 16:15:00"
"418913",20,"50.9","2021-03-09 16:30:00"
"419099",20,"230.4","2021-03-09 16:45:00"
"419210",20,"262.8","2021-04-12 04:30:00"
"419361",20,"264.4","2021-04-12 04:45:00"
"419321",20,"109.9","2021-07-02 02:15:00"
"419850",20,"110.8","2021-07-02 02:30:00"
"420227",20,"218","2021-03-09 17:00:00"
"420397",20,"261.4","2021-03-09 17:15:00"
"420486",20,"140.1","2021-07-02 03:45:00"
"420642",20,"0","2021-07-02 04:00:00"
"420593",20,"294.2","2021-03-09 17:30:00"
"420753",20,"270.3","2021-03-09 17:45:00"
"420884",20,"302.5","2021-03-09 18:00:00"
"420803",20,"4.2","2021-05-21 21:45:00"
"420982",20,"3.2","2021-05-21 22:00:00"
"421135",20,"9.2","2021-05-21 22:15:00"
"420819",20,"130.4","2021-07-02 04:15:00"
"420962",20,"121.2","2021-07-02 04:30:00"
"421122",20,"123","2021-07-02 04:45:00"
"421903",20,"0","2021-04-12 07:00:00"
"422112",20,"0","2021-04-12 07:15:00"
"422307",20,"15.9","2021-05-21 23:45:00"
"422364",20,"0","2021-07-02 06:15:00"
"422540",20,"349.7","2021-03-09 20:15:00"
"422543",20,"14.9","2021-05-22 00:00:00"
"422549",20,"0","2021-04-12 07:45:00"
"422750",20,"91","2021-03-09 20:30:00"
"422899",20,"62.7","2021-03-09 20:45:00"
"422583",20,"262.2","2021-07-02 06:30:00"
"422788",20,"280.4","2021-07-02 06:45:00"
"422952",20,"274.2","2021-07-02 07:00:00"
"422340",20,"0","2021-04-12 07:30:00"
"423472",20,"106.2","2021-04-12 09:45:00"
"423526",20,"139.3","2021-04-12 10:00:00"
"423077",20,"0","2021-04-12 08:30:00"
"423196",20,"0","2021-04-12 08:45:00"
"423304",20,"0","2021-04-12 09:00:00"
"423364",20,"109.8","2021-04-12 09:15:00"
"423418",20,"147.2","2021-04-12 09:30:00"
"423580",20,"148.4","2021-04-12 10:15:00"
"423634",20,"156.5","2021-04-12 10:30:00"
"423688",20,"183.8","2021-04-12 10:45:00"
"432162",20,"257.5","2021-04-12 21:15:00"
"432234",20,"0","2021-04-12 21:30:00"
"432274",20,"76.6","2021-07-02 17:30:00"
"432380",20,"80.2","2021-07-02 17:45:00"
"432369",20,"276.7","2021-04-12 21:45:00"
"432493",20,"259","2021-04-12 22:00:00"
"432611",20,"263.4","2021-04-12 22:15:00"
"432588",20,"70.2","2021-05-22 09:45:00"
"432905",20,"79.1","2021-05-22 10:00:00"
"433772",20,"73.2","2021-05-22 11:00:00"
"433963",20,"81.4","2021-05-22 11:15:00"
"434153",20,"79.7","2021-05-22 11:30:00"
"433822",20,"0","2021-04-12 23:45:00"
"433993",20,"0","2021-04-13 00:00:00"
"434227",20,"0","2021-04-13 00:15:00"
"434051",20,"58.4","2021-07-02 20:00:00"
"434247",20,"271.6","2021-07-02 20:15:00"
"434476",20,"274.7","2021-07-02 20:30:00"
"434364",20,"73.6","2021-05-22 11:45:00"
"434600",20,"73.9","2021-05-22 12:00:00"
"434893",20,"82.3","2021-03-10 09:15:00"
"435018",20,"52.8","2021-03-10 09:30:00"
"435131",20,"59.1","2021-03-10 09:45:00"
"434849",20,"0","2021-04-13 01:00:00"
"436219",20,"0","2021-04-13 01:15:00"
"436391",20,"0","2021-04-13 01:30:00"
"435175",20,"65.5","2021-05-22 13:00:00"
"435241",20,"47.8","2021-03-10 10:00:00"
"435332",20,"63.1","2021-03-10 10:15:00"
"435429",20,"40.1","2021-03-10 10:30:00"
"436537",20,"0","2021-04-13 01:45:00"
"436785",20,"0","2021-04-13 02:00:00"
"436513",20,"272.2","2021-07-02 23:45:00"
"436614",20,"275.7","2021-07-03 00:00:00"
"436752",20,"273.2","2021-07-03 00:15:00"
"436824",20,"15.6","2021-03-10 12:00:00"
"436958",20,"8.7","2021-03-10 12:15:00"
"437077",20,"50.4","2021-03-10 12:30:00"
"436878",20,"274.9","2021-07-03 00:30:00"
"437033",20,"272.8","2021-07-03 00:45:00"
"438048",20,"114.8","2021-04-13 03:30:00"
"438257",20,"118.8","2021-04-13 03:45:00"
"438458",20,"113.3","2021-04-13 04:00:00"
"438183",20,"66.9","2021-05-22 14:30:00"
"438400",20,"42","2021-05-22 14:45:00"
"438568",20,"33.5","2021-05-22 15:00:00"
"438268",20,"329.8","2021-03-10 15:15:00"
"438371",20,"318.1","2021-03-10 15:30:00"
"438515",20,"333.2","2021-03-10 15:45:00"
"438628",20,"342.7","2021-03-10 16:00:00"
"440950",20,"313.3","2021-03-10 16:15:00"
"439722",20,"57.5","2021-05-22 18:30:00"
"439776",20,"55","2021-05-22 18:45:00"
"439968",20,"275.1","2021-07-03 02:30:00"
"440022",20,"274","2021-07-03 02:45:00"
"440076",20,"258.7","2021-07-03 03:00:00"
"440130",20,"253.9","2021-07-03 03:15:00"
"440184",20,"260","2021-07-03 03:30:00"
"440238",20,"258","2021-07-03 03:45:00"
"440292",20,"241.5","2021-07-03 04:00:00"
"441433",20,"330.2","2021-03-10 17:15:00"
"441523",20,"318.4","2021-03-10 17:30:00"
"441610",20,"317.2","2021-03-10 17:45:00"
"441685",20,"295.5","2021-03-10 18:00:00"
"441761",20,"234.7","2021-03-10 18:15:00"
"441667",20,"92.8","2021-04-13 08:00:00"
"441834",20,"92.8","2021-04-13 08:15:00"
"441998",20,"89.6","2021-04-13 08:30:00"
"441845",20,"271.8","2021-03-10 18:30:00"
"441924",20,"266.2","2021-03-10 18:45:00"
"443100",20,"53.7","2021-05-22 20:15:00"
"443154",20,"51.6","2021-05-22 20:30:00"
"443208",20,"44.5","2021-05-22 20:45:00"
"443262",20,"21.5","2021-05-22 21:00:00"
"443316",20,"10.5","2021-05-22 21:15:00"
"443370",20,"18.7","2021-05-22 21:30:00"
"443424",20,"109.5","2021-05-22 21:45:00"
"443478",20,"0","2021-05-22 22:00:00"
"443532",20,"0","2021-05-22 22:15:00"
"443586",20,"55.7","2021-05-22 22:30:00"
"443640",20,"54.2","2021-05-22 22:45:00"
"444862",20,"0","2021-07-03 10:45:00"
"448434",20,"46.8","2021-07-03 11:00:00"
"444992",20,"0","2021-03-10 21:45:00"
"445046",20,"0","2021-03-10 22:00:00"
"445100",20,"0","2021-03-10 22:15:00"
"445154",20,"0","2021-03-10 22:30:00"
"445208",20,"0","2021-03-10 22:45:00"
"445262",20,"0","2021-03-10 23:00:00"
"445316",20,"0","2021-03-10 23:15:00"
"445872",20,"100.3","2021-04-13 10:45:00"
"445984",20,"83.3","2021-04-13 11:00:00"
"445934",20,"14.7","2021-05-22 23:30:00"
"446010",20,"30.2","2021-05-22 23:45:00"
"446087",20,"34.4","2021-05-23 00:00:00"
"446142",20,"78.7","2021-04-13 11:15:00"
"446290",20,"102.9","2021-04-13 11:30:00"
"446446",20,"89.7","2021-04-13 11:45:00"
"446175",20,"29.7","2021-05-23 00:15:00"
"446262",20,"35.7","2021-05-23 00:30:00"
"448072",20,"0","2021-03-11 02:45:00"
"448126",20,"0","2021-03-11 03:00:00"
"448180",20,"0","2021-03-11 03:15:00"
"448234",20,"0","2021-03-11 03:30:00"
"448288",20,"0","2021-03-11 03:45:00"
"448342",20,"0","2021-03-11 04:00:00"
"448397",20,"0","2021-03-11 04:15:00"
"448542",20,"0","2021-03-11 04:30:00"
"448521",20,"80.1","2021-07-03 11:15:00"
"448595",20,"60.6","2021-07-03 11:30:00"
"448675",20,"56.7","2021-07-03 11:45:00"
"449722",20,"234.4","2021-07-03 15:15:00"
"449776",20,"244.9","2021-07-03 15:30:00"
"449936",20,"17.4","2021-05-23 04:45:00"
"449990",20,"327.8","2021-05-23 05:00:00"
"450044",20,"338.2","2021-05-23 05:15:00"
"450098",20,"347.2","2021-05-23 05:30:00"
"450152",20,"330.4","2021-05-23 05:45:00"
"450206",20,"322.5","2021-05-23 06:00:00"
"450260",20,"315.2","2021-05-23 06:15:00"
"451384",20,"107.5","2021-04-13 17:45:00"
"451438",20,"121.5","2021-04-13 18:00:00"
"451510",20,"107.7","2021-04-13 18:15:00"
"451600",20,"127.7","2021-04-13 18:30:00"
"451687",20,"122.1","2021-04-13 18:45:00"
"451721",20,"0","2021-03-11 06:30:00"
"451888",20,"0","2021-03-11 06:45:00"
"451990",20,"0","2021-03-11 07:00:00"
"451775",20,"118.6","2021-04-13 19:00:00"
"451852",20,"120.5","2021-04-13 19:15:00"
"453113",20,"69.6","2021-03-11 10:15:00"
"453280",20,"64.7","2021-03-11 10:30:00"
"455800",20,"60.1","2021-03-11 10:45:00"
"453204",20,"184.3","2021-07-03 17:45:00"
"453282",20,"208.5","2021-07-03 18:00:00"
"453370",20,"192.2","2021-07-03 18:15:00"
"453424",20,"204.8","2021-07-03 18:30:00"
"453519",20,"206.7","2021-07-03 18:45:00"
"453545",20,"96","2021-04-13 19:45:00"
"453682",20,"93.8","2021-04-13 20:00:00"
"454210",20,"215.7","2021-05-23 09:45:00"
"454370",20,"207.4","2021-05-23 10:00:00"
"454502",20,"176.7","2021-05-23 10:15:00"
"454327",20,"99.2","2021-04-13 21:00:00"
"454467",20,"97.2","2021-04-13 21:15:00"
"454557",20,"96.1","2021-04-13 21:30:00"
"454620",20,"181.1","2021-05-23 10:30:00"
"454741",20,"223.8","2021-05-23 10:45:00"
"454665",20,"97.6","2021-04-13 21:45:00"
"454774",20,"100.1","2021-04-13 22:00:00"
"455366",20,"243.4","2021-05-23 12:15:00"
"455472",20,"238.6","2021-05-23 12:30:00"
"455583",20,"233.4","2021-05-23 12:45:00"
"455438",20,"97","2021-04-13 23:30:00"
"455545",20,"95.2","2021-04-13 23:45:00"
"455646",20,"96.3","2021-04-14 00:00:00"
"455690",20,"239.7","2021-05-23 13:00:00"
"455772",20,"226.1","2021-05-23 13:15:00"
"457175",20,"96","2021-04-14 00:15:00"
"457286",20,"91.8","2021-04-14 00:30:00"
"456964",20,"280.5","2021-07-03 21:00:00"
"457018",20,"0","2021-07-03 21:15:00"
"457072",20,"0","2021-07-03 21:30:00"
"457126",20,"0","2021-07-03 21:45:00"
"457198",20,"284.9","2021-07-03 22:00:00"
"457306",20,"281.2","2021-07-03 22:15:00"
"457410",20,"280.8","2021-07-03 22:30:00"
"457397",20,"92.8","2021-04-14 00:45:00"
"457503",20,"98.6","2021-04-14 01:00:00"
"457610",20,"93.6","2021-04-14 01:15:00"
"458649",20,"238","2021-05-23 14:15:00"
"458767",20,"233.8","2021-05-23 14:30:00"
"458735",20,"93.8","2021-04-14 03:30:00"
"458844",20,"98.7","2021-04-14 03:45:00"
"458879",20,"225.4","2021-05-23 14:45:00"
"458987",20,"228.2","2021-05-23 15:00:00"
"459137",20,"245.2","2021-05-23 15:15:00"
"458950",20,"108.7","2021-04-14 04:00:00"
"459045",20,"108.1","2021-04-14 04:15:00"
"459126",20,"101.4","2021-04-14 04:30:00"
"460204",20,"293.8","2021-03-11 17:15:00"
"460258",20,"311.1","2021-03-11 17:30:00"
"460312",20,"310.5","2021-03-11 17:45:00"
"460366",20,"309.4","2021-03-11 18:00:00"
"460420",20,"314.6","2021-03-11 18:15:00"
"460474",20,"292.1","2021-03-11 18:30:00"
"460528",20,"275","2021-03-11 18:45:00"
"460582",20,"276","2021-03-11 19:00:00"
"460636",20,"283.7","2021-03-11 19:15:00"
"460690",20,"278.2","2021-03-11 19:30:00"
"460744",20,"272.9","2021-03-11 19:45:00"
"461999",20,"113.5","2021-07-04 05:00:00"
"462107",20,"101.3","2021-07-04 05:15:00"
"461992",20,"118","2021-04-14 06:15:00"
"462100",20,"110.1","2021-04-14 06:30:00"
"462192",20,"106.8","2021-04-14 06:45:00"
"462246",20,"102.8","2021-04-14 07:00:00"
"462300",20,"110.9","2021-04-14 07:15:00"
"462354",20,"116","2021-04-14 07:30:00"
"462408",20,"113.4","2021-04-14 07:45:00"
"462462",20,"119.8","2021-04-14 08:00:00"
"463500",20,"255.5","2021-05-23 21:15:00"
"463554",20,"247.1","2021-05-23 21:30:00"
"463608",20,"243.1","2021-05-23 21:45:00"
"463662",20,"237.5","2021-05-23 22:00:00"
"463716",20,"244.4","2021-05-23 22:15:00"
"463788",20,"248.7","2021-05-23 22:30:00"
"466824",20,"238.5","2021-05-23 22:45:00"
"466878",20,"240.3","2021-05-23 23:00:00"
"463906",20,"273.6","2021-03-11 20:30:00"
"463960",20,"266.7","2021-03-11 20:45:00"
"464014",20,"276.5","2021-03-11 21:00:00"
"465070",20,"126.2","2021-07-04 06:45:00"
"465124",20,"136.4","2021-07-04 07:00:00"
"465178",20,"137.3","2021-07-04 07:15:00"
"465232",20,"138.9","2021-07-04 07:30:00"
"465286",20,"137","2021-07-04 07:45:00"
"465340",20,"128.7","2021-07-04 08:00:00"
"465394",20,"115","2021-07-04 08:15:00"
"421664",20,"27.6","2021-05-21 23:00:00"
"422752",20,"12","2021-05-22 00:15:00"
"423834",20,"357.9","2021-05-22 00:30:00"
"422778",20,"0","2021-04-12 08:00:00"
"422955",20,"0","2021-04-12 08:15:00"
"423928",20,"0","2021-07-02 07:15:00"
"424051",20,"0","2021-07-02 07:30:00"
"423058",20,"198.7","2021-03-09 21:00:00"
"423154",20,"203.5","2021-03-09 21:15:00"
"423263",20,"89.2","2021-03-09 21:30:00"
"424188",20,"0","2021-07-02 07:45:00"
"424348",20,"0","2021-07-02 08:00:00"
"424496",20,"0","2021-07-02 08:15:00"
"424652",20,"0","2021-03-09 22:30:00"
"424792",20,"0","2021-03-09 22:45:00"
"424609",20,"243.7","2021-05-22 02:00:00"
"424768",20,"248.9","2021-05-22 02:15:00"
"424926",20,"249.8","2021-05-22 02:30:00"
"424686",20,"0","2021-07-02 08:30:00"
"424866",20,"0","2021-07-02 08:45:00"
"425036",20,"0","2021-07-02 09:00:00"
"425635",20,"0","2021-03-09 23:45:00"
"425824",20,"0","2021-03-10 00:00:00"
"425535",20,"343.6","2021-05-22 03:15:00"
"425775",20,"211.7","2021-05-22 03:30:00"
"425965",20,"230.7","2021-05-22 03:45:00"
"425699",20,"0","2021-07-02 09:45:00"
"425952",20,"0","2021-07-02 10:00:00"
"426147",20,"94.6","2021-07-02 10:15:00"
"425865",20,"127.6","2021-04-12 12:15:00"
"426106",20,"42.4","2021-04-12 12:30:00"
"426321",20,"273.1","2021-04-12 12:45:00"
"426710",20,"0","2021-03-10 01:00:00"
"426903",20,"0","2021-03-10 01:15:00"
"426628",20,"11.3","2021-05-22 04:30:00"
"426873",20,"3.5","2021-05-22 04:45:00"
"427806",20,"356.9","2021-05-22 05:00:00"
"426796",20,"63","2021-07-02 11:00:00"
"427011",20,"102","2021-07-02 11:15:00"
"427173",20,"142.4","2021-07-02 11:30:00"
"426915",20,"272.5","2021-04-12 13:30:00"
"427108",20,"231.2","2021-04-12 13:45:00"
"427306",20,"278.2","2021-04-12 14:00:00"
"427552",20,"251.2","2021-04-12 14:45:00"
"427606",20,"247.8","2021-04-12 15:00:00"
"427660",20,"265.5","2021-04-12 15:15:00"
"427714",20,"257.2","2021-04-12 15:30:00"
"427768",20,"270","2021-04-12 15:45:00"
"427918",20,"49.6","2021-05-22 05:15:00"
"428065",20,"0","2021-05-22 05:30:00"
"428191",20,"0","2021-05-22 05:45:00"
"428184",20,"42.8","2021-07-02 12:15:00"
"428354",20,"48","2021-07-02 12:30:00"
"428528",20,"55.5","2021-07-02 12:45:00"
"428740",20,"0","2021-03-10 03:30:00"
"428947",20,"0","2021-03-10 03:45:00"
"429168",20,"132.2","2021-03-10 04:00:00"
"428743",20,"157.7","2021-05-22 06:30:00"
"428956",20,"125.2","2021-05-22 06:45:00"
"429185",20,"317.1","2021-05-22 07:00:00"
"429248",20,"240.1","2021-04-12 16:45:00"
"429430",20,"266","2021-04-12 17:00:00"
"429655",20,"251.3","2021-04-12 17:15:00"
"429186",20,"22.7","2021-07-02 13:30:00"
"429420",20,"337.5","2021-07-02 13:45:00"
"429581",20,"61.7","2021-07-02 14:00:00"
"429827",20,"127.4","2021-03-10 04:45:00"
"430037",20,"126.7","2021-03-10 05:00:00"
"430279",20,"0","2021-03-10 05:15:00"
"429900",20,"65","2021-05-22 07:45:00"
"430104",20,"148.9","2021-05-22 08:00:00"
"430284",20,"143.3","2021-05-22 08:15:00"
"430304",20,"202.2","2021-04-12 18:00:00"
"430493",20,"213.6","2021-04-12 18:15:00"
"430701",20,"205.1","2021-04-12 18:30:00"
"430469",20,"352.9","2021-07-02 15:00:00"
"430772",20,"337.8","2021-07-02 15:15:00"
"430928",20,"0","2021-03-10 06:00:00"
"431151",20,"0","2021-03-10 06:15:00"
"431340",20,"0","2021-03-10 06:30:00"
"430980",20,"316.8","2021-07-02 15:30:00"
"431210",20,"2.3","2021-07-02 15:45:00"
"431384",20,"338.3","2021-07-02 16:00:00"
"431363",20,"205.9","2021-04-12 19:15:00"
"431501",20,"226.2","2021-04-12 19:30:00"
"431632",20,"229","2021-04-12 19:45:00"
"431493",20,"0","2021-03-10 06:45:00"
"432773",20,"0","2021-03-10 07:00:00"
"432513",20,"70.4","2021-07-02 18:00:00"
"432678",20,"81.3","2021-07-02 18:15:00"
"432838",20,"91.4","2021-07-02 18:30:00"
"432774",20,"240.9","2021-04-12 22:30:00"
"432928",20,"255","2021-04-12 22:45:00"
"433155",20,"258.7","2021-04-12 23:00:00"
"433037",20,"103.6","2021-07-02 18:45:00"
"433246",20,"89.6","2021-07-02 19:00:00"
"433053",20,"0","2021-03-10 07:15:00"
"433238",20,"0","2021-03-10 07:30:00"
"433491",20,"91","2021-03-10 07:45:00"
"434262",20,"97","2021-03-10 08:30:00"
"434470",20,"103.9","2021-03-10 08:45:00"
"434675",20,"96.9","2021-03-10 09:00:00"
"434449",20,"0","2021-04-13 00:30:00"
"434648",20,"0","2021-04-13 00:45:00"
"434686",20,"272.9","2021-07-02 20:45:00"
"434873",20,"273.3","2021-07-02 21:00:00"
"434848",20,"61.4","2021-05-22 12:15:00"
"434967",20,"56.1","2021-05-22 12:30:00"
"435068",20,"59.4","2021-05-22 12:45:00"
"435834",20,"272.1","2021-07-02 21:15:00"
"435888",20,"269.5","2021-07-02 21:30:00"
"435942",20,"274.2","2021-07-02 21:45:00"
"435996",20,"270.2","2021-07-02 22:00:00"
"436050",20,"262.1","2021-07-02 22:15:00"
"436104",20,"265.6","2021-07-02 22:30:00"
"436186",20,"273.1","2021-07-02 22:45:00"
"436271",20,"277.7","2021-07-02 23:00:00"
"436342",20,"267.8","2021-07-02 23:15:00"
"436425",20,"263.3","2021-07-02 23:30:00"
"439806",20,"284.9","2021-07-03 01:45:00"
"439860",20,"280.8","2021-07-03 02:00:00"
"439914",20,"279.4","2021-07-03 02:15:00"
"437719",20,"100","2021-04-13 03:00:00"
"437863",20,"101.8","2021-04-13 03:15:00"
"437743",20,"50.4","2021-03-10 14:00:00"
"437826",20,"22.8","2021-03-10 14:15:00"
"437937",20,"357.5","2021-03-10 14:30:00"
"438049",20,"340.2","2021-03-10 14:45:00"
"438155",20,"359.2","2021-03-10 15:00:00"
"439221",20,"121.3","2021-04-13 05:30:00"
"440425",20,"105.6","2021-04-13 05:45:00"
"440545",20,"98.8","2021-04-13 06:00:00"
"439277",20,"38.9","2021-05-22 16:30:00"
"439344",20,"50.1","2021-05-22 16:45:00"
"439398",20,"36.7","2021-05-22 17:00:00"
"439452",20,"26.7","2021-05-22 17:15:00"
"439506",20,"37.2","2021-05-22 17:30:00"
"439560",20,"49.7","2021-05-22 17:45:00"
"439614",20,"48.6","2021-05-22 18:00:00"
"439668",20,"52.9","2021-05-22 18:15:00"
"440937",20,"97.8","2021-04-13 06:45:00"
"441067",20,"100.9","2021-04-13 07:00:00"
"441184",20,"93.2","2021-04-13 07:15:00"
"441165",20,"315.2","2021-03-10 16:30:00"
"441267",20,"294.6","2021-03-10 16:45:00"
"441355",20,"328.3","2021-03-10 17:00:00"
"441221",20,"289.8","2021-07-03 06:15:00"
"443832",20,"278.5","2021-07-03 06:30:00"
"441357",20,"97.4","2021-04-13 07:30:00"
"441508",20,"100.1","2021-04-13 07:45:00"
"442450",20,"82.7","2021-04-13 09:15:00"
"442595",20,"87.9","2021-04-13 09:30:00"
"442656",20,"89.8","2021-04-13 09:45:00"
"442740",20,"91.2","2021-04-13 10:00:00"
"442854",20,"86.8","2021-04-13 10:15:00"
"445818",20,"92","2021-04-13 10:30:00"
"442779",20,"42.9","2021-05-22 19:00:00"
"442882",20,"60.6","2021-05-22 19:15:00"
"442938",20,"65.7","2021-05-22 19:30:00"
"442992",20,"55.4","2021-05-22 19:45:00"
"443046",20,"56","2021-05-22 20:00:00"
"444318",20,"0","2021-07-03 08:45:00"
"444372",20,"0","2021-07-03 09:00:00"
"444426",20,"0","2021-07-03 09:15:00"
"444480",20,"0","2021-07-03 09:30:00"
"444534",20,"0","2021-07-03 09:45:00"
"444588",20,"46","2021-07-03 10:00:00"
"444649",20,"77.1","2021-07-03 10:15:00"
"444745",20,"0","2021-07-03 10:30:00"
"444746",20,"0","2021-03-10 21:00:00"
"444843",20,"0","2021-03-10 21:15:00"
"444935",20,"0","2021-03-10 21:30:00"
"446350",20,"335.5","2021-05-23 00:45:00"
"446427",20,"5.5","2021-05-23 01:00:00"
"446503",20,"10.5","2021-05-23 01:15:00"
"446614",20,"108.9","2021-04-13 12:00:00"
"446779",20,"59.6","2021-04-13 12:15:00"
"446587",20,"13.3","2021-05-23 01:30:00"
"446662",20,"17.4","2021-05-23 01:45:00"
"446749",20,"351.4","2021-05-23 02:00:00"
"446825",20,"343.5","2021-05-23 02:15:00"
"446905",20,"21.5","2021-05-23 02:30:00"
"447412",20,"80.8","2021-04-13 13:15:00"
"447466",20,"89.9","2021-04-13 13:30:00"
"447520",20,"44.8","2021-04-13 13:45:00"
"447574",20,"70","2021-04-13 14:00:00"
"447658",20,"119.3","2021-04-13 14:15:00"
"447769",20,"87.5","2021-04-13 14:30:00"
"447873",20,"79.1","2021-04-13 14:45:00"
"447857",20,"0","2021-03-11 02:00:00"
"447964",20,"0","2021-03-11 02:15:00"
"448018",20,"0","2021-03-11 02:30:00"
"449154",20,"115.6","2021-07-03 13:15:00"
"449242",20,"85","2021-07-03 13:30:00"
"449323",20,"5.6","2021-07-03 13:45:00"
"449406",20,"288.1","2021-07-03 14:00:00"
"449481",20,"279.3","2021-07-03 14:15:00"
"449532",20,"0","2021-03-11 06:00:00"
"451582",20,"0","2021-03-11 06:15:00"
"449560",20,"240.9","2021-07-03 14:30:00"
"449614",20,"260.2","2021-07-03 14:45:00"
"449668",20,"257.1","2021-07-03 15:00:00"
"450775",20,"261.1","2021-05-23 07:45:00"
"450857",20,"242.4","2021-05-23 08:00:00"
"450943",20,"232.4","2021-05-23 08:15:00"
"451024",20,"243.4","2021-05-23 08:30:00"
"453531",20,"247.4","2021-05-23 08:45:00"
"451114",20,"83.9","2021-04-13 16:30:00"
"451168",20,"89.6","2021-04-13 16:45:00"
"451222",20,"102.5","2021-04-13 17:00:00"
"451276",20,"120.5","2021-04-13 17:15:00"
"451330",20,"113.7","2021-04-13 17:30:00"
"452524",20,"104.8","2021-03-11 09:00:00"
"452650",20,"104.9","2021-03-11 09:15:00"
"452766",20,"71.5","2021-03-11 09:30:00"
"452722",20,"0","2021-07-03 16:30:00"
"452822",20,"223.1","2021-07-03 16:45:00"
"452884",20,"89.6","2021-03-11 09:45:00"
"452991",20,"55.6","2021-03-11 10:00:00"
"452921",20,"206.8","2021-07-03 17:00:00"
"453030",20,"202.9","2021-07-03 17:15:00"
"453125",20,"0","2021-07-03 17:30:00"
"454841",20,"239.6","2021-05-23 11:00:00"
"454948",20,"250.6","2021-05-23 11:15:00"
"455059",20,"239.2","2021-05-23 11:30:00"
"454881",20,"99.2","2021-04-13 22:15:00"
"454987",20,"102.6","2021-04-13 22:30:00"
"455087",20,"97.3","2021-04-13 22:45:00"
"455155",20,"235.7","2021-05-23 11:45:00"
"455262",20,"242.1","2021-05-23 12:00:00"
"455205",20,"95.2","2021-04-13 23:00:00"
"455333",20,"97","2021-04-13 23:15:00"
"456394",20,"332","2021-03-11 13:30:00"
"456448",20,"323.1","2021-03-11 13:45:00"
"456502",20,"319.9","2021-03-11 14:00:00"
"456556",20,"321.3","2021-03-11 14:15:00"
"456610",20,"316.7","2021-03-11 14:30:00"
"456664",20,"296.2","2021-03-11 14:45:00"
"456718",20,"295.5","2021-03-11 15:00:00"
"456772",20,"302.7","2021-03-11 15:15:00"
"456802",20,"277.9","2021-07-03 20:15:00"
"456856",20,"270.7","2021-07-03 20:30:00"
"456910",20,"275","2021-07-03 20:45:00"
"458022",20,"266.2","2021-07-04 00:00:00"
"458177",20,"266.3","2021-07-04 00:15:00"
"458296",20,"267.2","2021-07-04 00:30:00"
"458199",20,"228.7","2021-05-23 13:30:00"
"458440",20,"231.8","2021-05-23 13:45:00"
"458540",20,"235.7","2021-05-23 14:00:00"
"458374",20,"96.3","2021-04-14 02:45:00"
"458531",20,"100.5","2021-04-14 03:00:00"
"458635",20,"98.4","2021-04-14 03:15:00"
"458437",20,"273.4","2021-07-04 00:45:00"
"460828",20,"226.4","2021-07-04 01:00:00"
"460882",20,"165.1","2021-07-04 01:15:00"
"459708",20,"252.8","2021-05-23 17:30:00"
"459817",20,"252.4","2021-05-23 17:45:00"
"459764",20,"312.9","2021-03-11 15:30:00"
"459869",20,"299.1","2021-03-11 15:45:00"
"459934",20,"296.8","2021-03-11 16:00:00"
"459988",20,"307.3","2021-03-11 16:15:00"
"460042",20,"314.3","2021-03-11 16:30:00"
"460096",20,"314","2021-03-11 16:45:00"
"460150",20,"300.2","2021-03-11 17:00:00"
"461314",20,"128.9","2021-07-04 03:15:00"
"461389",20,"259.8","2021-07-04 03:30:00"
"461478",20,"274.4","2021-07-04 03:45:00"
"461576",20,"268.7","2021-07-04 04:00:00"
"461670",20,"257","2021-07-04 04:15:00"
"461551",20,"96.9","2021-04-14 05:15:00"
"461677",20,"97.1","2021-04-14 05:30:00"
"461772",20,"99.6","2021-04-14 05:45:00"
"461788",20,"257.7","2021-07-04 04:30:00"
"461878",20,"110.1","2021-04-14 06:00:00"
"461897",20,"156.6","2021-07-04 04:45:00"
"462960",20,"260.2","2021-05-23 18:45:00"
"463014",20,"271.2","2021-05-23 19:00:00"
"463068",20,"269.2","2021-05-23 19:15:00"
"463122",20,"267.4","2021-05-23 19:30:00"
"463176",20,"265.8","2021-05-23 19:45:00"
"463230",20,"274.2","2021-05-23 20:00:00"
"463284",20,"282.9","2021-05-23 20:15:00"
"463338",20,"285.4","2021-05-23 20:30:00"
"463392",20,"282.3","2021-05-23 20:45:00"
"463446",20,"268.6","2021-05-23 21:00:00"
"464608",20,"292.4","2021-03-11 23:45:00"
"464662",20,"287.6","2021-03-12 00:00:00"
"464716",20,"279.4","2021-03-12 00:15:00"
"464770",20,"265.9","2021-03-12 00:30:00"
"467636",20,"235.6","2021-03-12 00:45:00"
"464800",20,"87.7","2021-07-04 05:30:00"
"464854",20,"100.4","2021-07-04 05:45:00"
"464908",20,"98.5","2021-07-04 06:00:00"
"423742",20,"181.5","2021-04-12 11:00:00"
"425041",20,"112.7","2021-04-12 11:15:00"
"425229",20,"212.2","2021-04-12 11:30:00"
"423907",20,"349","2021-05-22 00:45:00"
"424007",20,"336.9","2021-05-22 01:00:00"
"424122",20,"107.4","2021-05-22 01:15:00"
"424167",20,"80.1","2021-03-09 21:45:00"
"424317",20,"76.6","2021-03-09 22:00:00"
"424510",20,"0","2021-03-09 22:15:00"
"424304",20,"149","2021-05-22 01:30:00"
"424449",20,"123.2","2021-05-22 01:45:00"
"424963",20,"13.8","2021-03-09 23:00:00"
"425144",20,"0","2021-03-09 23:15:00"
"425411",20,"0","2021-03-09 23:30:00"
"425128",20,"273.5","2021-05-22 02:45:00"
"425311",20,"355.2","2021-05-22 03:00:00"
"425275",20,"0","2021-07-02 09:15:00"
"425485",20,"0","2021-07-02 09:30:00"
"425458",20,"188.8","2021-04-12 11:45:00"
"425657",20,"110.5","2021-04-12 12:00:00"
"426043",20,"0","2021-03-10 00:15:00"
"426247",20,"0","2021-03-10 00:30:00"
"426481",20,"0","2021-03-10 00:45:00"
"426191",20,"353.9","2021-05-22 04:00:00"
"426384",20,"19.6","2021-05-22 04:15:00"
"426362",20,"75.9","2021-07-02 10:30:00"
"426581",20,"81.4","2021-07-02 10:45:00"
"426530",20,"266.5","2021-04-12 13:00:00"
"426722",20,"280.7","2021-04-12 13:15:00"
"427086",20,"0","2021-03-10 01:30:00"
"427233",20,"0","2021-03-10 01:45:00"
"427354",20,"0","2021-03-10 02:00:00"
"427838",20,"121.3","2021-07-02 11:45:00"
"427982",20,"63.8","2021-07-02 12:00:00"
"427421",20,"251.4","2021-04-12 14:15:00"
"427498",20,"258.9","2021-04-12 14:30:00"
"427466",20,"0","2021-03-10 02:15:00"
"428006",20,"0","2021-03-10 02:30:00"
"428180",20,"0","2021-03-10 02:45:00"
"428323",20,"182.4","2021-03-10 03:00:00"
"428543",20,"0","2021-03-10 03:15:00"
"428367",20,"0","2021-05-22 06:00:00"
"428538",20,"0","2021-05-22 06:15:00"
"428594",20,"270.4","2021-04-12 16:00:00"
"428832",20,"250.5","2021-04-12 16:15:00"
"429039",20,"240","2021-04-12 16:30:00"
"428755",20,"76.9","2021-07-02 13:00:00"
"428972",20,"62.4","2021-07-02 13:15:00"
"429380",20,"134.4","2021-03-10 04:15:00"
"429612",20,"137","2021-03-10 04:30:00"
"429419",20,"329.5","2021-05-22 07:15:00"
"429678",20,"4.2","2021-05-22 07:30:00"
"429885",20,"216.9","2021-04-12 17:30:00"
"430090",20,"177.2","2021-04-12 17:45:00"
"429796",20,"61.4","2021-07-02 14:15:00"
"430002",20,"272.9","2021-07-02 14:30:00"
"430228",20,"0","2021-07-02 14:45:00"
"430494",20,"0","2021-03-10 05:30:00"
"430694",20,"0","2021-03-10 05:45:00"
"430520",20,"90.1","2021-05-22 08:30:00"
"430716",20,"98.2","2021-05-22 08:45:00"
"430955",20,"206","2021-04-12 18:45:00"
"431157",20,"197.3","2021-04-12 19:00:00"
"430869",20,"91.3","2021-05-22 09:00:00"
"431053",20,"78.1","2021-05-22 09:15:00"
"431268",20,"71.7","2021-05-22 09:30:00"
"431566",20,"0","2021-07-02 16:15:00"
"431823",20,"0","2021-07-02 16:30:00"
"431686",20,"217.9","2021-04-12 20:00:00"
"431740",20,"215","2021-04-12 20:15:00"
"431820",20,"215.7","2021-04-12 20:30:00"
"431932",20,"210.2","2021-04-12 20:45:00"
"432042",20,"254.1","2021-04-12 21:00:00"
"431927",20,"225.7","2021-07-02 16:45:00"
"432033",20,"105.6","2021-07-02 17:00:00"
"432127",20,"91.3","2021-07-02 17:15:00"
"433158",20,"77.2","2021-05-22 10:15:00"
"433319",20,"71.8","2021-05-22 10:30:00"
"433515",20,"74.6","2021-05-22 10:45:00"
"433430",20,"253.3","2021-04-12 23:15:00"
"433623",20,"225.4","2021-04-12 23:30:00"
"433429",20,"79.4","2021-07-02 19:15:00"
"433608",20,"70.8","2021-07-02 19:30:00"
"433804",20,"63.8","2021-07-02 19:45:00"
"433742",20,"126.6","2021-03-10 08:00:00"
"434017",20,"107.1","2021-03-10 08:15:00"
"435288",20,"60.5","2021-05-22 13:15:00"
"435418",20,"69.3","2021-05-22 13:30:00"
"435513",20,"73.8","2021-05-22 13:45:00"
"435550",20,"42.8","2021-03-10 10:45:00"
"435660",20,"42.3","2021-03-10 11:00:00"
"435724",20,"51.4","2021-03-10 11:15:00"
"435619",20,"72.7","2021-05-22 14:00:00"
"437965",20,"72.3","2021-05-22 14:15:00"
"435778",20,"29.4","2021-03-10 11:30:00"
"436679",20,"37.4","2021-03-10 11:45:00"
"437081",20,"118.3","2021-04-13 02:15:00"
"437337",20,"109.3","2021-04-13 02:30:00"
"437563",20,"107.7","2021-04-13 02:45:00"
"437203",20,"35.9","2021-03-10 12:45:00"
"437344",20,"18.4","2021-03-10 13:00:00"
"437181",20,"278.8","2021-07-03 01:00:00"
"437313",20,"274.3","2021-07-03 01:15:00"
"437435",20,"275.1","2021-07-03 01:30:00"
"437493",20,"358.3","2021-03-10 13:15:00"
"437579",20,"6.1","2021-03-10 13:30:00"
"437657",20,"13.7","2021-03-10 13:45:00"
"438667",20,"106.5","2021-04-13 04:15:00"
"438784",20,"99","2021-04-13 04:30:00"
"438892",20,"103.6","2021-04-13 04:45:00"
"438740",20,"40.7","2021-05-22 15:15:00"
"438847",20,"42.2","2021-05-22 15:30:00"
"438997",20,"111.1","2021-04-13 05:00:00"
"439116",20,"118.1","2021-04-13 05:15:00"
"438955",20,"37.2","2021-05-22 15:45:00"
"439054",20,"48.3","2021-05-22 16:00:00"
"439163",20,"33","2021-05-22 16:15:00"
"440346",20,"0","2021-07-03 04:15:00"
"440405",20,"0","2021-07-03 04:30:00"
"440500",20,"0","2021-07-03 04:45:00"
"440589",20,"279.3","2021-07-03 05:00:00"
"440685",20,"273.2","2021-07-03 05:15:00"
"440678",20,"101.6","2021-04-13 06:15:00"
"440807",20,"103.1","2021-04-13 06:30:00"
"440776",20,"275.3","2021-07-03 05:30:00"
"440888",20,"273.4","2021-07-03 05:45:00"
"441035",20,"280.3","2021-07-03 06:00:00"
"442006",20,"0","2021-03-10 19:00:00"
"442082",20,"153.1","2021-03-10 19:15:00"
"442170",20,"148.4","2021-03-10 19:30:00"
"442159",20,"86.4","2021-04-13 08:45:00"
"442318",20,"96","2021-04-13 09:00:00"
"442247",20,"127.1","2021-03-10 19:45:00"
"442332",20,"128.9","2021-03-10 20:00:00"
"442424",20,"112.2","2021-03-10 20:15:00"
"442510",20,"97.4","2021-03-10 20:30:00"
"442599",20,"81.3","2021-03-10 20:45:00"
"443694",20,"48.2","2021-05-22 23:00:00"
"443748",20,"28.1","2021-05-22 23:15:00"
"443886",20,"273.1","2021-07-03 06:45:00"
"443940",20,"265.8","2021-07-03 07:00:00"
"443994",20,"276.7","2021-07-03 07:15:00"
"444048",20,"271.2","2021-07-03 07:30:00"
"444102",20,"265.6","2021-07-03 07:45:00"
"444156",20,"261.9","2021-07-03 08:00:00"
"444210",20,"269.5","2021-07-03 08:15:00"
"444264",20,"271.8","2021-07-03 08:30:00"
"445370",20,"0","2021-03-10 23:30:00"
"445424",20,"0","2021-03-10 23:45:00"
"445478",20,"0","2021-03-11 00:00:00"
"445532",20,"0","2021-03-11 00:15:00"
"445586",20,"0","2021-03-11 00:30:00"
"445640",20,"0","2021-03-11 00:45:00"
"445694",20,"0","2021-03-11 01:00:00"
"445748",20,"0","2021-03-11 01:15:00"
"447644",20,"0","2021-03-11 01:30:00"
"447748",20,"0","2021-03-11 01:45:00"
"446958",20,"90","2021-04-13 12:30:00"
"447140",20,"83.3","2021-04-13 12:45:00"
"447320",20,"89.1","2021-04-13 13:00:00"
"446980",20,"345.3","2021-05-23 02:45:00"
"447049",20,"334.6","2021-05-23 03:00:00"
"447134",20,"334.7","2021-05-23 03:15:00"
"447211",20,"346.6","2021-05-23 03:30:00"
"447288",20,"351.5","2021-05-23 03:45:00"
"447369",20,"354.5","2021-05-23 04:00:00"
"449828",20,"9.1","2021-05-23 04:15:00"
"449882",20,"8.8","2021-05-23 04:30:00"
"448715",20,"0","2021-03-11 04:45:00"
"448855",20,"0","2021-03-11 05:00:00"
"448757",20,"87.1","2021-07-03 12:00:00"
"448850",20,"67","2021-07-03 12:15:00"
"448933",20,"49","2021-07-03 12:30:00"
"449008",20,"27.7","2021-07-03 12:45:00"
"449082",20,"344.2","2021-07-03 13:00:00"
"449027",20,"0","2021-03-11 05:15:00"
"449206",20,"0","2021-03-11 05:30:00"
"449361",20,"0","2021-03-11 05:45:00"
"450314",20,"317.8","2021-05-23 06:30:00"
"450368",20,"312.9","2021-05-23 06:45:00"
"450422",20,"293.5","2021-05-23 07:00:00"
"450476",20,"265.4","2021-05-23 07:15:00"
"450682",20,"255.7","2021-05-23 07:30:00"
"450530",20,"103.1","2021-04-13 15:00:00"
"450584",20,"84","2021-04-13 15:15:00"
"450638",20,"81.8","2021-04-13 15:30:00"
"450736",20,"55","2021-04-13 15:45:00"
"450875",20,"52.1","2021-04-13 16:00:00"
"451027",20,"86.7","2021-04-13 16:15:00"
"451932",20,"101.6","2021-04-13 19:30:00"
"452044",20,"0","2021-03-11 07:15:00"
"452098",20,"0","2021-03-11 07:30:00"
"452152",20,"0","2021-03-11 07:45:00"
"452206",20,"151.3","2021-03-11 08:00:00"
"452260",20,"0","2021-03-11 08:15:00"
"452316",20,"125","2021-03-11 08:30:00"
"452421",20,"115.3","2021-03-11 08:45:00"
"452414",20,"257.3","2021-07-03 15:45:00"
"452526",20,"245.1","2021-07-03 16:00:00"
"452618",20,"231","2021-07-03 16:15:00"
"453702",20,"213.4","2021-07-03 19:00:00"
"453857",20,"241.8","2021-07-03 19:15:00"
"453988",20,"280.9","2021-07-03 19:30:00"
"453716",20,"237.6","2021-05-23 09:00:00"
"453864",20,"238.5","2021-05-23 09:15:00"
"454058",20,"229.3","2021-05-23 09:30:00"
"453845",20,"101","2021-04-13 20:15:00"
"454004",20,"98.2","2021-04-13 20:30:00"
"454159",20,"94.9","2021-04-13 20:45:00"
"454175",20,"288.6","2021-07-03 19:45:00"
"454334",20,"281.9","2021-07-03 20:00:00"
"455854",20,"21.4","2021-03-11 11:00:00"
"455908",20,"65","2021-03-11 11:15:00"
"455962",20,"34.1","2021-03-11 11:30:00"
"456016",20,"22.6","2021-03-11 11:45:00"
"456070",20,"42","2021-03-11 12:00:00"
"456124",20,"33.7","2021-03-11 12:15:00"
"456178",20,"18.7","2021-03-11 12:30:00"
"456232",20,"2.4","2021-03-11 12:45:00"
"456286",20,"348.8","2021-03-11 13:00:00"
"456340",20,"332.9","2021-03-11 13:15:00"
"457523",20,"272.7","2021-07-03 22:45:00"
"457630",20,"269.7","2021-07-03 23:00:00"
"457705",20,"269.9","2021-07-03 23:15:00"
"457747",20,"93.5","2021-04-14 01:30:00"
"457856",20,"100.1","2021-04-14 01:45:00"
"457816",20,"269.4","2021-07-03 23:30:00"
"457921",20,"272","2021-07-03 23:45:00"
"457970",20,"98.7","2021-04-14 02:00:00"
"458080",20,"96","2021-04-14 02:15:00"
"458234",20,"92.8","2021-04-14 02:30:00"
"459217",20,"97.8","2021-04-14 04:45:00"
"461416",20,"94.9","2021-04-14 05:00:00"
"459253",20,"232.8","2021-05-23 15:30:00"
"459312",20,"234.5","2021-05-23 15:45:00"
"459366",20,"235.8","2021-05-23 16:00:00"
"459420",20,"240.4","2021-05-23 16:15:00"
"459474",20,"246.2","2021-05-23 16:30:00"
"459528",20,"251.4","2021-05-23 16:45:00"
"459582",20,"260.9","2021-05-23 17:00:00"
"459636",20,"256.4","2021-05-23 17:15:00"
"463787",20,"277.2","2021-03-11 20:00:00"
"463852",20,"280.4","2021-03-11 20:15:00"
"460936",20,"160.9","2021-07-04 01:30:00"
"460990",20,"159.5","2021-07-04 01:45:00"
"461044",20,"160.3","2021-07-04 02:00:00"
"461098",20,"154.4","2021-07-04 02:15:00"
"461152",20,"161.4","2021-07-04 02:30:00"
"461206",20,"155.3","2021-07-04 02:45:00"
"461260",20,"132","2021-07-04 03:00:00"
"462516",20,"108.7","2021-04-14 08:15:00"
"462570",20,"104.3","2021-04-14 08:30:00"
"462624",20,"92.8","2021-04-14 08:45:00"
"462678",20,"99.7","2021-04-14 09:00:00"
"462732",20,"108.9","2021-04-14 09:15:00"
"465786",20,"95","2021-04-14 09:30:00"
"465840",20,"101.2","2021-04-14 09:45:00"
"462798",20,"254.5","2021-05-23 18:00:00"
"462852",20,"256.2","2021-05-23 18:15:00"
"462906",20,"255.8","2021-05-23 18:30:00"
"464068",20,"272.7","2021-03-11 21:15:00"
"464122",20,"278.8","2021-03-11 21:30:00"
"464176",20,"277.8","2021-03-11 21:45:00"
"464230",20,"282.5","2021-03-11 22:00:00"
"464284",20,"283.8","2021-03-11 22:15:00"
"464338",20,"275.9","2021-03-11 22:30:00"
"464392",20,"283.1","2021-03-11 22:45:00"
"464446",20,"286.4","2021-03-11 23:00:00"
"464500",20,"288.6","2021-03-11 23:15:00"
"464554",20,"289.5","2021-03-11 23:30:00"
"465664",20,"91.4","2021-07-04 09:30:00"
"465718",20,"95.5","2021-07-04 09:45:00"
"465772",20,"118.1","2021-07-04 10:00:00"
"468061",20,"120.4","2021-07-04 10:15:00"
"468214",20,"136.9","2021-07-04 10:30:00"
"465894",20,"91.2","2021-04-14 10:00:00"
"465948",20,"95.4","2021-04-14 10:15:00"
"466002",20,"107.1","2021-04-14 10:30:00"
"466056",20,"84.2","2021-04-14 10:45:00"
"466110",20,"86.3","2021-04-14 11:00:00"
"466759",20,"89.1","2021-04-14 14:00:00"
"468059",20,"97.6","2021-04-14 14:15:00"
"466932",20,"241","2021-05-23 23:15:00"
"466986",20,"228.9","2021-05-23 23:30:00"
"467040",20,"220.7","2021-05-23 23:45:00"
"467094",20,"210.9","2021-05-24 00:00:00"
"467148",20,"229.7","2021-05-24 00:15:00"
"467202",20,"232.9","2021-05-24 00:30:00"
"467256",20,"224.8","2021-05-24 00:45:00"
"467967",20,"215.6","2021-05-24 03:00:00"
"470796",20,"222.2","2021-05-24 03:15:00"
"470850",20,"220.7","2021-05-24 03:30:00"
"468242",20,"289.3","2021-03-12 01:45:00"
"465448",20,"119.2","2021-07-04 08:30:00"
"465502",20,"109.3","2021-07-04 08:45:00"
"465556",20,"104.3","2021-07-04 09:00:00"
"465610",20,"95.9","2021-07-04 09:15:00"
"474554",20,"108.4","2021-07-04 18:15:00"
"474608",20,"102.9","2021-07-04 18:30:00"
"474662",20,"104.2","2021-07-04 18:45:00"
"474716",20,"109.4","2021-07-04 19:00:00"
"474770",20,"110","2021-07-04 19:15:00"
"477569",20,"111.8","2021-07-04 19:30:00"
"474829",20,"25.5","2021-03-12 10:00:00"
"474988",20,"27.2","2021-03-12 10:15:00"
"474883",20,"216.9","2021-05-24 08:00:00"
"474961",20,"216.9","2021-05-24 08:15:00"
"475047",20,"206.9","2021-05-24 08:30:00"
"476295",20,"217.1","2021-05-24 11:15:00"
"476444",20,"222.7","2021-05-24 11:30:00"
"476619",20,"207.3","2021-05-24 11:45:00"
"476365",20,"108.1","2021-04-15 00:00:00"
"476534",20,"114.7","2021-04-15 00:15:00"
"476688",20,"108.3","2021-04-15 00:30:00"
"476553",20,"308.3","2021-03-12 13:15:00"
"476704",20,"309.5","2021-03-12 13:30:00"
"476791",20,"213.7","2021-05-24 12:00:00"
"476940",20,"214.4","2021-05-24 12:15:00"
"477350",20,"121.3","2021-04-15 02:00:00"
"477404",20,"118.1","2021-04-15 02:15:00"
"477458",20,"119.1","2021-04-15 02:30:00"
"477531",20,"117.8","2021-04-15 02:45:00"
"477673",20,"117.1","2021-04-15 03:00:00"
"477659",20,"114.2","2021-07-04 19:45:00"
"477745",20,"118.5","2021-07-04 20:00:00"
"477815",20,"119.3","2021-04-15 03:15:00"
"477980",20,"115.9","2021-04-15 03:30:00"
"478115",20,"108.7","2021-04-15 03:45:00"
"478956",20,"246.5","2021-05-24 13:15:00"
"479010",20,"250.9","2021-05-24 13:30:00"
"479064",20,"246.7","2021-05-24 13:45:00"
"479118",20,"243.5","2021-05-24 14:00:00"
"479172",20,"223.3","2021-05-24 14:15:00"
"479242",20,"248.3","2021-05-24 14:30:00"
"479399",20,"242.8","2021-05-24 14:45:00"
"479552",20,"233.9","2021-05-24 15:00:00"
"479384",20,"103.1","2021-04-15 04:30:00"
"479464",20,"106.2","2021-04-15 04:45:00"
"479551",20,"107.2","2021-04-15 05:00:00"
"480861",20,"92.6","2021-04-15 07:30:00"
"481003",20,"98.6","2021-04-15 07:45:00"
"480835",20,"273.8","2021-03-12 16:00:00"
"480962",20,"263.5","2021-03-12 16:15:00"
"481077",20,"285.4","2021-03-12 16:30:00"
"480912",20,"247","2021-05-24 17:00:00"
"482840",20,"257.1","2021-05-24 17:15:00"
"482928",20,"265.6","2021-05-24 17:30:00"
"481106",20,"111.4","2021-04-15 08:00:00"
"481219",20,"111.9","2021-04-15 08:15:00"
"481326",20,"95.9","2021-04-15 08:30:00"
"482768",20,"126.1","2021-07-05 04:30:00"
"483399",20,"127.5","2021-07-05 04:45:00"
"483588",20,"141.7","2021-07-05 05:00:00"
"483023",20,"241.2","2021-05-24 17:45:00"
"483113",20,"247.6","2021-05-24 18:00:00"
"483122",20,"86.9","2021-04-15 09:15:00"
"483276",20,"94.9","2021-04-15 09:30:00"
"483472",20,"95.2","2021-04-15 09:45:00"
"483202",20,"271.5","2021-05-24 18:15:00"
"483302",20,"236.3","2021-05-24 18:30:00"
"483424",20,"264.5","2021-05-24 18:45:00"
"484067",20,"84.5","2021-04-15 10:30:00"
"484240",20,"79.9","2021-04-15 10:45:00"
"484410",20,"63.9","2021-04-15 11:00:00"
"484158",20,"17.6","2021-05-24 20:15:00"
"484275",20,"269.1","2021-05-24 20:30:00"
"484423",20,"283.1","2021-05-24 20:45:00"
"484156",20,"142.1","2021-07-05 05:45:00"
"484354",20,"141.6","2021-07-05 06:00:00"
"484510",20,"147.8","2021-07-05 06:15:00"
"484571",20,"267.1","2021-05-24 21:00:00"
"484731",20,"274.4","2021-05-24 21:15:00"
"485689",20,"254.1","2021-07-05 08:00:00"
"485816",20,"258.9","2021-07-05 08:15:00"
"485982",20,"252.2","2021-07-05 08:30:00"
"485744",20,"156.6","2021-03-12 20:00:00"
"485846",20,"132.9","2021-03-12 20:15:00"
"485923",20,"148","2021-03-12 20:30:00"
"486002",20,"163.7","2021-03-12 20:45:00"
"486079",20,"185.6","2021-03-12 21:00:00"
"486155",20,"240.4","2021-03-12 21:15:00"
"486242",20,"274.7","2021-03-12 21:30:00"
"487344",20,"279.8","2021-05-24 22:45:00"
"487531",20,"239.4","2021-05-24 23:00:00"
"487680",20,"225.6","2021-05-24 23:15:00"
"487419",20,"213.3","2021-04-15 14:45:00"
"487566",20,"216.2","2021-04-15 15:00:00"
"487750",20,"204.9","2021-04-15 15:15:00"
"487582",20,"258.1","2021-03-13 00:15:00"
"487731",20,"285.1","2021-03-13 00:30:00"
"487878",20,"0","2021-03-13 00:45:00"
"487847",20,"222.6","2021-05-24 23:30:00"
"488003",20,"208.4","2021-05-24 23:45:00"
"488348",20,"249.4","2021-05-25 00:15:00"
"488514",20,"260.9","2021-05-25 00:30:00"
"488673",20,"254.9","2021-03-13 02:00:00"
"488837",20,"266.5","2021-03-13 02:15:00"
"489024",20,"259.8","2021-03-13 02:30:00"
"488735",20,"113.1","2021-04-15 16:45:00"
"488891",20,"138.2","2021-04-15 17:00:00"
"489045",20,"152","2021-04-15 17:15:00"
"488671",20,"275.2","2021-05-25 00:45:00"
"488832",20,"282.9","2021-05-25 01:00:00"
"488962",20,"260.6","2021-05-25 01:15:00"
"490118",20,"136.1","2021-07-05 10:45:00"
"490172",20,"140.9","2021-07-05 11:00:00"
"490226",20,"133.2","2021-07-05 11:15:00"
"490280",20,"106.2","2021-07-05 11:30:00"
"490334",20,"94.5","2021-07-05 11:45:00"
"490388",20,"94.2","2021-07-05 12:00:00"
"490442",20,"85.3","2021-07-05 12:15:00"
"490496",20,"83","2021-07-05 12:30:00"
"490550",20,"91","2021-07-05 12:45:00"
"490604",20,"84","2021-07-05 13:00:00"
"491718",20,"120.7","2021-04-15 19:15:00"
"491899",20,"128.1","2021-04-15 19:30:00"
"492072",20,"117.6","2021-04-15 19:45:00"
"491758",20,"252.2","2021-05-25 04:00:00"
"491880",20,"261.7","2021-05-25 04:15:00"
"492015",20,"271.8","2021-05-25 04:30:00"
"491947",20,"90.4","2021-03-13 06:00:00"
"492167",20,"79.4","2021-03-13 06:15:00"
"492125",20,"278.6","2021-05-25 04:45:00"
"492233",20,"284.2","2021-05-25 05:00:00"
"493454",20,"138.5","2021-04-15 21:15:00"
"493615",20,"138.9","2021-04-15 21:30:00"
"493502",20,"120.6","2021-03-13 07:45:00"
"493642",20,"187.8","2021-03-13 08:00:00"
"493834",20,"149.2","2021-03-13 08:15:00"
"493725",20,"15","2021-07-05 15:15:00"
"493833",20,"92.2","2021-07-05 15:30:00"
"493810",20,"134.5","2021-04-15 21:45:00"
"493992",20,"135.6","2021-04-15 22:00:00"
"494185",20,"136.4","2021-04-15 22:15:00"
"495006",20,"242.3","2021-05-25 08:00:00"
"495060",20,"257.4","2021-05-25 08:15:00"
"495114",20,"0","2021-05-25 08:30:00"
"495168",20,"174.2","2021-05-25 08:45:00"
"495222",20,"169","2021-05-25 09:00:00"
"495276",20,"157","2021-05-25 09:15:00"
"495330",20,"163.8","2021-05-25 09:30:00"
"495384",20,"149.9","2021-05-25 09:45:00"
"495438",20,"124.9","2021-05-25 10:00:00"
"495492",20,"136.5","2021-05-25 10:15:00"
"496830",20,"77.7","2021-07-05 19:00:00"
"497069",20,"81.4","2021-07-05 19:15:00"
"496831",20,"348.2","2021-03-13 12:15:00"
"496988",20,"25.3","2021-03-13 12:30:00"
"497108",20,"15.3","2021-03-13 12:45:00"
"496942",20,"119.4","2021-04-15 23:45:00"
"497097",20,"130.8","2021-04-16 00:00:00"
"497228",20,"125.8","2021-04-16 00:15:00"
"497249",20,"335.9","2021-03-13 13:00:00"
"497367",20,"66.7","2021-03-13 13:15:00"
"497847",20,"112.4","2021-04-16 01:45:00"
"497933",20,"91.1","2021-04-16 02:00:00"
"497905",20,"297.4","2021-07-05 20:15:00"
"498043",20,"267.6","2021-07-05 20:30:00"
"498181",20,"270.8","2021-07-05 20:45:00"
"498026",20,"103","2021-04-16 02:15:00"
"498117",20,"0","2021-04-16 02:30:00"
"498199",20,"124.2","2021-04-16 02:45:00"
"498332",20,"173.4","2021-07-05 21:00:00"
"498386",20,"175.6","2021-07-05 21:15:00"
"499356",20,"46","2021-05-25 14:15:00"
"499410",20,"1.7000000000000002","2021-05-25 14:30:00"
"499464",20,"325.8","2021-05-25 14:45:00"
"499518",20,"294.1","2021-05-25 15:00:00"
"499572",20,"4.4","2021-05-25 15:15:00"
"499626",20,"74.8","2021-05-25 15:30:00"
"499680",20,"81.6","2021-05-25 15:45:00"
"499734",20,"85.2","2021-05-25 16:00:00"
"502708",20,"135.7","2021-05-25 16:15:00"
"502838",20,"63.4","2021-05-25 16:30:00"
"501619",20,"111.7","2021-04-16 05:00:00"
"501782",20,"128.7","2021-04-16 05:15:00"
"501933",20,"139.2","2021-04-16 05:30:00"
"501674",20,"72.6","2021-07-06 02:15:00"
"501819",20,"90.3","2021-07-06 02:30:00"
"501977",20,"103","2021-07-06 02:45:00"
"502040",20,"129","2021-03-13 17:45:00"
"502180",20,"123","2021-03-13 18:00:00"
"503788",20,"112.2","2021-03-13 18:15:00"
"502668",20,"0","2021-04-16 07:15:00"
"502744",20,"0","2021-04-16 07:30:00"
"502837",20,"0","2021-04-16 07:45:00"
"504234",20,"0","2021-04-16 08:00:00"
"504288",20,"142.2","2021-04-16 08:15:00"
"502896",20,"121.5","2021-05-25 16:45:00"
"502950",20,"111","2021-05-25 17:00:00"
"503004",20,"93.1","2021-05-25 17:15:00"
"503058",20,"65.8","2021-05-25 17:30:00"
"503112",20,"71.9","2021-05-25 17:45:00"
"505037",20,"117.4","2021-03-13 21:15:00"
"505189",20,"119.1","2021-03-13 21:30:00"
"505078",20,"79.4","2021-04-16 09:45:00"
"505255",20,"76.6","2021-04-16 10:00:00"
"505311",20,"271.2","2021-07-06 05:00:00"
"505464",20,"265.1","2021-07-06 05:15:00"
"505357",20,"87.3","2021-03-13 21:45:00"
"505519",20,"62","2021-03-13 22:00:00"
"505679",20,"40.9","2021-03-13 22:15:00"
"506600",20,"80.5","2021-07-06 07:30:00"
"506654",20,"85.4","2021-07-06 07:45:00"
"506708",20,"85.3","2021-07-06 08:00:00"
"506762",20,"90.8","2021-07-06 08:15:00"
"509816",20,"87","2021-07-06 08:30:00"
"506868",20,"272.7","2021-05-25 21:15:00"
"506922",20,"270.3","2021-05-25 21:30:00"
"506976",20,"274.9","2021-05-25 21:45:00"
"507030",20,"269.7","2021-05-25 22:00:00"
"507084",20,"257.4","2021-05-25 22:15:00"
"507732",20,"194","2021-05-26 01:15:00"
"509969",20,"230.7","2021-05-26 01:30:00"
"507835",20,"350.1","2021-03-13 23:00:00"
"507938",20,"317","2021-03-13 23:15:00"
"508054",20,"327.3","2021-03-13 23:30:00"
"508049",20,"207.2","2021-04-16 13:00:00"
"508131",20,"255.5","2021-04-16 13:15:00"
"508187",20,"340.8","2021-03-13 23:45:00"
"508287",20,"349.4","2021-03-14 00:00:00"
"509461",20,"152.3","2021-03-14 02:15:00"
"509570",20,"154.4","2021-03-14 02:30:00"
"509624",20,"140","2021-03-14 02:45:00"
"509453",20,"232.8","2021-04-16 16:45:00"
"509529",20,"218.7","2021-04-16 17:00:00"
"509678",20,"56.1","2021-03-14 03:00:00"
"464962",20,"93","2021-07-04 06:15:00"
"465016",20,"113.5","2021-07-04 06:30:00"
"466164",20,"89.4","2021-04-14 11:15:00"
"466218",20,"95","2021-04-14 11:30:00"
"466272",20,"97.5","2021-04-14 11:45:00"
"466326",20,"90.5","2021-04-14 12:00:00"
"466380",20,"89","2021-04-14 12:15:00"
"466434",20,"90.4","2021-04-14 12:30:00"
"466488",20,"103.5","2021-04-14 12:45:00"
"466542",20,"87.9","2021-04-14 13:00:00"
"466597",20,"91.9","2021-04-14 13:15:00"
"466651",20,"93.6","2021-04-14 13:30:00"
"466705",20,"83.7","2021-04-14 13:45:00"
"467310",20,"221.7","2021-05-24 01:00:00"
"467364",20,"213.6","2021-05-24 01:15:00"
"467418",20,"201.9","2021-05-24 01:30:00"
"467472",20,"188.3","2021-05-24 01:45:00"
"467526",20,"203.1","2021-05-24 02:00:00"
"467610",20,"202.5","2021-05-24 02:15:00"
"467713",20,"199.6","2021-05-24 02:30:00"
"467818",20,"213.5","2021-05-24 02:45:00"
"467753",20,"0","2021-03-12 01:00:00"
"467859",20,"0","2021-03-12 01:15:00"
"468069",20,"0","2021-03-12 01:30:00"
"468559",20,"275.3","2021-03-12 02:15:00"
"468728",20,"276.9","2021-03-12 02:30:00"
"468892",20,"268","2021-03-12 02:45:00"
"468679",20,"104.2","2021-04-14 15:15:00"
"468869",20,"109.8","2021-04-14 15:30:00"
"468722",20,"133.9","2021-07-04 11:15:00"
"468857",20,"130.3","2021-07-04 11:30:00"
"469014",20,"132.1","2021-07-04 11:45:00"
"469047",20,"274.6","2021-03-12 03:00:00"
"469184",20,"261.4","2021-03-12 03:15:00"
"469643",20,"102","2021-04-14 16:30:00"
"469935",20,"113.4","2021-04-14 16:45:00"
"469778",20,"97.8","2021-07-04 13:15:00"
"469883",20,"92.5","2021-07-04 13:30:00"
"469954",20,"114.3","2021-07-04 13:45:00"
"469980",20,"163","2021-03-12 04:15:00"
"470241",20,"0","2021-03-12 04:30:00"
"470096",20,"75.6","2021-07-04 14:00:00"
"470225",20,"105.6","2021-07-04 14:15:00"
"470656",20,"108.8","2021-04-14 18:15:00"
"470730",20,"112","2021-04-14 18:30:00"
"472784",20,"112.7","2021-04-14 18:45:00"
"470904",20,"214","2021-05-24 03:45:00"
"470958",20,"213.9","2021-05-24 04:00:00"
"471012",20,"218.1","2021-05-24 04:15:00"
"471066",20,"224.8","2021-05-24 04:30:00"
"471120",20,"225.1","2021-05-24 04:45:00"
"471174",20,"223.6","2021-05-24 05:00:00"
"471228",20,"229.3","2021-05-24 05:15:00"
"471825",20,"138","2021-03-12 06:45:00"
"471897",20,"138.3","2021-03-12 07:00:00"
"471965",20,"155.3","2021-03-12 07:15:00"
"472034",20,"160.2","2021-03-12 07:30:00"
"472116",20,"142.7","2021-03-12 07:45:00"
"472090",20,"226","2021-05-24 06:45:00"
"472248",20,"224.5","2021-05-24 07:00:00"
"472375",20,"220.8","2021-05-24 07:15:00"
"472196",20,"91.7","2021-03-12 08:00:00"
"472282",20,"98.6","2021-03-12 08:15:00"
"472380",20,"74.8","2021-03-12 08:30:00"
"473000",20,"95.2","2021-04-14 19:45:00"
"473054",20,"90.8","2021-04-14 20:00:00"
"473108",20,"92.9","2021-04-14 20:15:00"
"473192",20,"94.2","2021-04-14 20:30:00"
"473286",20,"97.1","2021-04-14 20:45:00"
"473409",20,"87.1","2021-07-04 15:15:00"
"473548",20,"110.4","2021-07-04 15:30:00"
"473388",20,"97.1","2021-04-14 21:00:00"
"473471",20,"98","2021-04-14 21:15:00"
"474067",20,"104.7","2021-04-14 22:45:00"
"474155",20,"95.7","2021-04-14 23:00:00"
"474241",20,"90.9","2021-04-14 23:15:00"
"474284",20,"99.8","2021-07-04 17:00:00"
"474338",20,"98.9","2021-07-04 17:15:00"
"474392",20,"118.8","2021-07-04 17:30:00"
"476044",20,"107.4","2021-04-14 23:30:00"
"476195",20,"102.8","2021-04-14 23:45:00"
"474446",20,"122.1","2021-07-04 17:45:00"
"474500",20,"114.7","2021-07-04 18:00:00"
"475585",20,"207.1","2021-05-24 10:00:00"
"475682",20,"203.6","2021-05-24 10:15:00"
"475807",20,"205.1","2021-05-24 10:30:00"
"475755",20,"21.3","2021-03-12 11:45:00"
"475853",20,"354.6","2021-03-12 12:00:00"
"475931",20,"30.4","2021-03-12 12:15:00"
"475968",20,"213.2","2021-05-24 10:45:00"
"476132",20,"210.4","2021-05-24 11:00:00"
"476064",20,"0.7000000000000001","2021-03-12 12:30:00"
"476242",20,"1","2021-03-12 12:45:00"
"476390",20,"330.7","2021-03-12 13:00:00"
"477831",20,"119.4","2021-07-04 20:15:00"
"477911",20,"117.1","2021-07-04 20:30:00"
"477991",20,"124.6","2021-07-04 20:45:00"
"478079",20,"130.2","2021-07-04 21:00:00"
"478166",20,"125.3","2021-07-04 21:15:00"
"479222",20,"111.8","2021-04-15 04:00:00"
"479302",20,"106.7","2021-04-15 04:15:00"
"478231",20,"123.6","2021-07-04 21:30:00"
"478310",20,"125.4","2021-07-04 21:45:00"
"478364",20,"133.2","2021-07-04 22:00:00"
"479657",20,"231.7","2021-05-24 15:15:00"
"479784",20,"234.2","2021-05-24 15:30:00"
"479662",20,"114.8","2021-04-15 05:15:00"
"479754",20,"111.6","2021-04-15 05:30:00"
"479855",20,"117.3","2021-04-15 05:45:00"
"479993",20,"112","2021-04-15 06:00:00"
"480142",20,"120.1","2021-04-15 06:15:00"
"479924",20,"254.6","2021-05-24 15:45:00"
"480119",20,"243.1","2021-05-24 16:00:00"
"480295",20,"234","2021-05-24 16:15:00"
"481181",20,"298.5","2021-03-12 16:45:00"
"481289",20,"306.5","2021-03-12 17:00:00"
"482855",20,"92.5","2021-04-15 08:45:00"
"482987",20,"95.2","2021-04-15 09:00:00"
"481388",20,"321.7","2021-03-12 17:15:00"
"481442",20,"354.9","2021-03-12 17:30:00"
"481496",20,"7.3","2021-03-12 17:45:00"
"481550",20,"296.8","2021-03-12 18:00:00"
"481604",20,"218.8","2021-03-12 18:15:00"
"482228",20,"122.4","2021-07-05 02:00:00"
"482282",20,"122.4","2021-07-05 02:15:00"
"482336",20,"125","2021-07-05 02:30:00"
"482390",20,"129.2","2021-07-05 02:45:00"
"482444",20,"134.5","2021-07-05 03:00:00"
"482498",20,"140.7","2021-07-05 03:15:00"
"482552",20,"137.2","2021-07-05 03:30:00"
"482606",20,"135","2021-07-05 03:45:00"
"482660",20,"129.8","2021-07-05 04:00:00"
"482714",20,"121.3","2021-07-05 04:15:00"
"484612",20,"79.3","2021-04-15 11:15:00"
"484766",20,"87.6","2021-04-15 11:30:00"
"484672",20,"168.1","2021-07-05 06:30:00"
"484849",20,"178.1","2021-07-05 06:45:00"
"485032",20,"174.3","2021-07-05 07:00:00"
"484886",20,"73.5","2021-04-15 11:45:00"
"485000",20,"70.8","2021-04-15 12:00:00"
"485101",20,"46.6","2021-04-15 12:15:00"
"484947",20,"275.8","2021-05-24 21:30:00"
"486839",20,"276.9","2021-05-24 21:45:00"
"486971",20,"279.3","2021-05-24 22:00:00"
"486163",20,"231.4","2021-07-05 08:45:00"
"486313",20,"198.5","2021-07-05 09:00:00"
"489584",20,"180.8","2021-07-05 09:15:00"
"486323",20,"268.1","2021-03-12 21:45:00"
"486393",20,"265.5","2021-03-12 22:00:00"
"486468",20,"258.9","2021-03-12 22:15:00"
"486522",20,"272.2","2021-03-12 22:30:00"
"486576",20,"264.8","2021-03-12 22:45:00"
"486630",20,"243.6","2021-03-12 23:00:00"
"486684",20,"258.3","2021-03-12 23:15:00"
"486738",20,"274.9","2021-03-12 23:30:00"
"487924",20,"207.8","2021-04-15 15:30:00"
"488104",20,"217.9","2021-04-15 15:45:00"
"488042",20,"0","2021-03-13 01:00:00"
"488147",20,"225.2","2021-05-25 00:00:00"
"488214",20,"0","2021-03-13 01:15:00"
"488237",20,"235","2021-04-15 16:00:00"
"488382",20,"216.7","2021-04-15 16:15:00"
"488569",20,"146.6","2021-04-15 16:30:00"
"488377",20,"0","2021-03-13 01:30:00"
"488512",20,"0","2021-03-13 01:45:00"
"489605",20,"238.9","2021-05-25 02:15:00"
"490847",20,"236","2021-05-25 02:30:00"
"489711",20,"159.8","2021-07-05 09:30:00"
"489818",20,"144.2","2021-07-05 09:45:00"
"489846",20,"112.9","2021-03-13 04:00:00"
"489947",20,"0","2021-03-13 04:15:00"
"489930",20,"154.2","2021-07-05 10:00:00"
"490010",20,"122.3","2021-07-05 10:15:00"
"490064",20,"127.7","2021-07-05 10:30:00"
"491034",20,"0","2021-05-25 02:45:00"
"491177",20,"222.1","2021-05-25 03:00:00"
"491329",20,"258.9","2021-05-25 03:15:00"
"491349",20,"125.1","2021-04-15 18:45:00"
"491534",20,"127","2021-04-15 19:00:00"
"491417",20,"128.3","2021-03-13 05:15:00"
"491583",20,"134.6","2021-03-13 05:30:00"
"491755",20,"115.8","2021-03-13 05:45:00"
"491471",20,"261.2","2021-05-25 03:30:00"
"491619",20,"252.3","2021-05-25 03:45:00"
"492803",20,"124.5","2021-04-15 20:30:00"
"493025",20,"116.3","2021-04-15 20:45:00"
"493226",20,"119.6","2021-04-15 21:00:00"
"493047",20,"110.5","2021-03-13 07:15:00"
"493304",20,"119.3","2021-03-13 07:30:00"
"493079",20,"22.6","2021-07-05 14:30:00"
"493373",20,"79.1","2021-07-05 14:45:00"
"493553",20,"38.2","2021-07-05 15:00:00"
"493154",20,"276.2","2021-05-25 06:30:00"
"493284",20,"287","2021-05-25 06:45:00"
"494790",20,"275.9","2021-05-25 07:00:00"
"494468",20,"162.2","2021-07-05 17:00:00"
"494522",20,"162.7","2021-07-05 17:15:00"
"494576",20,"147.6","2021-07-05 17:30:00"
"494630",20,"147.4","2021-07-05 17:45:00"
"494684",20,"124.4","2021-07-05 18:00:00"
"494738",20,"104.1","2021-07-05 18:15:00"
"496370",20,"94.6","2021-07-05 18:30:00"
"496605",20,"78.9","2021-07-05 18:45:00"
"494844",20,"279.7","2021-05-25 07:15:00"
"494898",20,"271","2021-05-25 07:30:00"
"494952",20,"263.4","2021-05-25 07:45:00"
"496060",20,"68.1","2021-03-13 10:15:00"
"496114",20,"74","2021-03-13 10:30:00"
"496168",20,"69.6","2021-03-13 10:45:00"
"496222",20,"39.6","2021-03-13 11:00:00"
"496293",20,"44.6","2021-03-13 11:15:00"
"496410",20,"47.6","2021-03-13 11:30:00"
"496540",20,"45.4","2021-03-13 11:45:00"
"496632",20,"344.1","2021-03-13 12:00:00"
"496709",20,"113","2021-04-15 23:15:00"
"496817",20,"114.3","2021-04-15 23:30:00"
"498269",20,"109","2021-04-16 03:00:00"
"500458",20,"116","2021-04-16 03:15:00"
"498440",20,"191.4","2021-07-05 21:30:00"
"498494",20,"180.9","2021-07-05 21:45:00"
"498548",20,"167.7","2021-07-05 22:00:00"
"498602",20,"166.8","2021-07-05 22:15:00"
"498656",20,"185.8","2021-07-05 22:30:00"
"498710",20,"205.9","2021-07-05 22:45:00"
"498764",20,"215.5","2021-07-05 23:00:00"
"499928",20,"163.8","2021-07-05 23:15:00"
"499981",20,"354.2","2021-03-13 14:15:00"
"500091",20,"257.5","2021-03-13 14:30:00"
"500045",20,"172.3","2021-07-05 23:30:00"
"500156",20,"181.7","2021-07-05 23:45:00"
"500205",20,"309.5","2021-03-13 14:45:00"
"500316",20,"358.7","2021-03-13 15:00:00"
"500435",20,"334.7","2021-03-13 15:15:00"
"500253",20,"226.1","2021-07-06 00:00:00"
"500363",20,"262.4","2021-07-06 00:15:00"
"500517",20,"277.7","2021-07-06 00:30:00"
"501219",20,"165.8","2021-03-13 16:30:00"
"501379",20,"151.4","2021-03-13 16:45:00"
"501117",20,"89.8","2021-04-16 04:15:00"
"501277",20,"113.5","2021-04-16 04:30:00"
"501434",20,"117.5","2021-04-16 04:45:00"
"501183",20,"165.1","2021-07-06 01:30:00"
"501346",20,"179.2","2021-07-06 01:45:00"
"501514",20,"298.5","2021-07-06 02:00:00"
"501524",20,"116.3","2021-03-13 17:00:00"
"501673",20,"112","2021-03-13 17:15:00"
"501872",20,"96.9","2021-03-13 17:30:00"
"503166",20,"79.1","2021-05-25 18:00:00"
"503220",20,"66.8","2021-05-25 18:15:00"
"503274",20,"56.1","2021-05-25 18:30:00"
"503328",20,"49.8","2021-05-25 18:45:00"
"503382",20,"43.6","2021-05-25 19:00:00"
"503436",20,"26.8","2021-05-25 19:15:00"
"503490",20,"51.4","2021-05-25 19:30:00"
"503544",20,"32.6","2021-05-25 19:45:00"
"503598",20,"296.5","2021-05-25 20:00:00"
"503652",20,"289.7","2021-05-25 20:15:00"
"503706",20,"291.7","2021-05-25 20:30:00"
"504386",20,"126","2021-04-16 08:30:00"
"504542",20,"124.2","2021-04-16 08:45:00"
"504563",20,"142.8","2021-03-13 20:30:00"
"504711",20,"135","2021-03-13 20:45:00"
"504863",20,"130.8","2021-03-13 21:00:00"
"504659",20,"126.5","2021-04-16 09:00:00"
"504779",20,"118.7","2021-04-16 09:15:00"
"504912",20,"88.3","2021-04-16 09:30:00"
"504821",20,"206.8","2021-07-06 04:15:00"
"504987",20,"242","2021-07-06 04:30:00"
"505149",20,"247.9","2021-07-06 04:45:00"
"506109",20,"0","2021-07-06 06:15:00"
"506207",20,"128.8","2021-07-06 06:30:00"
"506171",20,"77.4","2021-04-16 11:30:00"
"506275",20,"50.5","2021-04-16 11:45:00"
"506370",20,"317.7","2021-04-16 12:00:00"
"506332",20,"113.1","2021-07-06 06:45:00"
"506449",20,"93.9","2021-07-06 07:00:00"
"506545",20,"72.7","2021-07-06 07:15:00"
"506470",20,"185.5","2021-04-16 12:15:00"
"507836",20,"202.9","2021-04-16 12:30:00"
"507948",20,"170.9","2021-04-16 12:45:00"
"508247",20,"242.7","2021-04-16 13:30:00"
"508367",20,"174.5","2021-04-16 13:45:00"
"508474",20,"172.4","2021-04-16 14:00:00"
"508387",20,"9.2","2021-03-14 00:15:00"
"508491",20,"35.8","2021-03-14 00:30:00"
"508581",20,"86.4","2021-03-14 00:45:00"
"508602",20,"211.1","2021-04-16 14:15:00"
"508688",20,"242.6","2021-04-16 14:30:00"
"508711",20,"90.7","2021-03-14 01:00:00"
"508820",20,"79.3","2021-03-14 01:15:00"
"509870",20,"114.3","2021-07-06 08:45:00"
"509924",20,"113.2","2021-07-06 09:00:00"
"510011",20,"128.5","2021-07-06 09:15:00"
"468381",20,"0","2021-03-12 02:00:00"
"468216",20,"103.2","2021-04-14 14:30:00"
"468379",20,"96.3","2021-04-14 14:45:00"
"468527",20,"89.9","2021-04-14 15:00:00"
"468400",20,"135","2021-07-04 10:45:00"
"468560",20,"124.3","2021-07-04 11:00:00"
"469048",20,"109.9","2021-04-14 15:45:00"
"469227",20,"88.2","2021-04-14 16:00:00"
"469466",20,"101.5","2021-04-14 16:15:00"
"469185",20,"121.3","2021-07-04 12:00:00"
"469339",20,"112.9","2021-07-04 12:15:00"
"469318",20,"193.5","2021-03-12 03:30:00"
"469440",20,"208.3","2021-03-12 03:45:00"
"469740",20,"215.3","2021-03-12 04:00:00"
"469468",20,"129.8","2021-07-04 12:30:00"
"469553",20,"103.7","2021-07-04 12:45:00"
"469652",20,"91.6","2021-07-04 13:00:00"
"470071",20,"124","2021-04-14 17:00:00"
"470214",20,"112.9","2021-04-14 17:15:00"
"470344",20,"102.3","2021-04-14 17:30:00"
"470364",20,"98.3","2021-07-04 14:30:00"
"473168",20,"98.2","2021-07-04 14:45:00"
"473289",20,"105.6","2021-07-04 15:00:00"
"470469",20,"102.3","2021-04-14 17:45:00"
"470555",20,"108.6","2021-04-14 18:00:00"
"470491",20,"272.3","2021-03-12 04:45:00"
"470625",20,"271.6","2021-03-12 05:00:00"
"471350",20,"257.3","2021-03-12 05:15:00"
"471282",20,"242.7","2021-05-24 05:30:00"
"471356",20,"240.3","2021-05-24 05:45:00"
"471512",20,"242.1","2021-05-24 06:00:00"
"471436",20,"239.6","2021-03-12 05:30:00"
"471514",20,"260","2021-03-12 05:45:00"
"471695",20,"238.2","2021-05-24 06:15:00"
"471864",20,"231.1","2021-05-24 06:30:00"
"471588",20,"275.1","2021-03-12 06:00:00"
"471664",20,"266.8","2021-03-12 06:15:00"
"471747",20,"139.7","2021-03-12 06:30:00"
"472479",20,"55.5","2021-03-12 08:45:00"
"472604",20,"65.9","2021-03-12 09:00:00"
"472492",20,"221.9","2021-05-24 07:30:00"
"472582",20,"210.1","2021-05-24 07:45:00"
"472660",20,"61.9","2021-03-12 09:15:00"
"472714",20,"24.1","2021-03-12 09:30:00"
"472768",20,"18.8","2021-03-12 09:45:00"
"472838",20,"106.4","2021-04-14 19:00:00"
"472892",20,"94.7","2021-04-14 19:15:00"
"472946",20,"95.6","2021-04-14 19:30:00"
"473563",20,"100.6","2021-04-14 21:30:00"
"473666",20,"101","2021-04-14 21:45:00"
"473773",20,"104.3","2021-04-14 22:00:00"
"473665",20,"104.9","2021-07-04 15:45:00"
"473774",20,"103.3","2021-07-04 16:00:00"
"473888",20,"111.8","2021-07-04 16:15:00"
"473875",20,"106.6","2021-04-14 22:15:00"
"473977",20,"104.4","2021-04-14 22:30:00"
"474004",20,"99.4","2021-07-04 16:30:00"
"474146",20,"102.6","2021-07-04 16:45:00"
"475132",20,"205.2","2021-05-24 08:45:00"
"475218",20,"189.6","2021-05-24 09:00:00"
"475309",20,"203.3","2021-05-24 09:15:00"
"475136",20,"34.9","2021-03-12 10:30:00"
"475270",20,"44.8","2021-03-12 10:45:00"
"475413",20,"39.1","2021-03-12 11:00:00"
"475398",20,"212.2","2021-05-24 09:30:00"
"475485",20,"202","2021-05-24 09:45:00"
"475538",20,"35.8","2021-03-12 11:15:00"
"475665",20,"46.7","2021-03-12 11:30:00"
"476849",20,"101.7","2021-04-15 00:45:00"
"477015",20,"105.2","2021-04-15 01:00:00"
"477138",20,"107.3","2021-04-15 01:15:00"
"476877",20,"341.4","2021-03-12 13:45:00"
"477038",20,"297.9","2021-03-12 14:00:00"
"477153",20,"311.7","2021-03-12 14:15:00"
"477242",20,"107.6","2021-04-15 01:30:00"
"477296",20,"114.6","2021-04-15 01:45:00"
"479908",20,"290","2021-03-12 14:30:00"
"480055",20,"317.6","2021-03-12 14:45:00"
"478418",20,"128","2021-07-04 22:15:00"
"478472",20,"128.1","2021-07-04 22:30:00"
"478526",20,"136.9","2021-07-04 22:45:00"
"478580",20,"139.9","2021-07-04 23:00:00"
"478634",20,"136.5","2021-07-04 23:15:00"
"478688",20,"136.9","2021-07-04 23:30:00"
"478742",20,"145.4","2021-07-04 23:45:00"
"478794",20,"202.5","2021-05-24 12:30:00"
"478848",20,"219.7","2021-05-24 12:45:00"
"478902",20,"208.8","2021-05-24 13:00:00"
"480202",20,"323.9","2021-03-12 15:00:00"
"480301",20,"126.3","2021-04-15 06:30:00"
"480356",20,"303","2021-03-12 15:15:00"
"480442",20,"124.4","2021-04-15 06:45:00"
"480577",20,"120.7","2021-04-15 07:00:00"
"480699",20,"105","2021-04-15 07:15:00"
"480500",20,"267.9","2021-03-12 15:30:00"
"480657",20,"323.6","2021-03-12 15:45:00"
"480511",20,"239.1","2021-05-24 16:30:00"
"480762",20,"245.9","2021-05-24 16:45:00"
"481658",20,"186.7","2021-03-12 18:30:00"
"481723",20,"182","2021-03-12 18:45:00"
"481891",20,"192.4","2021-03-12 19:00:00"
"481732",20,"149.3","2021-07-05 00:00:00"
"481809",20,"154.3","2021-07-05 00:15:00"
"481888",20,"149","2021-07-05 00:30:00"
"481958",20,"151.6","2021-07-05 00:45:00"
"482012",20,"159.5","2021-07-05 01:00:00"
"482066",20,"164.3","2021-07-05 01:15:00"
"482120",20,"155.1","2021-07-05 01:30:00"
"482174",20,"134.7","2021-07-05 01:45:00"
"483542",20,"35.7","2021-05-24 19:00:00"
"483673",20,"40.2","2021-05-24 19:15:00"
"483799",20,"51.7","2021-05-24 19:30:00"
"483657",20,"72.4","2021-04-15 10:00:00"
"483863",20,"80.4","2021-04-15 10:15:00"
"483760",20,"147.9","2021-07-05 05:15:00"
"483957",20,"145.6","2021-07-05 05:30:00"
"483920",20,"36.5","2021-05-24 19:45:00"
"484040",20,"24.7","2021-05-24 20:00:00"
"485183",20,"39.2","2021-04-15 12:30:00"
"485220",20,"204.5","2021-07-05 07:15:00"
"485266",20,"50.5","2021-04-15 12:45:00"
"485343",20,"72.9","2021-04-15 13:00:00"
"485422",20,"90.7","2021-04-15 13:15:00"
"485403",20,"195.8","2021-07-05 07:30:00"
"485540",20,"213.9","2021-07-05 07:45:00"
"485496",20,"168.8","2021-03-12 19:15:00"
"485580",20,"171.4","2021-03-12 19:30:00"
"485660",20,"176.6","2021-03-12 19:45:00"
"487234",20,"270.1","2021-03-12 23:45:00"
"487414",20,"246.8","2021-03-13 00:00:00"
"486848",20,"93.7","2021-04-15 13:30:00"
"486940",20,"82.7","2021-04-15 13:45:00"
"487076",20,"289.8","2021-05-24 22:15:00"
"487194",20,"289.7","2021-05-24 22:30:00"
"487042",20,"185.3","2021-04-15 14:00:00"
"487145",20,"142.7","2021-04-15 14:15:00"
"487282",20,"196.6","2021-04-15 14:30:00"
"489199",20,"114.2","2021-04-15 17:30:00"
"489379",20,"130.5","2021-04-15 17:45:00"
"489171",20,"249.4","2021-03-13 02:45:00"
"489318",20,"0","2021-03-13 03:00:00"
"489167",20,"263","2021-05-25 01:30:00"
"489326",20,"245.4","2021-05-25 01:45:00"
"489475",20,"242.9","2021-05-25 02:00:00"
"489480",20,"154.4","2021-03-13 03:15:00"
"489604",20,"142.5","2021-03-13 03:30:00"
"489736",20,"137.7","2021-03-13 03:45:00"
"490658",20,"85.8","2021-07-05 13:15:00"
"490712",20,"79.1","2021-07-05 13:30:00"
"490766",20,"124.2","2021-07-05 13:45:00"
"492645",20,"68.7","2021-07-05 14:00:00"
"492820",20,"79.3","2021-07-05 14:15:00"
"490880",20,"120.3","2021-04-15 18:00:00"
"491024",20,"112","2021-04-15 18:15:00"
"491175",20,"104.5","2021-04-15 18:30:00"
"490919",20,"0","2021-03-13 04:30:00"
"491073",20,"98.1","2021-03-13 04:45:00"
"491259",20,"94.7","2021-03-13 05:00:00"
"492284",20,"114.3","2021-04-15 20:00:00"
"492530",20,"133.4","2021-04-15 20:15:00"
"492355",20,"92.5","2021-03-13 06:30:00"
"492578",20,"93.3","2021-03-13 06:45:00"
"492822",20,"101.1","2021-03-13 07:00:00"
"492354",20,"279.4","2021-05-25 05:15:00"
"492458",20,"269.7","2021-05-25 05:30:00"
"492588",20,"259.3","2021-05-25 05:45:00"
"492799",20,"249.1","2021-05-25 06:00:00"
"492967",20,"244.5","2021-05-25 06:15:00"
"493942",20,"108.7","2021-07-05 15:45:00"
"494073",20,"138.7","2021-07-05 16:00:00"
"494178",20,"95.5","2021-07-05 16:15:00"
"494048",20,"136.2","2021-03-13 08:30:00"
"494268",20,"104.4","2021-03-13 08:45:00"
"494295",20,"155.1","2021-07-05 16:30:00"
"494407",20,"163.9","2021-07-05 16:45:00"
"494394",20,"148.6","2021-04-15 22:30:00"
"496381",20,"131.2","2021-04-15 22:45:00"
"496521",20,"127.5","2021-04-15 23:00:00"
"495546",20,"105.7","2021-05-25 10:30:00"
"495600",20,"81.4","2021-05-25 10:45:00"
"495654",20,"89","2021-05-25 11:00:00"
"495708",20,"76.5","2021-05-25 11:15:00"
"495762",20,"97.3","2021-05-25 11:30:00"
"495790",20,"95","2021-03-13 09:00:00"
"495844",20,"88.4","2021-03-13 09:15:00"
"495898",20,"92.2","2021-03-13 09:30:00"
"495952",20,"86.3","2021-03-13 09:45:00"
"496006",20,"66","2021-03-13 10:00:00"
"497372",20,"122.6","2021-04-16 00:30:00"
"497481",20,"115.3","2021-04-16 00:45:00"
"497346",20,"33.1","2021-07-05 19:30:00"
"497612",20,"309.8","2021-07-05 19:45:00"
"497754",20,"300.8","2021-07-05 20:00:00"
"497520",20,"29.3","2021-03-13 13:30:00"
"499816",20,"12.8","2021-03-13 13:45:00"
"499879",20,"336.2","2021-03-13 14:00:00"
"497592",20,"102.7","2021-04-16 01:00:00"
"497681",20,"106.7","2021-04-16 01:15:00"
"497765",20,"112","2021-04-16 01:30:00"
"498816",20,"89","2021-05-25 11:45:00"
"498870",20,"106.7","2021-05-25 12:00:00"
"498924",20,"69","2021-05-25 12:15:00"
"498978",20,"50.7","2021-05-25 12:30:00"
"499032",20,"23.4","2021-05-25 12:45:00"
"499086",20,"25.8","2021-05-25 13:00:00"
"499140",20,"21.5","2021-05-25 13:15:00"
"499194",20,"51.9","2021-05-25 13:30:00"
"499248",20,"8.1","2021-05-25 13:45:00"
"499302",20,"0.7000000000000001","2021-05-25 14:00:00"
"500593",20,"304.5","2021-03-13 15:30:00"
"500719",20,"288.6","2021-03-13 15:45:00"
"500619",20,"123.2","2021-04-16 03:30:00"
"500810",20,"112.6","2021-04-16 03:45:00"
"500962",20,"108.5","2021-04-16 04:00:00"
"500699",20,"237.7","2021-07-06 00:45:00"
"500858",20,"242.6","2021-07-06 01:00:00"
"500883",20,"308.9","2021-03-13 16:00:00"
"501005",20,"189.2","2021-07-06 01:15:00"
"501073",20,"219.4","2021-03-13 16:15:00"
"502093",20,"144.7","2021-04-16 05:45:00"
"502245",20,"138.9","2021-04-16 06:00:00"
"502387",20,"142.3","2021-04-16 06:15:00"
"502165",20,"133.5","2021-07-06 03:00:00"
"502322",20,"148.9","2021-07-06 03:15:00"
"502428",20,"161.3","2021-07-06 03:30:00"
"502492",20,"144","2021-04-16 06:30:00"
"502560",20,"152.8","2021-04-16 06:45:00"
"502614",20,"0","2021-04-16 07:00:00"
"504332",20,"173.1","2021-07-06 03:45:00"
"504544",20,"217.7","2021-07-06 04:00:00"
"503760",20,"277.7","2021-05-25 20:45:00"
"506814",20,"272.5","2021-05-25 21:00:00"
"503842",20,"85.7","2021-03-13 18:30:00"
"503896",20,"0","2021-03-13 18:45:00"
"503950",20,"41.6","2021-03-13 19:00:00"
"504004",20,"27.1","2021-03-13 19:15:00"
"504058",20,"33.1","2021-03-13 19:30:00"
"504112",20,"68.3","2021-03-13 19:45:00"
"504166",20,"143.4","2021-03-13 20:00:00"
"504414",20,"140.5","2021-03-13 20:15:00"
"505418",20,"94","2021-04-16 10:15:00"
"505582",20,"41.8","2021-04-16 10:30:00"
"505718",20,"87.5","2021-04-16 10:45:00"
"505636",20,"259.1","2021-07-06 05:30:00"
"505800",20,"264.7","2021-07-06 05:45:00"
"505955",20,"0","2021-07-06 06:00:00"
"505854",20,"272","2021-03-13 22:30:00"
"505996",20,"355.4","2021-03-13 22:45:00"
"505876",20,"83.6","2021-04-16 11:00:00"
"506055",20,"34.4","2021-04-16 11:15:00"
"507138",20,"262.6","2021-05-25 22:30:00"
"507192",20,"269.6","2021-05-25 22:45:00"
"507246",20,"203.3","2021-05-25 23:00:00"
"507300",20,"144.4","2021-05-25 23:15:00"
"507354",20,"0","2021-05-25 23:30:00"
"507408",20,"144","2021-05-25 23:45:00"
"507462",20,"171.3","2021-05-26 00:00:00"
"507516",20,"180.7","2021-05-26 00:15:00"
"507570",20,"215.7","2021-05-26 00:30:00"
"507624",20,"198.8","2021-05-26 00:45:00"
"507678",20,"199","2021-05-26 01:00:00"
"508801",20,"239.9","2021-04-16 14:45:00"
"508891",20,"249.7","2021-04-16 15:00:00"
"508971",20,"243.7","2021-04-16 15:15:00"
"508968",20,"65.6","2021-03-14 01:30:00"
"509114",20,"70.4","2021-03-14 01:45:00"
"509261",20,"73.6","2021-03-14 02:00:00"
"509057",20,"236.1","2021-04-16 15:30:00"
"509141",20,"230.7","2021-04-16 15:45:00"
"509224",20,"222.1","2021-04-16 16:00:00"
"509309",20,"234.5","2021-04-16 16:15:00"
"509375",20,"236.6","2021-04-16 16:30:00"
"510450",20,"276.6","2021-05-26 03:00:00"
"510528",20,"270","2021-05-26 03:15:00"
"510609",20,"278.2","2021-05-26 03:30:00"
"510517",20,"101.8","2021-07-06 10:00:00"
"510656",20,"109.6","2021-07-06 10:15:00"
"510822",20,"117","2021-07-06 10:30:00"
"510700",20,"256.5","2021-05-26 03:45:00"
"510779",20,"264.9","2021-05-26 04:00:00"
"510863",20,"264.8","2021-05-26 04:15:00"
"510936",20,"253.7","2021-05-26 04:30:00"
"511017",20,"230.4","2021-05-26 04:45:00"
"511572",20,"90.3","2021-07-06 12:00:00"
"511626",20,"110.8","2021-07-06 12:15:00"
"511680",20,"111","2021-07-06 12:30:00"
"511734",20,"92.6","2021-07-06 12:45:00"
"514788",20,"100.4","2021-07-06 13:00:00"
"511828",20,"230","2021-04-16 17:15:00"
"511882",20,"197.7","2021-04-16 17:30:00"
"511936",20,"215.9","2021-04-16 17:45:00"
"511990",20,"226.2","2021-04-16 18:00:00"
"512044",20,"233.1","2021-04-16 18:15:00"
"509732",20,"64.8","2021-03-14 03:15:00"
"512786",20,"241.9","2021-03-14 03:30:00"
"512840",20,"149.4","2021-03-14 03:45:00"
"512894",20,"119.2","2021-03-14 04:00:00"
"518599",20,"142.8","2021-05-26 14:30:00"
"518773",20,"202.8","2021-05-26 14:45:00"
"518955",20,"254.1","2021-05-26 15:00:00"
"518843",20,"115.6","2021-07-06 18:00:00"
"519029",20,"105.3","2021-07-06 18:15:00"
"519175",20,"99.5","2021-07-06 18:30:00"
"518990",20,"120.8","2021-04-17 03:00:00"
"519143",20,"115.3","2021-04-17 03:15:00"
"519159",20,"311.7","2021-05-26 15:15:00"
"521810",20,"262.6","2021-05-26 15:30:00"
"520372",20,"124.5","2021-07-06 21:15:00"
"520474",20,"120.6","2021-07-06 21:30:00"
"520580",20,"115.9","2021-07-06 21:45:00"
"520485",20,"0","2021-04-17 06:15:00"
"520595",20,"0","2021-04-17 06:30:00"
"520721",20,"116.3","2021-07-06 22:00:00"
"522575",20,"111.5","2021-07-06 22:15:00"
"520716",20,"0","2021-04-17 06:45:00"
"522726",20,"0","2021-04-17 07:00:00"
"522848",20,"0","2021-04-17 07:15:00"
"521486",20,"187.1","2021-03-14 16:00:00"
"521540",20,"271.7","2021-03-14 16:15:00"
"521594",20,"279.7","2021-03-14 16:30:00"
"521648",20,"270.8","2021-03-14 16:45:00"
"521702",20,"277.3","2021-03-14 17:00:00"
"521756",20,"280.9","2021-03-14 17:15:00"
"523363",20,"276.8","2021-03-14 17:30:00"
"521864",20,"245.1","2021-05-26 15:45:00"
"521918",20,"218.5","2021-05-26 16:00:00"
"521972",20,"208.5","2021-05-26 16:15:00"
"523271",20,"0","2021-04-17 08:00:00"
"523540",20,"0","2021-04-17 08:15:00"
"523783",20,"55.7","2021-04-17 08:30:00"
"523233",20,"109.9","2021-07-06 23:15:00"
"523353",20,"115.7","2021-07-06 23:30:00"
"523477",20,"281","2021-05-26 20:15:00"
"523669",20,"277.4","2021-05-26 20:30:00"
"523872",20,"263.8","2021-05-26 20:45:00"
"523577",20,"268.2","2021-03-14 17:45:00"
"523771",20,"265.7","2021-03-14 18:00:00"
"523974",20,"275.6","2021-03-14 18:15:00"
"524902",20,"124.4","2021-07-07 01:15:00"
"525114",20,"132.9","2021-07-07 01:30:00"
"525066",20,"31.1","2021-04-17 10:00:00"
"525234",20,"46.8","2021-04-17 10:15:00"
"525120",20,"135.3","2021-05-26 22:15:00"
"525356",20,"155.6","2021-05-26 22:30:00"
"525323",20,"226","2021-03-14 19:45:00"
"525524",20,"233.5","2021-03-14 20:00:00"
"526593",20,"243.7","2021-05-27 00:15:00"
"526695",20,"232.5","2021-05-27 00:30:00"
"526708",20,"292.7","2021-03-14 21:45:00"
"527333",20,"125.6","2021-03-14 22:00:00"
"526812",20,"138.3","2021-07-07 03:00:00"
"526909",20,"139.3","2021-07-07 03:15:00"
"527027",20,"142.7","2021-07-07 03:30:00"
"527011",20,"333.7","2021-04-17 12:00:00"
"527185",20,"334.1","2021-04-17 12:15:00"
"528125",20,"147.1","2021-07-07 05:00:00"
"528358",20,"157.8","2021-07-07 05:15:00"
"528196",20,"270.5","2021-03-14 23:00:00"
"528383",20,"280.9","2021-03-14 23:15:00"
"528647",20,"319.5","2021-04-17 14:00:00"
"528863",20,"305.3","2021-04-17 14:15:00"
"528619",20,"270.2","2021-05-27 02:30:00"
"528821",20,"274.4","2021-05-27 02:45:00"
"529015",20,"273.6","2021-05-27 03:00:00"
"529225",20,"272.6","2021-05-27 03:15:00"
"529464",20,"264.9","2021-05-27 03:30:00"
"529462",20,"242.5","2021-03-15 00:30:00"
"529654",20,"258.7","2021-03-15 00:45:00"
"529878",20,"256.6","2021-03-15 01:00:00"
"529463",20,"194.2","2021-07-07 06:30:00"
"529690",20,"201.6","2021-07-07 06:45:00"
"529907",20,"206.9","2021-07-07 07:00:00"
"529678",20,"266.5","2021-05-27 03:45:00"
"529872",20,"264.7","2021-05-27 04:00:00"
"530093",20,"258.8","2021-05-27 04:15:00"
"530903",20,"202.4","2021-07-07 08:00:00"
"531048",20,"188.3","2021-07-07 08:15:00"
"531075",20,"175.6","2021-04-17 16:30:00"
"531293",20,"181.9","2021-04-17 16:45:00"
"531499",20,"176","2021-04-17 17:00:00"
"531256",20,"212.2","2021-07-07 08:30:00"
"531463",20,"207.6","2021-07-07 08:45:00"
"531712",20,"196.2","2021-07-07 09:00:00"
"531270",20,"96.5","2021-03-15 03:00:00"
"531494",20,"97.8","2021-03-15 03:15:00"
"531649",20,"90.9","2021-03-15 03:30:00"
"532432",20,"131.5","2021-07-07 09:45:00"
"532657",20,"133.9","2021-07-07 10:00:00"
"532995",20,"129.8","2021-07-07 10:15:00"
"532790",20,"187.3","2021-04-17 18:30:00"
"532968",20,"223.7","2021-04-17 18:45:00"
"532877",20,"85.7","2021-03-15 05:00:00"
"533076",20,"78.3","2021-03-15 05:15:00"
"533112",20,"0","2021-05-27 07:45:00"
"533310",20,"33","2021-05-27 08:00:00"
"534260",20,"99.9","2021-07-07 11:45:00"
"534455",20,"82.3","2021-07-07 12:00:00"
"534339",20,"0","2021-04-17 20:15:00"
"534536",20,"0","2021-04-17 20:30:00"
"534694",20,"114.6","2021-04-17 20:45:00"
"534591",20,"0","2021-03-15 07:00:00"
"534742",20,"79.1","2021-03-15 07:15:00"
"534595",20,"148.2","2021-05-27 09:30:00"
"534752",20,"146.8","2021-05-27 09:45:00"
"537014",20,"121.4","2021-05-27 10:00:00"
"535381",20,"141.4","2021-04-17 22:15:00"
"535480",20,"152.5","2021-04-17 22:30:00"
"535588",20,"164.3","2021-04-17 22:45:00"
"535458",20,"48.5","2021-03-15 08:45:00"
"535566",20,"56.4","2021-03-15 09:00:00"
"535668",20,"32.3","2021-03-15 09:15:00"
"535702",20,"167.3","2021-04-17 23:00:00"
"535818",20,"235.7","2021-04-17 23:15:00"
"535769",20,"79.2","2021-03-15 09:30:00"
"535867",20,"66.6","2021-03-15 09:45:00"
"536977",20,"121.9","2021-07-07 13:00:00"
"537078",20,"85.2","2021-07-07 13:15:00"
"537174",20,"125.8","2021-07-07 13:30:00"
"537142",20,"78.3","2021-05-27 10:15:00"
"537253",20,"68.8","2021-05-27 10:30:00"
"537282",20,"79.1","2021-07-07 13:45:00"
"537395",20,"115.3","2021-07-07 14:00:00"
"537351",20,"105.5","2021-05-27 10:45:00"
"537464",20,"118.9","2021-05-27 11:00:00"
"537575",20,"91.6","2021-05-27 11:15:00"
"539185",20,"0","2021-04-18 02:45:00"
"539285",20,"0","2021-04-18 03:00:00"
"539407",20,"0","2021-04-18 03:15:00"
"539325",20,"346.7","2021-03-15 12:45:00"
"539419",20,"347.1","2021-03-15 13:00:00"
"539514",20,"0","2021-04-18 03:30:00"
"539622",20,"0","2021-04-18 03:45:00"
"539529",20,"22","2021-03-15 13:15:00"
"539637",20,"59.3","2021-03-15 13:30:00"
"539762",20,"357.2","2021-03-15 13:45:00"
"540778",20,"189.4","2021-03-15 16:30:00"
"543029",20,"126.6","2021-03-15 16:45:00"
"541004",20,"38.7","2021-05-27 14:45:00"
"541100",20,"69.2","2021-05-27 15:00:00"
"540988",20,"218.6","2021-07-07 17:30:00"
"541107",20,"213.1","2021-07-07 17:45:00"
"541209",20,"42.6","2021-05-27 15:15:00"
"541307",20,"32.3","2021-05-27 15:30:00"
"541420",20,"40.5","2021-05-27 15:45:00"
"542435",20,"109.3","2021-05-27 18:00:00"
"542529",20,"92.5","2021-05-27 18:15:00"
"542635",20,"0","2021-05-27 18:30:00"
"542474",20,"39.5","2021-07-07 21:00:00"
"542593",20,"263.7","2021-07-07 21:15:00"
"544835",20,"160.7","2021-07-07 21:30:00"
"542696",20,"118.5","2021-05-27 18:45:00"
"542750",20,"107.4","2021-05-27 19:00:00"
"544820",20,"86","2021-05-27 19:15:00"
"542874",20,"0","2021-04-18 06:30:00"
"542928",20,"0","2021-04-18 06:45:00"
"543038",20,"0","2021-04-18 07:00:00"
"544238",20,"146.1","2021-04-18 09:45:00"
"544349",20,"159","2021-04-18 10:00:00"
"544454",20,"157.8","2021-04-18 10:15:00"
"544309",20,"235.9","2021-03-15 19:45:00"
"544423",20,"204.4","2021-03-15 20:00:00"
"544560",20,"137.1","2021-04-18 10:30:00"
"546792",20,"145.3","2021-04-18 10:45:00"
"544527",20,"185.2","2021-03-15 20:15:00"
"544630",20,"331.1","2021-03-15 20:30:00"
"544696",20,"338","2021-03-15 20:45:00"
"545861",20,"279.5","2021-05-27 21:30:00"
"545958",20,"278.2","2021-05-27 21:45:00"
"546068",20,"269.3","2021-05-27 22:00:00"
"545854",20,"267.3","2021-07-08 00:00:00"
"545973",20,"276.7","2021-07-08 00:15:00"
"546078",20,"281","2021-07-08 00:30:00"
"546187",20,"246.4","2021-05-27 22:15:00"
"546307",20,"130.9","2021-05-27 22:30:00"
"546177",20,"279.9","2021-07-08 00:45:00"
"546270",20,"281.8","2021-07-08 01:00:00"
"547397",20,"151.5","2021-04-18 12:15:00"
"547505",20,"106.2","2021-04-18 12:30:00"
"547608",20,"162.8","2021-04-18 12:45:00"
"547535",20,"0","2021-03-15 22:45:00"
"547640",20,"0","2021-03-15 23:00:00"
"547739",20,"0","2021-03-15 23:15:00"
"547729",20,"204.3","2021-04-18 13:00:00"
"547835",20,"216.1","2021-04-18 13:15:00"
"547849",20,"161","2021-03-15 23:30:00"
"547964",20,"0","2021-03-15 23:45:00"
"548068",20,"0","2021-03-16 00:00:00"
"548623",20,"0","2021-03-16 01:30:00"
"548725",20,"160.6","2021-03-16 01:45:00"
"548682",20,"199.5","2021-04-18 15:00:00"
"548764",20,"245.9","2021-04-18 15:15:00"
"548936",20,"217.9","2021-05-28 00:00:00"
"549045",20,"256.8","2021-05-28 00:15:00"
"549152",20,"233.8","2021-05-28 00:30:00"
"548939",20,"122.8","2021-07-08 02:30:00"
"549047",20,"140.3","2021-07-08 02:45:00"
"549155",20,"0","2021-07-08 03:00:00"
"550307",20,"196.6","2021-07-08 05:45:00"
"550408",20,"209.9","2021-07-08 06:00:00"
"550541",20,"188.1","2021-07-08 06:15:00"
"550383",20,"261.6","2021-05-28 03:15:00"
"550469",20,"267.3","2021-05-28 03:30:00"
"550569",20,"257.2","2021-05-28 03:45:00"
"550649",20,"227.6","2021-07-08 06:30:00"
"552825",20,"213.1","2021-07-08 06:45:00"
"550681",20,"261.3","2021-05-28 04:00:00"
"550748",20,"236.4","2021-05-28 04:15:00"
"551822",20,"0","2021-03-16 04:30:00"
"551945",20,"125.8","2021-03-16 04:45:00"
"552049",20,"118.6","2021-03-16 05:00:00"
"552064",20,"154.1","2021-04-18 18:00:00"
"552178",20,"147.3","2021-04-18 18:15:00"
"552285",20,"154.1","2021-04-18 18:30:00"
"552142",20,"121.3","2021-03-16 05:15:00"
"552258",20,"128.9","2021-03-16 05:30:00"
"552361",20,"142.9","2021-03-16 05:45:00"
"552395",20,"152","2021-04-18 18:45:00"
"552492",20,"162","2021-04-18 19:00:00"
"553641",20,"0","2021-03-16 07:15:00"
"553838",20,"0","2021-03-16 07:30:00"
"553600",20,"202.5","2021-07-08 07:45:00"
"553800",20,"235.6","2021-07-08 08:00:00"
"553901",20,"257.4","2021-05-28 05:45:00"
"554101",20,"276.5","2021-05-28 06:00:00"
"554309",20,"287.5","2021-05-28 06:15:00"
"554023",20,"144.6","2021-04-18 21:15:00"
"554241",20,"151.3","2021-04-18 21:30:00"
"554439",20,"144.7","2021-04-18 21:45:00"
"555366",20,"86.6","2021-03-16 09:15:00"
"510050",20,"280.8","2021-05-26 01:45:00"
"510119",20,"267.9","2021-05-26 02:00:00"
"510199",20,"278","2021-05-26 02:15:00"
"510201",20,"115.4","2021-07-06 09:30:00"
"510351",20,"135.8","2021-07-06 09:45:00"
"510289",20,"285.4","2021-05-26 02:30:00"
"510368",20,"282","2021-05-26 02:45:00"
"510996",20,"108.6","2021-07-06 10:45:00"
"511146",20,"111.3","2021-07-06 11:00:00"
"511104",20,"227.5","2021-05-26 05:00:00"
"511183",20,"203.1","2021-05-26 05:15:00"
"511262",20,"205.1","2021-05-26 05:30:00"
"511335",20,"190.7","2021-05-26 05:45:00"
"511411",20,"233.9","2021-05-26 06:00:00"
"511328",20,"97","2021-07-06 11:15:00"
"511464",20,"95.8","2021-07-06 11:30:00"
"511518",20,"90","2021-07-06 11:45:00"
"512152",20,"226.6","2021-04-16 18:45:00"
"512206",20,"242.7","2021-04-16 19:00:00"
"512260",20,"256.6","2021-04-16 19:15:00"
"512314",20,"258.4","2021-04-16 19:30:00"
"512368",20,"249","2021-04-16 19:45:00"
"512422",20,"248.4","2021-04-16 20:00:00"
"512476",20,"233.5","2021-04-16 20:15:00"
"512530",20,"0","2021-04-16 20:30:00"
"512584",20,"0","2021-04-16 20:45:00"
"512638",20,"0","2021-04-16 21:00:00"
"513277",20,"259.2","2021-05-26 07:00:00"
"513360",20,"281.8","2021-05-26 07:15:00"
"513450",20,"273.4","2021-05-26 07:30:00"
"513528",20,"278.5","2021-05-26 07:45:00"
"513595",20,"265.3","2021-05-26 08:00:00"
"513679",20,"93.6","2021-03-14 05:30:00"
"513831",20,"0","2021-03-14 05:45:00"
"513683",20,"279.2","2021-05-26 08:15:00"
"513762",20,"294","2021-05-26 08:30:00"
"514316",20,"271.1","2021-05-26 10:00:00"
"514423",20,"258.1","2021-05-26 10:15:00"
"514527",20,"285.4","2021-05-26 10:30:00"
"514566",20,"85.5","2021-03-14 07:15:00"
"514650",20,"94.3","2021-03-14 07:30:00"
"514704",20,"91.8","2021-03-14 07:45:00"
"517540",20,"339.7","2021-05-26 10:45:00"
"517635",20,"56.9","2021-05-26 11:00:00"
"514758",20,"92.6","2021-03-14 08:00:00"
"514842",20,"105.1","2021-07-06 13:15:00"
"514896",20,"88.9","2021-07-06 13:30:00"
"515490",20,"88.7","2021-07-06 16:15:00"
"515544",20,"120.9","2021-07-06 16:30:00"
"515598",20,"132","2021-07-06 16:45:00"
"515652",20,"116.1","2021-07-06 17:00:00"
"515706",20,"110.7","2021-07-06 17:15:00"
"515766",20,"121.8","2021-07-06 17:30:00"
"518691",20,"114.7","2021-07-06 17:45:00"
"515800",20,"0","2021-04-16 21:45:00"
"515854",20,"0","2021-04-16 22:00:00"
"515908",20,"0","2021-04-16 22:15:00"
"516502",20,"276.6","2021-04-17 01:00:00"
"516556",20,"257.2","2021-04-17 01:15:00"
"516610",20,"339.7","2021-04-17 01:30:00"
"516664",20,"4.2","2021-04-17 01:45:00"
"516718",20,"146.2","2021-04-17 02:00:00"
"516772",20,"132.8","2021-04-17 02:15:00"
"518725",20,"131.6","2021-04-17 02:30:00"
"518855",20,"128.1","2021-04-17 02:45:00"
"516812",20,"94","2021-03-14 08:15:00"
"516866",20,"86.8","2021-03-14 08:30:00"
"517514",20,"35.9","2021-03-14 11:30:00"
"517616",20,"24.7","2021-03-14 11:45:00"
"517715",20,"40.8","2021-03-14 12:00:00"
"517833",20,"7.6","2021-03-14 12:15:00"
"517923",20,"67.2","2021-03-14 12:30:00"
"517753",20,"51.3","2021-05-26 11:15:00"
"517850",20,"105.4","2021-05-26 11:30:00"
"517992",20,"64.4","2021-05-26 11:45:00"
"520661",20,"343.4","2021-03-14 12:45:00"
"520824",20,"343.5","2021-03-14 13:00:00"
"519288",20,"102.7","2021-07-06 18:45:00"
"519395",20,"101.6","2021-07-06 19:00:00"
"519506",20,"99.1","2021-07-06 19:15:00"
"519295",20,"102","2021-04-17 03:30:00"
"519402",20,"113","2021-04-17 03:45:00"
"519509",20,"116","2021-04-17 04:00:00"
"519628",20,"93.2","2021-07-06 19:30:00"
"519736",20,"88","2021-07-06 19:45:00"
"519603",20,"102.5","2021-04-17 04:15:00"
"519711",20,"91.8","2021-04-17 04:30:00"
"520892",20,"287.7","2021-03-14 13:15:00"
"520946",20,"311.9","2021-03-14 13:30:00"
"521000",20,"302.9","2021-03-14 13:45:00"
"521054",20,"347.1","2021-03-14 14:00:00"
"521108",20,"345","2021-03-14 14:15:00"
"521162",20,"31","2021-03-14 14:30:00"
"521216",20,"41.1","2021-03-14 14:45:00"
"521270",20,"358.3","2021-03-14 15:00:00"
"521324",20,"27.2","2021-03-14 15:15:00"
"521378",20,"337.6","2021-03-14 15:30:00"
"521432",20,"320.2","2021-03-14 15:45:00"
"522570",20,"21.3","2021-05-26 19:00:00"
"522647",20,"28","2021-05-26 19:15:00"
"522757",20,"11.2","2021-05-26 19:30:00"
"522783",20,"111","2021-07-06 22:30:00"
"523069",20,"119.9","2021-07-06 22:45:00"
"523179",20,"123.2","2021-07-06 23:00:00"
"522893",20,"10.1","2021-05-26 19:45:00"
"523272",20,"286.1","2021-05-26 20:00:00"
"522971",20,"0","2021-04-17 07:30:00"
"523075",20,"0","2021-04-17 07:45:00"
"524226",20,"106.4","2021-07-07 00:30:00"
"524451",20,"118.2","2021-07-07 00:45:00"
"524651",20,"120.1","2021-07-07 01:00:00"
"524416",20,"72.7","2021-04-17 09:15:00"
"524637",20,"35.8","2021-04-17 09:30:00"
"524857",20,"64.3","2021-04-17 09:45:00"
"524506",20,"168","2021-05-26 21:30:00"
"524702",20,"149.4","2021-05-26 21:45:00"
"524895",20,"118.6","2021-05-26 22:00:00"
"524682",20,"274.8","2021-03-14 19:00:00"
"524903",20,"261.3","2021-03-14 19:15:00"
"525109",20,"272.7","2021-03-14 19:30:00"
"526082",20,"135.1","2021-07-07 02:30:00"
"526278",20,"140.1","2021-07-07 02:45:00"
"526099",20,"37.5","2021-04-17 11:15:00"
"526293",20,"13.8","2021-04-17 11:30:00"
"526910",20,"317.8","2021-04-17 11:45:00"
"526151",20,"263","2021-05-26 23:30:00"
"526381",20,"278.4","2021-05-26 23:45:00"
"526491",20,"263.7","2021-05-27 00:00:00"
"526374",20,"240.1","2021-03-14 21:00:00"
"526480",20,"205.7","2021-03-14 21:15:00"
"526594",20,"253.5","2021-03-14 21:30:00"
"527571",20,"153.3","2021-03-14 22:15:00"
"527788",20,"201.2","2021-03-14 22:30:00"
"527987",20,"241.1","2021-03-14 22:45:00"
"527744",20,"181.7","2021-05-27 01:30:00"
"527946",20,"232.3","2021-05-27 01:45:00"
"527988",20,"305.4","2021-04-17 13:15:00"
"528233",20,"283","2021-04-17 13:30:00"
"528437",20,"308.1","2021-04-17 13:45:00"
"528162",20,"194.8","2021-05-27 02:00:00"
"528416",20,"246.5","2021-05-27 02:15:00"
"529754",20,"318.9","2021-04-17 15:15:00"
"529959",20,"331.8","2021-04-17 15:30:00"
"530159",20,"334.5","2021-04-17 15:45:00"
"530125",20,"281.6","2021-03-15 01:15:00"
"530305",20,"283.6","2021-03-15 01:30:00"
"530113",20,"203.9","2021-07-07 07:15:00"
"530784",20,"252.1","2021-07-07 07:30:00"
"530838",20,"220.7","2021-07-07 07:45:00"
"530310",20,"254.7","2021-05-27 04:30:00"
"530478",20,"261.5","2021-05-27 04:45:00"
"531440",20,"284.1","2021-05-27 05:45:00"
"531663",20,"279.5","2021-05-27 06:00:00"
"531734",20,"149.2","2021-04-17 17:15:00"
"531909",20,"160.3","2021-04-17 17:30:00"
"531875",20,"83.9","2021-03-15 03:45:00"
"532079",20,"92.6","2021-03-15 04:00:00"
"532009",20,"159.9","2021-07-07 09:15:00"
"532253",20,"129.6","2021-07-07 09:30:00"
"533209",20,"138","2021-07-07 10:30:00"
"533402",20,"114.1","2021-07-07 10:45:00"
"533186",20,"0","2021-04-17 19:00:00"
"533408",20,"210.4","2021-04-17 19:15:00"
"533625",20,"203.6","2021-04-17 19:30:00"
"533339",20,"74.9","2021-03-15 05:30:00"
"533551",20,"82.4","2021-03-15 05:45:00"
"533731",20,"89.7","2021-03-15 06:00:00"
"533540",20,"89.2","2021-05-27 08:15:00"
"533760",20,"130","2021-05-27 08:30:00"
"533940",20,"179.7","2021-05-27 08:45:00"
"534854",20,"115.8","2021-04-17 21:00:00"
"534964",20,"132.6","2021-04-17 21:15:00"
"535063",20,"137.4","2021-04-17 21:30:00"
"534895",20,"0","2021-03-15 07:30:00"
"535007",20,"80","2021-03-15 07:45:00"
"535115",20,"41.8","2021-03-15 08:00:00"
"535167",20,"136.5","2021-04-17 21:45:00"
"535268",20,"141.8","2021-04-17 22:00:00"
"535235",20,"51.9","2021-03-15 08:15:00"
"535340",20,"57.2","2021-03-15 08:30:00"
"536467",20,"107","2021-04-18 00:45:00"
"536564",20,"110.9","2021-04-18 01:00:00"
"536663",20,"134.4","2021-04-18 01:15:00"
"536531",20,"36.9","2021-03-15 11:15:00"
"536651",20,"53.3","2021-03-15 11:30:00"
"536752",20,"353.3","2021-03-15 11:45:00"
"538794",20,"143.6","2021-04-18 01:30:00"
"538848",20,"0","2021-04-18 01:45:00"
"536810",20,"90.4","2021-07-07 12:15:00"
"536864",20,"107.1","2021-07-07 12:30:00"
"536918",20,"88.5","2021-07-07 12:45:00"
"538052",20,"78.7","2021-07-07 15:30:00"
"538157",20,"237.4","2021-07-07 15:45:00"
"538262",20,"165.8","2021-07-07 16:00:00"
"538216",20,"57.6","2021-05-27 12:45:00"
"538316",20,"50.2","2021-05-27 13:00:00"
"538421",20,"76.9","2021-05-27 13:15:00"
"538380",20,"187.5","2021-07-07 16:15:00"
"538475",20,"172.9","2021-07-07 16:30:00"
"538547",20,"93.6","2021-05-27 13:30:00"
"538616",20,"58.7","2021-05-27 13:45:00"
"539713",20,"0","2021-04-18 04:00:00"
"539815",20,"0","2021-04-18 04:15:00"
"539936",20,"0","2021-04-18 04:30:00"
"539865",20,"350.6","2021-03-15 14:00:00"
"539966",20,"12.3","2021-03-15 14:15:00"
"540039",20,"0","2021-04-18 04:45:00"
"540145",20,"0","2021-04-18 05:00:00"
"540087",20,"61.1","2021-03-15 14:30:00"
"540184",20,"318.1","2021-03-15 14:45:00"
"540297",20,"311.1","2021-03-15 15:00:00"
"541215",20,"174","2021-07-07 18:00:00"
"541331",20,"146.1","2021-07-07 18:15:00"
"541435",20,"111.5","2021-07-07 18:30:00"
"541546",20,"29.9","2021-05-27 16:00:00"
"541647",20,"26.3","2021-05-27 16:15:00"
"541525",20,"100.5","2021-07-07 18:45:00"
"541641",20,"90.6","2021-07-07 19:00:00"
"541733",20,"90.8","2021-07-07 19:15:00"
"541844",20,"81.7","2021-07-07 19:30:00"
"541951",20,"64.6","2021-07-07 19:45:00"
"543149",20,"0","2021-04-18 07:15:00"
"543253",20,"0","2021-04-18 07:30:00"
"543134",20,"116.4","2021-03-15 17:00:00"
"543247",20,"103.7","2021-03-15 17:15:00"
"543375",20,"103.9","2021-03-15 17:30:00"
"543336",20,"0","2021-04-18 07:45:00"
"543445",20,"180.8","2021-04-18 08:00:00"
"543579",20,"171.4","2021-04-18 08:15:00"
"543480",20,"124.7","2021-03-15 17:45:00"
"543568",20,"160.9","2021-03-15 18:00:00"
"543665",20,"244","2021-03-15 18:15:00"
"544750",20,"334","2021-03-15 21:00:00"
"546895",20,"337.2","2021-03-15 21:15:00"
"544954",20,"96","2021-05-27 19:30:00"
"545056",20,"101.4","2021-05-27 19:45:00"
"544926",20,"259.3","2021-07-07 21:45:00"
"545037",20,"294.6","2021-07-07 22:00:00"
"545140",20,"236.6","2021-07-07 22:15:00"
"545241",20,"269.7","2021-07-07 22:30:00"
"545328",20,"246.2","2021-07-07 22:45:00"
"546397",20,"191","2021-05-27 22:45:00"
"546506",20,"176.8","2021-05-27 23:00:00"
"546618",20,"183.1","2021-05-27 23:15:00"
"546398",20,"276.2","2021-07-08 01:15:00"
"546505",20,"270.6","2021-07-08 01:30:00"
"546609",20,"258.5","2021-07-08 01:45:00"
"546722",20,"247.1","2021-05-27 23:30:00"
"546776",20,"243","2021-05-27 23:45:00"
"546705",20,"264.3","2021-07-08 02:00:00"
"548834",20,"269","2021-07-08 02:15:00"
"547935",20,"154.4","2021-04-18 13:30:00"
"548046",20,"245.6","2021-04-18 13:45:00"
"548150",20,"278","2021-04-18 14:00:00"
"548179",20,"0","2021-03-16 00:15:00"
"548272",20,"168.3","2021-03-16 00:30:00"
"548278",20,"276.1","2021-04-18 14:15:00"
"548434",20,"279.4","2021-04-18 14:30:00"
"548566",20,"157.3","2021-04-18 14:45:00"
"548347",20,"0","2021-03-16 00:45:00"
"548436",20,"0","2021-03-16 01:00:00"
"548519",20,"0","2021-03-16 01:15:00"
"549767",20,"186.4","2021-07-08 04:30:00"
"549864",20,"172.2","2021-07-08 04:45:00"
"549984",20,"193.4","2021-07-08 05:00:00"
"549847",20,"150.1","2021-05-28 02:00:00"
"549942",20,"235.6","2021-05-28 02:15:00"
"550093",20,"242.7","2021-07-08 05:15:00"
"550200",20,"205.5","2021-07-08 05:30:00"
"550050",20,"221","2021-05-28 02:30:00"
"550159",20,"250.7","2021-05-28 02:45:00"
"550266",20,"243.4","2021-05-28 03:00:00"
"551301",20,"115.3","2021-03-16 03:15:00"
"551423",20,"128.2","2021-03-16 03:30:00"
"551524",20,"129.1","2021-03-16 03:45:00"
"551507",20,"152.5","2021-04-18 16:45:00"
"551629",20,"139.6","2021-04-18 17:00:00"
"551750",20,"138","2021-04-18 17:15:00"
"551619",20,"133.8","2021-03-16 04:00:00"
"551713",20,"244.3","2021-03-16 04:15:00"
"551855",20,"144.4","2021-04-18 17:30:00"
"551950",20,"147.4","2021-04-18 17:45:00"
"552976",20,"131.2","2021-03-16 06:30:00"
"553201",20,"135","2021-03-16 06:45:00"
"553393",20,"0","2021-03-16 07:00:00"
"552982",20,"219.8","2021-07-08 07:00:00"
"553167",20,"250","2021-07-08 07:15:00"
"553392",20,"227.9","2021-07-08 07:30:00"
"553438",20,"228.7","2021-05-28 05:15:00"
"553611",20,"260.3","2021-05-28 05:30:00"
"553606",20,"152.9","2021-04-18 20:45:00"
"553806",20,"144.8","2021-04-18 21:00:00"
"554667",20,"102.9","2021-07-08 09:00:00"
"512098",20,"241.4","2021-04-16 18:30:00"
"512692",20,"0","2021-04-16 21:15:00"
"512746",20,"0","2021-04-16 21:30:00"
"512948",20,"133.5","2021-03-14 04:15:00"
"513002",20,"102.9","2021-03-14 04:30:00"
"513054",20,"239.1","2021-05-26 06:15:00"
"513127",20,"282.4","2021-05-26 06:30:00"
"513198",20,"271.4","2021-05-26 06:45:00"
"513189",20,"94.8","2021-03-14 04:45:00"
"513351",20,"55","2021-03-14 05:00:00"
"513502",20,"76","2021-03-14 05:15:00"
"513849",20,"213.7","2021-05-26 08:45:00"
"513922",20,"224.9","2021-05-26 09:00:00"
"514004",20,"189.9","2021-05-26 09:15:00"
"514007",20,"121.2","2021-03-14 06:00:00"
"514140",20,"144.6","2021-03-14 06:15:00"
"514241",20,"107.8","2021-03-14 06:30:00"
"514092",20,"243.4","2021-05-26 09:30:00"
"514193",20,"271.8","2021-05-26 09:45:00"
"514347",20,"108.9","2021-03-14 06:45:00"
"514452",20,"97.4","2021-03-14 07:00:00"
"514950",20,"82.1","2021-07-06 13:45:00"
"515004",20,"75.9","2021-07-06 14:00:00"
"515058",20,"86.9","2021-07-06 14:15:00"
"515112",20,"89.7","2021-07-06 14:30:00"
"515166",20,"100.4","2021-07-06 14:45:00"
"515220",20,"72.8","2021-07-06 15:00:00"
"515274",20,"89.5","2021-07-06 15:15:00"
"515328",20,"72.2","2021-07-06 15:30:00"
"515382",20,"97.6","2021-07-06 15:45:00"
"515436",20,"73.3","2021-07-06 16:00:00"
"515962",20,"269.2","2021-04-16 22:30:00"
"516016",20,"269.9","2021-04-16 22:45:00"
"516070",20,"267.6","2021-04-16 23:00:00"
"516124",20,"266.2","2021-04-16 23:15:00"
"516178",20,"260.9","2021-04-16 23:30:00"
"516232",20,"266.4","2021-04-16 23:45:00"
"516286",20,"268.3","2021-04-17 00:00:00"
"516340",20,"0","2021-04-17 00:15:00"
"516394",20,"263.1","2021-04-17 00:30:00"
"516448",20,"283","2021-04-17 00:45:00"
"516920",20,"75.5","2021-03-14 08:45:00"
"516974",20,"63.9","2021-03-14 09:00:00"
"517028",20,"56.7","2021-03-14 09:15:00"
"517082",20,"63.7","2021-03-14 09:30:00"
"517136",20,"63.3","2021-03-14 09:45:00"
"517190",20,"60.5","2021-03-14 10:00:00"
"517244",20,"68.5","2021-03-14 10:15:00"
"517298",20,"55.6","2021-03-14 10:30:00"
"517352",20,"36.3","2021-03-14 10:45:00"
"517406",20,"30.5","2021-03-14 11:00:00"
"517460",20,"25.5","2021-03-14 11:15:00"
"518054",20,"17.1","2021-05-26 12:00:00"
"518108",20,"348.6","2021-05-26 12:15:00"
"518162",20,"13.1","2021-05-26 12:30:00"
"518216",20,"241.7","2021-05-26 12:45:00"
"518270",20,"324.9","2021-05-26 13:00:00"
"518324",20,"304.4","2021-05-26 13:15:00"
"518378",20,"34.1","2021-05-26 13:30:00"
"518432",20,"114.8","2021-05-26 13:45:00"
"518486",20,"128.7","2021-05-26 14:00:00"
"518540",20,"180.2","2021-05-26 14:15:00"
"519833",20,"84.1","2021-07-06 20:00:00"
"519939",20,"85.4","2021-07-06 20:15:00"
"520035",20,"94.5","2021-07-06 20:30:00"
"519830",20,"0","2021-04-17 04:45:00"
"519940",20,"0","2021-04-17 05:00:00"
"520060",20,"0","2021-04-17 05:15:00"
"520156",20,"106.6","2021-07-06 20:45:00"
"520264",20,"121.2","2021-07-06 21:00:00"
"520155",20,"0","2021-04-17 05:30:00"
"520263",20,"0","2021-04-17 05:45:00"
"520371",20,"0","2021-04-17 06:00:00"
"522026",20,"0","2021-05-26 16:30:00"
"522080",20,"95.2","2021-05-26 16:45:00"
"522134",20,"92.1","2021-05-26 17:00:00"
"522188",20,"79.1","2021-05-26 17:15:00"
"522242",20,"82.9","2021-05-26 17:30:00"
"522296",20,"75.2","2021-05-26 17:45:00"
"522350",20,"43.7","2021-05-26 18:00:00"
"522404",20,"40.2","2021-05-26 18:15:00"
"522458",20,"42.3","2021-05-26 18:30:00"
"522512",20,"20","2021-05-26 18:45:00"
"523554",20,"126.6","2021-07-06 23:45:00"
"523786",20,"121.2","2021-07-07 00:00:00"
"524023",20,"111.1","2021-07-07 00:15:00"
"523987",20,"68.9","2021-04-17 08:45:00"
"524180",20,"76","2021-04-17 09:00:00"
"524093",20,"266.6","2021-05-26 21:00:00"
"524284",20,"248.2","2021-05-26 21:15:00"
"524257",20,"271.2","2021-03-14 18:30:00"
"524462",20,"263.3","2021-03-14 18:45:00"
"525391",20,"127.7","2021-07-07 01:45:00"
"525662",20,"129.7","2021-07-07 02:00:00"
"525858",20,"134.2","2021-07-07 02:15:00"
"525422",20,"12.4","2021-04-17 10:30:00"
"525624",20,"23.9","2021-04-17 10:45:00"
"525863",20,"23.8","2021-04-17 11:00:00"
"525561",20,"161","2021-05-26 22:45:00"
"525740",20,"211","2021-05-26 23:00:00"
"525928",20,"238.1","2021-05-26 23:15:00"
"525750",20,"234.8","2021-03-14 20:15:00"
"525978",20,"243","2021-03-14 20:30:00"
"526184",20,"254.9","2021-03-14 20:45:00"
"527114",20,"252","2021-05-27 00:45:00"
"527306",20,"242.9","2021-05-27 01:00:00"
"527502",20,"208.3","2021-05-27 01:15:00"
"527150",20,"144.4","2021-07-07 03:45:00"
"527290",20,"142.5","2021-07-07 04:00:00"
"527348",20,"356.9","2021-04-17 12:30:00"
"527554",20,"325.6","2021-04-17 12:45:00"
"527763",20,"298.5","2021-04-17 13:00:00"
"527504",20,"138.6","2021-07-07 04:15:00"
"527701",20,"139.8","2021-07-07 04:30:00"
"527927",20,"140.4","2021-07-07 04:45:00"
"528551",20,"161","2021-07-07 05:30:00"
"528629",20,"279.8","2021-03-14 23:30:00"
"528771",20,"177.9","2021-07-07 05:45:00"
"528859",20,"286.3","2021-03-14 23:45:00"
"529081",20,"293","2021-03-15 00:00:00"
"529269",20,"281.8","2021-03-15 00:15:00"
"529016",20,"189.9","2021-07-07 06:00:00"
"529235",20,"197.6","2021-07-07 06:15:00"
"529055",20,"292.4","2021-04-17 14:30:00"
"529314",20,"278.3","2021-04-17 14:45:00"
"529508",20,"292","2021-04-17 15:00:00"
"530391",20,"348.9","2021-04-17 16:00:00"
"530910",20,"353.9","2021-04-17 16:15:00"
"530471",20,"207.7","2021-03-15 01:45:00"
"530585",20,"146.1","2021-03-15 02:00:00"
"530696",20,"249.1","2021-03-15 02:15:00"
"530598",20,"264.6","2021-05-27 05:00:00"
"530703",20,"278.2","2021-05-27 05:15:00"
"531213",20,"284.4","2021-05-27 05:30:00"
"530754",20,"145.5","2021-03-15 02:30:00"
"531041",20,"174.2","2021-03-15 02:45:00"
"531865",20,"270.6","2021-05-27 06:15:00"
"532065",20,"263.7","2021-05-27 06:30:00"
"532267",20,"259.1","2021-05-27 06:45:00"
"532120",20,"192.8","2021-04-17 17:45:00"
"532358",20,"203.6","2021-04-17 18:00:00"
"532595",20,"190.1","2021-04-17 18:15:00"
"532298",20,"121.7","2021-03-15 04:15:00"
"532503",20,"101.2","2021-03-15 04:30:00"
"532679",20,"97.1","2021-03-15 04:45:00"
"532479",20,"264.1","2021-05-27 07:00:00"
"532696",20,"283.5","2021-05-27 07:15:00"
"532890",20,"20.4","2021-05-27 07:30:00"
"533618",20,"131.6","2021-07-07 11:00:00"
"533813",20,"128.1","2021-07-07 11:15:00"
"534047",20,"123.3","2021-07-07 11:30:00"
"533883",20,"208.4","2021-04-17 19:45:00"
"534089",20,"0","2021-04-17 20:00:00"
"533977",20,"112.1","2021-03-15 06:15:00"
"534170",20,"108.9","2021-03-15 06:30:00"
"534396",20,"124.6","2021-03-15 06:45:00"
"534161",20,"179","2021-05-27 09:00:00"
"534369",20,"167.3","2021-05-27 09:15:00"
"535929",20,"223.9","2021-04-17 23:30:00"
"536030",20,"0","2021-04-17 23:45:00"
"536137",20,"205.9","2021-04-18 00:00:00"
"535990",20,"63","2021-03-15 10:00:00"
"536097",20,"39.9","2021-03-15 10:15:00"
"536197",20,"59.3","2021-03-15 10:30:00"
"536249",20,"0","2021-04-18 00:15:00"
"536354",20,"73.8","2021-04-18 00:30:00"
"536311",20,"58.9","2021-03-15 10:45:00"
"536408",20,"13.8","2021-03-15 11:00:00"
"537504",20,"19.6","2021-07-07 14:15:00"
"537608",20,"143.7","2021-07-07 14:30:00"
"537712",20,"95.8","2021-07-07 14:45:00"
"537687",20,"110.5","2021-05-27 11:30:00"
"537789",20,"59.6","2021-05-27 11:45:00"
"537826",20,"109.6","2021-07-07 15:00:00"
"537938",20,"103.4","2021-07-07 15:15:00"
"537881",20,"54.9","2021-05-27 12:00:00"
"537999",20,"22.5","2021-05-27 12:15:00"
"538101",20,"68.8","2021-05-27 12:30:00"
"540782",20,"213.7","2021-07-07 16:45:00"
"540836",20,"199","2021-07-07 17:00:00"
"540898",20,"209","2021-07-07 17:15:00"
"538670",20,"55.1","2021-05-27 14:00:00"
"538724",20,"61.6","2021-05-27 14:15:00"
"538778",20,"350","2021-05-27 14:30:00"
"538902",20,"0","2021-04-18 02:00:00"
"538973",20,"65.4","2021-04-18 02:15:00"
"539088",20,"41.8","2021-04-18 02:30:00"
"538987",20,"29.8","2021-03-15 12:00:00"
"539091",20,"25.5","2021-03-15 12:15:00"
"539208",20,"9.5","2021-03-15 12:30:00"
"540258",20,"0","2021-04-18 05:15:00"
"540362",20,"0","2021-04-18 05:30:00"
"540482",20,"0","2021-04-18 05:45:00"
"540405",20,"359.3","2021-03-15 15:15:00"
"540504",20,"315.6","2021-03-15 15:30:00"
"540594",20,"0","2021-04-18 06:00:00"
"542820",20,"0","2021-04-18 06:15:00"
"540613",20,"12.1","2021-03-15 15:45:00"
"540670",20,"325.1","2021-03-15 16:00:00"
"540724",20,"211.5","2021-03-15 16:15:00"
"541770",20,"328.8","2021-05-27 16:30:00"
"541876",20,"337.3","2021-05-27 16:45:00"
"541985",20,"351.2","2021-05-27 17:00:00"
"542042",20,"65.8","2021-07-07 20:00:00"
"542159",20,"50.8","2021-07-07 20:15:00"
"542269",20,"56.1","2021-07-07 20:30:00"
"542100",20,"349.1","2021-05-27 17:15:00"
"542207",20,"87.4","2021-05-27 17:30:00"
"542317",20,"105.1","2021-05-27 17:45:00"
"542362",20,"68.3","2021-07-07 20:45:00"
"543692",20,"168.5","2021-04-18 08:30:00"
"543800",20,"153.1","2021-04-18 08:45:00"
"543896",20,"153","2021-04-18 09:00:00"
"543780",20,"268.5","2021-03-15 18:30:00"
"543899",20,"277.8","2021-03-15 18:45:00"
"544009",20,"142.6","2021-04-18 09:15:00"
"544130",20,"142.5","2021-04-18 09:30:00"
"544002",20,"255.4","2021-03-15 19:00:00"
"544098",20,"243","2021-03-15 19:15:00"
"544203",20,"251.4","2021-03-15 19:30:00"
"545165",20,"112.5","2021-05-27 20:00:00"
"545297",20,"133.2","2021-05-27 20:15:00"
"545432",20,"138.2","2021-05-27 20:30:00"
"545419",20,"262.1","2021-07-07 23:00:00"
"545528",20,"265.6","2021-07-07 23:15:00"
"545538",20,"153.2","2021-05-27 20:45:00"
"545643",20,"164.4","2021-05-27 21:00:00"
"545752",20,"278.7","2021-05-27 21:15:00"
"545640",20,"266.9","2021-07-07 23:30:00"
"545747",20,"258.2","2021-07-07 23:45:00"
"546846",20,"153.2","2021-04-18 11:00:00"
"546951",20,"132","2021-04-18 11:15:00"
"547056",20,"151.3","2021-04-18 11:30:00"
"547008",20,"0","2021-03-15 21:30:00"
"547103",20,"0","2021-03-15 21:45:00"
"547203",20,"0","2021-03-15 22:00:00"
"547183",20,"141.9","2021-04-18 11:45:00"
"547298",20,"105.4","2021-04-18 12:00:00"
"547304",20,"0","2021-03-15 22:15:00"
"547421",20,"0","2021-03-15 22:30:00"
"549264",20,"174.4","2021-05-28 00:45:00"
"549375",20,"234.4","2021-05-28 01:00:00"
"549259",20,"139.8","2021-07-08 03:15:00"
"549364",20,"166.4","2021-07-08 03:30:00"
"549470",20,"172.2","2021-07-08 03:45:00"
"549547",20,"209.4","2021-07-08 04:00:00"
"549655",20,"200.5","2021-07-08 04:15:00"
"549500",20,"235","2021-05-28 01:15:00"
"549625",20,"237.5","2021-05-28 01:30:00"
"549727",20,"148","2021-05-28 01:45:00"
"550849",20,"168.7","2021-03-16 02:00:00"
"550942",20,"166.4","2021-03-16 02:15:00"
"551031",20,"164","2021-03-16 02:30:00"
"550887",20,"247.4","2021-04-18 15:30:00"
"551027",20,"227.4","2021-04-18 15:45:00"
"551173",20,"154.7","2021-04-18 16:00:00"
"551119",20,"111","2021-03-16 02:45:00"
"551203",20,"111.5","2021-03-16 03:00:00"
"551298",20,"166","2021-04-18 16:15:00"
"551393",20,"167.9","2021-04-18 16:30:00"
"552483",20,"140.1","2021-03-16 06:00:00"
"552591",20,"138.8","2021-03-16 06:15:00"
"552605",20,"164.1","2021-04-18 19:15:00"
"552682",20,"0","2021-04-18 19:30:00"
"552736",20,"0","2021-04-18 19:45:00"
"552893",20,"155.7","2021-04-18 20:00:00"
"553157",20,"154.9","2021-04-18 20:15:00"
"553353",20,"164.1","2021-04-18 20:30:00"
"552830",20,"184.8","2021-05-28 04:30:00"
"552984",20,"184","2021-05-28 04:45:00"
"553208",20,"195.1","2021-05-28 05:00:00"
"554008",20,"230.1","2021-07-08 08:15:00"
"554228",20,"242.7","2021-07-08 08:30:00"
"554475",20,"274.6","2021-07-08 08:45:00"
"554056",20,"0","2021-03-16 07:45:00"
"554270",20,"0","2021-03-16 08:00:00"
"554472",20,"0","2021-03-16 08:15:00"
"554522",20,"308.1","2021-05-28 06:30:00"
"554711",20,"82.1","2021-05-28 06:45:00"
"554646",20,"149.2","2021-04-18 22:00:00"
"554842",20,"147.5","2021-04-18 22:15:00"
"555784",20,"279","2021-05-28 08:00:00"
"555978",20,"279.9","2021-05-28 08:15:00"
"556151",20,"272.5","2021-05-28 08:30:00"
"555783",20,"169.1","2021-07-08 10:15:00"
"556059",20,"155.1","2021-07-08 10:30:00"
"556366",20,"129.8","2021-07-08 10:45:00"
"556322",20,"240.6","2021-05-28 08:45:00"
"556564",20,"210.5","2021-05-28 09:00:00"
"556236",20,"115.8","2021-04-19 00:00:00"
"556410",20,"112.7","2021-04-19 00:15:00"
"556604",20,"116.1","2021-04-19 00:30:00"
"556816",20,"117.8","2021-04-19 00:45:00"
"555568",20,"95.9","2021-03-16 09:30:00"
"555181",20,"265","2021-05-28 07:15:00"
"555413",20,"254.4","2021-05-28 07:30:00"
"555613",20,"285.2","2021-05-28 07:45:00"
"555287",20,"138.5","2021-04-18 22:45:00"
"555494",20,"146.2","2021-04-18 23:00:00"
"555727",20,"136.6","2021-04-18 23:15:00"
"555802",20,"93.9","2021-03-16 09:45:00"
"556087",20,"88.1","2021-03-16 10:00:00"
"556377",20,"81.9","2021-03-16 10:15:00"
"563931",20,"138.2","2021-07-08 19:15:00"
"564039",20,"140.9","2021-07-08 19:30:00"
"564193",20,"322.8","2021-05-28 16:15:00"
"564315",20,"327.6","2021-05-28 16:30:00"
"564145",20,"129.4","2021-07-08 19:45:00"
"564248",20,"124.3","2021-07-08 20:00:00"
"564356",20,"136.6","2021-07-08 20:15:00"
"564426",20,"337.8","2021-05-28 16:45:00"
"564502",20,"339.9","2021-05-28 17:00:00"
"564556",20,"341.2","2021-05-28 17:15:00"
"565707",20,"93.9","2021-03-16 20:45:00"
"565873",20,"98.3","2021-03-16 21:00:00"
"565731",20,"120","2021-04-19 13:45:00"
"565799",20,"149.8","2021-04-19 14:00:00"
"565891",20,"160.5","2021-04-19 14:15:00"
"568624",20,"180.2","2021-04-19 14:30:00"
"568727",20,"185.8","2021-04-19 14:45:00"
"565988",20,"126.8","2021-03-16 21:15:00"
"566042",20,"50.8","2021-03-16 21:30:00"
"566096",20,"56.7","2021-03-16 21:45:00"
"567238",20,"181.4","2021-07-08 23:00:00"
"567306",20,"174.6","2021-07-08 23:15:00"
"567385",20,"172","2021-07-08 23:30:00"
"567472",20,"172.8","2021-07-08 23:45:00"
"567532",20,"173.1","2021-07-09 00:00:00"
"567586",20,"197.1","2021-07-09 00:15:00"
"567640",20,"209.9","2021-07-09 00:30:00"
"567694",20,"198.3","2021-07-09 00:45:00"
"567748",20,"189","2021-07-09 01:00:00"
"569802",20,"197.3","2021-07-09 01:15:00"
"569596",20,"0","2021-04-19 18:15:00"
"569650",20,"0","2021-04-19 18:30:00"
"569704",20,"0","2021-04-19 18:45:00"
"569758",20,"0","2021-04-19 19:00:00"
"571830",20,"0","2021-04-19 19:15:00"
"569856",20,"236.9","2021-07-09 01:30:00"
"569910",20,"260.3","2021-07-09 01:45:00"
"569964",20,"267.9","2021-07-09 02:00:00"
"570018",20,"264.3","2021-07-09 02:15:00"
"570072",20,"269.7","2021-07-09 02:30:00"
"570126",20,"262.7","2021-07-09 02:45:00"
"570720",20,"256.1","2021-07-09 05:30:00"
"570774",20,"259.2","2021-07-09 05:45:00"
"570798",20,"0","2021-03-17 01:00:00"
"570852",20,"0","2021-03-17 01:15:00"
"570906",20,"0","2021-03-17 01:30:00"
"570960",20,"0","2021-03-17 01:45:00"
"571014",20,"141.2","2021-03-17 02:00:00"
"571068",20,"129.5","2021-03-17 02:15:00"
"571122",20,"110.3","2021-03-17 02:30:00"
"571176",20,"104.1","2021-03-17 02:45:00"
"572253",20,"124.4","2021-04-19 20:00:00"
"572428",20,"132.2","2021-04-19 20:15:00"
"572539",20,"123.5","2021-04-19 20:30:00"
"572340",20,"304","2021-05-29 00:30:00"
"572420",20,"276.5","2021-05-29 00:45:00"
"572523",20,"313.4","2021-05-29 01:00:00"
"572612",20,"312.6","2021-05-29 01:15:00"
"572735",20,"283.7","2021-05-29 01:30:00"
"572654",20,"127.4","2021-04-19 20:45:00"
"572759",20,"0","2021-04-19 21:00:00"
"574530",20,"136.9","2021-07-09 09:15:00"
"574584",20,"130.3","2021-07-09 09:30:00"
"574638",20,"135.2","2021-07-09 09:45:00"
"574692",20,"133.2","2021-07-09 10:00:00"
"574746",20,"140.5","2021-07-09 10:15:00"
"574885",20,"296.5","2021-05-29 03:45:00"
"575038",20,"293.4","2021-05-29 04:00:00"
"574966",20,"107.7","2021-04-20 00:00:00"
"575145",20,"109.2","2021-04-20 00:15:00"
"576063",20,"288.8","2021-05-29 05:30:00"
"576215",20,"291.7","2021-05-29 05:45:00"
"576386",20,"292","2021-05-29 06:00:00"
"576525",20,"0","2021-03-17 08:15:00"
"576691",20,"86.1","2021-03-17 08:30:00"
"576560",20,"106.2","2021-04-20 02:30:00"
"576746",20,"105.8","2021-04-20 02:45:00"
"576547",20,"289.6","2021-05-29 06:15:00"
"576684",20,"291.4","2021-05-29 06:30:00"
"576840",20,"291.8","2021-05-29 06:45:00"
"578504",20,"294.2","2021-05-29 08:15:00"
"578743",20,"295.7","2021-05-29 08:30:00"
"577800",20,"128.2","2021-07-09 10:30:00"
"577854",20,"117.2","2021-07-09 10:45:00"
"577908",20,"112","2021-07-09 11:00:00"
"577962",20,"114.3","2021-07-09 11:15:00"
"578016",20,"101.1","2021-07-09 11:30:00"
"578070",20,"87.6","2021-07-09 11:45:00"
"578124",20,"81.4","2021-07-09 12:00:00"
"578178",20,"74.8","2021-07-09 12:15:00"
"579554",20,"283.8","2021-05-29 09:30:00"
"579801",20,"281.9","2021-05-29 09:45:00"
"579639",20,"0","2021-04-20 05:45:00"
"579819",20,"0","2021-04-20 06:00:00"
"579728",20,"51.3","2021-07-09 15:00:00"
"581826",20,"47.4","2021-07-09 15:15:00"
"581880",20,"51.7","2021-07-09 15:30:00"
"579981",20,"271.2","2021-03-17 12:00:00"
"580131",20,"276","2021-03-17 12:15:00"
"580468",20,"284.5","2021-05-29 10:45:00"
"580656",20,"285.9","2021-05-29 11:00:00"
"580761",20,"0","2021-04-20 07:30:00"
"580796",20,"212.7","2021-03-17 13:15:00"
"580797",20,"281.9","2021-05-29 11:15:00"
"580930",20,"211.8","2021-03-17 13:30:00"
"581081",20,"211.9","2021-03-17 13:45:00"
"581231",20,"220","2021-03-17 14:00:00"
"580956",20,"282.8","2021-05-29 11:30:00"
"581116",20,"277.1","2021-05-29 11:45:00"
"581267",20,"277.1","2021-05-29 12:00:00"
"581733",20,"157.8","2021-03-17 14:45:00"
"582945",20,"0","2021-03-17 15:00:00"
"583099",20,"102.5","2021-03-17 15:15:00"
"581754",20,"273.1","2021-05-29 12:45:00"
"582839",20,"272","2021-05-29 13:00:00"
"583028",20,"275.6","2021-05-29 13:15:00"
"582734",20,"155.6","2021-04-20 09:00:00"
"582917",20,"159.1","2021-04-20 09:15:00"
"583090",20,"142.5","2021-04-20 09:30:00"
"581934",20,"63.1","2021-07-09 15:45:00"
"581988",20,"83.4","2021-07-09 16:00:00"
"582582",20,"103.5","2021-07-09 18:45:00"
"582636",20,"97.5","2021-07-09 19:00:00"
"582690",20,"103","2021-07-09 19:15:00"
"582828",20,"120.1","2021-07-09 19:30:00"
"585798",20,"126.9","2021-07-09 19:45:00"
"585852",20,"130.9","2021-07-09 20:00:00"
"583221",20,"268.7","2021-05-29 13:30:00"
"583369",20,"266.3","2021-05-29 13:45:00"
"583244",20,"132.3","2021-04-20 09:45:00"
"583385",20,"141.2","2021-04-20 10:00:00"
"583732",20,"89.7","2021-04-20 10:30:00"
"583901",20,"95.8","2021-04-20 10:45:00"
"584050",20,"91.4","2021-04-20 11:00:00"
"584084",20,"13.1","2021-03-17 16:45:00"
"584244",20,"59.6","2021-03-17 17:00:00"
"584402",20,"83.6","2021-03-17 17:15:00"
"584221",20,"85.7","2021-04-20 11:15:00"
"584395",20,"95.2","2021-04-20 11:30:00"
"584182",20,"275.8","2021-05-29 15:00:00"
"584335",20,"271.1","2021-05-29 15:15:00"
"584486",20,"271.8","2021-05-29 15:30:00"
"585449",20,"128.5","2021-03-17 18:45:00"
"585609",20,"146.2","2021-03-17 19:00:00"
"585719",20,"209.4","2021-03-17 19:15:00"
"585708",20,"70.8","2021-04-20 13:30:00"
"586349",20,"96.2","2021-04-20 13:45:00"
"586558",20,"104.5","2021-04-20 14:00:00"
"586412",20,"0","2021-03-17 19:30:00"
"586615",20,"0","2021-03-17 19:45:00"
"585906",20,"145.5","2021-07-09 20:15:00"
"585960",20,"166.2","2021-07-09 20:30:00"
"587193",20,"162.1","2021-07-09 23:15:00"
"587407",20,"151.9","2021-07-09 23:30:00"
"587604",20,"235.3","2021-07-09 23:45:00"
"587230",20,"138.6","2021-04-20 14:45:00"
"587400",20,"137.3","2021-04-20 15:00:00"
"587643",20,"171.3","2021-04-20 15:15:00"
"587471",20,"0","2021-03-17 20:45:00"
"587684",20,"0","2021-03-17 21:00:00"
"587829",20,"174.5","2021-07-10 00:00:00"
"588082",20,"200.7","2021-07-10 00:15:00"
"589511",20,"262.2","2021-05-29 21:30:00"
"589710",20,"0","2021-05-29 21:45:00"
"589766",20,"192.4","2021-05-29 22:00:00"
"589568",20,"142.3","2021-04-20 18:00:00"
"589712",20,"134.1","2021-04-20 18:15:00"
"589834",20,"137.3","2021-04-20 18:30:00"
"589542",20,"0","2021-03-17 23:45:00"
"589678",20,"0","2021-03-18 00:00:00"
"591740",20,"0","2021-03-18 00:15:00"
"589955",20,"261.5","2021-05-29 22:15:00"
"590077",20,"264.2","2021-05-29 22:30:00"
"591011",20,"0","2021-05-30 00:00:00"
"591191",20,"0","2021-05-30 00:15:00"
"591385",20,"0","2021-05-30 00:30:00"
"591185",20,"246.8","2021-07-10 02:00:00"
"591303",20,"244.1","2021-07-10 02:15:00"
"591420",20,"223.4","2021-07-10 02:30:00"
"591533",20,"235.1","2021-07-10 02:45:00"
"591641",20,"231.6","2021-07-10 03:00:00"
"591490",20,"129.6","2021-04-20 21:15:00"
"591732",20,"116.5","2021-04-20 21:30:00"
"592004",20,"124.3","2021-04-20 21:45:00"
"592175",20,"202.8","2021-07-10 03:45:00"
"592336",20,"177.7","2021-07-10 04:00:00"
"592533",20,"0","2021-07-10 04:15:00"
"592510",20,"0","2021-05-30 01:30:00"
"592763",20,"260.1","2021-05-30 01:45:00"
"592428",20,"0","2021-03-18 01:15:00"
"592626",20,"0","2021-03-18 01:30:00"
"592759",20,"0","2021-07-10 04:30:00"
"592946",20,"0","2021-07-10 04:45:00"
"593796",20,"0","2021-07-10 05:00:00"
"593885",20,"174.8","2021-07-10 05:15:00"
"593997",20,"155.9","2021-07-10 05:30:00"
"594044",20,"102.4","2021-04-20 23:15:00"
"594190",20,"100.4","2021-04-20 23:30:00"
"594186",20,"134.3","2021-07-10 05:45:00"
"594336",20,"149.8","2021-07-10 06:00:00"
"594265",20,"233.5","2021-05-30 03:15:00"
"594408",20,"271.5","2021-05-30 03:30:00"
"554895",20,"113","2021-07-08 09:15:00"
"554746",20,"0","2021-03-16 08:30:00"
"554942",20,"0","2021-03-16 08:45:00"
"554963",20,"268.7","2021-05-28 07:00:00"
"555061",20,"143.5","2021-04-18 22:30:00"
"555113",20,"174.1","2021-07-08 09:30:00"
"555157",20,"73.8","2021-03-16 09:00:00"
"555289",20,"163.5","2021-07-08 09:45:00"
"555537",20,"151.7","2021-07-08 10:00:00"
"555903",20,"134.3","2021-04-18 23:30:00"
"556074",20,"115.8","2021-04-18 23:45:00"
"556535",20,"76.2","2021-03-16 10:30:00"
"556646",20,"91","2021-07-08 11:00:00"
"556673",20,"90.4","2021-03-16 10:45:00"
"556751",20,"67.9","2021-03-16 11:00:00"
"557329",20,"62.2","2021-03-16 11:15:00"
"556778",20,"38.2","2021-07-08 11:15:00"
"557521",20,"355.5","2021-07-08 11:30:00"
"557516",20,"108.8","2021-04-19 03:15:00"
"557678",20,"106","2021-04-19 03:30:00"
"557824",20,"104.3","2021-04-19 03:45:00"
"557489",20,"70.9","2021-03-16 11:30:00"
"557651",20,"65.1","2021-03-16 11:45:00"
"557790",20,"81.1","2021-03-16 12:00:00"
"557685",20,"358.8","2021-07-08 11:45:00"
"557872",20,"13.5","2021-07-08 12:00:00"
"557952",20,"26.9","2021-03-16 12:15:00"
"558098",20,"56.2","2021-03-16 12:30:00"
"558303",20,"49","2021-03-16 12:45:00"
"558456",20,"109","2021-07-08 12:45:00"
"558713",20,"87","2021-07-08 13:00:00"
"558896",20,"138.9","2021-07-08 13:15:00"
"558579",20,"96.8","2021-04-19 04:45:00"
"558776",20,"95.7","2021-04-19 05:00:00"
"558790",20,"51.5","2021-05-28 09:45:00"
"558989",20,"58.3","2021-05-28 10:00:00"
"559153",20,"71.4","2021-05-28 10:15:00"
"558946",20,"75.7","2021-03-16 13:30:00"
"559111",20,"18.9","2021-03-16 13:45:00"
"559253",20,"10.1","2021-03-16 14:00:00"
"559692",20,"48.8","2021-05-28 11:00:00"
"559834",20,"23.1","2021-05-28 11:15:00"
"559997",20,"38.1","2021-05-28 11:30:00"
"559842",20,"133.7","2021-07-08 14:45:00"
"560006",20,"166.9","2021-07-08 15:00:00"
"560175",20,"116.4","2021-07-08 15:15:00"
"559936",20,"54.1","2021-03-16 15:00:00"
"560070",20,"75.4","2021-03-16 15:15:00"
"560172",20,"36.7","2021-05-28 11:45:00"
"560334",20,"33.7","2021-05-28 12:00:00"
"563096",20,"38.5","2021-05-28 13:45:00"
"563193",20,"44.2","2021-05-28 14:00:00"
"560788",20,"94","2021-04-19 05:15:00"
"560842",20,"111.2","2021-04-19 05:30:00"
"560896",20,"107.9","2021-04-19 05:45:00"
"560950",20,"108.6","2021-04-19 06:00:00"
"561004",20,"117.1","2021-04-19 06:15:00"
"561058",20,"115.7","2021-04-19 06:30:00"
"561112",20,"0","2021-04-19 06:45:00"
"561166",20,"0","2021-04-19 07:00:00"
"561750",20,"108","2021-03-16 16:45:00"
"561857",20,"102.1","2021-03-16 17:00:00"
"561961",20,"104.5","2021-03-16 17:15:00"
"562020",20,"136.2","2021-04-19 09:15:00"
"562127",20,"121.1","2021-04-19 09:30:00"
"562080",20,"97.1","2021-03-16 17:30:00"
"562188",20,"98.2","2021-03-16 17:45:00"
"562239",20,"139.1","2021-04-19 09:45:00"
"564814",20,"129.9","2021-04-19 10:00:00"
"564868",20,"118.8","2021-04-19 10:15:00"
"562804",20,"108","2021-07-08 16:00:00"
"562858",20,"0","2021-07-08 16:15:00"
"562912",20,"0","2021-07-08 16:30:00"
"562966",20,"0","2021-07-08 16:45:00"
"563020",20,"100.4","2021-07-08 17:00:00"
"563091",20,"96.4","2021-07-08 17:15:00"
"563210",20,"67","2021-07-08 17:30:00"
"563306",20,"54.2","2021-07-08 17:45:00"
"563313",20,"36.4","2021-05-28 14:15:00"
"563432",20,"4.9","2021-05-28 14:30:00"
"563536",20,"332.7","2021-05-28 14:45:00"
"564461",20,"137.3","2021-07-08 20:30:00"
"566526",20,"131.3","2021-07-08 20:45:00"
"566604",20,"137","2021-07-08 21:00:00"
"564610",20,"345.1","2021-05-28 17:30:00"
"564664",20,"334.3","2021-05-28 17:45:00"
"564718",20,"321","2021-05-28 18:00:00"
"564772",20,"327","2021-05-28 18:15:00"
"567826",20,"331.5","2021-05-28 18:30:00"
"564922",20,"122.8","2021-04-19 10:30:00"
"564976",20,"94.7","2021-04-19 10:45:00"
"566150",20,"44","2021-03-16 22:00:00"
"566204",20,"13.4","2021-03-16 22:15:00"
"566258",20,"24","2021-03-16 22:30:00"
"566312",20,"13.8","2021-03-16 22:45:00"
"566366",20,"335.5","2021-03-16 23:00:00"
"566420",20,"323.8","2021-03-16 23:15:00"
"566516",20,"343","2021-03-16 23:30:00"
"566692",20,"188","2021-07-08 21:15:00"
"566768",20,"174.4","2021-07-08 21:30:00"
"567880",20,"335.7","2021-05-28 18:45:00"
"567934",20,"338.4","2021-05-28 19:00:00"
"567988",20,"350","2021-05-28 19:15:00"
"568042",20,"349.2","2021-05-28 19:30:00"
"568096",20,"349.4","2021-05-28 19:45:00"
"568150",20,"345.7","2021-05-28 20:00:00"
"568204",20,"350.3","2021-05-28 20:15:00"
"568258",20,"358.2","2021-05-28 20:30:00"
"568312",20,"353.7","2021-05-28 20:45:00"
"568366",20,"349.7","2021-05-28 21:00:00"
"569002",20,"141.5","2021-04-19 15:30:00"
"569056",20,"184.9","2021-04-19 15:45:00"
"569110",20,"188.3","2021-04-19 16:00:00"
"569164",20,"184.1","2021-04-19 16:15:00"
"569218",20,"165.2","2021-04-19 16:30:00"
"569272",20,"134.9","2021-04-19 16:45:00"
"569326",20,"170.7","2021-04-19 17:00:00"
"569380",20,"160.4","2021-04-19 17:15:00"
"569434",20,"151.1","2021-04-19 17:30:00"
"569488",20,"0","2021-04-19 17:45:00"
"569542",20,"0","2021-04-19 18:00:00"
"571230",20,"99.5","2021-03-17 03:00:00"
"571284",20,"87.7","2021-03-17 03:15:00"
"571338",20,"0","2021-03-17 03:30:00"
"571392",20,"0","2021-03-17 03:45:00"
"571446",20,"0","2021-03-17 04:00:00"
"571500",20,"0","2021-03-17 04:15:00"
"571554",20,"0","2021-03-17 04:30:00"
"571614",20,"0","2021-03-17 04:45:00"
"571691",20,"0","2021-03-17 05:00:00"
"571777",20,"0","2021-03-17 05:15:00"
"572847",20,"263","2021-05-29 01:45:00"
"572937",20,"225.7","2021-05-29 02:00:00"
"573038",20,"230.4","2021-05-29 02:15:00"
"572877",20,"140","2021-04-19 21:15:00"
"572990",20,"130.8","2021-04-19 21:30:00"
"573099",20,"106.4","2021-04-19 21:45:00"
"573148",20,"235.2","2021-05-29 02:30:00"
"573253",20,"257.9","2021-05-29 02:45:00"
"573215",20,"115.8","2021-04-19 22:00:00"
"573323",20,"113.6","2021-04-19 22:15:00"
"573990",20,"266.1","2021-07-09 06:45:00"
"574044",20,"271.6","2021-07-09 07:00:00"
"574098",20,"267.6","2021-07-09 07:15:00"
"574152",20,"235.4","2021-07-09 07:30:00"
"574206",20,"227.2","2021-07-09 07:45:00"
"574260",20,"199.8","2021-07-09 08:00:00"
"574314",20,"177.4","2021-07-09 08:15:00"
"574368",20,"186.4","2021-07-09 08:30:00"
"574422",20,"162.3","2021-07-09 08:45:00"
"574476",20,"152.2","2021-07-09 09:00:00"
"575742",20,"109.3","2021-04-20 01:15:00"
"575920",20,"111.9","2021-04-20 01:30:00"
"575746",20,"294","2021-05-29 05:00:00"
"575900",20,"292.3","2021-05-29 05:15:00"
"576046",20,"0","2021-03-17 07:30:00"
"576216",20,"0","2021-03-17 07:45:00"
"576350",20,"0","2021-03-17 08:00:00"
"576067",20,"110.6","2021-04-20 01:45:00"
"576234",20,"106.7","2021-04-20 02:00:00"
"576403",20,"103.7","2021-04-20 02:15:00"
"577368",20,"92.8","2021-04-20 03:45:00"
"577544",20,"95.6","2021-04-20 04:00:00"
"577352",20,"292.7","2021-05-29 07:30:00"
"577521",20,"294.6","2021-05-29 07:45:00"
"577684",20,"292.3","2021-05-29 08:00:00"
"577648",20,"37.8","2021-03-17 10:00:00"
"578564",20,"40.7","2021-03-17 10:15:00"
"578753",20,"29.2","2021-03-17 10:30:00"
"577707",20,"95.9","2021-04-20 04:15:00"
"578551",20,"91.4","2021-04-20 04:30:00"
"578754",20,"0","2021-04-20 04:45:00"
"578967",20,"0","2021-04-20 05:00:00"
"579247",20,"0","2021-04-20 05:15:00"
"579445",20,"0","2021-04-20 05:30:00"
"578960",20,"290.9","2021-05-29 08:45:00"
"579159",20,"290.5","2021-05-29 09:00:00"
"579357",20,"286.3","2021-05-29 09:15:00"
"579264",20,"57.8","2021-07-09 14:30:00"
"579516",20,"80.1","2021-07-09 14:45:00"
"579384",20,"0","2021-03-17 11:15:00"
"579641",20,"299.1","2021-03-17 11:30:00"
"579818",20,"276.7","2021-03-17 11:45:00"
"580959",20,"0","2021-04-20 07:45:00"
"581131",20,"215.8","2021-04-20 08:00:00"
"581301",20,"171.6","2021-04-20 08:15:00"
"581391",20,"217.4","2021-03-17 14:15:00"
"581581",20,"181.4","2021-03-17 14:30:00"
"581442",20,"275.7","2021-05-29 12:15:00"
"581603",20,"277.2","2021-05-29 12:30:00"
"581454",20,"165","2021-04-20 08:30:00"
"581605",20,"165.2","2021-04-20 08:45:00"
"582042",20,"70.8","2021-07-09 16:15:00"
"582096",20,"78.2","2021-07-09 16:30:00"
"582150",20,"80.2","2021-07-09 16:45:00"
"582204",20,"103.1","2021-07-09 17:00:00"
"582258",20,"99.1","2021-07-09 17:15:00"
"582312",20,"101","2021-07-09 17:30:00"
"582366",20,"101.6","2021-07-09 17:45:00"
"582420",20,"101.4","2021-07-09 18:00:00"
"582474",20,"106","2021-07-09 18:15:00"
"582528",20,"101.7","2021-07-09 18:30:00"
"583267",20,"104.6","2021-03-17 15:30:00"
"583466",20,"51.7","2021-03-17 15:45:00"
"583523",20,"272.3","2021-05-29 14:00:00"
"583560",20,"114.8","2021-04-20 10:15:00"
"583620",20,"40","2021-03-17 16:00:00"
"583764",20,"35.5","2021-03-17 16:15:00"
"583916",20,"23.8","2021-03-17 16:30:00"
"583683",20,"275.2","2021-05-29 14:15:00"
"583855",20,"281.1","2021-05-29 14:30:00"
"584037",20,"275.7","2021-05-29 14:45:00"
"584608",20,"168.7","2021-03-17 17:30:00"
"584805",20,"170.5","2021-03-17 17:45:00"
"584613",20,"269.1","2021-05-29 15:45:00"
"584743",20,"235.6","2021-05-29 16:00:00"
"584548",20,"95.3","2021-04-20 11:45:00"
"584727",20,"109.9","2021-04-20 12:00:00"
"584856",20,"229.2","2021-05-29 16:15:00"
"585017",20,"246.8","2021-05-29 16:30:00"
"585158",20,"274.1","2021-05-29 16:45:00"
"584932",20,"84.4","2021-04-20 12:15:00"
"585076",20,"76.9","2021-04-20 12:30:00"
"585262",20,"94.8","2021-04-20 12:45:00"
"584966",20,"196.2","2021-03-17 18:00:00"
"585147",20,"0","2021-03-17 18:15:00"
"585298",20,"0","2021-03-17 18:30:00"
"585328",20,"337.3","2021-05-29 17:00:00"
"585504",20,"266.3","2021-05-29 17:15:00"
"586481",20,"250.9","2021-05-29 17:30:00"
"585415",20,"105.8","2021-04-20 13:00:00"
"585575",20,"99.8","2021-04-20 13:15:00"
"586014",20,"137.5","2021-07-09 20:45:00"
"586068",20,"140.6","2021-07-09 21:00:00"
"586122",20,"132.6","2021-07-09 21:15:00"
"586176",20,"130.6","2021-07-09 21:30:00"
"586230",20,"132.3","2021-07-09 21:45:00"
"586284",20,"134.7","2021-07-09 22:00:00"
"586383",20,"128","2021-07-09 22:15:00"
"586553",20,"130","2021-07-09 22:30:00"
"586706",20,"278.7","2021-05-29 17:45:00"
"586930",20,"221.6","2021-05-29 18:00:00"
"587828",20,"223.6","2021-05-29 19:00:00"
"588036",20,"223.6","2021-05-29 19:15:00"
"588258",20,"218.9","2021-05-29 19:30:00"
"587849",20,"217.4","2021-04-20 15:30:00"
"588049",20,"214.7","2021-04-20 15:45:00"
"588208",20,"159.1","2021-04-20 16:00:00"
"587890",20,"0","2021-03-17 21:15:00"
"588094",20,"0","2021-03-17 21:30:00"
"588239",20,"0","2021-03-17 21:45:00"
"588348",20,"139.3","2021-04-20 16:15:00"
"588535",20,"161.3","2021-04-20 16:30:00"
"588737",20,"64.6","2021-03-17 22:30:00"
"588903",20,"64.7","2021-03-17 22:45:00"
"589059",20,"0","2021-03-17 23:00:00"
"589220",20,"260","2021-05-29 21:00:00"
"589356",20,"269.2","2021-05-29 21:15:00"
"589189",20,"165.8","2021-04-20 17:30:00"
"589366",20,"153.5","2021-04-20 17:45:00"
"589225",20,"0","2021-03-17 23:15:00"
"589397",20,"0","2021-03-17 23:30:00"
"590577",20,"146.9","2021-04-20 20:00:00"
"590763",20,"150.9","2021-04-20 20:15:00"
"590692",20,"273.5","2021-05-29 23:30:00"
"590843",20,"0","2021-05-29 23:45:00"
"590730",20,"181","2021-07-10 01:15:00"
"590878",20,"232.5","2021-07-10 01:30:00"
"591025",20,"254.2","2021-07-10 01:45:00"
"590960",20,"141.4","2021-04-20 20:30:00"
"591097",20,"120.3","2021-04-20 20:45:00"
"591284",20,"127.8","2021-04-20 21:00:00"
"592700",20,"128.4","2021-04-20 22:30:00"
"592937",20,"128","2021-04-20 22:45:00"
"593866",20,"110.2","2021-04-20 23:00:00"
"592838",20,"267.6","2021-03-18 01:45:00"
"593051",20,"0","2021-03-18 02:00:00"
"593173",20,"0","2021-03-18 02:15:00"
"592986",20,"279.4","2021-05-30 02:00:00"
"593136",20,"284.5","2021-05-30 02:15:00"
"593238",20,"0","2021-05-30 02:30:00"
"593285",20,"0","2021-03-18 02:30:00"
"593360",20,"0","2021-03-18 02:45:00"
"594359",20,"101","2021-04-20 23:45:00"
"594511",20,"119.2","2021-04-21 00:00:00"
"594663",20,"118","2021-04-21 00:15:00"
"594520",20,"151.1","2021-07-10 06:15:00"
"594676",20,"154.8","2021-07-10 06:30:00"
"594837",20,"168.5","2021-07-10 06:45:00"
"594746",20,"230.9","2021-05-30 04:00:00"
"594905",20,"198.1","2021-05-30 04:15:00"
"594836",20,"108.7","2021-04-21 00:30:00"
"594959",20,"111.6","2021-04-21 00:45:00"
"594580",20,"241.2","2021-05-30 03:45:00"
"595617",20,"218","2021-05-30 05:15:00"
"595804",20,"226.3","2021-05-30 05:30:00"
"595647",20,"95","2021-04-21 01:45:00"
"595852",20,"87.3","2021-04-21 02:00:00"
"595786",20,"213","2021-03-18 05:00:00"
"595997",20,"208.5","2021-03-18 05:15:00"
"595940",20,"228.1","2021-07-10 08:15:00"
"596129",20,"256.8","2021-07-10 08:30:00"
"596332",20,"268.7","2021-07-10 08:45:00"
"601520",20,"73.7","2021-03-18 12:45:00"
"601574",20,"68.3","2021-03-18 13:00:00"
"601628",20,"56.1","2021-03-18 13:15:00"
"601682",20,"49.1","2021-03-18 13:30:00"
"601736",20,"80.1","2021-03-18 13:45:00"
"603313",20,"79.9","2021-03-18 14:00:00"
"603536",20,"52.6","2021-03-18 14:15:00"
"601951",20,"185.5","2021-05-30 12:15:00"
"556870",20,"114.3","2021-04-19 01:00:00"
"556924",20,"124","2021-04-19 01:15:00"
"556978",20,"119.7","2021-04-19 01:30:00"
"557032",20,"113.6","2021-04-19 01:45:00"
"557086",20,"96.3","2021-04-19 02:00:00"
"557140",20,"97.1","2021-04-19 02:15:00"
"557194",20,"111.5","2021-04-19 02:30:00"
"557250",20,"113.2","2021-04-19 02:45:00"
"557364",20,"112.6","2021-04-19 03:00:00"
"557967",20,"97.4","2021-04-19 04:00:00"
"558187",20,"96.5","2021-04-19 04:15:00"
"558386",20,"91.6","2021-04-19 04:30:00"
"558057",20,"87.5","2021-07-08 12:15:00"
"558249",20,"107.8","2021-07-08 12:30:00"
"558313",20,"200.4","2021-05-28 09:15:00"
"558576",20,"36.7","2021-05-28 09:30:00"
"558508",20,"29.5","2021-03-16 13:00:00"
"558706",20,"25.8","2021-03-16 13:15:00"
"559083",20,"185.4","2021-07-08 13:30:00"
"559228",20,"170.7","2021-07-08 13:45:00"
"559357",20,"30.7","2021-05-28 10:30:00"
"559529",20,"49","2021-05-28 10:45:00"
"559420",20,"40.3","2021-03-16 14:15:00"
"559581",20,"52.4","2021-03-16 14:30:00"
"559760",20,"68.8","2021-03-16 14:45:00"
"559379",20,"124.9","2021-07-08 14:00:00"
"559531",20,"156.1","2021-07-08 14:15:00"
"559675",20,"127.2","2021-07-08 14:30:00"
"560233",20,"77","2021-03-16 15:30:00"
"561314",20,"67.2","2021-03-16 15:45:00"
"561440",20,"108.4","2021-03-16 16:00:00"
"560341",20,"142.1","2021-07-08 15:30:00"
"560442",20,"173.9","2021-07-08 15:45:00"
"560449",20,"25","2021-05-28 12:15:00"
"560530",20,"19.7","2021-05-28 12:30:00"
"560584",20,"23.7","2021-05-28 12:45:00"
"560638",20,"14.7","2021-05-28 13:00:00"
"560692",20,"9.2","2021-05-28 13:15:00"
"560746",20,"34.5","2021-05-28 13:30:00"
"561220",20,"0","2021-04-19 07:15:00"
"561278",20,"0","2021-04-19 07:30:00"
"561367",20,"155.7","2021-04-19 07:45:00"
"561465",20,"151.1","2021-04-19 08:00:00"
"561588",20,"149.2","2021-04-19 08:15:00"
"561540",20,"108.5","2021-03-16 16:15:00"
"561648",20,"114.5","2021-03-16 16:30:00"
"561710",20,"155.4","2021-04-19 08:30:00"
"561809",20,"159.1","2021-04-19 08:45:00"
"561907",20,"162.6","2021-04-19 09:00:00"
"562286",20,"95.5","2021-03-16 18:00:00"
"562340",20,"90.9","2021-03-16 18:15:00"
"562394",20,"81.3","2021-03-16 18:30:00"
"562448",20,"79.3","2021-03-16 18:45:00"
"562502",20,"80.4","2021-03-16 19:00:00"
"562556",20,"95.9","2021-03-16 19:15:00"
"562610",20,"124.9","2021-03-16 19:30:00"
"562664",20,"137","2021-03-16 19:45:00"
"562718",20,"110.8","2021-03-16 20:00:00"
"562772",20,"102.8","2021-03-16 20:15:00"
"565531",20,"99.6","2021-03-16 20:30:00"
"563396",20,"55","2021-07-08 18:00:00"
"563515",20,"65.9","2021-07-08 18:15:00"
"563653",20,"334.6","2021-05-28 15:00:00"
"563750",20,"332.8","2021-05-28 15:15:00"
"563617",20,"0","2021-07-08 18:30:00"
"563733",20,"0","2021-07-08 18:45:00"
"563833",20,"132.9","2021-07-08 19:00:00"
"563868",20,"338","2021-05-28 15:30:00"
"563984",20,"337","2021-05-28 15:45:00"
"564094",20,"331.6","2021-05-28 16:00:00"
"565030",20,"93.4","2021-04-19 11:00:00"
"565084",20,"94.5","2021-04-19 11:15:00"
"565138",20,"90.4","2021-04-19 11:30:00"
"565192",20,"84.3","2021-04-19 11:45:00"
"565246",20,"92.8","2021-04-19 12:00:00"
"565300",20,"83.7","2021-04-19 12:15:00"
"565354",20,"70.4","2021-04-19 12:30:00"
"565414",20,"109.1","2021-04-19 12:45:00"
"565495",20,"149.9","2021-04-19 13:00:00"
"565572",20,"90","2021-04-19 13:15:00"
"565650",20,"133.4","2021-04-19 13:30:00"
"566670",20,"342.6","2021-03-16 23:45:00"
"566840",20,"0","2021-03-17 00:00:00"
"567021",20,"0","2021-03-17 00:15:00"
"566851",20,"158.4","2021-07-08 21:45:00"
"566926",20,"150","2021-07-08 22:00:00"
"567002",20,"137.2","2021-07-08 22:15:00"
"567084",20,"120.6","2021-07-08 22:30:00"
"567160",20,"147.2","2021-07-08 22:45:00"
"567201",20,"0","2021-03-17 00:30:00"
"567392",20,"0","2021-03-17 00:45:00"
"568420",20,"345.7","2021-05-28 21:15:00"
"568474",20,"340.9","2021-05-28 21:30:00"
"568528",20,"333.3","2021-05-28 21:45:00"
"568582",20,"320.8","2021-05-28 22:00:00"
"568660",20,"348.4","2021-05-28 22:15:00"
"568768",20,"354.7","2021-05-28 22:30:00"
"568883",20,"355.5","2021-05-28 22:45:00"
"571645",20,"350.5","2021-05-28 23:00:00"
"568832",20,"117.9","2021-04-19 15:00:00"
"568937",20,"108.7","2021-04-19 15:15:00"
"570180",20,"267","2021-07-09 03:00:00"
"570234",20,"259.7","2021-07-09 03:15:00"
"570288",20,"269.1","2021-07-09 03:30:00"
"570342",20,"269.7","2021-07-09 03:45:00"
"570396",20,"264.9","2021-07-09 04:00:00"
"570450",20,"265.5","2021-07-09 04:15:00"
"570504",20,"261.3","2021-07-09 04:30:00"
"570558",20,"234.8","2021-07-09 04:45:00"
"570612",20,"230","2021-07-09 05:00:00"
"570666",20,"232.5","2021-07-09 05:15:00"
"571837",20,"347.6","2021-05-28 23:15:00"
"571981",20,"347.6","2021-05-28 23:30:00"
"572006",20,"125.5","2021-04-19 19:30:00"
"572102",20,"128","2021-04-19 19:45:00"
"571939",20,"0","2021-03-17 05:30:00"
"574924",20,"0","2021-03-17 05:45:00"
"575082",20,"0","2021-03-17 06:00:00"
"572086",20,"341.1","2021-05-28 23:45:00"
"572188",20,"335.1","2021-05-29 00:00:00"
"572266",20,"326.3","2021-05-29 00:15:00"
"573367",20,"281.2","2021-05-29 03:00:00"
"573468",20,"277.9","2021-05-29 03:15:00"
"573587",20,"287.2","2021-05-29 03:30:00"
"573430",20,"105.5","2021-04-19 22:30:00"
"573534",20,"99.2","2021-04-19 22:45:00"
"573622",20,"104.9","2021-04-19 23:00:00"
"573676",20,"109","2021-04-19 23:15:00"
"573730",20,"104","2021-04-19 23:30:00"
"574805",20,"101.9","2021-04-19 23:45:00"
"573828",20,"264.8","2021-07-09 06:00:00"
"573882",20,"271.4","2021-07-09 06:15:00"
"573936",20,"264.9","2021-07-09 06:30:00"
"575245",20,"0","2021-03-17 06:15:00"
"575391",20,"63.5","2021-03-17 06:30:00"
"575198",20,"285.3","2021-05-29 04:15:00"
"575400",20,"288.4","2021-05-29 04:30:00"
"575593",20,"290.3","2021-05-29 04:45:00"
"575282",20,"104.4","2021-04-20 00:30:00"
"575442",20,"103.6","2021-04-20 00:45:00"
"575580",20,"105.6","2021-04-20 01:00:00"
"575548",20,"56","2021-03-17 06:45:00"
"575715",20,"0","2021-03-17 07:00:00"
"575875",20,"0","2021-03-17 07:15:00"
"576860",20,"90.5","2021-03-17 08:45:00"
"577020",20,"92.2","2021-03-17 09:00:00"
"577177",20,"63.3","2021-03-17 09:15:00"
"577004",20,"291.1","2021-05-29 07:00:00"
"577185",20,"289.1","2021-05-29 07:15:00"
"576906",20,"102.7","2021-04-20 03:00:00"
"577066",20,"113.2","2021-04-20 03:15:00"
"577213",20,"103.9","2021-04-20 03:30:00"
"577348",20,"65.9","2021-03-17 09:30:00"
"577487",20,"50.3","2021-03-17 09:45:00"
"578232",20,"88.9","2021-07-09 12:30:00"
"578286",20,"68.3","2021-07-09 12:45:00"
"578340",20,"72","2021-07-09 13:00:00"
"578394",20,"98.3","2021-07-09 13:15:00"
"578448",20,"94.1","2021-07-09 13:30:00"
"578648",20,"62.9","2021-07-09 13:45:00"
"578855",20,"77.5","2021-07-09 14:00:00"
"579047",20,"84.8","2021-07-09 14:15:00"
"578991",20,"289","2021-03-17 10:45:00"
"579163",20,"267.1","2021-03-17 11:00:00"
"579977",20,"0","2021-04-20 06:15:00"
"580159",20,"0","2021-04-20 06:30:00"
"580312",20,"0","2021-04-20 06:45:00"
"579965",20,"284.8","2021-05-29 10:00:00"
"580121",20,"280.9","2021-05-29 10:15:00"
"580293",20,"280.5","2021-05-29 10:30:00"
"580290",20,"259.7","2021-03-17 12:30:00"
"580445",20,"250.9","2021-03-17 12:45:00"
"580597",20,"225.7","2021-03-17 13:00:00"
"580467",20,"0","2021-04-20 07:00:00"
"580619",20,"0","2021-04-20 07:15:00"
"586754",20,"145.3","2021-07-09 22:45:00"
"586961",20,"179.6","2021-07-09 23:00:00"
"586802",20,"156.1","2021-04-20 14:15:00"
"587014",20,"96.4","2021-04-20 14:30:00"
"586824",20,"0","2021-03-17 20:00:00"
"587043",20,"0","2021-03-17 20:15:00"
"587232",20,"0","2021-03-17 20:30:00"
"587168",20,"195.9","2021-05-29 18:15:00"
"587394",20,"211.7","2021-05-29 18:30:00"
"587606",20,"207.9","2021-05-29 18:45:00"
"588423",20,"251.3","2021-05-29 19:45:00"
"588578",20,"264.2","2021-05-29 20:00:00"
"588418",20,"0","2021-03-17 22:00:00"
"588573",20,"57.9","2021-03-17 22:15:00"
"588704",20,"162.2","2021-04-20 16:45:00"
"588864",20,"152.4","2021-04-20 17:00:00"
"589042",20,"165","2021-04-20 17:15:00"
"588736",20,"254.2","2021-05-29 20:15:00"
"588895",20,"265.9","2021-05-29 20:30:00"
"589046",20,"272.8","2021-05-29 20:45:00"
"589893",20,"140.8","2021-04-20 18:45:00"
"589996",20,"138.7","2021-04-20 19:00:00"
"590108",20,"139.2","2021-04-20 19:15:00"
"590249",20,"140.8","2021-04-20 19:30:00"
"590398",20,"146.2","2021-04-20 19:45:00"
"590230",20,"263.7","2021-05-29 22:45:00"
"590369",20,"250.6","2021-05-29 23:00:00"
"590521",20,"269.5","2021-05-29 23:15:00"
"590252",20,"0","2021-07-10 00:30:00"
"590443",20,"178.4","2021-07-10 00:45:00"
"590590",20,"182.9","2021-07-10 01:00:00"
"591589",20,"34.8","2021-05-30 00:45:00"
"591818",20,"0","2021-05-30 01:00:00"
"592155",20,"0","2021-05-30 01:15:00"
"591857",20,"243","2021-07-10 03:15:00"
"592017",20,"247.1","2021-07-10 03:30:00"
"591945",20,"0","2021-03-18 00:30:00"
"592102",20,"0","2021-03-18 00:45:00"
"592254",20,"0","2021-03-18 01:00:00"
"592300",20,"118.8","2021-04-20 22:00:00"
"592512",20,"147.7","2021-04-20 22:15:00"
"593944",20,"0","2021-05-30 02:45:00"
"594098",20,"240.2","2021-05-30 03:00:00"
"593414",20,"0","2021-03-18 03:00:00"
"593468",20,"0","2021-03-18 03:15:00"
"593522",20,"0","2021-03-18 03:30:00"
"593576",20,"0","2021-03-18 03:45:00"
"593630",20,"281.5","2021-03-18 04:00:00"
"593684",20,"286.4","2021-03-18 04:15:00"
"593738",20,"0","2021-03-18 04:30:00"
"595544",20,"0","2021-03-18 04:45:00"
"595027",20,"160.8","2021-07-10 07:00:00"
"595178",20,"173.1","2021-07-10 07:15:00"
"595320",20,"200.3","2021-07-10 07:30:00"
"595089",20,"183.9","2021-05-30 04:30:00"
"595242",20,"203.5","2021-05-30 04:45:00"
"595428",20,"235.2","2021-05-30 05:00:00"
"595120",20,"115.5","2021-04-21 01:00:00"
"595300",20,"111.2","2021-04-21 01:15:00"
"595444",20,"102.3","2021-04-21 01:30:00"
"595489",20,"247","2021-07-10 07:45:00"
"595688",20,"219.1","2021-07-10 08:00:00"
"596643",20,"160.6","2021-05-30 06:30:00"
"596822",20,"174.5","2021-05-30 06:45:00"
"597021",20,"166.1","2021-05-30 07:00:00"
"596764",20,"95.6","2021-04-21 03:00:00"
"596972",20,"103.6","2021-04-21 03:15:00"
"597154",20,"111.5","2021-04-21 03:30:00"
"596875",20,"0","2021-03-18 06:15:00"
"597076",20,"0","2021-03-18 06:30:00"
"597218",20,"0","2021-03-18 06:45:00"
"597041",20,"214.3","2021-07-10 09:30:00"
"597865",20,"165.5","2021-07-10 09:45:00"
"598026",20,"167.9","2021-07-10 10:00:00"
"597656",20,"159.3","2021-03-18 08:45:00"
"597710",20,"151","2021-03-18 09:00:00"
"597764",20,"116.1","2021-03-18 09:15:00"
"599462",20,"119.7","2021-03-18 09:30:00"
"599667",20,"123.6","2021-03-18 09:45:00"
"597961",20,"127.7","2021-04-21 03:45:00"
"598108",20,"117.3","2021-04-21 04:00:00"
"598074",20,"186.7","2021-05-30 07:45:00"
"598239",20,"216.2","2021-05-30 08:00:00"
"598407",20,"213.7","2021-05-30 08:15:00"
"598755",20,"0","2021-04-21 05:00:00"
"598932",20,"0","2021-04-21 05:15:00"
"598884",20,"151.3","2021-05-30 09:00:00"
"599048",20,"216.8","2021-05-30 09:15:00"
"599215",20,"184","2021-05-30 09:30:00"
"598996",20,"74.2","2021-07-10 11:30:00"
"599151",20,"73.8","2021-07-10 11:45:00"
"599096",20,"0","2021-04-21 05:30:00"
"599237",20,"0","2021-04-21 05:45:00"
"599389",20,"0","2021-04-21 06:00:00"
"599903",20,"123.9","2021-03-18 10:00:00"
"600108",20,"118.6","2021-03-18 10:15:00"
"600353",20,"88.1","2021-03-18 10:30:00"
"599995",20,"39.1","2021-07-10 12:45:00"
"600202",20,"41.5","2021-07-10 13:00:00"
"600435",20,"79.5","2021-07-10 13:15:00"
"600033",20,"0","2021-04-21 06:45:00"
"600255",20,"0","2021-04-21 07:00:00"
"600454",20,"0","2021-04-21 07:15:00"
"600469",20,"101.8","2021-05-30 11:00:00"
"600697",20,"80.3","2021-05-30 11:15:00"
"601130",20,"0","2021-04-21 08:00:00"
"601875",20,"0","2021-04-21 08:15:00"
"601250",20,"92.3","2021-03-18 11:30:00"
"601304",20,"65.4","2021-03-18 11:45:00"
"601077",20,"60.4","2021-07-10 14:00:00"
"601811",20,"133.8","2021-07-10 14:15:00"
"602001",20,"107.7","2021-07-10 14:30:00"
"601358",20,"58.1","2021-03-18 12:00:00"
"601412",20,"62.1","2021-03-18 12:15:00"
"601466",20,"62.6","2021-03-18 12:30:00"
"602494",20,"169.8","2021-07-10 15:15:00"
"602645",20,"188.6","2021-07-10 15:30:00"
"602784",20,"169.7","2021-07-10 15:45:00"
"602113",20,"0","2021-05-30 12:30:00"
"602278",20,"0","2021-05-30 12:45:00"
"603213",20,"160.8","2021-07-10 16:30:00"
"603258",20,"121.1","2021-04-21 10:30:00"
"603401",20,"0","2021-05-30 14:15:00"
"603603",20,"325.4","2021-05-30 14:30:00"
"603786",20,"0.4","2021-05-30 14:45:00"
"603466",20,"86.9","2021-04-21 10:45:00"
"603665",20,"92","2021-04-21 11:00:00"
"603923",20,"97.7","2021-04-21 11:15:00"
"603428",20,"165","2021-07-10 16:45:00"
"603645",20,"139.4","2021-07-10 17:00:00"
"603832",20,"128.2","2021-07-10 17:15:00"
"609194",20,"123.5","2021-03-18 20:30:00"
"609248",20,"89.8","2021-03-18 20:45:00"
"609302",20,"79.8","2021-03-18 21:00:00"
"609356",20,"54.3","2021-03-18 21:15:00"
"609410",20,"0","2021-03-18 21:30:00"
"609464",20,"74.8","2021-03-18 21:45:00"
"609518",20,"60.5","2021-03-18 22:00:00"
"609572",20,"77.3","2021-03-18 22:15:00"
"609626",20,"0","2021-03-18 22:30:00"
"609680",20,"0","2021-03-18 22:45:00"
"610846",20,"239.5","2021-07-10 23:45:00"
"610900",20,"265.9","2021-07-11 00:00:00"
"610954",20,"246.8","2021-07-11 00:15:00"
"611008",20,"259.1","2021-07-11 00:30:00"
"611062",20,"255.6","2021-07-11 00:45:00"
"611116",20,"272.8","2021-07-11 01:00:00"
"611170",20,"264.5","2021-07-11 01:15:00"
"611224",20,"259.3","2021-07-11 01:30:00"
"611278",20,"263.1","2021-07-11 01:45:00"
"611332",20,"258.5","2021-07-11 02:00:00"
"612598",20,"0","2021-05-31 01:00:00"
"612680",20,"0","2021-05-31 01:15:00"
"612792",20,"0","2021-05-31 01:30:00"
"612845",20,"71.7","2021-03-18 23:45:00"
"612950",20,"81.7","2021-03-19 00:00:00"
"612905",20,"206.1","2021-05-31 01:45:00"
"615744",20,"0","2021-05-31 02:00:00"
"613004",20,"75.4","2021-03-19 00:15:00"
"613058",20,"61.8","2021-03-19 00:30:00"
"613112",20,"72.4","2021-03-19 00:45:00"
"613706",20,"91.9","2021-03-19 03:30:00"
"613760",20,"71.7","2021-03-19 03:45:00"
"613882",20,"135.1","2021-04-21 22:30:00"
"613936",20,"112","2021-04-21 22:45:00"
"613990",20,"116.1","2021-04-21 23:00:00"
"614044",20,"123.6","2021-04-21 23:15:00"
"614098",20,"130.9","2021-04-21 23:30:00"
"614152",20,"122.7","2021-04-21 23:45:00"
"614206",20,"116.6","2021-04-22 00:00:00"
"614260",20,"119.4","2021-04-22 00:15:00"
"615358",20,"268.5","2021-07-11 06:45:00"
"615412",20,"232","2021-07-11 07:00:00"
"615466",20,"243","2021-07-11 07:15:00"
"615538",20,"257.9","2021-07-11 07:30:00"
"615646",20,"270","2021-07-11 07:45:00"
"615581",20,"84.7","2021-03-19 04:00:00"
"615688",20,"94.3","2021-03-19 04:15:00"
"615819",20,"116.5","2021-03-19 04:30:00"
"615838",20,"260.1","2021-07-11 08:00:00"
"615997",20,"255.8","2021-07-11 08:15:00"
"616160",20,"268.8","2021-07-11 08:30:00"
"617178",20,"0","2021-05-31 04:45:00"
"617299",20,"0","2021-05-31 05:00:00"
"617208",20,"91","2021-03-19 07:30:00"
"617312",20,"94.9","2021-03-19 07:45:00"
"617406",20,"0","2021-05-31 05:15:00"
"617513",20,"0","2021-05-31 05:30:00"
"617615",20,"192.7","2021-05-31 05:45:00"
"617421",20,"86.4","2021-03-19 08:00:00"
"617531",20,"86.5","2021-03-19 08:15:00"
"619047",20,"92.3","2021-03-19 08:30:00"
"618124",20,"112.1","2021-04-22 04:15:00"
"618178",20,"0","2021-04-22 04:30:00"
"618232",20,"0","2021-04-22 04:45:00"
"618286",20,"156.1","2021-04-22 05:00:00"
"618340",20,"187.9","2021-04-22 05:15:00"
"618394",20,"162","2021-04-22 05:30:00"
"618448",20,"0","2021-04-22 05:45:00"
"618502",20,"158.6","2021-04-22 06:00:00"
"618556",20,"156.7","2021-04-22 06:15:00"
"618610",20,"146","2021-04-22 06:30:00"
"619690",20,"119.9","2021-07-11 12:00:00"
"619775",20,"144.3","2021-07-11 12:15:00"
"619852",20,"154.7","2021-07-11 12:30:00"
"619933",20,"121.5","2021-07-11 12:45:00"
"620012",20,"231.9","2021-07-11 13:00:00"
"620077",20,"84.1","2021-03-19 10:00:00"
"620164",20,"82.9","2021-03-19 10:15:00"
"620111",20,"295.2","2021-07-11 13:15:00"
"622970",20,"150.4","2021-07-11 13:30:00"
"623038",20,"203.5","2021-07-11 13:45:00"
"621393",20,"152","2021-04-22 08:45:00"
"621555",20,"144.6","2021-04-22 09:00:00"
"621362",20,"0","2021-05-31 07:45:00"
"621440",20,"0","2021-05-31 08:00:00"
"621518",20,"123","2021-05-31 08:15:00"
"621602",20,"91.4","2021-05-31 08:30:00"
"621679",20,"0","2021-05-31 08:45:00"
"621741",20,"120.6","2021-04-22 09:15:00"
"621914",20,"120.1","2021-04-22 09:30:00"
"622096",20,"103.8","2021-04-22 09:45:00"
"622924",20,"81.1","2021-03-19 13:45:00"
"623120",20,"78.9","2021-03-19 14:00:00"
"623279",20,"90.2","2021-03-19 14:15:00"
"623116",20,"154","2021-07-11 14:00:00"
"623200",20,"148.7","2021-07-11 14:15:00"
"623280",20,"135.7","2021-07-11 14:30:00"
"623351",20,"272.4","2021-07-11 14:45:00"
"623423",20,"132.8","2021-07-11 15:00:00"
"623470",20,"72.7","2021-03-19 14:30:00"
"623637",20,"79","2021-03-19 14:45:00"
"624758",20,"81.1","2021-03-19 15:45:00"
"625007",20,"97.6","2021-03-19 16:00:00"
"624900",20,"106.5","2021-07-11 17:45:00"
"626806",20,"73.6","2021-07-11 18:00:00"
"626969",20,"73.8","2021-07-11 18:15:00"
"625033",20,"99.6","2021-04-22 13:45:00"
"625161",20,"114.4","2021-04-22 14:00:00"
"625283",20,"97.5","2021-04-22 14:15:00"
"625087",20,"266.5","2021-05-31 12:15:00"
"625273",20,"290","2021-05-31 12:30:00"
"625448",20,"286.4","2021-05-31 12:45:00"
"625850",20,"88.2","2021-03-19 17:00:00"
"626028",20,"89.7","2021-03-19 17:15:00"
"626242",20,"81.9","2021-03-19 17:30:00"
"625978",20,"101","2021-04-22 15:45:00"
"626094",20,"91.9","2021-04-22 16:00:00"
"626078",20,"282.5","2021-05-31 13:30:00"
"626270",20,"279.3","2021-05-31 13:45:00"
"626403",20,"285.4","2021-05-31 14:00:00"
"626215",20,"100","2021-04-22 16:15:00"
"626329",20,"89.4","2021-04-22 16:30:00"
"626842",20,"98","2021-04-22 16:45:00"
"627486",20,"29.7","2021-07-11 19:00:00"
"627681",20,"34.2","2021-07-11 19:15:00"
"627790",20,"272.9","2021-07-11 19:30:00"
"627553",20,"81.7","2021-04-22 19:00:00"
"627624",20,"84.3","2021-04-22 19:15:00"
"627705",20,"87.6","2021-04-22 19:30:00"
"627819",20,"89.6","2021-04-22 19:45:00"
"627935",20,"90.2","2021-04-22 20:00:00"
"627893",20,"282.9","2021-07-11 19:45:00"
"627980",20,"253","2021-07-11 20:00:00"
"629000",20,"298.9","2021-05-31 16:45:00"
"629054",20,"280.7","2021-05-31 17:00:00"
"629108",20,"275.4","2021-05-31 17:15:00"
"629162",20,"178.8","2021-05-31 17:30:00"
"629216",20,"178.8","2021-05-31 17:45:00"
"629270",20,"177.1","2021-05-31 18:00:00"
"629324",20,"0","2021-05-31 18:15:00"
"629378",20,"171.4","2021-05-31 18:30:00"
"629432",20,"175.9","2021-05-31 18:45:00"
"629495",20,"0","2021-05-31 19:00:00"
"630702",20,"94.6","2021-03-19 22:00:00"
"630756",20,"95.6","2021-03-19 22:15:00"
"633502",20,"103.3","2021-03-19 22:30:00"
"630904",20,"88.2","2021-04-22 21:45:00"
"630958",20,"84.4","2021-04-22 22:00:00"
"631012",20,"91.9","2021-04-22 22:15:00"
"631066",20,"86.7","2021-04-22 22:30:00"
"631148",20,"93.6","2021-04-22 22:45:00"
"631244",20,"105.5","2021-04-22 23:00:00"
"631358",20,"90.7","2021-04-22 23:15:00"
"633577",20,"0","2021-05-31 23:45:00"
"633684",20,"219.2","2021-06-01 00:00:00"
"633793",20,"279.1","2021-06-01 00:15:00"
"633616",20,"103.9","2021-03-19 22:45:00"
"633723",20,"102.7","2021-03-19 23:00:00"
"633839",20,"97.8","2021-03-19 23:15:00"
"633928",20,"280.7","2021-06-01 00:30:00"
"634154",20,"0","2021-06-01 00:45:00"
"634043",20,"99.2","2021-03-19 23:30:00"
"634218",20,"101.4","2021-03-19 23:45:00"
"634666",20,"0","2021-04-23 02:45:00"
"634815",20,"0","2021-04-23 03:00:00"
"635007",20,"0","2021-04-23 03:15:00"
"634750",20,"160.2","2021-07-12 04:30:00"
"634897",20,"179.2","2021-07-12 04:45:00"
"634914",20,"97.3","2021-03-20 00:45:00"
"635070",20,"89.7","2021-03-20 01:00:00"
"635053",20,"240.5","2021-07-12 05:00:00"
"635232",20,"256.4","2021-07-12 05:15:00"
"635398",20,"201.1","2021-07-12 05:30:00"
"636331",20,"0","2021-07-12 07:00:00"
"636424",20,"201.2","2021-07-12 07:15:00"
"636356",20,"91.4","2021-04-23 05:15:00"
"636478",20,"81.7","2021-04-23 05:30:00"
"636579",20,"94.1","2021-04-23 05:45:00"
"636523",20,"231.5","2021-07-12 07:30:00"
"636636",20,"194.6","2021-07-12 07:45:00"
"636965",20,"216.4","2021-07-12 08:00:00"
"636686",20,"98.4","2021-04-23 06:00:00"
"636740",20,"108.6","2021-04-23 06:15:00"
"637002",20,"111.1","2021-04-23 06:30:00"
"638587",20,"89.1","2021-07-12 11:00:00"
"638739",20,"82.8","2021-07-12 11:15:00"
"638917",20,"47.1","2021-07-12 11:30:00"
"638679",20,"96.5","2021-04-23 09:15:00"
"638850",20,"94.6","2021-04-23 09:30:00"
"638953",20,"48.8","2021-03-20 03:15:00"
"639245",20,"52.3","2021-03-20 03:30:00"
"639111",20,"160","2021-06-01 04:00:00"
"639417",20,"156.5","2021-06-01 04:15:00"
"639506",20,"57.5","2021-03-20 03:45:00"
"639737",20,"76.8","2021-03-20 04:00:00"
"639880",20,"83.7","2021-03-20 04:15:00"
"639719",20,"157.6","2021-06-01 04:30:00"
"596013",20,"206.1","2021-05-30 05:45:00"
"596200",20,"196.2","2021-05-30 06:00:00"
"596438",20,"231","2021-05-30 06:15:00"
"596082",20,"79.7","2021-04-21 02:15:00"
"596297",20,"84.9","2021-04-21 02:30:00"
"596512",20,"91.6","2021-04-21 02:45:00"
"596264",20,"0","2021-03-18 05:30:00"
"596446",20,"223.5","2021-03-18 05:45:00"
"596641",20,"236.2","2021-03-18 06:00:00"
"596577",20,"228.9","2021-07-10 09:00:00"
"596797",20,"224.4","2021-07-10 09:15:00"
"597194",20,"165.4","2021-05-30 07:15:00"
"597910",20,"198.6","2021-05-30 07:30:00"
"597278",20,"0","2021-03-18 07:00:00"
"597332",20,"231.1","2021-03-18 07:15:00"
"597386",20,"229.6","2021-03-18 07:30:00"
"597440",20,"211.8","2021-03-18 07:45:00"
"597494",20,"211.8","2021-03-18 08:00:00"
"597548",20,"205.4","2021-03-18 08:15:00"
"597602",20,"0","2021-03-18 08:30:00"
"598203",20,"161.2","2021-07-10 10:15:00"
"598354",20,"126.1","2021-07-10 10:30:00"
"598274",20,"0","2021-04-21 04:15:00"
"598424",20,"0","2021-04-21 04:30:00"
"598571",20,"0","2021-04-21 04:45:00"
"598559",20,"166.4","2021-05-30 08:30:00"
"598729",20,"217.7","2021-05-30 08:45:00"
"598546",20,"93.4","2021-07-10 10:45:00"
"598683",20,"108.5","2021-07-10 11:00:00"
"598831",20,"50.2","2021-07-10 11:15:00"
"599390",20,"184.5","2021-05-30 09:45:00"
"599613",20,"208.3","2021-05-30 10:00:00"
"599379",20,"82.3","2021-07-10 12:00:00"
"599589",20,"46.3","2021-07-10 12:15:00"
"599811",20,"67.7","2021-07-10 12:30:00"
"599611",20,"0","2021-04-21 06:15:00"
"599816",20,"0","2021-04-21 06:30:00"
"599855",20,"228","2021-05-30 10:15:00"
"600085",20,"143.9","2021-05-30 10:30:00"
"600271",20,"128.1","2021-05-30 10:45:00"
"600561",20,"98.2","2021-03-18 10:45:00"
"600752",20,"80","2021-03-18 11:00:00"
"600650",20,"38.3","2021-07-10 13:30:00"
"600867",20,"92.6","2021-07-10 13:45:00"
"600703",20,"0","2021-04-21 07:30:00"
"600928",20,"0","2021-04-21 07:45:00"
"600930",20,"38.9","2021-05-30 11:30:00"
"600950",20,"90.1","2021-03-18 11:15:00"
"601097",20,"39","2021-05-30 11:45:00"
"601796",20,"69.9","2021-05-30 12:00:00"
"602019",20,"0","2021-04-21 08:30:00"
"602200",20,"197.8","2021-04-21 08:45:00"
"602350",20,"152.6","2021-04-21 09:00:00"
"602137",20,"68.4","2021-07-10 14:45:00"
"602309",20,"331.7","2021-07-10 15:00:00"
"602433",20,"266.9","2021-05-30 13:00:00"
"602619",20,"305.5","2021-05-30 13:15:00"
"602504",20,"143.7","2021-04-21 09:15:00"
"602639",20,"124.6","2021-04-21 09:30:00"
"603790",20,"72.6","2021-03-18 14:30:00"
"603993",20,"77","2021-03-18 14:45:00"
"604221",20,"348.5","2021-03-18 15:00:00"
"604020",20,"56.6","2021-05-30 15:00:00"
"604244",20,"0","2021-05-30 15:15:00"
"604057",20,"120.5","2021-07-10 17:30:00"
"604265",20,"105.4","2021-07-10 17:45:00"
"604134",20,"97.7","2021-04-21 11:30:00"
"604336",20,"91.8","2021-04-21 11:45:00"
"604424",20,"62","2021-05-30 15:30:00"
"604973",20,"122.2","2021-04-21 12:45:00"
"605079",20,"95","2021-07-10 18:30:00"
"605094",20,"64","2021-05-30 16:30:00"
"605201",20,"266.8","2021-03-18 16:00:00"
"605276",20,"223.9","2021-03-18 16:15:00"
"605214",20,"113.3","2021-07-10 18:45:00"
"606691",20,"130.7","2021-07-10 19:00:00"
"605330",20,"214.1","2021-03-18 16:30:00"
"605384",20,"279","2021-03-18 16:45:00"
"605438",20,"269.2","2021-03-18 17:00:00"
"605938",20,"95.2","2021-04-21 13:30:00"
"605992",20,"82.5","2021-04-21 13:45:00"
"606046",20,"109.5","2021-04-21 14:00:00"
"606100",20,"98.1","2021-04-21 14:15:00"
"606154",20,"87.9","2021-04-21 14:30:00"
"606208",20,"84.2","2021-04-21 14:45:00"
"606262",20,"117.3","2021-04-21 15:00:00"
"606316",20,"135.6","2021-04-21 15:15:00"
"606370",20,"109.2","2021-04-21 15:30:00"
"606424",20,"125.6","2021-04-21 15:45:00"
"607036",20,"163.8","2021-07-10 20:00:00"
"607090",20,"170.4","2021-07-10 20:15:00"
"607144",20,"174.9","2021-07-10 20:30:00"
"607198",20,"0","2021-07-10 20:45:00"
"607252",20,"257.2","2021-07-10 21:00:00"
"607344",20,"80.2","2021-05-30 16:45:00"
"607455",20,"79.8","2021-05-30 17:00:00"
"607339",20,"261","2021-07-10 21:15:00"
"607444",20,"270.4","2021-07-10 21:30:00"
"607546",20,"271.7","2021-07-10 21:45:00"
"608180",20,"77.7","2021-05-30 18:45:00"
"608263",20,"51.5","2021-05-30 19:00:00"
"608253",20,"0","2021-07-10 23:15:00"
"610792",20,"215.8","2021-07-10 23:30:00"
"608350",20,"49.9","2021-05-30 19:15:00"
"608410",20,"69.3","2021-05-30 19:30:00"
"608464",20,"73.7","2021-05-30 19:45:00"
"608518",20,"23.8","2021-05-30 20:00:00"
"608572",20,"30.2","2021-05-30 20:15:00"
"609734",20,"42.9","2021-03-18 23:00:00"
"612625",20,"43.2","2021-03-18 23:15:00"
"612739",20,"43.4","2021-03-18 23:30:00"
"609910",20,"131.2","2021-04-21 18:00:00"
"609964",20,"142.2","2021-04-21 18:15:00"
"610018",20,"141.8","2021-04-21 18:30:00"
"610072",20,"0","2021-04-21 18:45:00"
"610126",20,"125","2021-04-21 19:00:00"
"610180",20,"0","2021-04-21 19:15:00"
"610234",20,"97.6","2021-04-21 19:30:00"
"610288",20,"95.2","2021-04-21 19:45:00"
"611386",20,"267.6","2021-07-11 02:15:00"
"611440",20,"279.3","2021-07-11 02:30:00"
"611494",20,"286.6","2021-07-11 02:45:00"
"611548",20,"271","2021-07-11 03:00:00"
"611602",20,"256.8","2021-07-11 03:15:00"
"611656",20,"267.5","2021-07-11 03:30:00"
"611710",20,"261.8","2021-07-11 03:45:00"
"611764",20,"260.2","2021-07-11 04:00:00"
"611896",20,"98.5","2021-05-30 21:45:00"
"611950",20,"76.7","2021-05-30 22:00:00"
"612004",20,"66.6","2021-05-30 22:15:00"
"613166",20,"75","2021-03-19 01:00:00"
"613220",20,"74.6","2021-03-19 01:15:00"
"613274",20,"64.8","2021-03-19 01:30:00"
"613328",20,"73.6","2021-03-19 01:45:00"
"613382",20,"81.8","2021-03-19 02:00:00"
"613436",20,"83.5","2021-03-19 02:15:00"
"613490",20,"93.5","2021-03-19 02:30:00"
"613544",20,"99.4","2021-03-19 02:45:00"
"613598",20,"100.6","2021-03-19 03:00:00"
"613652",20,"88.2","2021-03-19 03:15:00"
"614818",20,"216.7","2021-07-11 04:15:00"
"614872",20,"212.1","2021-07-11 04:30:00"
"614926",20,"249.4","2021-07-11 04:45:00"
"614980",20,"237.4","2021-07-11 05:00:00"
"615034",20,"244.6","2021-07-11 05:15:00"
"615088",20,"243","2021-07-11 05:30:00"
"615142",20,"257.4","2021-07-11 05:45:00"
"615196",20,"265.7","2021-07-11 06:00:00"
"615250",20,"267","2021-07-11 06:15:00"
"615304",20,"276.4","2021-07-11 06:30:00"
"616422",20,"221.5","2021-05-31 03:15:00"
"616552",20,"206.1","2021-05-31 03:30:00"
"616679",20,"0","2021-05-31 03:45:00"
"616740",20,"91.9","2021-03-19 06:15:00"
"616860",20,"94.4","2021-03-19 06:30:00"
"616785",20,"0","2021-05-31 04:00:00"
"616888",20,"0","2021-05-31 04:15:00"
"617010",20,"0","2021-05-31 04:30:00"
"616960",20,"90.3","2021-03-19 06:45:00"
"617047",20,"94.6","2021-03-19 07:00:00"
"617121",20,"90.2","2021-03-19 07:15:00"
"618664",20,"163.2","2021-04-22 06:45:00"
"618718",20,"151.6","2021-04-22 07:00:00"
"618772",20,"153.3","2021-04-22 07:15:00"
"618790",20,"242","2021-07-11 08:45:00"
"618844",20,"242.1","2021-07-11 09:00:00"
"618898",20,"210.7","2021-07-11 09:15:00"
"618952",20,"321.9","2021-07-11 09:30:00"
"619006",20,"196.7","2021-07-11 09:45:00"
"619076",20,"152.7","2021-07-11 10:00:00"
"619149",20,"163.7","2021-07-11 10:15:00"
"619232",20,"158.3","2021-07-11 10:30:00"
"620218",20,"73.7","2021-03-19 10:30:00"
"620272",20,"84.9","2021-03-19 10:45:00"
"620326",20,"83.9","2021-03-19 11:00:00"
"620380",20,"89.5","2021-03-19 11:15:00"
"620434",20,"83.4","2021-03-19 11:30:00"
"620488",20,"86.8","2021-03-19 11:45:00"
"620552",20,"96.2","2021-03-19 12:00:00"
"620630",20,"90.6","2021-03-19 12:15:00"
"620668",20,"145.7","2021-04-22 07:30:00"
"620831",20,"145.5","2021-04-22 07:45:00"
"621756",20,"0","2021-05-31 09:00:00"
"621834",20,"0","2021-05-31 09:15:00"
"621910",20,"0","2021-05-31 09:30:00"
"621987",20,"0","2021-05-31 09:45:00"
"622063",20,"324.7","2021-05-31 10:00:00"
"622143",20,"354.7","2021-05-31 10:15:00"
"622223",20,"7.5","2021-05-31 10:30:00"
"622299",20,"11.7","2021-05-31 10:45:00"
"622264",20,"97.7","2021-04-22 10:00:00"
"622420",20,"90.1","2021-04-22 10:15:00"
"623506",20,"143.9","2021-07-11 15:15:00"
"623590",20,"129","2021-07-11 15:30:00"
"623668",20,"152.2","2021-07-11 15:45:00"
"623746",20,"124.1","2021-07-11 16:00:00"
"623878",20,"168.9","2021-07-11 16:15:00"
"623873",20,"64.3","2021-03-19 15:00:00"
"624167",20,"62.2","2021-03-19 15:15:00"
"624454",20,"56.6","2021-03-19 15:30:00"
"624031",20,"172.4","2021-07-11 16:30:00"
"624230",20,"170","2021-07-11 16:45:00"
"624399",20,"166.3","2021-07-11 17:00:00"
"625213",20,"103.7","2021-03-19 16:15:00"
"625445",20,"80.8","2021-03-19 16:30:00"
"625637",20,"83.7","2021-03-19 16:45:00"
"625395",20,"98.4","2021-04-22 14:30:00"
"625524",20,"99.4","2021-04-22 14:45:00"
"625643",20,"284.1","2021-05-31 13:00:00"
"625842",20,"280.1","2021-05-31 13:15:00"
"625646",20,"90.4","2021-04-22 15:00:00"
"625760",20,"96.1","2021-04-22 15:15:00"
"625874",20,"104.1","2021-04-22 15:30:00"
"626913",20,"102.8","2021-04-22 17:00:00"
"627003",20,"94.3","2021-04-22 17:15:00"
"627079",20,"88.7","2021-04-22 17:30:00"
"627145",20,"76.9","2021-07-11 18:30:00"
"627315",20,"50.4","2021-07-11 18:45:00"
"627160",20,"91.5","2021-04-22 17:45:00"
"627238",20,"94.3","2021-04-22 18:00:00"
"627319",20,"92.6","2021-04-22 18:15:00"
"627403",20,"92.7","2021-04-22 18:30:00"
"627477",20,"84.1","2021-04-22 18:45:00"
"628537",20,"184","2021-07-11 21:30:00"
"628598",20,"232.6","2021-07-11 21:45:00"
"628652",20,"229.8","2021-07-11 22:00:00"
"628706",20,"188.7","2021-07-11 22:15:00"
"628760",20,"183.7","2021-07-11 22:30:00"
"631159",20,"188.9","2021-07-11 22:45:00"
"631276",20,"183.2","2021-07-11 23:00:00"
"628892",20,"303.5","2021-05-31 16:15:00"
"628946",20,"291.6","2021-05-31 16:30:00"
"630162",20,"81.4","2021-03-19 19:30:00"
"630216",20,"91","2021-03-19 19:45:00"
"630270",20,"77.5","2021-03-19 20:00:00"
"630324",20,"81.4","2021-03-19 20:15:00"
"630378",20,"88.3","2021-03-19 20:30:00"
"630432",20,"88.7","2021-03-19 20:45:00"
"630486",20,"90.2","2021-03-19 21:00:00"
"630540",20,"100.8","2021-03-19 21:15:00"
"630594",20,"99.1","2021-03-19 21:30:00"
"630648",20,"99.5","2021-03-19 21:45:00"
"631929",20,"229.2","2021-07-12 00:30:00"
"632021",20,"256.1","2021-07-12 00:45:00"
"632128",20,"252.8","2021-07-12 01:00:00"
"632123",20,"98.8","2021-04-23 01:00:00"
"632227",20,"90","2021-04-23 01:15:00"
"632240",20,"242.8","2021-07-12 01:15:00"
"632353",20,"255.9","2021-07-12 01:30:00"
"632330",20,"90.5","2021-04-23 01:30:00"
"632438",20,"87.3","2021-04-23 01:45:00"
"634104",20,"90.4","2021-04-23 02:00:00"
"632972",20,"0","2021-05-31 21:15:00"
"633026",20,"0","2021-05-31 21:30:00"
"633080",20,"240.3","2021-05-31 21:45:00"
"633134",20,"242.5","2021-05-31 22:00:00"
"633188",20,"0","2021-05-31 22:15:00"
"633242",20,"218.4","2021-05-31 22:30:00"
"633296",20,"238.3","2021-05-31 22:45:00"
"633350",20,"0","2021-05-31 23:00:00"
"633404",20,"0","2021-05-31 23:15:00"
"633473",20,"0","2021-05-31 23:30:00"
"635162",20,"0","2021-04-23 03:30:00"
"635312",20,"0","2021-04-23 03:45:00"
"635243",20,"89.9","2021-03-20 01:15:00"
"635403",20,"91.8","2021-03-20 01:30:00"
"635577",20,"80.5","2021-03-20 01:45:00"
"635464",20,"0","2021-04-23 04:00:00"
"635618",20,"0","2021-04-23 04:15:00"
"635783",20,"124.8","2021-04-23 04:30:00"
"635555",20,"195.2","2021-07-12 05:45:00"
"635709",20,"163.7","2021-07-12 06:00:00"
"637014",20,"248.1","2021-06-01 01:45:00"
"637272",20,"266.8","2021-06-01 02:00:00"
"637143",20,"0","2021-04-23 06:45:00"
"637284",20,"0","2021-04-23 07:00:00"
"637098",20,"203.4","2021-07-12 08:15:00"
"637216",20,"247","2021-07-12 08:30:00"
"637380",20,"234.3","2021-07-12 08:45:00"
"637443",20,"0","2021-04-23 07:15:00"
"637595",20,"188.8","2021-04-23 07:30:00"
"637740",20,"150.5","2021-04-23 07:45:00"
"638034",20,"0","2021-06-01 03:00:00"
"638184",20,"134.8","2021-07-12 10:15:00"
"638264",20,"0","2021-06-01 03:15:00"
"638540",20,"147.7","2021-06-01 03:30:00"
"638817",20,"154.3","2021-06-01 03:45:00"
"638256",20,"123.5","2021-04-23 08:30:00"
"638393",20,"110.9","2021-04-23 08:45:00"
"638537",20,"94.5","2021-04-23 09:00:00"
"638324",20,"96.1","2021-07-12 10:30:00"
"638453",20,"109.3","2021-07-12 10:45:00"
"640062",20,"0","2021-06-01 05:15:00"
"639847",20,"156.6","2021-06-01 04:45:00"
"639950",20,"0","2021-06-01 05:00:00"
"640843",20,"88.5","2021-04-23 11:15:00"
"640928",20,"113","2021-04-23 11:30:00"
"639994",20,"88.7","2021-03-20 04:30:00"
"640097",20,"91.1","2021-03-20 04:45:00"
"640207",20,"101","2021-03-20 05:00:00"
"645552",20,"0","2021-04-23 17:45:00"
"645651",20,"0","2021-04-23 18:00:00"
"645780",20,"0","2021-04-23 18:15:00"
"645712",20,"94.8","2021-07-12 19:00:00"
"602783",20,"131.4","2021-04-21 09:45:00"
"602940",20,"114.8","2021-04-21 10:00:00"
"603093",20,"122.2","2021-04-21 10:15:00"
"602913",20,"160.2","2021-07-10 16:00:00"
"603051",20,"171.3","2021-07-10 16:15:00"
"602851",20,"350.2","2021-05-30 13:30:00"
"603064",20,"5","2021-05-30 13:45:00"
"603225",20,"17","2021-05-30 14:00:00"
"604492",20,"100.2","2021-04-21 12:00:00"
"604643",20,"97.2","2021-04-21 12:15:00"
"604817",20,"88.6","2021-04-21 12:30:00"
"604608",20,"0","2021-05-30 15:45:00"
"604744",20,"48.1","2021-05-30 16:00:00"
"604522",20,"305","2021-03-18 15:15:00"
"604829",20,"293.4","2021-03-18 15:30:00"
"605062",20,"270","2021-03-18 15:45:00"
"604526",20,"107.3","2021-07-10 18:00:00"
"604840",20,"93","2021-07-10 18:15:00"
"604951",20,"83.1","2021-05-30 16:15:00"
"605492",20,"226.7","2021-03-18 17:15:00"
"605546",20,"0","2021-03-18 17:30:00"
"605600",20,"145.1","2021-03-18 17:45:00"
"605654",20,"168.5","2021-03-18 18:00:00"
"605708",20,"0","2021-03-18 18:15:00"
"605762",20,"197.7","2021-03-18 18:30:00"
"608816",20,"224.7","2021-03-18 18:45:00"
"608870",20,"228.9","2021-03-18 19:00:00"
"605830",20,"112.7","2021-04-21 13:00:00"
"605884",20,"94.4","2021-04-21 13:15:00"
"606478",20,"105.1","2021-04-21 16:00:00"
"606532",20,"145.3","2021-04-21 16:15:00"
"606586",20,"163.9","2021-04-21 16:30:00"
"606668",20,"148.4","2021-04-21 16:45:00"
"606780",20,"92.6","2021-04-21 17:00:00"
"606794",20,"185.4","2021-07-10 19:15:00"
"606895",20,"176.3","2021-07-10 19:30:00"
"606982",20,"162.7","2021-07-10 19:45:00"
"606896",20,"77.5","2021-04-21 17:15:00"
"609802",20,"91.9","2021-04-21 17:30:00"
"609856",20,"97.4","2021-04-21 17:45:00"
"607642",20,"258.1","2021-07-10 22:00:00"
"607748",20,"286.6","2021-07-10 22:15:00"
"607573",20,"59.8","2021-05-30 17:15:00"
"607689",20,"90.3","2021-05-30 17:30:00"
"607797",20,"76","2021-05-30 17:45:00"
"607857",20,"293.5","2021-07-10 22:30:00"
"607965",20,"327.3","2021-07-10 22:45:00"
"608084",20,"4.1","2021-07-10 23:00:00"
"607907",20,"37.3","2021-05-30 18:00:00"
"608013",20,"42","2021-05-30 18:15:00"
"608106",20,"47.3","2021-05-30 18:30:00"
"608626",20,"66.4","2021-05-30 20:30:00"
"608680",20,"105.7","2021-05-30 20:45:00"
"608734",20,"0","2021-05-30 21:00:00"
"611788",20,"0","2021-05-30 21:15:00"
"611842",20,"89.7","2021-05-30 21:30:00"
"608924",20,"189.2","2021-03-18 19:15:00"
"608978",20,"0","2021-03-18 19:30:00"
"609032",20,"0","2021-03-18 19:45:00"
"609086",20,"0","2021-03-18 20:00:00"
"609140",20,"0","2021-03-18 20:15:00"
"610342",20,"99","2021-04-21 20:00:00"
"610396",20,"109","2021-04-21 20:15:00"
"610450",20,"129.2","2021-04-21 20:30:00"
"610504",20,"130.2","2021-04-21 20:45:00"
"610558",20,"0","2021-04-21 21:00:00"
"610612",20,"0","2021-04-21 21:15:00"
"610666",20,"0","2021-04-21 21:30:00"
"610720",20,"0","2021-04-21 21:45:00"
"610774",20,"0","2021-04-21 22:00:00"
"613828",20,"0","2021-04-21 22:15:00"
"612058",20,"352.8","2021-05-30 22:30:00"
"612112",20,"77.8","2021-05-30 22:45:00"
"612166",20,"79.1","2021-05-30 23:00:00"
"612220",20,"153.2","2021-05-30 23:15:00"
"612274",20,"152.9","2021-05-30 23:30:00"
"612328",20,"150","2021-05-30 23:45:00"
"612382",20,"103.3","2021-05-31 00:00:00"
"612436",20,"132.5","2021-05-31 00:15:00"
"612490",20,"0","2021-05-31 00:30:00"
"612544",20,"0","2021-05-31 00:45:00"
"614314",20,"118.5","2021-04-22 00:30:00"
"614368",20,"117.7","2021-04-22 00:45:00"
"614422",20,"118.8","2021-04-22 01:00:00"
"614476",20,"122.2","2021-04-22 01:15:00"
"614530",20,"123","2021-04-22 01:30:00"
"614584",20,"123.9","2021-04-22 01:45:00"
"614638",20,"124","2021-04-22 02:00:00"
"614692",20,"126.6","2021-04-22 02:15:00"
"614746",20,"121.2","2021-04-22 02:30:00"
"617800",20,"120.4","2021-04-22 02:45:00"
"615921",20,"0","2021-05-31 02:15:00"
"616094",20,"0","2021-05-31 02:30:00"
"616232",20,"0","2021-05-31 02:45:00"
"615972",20,"122.7","2021-03-19 04:45:00"
"616128",20,"114.4","2021-03-19 05:00:00"
"616326",20,"99.3","2021-03-19 05:15:00"
"616336",20,"227.3","2021-05-31 03:00:00"
"616461",20,"98.9","2021-03-19 05:30:00"
"616548",20,"95","2021-03-19 05:45:00"
"616632",20,"97.6","2021-03-19 06:00:00"
"617678",20,"0","2021-05-31 06:00:00"
"617732",20,"0","2021-05-31 06:15:00"
"620968",20,"0","2021-05-31 06:30:00"
"621049",20,"0","2021-05-31 06:45:00"
"621121",20,"0","2021-05-31 07:00:00"
"617854",20,"159.9","2021-04-22 03:00:00"
"617908",20,"0","2021-04-22 03:15:00"
"617962",20,"127.8","2021-04-22 03:30:00"
"618016",20,"113.3","2021-04-22 03:45:00"
"618070",20,"110.6","2021-04-22 04:00:00"
"619218",20,"80","2021-03-19 08:45:00"
"619413",20,"87.1","2021-03-19 09:00:00"
"619303",20,"160.3","2021-07-11 10:45:00"
"619379",20,"158.3","2021-07-11 11:00:00"
"619454",20,"126.7","2021-07-11 11:15:00"
"619533",20,"131.5","2021-07-11 11:30:00"
"619611",20,"127.1","2021-07-11 11:45:00"
"619592",20,"77.3","2021-03-19 09:15:00"
"619751",20,"81.6","2021-03-19 09:30:00"
"619921",20,"80","2021-03-19 09:45:00"
"620709",20,"73.1","2021-03-19 12:30:00"
"620792",20,"87.1","2021-03-19 12:45:00"
"620869",20,"77.4","2021-03-19 13:00:00"
"622812",20,"79.6","2021-03-19 13:15:00"
"622866",20,"106.2","2021-03-19 13:30:00"
"620934",20,"147.1","2021-04-22 08:00:00"
"621045",20,"143.4","2021-04-22 08:15:00"
"621224",20,"162.7","2021-04-22 08:30:00"
"621202",20,"0","2021-05-31 07:15:00"
"621282",20,"0","2021-05-31 07:30:00"
"622382",20,"34.5","2021-05-31 11:00:00"
"623921",20,"0","2021-05-31 11:15:00"
"624186",20,"347.4","2021-05-31 11:30:00"
"622474",20,"93.4","2021-04-22 10:30:00"
"622528",20,"101.6","2021-04-22 10:45:00"
"622582",20,"93.8","2021-04-22 11:00:00"
"622636",20,"96.2","2021-04-22 11:15:00"
"622690",20,"98.5","2021-04-22 11:30:00"
"622744",20,"93.8","2021-04-22 11:45:00"
"623818",20,"93.6","2021-04-22 12:00:00"
"624003",20,"100.8","2021-04-22 12:15:00"
"624176",20,"98.7","2021-04-22 12:30:00"
"624342",20,"100.7","2021-04-22 12:45:00"
"624506",20,"103","2021-04-22 13:00:00"
"624484",20,"324.6","2021-05-31 11:45:00"
"624767",20,"294.2","2021-05-31 12:00:00"
"624574",20,"171.4","2021-07-11 17:15:00"
"624737",20,"152.4","2021-07-11 17:30:00"
"624687",20,"88","2021-04-22 13:15:00"
"624876",20,"101.6","2021-04-22 13:30:00"
"629484",20,"81.6","2021-03-19 17:45:00"
"629590",20,"110.6","2021-03-19 18:00:00"
"626460",20,"272.9","2021-05-31 14:15:00"
"626514",20,"275.6","2021-05-31 14:30:00"
"626568",20,"288.7","2021-05-31 14:45:00"
"626622",20,"282.8","2021-05-31 15:00:00"
"626676",20,"269.3","2021-05-31 15:15:00"
"626730",20,"281.5","2021-05-31 15:30:00"
"628784",20,"292.5","2021-05-31 15:45:00"
"628838",20,"290.5","2021-05-31 16:00:00"
"628093",20,"92.9","2021-04-22 20:15:00"
"628223",20,"81.8","2021-04-22 20:30:00"
"628048",20,"269.8","2021-07-11 20:15:00"
"628149",20,"260.3","2021-07-11 20:30:00"
"628245",20,"270.8","2021-07-11 20:45:00"
"628343",20,"278.3","2021-07-11 21:00:00"
"628344",20,"88","2021-04-22 20:45:00"
"628431",20,"219.6","2021-07-11 21:15:00"
"628467",20,"82.5","2021-04-22 21:00:00"
"630796",20,"81.5","2021-04-22 21:15:00"
"630850",20,"83.6","2021-04-22 21:30:00"
"629610",20,"213.3","2021-05-31 19:15:00"
"629732",20,"229","2021-05-31 19:30:00"
"629856",20,"0","2021-05-31 19:45:00"
"629677",20,"95.3","2021-03-19 18:15:00"
"629779",20,"88.7","2021-03-19 18:30:00"
"629879",20,"88.9","2021-03-19 18:45:00"
"629953",20,"0","2021-05-31 20:00:00"
"630060",20,"0","2021-05-31 20:15:00"
"629999",20,"76.6","2021-03-19 19:00:00"
"630105",20,"44.6","2021-03-19 19:15:00"
"631382",20,"163.1","2021-07-11 23:15:00"
"631474",20,"153.7","2021-07-11 23:30:00"
"631577",20,"161.9","2021-07-11 23:45:00"
"631485",20,"99.9","2021-04-22 23:30:00"
"631594",20,"110","2021-04-22 23:45:00"
"631695",20,"116.5","2021-04-23 00:00:00"
"631692",20,"163.5","2021-07-12 00:00:00"
"631818",20,"163.8","2021-07-12 00:15:00"
"631785",20,"105.1","2021-04-23 00:15:00"
"631893",20,"104.4","2021-04-23 00:30:00"
"632009",20,"104","2021-04-23 00:45:00"
"632460",20,"232.3","2021-07-12 01:45:00"
"632516",20,"271.4","2021-07-12 02:00:00"
"632570",20,"274.8","2021-07-12 02:15:00"
"632624",20,"266.5","2021-07-12 02:30:00"
"632678",20,"264.5","2021-07-12 02:45:00"
"632732",20,"249.2","2021-07-12 03:00:00"
"633856",20,"212.5","2021-07-12 03:15:00"
"633995",20,"187.5","2021-07-12 03:30:00"
"632810",20,"0","2021-05-31 20:30:00"
"632864",20,"0","2021-05-31 20:45:00"
"632918",20,"0","2021-05-31 21:00:00"
"634230",20,"191.6","2021-07-12 03:45:00"
"634428",20,"175.4","2021-07-12 04:00:00"
"634590",20,"162.5","2021-07-12 04:15:00"
"634345",20,"81.3","2021-04-23 02:15:00"
"634499",20,"81.7","2021-04-23 02:30:00"
"636782",20,"0","2021-06-01 01:00:00"
"636836",20,"0","2021-06-01 01:15:00"
"636890",20,"249.2","2021-06-01 01:30:00"
"634424",20,"94.7","2021-03-20 00:00:00"
"634585",20,"92.7","2021-03-20 00:15:00"
"634755",20,"95.7","2021-03-20 00:30:00"
"635736",20,"53.8","2021-03-20 02:00:00"
"635871",20,"46.9","2021-03-20 02:15:00"
"635962",20,"105.3","2021-04-23 04:45:00"
"636160",20,"96.4","2021-04-23 05:00:00"
"635894",20,"219.2","2021-07-12 06:15:00"
"636047",20,"220.1","2021-07-12 06:30:00"
"636197",20,"183.9","2021-07-12 06:45:00"
"636022",20,"38.3","2021-03-20 02:30:00"
"636176",20,"38.1","2021-03-20 02:45:00"
"638622",20,"48.1","2021-03-20 03:00:00"
"637545",20,"167.3","2021-07-12 09:00:00"
"637698",20,"160.9","2021-07-12 09:15:00"
"637438",20,"0","2021-06-01 02:15:00"
"637602",20,"0","2021-06-01 02:30:00"
"637831",20,"0","2021-06-01 02:45:00"
"637915",20,"143.4","2021-04-23 08:00:00"
"638113",20,"123.1","2021-04-23 08:15:00"
"637828",20,"159.7","2021-07-12 09:30:00"
"637941",20,"146","2021-07-12 09:45:00"
"638043",20,"156.6","2021-07-12 10:00:00"
"639005",20,"94.9","2021-04-23 09:45:00"
"639161",20,"81.3","2021-04-23 10:00:00"
"639334",20,"83.2","2021-04-23 10:15:00"
"639102",20,"65.5","2021-07-12 11:45:00"
"639273",20,"72.1","2021-07-12 12:00:00"
"639450",20,"67.9","2021-07-12 12:15:00"
"639500",20,"88.5","2021-04-23 10:30:00"
"639643",20,"103.3","2021-04-23 10:45:00"
"639758",20,"105.3","2021-04-23 11:00:00"
"640804",20,"55","2021-07-12 12:30:00"
"640936",20,"61.7","2021-07-12 12:45:00"
"640646",20,"94.6","2021-03-20 07:00:00"
"640700",20,"96.1","2021-03-20 07:15:00"
"640754",20,"97.5","2021-03-20 07:30:00"
"643394",20,"99.9","2021-03-20 07:45:00"
"643522",20,"95.1","2021-03-20 08:00:00"
"641033",20,"116.6","2021-04-23 11:45:00"
"641158",20,"76.4","2021-04-23 12:00:00"
"641267",20,"119.5","2021-04-23 12:15:00"
"641045",20,"75.5","2021-07-12 13:00:00"
"641137",20,"63.7","2021-07-12 13:15:00"
"641243",20,"48.7","2021-07-12 13:30:00"
"641835",20,"32.1","2021-04-23 14:00:00"
"641945",20,"48.5","2021-04-23 14:15:00"
"642063",20,"53.7","2021-04-23 14:30:00"
"641864",20,"48.3","2021-07-12 14:30:00"
"641969",20,"29.1","2021-07-12 14:45:00"
"642068",20,"53.1","2021-07-12 15:00:00"
"642155",20,"347.5","2021-04-23 14:45:00"
"642264",20,"26.7","2021-04-23 15:00:00"
"642192",20,"25.6","2021-07-12 15:15:00"
"642297",20,"40.1","2021-07-12 15:30:00"
"642399",20,"48.2","2021-07-12 15:45:00"
"642862",20,"0","2021-06-01 06:00:00"
"642916",20,"0","2021-06-01 06:15:00"
"642970",20,"0","2021-06-01 06:30:00"
"643024",20,"0","2021-06-01 06:45:00"
"643078",20,"0","2021-06-01 07:00:00"
"643132",20,"0","2021-06-01 07:15:00"
"643186",20,"0","2021-06-01 07:30:00"
"643240",20,"0","2021-06-01 07:45:00"
"643294",20,"0","2021-06-01 08:00:00"
"643353",20,"0","2021-06-01 08:15:00"
"643981",20,"131.1","2021-06-01 09:45:00"
"644076",20,"114","2021-06-01 10:00:00"
"644186",20,"103.5","2021-06-01 10:15:00"
"645878",20,"90.9","2021-06-01 10:30:00"
"646004",20,"85.5","2021-06-01 10:45:00"
"644182",20,"86.8","2021-03-20 09:30:00"
"644240",20,"79.7","2021-03-20 09:45:00"
"644294",20,"82.7","2021-03-20 10:00:00"
"644348",20,"87.8","2021-03-20 10:15:00"
"644402",20,"80","2021-03-20 10:30:00"
"644456",20,"77.6","2021-03-20 10:45:00"
"645009",20,"200.5","2021-04-23 16:30:00"
"645111",20,"184.4","2021-04-23 16:45:00"
"645217",20,"0","2021-04-23 17:00:00"
"645182",20,"55.5","2021-07-12 17:45:00"
"645864",20,"100.4","2021-07-12 19:15:00"
"646059",20,"115.8","2021-07-12 19:30:00"
"645971",20,"0","2021-04-23 18:30:00"
"646163",20,"0","2021-04-23 18:45:00"
"646125",20,"91","2021-06-01 11:00:00"
"646309",20,"73.9","2021-06-01 11:15:00"
"646487",20,"63.1","2021-06-01 11:30:00"
"651668",20,"208.3","2021-07-13 00:15:00"
"651746",20,"237.1","2021-07-13 00:30:00"
"651823",20,"235.9","2021-07-13 00:45:00"
"651904",20,"255.4","2021-07-13 01:00:00"
"651982",20,"248.6","2021-07-13 01:15:00"
"652027",20,"238.8","2021-03-20 19:00:00"
"652223",20,"186.7","2021-03-20 19:15:00"
"652061",20,"228.6","2021-07-13 01:30:00"
"652129",20,"0","2021-07-13 01:45:00"
"652206",20,"0","2021-07-13 02:00:00"
"653318",20,"0","2021-06-01 22:00:00"
"653372",20,"143.1","2021-06-01 22:15:00"
"653426",20,"0","2021-06-01 22:30:00"
"653480",20,"0","2021-06-01 22:45:00"
"653534",20,"0","2021-06-01 23:00:00"
"653588",20,"0","2021-06-01 23:15:00"
"653642",20,"0","2021-06-01 23:30:00"
"653696",20,"0","2021-06-01 23:45:00"
"653750",20,"0","2021-06-02 00:00:00"
"656804",20,"0","2021-06-02 00:15:00"
"655060",20,"0","2021-04-24 02:15:00"
"655114",20,"0","2021-04-24 02:30:00"
"655168",20,"0","2021-04-24 02:45:00"
"655222",20,"0","2021-04-24 03:00:00"
"655293",20,"0","2021-04-24 03:15:00"
"655459",20,"0","2021-04-24 03:30:00"
"655618",20,"0","2021-04-24 03:45:00"
"655505",20,"244.7","2021-03-20 22:15:00"
"655582",20,"261.2","2021-03-20 22:30:00"
"656230",20,"0","2021-04-24 04:45:00"
"656385",20,"0","2021-04-24 05:00:00"
"656336",20,"291.5","2021-03-21 00:45:00"
"656417",20,"0","2021-03-21 01:00:00"
"656489",20,"0","2021-03-21 01:15:00"
"656572",20,"115.9","2021-03-21 01:30:00"
"656644",20,"110.3","2021-03-21 01:45:00"
"656565",20,"0","2021-04-24 05:15:00"
"656733",20,"0","2021-04-24 05:30:00"
"657498",20,"0","2021-04-24 05:45:00"
"657290",20,"0","2021-06-02 02:30:00"
"657366",20,"0","2021-06-02 02:45:00"
"657547",20,"130.7","2021-03-21 02:30:00"
"657729",20,"272.8","2021-03-21 02:45:00"
"657897",20,"0","2021-03-21 03:00:00"
"657657",20,"0","2021-04-24 06:00:00"
"657825",20,"0","2021-04-24 06:15:00"
"657635",20,"153.1","2021-07-13 07:15:00"
"657944",20,"174.4","2021-07-13 07:30:00"
"658198",20,"212.1","2021-07-13 07:45:00"
"659068",20,"112.8","2021-04-24 08:00:00"
"659239",20,"136.8","2021-04-24 08:15:00"
"659067",20,"216","2021-07-13 08:30:00"
"659362",20,"232","2021-07-13 08:45:00"
"659642",20,"213.1","2021-07-13 09:00:00"
"659390",20,"0","2021-06-02 04:30:00"
"659724",20,"213.1","2021-06-02 04:45:00"
"659426",20,"0","2021-03-21 05:15:00"
"659610",20,"0","2021-03-21 05:30:00"
"660698",20,"78.4","2021-07-13 11:15:00"
"660752",20,"55.1","2021-07-13 11:30:00"
"660830",20,"0","2021-03-21 07:00:00"
"660884",20,"250.3","2021-03-21 07:15:00"
"660938",20,"0","2021-03-21 07:30:00"
"660992",20,"110.9","2021-03-21 07:45:00"
"661046",20,"120","2021-03-21 08:00:00"
"661100",20,"118.8","2021-03-21 08:15:00"
"661154",20,"111.6","2021-03-21 08:30:00"
"661208",20,"107.7","2021-03-21 08:45:00"
"662302",20,"48.2","2021-07-13 11:45:00"
"662409",20,"52.3","2021-07-13 12:00:00"
"662516",20,"56.4","2021-07-13 12:15:00"
"662515",20,"69.3","2021-04-24 13:00:00"
"662605",20,"64.2","2021-04-24 13:15:00"
"662715",20,"27.2","2021-04-24 13:30:00"
"662641",20,"62.4","2021-07-13 12:30:00"
"662743",20,"64.7","2021-07-13 12:45:00"
"662835",20,"331.9","2021-04-24 13:45:00"
"662944",20,"17.2","2021-04-24 14:00:00"
"663862",20,"28.5","2021-07-13 14:45:00"
"663982",20,"34.8","2021-07-13 15:00:00"
"664110",20,"0","2021-06-02 07:15:00"
"664224",20,"236.5","2021-06-02 07:30:00"
"664331",20,"226.7","2021-06-02 07:45:00"
"664086",20,"28.4","2021-07-13 15:15:00"
"664188",20,"39.3","2021-07-13 15:30:00"
"664297",20,"35.3","2021-07-13 15:45:00"
"664436",20,"220.4","2021-06-02 08:00:00"
"664532",20,"206.8","2021-06-02 08:15:00"
"665598",20,"242","2021-03-21 14:45:00"
"665686",20,"252.1","2021-03-21 15:00:00"
"665805",20,"260.9","2021-03-21 15:15:00"
"665715",20,"223.5","2021-04-24 15:30:00"
"665811",20,"0","2021-04-24 15:45:00"
"665912",20,"192.8","2021-04-24 16:00:00"
"665919",20,"248.5","2021-03-21 15:30:00"
"666023",20,"238.4","2021-03-21 15:45:00"
"666024",20,"201.6","2021-04-24 16:15:00"
"666125",20,"176.1","2021-04-24 16:30:00"
"666624",20,"0","2021-04-24 18:45:00"
"666678",20,"0","2021-04-24 19:00:00"
"666732",20,"0","2021-04-24 19:15:00"
"669671",20,"0","2021-04-24 19:30:00"
"669771",20,"0","2021-04-24 19:45:00"
"667056",20,"56.8","2021-07-13 16:45:00"
"667208",20,"83.6","2021-07-13 17:00:00"
"666923",20,"78.9","2021-06-02 09:45:00"
"667000",20,"64","2021-06-02 10:00:00"
"667076",20,"0","2021-06-02 10:15:00"
"668936",20,"278.9","2021-03-21 16:45:00"
"668990",20,"208.4","2021-03-21 17:00:00"
"669044",20,"200.7","2021-03-21 17:15:00"
"669098",20,"164.1","2021-03-21 17:30:00"
"669152",20,"48.1","2021-03-21 17:45:00"
"669206",20,"357.7","2021-03-21 18:00:00"
"669260",20,"17.8","2021-03-21 18:15:00"
"669314",20,"4.9","2021-03-21 18:30:00"
"669368",20,"356.9","2021-03-21 18:45:00"
"669422",20,"4.9","2021-03-21 19:00:00"
"670596",20,"212.5","2021-04-24 23:15:00"
"670650",20,"0","2021-04-24 23:30:00"
"670704",20,"0","2021-04-24 23:45:00"
"670758",20,"0","2021-04-25 00:00:00"
"673812",20,"0","2021-04-25 00:15:00"
"670828",20,"3.6","2021-06-02 14:15:00"
"670882",20,"345.5","2021-06-02 14:30:00"
"670936",20,"352.1","2021-06-02 14:45:00"
"670990",20,"337.6","2021-06-02 15:00:00"
"671044",20,"328.5","2021-06-02 15:15:00"
"672167",20,"242.1","2021-07-13 23:00:00"
"672272",20,"252.7","2021-07-13 23:15:00"
"672344",20,"266.4","2021-07-13 23:30:00"
"674800",20,"41.8","2021-06-02 18:45:00"
"674854",20,"0","2021-06-02 19:00:00"
"674908",20,"0","2021-06-02 19:15:00"
"672398",20,"261.2","2021-07-13 23:45:00"
"672452",20,"257.2","2021-07-14 00:00:00"
"672506",20,"255.7","2021-07-14 00:15:00"
"672560",20,"250.6","2021-07-14 00:30:00"
"672614",20,"266.5","2021-07-14 00:45:00"
"673718",20,"0","2021-03-22 01:00:00"
"673781",20,"0","2021-03-22 01:15:00"
"676110",20,"0","2021-03-22 01:30:00"
"673866",20,"0","2021-04-25 00:30:00"
"673920",20,"0","2021-04-25 00:45:00"
"673974",20,"0","2021-04-25 01:00:00"
"674028",20,"0","2021-04-25 01:15:00"
"674082",20,"0","2021-04-25 01:30:00"
"674136",20,"0","2021-04-25 01:45:00"
"674190",20,"0","2021-04-25 02:00:00"
"674244",20,"0","2021-04-25 02:15:00"
"674962",20,"0","2021-06-02 19:30:00"
"675016",20,"0","2021-06-02 19:45:00"
"675070",20,"0","2021-06-02 20:00:00"
"675124",20,"0","2021-06-02 20:15:00"
"675178",20,"0","2021-06-02 20:30:00"
"675232",20,"161.3","2021-06-02 20:45:00"
"675286",20,"0","2021-06-02 21:00:00"
"675340",20,"0","2021-06-02 21:15:00"
"675394",20,"294.4","2021-06-02 21:30:00"
"675448",20,"0","2021-06-02 21:45:00"
"676613",20,"277.8","2021-03-22 03:00:00"
"676684",20,"277.8","2021-03-22 03:15:00"
"676765",20,"0","2021-03-22 03:30:00"
"676841",20,"0","2021-03-22 03:45:00"
"676908",20,"262","2021-03-22 04:00:00"
"677054",20,"245.2","2021-07-14 04:15:00"
"677162",20,"253.1","2021-07-14 04:30:00"
"676988",20,"256.9","2021-03-22 04:15:00"
"677074",20,"273.3","2021-03-22 04:30:00"
"678270",20,"211.2","2021-04-25 07:00:00"
"678324",20,"203.2","2021-04-25 07:15:00"
"678378",20,"0","2021-04-25 07:30:00"
"678432",20,"0","2021-04-25 07:45:00"
"678486",20,"0","2021-04-25 08:00:00"
"678540",20,"0","2021-04-25 08:15:00"
"678594",20,"0","2021-04-25 08:30:00"
"678648",20,"0","2021-04-25 08:45:00"
"678702",20,"0","2021-04-25 09:00:00"
"678756",20,"128","2021-04-25 09:15:00"
"679269",20,"267","2021-03-22 06:00:00"
"679389",20,"0","2021-03-22 06:15:00"
"679484",20,"260","2021-03-22 06:30:00"
"679378",20,"0","2021-06-03 01:45:00"
"679499",20,"0","2021-06-03 02:00:00"
"679592",20,"0","2021-06-03 02:15:00"
"679607",20,"277.5","2021-03-22 06:45:00"
"679710",20,"0","2021-03-22 07:00:00"
"679848",20,"0","2021-03-22 07:15:00"
"679705",20,"0","2021-06-03 02:30:00"
"679860",20,"0","2021-06-03 02:45:00"
"680880",20,"84.3","2021-03-22 09:00:00"
"680989",20,"76","2021-03-22 09:15:00"
"681096",20,"64.2","2021-03-22 09:30:00"
"681137",20,"122.5","2021-07-14 08:45:00"
"681249",20,"112.7","2021-07-14 09:00:00"
"681378",20,"119.3","2021-07-14 09:15:00"
"681189",20,"39.2","2021-03-22 09:45:00"
"681296",20,"66","2021-03-22 10:00:00"
"681399",20,"45.8","2021-03-22 10:15:00"
"681503",20,"42.5","2021-03-22 10:30:00"
"682824",20,"12.2","2021-03-22 10:45:00"
"682620",20,"151.5","2021-04-25 13:15:00"
"682674",20,"242","2021-04-25 13:30:00"
"682728",20,"324.6","2021-04-25 13:45:00"
"685782",20,"200.4","2021-04-25 14:00:00"
"685836",20,"236.3","2021-04-25 14:15:00"
"682878",20,"28.3","2021-03-22 11:00:00"
"682932",20,"36.6","2021-03-22 11:15:00"
"682986",20,"46.5","2021-03-22 11:30:00"
"683040",20,"47.8","2021-03-22 11:45:00"
"683094",20,"36.1","2021-03-22 12:00:00"
"684411",20,"0","2021-06-03 05:00:00"
"684643",20,"257","2021-06-03 05:15:00"
"640169",20,"0","2021-06-01 05:30:00"
"642808",20,"0","2021-06-01 05:45:00"
"640268",20,"106.5","2021-03-20 05:15:00"
"640322",20,"111.7","2021-03-20 05:30:00"
"640376",20,"103.9","2021-03-20 05:45:00"
"640430",20,"97.5","2021-03-20 06:00:00"
"640484",20,"99.8","2021-03-20 06:15:00"
"640538",20,"94.9","2021-03-20 06:30:00"
"640592",20,"99.8","2021-03-20 06:45:00"
"641352",20,"64.1","2021-07-12 13:45:00"
"641375",20,"108.3","2021-04-23 12:30:00"
"641655",20,"44.6","2021-07-12 14:00:00"
"641763",20,"59.5","2021-07-12 14:15:00"
"641452",20,"84.4","2021-04-23 12:45:00"
"641521",20,"110","2021-04-23 13:00:00"
"641575",20,"81.8","2021-04-23 13:15:00"
"641629",20,"88.5","2021-04-23 13:30:00"
"641720",20,"96.4","2021-04-23 13:45:00"
"642380",20,"80.9","2021-04-23 15:15:00"
"642484",20,"104","2021-04-23 15:30:00"
"644792",20,"204","2021-04-23 15:45:00"
"642512",20,"23.7","2021-07-12 16:00:00"
"642594",20,"12.7","2021-07-12 16:15:00"
"642648",20,"359.3","2021-07-12 16:30:00"
"642702",20,"347.1","2021-07-12 16:45:00"
"642756",20,"29.5","2021-07-12 17:00:00"
"644965",20,"55.6","2021-07-12 17:15:00"
"645068",20,"52","2021-07-12 17:30:00"
"643450",20,"0","2021-06-01 08:30:00"
"643552",20,"0","2021-06-01 08:45:00"
"643636",20,"85.1","2021-03-20 08:15:00"
"643754",20,"82.1","2021-03-20 08:30:00"
"643847",20,"87.3","2021-03-20 08:45:00"
"643657",20,"151","2021-06-01 09:00:00"
"643753",20,"155.6","2021-06-01 09:15:00"
"643876",20,"131","2021-06-01 09:30:00"
"643957",20,"97.3","2021-03-20 09:00:00"
"644079",20,"92.7","2021-03-20 09:15:00"
"644510",20,"66.4","2021-03-20 11:00:00"
"644564",20,"80.1","2021-03-20 11:15:00"
"644618",20,"87.6","2021-03-20 11:30:00"
"644672",20,"65","2021-03-20 11:45:00"
"644726",20,"64.1","2021-03-20 12:00:00"
"644780",20,"60.9","2021-03-20 12:15:00"
"646330",20,"71.6","2021-03-20 12:30:00"
"644846",20,"229.5","2021-04-23 16:00:00"
"644901",20,"231.1","2021-04-23 16:15:00"
"646380",20,"123.9","2021-07-12 19:45:00"
"646673",20,"142.1","2021-07-12 20:00:00"
"646327",20,"0","2021-04-23 19:00:00"
"646592",20,"0","2021-04-23 19:15:00"
"646881",20,"0","2021-04-23 19:30:00"
"646499",20,"77.6","2021-03-20 12:45:00"
"646705",20,"63.6","2021-03-20 13:00:00"
"646888",20,"52.4","2021-03-20 13:15:00"
"646640",20,"75","2021-06-01 11:45:00"
"646846",20,"58.3","2021-06-01 12:00:00"
"648818",20,"0","2021-04-23 20:30:00"
"648872",20,"126.9","2021-04-23 20:45:00"
"647532",20,"187.7","2021-07-12 21:00:00"
"647663",20,"272","2021-07-12 21:15:00"
"647843",20,"262.1","2021-07-12 21:30:00"
"647676",20,"14.4","2021-03-20 14:00:00"
"647862",20,"65.1","2021-03-20 14:15:00"
"647870",20,"98.2","2021-06-01 13:30:00"
"647593",20,"99.4","2021-06-01 13:00:00"
"647741",20,"117.4","2021-06-01 13:15:00"
"648269",20,"131.2","2021-06-01 14:15:00"
"648385",20,"121","2021-06-01 14:30:00"
"648485",20,"67","2021-06-01 14:45:00"
"648532",20,"357.7","2021-03-20 15:45:00"
"648590",20,"358.1","2021-03-20 16:00:00"
"648644",20,"352.2","2021-03-20 16:15:00"
"649174",20,"142","2021-06-01 15:00:00"
"649258",20,"85.8","2021-06-01 15:15:00"
"648698",20,"353.7","2021-03-20 16:30:00"
"648752",20,"353.2","2021-03-20 16:45:00"
"649614",20,"130","2021-06-01 16:15:00"
"649699",20,"82.4","2021-06-01 16:30:00"
"649776",20,"65.8","2021-06-01 16:45:00"
"649724",20,"0","2021-04-23 23:00:00"
"649899",20,"0","2021-04-23 23:15:00"
"649855",20,"94.1","2021-06-01 17:00:00"
"649935",20,"91.3","2021-06-01 17:15:00"
"650018",20,"94.7","2021-06-01 17:30:00"
"650097",20,"0","2021-06-01 17:45:00"
"650186",20,"0","2021-06-01 18:00:00"
"650764",20,"0","2021-04-24 00:15:00"
"651026",20,"268","2021-04-24 00:30:00"
"650889",20,"126.5","2021-07-12 22:30:00"
"651053",20,"125.5","2021-07-12 22:45:00"
"651071",20,"53.7","2021-03-20 17:45:00"
"651341",20,"57.7","2021-03-20 18:00:00"
"651152",20,"0","2021-06-01 19:30:00"
"652832",20,"0","2021-06-01 19:45:00"
"652287",20,"261.1","2021-07-13 02:15:00"
"653808",20,"276.6","2021-07-13 02:30:00"
"652346",20,"291.5","2021-03-20 19:30:00"
"652400",20,"176.5","2021-03-20 19:45:00"
"652454",20,"201.2","2021-03-20 20:00:00"
"652508",20,"116.6","2021-03-20 20:15:00"
"652562",20,"132.4","2021-03-20 20:30:00"
"652616",20,"158.8","2021-03-20 20:45:00"
"652670",20,"167.6","2021-03-20 21:00:00"
"652724",20,"125.3","2021-03-20 21:15:00"
"653862",20,"269.3","2021-07-13 02:45:00"
"653916",20,"280.1","2021-07-13 03:00:00"
"653970",20,"261.4","2021-07-13 03:15:00"
"654030",20,"268.1","2021-07-13 03:30:00"
"654084",20,"252.1","2021-07-13 03:45:00"
"654138",20,"189","2021-07-13 04:00:00"
"654192",20,"0","2021-07-13 04:15:00"
"654246",20,"104.5","2021-07-13 04:30:00"
"654300",20,"93.9","2021-07-13 04:45:00"
"654354",20,"96.5","2021-07-13 05:00:00"
"654429",20,"221.8","2021-07-13 05:15:00"
"655681",20,"270.8","2021-03-20 22:45:00"
"655777",20,"267.4","2021-03-20 23:00:00"
"655844",20,"273.6","2021-03-20 23:15:00"
"655733",20,"0","2021-04-24 04:00:00"
"655902",20,"0","2021-04-24 04:15:00"
"656070",20,"0","2021-04-24 04:30:00"
"655934",20,"267.8","2021-03-20 23:30:00"
"656011",20,"275.7","2021-03-20 23:45:00"
"656097",20,"281.5","2021-03-21 00:00:00"
"656176",20,"288.9","2021-03-21 00:15:00"
"656255",20,"288.9","2021-03-21 00:30:00"
"657618",20,"0","2021-06-02 03:00:00"
"657930",20,"0","2021-06-02 03:15:00"
"658234",20,"0","2021-06-02 03:30:00"
"658063",20,"246","2021-03-21 03:15:00"
"658223",20,"0","2021-03-21 03:30:00"
"658387",20,"0","2021-03-21 03:45:00"
"657995",20,"0","2021-04-24 06:30:00"
"658199",20,"0","2021-04-24 06:45:00"
"658364",20,"0","2021-04-24 07:00:00"
"658488",20,"250.9","2021-07-13 08:00:00"
"658781",20,"203.5","2021-07-13 08:15:00"
"659402",20,"116.3","2021-04-24 08:30:00"
"659557",20,"112.9","2021-04-24 08:45:00"
"659716",20,"116.1","2021-04-24 09:00:00"
"659768",20,"0","2021-03-21 05:45:00"
"659885",20,"0","2021-03-21 06:00:00"
"660020",20,"138.6","2021-03-21 06:15:00"
"659874",20,"93.2","2021-04-24 09:15:00"
"660009",20,"92.2","2021-04-24 09:30:00"
"659937",20,"159.7","2021-07-13 09:15:00"
"660188",20,"148.3","2021-07-13 09:30:00"
"660374",20,"155.4","2021-07-13 09:45:00"
"661262",20,"93.6","2021-03-21 09:00:00"
"661316",20,"100.2","2021-03-21 09:15:00"
"661370",20,"109.7","2021-03-21 09:30:00"
"661424",20,"67.7","2021-03-21 09:45:00"
"661505",20,"71.2","2021-03-21 10:00:00"
"661559",20,"49.9","2021-04-24 10:30:00"
"661646",20,"43.6","2021-04-24 10:45:00"
"661650",20,"34.6","2021-03-21 10:15:00"
"661768",20,"37.8","2021-03-21 10:30:00"
"661863",20,"53.9","2021-03-21 10:45:00"
"662904",20,"79.2","2021-07-13 13:00:00"
"663078",20,"70.2","2021-07-13 13:15:00"
"663269",20,"51.6","2021-07-13 13:30:00"
"662977",20,"0","2021-06-02 05:00:00"
"663148",20,"0","2021-06-02 05:15:00"
"663334",20,"0","2021-06-02 05:30:00"
"663094",20,"5.5","2021-04-24 14:15:00"
"663209",20,"8.3","2021-04-24 14:30:00"
"663345",20,"0.6000000000000001","2021-04-24 14:45:00"
"663436",20,"75.7","2021-07-13 13:45:00"
"663533",20,"33.2","2021-07-13 14:00:00"
"664405",20,"43.1","2021-07-13 16:00:00"
"664526",20,"71.8","2021-07-13 16:15:00"
"666873",20,"64.9","2021-07-13 16:30:00"
"664586",20,"0","2021-06-02 08:30:00"
"664640",20,"162.3","2021-06-02 08:45:00"
"664694",20,"174","2021-06-02 09:00:00"
"664748",20,"0","2021-06-02 09:15:00"
"666836",20,"113.4","2021-06-02 09:30:00"
"664802",20,"55.3","2021-03-21 11:30:00"
"664856",20,"32.1","2021-03-21 11:45:00"
"664910",20,"50.8","2021-03-21 12:00:00"
"666138",20,"230.9","2021-03-21 16:00:00"
"668828",20,"221.2","2021-03-21 16:15:00"
"668882",20,"229.9","2021-03-21 16:30:00"
"666192",20,"134.9","2021-04-24 16:45:00"
"666246",20,"144.2","2021-04-24 17:00:00"
"666300",20,"167.5","2021-04-24 17:15:00"
"666354",20,"0","2021-04-24 17:30:00"
"666408",20,"0","2021-04-24 17:45:00"
"666462",20,"0","2021-04-24 18:00:00"
"666516",20,"92.6","2021-04-24 18:15:00"
"666570",20,"100","2021-04-24 18:30:00"
"667696",20,"119.3","2021-07-13 18:00:00"
"667797",20,"112.6","2021-07-13 18:15:00"
"667863",20,"16.6","2021-06-02 12:15:00"
"667961",20,"15","2021-06-02 12:30:00"
"668074",20,"1.1","2021-06-02 12:45:00"
"667898",20,"102.5","2021-07-13 18:30:00"
"668013",20,"107.6","2021-07-13 18:45:00"
"668114",20,"106.4","2021-07-13 19:00:00"
"668189",20,"352.8","2021-06-02 13:00:00"
"668300",20,"55.2","2021-06-02 13:15:00"
"668424",20,"15.7","2021-06-02 13:30:00"
"669476",20,"350.3","2021-03-21 19:15:00"
"669530",20,"0","2021-03-21 19:30:00"
"669584",20,"205.5","2021-03-21 19:45:00"
"669638",20,"0","2021-03-21 20:00:00"
"669722",20,"0","2021-03-21 20:15:00"
"669864",20,"0","2021-03-21 20:30:00"
"672800",20,"0","2021-03-21 20:45:00"
"672854",20,"0","2021-03-21 21:00:00"
"669856",20,"243","2021-04-24 20:00:00"
"669948",20,"243.5","2021-04-24 20:15:00"
"670002",20,"269.2","2021-04-24 20:30:00"
"671098",20,"332.1","2021-06-02 15:30:00"
"671152",20,"295","2021-06-02 15:45:00"
"671206",20,"277.9","2021-06-02 16:00:00"
"671260",20,"269.6","2021-06-02 16:15:00"
"671352",20,"302.8","2021-06-02 16:30:00"
"671318",20,"139.1","2021-07-13 21:00:00"
"671439",20,"142.9","2021-07-13 21:15:00"
"671538",20,"160.7","2021-07-13 21:30:00"
"671452",20,"312.3","2021-06-02 16:45:00"
"671570",20,"346.8","2021-06-02 17:00:00"
"671689",20,"338.5","2021-06-02 17:15:00"
"672668",20,"247.8","2021-07-14 01:00:00"
"672722",20,"244.3","2021-07-14 01:15:00"
"672776",20,"222.2","2021-07-14 01:30:00"
"675559",20,"255","2021-07-14 01:45:00"
"675653",20,"257.4","2021-07-14 02:00:00"
"672908",20,"0","2021-03-21 21:15:00"
"672962",20,"0","2021-03-21 21:30:00"
"673016",20,"0","2021-03-21 21:45:00"
"673070",20,"0","2021-03-21 22:00:00"
"673124",20,"140.5","2021-03-21 22:15:00"
"674298",20,"0","2021-04-25 02:30:00"
"674352",20,"0","2021-04-25 02:45:00"
"674406",20,"0","2021-04-25 03:00:00"
"674460",20,"0","2021-04-25 03:15:00"
"674514",20,"0","2021-04-25 03:30:00"
"674568",20,"0","2021-04-25 03:45:00"
"674622",20,"0","2021-04-25 04:00:00"
"674676",20,"0","2021-04-25 04:15:00"
"674730",20,"0","2021-04-25 04:30:00"
"677784",20,"0","2021-04-25 04:45:00"
"676126",20,"0","2021-06-02 23:15:00"
"678826",20,"0","2021-06-02 23:30:00"
"676210",20,"207.4","2021-03-22 01:45:00"
"676280",20,"160.9","2021-03-22 02:00:00"
"676364",20,"0","2021-03-22 02:15:00"
"676451",20,"0","2021-03-22 02:30:00"
"676531",20,"0","2021-03-22 02:45:00"
"676507",20,"274.5","2021-07-14 03:30:00"
"676689",20,"271.3","2021-07-14 03:45:00"
"676876",20,"262","2021-07-14 04:00:00"
"677748",20,"190.6","2021-07-14 06:00:00"
"679804",20,"230","2021-07-14 06:15:00"
"679968",20,"250.3","2021-07-14 06:30:00"
"677838",20,"0","2021-04-25 05:00:00"
"677892",20,"0","2021-04-25 05:15:00"
"677946",20,"0","2021-04-25 05:30:00"
"678000",20,"0","2021-04-25 05:45:00"
"678054",20,"251","2021-04-25 06:00:00"
"678108",20,"271","2021-04-25 06:15:00"
"678162",20,"259","2021-04-25 06:30:00"
"678216",20,"214.8","2021-04-25 06:45:00"
"680018",20,"0","2021-03-22 07:30:00"
"680163",20,"0","2021-03-22 07:45:00"
"680008",20,"0","2021-06-03 03:00:00"
"680207",20,"0","2021-06-03 03:15:00"
"680366",20,"0","2021-06-03 03:30:00"
"680112",20,"0","2021-07-14 06:45:00"
"680272",20,"0","2021-07-14 07:00:00"
"680329",20,"141.8","2021-03-22 08:00:00"
"680470",20,"99.7","2021-03-22 08:15:00"
"680643",20,"101.8","2021-03-22 08:30:00"
"681483",20,"104.7","2021-07-14 09:30:00"
"681558",20,"275.3","2021-07-14 09:45:00"
"681612",20,"57.4","2021-07-14 10:00:00"
"681666",20,"81.2","2021-07-14 10:15:00"
"681720",20,"70.1","2021-07-14 10:30:00"
"681774",20,"54.9","2021-07-14 10:45:00"
"683384",20,"59","2021-07-14 11:00:00"
"683513",20,"65.4","2021-07-14 11:15:00"
"681918",20,"196.7","2021-04-25 10:00:00"
"681972",20,"212.9","2021-04-25 10:15:00"
"682026",20,"221.2","2021-04-25 10:30:00"
"683148",20,"60.4","2021-03-22 12:15:00"
"683203",20,"65","2021-03-22 12:30:00"
"683289",20,"41.3","2021-03-22 12:45:00"
"683429",20,"57.7","2021-03-22 13:00:00"
"683546",20,"68.9","2021-03-22 13:15:00"
"683543",20,"0","2021-06-03 04:15:00"
"684333",20,"42.4","2021-03-22 14:45:00"
"684480",20,"26.6","2021-03-22 15:00:00"
"686194",20,"38.5","2021-03-22 15:15:00"
"684582",20,"24.7","2021-07-14 13:15:00"
"684660",20,"27.5","2021-07-14 13:30:00"
"684738",20,"359.6","2021-07-14 13:45:00"
"684826",20,"21.6","2021-07-14 14:00:00"
"684895",20,"29.6","2021-07-14 14:15:00"
"689879",20,"0","2021-04-25 19:45:00"
"690034",20,"237.9","2021-04-25 20:00:00"
"690082",20,"264.4","2021-03-22 21:15:00"
"645273",20,"66.3","2021-07-12 18:00:00"
"645392",20,"77.9","2021-07-12 18:15:00"
"645330",20,"0","2021-04-23 17:15:00"
"645438",20,"0","2021-04-23 17:30:00"
"645499",20,"96.8","2021-07-12 18:30:00"
"645603",20,"94.7","2021-07-12 18:45:00"
"646912",20,"125.3","2021-07-12 20:15:00"
"647167",20,"131.4","2021-07-12 20:30:00"
"647352",20,"175.9","2021-07-12 20:45:00"
"647028",20,"64.8","2021-06-01 12:15:00"
"647262",20,"81.5","2021-06-01 12:30:00"
"647443",20,"70.9","2021-06-01 12:45:00"
"647088",20,"43.3","2021-03-20 13:30:00"
"647427",20,"51.7","2021-03-20 13:45:00"
"647067",20,"0","2021-04-23 19:45:00"
"647238",20,"0","2021-04-23 20:00:00"
"647431",20,"0","2021-04-23 20:15:00"
"647987",20,"54.3","2021-03-20 14:30:00"
"648099",20,"30","2021-03-20 14:45:00"
"648046",20,"96.2","2021-06-01 13:45:00"
"648159",20,"42","2021-06-01 14:00:00"
"650248",20,"0","2021-07-12 21:45:00"
"650517",20,"0","2021-07-12 22:00:00"
"650717",20,"119.9","2021-07-12 22:15:00"
"648206",20,"20.7","2021-03-20 15:00:00"
"648311",20,"14.1","2021-03-20 15:15:00"
"648413",20,"23.9","2021-03-20 15:30:00"
"648926",20,"135.1","2021-04-23 21:00:00"
"648980",20,"0","2021-04-23 21:15:00"
"649034",20,"0","2021-04-23 21:30:00"
"649088",20,"0","2021-04-23 21:45:00"
"649155",20,"0","2021-04-23 22:00:00"
"649302",20,"0","2021-04-23 22:15:00"
"649441",20,"0","2021-04-23 22:30:00"
"649576",20,"0","2021-04-23 22:45:00"
"649344",20,"140.2","2021-06-01 15:30:00"
"649436",20,"154.1","2021-06-01 15:45:00"
"649526",20,"117.8","2021-06-01 16:00:00"
"650065",20,"0","2021-04-23 23:30:00"
"650238",20,"0","2021-04-23 23:45:00"
"650480",20,"267.3","2021-04-24 00:00:00"
"650242",20,"348","2021-03-20 17:00:00"
"650523",20,"17.5","2021-03-20 17:15:00"
"650821",20,"30.3","2021-03-20 17:30:00"
"650326",20,"0","2021-06-01 18:15:00"
"650465",20,"0","2021-06-01 18:30:00"
"650604",20,"0","2021-06-01 18:45:00"
"650761",20,"107.9","2021-06-01 19:00:00"
"650928",20,"0","2021-06-01 19:15:00"
"651201",20,"132.7","2021-07-12 23:00:00"
"651303",20,"135.5","2021-07-12 23:15:00"
"651419",20,"145.1","2021-07-12 23:30:00"
"651254",20,"0","2021-04-24 00:45:00"
"654400",20,"0","2021-04-24 01:00:00"
"654486",20,"0","2021-04-24 01:15:00"
"651500",20,"173.9","2021-07-12 23:45:00"
"651584",20,"163.7","2021-07-13 00:00:00"
"651529",20,"128.2","2021-03-20 18:15:00"
"651680",20,"126.4","2021-03-20 18:30:00"
"651852",20,"182.2","2021-03-20 18:45:00"
"652778",20,"122","2021-03-20 21:30:00"
"655342",20,"135.3","2021-03-20 21:45:00"
"655421",20,"147.3","2021-03-20 22:00:00"
"652886",20,"0","2021-06-01 20:00:00"
"652940",20,"0","2021-06-01 20:15:00"
"652994",20,"0","2021-06-01 20:30:00"
"653048",20,"0","2021-06-01 20:45:00"
"653102",20,"0","2021-06-01 21:00:00"
"653156",20,"0","2021-06-01 21:15:00"
"653210",20,"0","2021-06-01 21:30:00"
"653264",20,"173.9","2021-06-01 21:45:00"
"654550",20,"0","2021-07-13 05:30:00"
"654630",20,"263","2021-07-13 05:45:00"
"654603",20,"0","2021-04-24 01:30:00"
"654836",20,"0","2021-04-24 01:45:00"
"654943",20,"0","2021-04-24 02:00:00"
"654684",20,"260.7","2021-07-13 06:00:00"
"654755",20,"222.6","2021-07-13 06:15:00"
"654851",20,"169.7","2021-07-13 06:30:00"
"654958",20,"193","2021-07-13 06:45:00"
"655054",20,"160.8","2021-07-13 07:00:00"
"656731",20,"95.1","2021-03-21 02:00:00"
"657371",20,"104.8","2021-03-21 02:15:00"
"656858",20,"0","2021-06-02 00:30:00"
"656912",20,"0","2021-06-02 00:45:00"
"656966",20,"0","2021-06-02 01:00:00"
"657020",20,"0","2021-06-02 01:15:00"
"657074",20,"0","2021-06-02 01:30:00"
"657128",20,"0","2021-06-02 01:45:00"
"657182",20,"0","2021-06-02 02:00:00"
"657236",20,"0","2021-06-02 02:15:00"
"658525",20,"257.7","2021-06-02 03:45:00"
"658817",20,"266.7","2021-06-02 04:00:00"
"659089",20,"210.3","2021-06-02 04:15:00"
"658585",20,"275","2021-03-21 04:00:00"
"658753",20,"0","2021-03-21 04:15:00"
"658526",20,"0","2021-04-24 07:15:00"
"658698",20,"0","2021-04-24 07:30:00"
"658862",20,"0","2021-04-24 07:45:00"
"658927",20,"0","2021-03-21 04:30:00"
"659085",20,"0","2021-03-21 04:45:00"
"659223",20,"0","2021-03-21 05:00:00"
"660174",20,"0","2021-03-21 06:30:00"
"660306",20,"135.6","2021-03-21 06:45:00"
"660136",20,"79.6","2021-04-24 09:45:00"
"660271",20,"51.3","2021-04-24 10:00:00"
"661449",20,"33.5","2021-04-24 10:15:00"
"660428",20,"170.4","2021-07-13 10:00:00"
"660482",20,"156.5","2021-07-13 10:15:00"
"660536",20,"168.1","2021-07-13 10:30:00"
"660590",20,"96.1","2021-07-13 10:45:00"
"660644",20,"87.5","2021-07-13 11:00:00"
"661739",20,"52.7","2021-04-24 11:00:00"
"661864",20,"57.6","2021-04-24 11:15:00"
"661963",20,"33.3","2021-04-24 11:30:00"
"661980",20,"53.7","2021-03-21 11:00:00"
"662071",20,"59.9","2021-03-21 11:15:00"
"662087",20,"76.5","2021-04-24 11:45:00"
"662166",20,"53.4","2021-04-24 12:00:00"
"662220",20,"46.9","2021-04-24 12:15:00"
"662297",20,"21.8","2021-04-24 12:30:00"
"662406",20,"23.6","2021-04-24 12:45:00"
"665481",20,"17.3","2021-04-24 15:00:00"
"665584",20,"298.7","2021-04-24 15:15:00"
"663463",20,"54.1","2021-06-02 05:45:00"
"663583",20,"0","2021-06-02 06:00:00"
"663642",20,"35.8","2021-07-13 14:15:00"
"663689",20,"0","2021-06-02 06:15:00"
"663751",20,"38.3","2021-07-13 14:30:00"
"663795",20,"0","2021-06-02 06:30:00"
"663901",20,"0","2021-06-02 06:45:00"
"663997",20,"0","2021-06-02 07:00:00"
"664964",20,"38","2021-03-21 12:15:00"
"665018",20,"17","2021-03-21 12:30:00"
"665072",20,"38.1","2021-03-21 12:45:00"
"665126",20,"53","2021-03-21 13:00:00"
"665180",20,"14.7","2021-03-21 13:15:00"
"665234",20,"29.7","2021-03-21 13:30:00"
"665288",20,"10.6","2021-03-21 13:45:00"
"665342",20,"326.9","2021-03-21 14:00:00"
"665396",20,"358.8","2021-03-21 14:15:00"
"665486",20,"247.9","2021-03-21 14:30:00"
"667162",20,"75.3","2021-06-02 10:30:00"
"667243",20,"77.4","2021-06-02 10:45:00"
"667348",20,"99.6","2021-07-13 17:15:00"
"667483",20,"107.5","2021-07-13 17:30:00"
"667584",20,"105.3","2021-07-13 17:45:00"
"667334",20,"48.7","2021-06-02 11:00:00"
"667413",20,"49.5","2021-06-02 11:15:00"
"667520",20,"35.1","2021-06-02 11:30:00"
"667631",20,"22.4","2021-06-02 11:45:00"
"667732",20,"39.2","2021-06-02 12:00:00"
"668218",20,"106.1","2021-07-13 19:15:00"
"668322",20,"120.7","2021-07-13 19:30:00"
"668415",20,"133.8","2021-07-13 19:45:00"
"668533",20,"163.6","2021-07-13 20:00:00"
"668640",20,"158.4","2021-07-13 20:15:00"
"668522",20,"358.2","2021-06-02 13:45:00"
"668631",20,"331.5","2021-06-02 14:00:00"
"668696",20,"145.6","2021-07-13 20:30:00"
"668750",20,"144.8","2021-07-13 20:45:00"
"670056",20,"0","2021-04-24 20:45:00"
"670110",20,"0","2021-04-24 21:00:00"
"670164",20,"0","2021-04-24 21:15:00"
"670218",20,"0","2021-04-24 21:30:00"
"670272",20,"222.9","2021-04-24 21:45:00"
"670326",20,"248.1","2021-04-24 22:00:00"
"670380",20,"235.4","2021-04-24 22:15:00"
"670434",20,"228.3","2021-04-24 22:30:00"
"670488",20,"226.6","2021-04-24 22:45:00"
"670542",20,"215.9","2021-04-24 23:00:00"
"671635",20,"226.8","2021-07-13 21:45:00"
"671737",20,"267.8","2021-07-13 22:00:00"
"671841",20,"266.4","2021-07-13 22:15:00"
"671801",20,"0","2021-06-02 17:30:00"
"671897",20,"0","2021-06-02 17:45:00"
"671966",20,"230.1","2021-07-13 22:30:00"
"672065",20,"269","2021-07-13 22:45:00"
"672016",20,"350.1","2021-06-02 18:00:00"
"672123",20,"2.4","2021-06-02 18:15:00"
"672239",20,"41.4","2021-06-02 18:30:00"
"673178",20,"128.7","2021-03-21 22:30:00"
"673232",20,"120","2021-03-21 22:45:00"
"673286",20,"138.2","2021-03-21 23:00:00"
"673340",20,"0","2021-03-21 23:15:00"
"673394",20,"0","2021-03-21 23:30:00"
"673448",20,"0","2021-03-21 23:45:00"
"673502",20,"0","2021-03-22 00:00:00"
"673556",20,"0","2021-03-22 00:15:00"
"673610",20,"0","2021-03-22 00:30:00"
"673664",20,"0","2021-03-22 00:45:00"
"675544",20,"284.5","2021-06-02 22:00:00"
"675667",20,"0","2021-06-02 22:15:00"
"675767",20,"256.7","2021-07-14 02:15:00"
"675876",20,"254.9","2021-07-14 02:30:00"
"675768",20,"0","2021-06-02 22:30:00"
"675875",20,"0","2021-06-02 22:45:00"
"675979",20,"0","2021-06-02 23:00:00"
"675988",20,"259.7","2021-07-14 02:45:00"
"676175",20,"277.1","2021-07-14 03:00:00"
"676357",20,"266.2","2021-07-14 03:15:00"
"677184",20,"276.9","2021-03-22 04:45:00"
"677307",20,"272.3","2021-03-22 05:00:00"
"677414",20,"279.1","2021-03-22 05:15:00"
"677254",20,"234.8","2021-07-14 04:45:00"
"677361",20,"179.7","2021-07-14 05:00:00"
"677477",20,"168.2","2021-07-14 05:15:00"
"677509",20,"283.5","2021-03-22 05:30:00"
"677613",20,"288.6","2021-03-22 05:45:00"
"677593",20,"225.6","2021-07-14 05:30:00"
"677694",20,"236.7","2021-07-14 05:45:00"
"681810",20,"129.1","2021-04-25 09:30:00"
"681864",20,"149.5","2021-04-25 09:45:00"
"678880",20,"0","2021-06-02 23:45:00"
"678934",20,"0","2021-06-03 00:00:00"
"678988",20,"0","2021-06-03 00:15:00"
"679042",20,"0","2021-06-03 00:30:00"
"679096",20,"0","2021-06-03 00:45:00"
"679150",20,"0","2021-06-03 01:00:00"
"679204",20,"0","2021-06-03 01:15:00"
"679282",20,"268.4","2021-06-03 01:30:00"
"680431",20,"0","2021-07-14 07:15:00"
"680570",20,"0","2021-07-14 07:30:00"
"680707",20,"0","2021-07-14 07:45:00"
"680562",20,"246.9","2021-06-03 03:45:00"
"683252",20,"225.4","2021-06-03 04:00:00"
"680767",20,"87","2021-03-22 08:45:00"
"680815",20,"247.3","2021-07-14 08:00:00"
"680918",20,"169.8","2021-07-14 08:15:00"
"681025",20,"131.6","2021-07-14 08:30:00"
"682080",20,"212.3","2021-04-25 10:45:00"
"682134",20,"207.2","2021-04-25 11:00:00"
"682188",20,"212.5","2021-04-25 11:15:00"
"682242",20,"210.6","2021-04-25 11:30:00"
"682296",20,"159.5","2021-04-25 11:45:00"
"682350",20,"179.8","2021-04-25 12:00:00"
"682404",20,"183.6","2021-04-25 12:15:00"
"682458",20,"154","2021-04-25 12:30:00"
"682512",20,"117.7","2021-04-25 12:45:00"
"682566",20,"142.1","2021-04-25 13:00:00"
"683663",20,"60.6","2021-03-22 13:30:00"
"683804",20,"46.7","2021-03-22 13:45:00"
"683928",20,"34","2021-03-22 14:00:00"
"683924",20,"39.5","2021-07-14 12:00:00"
"684065",20,"41.9","2021-07-14 12:15:00"
"684184",20,"36.6","2021-07-14 12:30:00"
"684055",20,"37.9","2021-03-22 14:15:00"
"684205",20,"24.5","2021-03-22 14:30:00"
"684329",20,"50.3","2021-07-14 12:45:00"
"684445",20,"29.8","2021-07-14 13:00:00"
"685446",20,"255.9","2021-06-03 07:00:00"
"685500",20,"0","2021-06-03 07:15:00"
"685554",20,"279.4","2021-06-03 07:30:00"
"685608",20,"293.9","2021-06-03 07:45:00"
"685662",20,"0","2021-06-03 08:00:00"
"685716",20,"294.5","2021-06-03 08:15:00"
"685770",20,"294","2021-06-03 08:30:00"
"685890",20,"248.8","2021-04-25 14:30:00"
"685944",20,"0","2021-04-25 14:45:00"
"685998",20,"0","2021-04-25 15:00:00"
"686506",20,"68.2","2021-03-22 16:00:00"
"686625",20,"36.3","2021-03-22 16:15:00"
"686725",20,"50.2","2021-03-22 16:30:00"
"686706",20,"244.8","2021-04-25 17:00:00"
"686820",20,"244.4","2021-04-25 17:15:00"
"686965",20,"238.3","2021-04-25 17:30:00"
"686827",20,"46.7","2021-03-22 16:45:00"
"686914",20,"43.9","2021-03-22 17:00:00"
"686999",20,"23.6","2021-03-22 17:15:00"
"687074",20,"45.9","2021-03-22 17:30:00"
"687159",20,"49","2021-03-22 17:45:00"
"687704",20,"34.6","2021-07-14 15:45:00"
"687810",20,"26","2021-07-14 16:00:00"
"687919",20,"33.5","2021-07-14 16:15:00"
"687765",20,"0","2021-03-22 19:15:00"
"687871",20,"71.2","2021-03-22 19:30:00"
"687969",20,"48.5","2021-03-22 19:45:00"
"689321",20,"0","2021-03-22 20:00:00"
"689431",20,"267.6","2021-03-22 20:15:00"
"688016",20,"42.4","2021-07-14 16:30:00"
"688070",20,"35.3","2021-07-14 16:45:00"
"688124",20,"51.2","2021-07-14 17:00:00"
"688752",20,"37.1","2021-06-03 11:15:00"
"688806",20,"32.4","2021-06-03 11:30:00"
"688860",20,"24.4","2021-06-03 11:45:00"
"688914",20,"172.8","2021-06-03 12:00:00"
"688968",20,"198.4","2021-06-03 12:15:00"
"689022",20,"165.6","2021-06-03 12:30:00"
"689076",20,"210.9","2021-06-03 12:45:00"
"689130",20,"66.5","2021-06-03 13:00:00"
"691796",20,"30.5","2021-06-03 13:15:00"
"691850",20,"32.7","2021-06-03 13:30:00"
"690359",20,"254.1","2021-03-22 21:45:00"
"690221",20,"254.1","2021-03-22 21:30:00"
"690055",20,"79.5","2021-07-14 18:30:00"
"690193",20,"78.4","2021-07-14 18:45:00"
"690407",20,"85.4","2021-07-14 19:00:00"
"690240",20,"222.4","2021-04-25 20:15:00"
"690379",20,"222.2","2021-04-25 20:30:00"
"690534",20,"235.9","2021-04-25 20:45:00"
"695351",20,"0","2021-03-23 04:15:00"
"695479",20,"0","2021-03-23 04:30:00"
"695556",20,"0","2021-04-26 03:15:00"
"695658",20,"0","2021-04-26 03:30:00"
"695752",20,"0","2021-04-26 03:45:00"
"695601",20,"0","2021-03-23 04:45:00"
"695703",20,"0","2021-03-23 05:00:00"
"696820",20,"0","2021-03-23 05:15:00"
"697027",20,"248.8","2021-04-26 04:00:00"
"697171",20,"256.1","2021-04-26 04:15:00"
"697152",20,"219.1","2021-07-15 01:00:00"
"697345",20,"267.2","2021-07-15 01:15:00"
"697506",20,"268.5","2021-07-15 01:30:00"
"697229",20,"0","2021-03-23 06:15:00"
"697377",20,"0","2021-03-23 06:30:00"
"697325",20,"0","2021-04-26 04:30:00"
"697489",20,"0","2021-04-26 04:45:00"
"697537",20,"0","2021-03-23 06:45:00"
"697676",20,"0","2021-03-23 07:00:00"
"697848",20,"0","2021-03-23 07:15:00"
"698828",20,"273.3","2021-04-26 06:45:00"
"698990",20,"264.9","2021-04-26 07:00:00"
"698851",20,"78.5","2021-03-23 08:45:00"
"699015",20,"47.5","2021-03-23 09:00:00"
"699220",20,"278.3","2021-07-15 04:15:00"
"699371",20,"271","2021-07-15 04:30:00"
"699149",20,"260.2","2021-04-26 07:15:00"
"699338",20,"0","2021-04-26 07:30:00"
"699481",20,"0","2021-04-26 07:45:00"
"700226",20,"199.6","2021-06-04 00:30:00"
"700280",20,"179.1","2021-06-04 00:45:00"
"700334",20,"175.8","2021-06-04 01:00:00"
"700388",20,"174.3","2021-06-04 01:15:00"
"700442",20,"168.2","2021-06-04 01:30:00"
"700496",20,"178.5","2021-06-04 01:45:00"
"700550",20,"143.5","2021-06-04 02:00:00"
"700604",20,"164.9","2021-06-04 02:15:00"
"700658",20,"184.6","2021-06-04 02:30:00"
"700712",20,"160.5","2021-06-04 02:45:00"
"700766",20,"132.1","2021-06-04 03:00:00"
"701402",20,"160.2","2021-04-26 09:15:00"
"701554",20,"163.4","2021-04-26 09:30:00"
"701581",20,"277.4","2021-07-15 06:00:00"
"701766",20,"288.2","2021-07-15 06:15:00"
"701910",20,"0","2021-07-15 06:30:00"
"701636",20,"3.6","2021-03-23 11:45:00"
"701775",20,"17.2","2021-03-23 12:00:00"
"701954",20,"56.5","2021-03-23 12:15:00"
"701700",20,"154.3","2021-04-26 09:45:00"
"701874",20,"130.2","2021-04-26 10:00:00"
"702029",20,"114.5","2021-04-26 10:15:00"
"703036",20,"290.6","2021-04-26 11:45:00"
"703193",20,"282.1","2021-04-26 12:00:00"
"703323",20,"263","2021-04-26 12:15:00"
"703199",20,"151.3","2021-07-15 08:30:00"
"703341",20,"163.6","2021-07-15 08:45:00"
"703441",20,"140.3","2021-07-15 09:00:00"
"704641",20,"306.3","2021-03-23 14:30:00"
"704762",20,"5.2","2021-03-23 14:45:00"
"703442",20,"272","2021-04-26 12:30:00"
"703539",20,"265.9","2021-04-26 12:45:00"
"705196",20,"21","2021-03-23 16:15:00"
"705298",20,"344.9","2021-03-23 16:30:00"
"705401",20,"351.3","2021-03-23 16:45:00"
"705481",20,"279.4","2021-04-26 13:45:00"
"705581",20,"273","2021-04-26 14:00:00"
"705498",20,"350.4","2021-03-23 17:00:00"
"705612",20,"359.6","2021-03-23 17:15:00"
"705696",20,"256.6","2021-04-26 14:15:00"
"705793",20,"253.9","2021-04-26 14:30:00"
"705897",20,"255.8","2021-04-26 14:45:00"
"706912",20,"247.7","2021-04-26 16:45:00"
"706995",20,"247.5","2021-04-26 17:00:00"
"707087",20,"234.4","2021-04-26 17:15:00"
"707022",20,"19","2021-07-15 11:45:00"
"707145",20,"16.4","2021-07-15 12:00:00"
"707282",20,"36.3","2021-07-15 12:15:00"
"707184",20,"227.9","2021-04-26 17:30:00"
"707259",20,"220.4","2021-04-26 17:45:00"
"708788",20,"226.9","2021-04-26 18:00:00"
"707336",20,"27.8","2021-07-15 12:30:00"
"707390",20,"61","2021-07-15 12:45:00"
"708789",20,"115.7","2021-06-04 09:00:00"
"708956",20,"119.3","2021-06-04 09:15:00"
"708711",20,"226.6","2021-03-23 22:00:00"
"708874",20,"129.1","2021-03-23 22:15:00"
"709039",20,"0","2021-03-23 22:30:00"
"708960",20,"223.5","2021-04-26 18:15:00"
"709112",20,"230.7","2021-04-26 18:30:00"
"709128",20,"126.7","2021-06-04 09:30:00"
"709268",20,"128.3","2021-06-04 09:45:00"
"709426",20,"133.3","2021-06-04 10:00:00"
"709752",20,"268.9","2021-04-26 19:30:00"
"709853",20,"0","2021-04-26 19:45:00"
"709882",20,"129.3","2021-06-04 10:45:00"
"709971",20,"125.9","2021-06-04 11:00:00"
"710066",20,"115.9","2021-06-04 11:15:00"
"709980",20,"254.4","2021-04-26 20:00:00"
"710098",20,"270.4","2021-04-26 20:15:00"
"710201",20,"279.8","2021-04-26 20:30:00"
"710182",20,"107.3","2021-06-04 11:30:00"
"710301",20,"100.5","2021-06-04 11:45:00"
"710876",20,"333.8","2021-07-15 15:00:00"
"710930",20,"332.4","2021-07-15 15:15:00"
"710984",20,"333.7","2021-07-15 15:30:00"
"711038",20,"343.8","2021-07-15 15:45:00"
"711092",20,"336.2","2021-07-15 16:00:00"
"711146",20,"336.4","2021-07-15 16:15:00"
"711200",20,"329.7","2021-07-15 16:30:00"
"711254",20,"330.8","2021-07-15 16:45:00"
"711308",20,"325.9","2021-07-15 17:00:00"
"711362",20,"330.7","2021-07-15 17:15:00"
"712523",20,"262.9","2021-04-26 22:30:00"
"712674",20,"269.2","2021-04-26 22:45:00"
"712836",20,"268.9","2021-04-26 23:00:00"
"712772",20,"0","2021-03-24 03:15:00"
"712905",20,"0","2021-03-24 03:30:00"
"712765",20,"92","2021-06-04 12:45:00"
"712947",20,"56.9","2021-06-04 13:00:00"
"713022",20,"261.3","2021-04-26 23:15:00"
"713155",20,"261","2021-04-26 23:30:00"
"713318",20,"261.2","2021-04-26 23:45:00"
"714142",20,"257.8","2021-04-27 01:45:00"
"714244",20,"263.9","2021-04-27 02:00:00"
"714372",20,"267.4","2021-04-27 02:15:00"
"714436",20,"72.8","2021-06-04 16:00:00"
"714544",20,"66","2021-06-04 16:15:00"
"714484",20,"268","2021-04-27 02:30:00"
"714582",20,"265.3","2021-04-27 02:45:00"
"714666",20,"72.3","2021-06-04 16:30:00"
"714736",20,"85.7","2021-06-04 16:45:00"
"717107",20,"86.2","2021-06-04 17:00:00"
"715842",20,"0","2021-03-24 04:30:00"
"715896",20,"0","2021-03-24 04:45:00"
"715950",20,"0","2021-03-24 05:00:00"
"716004",20,"0","2021-03-24 05:15:00"
"716058",20,"0","2021-03-24 05:30:00"
"716112",20,"0","2021-03-24 05:45:00"
"716166",20,"0","2021-03-24 06:00:00"
"716220",20,"0","2021-03-24 06:15:00"
"716274",20,"0","2021-03-24 06:30:00"
"716328",20,"0","2021-03-24 06:45:00"
"717396",20,"88.3","2021-06-04 17:45:00"
"717521",20,"105.7","2021-06-04 18:00:00"
"717625",20,"102.6","2021-06-04 18:15:00"
"717668",20,"0","2021-04-27 05:45:00"
"717787",20,"0","2021-04-27 06:00:00"
"717726",20,"101.8","2021-06-04 18:30:00"
"717832",20,"90.2","2021-06-04 18:45:00"
"717900",20,"0","2021-04-27 06:15:00"
"717991",20,"0","2021-04-27 06:30:00"
"718092",20,"0","2021-04-27 06:45:00"
"718928",20,"213.5","2021-07-16 00:30:00"
"718982",20,"207.6","2021-07-16 00:45:00"
"719036",20,"212.9","2021-07-16 01:00:00"
"719090",20,"207.3","2021-07-16 01:15:00"
"719144",20,"214.7","2021-07-16 01:30:00"
"719198",20,"217.4","2021-07-16 01:45:00"
"719252",20,"214.6","2021-07-16 02:00:00"
"719306",20,"211.1","2021-07-16 02:15:00"
"719360",20,"193.1","2021-07-16 02:30:00"
"719414",20,"188.5","2021-07-16 02:45:00"
"719468",20,"146.4","2021-07-16 03:00:00"
"720624",20,"77","2021-03-24 12:45:00"
"720678",20,"55.2","2021-03-24 13:00:00"
"720732",20,"85.2","2021-03-24 13:15:00"
"723786",20,"30.8","2021-03-24 13:30:00"
"723840",20,"47.1","2021-03-24 13:45:00"
"720908",20,"0","2021-04-27 08:15:00"
"720962",20,"223.8","2021-04-27 08:30:00"
"721016",20,"200.8","2021-04-27 08:45:00"
"721070",20,"243.9","2021-04-27 09:00:00"
"721124",20,"195.4","2021-04-27 09:15:00"
"722356",20,"189.2","2021-06-05 00:15:00"
"722410",20,"0","2021-06-05 00:30:00"
"722464",20,"0","2021-06-05 00:45:00"
"722518",20,"0","2021-06-05 01:00:00"
"722572",20,"208","2021-06-05 01:15:00"
"722626",20,"206","2021-06-05 01:30:00"
"722680",20,"232.5","2021-06-05 01:45:00"
"722734",20,"245.4","2021-06-05 02:00:00"
"725788",20,"241.7","2021-06-05 02:15:00"
"725844",20,"232.4","2021-06-05 02:30:00"
"723440",20,"200.9","2021-07-16 07:30:00"
"723494",20,"225.1","2021-07-16 07:45:00"
"723548",20,"219","2021-07-16 08:00:00"
"723602",20,"226","2021-07-16 08:15:00"
"723656",20,"175","2021-07-16 08:30:00"
"723710",20,"81.8","2021-07-16 08:45:00"
"723764",20,"0","2021-07-16 09:00:00"
"726948",20,"98.9","2021-07-16 09:15:00"
"723894",20,"24.8","2021-03-24 14:00:00"
"723948",20,"40.8","2021-03-24 14:15:00"
"724002",20,"3.5","2021-03-24 14:30:00"
"724596",20,"62.1","2021-03-24 17:15:00"
"724650",20,"66.6","2021-03-24 17:30:00"
"724704",20,"63.2","2021-03-24 17:45:00"
"724758",20,"71","2021-03-24 18:00:00"
"728363",20,"64.8","2021-03-24 18:15:00"
"724880",20,"345.8","2021-04-27 12:45:00"
"724934",20,"334.1","2021-04-27 13:00:00"
"724988",20,"290.5","2021-04-27 13:15:00"
"725042",20,"343.5","2021-04-27 13:30:00"
"725096",20,"261.5","2021-04-27 13:45:00"
"726283",20,"0","2021-06-05 03:30:00"
"726377",20,"0","2021-06-05 03:45:00"
"726492",20,"0","2021-01-01 01:30:00"
"726600",20,"0","2021-01-01 01:45:00"
"726491",20,"0","2021-06-05 04:00:00"
"726599",20,"0","2021-06-05 04:15:00"
"726709",20,"272.2","2021-06-05 04:30:00"
"726702",20,"0","2021-01-01 02:00:00"
"726809",20,"0","2021-01-01 02:15:00"
"726978",20,"0","2021-01-01 02:30:00"
"729037",20,"164.6","2021-03-24 19:45:00"
"683870",20,"267.4","2021-06-03 04:30:00"
"684139",20,"0","2021-06-03 04:45:00"
"683664",20,"44.5","2021-07-14 11:30:00"
"683780",20,"41.4","2021-07-14 11:45:00"
"684799",20,"0","2021-06-03 05:30:00"
"684986",20,"0","2021-06-03 05:45:00"
"685160",20,"0","2021-06-03 06:00:00"
"684976",20,"21.6","2021-07-14 14:30:00"
"685054",20,"25.9","2021-07-14 14:45:00"
"685129",20,"21.9","2021-07-14 15:00:00"
"685220",20,"28.6","2021-07-14 15:15:00"
"687519",20,"27.1","2021-07-14 15:30:00"
"685284",20,"0","2021-06-03 06:15:00"
"685338",20,"254.1","2021-06-03 06:30:00"
"685392",20,"0","2021-06-03 06:45:00"
"686052",20,"0","2021-04-25 15:15:00"
"686106",20,"228.6","2021-04-25 15:30:00"
"686160",20,"223.7","2021-04-25 15:45:00"
"686261",20,"222.4","2021-04-25 16:00:00"
"686372",20,"218.9","2021-04-25 16:15:00"
"686303",20,"29","2021-03-22 15:30:00"
"686411",20,"49","2021-03-22 15:45:00"
"686494",20,"223.6","2021-04-25 16:30:00"
"686591",20,"226.2","2021-04-25 16:45:00"
"687126",20,"243.9","2021-04-25 17:45:00"
"687280",20,"231.7","2021-04-25 18:00:00"
"687437",20,"232.7","2021-04-25 18:15:00"
"687245",20,"52.4","2021-03-22 18:00:00"
"687322",20,"54.8","2021-03-22 18:15:00"
"687403",20,"67.1","2021-03-22 18:30:00"
"687518",20,"72.8","2021-03-22 18:45:00"
"687665",20,"62","2021-03-22 19:00:00"
"687592",20,"259.7","2021-04-25 18:30:00"
"689273",20,"253.9","2021-04-25 18:45:00"
"688212",20,"0","2021-06-03 08:45:00"
"688266",20,"115.9","2021-06-03 09:00:00"
"688320",20,"127.9","2021-06-03 09:15:00"
"688374",20,"130.2","2021-06-03 09:30:00"
"688428",20,"132.5","2021-06-03 09:45:00"
"688482",20,"115.5","2021-06-03 10:00:00"
"688536",20,"84.2","2021-06-03 10:15:00"
"688590",20,"62","2021-06-03 10:30:00"
"688644",20,"66","2021-06-03 10:45:00"
"688698",20,"25.7","2021-06-03 11:00:00"
"689159",20,"48.4","2021-07-14 17:15:00"
"689312",20,"45.6","2021-07-14 17:30:00"
"689504",20,"50.4","2021-07-14 17:45:00"
"689448",20,"256.6","2021-04-25 19:00:00"
"689575",20,"263.8","2021-04-25 19:15:00"
"689722",20,"274.4","2021-04-25 19:30:00"
"689617",20,"272.4","2021-03-22 20:30:00"
"689758",20,"272","2021-03-22 20:45:00"
"689906",20,"259.4","2021-03-22 21:00:00"
"689707",20,"68.5","2021-07-14 18:00:00"
"689899",20,"80.9","2021-07-14 18:15:00"
"691037",20,"64.6","2021-07-14 20:00:00"
"692826",20,"62","2021-07-14 20:15:00"
"691050",20,"0","2021-04-25 21:30:00"
"691157",20,"243.6","2021-04-25 21:45:00"
"691266",20,"254.2","2021-04-25 22:00:00"
"691133",20,"0","2021-03-22 23:00:00"
"691243",20,"0","2021-03-22 23:15:00"
"691351",20,"131.8","2021-03-22 23:30:00"
"691372",20,"251.2","2021-04-25 22:15:00"
"691464",20,"250.9","2021-04-25 22:30:00"
"692012",20,"342","2021-06-03 14:15:00"
"692066",20,"11.3","2021-06-03 14:30:00"
"692120",20,"19.3","2021-06-03 14:45:00"
"692174",20,"356","2021-06-03 15:00:00"
"692228",20,"9.2","2021-06-03 15:15:00"
"692282",20,"35.3","2021-06-03 15:30:00"
"692336",20,"0","2021-06-03 15:45:00"
"692390",20,"231.1","2021-06-03 16:00:00"
"692444",20,"58.8","2021-06-03 16:15:00"
"692498",20,"28.6","2021-06-03 16:30:00"
"692552",20,"0","2021-06-03 16:45:00"
"693281",20,"263.7","2021-04-25 23:30:00"
"693417",20,"246","2021-04-25 23:45:00"
"693602",20,"258.1","2021-04-26 00:00:00"
"693359",20,"0","2021-03-23 01:00:00"
"693507",20,"0","2021-03-23 01:15:00"
"693667",20,"0","2021-03-23 01:30:00"
"693361",20,"277.7","2021-07-14 21:45:00"
"693511",20,"275.2","2021-07-14 22:00:00"
"693669",20,"278.3","2021-07-14 22:15:00"
"693763",20,"253.7","2021-04-26 00:15:00"
"693914",20,"261.8","2021-04-26 00:30:00"
"694200",20,"193.6","2021-07-14 23:00:00"
"694410",20,"0","2021-07-14 23:15:00"
"694602",20,"0","2021-07-14 23:30:00"
"694521",20,"241.1","2021-04-26 01:30:00"
"694668",20,"220.9","2021-04-26 01:45:00"
"694589",20,"0","2021-03-23 03:00:00"
"694730",20,"0","2021-03-23 03:15:00"
"694801",20,"209.5","2021-07-14 23:45:00"
"694974",20,"203.3","2021-07-15 00:00:00"
"695876",20,"0","2021-06-03 18:15:00"
"695930",20,"74.1","2021-06-03 18:30:00"
"695984",20,"0","2021-06-03 18:45:00"
"696038",20,"0","2021-06-03 19:00:00"
"696092",20,"0","2021-06-03 19:15:00"
"696146",20,"0","2021-06-03 19:30:00"
"696200",20,"0","2021-06-03 19:45:00"
"696254",20,"0","2021-06-03 20:00:00"
"696308",20,"0","2021-06-03 20:15:00"
"696362",20,"0","2021-06-03 20:30:00"
"697641",20,"266.6","2021-07-15 01:45:00"
"697781",20,"271.7","2021-07-15 02:00:00"
"697942",20,"273.6","2021-07-15 02:15:00"
"697700",20,"0","2021-04-26 05:00:00"
"697876",20,"0","2021-04-26 05:15:00"
"698027",20,"0","2021-04-26 05:30:00"
"698113",20,"268.5","2021-07-15 02:30:00"
"698188",20,"0","2021-04-26 05:45:00"
"698014",20,"0","2021-03-23 07:30:00"
"698177",20,"0","2021-03-23 07:45:00"
"699177",20,"73.6","2021-03-23 09:15:00"
"699331",20,"79.6","2021-03-23 09:30:00"
"700792",20,"97.4","2021-03-23 09:45:00"
"699507",20,"268.2","2021-07-15 04:45:00"
"699620",20,"222.8","2021-07-15 05:00:00"
"699722",20,"255.9","2021-07-15 05:15:00"
"699585",20,"275.1","2021-04-26 08:00:00"
"699705",20,"285.8","2021-04-26 08:15:00"
"701254",20,"273","2021-07-15 05:30:00"
"701397",20,"281.2","2021-07-15 05:45:00"
"703820",20,"0","2021-06-04 03:15:00"
"703874",20,"0","2021-06-04 03:30:00"
"700846",20,"78.4","2021-03-23 10:00:00"
"700900",20,"35.4","2021-03-23 10:15:00"
"700954",20,"87.5","2021-03-23 10:30:00"
"701025",20,"61.1","2021-03-23 10:45:00"
"701127",20,"39.3","2021-03-23 11:00:00"
"701296",20,"56.4","2021-03-23 11:15:00"
"701481",20,"26.2","2021-03-23 11:30:00"
"702578",20,"10.6","2021-03-23 13:15:00"
"702746",20,"57","2021-03-23 13:30:00"
"702515",20,"292.9","2021-04-26 11:00:00"
"702720",20,"286.8","2021-04-26 11:15:00"
"702869",20,"294.5","2021-04-26 11:30:00"
"702870",20,"93.7","2021-07-15 08:00:00"
"703025",20,"101.7","2021-07-15 08:15:00"
"702918",20,"67.7","2021-03-23 13:45:00"
"703077",20,"64.3","2021-03-23 14:00:00"
"703237",20,"8.7","2021-03-23 14:15:00"
"704090",20,"0","2021-06-04 04:30:00"
"704144",20,"0","2021-06-04 04:45:00"
"704198",20,"0","2021-06-04 05:00:00"
"704252",20,"106.1","2021-06-04 05:15:00"
"704306",20,"0","2021-06-04 05:30:00"
"704360",20,"0","2021-06-04 05:45:00"
"704414",20,"0","2021-06-04 06:00:00"
"704468",20,"0","2021-06-04 06:15:00"
"704522",20,"90.5","2021-06-04 06:30:00"
"704586",20,"123.8","2021-06-04 06:45:00"
"705720",20,"41.7","2021-03-23 17:30:00"
"705837",20,"17.7","2021-03-23 17:45:00"
"705936",20,"62.4","2021-03-23 18:00:00"
"706053",20,"273.2","2021-04-26 15:00:00"
"706274",20,"284.5","2021-04-26 15:15:00"
"706010",20,"23","2021-03-23 18:15:00"
"706087",20,"354.3","2021-03-23 18:30:00"
"706143",20,"8.4","2021-03-23 18:45:00"
"707790",20,"0","2021-03-23 19:00:00"
"707844",20,"34.2","2021-03-23 19:15:00"
"707444",20,"34.1","2021-07-15 13:00:00"
"707498",20,"12.1","2021-07-15 13:15:00"
"707552",20,"2.9","2021-07-15 13:30:00"
"707606",20,"28.2","2021-07-15 13:45:00"
"707660",20,"40.7","2021-07-15 14:00:00"
"707714",20,"19.5","2021-07-15 14:15:00"
"707768",20,"350.3","2021-07-15 14:30:00"
"710822",20,"341.9","2021-07-15 14:45:00"
"707898",20,"36","2021-03-23 19:30:00"
"707952",20,"0","2021-03-23 19:45:00"
"708006",20,"0","2021-03-23 20:00:00"
"709196",20,"0","2021-03-23 22:45:00"
"709357",20,"0","2021-03-23 23:00:00"
"709307",20,"260","2021-04-26 18:45:00"
"709460",20,"256.8","2021-04-26 19:00:00"
"709603",20,"261.4","2021-04-26 19:15:00"
"709586",20,"143","2021-06-04 10:15:00"
"709768",20,"135.5","2021-06-04 10:30:00"
"709527",20,"0","2021-03-23 23:15:00"
"709684",20,"0","2021-03-23 23:30:00"
"711816",20,"0","2021-03-23 23:45:00"
"711416",20,"322.1","2021-07-15 17:30:00"
"711470",20,"329.3","2021-07-15 17:45:00"
"711524",20,"331.9","2021-07-15 18:00:00"
"711578",20,"333.4","2021-07-15 18:15:00"
"711632",20,"332.4","2021-07-15 18:30:00"
"711686",20,"330.9","2021-07-15 18:45:00"
"711740",20,"326.1","2021-07-15 19:00:00"
"714794",20,"316.9","2021-07-15 19:15:00"
"711870",20,"0","2021-03-24 00:00:00"
"711924",20,"230.2","2021-03-24 00:15:00"
"711978",20,"233.1","2021-03-24 00:30:00"
"713613",20,"259.5","2021-04-27 00:30:00"
"713695",20,"253.5","2021-04-27 00:45:00"
"713806",20,"257.6","2021-04-27 01:00:00"
"713919",20,"81.3","2021-06-04 14:45:00"
"714025",20,"60.9","2021-06-04 15:00:00"
"713920",20,"257.3","2021-04-27 01:15:00"
"714030",20,"255.8","2021-04-27 01:30:00"
"714129",20,"73.9","2021-06-04 15:15:00"
"714243",20,"69.3","2021-06-04 15:30:00"
"714325",20,"75.6","2021-06-04 15:45:00"
"715280",20,"321.9","2021-07-15 21:30:00"
"715334",20,"255.8","2021-07-15 21:45:00"
"715388",20,"260.2","2021-07-15 22:00:00"
"715442",20,"247.7","2021-07-15 22:15:00"
"715496",20,"234.8","2021-07-15 22:30:00"
"715550",20,"246.3","2021-07-15 22:45:00"
"715604",20,"239.2","2021-07-15 23:00:00"
"715658",20,"230.6","2021-07-15 23:15:00"
"715712",20,"231.8","2021-07-15 23:30:00"
"715766",20,"216.9","2021-07-15 23:45:00"
"716936",20,"276.5","2021-04-27 03:45:00"
"716990",20,"264.4","2021-04-27 04:00:00"
"717044",20,"0","2021-04-27 04:15:00"
"717108",20,"0","2021-04-27 04:30:00"
"717234",20,"0","2021-04-27 04:45:00"
"717198",20,"87.1","2021-06-04 17:15:00"
"717296",20,"79.4","2021-06-04 17:30:00"
"717350",20,"0","2021-04-27 05:00:00"
"717451",20,"0","2021-04-27 05:15:00"
"717557",20,"0","2021-04-27 05:30:00"
"717944",20,"92","2021-06-04 19:00:00"
"718067",20,"106.9","2021-06-04 19:15:00"
"718172",20,"106.8","2021-06-04 19:30:00"
"718203",20,"0","2021-04-27 07:00:00"
"718319",20,"0","2021-04-27 07:15:00"
"718274",20,"105.4","2021-06-04 19:45:00"
"718379",20,"108","2021-06-04 20:00:00"
"718480",20,"119.2","2021-06-04 20:15:00"
"718434",20,"0","2021-04-27 07:30:00"
"720800",20,"0","2021-04-27 07:45:00"
"720854",20,"0","2021-04-27 08:00:00"
"719522",20,"144.8","2021-07-16 03:15:00"
"719576",20,"160.8","2021-07-16 03:30:00"
"719630",20,"180.3","2021-07-16 03:45:00"
"719684",20,"184.3","2021-07-16 04:00:00"
"719738",20,"163.5","2021-07-16 04:15:00"
"722792",20,"182.3","2021-07-16 04:30:00"
"722846",20,"163.4","2021-07-16 04:45:00"
"719922",20,"63.5","2021-03-24 09:30:00"
"719976",20,"67.8","2021-03-24 09:45:00"
"720030",20,"69.6","2021-03-24 10:00:00"
"721178",20,"165.6","2021-04-27 09:30:00"
"721232",20,"128.9","2021-04-27 09:45:00"
"721286",20,"128","2021-04-27 10:00:00"
"721340",20,"113.7","2021-04-27 10:15:00"
"721394",20,"79.7","2021-04-27 10:30:00"
"721448",20,"49.9","2021-04-27 10:45:00"
"721502",20,"53.5","2021-04-27 11:00:00"
"721556",20,"9.7","2021-04-27 11:15:00"
"721610",20,"340.8","2021-04-27 11:30:00"
"721664",20,"323.9","2021-04-27 11:45:00"
"722900",20,"162.2","2021-07-16 05:00:00"
"722954",20,"192.1","2021-07-16 05:15:00"
"723008",20,"142.7","2021-07-16 05:30:00"
"723062",20,"103.5","2021-07-16 05:45:00"
"723116",20,"87.9","2021-07-16 06:00:00"
"723170",20,"83.5","2021-07-16 06:15:00"
"723224",20,"73.6","2021-07-16 06:30:00"
"723278",20,"160.9","2021-07-16 06:45:00"
"723332",20,"188.6","2021-07-16 07:00:00"
"723386",20,"150.7","2021-07-16 07:15:00"
"725150",20,"301.1","2021-04-27 14:00:00"
"725204",20,"315.4","2021-04-27 14:15:00"
"725258",20,"328.2","2021-04-27 14:30:00"
"725312",20,"291.2","2021-04-27 14:45:00"
"725366",20,"262.9","2021-04-27 15:00:00"
"725420",20,"272.8","2021-04-27 15:15:00"
"725474",20,"277.4","2021-04-27 15:30:00"
"725528",20,"249.2","2021-04-27 15:45:00"
"725582",20,"274.8","2021-04-27 16:00:00"
"725636",20,"248.4","2021-04-27 16:15:00"
"726822",20,"267.9","2021-06-05 04:45:00"
"726965",20,"264.6","2021-06-05 05:00:00"
"727070",20,"85.8","2021-07-16 09:30:00"
"727203",20,"166.3","2021-07-16 09:45:00"
"727332",20,"145.4","2021-07-16 10:00:00"
"727142",20,"169.9","2021-01-01 02:45:00"
"727350",20,"0","2021-01-01 03:00:00"
"727502",20,"73.9","2021-01-01 03:15:00"
"727165",20,"269.8","2021-06-05 05:15:00"
"727335",20,"0","2021-06-05 05:30:00"
"727518",20,"275.7","2021-06-05 05:45:00"
"727969",20,"271.2","2021-06-05 06:30:00"
"728112",20,"275.1","2021-06-05 06:45:00"
"730963",20,"0","2021-06-05 07:00:00"
"728110",20,"75","2021-01-01 04:00:00"
"729153",20,"160.2","2021-03-24 20:00:00"
"729244",20,"162.3","2021-03-24 20:15:00"
"729038",20,"115","2021-07-16 13:15:00"
"729137",20,"101.2","2021-07-16 13:30:00"
"730815",20,"0","2021-07-16 13:45:00"
"729298",20,"168.8","2021-03-24 20:30:00"
"729352",20,"165.4","2021-03-24 20:45:00"
"729406",20,"164","2021-03-24 21:00:00"
"690515",20,"263.4","2021-03-22 22:00:00"
"690668",20,"0","2021-03-22 22:15:00"
"690580",20,"84.9","2021-07-14 19:15:00"
"690732",20,"78.3","2021-07-14 19:30:00"
"690883",20,"69.7","2021-07-14 19:45:00"
"690713",20,"231.5","2021-04-25 21:00:00"
"690859",20,"0","2021-04-25 21:15:00"
"690858",20,"0","2021-03-22 22:30:00"
"691004",20,"0","2021-03-22 22:45:00"
"691475",20,"143.8","2021-03-22 23:45:00"
"691569",20,"254.2","2021-03-23 00:00:00"
"691671",20,"252.2","2021-03-23 00:15:00"
"691591",20,"278.1","2021-04-25 22:45:00"
"691695",20,"263.8","2021-04-25 23:00:00"
"691780",20,"268.6","2021-04-25 23:15:00"
"693064",20,"0","2021-03-23 00:30:00"
"693184",20,"0","2021-03-23 00:45:00"
"691904",20,"50.1","2021-06-03 13:45:00"
"691958",20,"41.6","2021-06-03 14:00:00"
"692606",20,"0","2021-06-03 17:00:00"
"692660",20,"0","2021-06-03 17:15:00"
"692714",20,"0","2021-06-03 17:30:00"
"692768",20,"125.8","2021-06-03 17:45:00"
"695822",20,"0","2021-06-03 18:00:00"
"692880",20,"48.4","2021-07-14 20:30:00"
"692934",20,"0","2021-07-14 20:45:00"
"692988",20,"283.8","2021-07-14 21:00:00"
"693047",20,"282.2","2021-07-14 21:15:00"
"693194",20,"274.6","2021-07-14 21:30:00"
"693836",20,"146.3","2021-03-23 01:45:00"
"693985",20,"0","2021-03-23 02:00:00"
"693835",20,"159.7","2021-07-14 22:30:00"
"694021",20,"190.3","2021-07-14 22:45:00"
"694069",20,"260.6","2021-04-26 00:45:00"
"694205",20,"258.1","2021-04-26 01:00:00"
"694363",20,"263.5","2021-04-26 01:15:00"
"694165",20,"0","2021-03-23 02:15:00"
"694302",20,"137","2021-03-23 02:30:00"
"694430",20,"134.7","2021-03-23 02:45:00"
"694806",20,"228.5","2021-04-26 02:00:00"
"694973",20,"0","2021-04-26 02:15:00"
"695146",20,"0","2021-04-26 02:30:00"
"694895",20,"0","2021-03-23 03:30:00"
"695033",20,"102.2","2021-03-23 03:45:00"
"695184",20,"0","2021-03-23 04:00:00"
"695155",20,"243.3","2021-07-15 00:15:00"
"695307",20,"201.2","2021-07-15 00:30:00"
"696981",20,"163.9","2021-07-15 00:45:00"
"695312",20,"199.4","2021-04-26 02:45:00"
"695455",20,"0","2021-04-26 03:00:00"
"696416",20,"0","2021-06-03 20:45:00"
"696470",20,"0","2021-06-03 21:00:00"
"696524",20,"0","2021-06-03 21:15:00"
"696578",20,"245.9","2021-06-03 21:30:00"
"696632",20,"248.4","2021-06-03 21:45:00"
"696686",20,"0","2021-06-03 22:00:00"
"696740",20,"164.4","2021-06-03 22:15:00"
"699794",20,"156.1","2021-06-03 22:30:00"
"696874",20,"106.5","2021-03-23 05:30:00"
"696928",20,"110.5","2021-03-23 05:45:00"
"697067",20,"0","2021-03-23 06:00:00"
"698271",20,"270","2021-07-15 02:45:00"
"698414",20,"264.8","2021-07-15 03:00:00"
"698566",20,"272.2","2021-07-15 03:15:00"
"698353",20,"0","2021-04-26 06:00:00"
"698537",20,"264.7","2021-04-26 06:15:00"
"698673",20,"280.7","2021-04-26 06:30:00"
"698355",20,"0","2021-03-23 08:00:00"
"698497",20,"82.8","2021-03-23 08:15:00"
"698691",20,"79.7","2021-03-23 08:30:00"
"698720",20,"277.2","2021-07-15 03:30:00"
"698902",20,"279.2","2021-07-15 03:45:00"
"699064",20,"270.5","2021-07-15 04:00:00"
"699778",20,"0","2021-04-26 08:30:00"
"701101",20,"210.3","2021-04-26 08:45:00"
"701238",20,"154.6","2021-04-26 09:00:00"
"699848",20,"148.1","2021-06-03 22:45:00"
"699902",20,"146.3","2021-06-03 23:00:00"
"699956",20,"160.8","2021-06-03 23:15:00"
"700010",20,"163.8","2021-06-03 23:30:00"
"700064",20,"161.7","2021-06-03 23:45:00"
"700118",20,"166.4","2021-06-04 00:00:00"
"700172",20,"240.9","2021-06-04 00:15:00"
"702081",20,"0","2021-07-15 06:45:00"
"702236",20,"0","2021-07-15 07:00:00"
"702113",20,"111.8","2021-03-23 12:30:00"
"702273",20,"45.1","2021-03-23 12:45:00"
"702432",20,"335.8","2021-03-23 13:00:00"
"702201",20,"176.5","2021-04-26 10:30:00"
"702363",20,"218","2021-04-26 10:45:00"
"702407",20,"259.2","2021-07-15 07:15:00"
"702573",20,"344.5","2021-07-15 07:30:00"
"702704",20,"50.1","2021-07-15 07:45:00"
"703560",20,"102.4","2021-07-15 09:15:00"
"703663",20,"70.7","2021-07-15 09:30:00"
"703742",20,"43.8","2021-07-15 09:45:00"
"703652",20,"262.5","2021-04-26 13:00:00"
"705250",20,"242.8","2021-04-26 13:15:00"
"705356",20,"245.4","2021-04-26 13:30:00"
"706204",20,"50.1","2021-07-15 10:00:00"
"706328",20,"27.1","2021-07-15 10:15:00"
"703928",20,"175.7","2021-06-04 03:45:00"
"703982",20,"175.2","2021-06-04 04:00:00"
"704036",20,"176.9","2021-06-04 04:15:00"
"704687",20,"0","2021-06-04 07:00:00"
"704792",20,"0","2021-06-04 07:15:00"
"704863",20,"335.4","2021-03-23 15:00:00"
"704965",20,"93.4","2021-03-23 15:15:00"
"705034",20,"57","2021-03-23 15:30:00"
"704909",20,"0","2021-06-04 07:30:00"
"708193",20,"129","2021-06-04 07:45:00"
"708306",20,"119.8","2021-06-04 08:00:00"
"705088",20,"50.4","2021-03-23 15:45:00"
"705142",20,"45.6","2021-03-23 16:00:00"
"706409",20,"22.6","2021-07-15 10:30:00"
"706515",20,"26.4","2021-07-15 10:45:00"
"706627",20,"27.1","2021-07-15 11:00:00"
"706419",20,"271.2","2021-04-26 15:30:00"
"706525",20,"274.5","2021-04-26 15:45:00"
"706633",20,"254.6","2021-04-26 16:00:00"
"706739",20,"18.2","2021-07-15 11:15:00"
"706881",20,"3.8","2021-07-15 11:30:00"
"706737",20,"255.7","2021-04-26 16:15:00"
"706824",20,"262.1","2021-04-26 16:30:00"
"708060",20,"317.4","2021-03-23 20:15:00"
"708114",20,"300.3","2021-03-23 20:30:00"
"708169",20,"279.7","2021-03-23 20:45:00"
"708266",20,"256.7","2021-03-23 21:00:00"
"708369",20,"281.6","2021-03-23 21:15:00"
"708411",20,"121.8","2021-06-04 08:15:00"
"708523",20,"110.6","2021-06-04 08:30:00"
"708642",20,"111.3","2021-06-04 08:45:00"
"708487",20,"275.3","2021-03-23 21:30:00"
"708589",20,"285.3","2021-03-23 21:45:00"
"710298",20,"277","2021-04-26 20:45:00"
"710400",20,"265.1","2021-04-26 21:00:00"
"710415",20,"119.2","2021-06-04 12:00:00"
"710507",20,"110.8","2021-06-04 12:15:00"
"712601",20,"110.1","2021-06-04 12:30:00"
"710523",20,"262.1","2021-04-26 21:15:00"
"710586",20,"239.9","2021-04-26 21:30:00"
"710640",20,"0","2021-04-26 21:45:00"
"710694",20,"0","2021-04-26 22:00:00"
"710748",20,"0","2021-04-26 22:15:00"
"712032",20,"0","2021-03-24 00:45:00"
"712086",20,"161.9","2021-03-24 01:00:00"
"712140",20,"144.9","2021-03-24 01:15:00"
"712194",20,"142.4","2021-03-24 01:30:00"
"712248",20,"140.6","2021-03-24 01:45:00"
"712302",20,"157.7","2021-03-24 02:00:00"
"712356",20,"0","2021-03-24 02:15:00"
"712410",20,"0","2021-03-24 02:30:00"
"712467",20,"0","2021-03-24 02:45:00"
"712600",20,"0","2021-03-24 03:00:00"
"713052",20,"0","2021-03-24 03:45:00"
"713185",20,"0","2021-03-24 04:00:00"
"715788",20,"0","2021-03-24 04:15:00"
"713172",20,"95.8","2021-06-04 13:15:00"
"713330",20,"68.6","2021-06-04 13:30:00"
"713444",20,"72.7","2021-06-04 13:45:00"
"713423",20,"266.6","2021-04-27 00:00:00"
"713514",20,"264.2","2021-04-27 00:15:00"
"713574",20,"59.1","2021-06-04 14:00:00"
"713714",20,"56.7","2021-06-04 14:15:00"
"713817",20,"75.3","2021-06-04 14:30:00"
"714692",20,"271.9","2021-04-27 03:00:00"
"716774",20,"272.2","2021-04-27 03:15:00"
"716882",20,"271.3","2021-04-27 03:30:00"
"714848",20,"336.2","2021-07-15 19:30:00"
"714902",20,"327.3","2021-07-15 19:45:00"
"714956",20,"301.6","2021-07-15 20:00:00"
"715010",20,"271.9","2021-07-15 20:15:00"
"715064",20,"287.3","2021-07-15 20:30:00"
"715118",20,"303.9","2021-07-15 20:45:00"
"715172",20,"325.6","2021-07-15 21:00:00"
"715226",20,"321.4","2021-07-15 21:15:00"
"716382",20,"0","2021-03-24 07:00:00"
"716436",20,"0","2021-03-24 07:15:00"
"716490",20,"0","2021-03-24 07:30:00"
"716544",20,"0","2021-03-24 07:45:00"
"716598",20,"90.1","2021-03-24 08:00:00"
"716652",20,"64.8","2021-03-24 08:15:00"
"716738",20,"66.3","2021-03-24 08:30:00"
"716839",20,"85.7","2021-03-24 08:45:00"
"719814",20,"81.1","2021-03-24 09:00:00"
"719868",20,"73.4","2021-03-24 09:15:00"
"718546",20,"125.9","2021-06-04 20:30:00"
"718600",20,"142.3","2021-06-04 20:45:00"
"718654",20,"158.3","2021-06-04 21:00:00"
"718708",20,"151.4","2021-06-04 21:15:00"
"718762",20,"171.4","2021-06-04 21:30:00"
"721816",20,"175.8","2021-06-04 21:45:00"
"721870",20,"172.9","2021-06-04 22:00:00"
"718820",20,"216.3","2021-07-16 00:00:00"
"718874",20,"207.4","2021-07-16 00:15:00"
"720084",20,"75.6","2021-03-24 10:15:00"
"720138",20,"76","2021-03-24 10:30:00"
"720192",20,"77.9","2021-03-24 10:45:00"
"720246",20,"51.3","2021-03-24 11:00:00"
"720300",20,"45.5","2021-03-24 11:15:00"
"720354",20,"83.5","2021-03-24 11:30:00"
"720408",20,"60.2","2021-03-24 11:45:00"
"720462",20,"50.7","2021-03-24 12:00:00"
"720516",20,"32.7","2021-03-24 12:15:00"
"720570",20,"37.6","2021-03-24 12:30:00"
"721718",20,"223.1","2021-04-27 12:00:00"
"721772",20,"311.4","2021-04-27 12:15:00"
"724826",20,"323","2021-04-27 12:30:00"
"721924",20,"177.3","2021-06-04 22:15:00"
"721978",20,"175","2021-06-04 22:30:00"
"722032",20,"183.6","2021-06-04 22:45:00"
"722086",20,"0","2021-06-04 23:00:00"
"722140",20,"0","2021-06-04 23:15:00"
"722194",20,"0","2021-06-04 23:30:00"
"722248",20,"0","2021-06-04 23:45:00"
"722302",20,"211.2","2021-06-05 00:00:00"
"724056",20,"310.1","2021-03-24 14:45:00"
"724110",20,"6","2021-03-24 15:00:00"
"724164",20,"85.8","2021-03-24 15:15:00"
"724218",20,"4.2","2021-03-24 15:30:00"
"724272",20,"333.9","2021-03-24 15:45:00"
"724326",20,"319.8","2021-03-24 16:00:00"
"724380",20,"31.3","2021-03-24 16:15:00"
"724434",20,"42.2","2021-03-24 16:30:00"
"724488",20,"63","2021-03-24 16:45:00"
"724542",20,"57.2","2021-03-24 17:00:00"
"725690",20,"241.1","2021-04-27 16:30:00"
"725744",20,"233.6","2021-04-27 16:45:00"
"725843",20,"142.8","2021-01-01 00:00:00"
"725944",20,"137.6","2021-01-01 00:15:00"
"726047",20,"0","2021-01-01 00:30:00"
"725959",20,"235.1","2021-06-05 02:45:00"
"726072",20,"0","2021-06-05 03:00:00"
"726175",20,"0","2021-06-05 03:15:00"
"726161",20,"0","2021-01-01 00:45:00"
"726267",20,"163","2021-01-01 01:00:00"
"726391",20,"0","2021-01-01 01:15:00"
"727485",20,"0","2021-07-16 10:15:00"
"727624",20,"113.9","2021-07-16 10:30:00"
"727694",20,"81.2","2021-01-01 03:30:00"
"727904",20,"104.3","2021-01-01 03:45:00"
"727672",20,"264.1","2021-06-05 06:00:00"
"727801",20,"229.7","2021-06-05 06:15:00"
"727783",20,"256.7","2021-07-16 10:45:00"
"727926",20,"247.8","2021-07-16 11:00:00"
"728068",20,"188.7","2021-07-16 11:15:00"
"728503",20,"0","2021-03-24 18:30:00"
"728605",20,"0","2021-03-24 18:45:00"
"728714",20,"108.2","2021-03-24 19:00:00"
"728490",20,"113.4","2021-07-16 12:00:00"
"728606",20,"114.8","2021-07-16 12:15:00"
"728713",20,"0","2021-07-16 12:30:00"
"728822",20,"164.8","2021-03-24 19:15:00"
"728927",20,"171.5","2021-03-24 19:30:00"
"728821",20,"256.7","2021-07-16 12:45:00"
"728932",20,"151.9","2021-07-16 13:00:00"
"730068",20,"250.7","2021-04-27 18:15:00"
"730122",20,"0","2021-04-27 18:30:00"
"730176",20,"256.4","2021-04-27 18:45:00"
"730230",20,"251.9","2021-04-27 19:00:00"
"730284",20,"246.8","2021-04-27 19:15:00"
"730338",20,"0","2021-04-27 19:30:00"
"730392",20,"244.5","2021-04-27 19:45:00"
"730446",20,"240.1","2021-04-27 20:00:00"
"730500",20,"0","2021-04-27 20:15:00"
"730554",20,"0","2021-04-27 20:30:00"
"730608",20,"0","2021-04-27 20:45:00"
"731379",20,"0","2021-06-05 07:15:00"
"731709",20,"256.7","2021-06-05 07:30:00"
"732033",20,"266.3","2021-06-05 07:45:00"
"731427",20,"0","2021-01-01 05:15:00"
"731604",20,"0","2021-01-01 05:30:00"
"731836",20,"0","2021-01-01 05:45:00"
"731652",20,"15.6","2021-03-24 23:45:00"
"731845",20,"0","2021-03-25 00:00:00"
"731760",20,"0","2021-04-27 22:15:00"
"732063",20,"0","2021-04-27 22:30:00"
"731879",20,"202.2","2021-07-16 14:45:00"
"732102",20,"169.2","2021-07-16 15:00:00"
"732091",20,"0","2021-01-01 06:00:00"
"732320",20,"0","2021-01-01 06:15:00"
"732127",20,"0","2021-03-25 00:15:00"
"732311",20,"0","2021-03-25 00:30:00"
"732540",20,"0","2021-03-25 00:45:00"
"732371",20,"193.7","2021-06-05 08:00:00"
"732712",20,"167","2021-06-05 08:15:00"
"733093",20,"197.3","2021-07-16 16:00:00"
"733307",20,"214.6","2021-07-16 16:15:00"
"733091",20,"160.4","2021-06-05 08:30:00"
"733437",20,"136.7","2021-06-05 08:45:00"
"733809",20,"116.2","2021-06-05 09:00:00"
"733254",20,"278.5","2021-01-01 07:15:00"
"733506",20,"275.9","2021-01-01 07:30:00"
"729460",20,"169.1","2021-03-24 21:15:00"
"729514",20,"160.1","2021-03-24 21:30:00"
"734180",20,"101.1","2021-06-05 09:15:00"
"734534",20,"76.1","2021-06-05 09:30:00"
"734183",20,"218.7","2021-07-16 17:15:00"
"734392",20,"43.2","2021-07-16 17:30:00"
"734312",20,"0","2021-04-28 00:00:00"
"734681",20,"0","2021-04-28 00:15:00"
"734987",20,"0","2021-04-28 00:30:00"
"734349",20,"0","2021-03-25 02:45:00"
"734557",20,"0","2021-03-25 03:00:00"
"734760",20,"0","2021-03-25 03:15:00"
"739320",20,"198.9","2021-01-01 11:45:00"
"739374",20,"198.6","2021-01-01 12:00:00"
"739428",20,"248.7","2021-01-01 12:15:00"
"739482",20,"227.9","2021-01-01 12:30:00"
"739536",20,"204.9","2021-01-01 12:45:00"
"739590",20,"72.1","2021-01-01 13:00:00"
"739673",20,"4.4","2021-01-01 13:15:00"
"739766",20,"353.8","2021-01-01 13:30:00"
"739879",20,"352.6","2021-01-01 13:45:00"
"741376",20,"1","2021-01-01 14:00:00"
"740444",20,"0","2021-04-28 05:15:00"
"740498",20,"0","2021-04-28 05:30:00"
"740552",20,"0","2021-04-28 05:45:00"
"740606",20,"0","2021-04-28 06:00:00"
"740660",20,"0","2021-04-28 06:15:00"
"740714",20,"0","2021-04-28 06:30:00"
"740768",20,"0","2021-04-28 06:45:00"
"740920",20,"66.5","2021-06-05 16:45:00"
"740974",20,"57.4","2021-06-05 17:00:00"
"741028",20,"0","2021-06-05 17:15:00"
"741677",20,"127.8","2021-06-05 19:30:00"
"741761",20,"202.7","2021-06-05 19:45:00"
"741911",20,"270.3","2021-01-01 15:00:00"
"742065",20,"267.1","2021-01-01 15:15:00"
"741829",20,"259.6","2021-06-05 20:00:00"
"741922",20,"256.3","2021-06-05 20:15:00"
"742003",20,"239.6","2021-06-05 20:30:00"
"744406",20,"0","2021-06-05 20:45:00"
"744558",20,"0","2021-06-05 21:00:00"
"743328",20,"76.2","2021-07-17 01:30:00"
"743395",20,"89.5","2021-07-17 01:45:00"
"743561",20,"110","2021-07-17 02:00:00"
"743442",20,"0","2021-04-28 07:00:00"
"743511",20,"0","2021-04-28 07:15:00"
"743592",20,"0","2021-04-28 07:30:00"
"743735",20,"0","2021-07-17 02:15:00"
"743892",20,"0","2021-07-17 02:30:00"
"743673",20,"84.3","2021-04-28 07:45:00"
"743753",20,"77.6","2021-04-28 08:00:00"
"743837",20,"0","2021-04-28 08:15:00"
"744638",20,"233.6","2021-01-01 18:45:00"
"744924",20,"47.7","2021-01-01 19:00:00"
"744725",20,"0","2021-07-17 03:30:00"
"747784",20,"0","2021-07-17 03:45:00"
"744577",20,"145.6","2021-04-28 10:15:00"
"744747",20,"148.7","2021-04-28 10:30:00"
"744872",20,"140","2021-04-28 10:45:00"
"744740",20,"0","2021-06-05 21:15:00"
"744914",20,"0","2021-06-05 21:30:00"
"745033",20,"83.8","2021-06-05 21:45:00"
"745616",20,"152.6","2021-06-05 23:15:00"
"745689",20,"180.9","2021-06-05 23:30:00"
"745724",20,"43.3","2021-01-01 20:00:00"
"745900",20,"40.5","2021-01-01 20:15:00"
"746070",20,"22.4","2021-01-01 20:30:00"
"745770",20,"266.7","2021-06-05 23:45:00"
"745845",20,"276.1","2021-06-06 00:00:00"
"745922",20,"267.5","2021-06-06 00:15:00"
"746003",20,"257.2","2021-06-06 00:30:00"
"746081",20,"219.2","2021-06-06 00:45:00"
"746154",20,"164.1","2021-06-06 01:00:00"
"747137",20,"70.7","2021-04-28 12:15:00"
"747280",20,"84","2021-04-28 12:30:00"
"747243",20,"280.3","2021-06-06 02:30:00"
"747325",20,"280.3","2021-06-06 02:45:00"
"747410",20,"278.5","2021-06-06 03:00:00"
"747493",20,"259.9","2021-06-06 03:15:00"
"747573",20,"257.2","2021-06-06 03:30:00"
"747430",20,"45.7","2021-04-28 12:45:00"
"747592",20,"89.4","2021-04-28 13:00:00"
"747734",20,"188.2","2021-04-28 13:15:00"
"748295",20,"250.9","2021-06-06 05:00:00"
"748406",20,"255.2","2021-06-06 05:15:00"
"748410",20,"224.1","2021-04-28 14:15:00"
"748554",20,"221.6","2021-04-28 14:30:00"
"748544",20,"273.2","2021-06-06 05:30:00"
"748668",20,"275.6","2021-06-06 05:45:00"
"750782",20,"279.1","2021-06-06 06:00:00"
"748748",20,"40","2021-07-17 04:45:00"
"748905",20,"51.6","2021-07-17 05:00:00"
"749929",20,"89.5","2021-01-02 00:30:00"
"750032",20,"91.9","2021-01-02 00:45:00"
"750125",20,"0","2021-07-17 08:00:00"
"752786",20,"0","2021-07-17 08:15:00"
"750142",20,"94","2021-01-02 01:00:00"
"750236",20,"103.1","2021-01-02 01:15:00"
"750290",20,"98.3","2021-01-02 01:30:00"
"750344",20,"99.1","2021-01-02 01:45:00"
"750398",20,"97.8","2021-01-02 02:00:00"
"750452",20,"94.1","2021-01-02 02:15:00"
"751552",20,"275.1","2021-06-06 08:45:00"
"751650",20,"265","2021-06-06 09:00:00"
"751751",20,"150.4","2021-06-06 09:15:00"
"751727",20,"171.2","2021-04-28 17:15:00"
"751840",20,"150.6","2021-04-28 17:30:00"
"751948",20,"0","2021-04-28 17:45:00"
"751854",20,"232","2021-06-06 09:30:00"
"751963",20,"234.8","2021-06-06 09:45:00"
"752051",20,"160.3","2021-04-28 18:00:00"
"752252",20,"0","2021-04-28 18:15:00"
"752630",20,"0","2021-04-28 20:00:00"
"752684",20,"0","2021-04-28 20:15:00"
"752738",20,"0","2021-04-28 20:30:00"
"755504",20,"0","2021-04-28 20:45:00"
"755608",20,"0","2021-04-28 21:00:00"
"752840",20,"0","2021-07-17 08:30:00"
"752894",20,"83.1","2021-07-17 08:45:00"
"752948",20,"109.7","2021-07-17 09:00:00"
"753002",20,"0","2021-07-17 09:15:00"
"753056",20,"43.1","2021-07-17 09:30:00"
"754316",20,"111.7","2021-01-02 06:15:00"
"754370",20,"110.7","2021-01-02 06:30:00"
"754424",20,"96.2","2021-01-02 06:45:00"
"754478",20,"138.1","2021-01-02 07:00:00"
"754532",20,"129.4","2021-01-02 07:15:00"
"754586",20,"121.6","2021-01-02 07:30:00"
"754640",20,"122.6","2021-01-02 07:45:00"
"754694",20,"127","2021-01-02 08:00:00"
"754748",20,"111.2","2021-01-02 08:15:00"
"757802",20,"94.8","2021-01-02 08:30:00"
"754916",20,"34.4","2021-06-06 11:15:00"
"754970",20,"59.6","2021-06-06 11:30:00"
"755024",20,"47.2","2021-06-06 11:45:00"
"755078",20,"56.8","2021-06-06 12:00:00"
"755132",20,"54.1","2021-06-06 12:15:00"
"755186",20,"35","2021-06-06 12:30:00"
"755240",20,"344.5","2021-06-06 12:45:00"
"755294",20,"353.1","2021-06-06 13:00:00"
"755348",20,"324","2021-06-06 13:15:00"
"755402",20,"325","2021-06-06 13:30:00"
"755456",20,"337.3","2021-06-06 13:45:00"
"756496",20,"221.9","2021-07-17 13:45:00"
"756572",20,"237.3","2021-07-17 14:00:00"
"756655",20,"214.2","2021-07-17 14:15:00"
"756737",20,"199.4","2021-07-17 14:30:00"
"756815",20,"193.3","2021-07-17 14:45:00"
"756916",20,"267.3","2021-04-28 23:45:00"
"757029",20,"278.7","2021-04-29 00:00:00"
"756892",20,"0","2021-07-17 15:00:00"
"756999",20,"0","2021-07-17 15:15:00"
"757520",20,"240.8","2021-07-17 16:30:00"
"757622",20,"258.3","2021-07-17 16:45:00"
"757676",20,"259.5","2021-07-17 17:00:00"
"757730",20,"246.4","2021-07-17 17:15:00"
"760209",20,"224.4","2021-07-17 17:30:00"
"760316",20,"227.3","2021-07-17 17:45:00"
"757856",20,"89","2021-01-02 08:45:00"
"757910",20,"96","2021-01-02 09:00:00"
"757964",20,"98.6","2021-01-02 09:15:00"
"758018",20,"97.7","2021-01-02 09:30:00"
"758072",20,"98.3","2021-01-02 09:45:00"
"759872",20,"122.9","2021-04-29 01:45:00"
"759926",20,"114.2","2021-04-29 02:00:00"
"759980",20,"107.6","2021-04-29 02:15:00"
"760034",20,"91.9","2021-04-29 02:30:00"
"760088",20,"100.6","2021-04-29 02:45:00"
"760142",20,"102.4","2021-04-29 03:00:00"
"760196",20,"103.8","2021-04-29 03:15:00"
"760301",20,"117.2","2021-04-29 03:30:00"
"760425",20,"271.1","2021-07-17 18:00:00"
"760543",20,"234","2021-07-17 18:15:00"
"761486",20,"246.9","2021-07-17 20:45:00"
"761540",20,"254.5","2021-07-17 21:00:00"
"761594",20,"252.8","2021-07-17 21:15:00"
"761648",20,"259.3","2021-07-17 21:30:00"
"761796",20,"242.2","2021-07-17 21:45:00"
"761728",20,"167.2","2021-01-02 13:15:00"
"761807",20,"137.1","2021-01-02 13:30:00"
"761878",20,"149.2","2021-01-02 13:45:00"
"761966",20,"130.1","2021-01-02 14:00:00"
"762044",20,"27.3","2021-01-02 14:15:00"
"763056",20,"0","2021-04-29 06:30:00"
"763213",20,"177.3","2021-04-29 06:45:00"
"763367",20,"0","2021-04-29 07:00:00"
"763181",20,"218.8","2021-06-06 21:00:00"
"763265",20,"215.5","2021-06-06 21:15:00"
"763347",20,"220.8","2021-06-06 21:30:00"
"763429",20,"199.4","2021-06-06 21:45:00"
"763501",20,"201.7","2021-06-06 22:00:00"
"763546",20,"0","2021-04-29 07:15:00"
"763641",20,"180.9","2021-04-29 07:30:00"
"764125",20,"224.8","2021-06-06 23:30:00"
"764239",20,"222.6","2021-06-06 23:45:00"
"764341",20,"219.8","2021-06-07 00:00:00"
"764465",20,"127.2","2021-04-29 09:15:00"
"764608",20,"127.2","2021-04-29 09:30:00"
"764484",20,"235.1","2021-06-07 00:15:00"
"764643",20,"261.1","2021-06-07 00:30:00"
"764730",20,"130.4","2021-04-29 09:45:00"
"764841",20,"116.2","2021-04-29 10:00:00"
"764964",20,"124","2021-04-29 10:15:00"
"765918",20,"236.8","2021-07-17 22:45:00"
"765972",20,"242.5","2021-07-17 23:00:00"
"766026",20,"247.2","2021-07-17 23:15:00"
"766080",20,"257","2021-07-17 23:30:00"
"766134",20,"247.5","2021-07-17 23:45:00"
"766188",20,"244.6","2021-07-18 00:00:00"
"766242",20,"236.3","2021-07-18 00:15:00"
"766296",20,"240.5","2021-07-18 00:30:00"
"766350",20,"250.1","2021-07-18 00:45:00"
"766404",20,"249.3","2021-07-18 01:00:00"
"766458",20,"250.6","2021-07-18 01:15:00"
"766512",20,"261.1","2021-07-18 01:30:00"
"766566",20,"251.8","2021-07-18 01:45:00"
"766620",20,"262.4","2021-07-18 02:00:00"
"766674",20,"271.7","2021-07-18 02:15:00"
"766728",20,"265.2","2021-07-18 02:30:00"
"769031",20,"267.2","2021-07-18 02:45:00"
"769332",20,"272.1","2021-07-18 03:00:00"
"766965",20,"261.3","2021-06-07 00:45:00"
"767236",20,"229.3","2021-06-07 01:00:00"
"767506",20,"179.3","2021-06-07 01:15:00"
"768220",20,"94.8","2021-01-03 00:45:00"
"768349",20,"82.3","2021-01-03 01:00:00"
"768474",20,"89.7","2021-01-03 01:15:00"
"768280",20,"248.1","2021-06-07 02:00:00"
"768541",20,"230.2","2021-06-07 02:15:00"
"768789",20,"201.1","2021-06-07 02:30:00"
"768305",20,"86.5","2021-04-29 13:30:00"
"768434",20,"110.3","2021-04-29 13:45:00"
"768577",20,"65.1","2021-04-29 14:00:00"
"768618",20,"97","2021-01-03 01:30:00"
"768743",20,"95.5","2021-01-03 01:45:00"
"769353",20,"89.4","2021-01-03 02:45:00"
"770833",20,"97.3","2021-01-03 03:00:00"
"769494",20,"260.8","2021-07-18 03:15:00"
"769591",20,"237.6","2021-07-18 03:30:00"
"769469",20,"161.5","2021-06-07 03:15:00"
"769588",20,"159","2021-06-07 03:30:00"
"769694",20,"178.3","2021-06-07 03:45:00"
"769704",20,"229","2021-07-18 03:45:00"
"769807",20,"231","2021-07-18 04:00:00"
"769924",20,"245.3","2021-07-18 04:15:00"
"770889",20,"89.6","2021-04-29 15:30:00"
"770987",20,"95.1","2021-04-29 15:45:00"
"771092",20,"101.9","2021-04-29 16:00:00"
"770948",20,"99","2021-01-03 03:15:00"
"771058",20,"100","2021-01-03 03:30:00"
"771162",20,"97.1","2021-01-03 03:45:00"
"771202",20,"101.2","2021-04-29 16:15:00"
"771297",20,"115.6","2021-04-29 16:30:00"
"771286",20,"101.2","2021-01-03 04:00:00"
"771390",20,"111.6","2021-01-03 04:15:00"
"772539",20,"119.3","2021-04-29 19:15:00"
"772689",20,"110.1","2021-04-29 19:30:00"
"772835",20,"114.8","2021-04-29 19:45:00"
"772858",20,"103.6","2021-01-03 07:15:00"
"772975",20,"94.5","2021-01-03 07:30:00"
"772937",20,"282.7","2021-06-07 06:00:00"
"773020",20,"50.9","2021-06-07 06:15:00"
"773074",20,"72.3","2021-06-07 06:30:00"
"773128",20,"82.8","2021-06-07 06:45:00"
"773182",20,"69.4","2021-06-07 07:00:00"
"774240",20,"226.4","2021-07-18 09:30:00"
"774294",20,"224.7","2021-07-18 09:45:00"
"774348",20,"234.3","2021-07-18 10:00:00"
"774402",20,"224.5","2021-07-18 10:15:00"
"774456",20,"223","2021-07-18 10:30:00"
"774510",20,"222.6","2021-07-18 10:45:00"
"774564",20,"210.7","2021-07-18 11:00:00"
"774618",20,"233.6","2021-07-18 11:15:00"
"774672",20,"226.8","2021-07-18 11:30:00"
"774726",20,"220","2021-07-18 11:45:00"
"774780",20,"227.5","2021-07-18 12:00:00"
"733209",20,"138.8","2021-03-25 01:30:00"
"733412",20,"160.7","2021-03-25 01:45:00"
"733626",20,"192.7","2021-03-25 02:00:00"
"734454",20,"258.5","2021-01-01 08:30:00"
"734704",20,"232.8","2021-01-01 08:45:00"
"734936",20,"270.8","2021-01-01 09:00:00"
"734653",20,"36.7","2021-07-16 17:45:00"
"734861",20,"349.1","2021-07-16 18:00:00"
"735035",20,"0","2021-07-16 18:15:00"
"734896",20,"76.8","2021-06-05 09:45:00"
"735124",20,"68.6","2021-06-05 10:00:00"
"735242",20,"66.5","2021-06-05 10:15:00"
"735810",20,"0","2021-03-25 03:30:00"
"735864",20,"0","2021-03-25 03:45:00"
"735574",20,"46.2","2021-06-05 11:00:00"
"735675",20,"44.7","2021-06-05 11:15:00"
"737012",20,"48.6","2021-06-05 11:30:00"
"735709",20,"0","2021-04-28 02:00:00"
"739646",20,"0","2021-04-28 02:15:00"
"739768",20,"0","2021-04-28 02:30:00"
"735918",20,"0","2021-03-25 04:00:00"
"735972",20,"0","2021-03-25 04:15:00"
"736030",20,"0","2021-03-25 04:30:00"
"736091",20,"147.9","2021-07-16 18:30:00"
"736198",20,"160.3","2021-07-16 18:45:00"
"736695",20,"0","2021-03-25 06:00:00"
"736803",20,"0","2021-03-25 06:15:00"
"736917",20,"0","2021-03-25 06:30:00"
"736933",20,"163","2021-07-16 20:30:00"
"737058",20,"148.8","2021-07-16 20:45:00"
"737047",20,"0","2021-03-25 06:45:00"
"737170",20,"0","2021-03-25 07:00:00"
"737189",20,"38.7","2021-06-05 11:45:00"
"737331",20,"42.7","2021-06-05 12:00:00"
"737942",20,"40.3","2021-06-05 13:00:00"
"738051",20,"36.1","2021-06-05 13:15:00"
"738171",20,"31.6","2021-06-05 13:30:00"
"737969",20,"0","2021-07-16 22:15:00"
"738075",20,"0","2021-07-16 22:30:00"
"738172",20,"0","2021-07-16 22:45:00"
"738277",20,"38.5","2021-06-05 13:45:00"
"738397",20,"34.4","2021-06-05 14:00:00"
"738816",20,"170.8","2021-01-01 10:30:00"
"738912",20,"197.2","2021-01-01 10:45:00"
"739021",20,"215.3","2021-01-01 11:00:00"
"739134",20,"311.1","2021-01-01 11:15:00"
"739244",20,"208.9","2021-01-01 11:30:00"
"739034",20,"48.2","2021-06-05 15:30:00"
"739137",20,"45.7","2021-06-05 15:45:00"
"739243",20,"56.1","2021-06-05 16:00:00"
"740812",20,"50.3","2021-06-05 16:15:00"
"740866",20,"54.8","2021-06-05 16:30:00"
"739872",20,"0","2021-04-28 02:45:00"
"739958",20,"71.7","2021-04-28 03:00:00"
"740012",20,"86.9","2021-04-28 03:15:00"
"740066",20,"0","2021-04-28 03:30:00"
"740120",20,"99.2","2021-04-28 03:45:00"
"740174",20,"0","2021-04-28 04:00:00"
"740228",20,"0","2021-04-28 04:15:00"
"740282",20,"0","2021-04-28 04:30:00"
"740336",20,"0","2021-04-28 04:45:00"
"740390",20,"0","2021-04-28 05:00:00"
"741082",20,"122.6","2021-06-05 17:30:00"
"741136",20,"139.1","2021-06-05 17:45:00"
"741190",20,"143.3","2021-06-05 18:00:00"
"741244",20,"161.5","2021-06-05 18:15:00"
"741298",20,"159.1","2021-06-05 18:30:00"
"741379",20,"170.5","2021-06-05 18:45:00"
"741495",20,"149.4","2021-06-05 19:00:00"
"741582",20,"138.5","2021-06-05 19:15:00"
"741476",20,"345.9","2021-01-01 14:15:00"
"741605",20,"344.6","2021-01-01 14:30:00"
"741746",20,"276.3","2021-01-01 14:45:00"
"742781",20,"0","2021-07-16 23:30:00"
"742879",20,"102.5","2021-07-16 23:45:00"
"742978",20,"92","2021-07-17 00:00:00"
"742790",20,"245.1","2021-01-01 18:00:00"
"742916",20,"238.2","2021-01-01 18:15:00"
"743019",20,"220.3","2021-01-01 18:30:00"
"743058",20,"84.8","2021-07-17 00:15:00"
"743112",20,"80.8","2021-07-17 00:30:00"
"743166",20,"100.3","2021-07-17 00:45:00"
"743220",20,"85.6","2021-07-17 01:00:00"
"743274",20,"76.5","2021-07-17 01:15:00"
"745037",20,"116.6","2021-04-28 11:00:00"
"745195",20,"69.4","2021-04-28 11:15:00"
"745156",20,"76.9","2021-06-05 22:00:00"
"745287",20,"87.4","2021-06-05 22:15:00"
"745146",20,"48.3","2021-01-01 19:15:00"
"745376",20,"24","2021-01-01 19:30:00"
"745538",20,"33.9","2021-01-01 19:45:00"
"745375",20,"134.4","2021-06-05 22:30:00"
"745460",20,"137.7","2021-06-05 22:45:00"
"745537",20,"140.7","2021-06-05 23:00:00"
"746240",20,"0","2021-01-01 20:45:00"
"746318",20,"0","2021-01-01 21:00:00"
"746239",20,"167.5","2021-06-06 01:15:00"
"746908",20,"0","2021-06-06 01:30:00"
"746372",20,"0","2021-01-01 21:15:00"
"746426",20,"0","2021-01-01 21:30:00"
"746480",20,"0","2021-01-01 21:45:00"
"746534",20,"0","2021-01-01 22:00:00"
"746588",20,"0","2021-01-01 22:15:00"
"747679",20,"281.5","2021-06-06 03:45:00"
"747787",20,"259.8","2021-06-06 04:00:00"
"747927",20,"251.5","2021-04-28 13:30:00"
"748111",20,"250.3","2021-04-28 13:45:00"
"748246",20,"224.8","2021-04-28 14:00:00"
"747910",20,"239.9","2021-06-06 04:15:00"
"748029",20,"237.6","2021-06-06 04:30:00"
"748154",20,"253.7","2021-06-06 04:45:00"
"747992",20,"31.5","2021-07-17 04:00:00"
"748207",20,"33.8","2021-07-17 04:15:00"
"748470",20,"29.3","2021-07-17 04:30:00"
"749300",20,"50.8","2021-07-17 06:00:00"
"749378",20,"51.3","2021-07-17 06:15:00"
"749491",20,"60","2021-07-17 06:30:00"
"749591",20,"51.1","2021-07-17 06:45:00"
"749688",20,"40.8","2021-07-17 07:00:00"
"749596",20,"95.7","2021-01-01 23:45:00"
"749714",20,"71.1","2021-01-02 00:00:00"
"749816",20,"71.8","2021-01-02 00:15:00"
"749803",20,"29.4","2021-07-17 07:15:00"
"749906",20,"16.4","2021-07-17 07:30:00"
"750016",20,"29","2021-07-17 07:45:00"
"750506",20,"98.2","2021-01-02 02:30:00"
"750560",20,"111.8","2021-01-02 02:45:00"
"750614",20,"119.4","2021-01-02 03:00:00"
"750668",20,"120.8","2021-01-02 03:15:00"
"750722",20,"118.4","2021-01-02 03:30:00"
"750776",20,"120.4","2021-01-02 03:45:00"
"753752",20,"119.2","2021-01-02 04:00:00"
"750836",20,"279.1","2021-06-06 06:15:00"
"750890",20,"0","2021-06-06 06:30:00"
"750944",20,"0","2021-06-06 06:45:00"
"752080",20,"161.8","2021-06-06 10:00:00"
"752170",20,"147","2021-06-06 10:15:00"
"752224",20,"113.2","2021-06-06 10:30:00"
"754808",20,"50.2","2021-06-06 10:45:00"
"754862",20,"124","2021-06-06 11:00:00"
"752306",20,"0","2021-04-28 18:30:00"
"752360",20,"219.6","2021-04-28 18:45:00"
"752414",20,"221.8","2021-04-28 19:00:00"
"752468",20,"0","2021-04-28 19:15:00"
"752522",20,"0","2021-04-28 19:30:00"
"752576",20,"0","2021-04-28 19:45:00"
"753652",20,"175.3","2021-07-17 12:15:00"
"753755",20,"0","2021-07-17 12:30:00"
"753858",20,"0","2021-07-17 12:45:00"
"753864",20,"112.2","2021-01-02 04:15:00"
"753938",20,"101.3","2021-01-02 04:30:00"
"753992",20,"96.3","2021-01-02 04:45:00"
"754046",20,"99.7","2021-01-02 05:00:00"
"754100",20,"88.8","2021-01-02 05:15:00"
"754154",20,"91.5","2021-01-02 05:30:00"
"754208",20,"97.2","2021-01-02 05:45:00"
"754262",20,"103.4","2021-01-02 06:00:00"
"755540",20,"320.4","2021-06-06 14:00:00"
"755649",20,"328.5","2021-06-06 14:15:00"
"755706",20,"206.4","2021-04-28 21:15:00"
"755788",20,"203","2021-04-28 21:30:00"
"755797",20,"336.8","2021-06-06 14:30:00"
"755895",20,"337.7","2021-06-06 14:45:00"
"755999",20,"321.7","2021-06-06 15:00:00"
"755904",20,"205.3","2021-04-28 21:45:00"
"756062",20,"215","2021-04-28 22:00:00"
"756116",20,"0","2021-04-28 22:15:00"
"757091",20,"0","2021-07-17 15:30:00"
"757139",20,"275.6","2021-04-29 00:15:00"
"757195",20,"251.8","2021-07-17 15:45:00"
"757258",20,"0","2021-04-29 00:30:00"
"757368",20,"122.9","2021-04-29 00:45:00"
"757477",20,"119.3","2021-04-29 01:00:00"
"757304",20,"281.4","2021-07-17 16:00:00"
"757411",20,"287.1","2021-07-17 16:15:00"
"757584",20,"123.6","2021-04-29 01:15:00"
"759818",20,"121.9","2021-04-29 01:30:00"
"758666",20,"191.8","2021-01-02 12:30:00"
"758720",20,"93.4","2021-01-02 12:45:00"
"758774",20,"182.8","2021-01-02 13:00:00"
"758888",20,"198.7","2021-06-06 15:45:00"
"758942",20,"216.3","2021-06-06 16:00:00"
"758996",20,"214.2","2021-06-06 16:15:00"
"759050",20,"226.3","2021-06-06 16:30:00"
"759104",20,"218.6","2021-06-06 16:45:00"
"759158",20,"212.3","2021-06-06 17:00:00"
"759212",20,"197.5","2021-06-06 17:15:00"
"759266",20,"188.3","2021-06-06 17:30:00"
"759320",20,"193.4","2021-06-06 17:45:00"
"759374",20,"176.8","2021-06-06 18:00:00"
"759428",20,"181.7","2021-06-06 18:15:00"
"759482",20,"210.2","2021-06-06 18:30:00"
"759536",20,"226.3","2021-06-06 18:45:00"
"759590",20,"227.4","2021-06-06 19:00:00"
"759644",20,"224.8","2021-06-06 19:15:00"
"759698",20,"217.4","2021-06-06 19:30:00"
"759752",20,"212","2021-06-06 19:45:00"
"762875",20,"221.7","2021-06-06 20:00:00"
"761057",20,"0","2021-04-29 05:15:00"
"761150",20,"0","2021-04-29 05:30:00"
"761238",20,"0","2021-04-29 05:45:00"
"761070",20,"268.6","2021-07-17 19:30:00"
"761207",20,"252.2","2021-07-17 19:45:00"
"761324",20,"249.5","2021-07-17 20:00:00"
"762790",20,"0","2021-04-29 06:00:00"
"762860",20,"0","2021-04-29 06:15:00"
"761378",20,"267.4","2021-07-17 20:15:00"
"761432",20,"262.8","2021-07-17 20:30:00"
"761965",20,"238.7","2021-07-17 22:00:00"
"765810",20,"239.3","2021-07-17 22:15:00"
"765864",20,"240.4","2021-07-17 22:30:00"
"762098",20,"271.3","2021-01-02 14:30:00"
"762152",20,"273.2","2021-01-02 14:45:00"
"762206",20,"154.5","2021-01-02 15:00:00"
"762260",20,"172","2021-01-02 15:15:00"
"762314",20,"244.2","2021-01-02 15:30:00"
"762368",20,"244","2021-01-02 15:45:00"
"762422",20,"215.1","2021-01-02 16:00:00"
"762476",20,"223.5","2021-01-02 16:15:00"
"763599",20,"200.2","2021-06-06 22:15:00"
"763708",20,"193.2","2021-06-06 22:30:00"
"763769",20,"214.5","2021-04-29 07:45:00"
"763875",20,"0","2021-04-29 08:00:00"
"763990",20,"0","2021-04-29 08:15:00"
"763809",20,"177","2021-06-06 22:45:00"
"763910",20,"181.1","2021-06-06 23:00:00"
"764018",20,"185.1","2021-06-06 23:15:00"
"764098",20,"0","2021-04-29 08:30:00"
"764195",20,"116.5","2021-04-29 08:45:00"
"764320",20,"125.2","2021-04-29 09:00:00"
"765340",20,"75.1","2021-01-02 20:15:00"
"765394",20,"67.5","2021-01-02 20:30:00"
"765448",20,"65.1","2021-01-02 20:45:00"
"765502",20,"68","2021-01-02 21:00:00"
"765556",20,"62.2","2021-01-02 21:15:00"
"765610",20,"78.5","2021-01-02 21:30:00"
"765664",20,"77.7","2021-01-02 21:45:00"
"765718",20,"63.6","2021-01-02 22:00:00"
"765772",20,"77.2","2021-01-02 22:15:00"
"767000",20,"119.4","2021-01-02 22:30:00"
"766925",20,"113.4","2021-04-29 11:00:00"
"767071",20,"104.5","2021-04-29 11:15:00"
"767205",20,"107.9","2021-04-29 11:30:00"
"767125",20,"94.4","2021-01-02 22:45:00"
"767264",20,"66.3","2021-01-02 23:00:00"
"767394",20,"86.3","2021-01-02 23:15:00"
"767352",20,"107.4","2021-04-29 11:45:00"
"767477",20,"105.6","2021-04-29 12:00:00"
"767537",20,"82","2021-01-02 23:30:00"
"767656",20,"114.8","2021-01-02 23:45:00"
"768735",20,"131.1","2021-04-29 14:15:00"
"768863",20,"98.8","2021-04-29 14:30:00"
"768996",20,"67.9","2021-04-29 14:45:00"
"768883",20,"99.6","2021-01-03 02:00:00"
"769015",20,"80.7","2021-01-03 02:15:00"
"769177",20,"68.1","2021-01-03 02:30:00"
"769062",20,"180.1","2021-06-07 02:45:00"
"769310",20,"0","2021-06-07 03:00:00"
"769158",20,"78.4","2021-04-29 15:00:00"
"770789",20,"100.5","2021-04-29 15:15:00"
"769804",20,"195.4","2021-06-07 04:00:00"
"769902",20,"165.8","2021-06-07 04:15:00"
"770025",20,"248.1","2021-07-18 04:30:00"
"770123",20,"243","2021-07-18 04:45:00"
"770231",20,"239.5","2021-07-18 05:00:00"
"770018",20,"177.9","2021-06-07 04:30:00"
"770136",20,"238.3","2021-06-07 04:45:00"
"770240",20,"191.6","2021-06-07 05:00:00"
"770322",20,"242.7","2021-07-18 05:15:00"
"770376",20,"242.3","2021-07-18 05:30:00"
"771408",20,"102.2","2021-04-29 16:45:00"
"771509",20,"114.6","2021-04-29 17:00:00"
"771616",20,"106.9","2021-04-29 17:15:00"
"771505",20,"106.2","2021-01-03 04:30:00"
"771615",20,"108.8","2021-01-03 04:45:00"
"771713",20,"106.6","2021-01-03 05:00:00"
"771734",20,"107.8","2021-04-29 17:30:00"
"771850",20,"106.5","2021-04-29 17:45:00"
"771813",20,"98.4","2021-01-03 05:15:00"
"771921",20,"93.9","2021-01-03 05:30:00"
"773236",20,"80.8","2021-06-07 07:15:00"
"773290",20,"97.1","2021-06-07 07:30:00"
"773344",20,"116.9","2021-06-07 07:45:00"
"773415",20,"134.2","2021-06-07 08:00:00"
"773535",20,"156.6","2021-06-07 08:15:00"
"773529",20,"234.6","2021-07-18 07:45:00"
"773641",20,"227.8","2021-07-18 08:00:00"
"773642",20,"157.6","2021-06-07 08:30:00"
"773740",20,"130.9","2021-06-07 08:45:00"
"774814",20,"109.9","2021-04-29 20:00:00"
"774869",20,"103.3","2021-04-29 20:15:00"
"774962",20,"102.3","2021-04-29 20:30:00"
"774969",20,"92.2","2021-01-03 07:45:00"
"775275",20,"0","2021-04-29 21:15:00"
"775366",20,"106.5","2021-04-29 21:30:00"
"775449",20,"104","2021-04-29 21:45:00"
"775527",20,"98.4","2021-04-29 22:00:00"
"775608",20,"94.9","2021-04-29 22:15:00"
"775623",20,"103.4","2021-01-03 09:00:00"
"775734",20,"104.8","2021-01-03 09:15:00"
"775852",20,"102.9","2021-01-03 09:30:00"
"775711",20,"101.8","2021-04-29 22:30:00"
"775810",20,"105.3","2021-04-29 22:45:00"
"775908",20,"101.9","2021-04-29 23:00:00"
"781384",20,"227.2","2021-07-18 18:00:00"
"728235",20,"48.6","2021-01-01 04:15:00"
"728382",20,"54.1","2021-01-01 04:30:00"
"728211",20,"185.1","2021-07-16 11:30:00"
"728344",20,"155.7","2021-07-16 11:45:00"
"730921",20,"0","2021-01-01 04:45:00"
"731194",20,"0","2021-01-01 05:00:00"
"729568",20,"162.1","2021-03-24 21:45:00"
"729622",20,"201.8","2021-03-24 22:00:00"
"729676",20,"208.9","2021-03-24 22:15:00"
"729730",20,"213.5","2021-03-24 22:30:00"
"730806",20,"214.4","2021-03-24 22:45:00"
"729798",20,"246.3","2021-04-27 17:00:00"
"729852",20,"249.3","2021-04-27 17:15:00"
"729906",20,"250.7","2021-04-27 17:30:00"
"729960",20,"264.9","2021-04-27 17:45:00"
"730014",20,"258.8","2021-04-27 18:00:00"
"730662",20,"246.1","2021-04-27 21:00:00"
"730716",20,"249.3","2021-04-27 21:15:00"
"730770",20,"253.8","2021-04-27 21:30:00"
"731033",20,"0","2021-04-27 21:45:00"
"731413",20,"0","2021-04-27 22:00:00"
"731037",20,"235.2","2021-03-24 23:00:00"
"731216",20,"260.3","2021-03-24 23:15:00"
"731444",20,"36.3","2021-03-24 23:30:00"
"731053",20,"0","2021-07-16 14:00:00"
"731271",20,"191.6","2021-07-16 14:15:00"
"731510",20,"185.3","2021-07-16 14:30:00"
"732365",20,"175.4","2021-07-16 15:15:00"
"732588",20,"168.9","2021-07-16 15:30:00"
"732816",20,"185","2021-07-16 15:45:00"
"732434",20,"0","2021-04-27 22:45:00"
"732788",20,"269.1","2021-04-27 23:00:00"
"733181",20,"273.2","2021-04-27 23:15:00"
"732572",20,"0","2021-01-01 06:30:00"
"732787",20,"0","2021-01-01 06:45:00"
"732998",20,"270.8","2021-01-01 07:00:00"
"732800",20,"0","2021-03-25 01:00:00"
"732982",20,"0","2021-03-25 01:15:00"
"733607",20,"279.3","2021-04-27 23:30:00"
"733950",20,"266.2","2021-04-27 23:45:00"
"733531",20,"238.4","2021-07-16 16:30:00"
"733719",20,"236.8","2021-07-16 16:45:00"
"733920",20,"232.5","2021-07-16 17:00:00"
"733901",20,"205.3","2021-03-25 02:15:00"
"734121",20,"0","2021-03-25 02:30:00"
"733740",20,"273.9","2021-01-01 07:45:00"
"733982",20,"262.5","2021-01-01 08:00:00"
"734220",20,"268.4","2021-01-01 08:15:00"
"735109",20,"238.1","2021-01-01 09:15:00"
"738360",20,"200.9","2021-01-01 09:30:00"
"735174",20,"0","2021-04-28 00:45:00"
"735276",20,"0","2021-04-28 01:00:00"
"735362",20,"64.8","2021-06-05 10:30:00"
"735460",20,"58.8","2021-06-05 10:45:00"
"735381",20,"0","2021-04-28 01:15:00"
"735496",20,"0","2021-04-28 01:30:00"
"735597",20,"0","2021-04-28 01:45:00"
"736141",20,"0","2021-03-25 04:45:00"
"736250",20,"0","2021-03-25 05:00:00"
"736367",20,"107.9","2021-03-25 05:15:00"
"736309",20,"180.5","2021-07-16 19:00:00"
"736396",20,"180.9","2021-07-16 19:15:00"
"736493",20,"177.2","2021-07-16 19:30:00"
"736494",20,"124","2021-03-25 05:30:00"
"736582",20,"138","2021-03-25 05:45:00"
"736622",20,"182.8","2021-07-16 19:45:00"
"736724",20,"174.5","2021-07-16 20:00:00"
"736829",20,"161.4","2021-07-16 20:15:00"
"737257",20,"142.8","2021-07-16 21:00:00"
"737434",20,"134.8","2021-07-16 21:15:00"
"737585",20,"123.2","2021-07-16 21:30:00"
"737323",20,"0","2021-03-25 07:15:00"
"737485",20,"0","2021-03-25 07:30:00"
"737664",20,"0","2021-03-25 07:45:00"
"737504",20,"35","2021-06-05 12:15:00"
"737648",20,"34.8","2021-06-05 12:30:00"
"737831",20,"30.2","2021-06-05 12:45:00"
"737732",20,"139","2021-07-16 21:45:00"
"737864",20,"170","2021-07-16 22:00:00"
"742565",20,"0","2021-07-16 23:00:00"
"742671",20,"0","2021-07-16 23:15:00"
"738474",20,"186.9","2021-01-01 09:45:00"
"738594",20,"166.2","2021-01-01 10:00:00"
"738705",20,"186.6","2021-01-01 10:15:00"
"738499",20,"38.6","2021-06-05 14:15:00"
"738597",20,"58.3","2021-06-05 14:30:00"
"738702",20,"39.2","2021-06-05 14:45:00"
"738807",20,"33.1","2021-06-05 15:00:00"
"738927",20,"57","2021-06-05 15:15:00"
"742130",20,"269.6","2021-01-01 15:30:00"
"742184",20,"264","2021-01-01 15:45:00"
"742238",20,"228.9","2021-01-01 16:00:00"
"742292",20,"233.2","2021-01-01 16:15:00"
"742346",20,"273.1","2021-01-01 16:30:00"
"742400",20,"228.1","2021-01-01 16:45:00"
"742454",20,"259.6","2021-01-01 17:00:00"
"742508",20,"238.5","2021-01-01 17:15:00"
"742575",20,"250.5","2021-01-01 17:30:00"
"742684",20,"250.8","2021-01-01 17:45:00"
"743917",20,"0","2021-04-28 08:30:00"
"743998",20,"0","2021-04-28 08:45:00"
"744058",20,"0","2021-07-17 02:45:00"
"744231",20,"0","2021-07-17 03:00:00"
"744440",20,"0","2021-07-17 03:15:00"
"744078",20,"185.2","2021-04-28 09:00:00"
"744157",20,"181.8","2021-04-28 09:15:00"
"744235",20,"154","2021-04-28 09:30:00"
"744307",20,"158.9","2021-04-28 09:45:00"
"744382",20,"132.2","2021-04-28 10:00:00"
"746642",20,"90.7","2021-01-01 22:30:00"
"746696",20,"100.8","2021-01-01 22:45:00"
"746750",20,"104.4","2021-01-01 23:00:00"
"749377",20,"102.9","2021-01-01 23:15:00"
"749484",20,"100.8","2021-01-01 23:30:00"
"746794",20,"51.2","2021-04-28 11:30:00"
"746848",20,"47.8","2021-04-28 11:45:00"
"746974",20,"55.6","2021-04-28 12:00:00"
"746992",20,"265.8","2021-06-06 01:45:00"
"747070",20,"261.2","2021-06-06 02:00:00"
"747155",20,"273.4","2021-06-06 02:15:00"
"748697",20,"218.5","2021-04-28 14:45:00"
"748824",20,"176.3","2021-04-28 15:00:00"
"748908",20,"179.4","2021-04-28 15:15:00"
"748997",20,"209.1","2021-04-28 15:30:00"
"749080",20,"182.3","2021-04-28 15:45:00"
"749054",20,"59.4","2021-07-17 05:15:00"
"749192",20,"65.4","2021-07-17 05:30:00"
"749246",20,"65.6","2021-07-17 05:45:00"
"749168",20,"193","2021-04-28 16:00:00"
"751225",20,"198.1","2021-04-28 16:15:00"
"751361",20,"195.5","2021-04-28 16:30:00"
"750998",20,"0","2021-06-06 07:00:00"
"751052",20,"272.3","2021-06-06 07:15:00"
"751111",20,"273.5","2021-06-06 07:30:00"
"751185",20,"271.1","2021-06-06 07:45:00"
"751271",20,"269.3","2021-06-06 08:00:00"
"751362",20,"276.7","2021-06-06 08:15:00"
"751435",20,"267.7","2021-06-06 08:30:00"
"751502",20,"210","2021-04-28 16:45:00"
"751603",20,"208.2","2021-04-28 17:00:00"
"753110",20,"40.2","2021-07-17 09:45:00"
"753164",20,"351.1","2021-07-17 10:00:00"
"753218",20,"0","2021-07-17 10:15:00"
"753272",20,"0","2021-07-17 10:30:00"
"753326",20,"0","2021-07-17 10:45:00"
"753380",20,"0","2021-07-17 11:00:00"
"753434",20,"174.1","2021-07-17 11:15:00"
"753488",20,"212.4","2021-07-17 11:30:00"
"753542",20,"215.1","2021-07-17 11:45:00"
"753596",20,"179.9","2021-07-17 12:00:00"
"756053",20,"334.3","2021-06-06 15:15:00"
"758834",20,"92.1","2021-06-06 15:30:00"
"756170",20,"0","2021-04-28 22:30:00"
"756230",20,"0","2021-04-28 22:45:00"
"756269",20,"223","2021-07-17 13:00:00"
"756353",20,"193.2","2021-07-17 13:15:00"
"756427",20,"206.2","2021-07-17 13:30:00"
"756393",20,"0","2021-04-28 23:00:00"
"756596",20,"272.8","2021-04-28 23:15:00"
"756753",20,"270.3","2021-04-28 23:30:00"
"758126",20,"112.4","2021-01-02 10:00:00"
"758180",20,"116.8","2021-01-02 10:15:00"
"758234",20,"110.5","2021-01-02 10:30:00"
"758288",20,"144.1","2021-01-02 10:45:00"
"758342",20,"129.3","2021-01-02 11:00:00"
"758396",20,"99.4","2021-01-02 11:15:00"
"758450",20,"112.8","2021-01-02 11:30:00"
"758504",20,"92.1","2021-01-02 11:45:00"
"758558",20,"75.2","2021-01-02 12:00:00"
"758612",20,"91.8","2021-01-02 12:15:00"
"760406",20,"123.3","2021-04-29 03:45:00"
"760504",20,"136.1","2021-04-29 04:00:00"
"760612",20,"0","2021-04-29 04:15:00"
"760649",20,"255.6","2021-07-17 18:30:00"
"760755",20,"254.8","2021-07-17 18:45:00"
"760862",20,"276.9","2021-07-17 19:00:00"
"760723",20,"0","2021-04-29 04:30:00"
"760833",20,"0","2021-04-29 04:45:00"
"760942",20,"0","2021-04-29 05:00:00"
"760967",20,"282.6","2021-07-17 19:15:00"
"762530",20,"240.3","2021-01-02 16:30:00"
"762584",20,"233.8","2021-01-02 16:45:00"
"762638",20,"140.6","2021-01-02 17:00:00"
"762692",20,"144.8","2021-01-02 17:15:00"
"762746",20,"133","2021-01-02 17:30:00"
"764364",20,"137.2","2021-01-02 17:45:00"
"764595",20,"142.3","2021-01-02 18:00:00"
"762946",20,"213.7","2021-06-06 20:15:00"
"763023",20,"209.5","2021-06-06 20:30:00"
"763099",20,"219.1","2021-06-06 20:45:00"
"764719",20,"137.2","2021-01-02 18:15:00"
"764830",20,"125.1","2021-01-02 18:30:00"
"764922",20,"94.5","2021-01-02 18:45:00"
"765069",20,"115.2","2021-04-29 10:30:00"
"766835",20,"106.5","2021-04-29 10:45:00"
"765033",20,"94.1","2021-01-02 19:00:00"
"765124",20,"72","2021-01-02 19:15:00"
"765178",20,"73.9","2021-01-02 19:30:00"
"765232",20,"97.6","2021-01-02 19:45:00"
"765286",20,"92.8","2021-01-02 20:00:00"
"767794",20,"168.1","2021-06-07 01:30:00"
"768027",20,"223.7","2021-06-07 01:45:00"
"767615",20,"97.5","2021-04-29 12:15:00"
"767740",20,"87.8","2021-04-29 12:30:00"
"767880",20,"106","2021-04-29 12:45:00"
"767798",20,"121.8","2021-01-03 00:00:00"
"767942",20,"122.9","2021-01-03 00:15:00"
"768078",20,"105.2","2021-01-03 00:30:00"
"768028",20,"92.5","2021-04-29 13:00:00"
"768162",20,"90.8","2021-04-29 13:15:00"
"772435",20,"139","2021-06-07 05:15:00"
"772598",20,"140.3","2021-06-07 05:30:00"
"772756",20,"254.2","2021-06-07 05:45:00"
"770430",20,"227.8","2021-07-18 05:45:00"
"770484",20,"231.1","2021-07-18 06:00:00"
"770538",20,"247","2021-07-18 06:15:00"
"770592",20,"238.1","2021-07-18 06:30:00"
"770646",20,"242.8","2021-07-18 06:45:00"
"770700",20,"234.4","2021-07-18 07:00:00"
"770754",20,"248.1","2021-07-18 07:15:00"
"773431",20,"237.3","2021-07-18 07:30:00"
"771961",20,"115.4","2021-04-29 18:00:00"
"772048",20,"116.6","2021-04-29 18:15:00"
"772137",20,"0","2021-04-29 18:30:00"
"772044",20,"95.8","2021-01-03 05:45:00"
"772173",20,"96","2021-01-03 06:00:00"
"772272",20,"92.2","2021-01-03 06:15:00"
"772254",20,"117.8","2021-04-29 18:45:00"
"772373",20,"115.6","2021-04-29 19:00:00"
"772380",20,"95.4","2021-01-03 06:30:00"
"772534",20,"91.8","2021-01-03 06:45:00"
"772711",20,"102.1","2021-01-03 07:00:00"
"773760",20,"226.5","2021-07-18 08:15:00"
"773860",20,"235.6","2021-07-18 08:30:00"
"773969",20,"222.7","2021-07-18 08:45:00"
"773855",20,"76.8","2021-06-07 09:00:00"
"773962",20,"210.6","2021-06-07 09:15:00"
"774066",20,"209.4","2021-06-07 09:30:00"
"774081",20,"212.4","2021-07-18 09:00:00"
"774186",20,"226.6","2021-07-18 09:15:00"
"774171",20,"336.2","2021-06-07 09:45:00"
"776634",20,"38.9","2021-06-07 10:00:00"
"775954",20,"93.8","2021-01-03 09:45:00"
"776056",20,"102.8","2021-01-03 10:00:00"
"776032",20,"97.1","2021-04-29 23:15:00"
"776148",20,"95.5","2021-04-29 23:30:00"
"776159",20,"110.8","2021-01-03 10:15:00"
"776255",20,"104.7","2021-01-03 10:30:00"
"776367",20,"104.8","2021-01-03 10:45:00"
"776270",20,"91.2","2021-04-29 23:45:00"
"776372",20,"89.1","2021-04-30 00:00:00"
"776475",20,"86.1","2021-04-30 00:15:00"
"776980",20,"241.3","2021-07-18 12:15:00"
"777144",20,"228.2","2021-07-18 12:30:00"
"777160",20,"22.6","2021-06-07 11:00:00"
"777270",20,"40.1","2021-06-07 11:15:00"
"777370",20,"67.9","2021-06-07 11:30:00"
"777253",20,"240.4","2021-07-18 12:45:00"
"777369",20,"242.8","2021-07-18 13:00:00"
"777476",20,"69.4","2021-06-07 11:45:00"
"777584",20,"75.5","2021-06-07 12:00:00"
"777700",20,"103","2021-06-07 12:15:00"
"778121",20,"141.4","2021-06-07 13:15:00"
"778243",20,"134","2021-06-07 13:30:00"
"778343",20,"137.5","2021-06-07 13:45:00"
"778132",20,"235.3","2021-07-18 14:45:00"
"778223",20,"225.8","2021-07-18 15:00:00"
"778340",20,"234","2021-07-18 15:15:00"
"778446",20,"147.7","2021-06-07 14:00:00"
"778587",20,"152.4","2021-06-07 14:15:00"
"780355",20,"120.6","2021-06-07 14:30:00"
"778452",20,"237","2021-07-18 15:30:00"
"778541",20,"231","2021-07-18 15:45:00"
"778625",20,"215.3","2021-07-18 16:00:00"
"779326",20,"114.1","2021-04-30 03:00:00"
"779380",20,"116.5","2021-04-30 03:15:00"
"779434",20,"114.2","2021-04-30 03:30:00"
"779488",20,"117.4","2021-04-30 03:45:00"
"779543",20,"117.1","2021-04-30 04:00:00"
"779580",20,"105.4","2021-01-03 12:15:00"
"779707",20,"92.2","2021-01-03 12:30:00"
"779846",20,"84.7","2021-01-03 12:45:00"
"779640",20,"119.1","2021-04-30 04:15:00"
"779728",20,"117.1","2021-04-30 04:30:00"
"779813",20,"114.3","2021-04-30 04:45:00"
"780363",20,"85.6","2021-01-03 14:45:00"
"780465",20,"95.4","2021-01-03 15:00:00"
"780616",20,"74.7","2021-01-03 15:15:00"
"780466",20,"147.4","2021-06-07 14:45:00"
"780595",20,"142.5","2021-06-07 15:00:00"
"780594",20,"220.5","2021-07-18 16:45:00"
"780794",20,"219","2021-07-18 17:00:00"
"780937",20,"216.9","2021-07-18 17:15:00"
"781550",20,"229","2021-07-18 18:15:00"
"781690",20,"230.7","2021-07-18 18:30:00"
"781552",20,"0","2021-06-07 16:30:00"
"781693",20,"89.1","2021-06-07 16:45:00"
"781800",20,"83.7","2021-06-07 17:00:00"
"781611",20,"123.8","2021-01-03 16:45:00"
"783756",20,"122","2021-01-03 17:00:00"
"783859",20,"131.8","2021-01-03 17:15:00"
"781799",20,"236.1","2021-07-18 18:45:00"
"781889",20,"244.7","2021-07-18 19:00:00"
"787378",20,"90.3","2021-04-30 12:30:00"
"787432",20,"88.4","2021-04-30 12:45:00"
"787486",20,"91.5","2021-04-30 13:00:00"
"787540",20,"95.9","2021-04-30 13:15:00"
"787594",20,"92","2021-04-30 13:30:00"
"787648",20,"89.1","2021-04-30 13:45:00"
"787702",20,"83.1","2021-04-30 14:00:00"
"787756",20,"81.2","2021-04-30 14:15:00"
"787902",20,"122.5","2021-01-03 22:00:00"
"787956",20,"104.7","2021-01-03 22:15:00"
"789271",20,"243.9","2021-07-19 03:00:00"
"789386",20,"231.3","2021-07-19 03:15:00"
"789241",20,"81.6","2021-06-08 00:45:00"
"789340",20,"106.4","2021-06-08 01:00:00"
"789451",20,"88.3","2021-06-08 01:15:00"
"789493",20,"227.8","2021-07-19 03:30:00"
"789602",20,"227.4","2021-07-19 03:45:00"
"789709",20,"227.7","2021-07-19 04:00:00"
"789558",20,"0","2021-06-08 01:30:00"
"789653",20,"72","2021-06-08 01:45:00"
"789771",20,"89.5","2021-06-08 02:00:00"
"790810",20,"76","2021-04-30 14:30:00"
"790864",20,"92.6","2021-04-30 14:45:00"
"790918",20,"76.7","2021-04-30 15:00:00"
"790972",20,"88.9","2021-04-30 15:15:00"
"791026",20,"80.6","2021-04-30 15:30:00"
"791080",20,"76.4","2021-04-30 15:45:00"
"791134",20,"61.4","2021-04-30 16:00:00"
"791188",20,"88.6","2021-04-30 16:15:00"
"791242",20,"77.7","2021-04-30 16:30:00"
"791296",20,"80.3","2021-04-30 16:45:00"
"791820",20,"114.6","2021-01-04 02:15:00"
"791874",20,"111.9","2021-01-04 02:30:00"
"791928",20,"109.5","2021-01-04 02:45:00"
"791982",20,"108.9","2021-01-04 03:00:00"
"792036",20,"109.4","2021-01-04 03:15:00"
"792090",20,"110.7","2021-01-04 03:30:00"
"792144",20,"107.7","2021-01-04 03:45:00"
"792198",20,"114.9","2021-01-04 04:00:00"
"792252",20,"114.2","2021-01-04 04:15:00"
"792312",20,"118.4","2021-01-04 04:30:00"
"792414",20,"115.8","2021-01-04 04:45:00"
"794154",20,"199.6","2021-07-19 08:15:00"
"794208",20,"200.7","2021-07-19 08:30:00"
"794262",20,"207.2","2021-07-19 08:45:00"
"794316",20,"209.8","2021-07-19 09:00:00"
"794370",20,"211.7","2021-07-19 09:15:00"
"794424",20,"213.6","2021-07-19 09:30:00"
"794478",20,"197.8","2021-07-19 09:45:00"
"794532",20,"219.1","2021-07-19 10:00:00"
"794586",20,"189.9","2021-07-19 10:15:00"
"794640",20,"188.4","2021-07-19 10:30:00"
"795891",20,"108.3","2021-04-30 22:00:00"
"795998",20,"105","2021-04-30 22:15:00"
"795980",20,"47.1","2021-06-08 11:15:00"
"796069",20,"52.6","2021-06-08 11:30:00"
"796160",20,"66.8","2021-06-08 11:45:00"
"796136",20,"104.6","2021-04-30 22:30:00"
"796239",20,"108.5","2021-04-30 22:45:00"
"796360",20,"113.3","2021-04-30 23:00:00"
"796272",20,"56.9","2021-06-08 12:00:00"
"796369",20,"74.2","2021-06-08 12:15:00"
"796447",20,"71.9","2021-06-08 12:30:00"
"797371",20,"124.2","2021-07-19 12:30:00"
"797491",20,"117.6","2021-07-19 12:45:00"
"797595",20,"51.7","2021-07-19 13:00:00"
"797657",20,"105.8","2021-01-04 08:45:00"
"797770",20,"85","2021-01-04 09:00:00"
"797835",20,"76.3","2021-01-04 09:15:00"
"797692",20,"36.8","2021-07-19 13:15:00"
"798288",20,"64.3","2021-07-19 13:30:00"
"798342",20,"174.6","2021-07-19 13:45:00"
"797889",20,"78.9","2021-01-04 09:30:00"
"797943",20,"58.9","2021-01-04 09:45:00"
"799033",20,"93.9","2021-06-08 14:00:00"
"799140",20,"82.6","2021-06-08 14:15:00"
"799102",20,"109.6","2021-05-01 00:30:00"
"799198",20,"111.4","2021-05-01 00:45:00"
"799258",20,"104","2021-06-08 14:30:00"
"799360",20,"95.5","2021-06-08 14:45:00"
"799468",20,"101.7","2021-06-08 15:00:00"
"799314",20,"107.6","2021-05-01 01:00:00"
"799423",20,"105.7","2021-05-01 01:15:00"
"799526",20,"109.2","2021-05-01 01:30:00"
"800758",20,"332.4","2021-07-19 17:00:00"
"800954",20,"292.1","2021-07-19 17:15:00"
"801126",20,"254.9","2021-07-19 17:30:00"
"800797",20,"47.2","2021-01-04 12:30:00"
"800974",20,"76.6","2021-01-04 12:45:00"
"801213",20,"49","2021-01-04 13:00:00"
"801040",20,"91.6","2021-06-08 17:00:00"
"801225",20,"102.9","2021-06-08 17:15:00"
"801433",20,"93.2","2021-06-08 17:30:00"
"801238",20,"119.8","2021-05-01 03:45:00"
"801439",20,"123.9","2021-05-01 04:00:00"
"801784",20,"217.2","2021-07-19 18:15:00"
"801929",20,"209.5","2021-07-19 18:30:00"
"802041",20,"207.3","2021-07-19 18:45:00"
"801808",20,"74.9","2021-01-04 13:45:00"
"801949",20,"76.4","2021-01-04 14:00:00"
"802067",20,"94.4","2021-01-04 14:15:00"
"802161",20,"62.3","2021-01-04 14:30:00"
"802269",20,"77.9","2021-01-04 14:45:00"
"802383",20,"82.6","2021-01-04 15:00:00"
"802162",20,"220.8","2021-07-19 19:00:00"
"802270",20,"221.4","2021-07-19 19:15:00"
"802370",20,"224.9","2021-07-19 19:30:00"
"803447",20,"113.1","2021-06-08 19:45:00"
"803539",20,"111.9","2021-06-08 20:00:00"
"803640",20,"98","2021-06-08 20:15:00"
"803749",20,"101.7","2021-06-08 20:30:00"
"803869",20,"103.9","2021-06-08 20:45:00"
"803678",20,"0","2021-05-01 06:15:00"
"803787",20,"0","2021-05-01 06:30:00"
"803885",20,"0","2021-05-01 06:45:00"
"803990",20,"0","2021-05-01 07:00:00"
"804111",20,"0","2021-05-01 07:15:00"
"804506",20,"127.7","2021-06-08 22:15:00"
"804607",20,"119","2021-06-08 22:30:00"
"804718",20,"118.3","2021-06-08 22:45:00"
"806882",20,"119.9","2021-06-08 23:00:00"
"806998",20,"122.1","2021-06-08 23:15:00"
"804752",20,"122","2021-05-01 08:45:00"
"806812",20,"118.9","2021-05-01 09:00:00"
"806921",20,"119","2021-05-01 09:15:00"
"804958",20,"231.8","2021-07-19 21:00:00"
"805012",20,"263.7","2021-07-19 21:15:00"
"806105",20,"275.8","2021-07-20 00:00:00"
"806221",20,"249.5","2021-07-20 00:15:00"
"806323",20,"219","2021-07-20 00:30:00"
"806320",20,"46.1","2021-01-04 19:00:00"
"806434",20,"61.9","2021-01-04 19:15:00"
"806425",20,"217.1","2021-07-20 00:45:00"
"806532",20,"214.4","2021-07-20 01:00:00"
"808930",20,"192.8","2021-07-20 01:15:00"
"806546",20,"65.7","2021-01-04 19:30:00"
"806600",20,"81.6","2021-01-04 19:45:00"
"806654",20,"85.5","2021-01-04 20:00:00"
"807949",20,"102","2021-06-09 01:30:00"
"808064",20,"121.9","2021-06-09 01:45:00"
"808105",20,"76.5","2021-05-01 12:00:00"
"808194",20,"67.5","2021-05-01 12:15:00"
"808204",20,"0","2021-06-09 02:00:00"
"808343",20,"182.7","2021-06-09 02:15:00"
"808453",20,"178.3","2021-06-09 02:30:00"
"808279",20,"76.4","2021-05-01 12:30:00"
"808375",20,"55.8","2021-05-01 12:45:00"
"808477",20,"61.2","2021-05-01 13:00:00"
"809598",20,"0","2021-07-20 02:45:00"
"809692",20,"0","2021-07-20 03:00:00"
"809640",20,"277.8","2021-01-04 22:45:00"
"809748",20,"264.9","2021-01-04 23:00:00"
"809851",20,"266.6","2021-01-04 23:15:00"
"809817",20,"270","2021-07-20 03:15:00"
"809918",20,"279.6","2021-07-20 03:30:00"
"810037",20,"278.7","2021-07-20 03:45:00"
"809961",20,"264.2","2021-01-04 23:30:00"
"810062",20,"290.4","2021-01-04 23:45:00"
"811219",20,"232.8","2021-06-09 04:30:00"
"811314",20,"0","2021-06-09 04:45:00"
"811422",20,"169","2021-06-09 05:00:00"
"811530",20,"153.9","2021-06-09 05:15:00"
"811654",20,"0","2021-06-09 05:30:00"
"811564",20,"48.3","2021-05-01 15:15:00"
"811657",20,"52","2021-05-01 15:30:00"
"811766",20,"38.8","2021-05-01 15:45:00"
"811884",20,"43.7","2021-05-01 16:00:00"
"811993",20,"45.5","2021-05-01 16:15:00"
"812950",20,"0","2021-01-05 02:00:00"
"813004",20,"252.6","2021-01-05 02:15:00"
"813058",20,"0","2021-01-05 02:30:00"
"813112",20,"0","2021-01-05 02:45:00"
"813166",20,"0","2021-01-05 03:00:00"
"813220",20,"31.1","2021-01-05 03:15:00"
"813274",20,"55.6","2021-01-05 03:30:00"
"813328",20,"50.2","2021-01-05 03:45:00"
"813382",20,"69.8","2021-01-05 04:00:00"
"813436",20,"42","2021-01-05 04:15:00"
"813845",20,"274","2021-07-20 05:45:00"
"814022",20,"237.1","2021-07-20 06:00:00"
"814222",20,"262.2","2021-07-20 06:15:00"
"814107",20,"115.1","2021-06-09 08:30:00"
"814259",20,"107.3","2021-06-09 08:45:00"
"814239",20,"95.2","2021-05-01 19:00:00"
"814384",20,"96.4","2021-05-01 19:15:00"
"814526",20,"94.2","2021-05-01 19:30:00"
"814396",20,"254.8","2021-07-20 06:30:00"
"814544",20,"210.1","2021-07-20 06:45:00"
"814700",20,"223.6","2021-07-20 07:00:00"
"816020",20,"75.1","2021-06-09 11:30:00"
"816183",20,"81.9","2021-06-09 11:45:00"
"816336",20,"66.2","2021-06-09 12:00:00"
"816377",20,"0","2021-05-01 22:15:00"
"816528",20,"0","2021-05-01 22:30:00"
"816488",20,"147.6","2021-07-20 09:45:00"
"816663",20,"140.8","2021-07-20 10:00:00"
"816503",20,"83.4","2021-06-09 12:15:00"
"816657",20,"55.2","2021-06-09 12:30:00"
"817912",20,"70.3","2021-06-09 12:45:00"
"817732",20,"42.1","2021-01-05 10:15:00"
"820786",20,"19.4","2021-01-05 10:30:00"
"820840",20,"23.2","2021-01-05 10:45:00"
"818027",20,"78.4","2021-06-09 13:00:00"
"818184",20,"92.2","2021-06-09 13:15:00"
"817984",20,"121.2","2021-05-01 23:30:00"
"818135",20,"91.4","2021-05-01 23:45:00"
"818293",20,"98.9","2021-05-02 00:00:00"
"818448",20,"100.9","2021-05-02 00:15:00"
"818599",20,"108.5","2021-05-02 00:30:00"
"819649",20,"119.2","2021-06-09 15:30:00"
"819810",20,"0","2021-06-09 15:45:00"
"819578",20,"0","2021-05-02 02:00:00"
"819753",20,"0","2021-05-02 02:15:00"
"819913",20,"85.4","2021-05-02 02:30:00"
"819608",20,"84.6","2021-07-20 12:45:00"
"819763",20,"83.3","2021-07-20 13:00:00"
"819927",20,"99.6","2021-07-20 13:15:00"
"819975",20,"0","2021-06-09 16:00:00"
"820117",20,"31.5","2021-06-09 16:15:00"
"775071",20,"95.6","2021-01-03 08:00:00"
"775185",20,"97.6","2021-01-03 08:15:00"
"775076",20,"113.8","2021-04-29 20:45:00"
"775173",20,"103","2021-04-29 21:00:00"
"775309",20,"107.3","2021-01-03 08:30:00"
"775456",20,"112.1","2021-01-03 08:45:00"
"776480",20,"94.7","2021-01-03 11:00:00"
"776625",20,"97.2","2021-01-03 11:15:00"
"778786",20,"89.8","2021-04-30 00:30:00"
"778840",20,"91.2","2021-04-30 00:45:00"
"776731",20,"89.1","2021-01-03 11:30:00"
"776844",20,"103.5","2021-01-03 11:45:00"
"777016",20,"99.5","2021-01-03 12:00:00"
"776746",20,"40.8","2021-06-07 10:15:00"
"776881",20,"61.1","2021-06-07 10:30:00"
"777017",20,"64.4","2021-06-07 10:45:00"
"777479",20,"241.1","2021-07-18 13:15:00"
"777587",20,"247.8","2021-07-18 13:30:00"
"777687",20,"238.9","2021-07-18 13:45:00"
"777807",20,"90.7","2021-06-07 12:30:00"
"777905",20,"105.9","2021-06-07 12:45:00"
"777796",20,"227.7","2021-07-18 14:00:00"
"777914",20,"226.9","2021-07-18 14:15:00"
"778012",20,"117.6","2021-06-07 13:00:00"
"778023",20,"217.9","2021-07-18 14:30:00"
"778698",20,"232.7","2021-07-18 16:15:00"
"778752",20,"222.7","2021-07-18 16:30:00"
"778894",20,"92","2021-04-30 01:00:00"
"778948",20,"93.3","2021-04-30 01:15:00"
"779002",20,"92","2021-04-30 01:30:00"
"779056",20,"92.7","2021-04-30 01:45:00"
"779110",20,"97.5","2021-04-30 02:00:00"
"779164",20,"100.4","2021-04-30 02:15:00"
"779218",20,"107.4","2021-04-30 02:30:00"
"779272",20,"111.3","2021-04-30 02:45:00"
"779905",20,"110.9","2021-04-30 05:00:00"
"782812",20,"105.3","2021-04-30 05:15:00"
"779958",20,"99.7","2021-01-03 13:00:00"
"780012",20,"91.2","2021-01-03 13:15:00"
"780066",20,"71.9","2021-01-03 13:30:00"
"780120",20,"102","2021-01-03 13:45:00"
"780174",20,"75.8","2021-01-03 14:00:00"
"780228",20,"85.3","2021-01-03 14:15:00"
"780282",20,"82.1","2021-01-03 14:30:00"
"780764",20,"260.1","2021-06-07 15:15:00"
"780897",20,"0","2021-06-07 15:30:00"
"781066",20,"0","2021-06-07 15:45:00"
"781079",20,"219.8","2021-07-18 17:30:00"
"781201",20,"220.5","2021-07-18 17:45:00"
"781252",20,"0","2021-06-07 16:00:00"
"781380",20,"267.4","2021-06-07 16:15:00"
"781288",20,"129.5","2021-01-03 16:15:00"
"781446",20,"111.3","2021-01-03 16:30:00"
"782471",20,"0","2021-06-07 18:30:00"
"782582",20,"98","2021-06-07 18:45:00"
"782538",20,"250.4","2021-07-18 20:30:00"
"782637",20,"248.3","2021-07-18 20:45:00"
"782724",20,"243.7","2021-07-18 21:00:00"
"782694",20,"97.5","2021-06-07 19:00:00"
"784875",20,"87.4","2021-06-07 19:15:00"
"785057",20,"77.7","2021-06-07 19:30:00"
"782778",20,"238.3","2021-07-18 21:15:00"
"784602",20,"244.4","2021-07-18 21:30:00"
"783460",20,"114.7","2021-04-30 08:15:00"
"783514",20,"109.2","2021-04-30 08:30:00"
"783568",20,"100","2021-04-30 08:45:00"
"783622",20,"94","2021-04-30 09:00:00"
"783683",20,"94.9","2021-04-30 09:15:00"
"783792",20,"94.6","2021-04-30 09:30:00"
"786784",20,"94.7","2021-04-30 09:45:00"
"783930",20,"114.4","2021-01-03 17:30:00"
"783984",20,"109.3","2021-01-03 17:45:00"
"784649",20,"118.7","2021-01-03 20:30:00"
"784777",20,"123.8","2021-01-03 20:45:00"
"784940",20,"120.6","2021-01-03 21:00:00"
"784711",20,"243","2021-07-18 21:45:00"
"784843",20,"240.4","2021-07-18 22:00:00"
"785001",20,"242.9","2021-07-18 22:15:00"
"785105",20,"130.2","2021-01-03 21:15:00"
"787794",20,"126.9","2021-01-03 21:30:00"
"787848",20,"114.3","2021-01-03 21:45:00"
"785163",20,"238.3","2021-07-18 22:30:00"
"785285",20,"240","2021-07-18 22:45:00"
"785401",20,"240.6","2021-07-18 23:00:00"
"785773",20,"100.9","2021-06-07 21:00:00"
"785870",20,"94.5","2021-06-07 21:15:00"
"785966",20,"93","2021-06-07 21:30:00"
"786062",20,"233.3","2021-07-19 00:30:00"
"786169",20,"226.9","2021-07-19 00:45:00"
"786073",20,"94.5","2021-06-07 21:45:00"
"786182",20,"105.3","2021-06-07 22:00:00"
"786269",20,"225.1","2021-07-19 01:00:00"
"786361",20,"232","2021-07-19 01:15:00"
"786482",20,"240.1","2021-07-19 01:30:00"
"786838",20,"97.8","2021-04-30 10:00:00"
"786892",20,"93.8","2021-04-30 10:15:00"
"786946",20,"90.2","2021-04-30 10:30:00"
"787000",20,"90.3","2021-04-30 10:45:00"
"787054",20,"92.4","2021-04-30 11:00:00"
"787108",20,"92.3","2021-04-30 11:15:00"
"787162",20,"95.8","2021-04-30 11:30:00"
"787216",20,"96.5","2021-04-30 11:45:00"
"787270",20,"99.5","2021-04-30 12:00:00"
"787324",20,"96.2","2021-04-30 12:15:00"
"788550",20,"89.6","2021-01-04 01:00:00"
"788604",20,"98.9","2021-01-04 01:15:00"
"788658",20,"109.2","2021-01-04 01:30:00"
"788712",20,"119.9","2021-01-04 01:45:00"
"788766",20,"110.5","2021-01-04 02:00:00"
"788935",20,"238.9","2021-07-19 02:15:00"
"789041",20,"251.1","2021-07-19 02:30:00"
"789167",20,"250.2","2021-07-19 02:45:00"
"789038",20,"105.9","2021-06-08 00:15:00"
"789125",20,"84.8","2021-06-08 00:30:00"
"790355",20,"227.5","2021-07-19 05:30:00"
"790460",20,"229","2021-07-19 05:45:00"
"790570",20,"230.6","2021-07-19 06:00:00"
"790426",20,"141.5","2021-06-08 03:30:00"
"790534",20,"0","2021-06-08 03:45:00"
"790687",20,"247.8","2021-07-19 06:15:00"
"790776",20,"247.2","2021-07-19 06:30:00"
"790631",20,"0","2021-06-08 04:00:00"
"790734",20,"0","2021-06-08 04:15:00"
"792401",20,"0","2021-06-08 04:30:00"
"792488",20,"0","2021-06-08 04:45:00"
"792571",20,"0","2021-06-08 05:00:00"
"792560",20,"112.8","2021-01-04 05:00:00"
"792702",20,"109.3","2021-01-04 05:15:00"
"792657",20,"0","2021-06-08 05:15:00"
"792740",20,"0","2021-06-08 05:30:00"
"792817",20,"0","2021-06-08 05:45:00"
"792881",20,"110.3","2021-01-04 05:30:00"
"793053",20,"108.5","2021-01-04 05:45:00"
"793217",20,"108.5","2021-01-04 06:00:00"
"793541",20,"141.3","2021-06-08 08:00:00"
"793647",20,"134.9","2021-06-08 08:15:00"
"793709",20,"234.8","2021-07-19 06:45:00"
"793814",20,"221","2021-07-19 07:00:00"
"793922",20,"216.4","2021-07-19 07:15:00"
"793773",20,"126.7","2021-06-08 08:30:00"
"793882",20,"116.7","2021-06-08 08:45:00"
"793992",20,"215.5","2021-07-19 07:30:00"
"794046",20,"208.3","2021-07-19 07:45:00"
"794100",20,"200.2","2021-07-19 08:00:00"
"795391",20,"93.4","2021-06-08 09:45:00"
"795396",20,"102.9","2021-04-30 21:00:00"
"795523",20,"108.3","2021-04-30 21:15:00"
"795630",20,"114.6","2021-04-30 21:30:00"
"795748",20,"112.5","2021-04-30 21:45:00"
"795491",20,"76.1","2021-06-08 10:00:00"
"795583",20,"72.2","2021-06-08 10:15:00"
"795688",20,"55.2","2021-06-08 10:30:00"
"795784",20,"48.3","2021-06-08 10:45:00"
"795869",20,"50.7","2021-06-08 11:00:00"
"796938",20,"116.7","2021-07-19 12:00:00"
"797021",20,"86.8","2021-07-19 12:15:00"
"797038",20,"111.5","2021-01-04 06:45:00"
"797092",20,"105","2021-01-04 07:00:00"
"797146",20,"96.5","2021-01-04 07:15:00"
"797200",20,"104","2021-01-04 07:30:00"
"797254",20,"109.9","2021-01-04 07:45:00"
"797341",20,"100.3","2021-01-04 08:00:00"
"797429",20,"102.7","2021-01-04 08:15:00"
"797541",20,"96.6","2021-01-04 08:30:00"
"798504",20,"158.8","2021-07-19 14:30:00"
"798558",20,"240.6","2021-07-19 14:45:00"
"798612",20,"277.9","2021-07-19 15:00:00"
"798666",20,"208.8","2021-07-19 15:15:00"
"798720",20,"174.9","2021-07-19 15:30:00"
"798774",20,"256","2021-07-19 15:45:00"
"799914",20,"188.8","2021-07-19 16:00:00"
"800107",20,"231.5","2021-07-19 16:15:00"
"798808",20,"114.9","2021-04-30 23:45:00"
"798883",20,"106.9","2021-05-01 00:00:00"
"798987",20,"107.4","2021-05-01 00:15:00"
"800342",20,"142.9","2021-07-19 16:30:00"
"800550",20,"332.6","2021-07-19 16:45:00"
"800361",20,"57.6","2021-01-04 12:00:00"
"800560",20,"55.9","2021-01-04 12:15:00"
"800521",20,"91.2","2021-06-08 16:30:00"
"800732",20,"74.2","2021-06-08 16:45:00"
"800602",20,"112.1","2021-05-01 03:00:00"
"800808",20,"120.1","2021-05-01 03:15:00"
"801023",20,"123.8","2021-05-01 03:30:00"
"802480",20,"226.7","2021-07-19 19:45:00"
"802577",20,"249.7","2021-07-19 20:00:00"
"802491",20,"78.9","2021-01-04 15:15:00"
"802610",20,"62.4","2021-01-04 15:30:00"
"802694",20,"261.5","2021-07-19 20:15:00"
"804826",20,"246","2021-07-19 20:30:00"
"804904",20,"212.5","2021-07-19 20:45:00"
"802709",20,"40.8","2021-01-04 15:45:00"
"804796",20,"38.5","2021-01-04 16:00:00"
"805152",20,"72","2021-01-04 16:15:00"
"803977",20,"102.3","2021-06-08 21:00:00"
"804072",20,"113.8","2021-06-08 21:15:00"
"804181",20,"0","2021-06-08 21:30:00"
"804289",20,"122.8","2021-06-08 21:45:00"
"804409",20,"131.6","2021-06-08 22:00:00"
"804219",20,"0","2021-05-01 07:30:00"
"804326",20,"0","2021-05-01 07:45:00"
"804422",20,"128.7","2021-05-01 08:00:00"
"804538",20,"118.1","2021-05-01 08:15:00"
"804656",20,"119.6","2021-05-01 08:30:00"
"805544",20,"247.4","2021-07-19 22:45:00"
"805664",20,"242.6","2021-07-19 23:00:00"
"805770",20,"224.9","2021-07-19 23:15:00"
"805794",20,"36.3","2021-01-04 17:45:00"
"805902",20,"45.6","2021-01-04 18:00:00"
"805871",20,"236.1","2021-07-19 23:30:00"
"805986",20,"280.8","2021-07-19 23:45:00"
"806012",20,"44.6","2021-01-04 18:15:00"
"806106",20,"47.4","2021-01-04 18:30:00"
"806206",20,"43.1","2021-01-04 18:45:00"
"807312",20,"0","2021-06-09 00:00:00"
"807418",20,"0","2021-06-09 00:15:00"
"807532",20,"0","2021-06-09 00:30:00"
"807567",20,"107.7","2021-05-01 10:45:00"
"807686",20,"78.6","2021-05-01 11:00:00"
"807632",20,"132.3","2021-06-09 00:45:00"
"807726",20,"0","2021-06-09 01:00:00"
"807828",20,"96.1","2021-06-09 01:15:00"
"807811",20,"87.8","2021-05-01 11:15:00"
"807906",20,"83","2021-05-01 11:30:00"
"808001",20,"54.3","2021-05-01 11:45:00"
"809045",20,"176.1","2021-07-20 01:30:00"
"809148",20,"199","2021-07-20 01:45:00"
"809116",20,"304.9","2021-01-04 21:30:00"
"809232",20,"295.5","2021-01-04 21:45:00"
"809339",20,"293.2","2021-01-04 22:00:00"
"809247",20,"0","2021-07-20 02:00:00"
"809356",20,"0","2021-07-20 02:15:00"
"809477",20,"0","2021-07-20 02:30:00"
"809438",20,"286.6","2021-01-04 22:15:00"
"809530",20,"279.5","2021-01-04 22:30:00"
"810690",20,"261.6","2021-07-20 05:15:00"
"810745",20,"268.9","2021-07-20 05:30:00"
"810945",20,"184.2","2021-06-09 04:00:00"
"811098",20,"255.5","2021-06-09 04:15:00"
"811035",20,"52","2021-05-01 14:00:00"
"811128",20,"41.3","2021-05-01 14:15:00"
"811228",20,"30","2021-05-01 14:30:00"
"811349",20,"24","2021-05-01 14:45:00"
"811457",20,"52.7","2021-05-01 15:00:00"
"812382",20,"87.5","2021-06-09 07:15:00"
"812501",20,"115.2","2021-06-09 07:30:00"
"812609",20,"134.2","2021-06-09 07:45:00"
"812730",20,"130","2021-06-09 08:00:00"
"813953",20,"127","2021-06-09 08:15:00"
"812646",20,"87.6","2021-05-01 17:45:00"
"812741",20,"87","2021-05-01 18:00:00"
"812788",20,"261.6","2021-01-05 01:15:00"
"812842",20,"263.4","2021-01-05 01:30:00"
"812896",20,"0","2021-01-05 01:45:00"
"814426",20,"89.7","2021-06-09 09:00:00"
"814603",20,"84.2","2021-06-09 09:15:00"
"814743",20,"95.3","2021-06-09 09:30:00"
"814723",20,"93.1","2021-05-01 19:45:00"
"814886",20,"88","2021-05-01 20:00:00"
"814866",20,"199.6","2021-07-20 07:15:00"
"815033",20,"0","2021-07-20 07:30:00"
"814907",20,"95.6","2021-06-09 09:45:00"
"815043",20,"83","2021-06-09 10:00:00"
"815658",20,"0","2021-07-20 08:30:00"
"815840",20,"0","2021-07-20 08:45:00"
"815707",20,"87.2","2021-06-09 11:00:00"
"815860",20,"84","2021-06-09 11:15:00"
"815885",20,"92.5","2021-05-01 21:30:00"
"816042",20,"92.7","2021-05-01 21:45:00"
"816191",20,"98.7","2021-05-01 22:00:00"
"816003",20,"149.5","2021-07-20 09:00:00"
"816175",20,"153","2021-07-20 09:15:00"
"816319",20,"150.3","2021-07-20 09:30:00"
"817192",20,"45.7","2021-01-05 07:45:00"
"817246",20,"46.5","2021-01-05 08:00:00"
"817300",20,"52.7","2021-01-05 08:15:00"
"817354",20,"49.1","2021-01-05 08:30:00"
"817408",20,"53.5","2021-01-05 08:45:00"
"817462",20,"59.6","2021-01-05 09:00:00"
"817516",20,"44.7","2021-01-05 09:15:00"
"817570",20,"41.5","2021-01-05 09:30:00"
"817624",20,"40.9","2021-01-05 09:45:00"
"817678",20,"40.6","2021-01-05 10:00:00"
"818770",20,"104.4","2021-07-20 11:30:00"
"818926",20,"93.1","2021-07-20 11:45:00"
"819081",20,"89.8","2021-07-20 12:00:00"
"819246",20,"88.5","2021-07-20 12:15:00"
"819466",20,"60.7","2021-07-20 12:30:00"
"819261",20,"0","2021-05-02 01:30:00"
"819388",20,"0","2021-05-02 01:45:00"
"819203",20,"94.2","2021-06-09 14:45:00"
"819344",20,"81.6","2021-06-09 15:00:00"
"819479",20,"76.3","2021-06-09 15:15:00"
"820276",20,"0","2021-06-09 16:30:00"
"821002",20,"18.9","2021-01-05 11:30:00"
"821056",20,"6","2021-01-05 11:45:00"
"821110",20,"355.1","2021-01-05 12:00:00"
"780719",20,"92.3","2021-01-03 15:30:00"
"780938",20,"104.1","2021-01-03 15:45:00"
"781110",20,"117.3","2021-01-03 16:00:00"
"781925",20,"90.2","2021-06-07 17:15:00"
"782025",20,"82.5","2021-06-07 17:30:00"
"782006",20,"243","2021-07-18 19:15:00"
"782113",20,"243","2021-07-18 19:30:00"
"782213",20,"242.8","2021-07-18 19:45:00"
"782142",20,"79.6","2021-06-07 17:45:00"
"782249",20,"86.8","2021-06-07 18:00:00"
"782354",20,"91.6","2021-06-07 18:15:00"
"782325",20,"243.6","2021-07-18 20:00:00"
"782417",20,"246.9","2021-07-18 20:15:00"
"782866",20,"104.6","2021-04-30 05:30:00"
"782920",20,"109.8","2021-04-30 05:45:00"
"782974",20,"109.7","2021-04-30 06:00:00"
"783028",20,"116.1","2021-04-30 06:15:00"
"783082",20,"116.3","2021-04-30 06:30:00"
"783136",20,"118.7","2021-04-30 06:45:00"
"783190",20,"112.4","2021-04-30 07:00:00"
"783244",20,"119.1","2021-04-30 07:15:00"
"783298",20,"125.9","2021-04-30 07:30:00"
"783352",20,"131.9","2021-04-30 07:45:00"
"783406",20,"131.6","2021-04-30 08:00:00"
"784038",20,"112.6","2021-01-03 18:00:00"
"784092",20,"134","2021-01-03 18:15:00"
"784146",20,"127.4","2021-01-03 18:30:00"
"784200",20,"132.5","2021-01-03 18:45:00"
"784254",20,"125.9","2021-01-03 19:00:00"
"784308",20,"124.7","2021-01-03 19:15:00"
"784362",20,"132.9","2021-01-03 19:30:00"
"784416",20,"139.5","2021-01-03 19:45:00"
"784470",20,"127.4","2021-01-03 20:00:00"
"784548",20,"116.5","2021-01-03 20:15:00"
"785229",20,"78.6","2021-06-07 19:45:00"
"785331",20,"85.1","2021-06-07 20:00:00"
"785433",20,"0","2021-06-07 20:15:00"
"785506",20,"244.3","2021-07-18 23:15:00"
"785617",20,"242.4","2021-07-18 23:30:00"
"785548",20,"85.2","2021-06-07 20:30:00"
"785652",20,"106.3","2021-06-07 20:45:00"
"785719",20,"237.9","2021-07-18 23:45:00"
"785823",20,"240.5","2021-07-19 00:00:00"
"785952",20,"246.2","2021-07-19 00:15:00"
"786304",20,"109.2","2021-06-07 22:15:00"
"786411",20,"124.5","2021-06-07 22:30:00"
"786517",20,"135.1","2021-06-07 22:45:00"
"786588",20,"234.5","2021-07-19 01:45:00"
"788805",20,"230.8","2021-07-19 02:00:00"
"786626",20,"136.7","2021-06-07 23:00:00"
"786692",20,"171.4","2021-06-07 23:15:00"
"786746",20,"0","2021-06-07 23:30:00"
"788841",20,"0","2021-06-07 23:45:00"
"788925",20,"97.9","2021-06-08 00:00:00"
"788010",20,"91.9","2021-01-03 22:30:00"
"788064",20,"83.7","2021-01-03 22:45:00"
"788118",20,"94.1","2021-01-03 23:00:00"
"788172",20,"106.7","2021-01-03 23:15:00"
"788226",20,"94.6","2021-01-03 23:30:00"
"788280",20,"90.4","2021-01-03 23:45:00"
"788334",20,"84.1","2021-01-04 00:00:00"
"788388",20,"90","2021-01-04 00:15:00"
"788442",20,"86.8","2021-01-04 00:30:00"
"788496",20,"85.3","2021-01-04 00:45:00"
"789816",20,"229.5","2021-07-19 04:15:00"
"789922",20,"224.6","2021-07-19 04:30:00"
"790031",20,"222.7","2021-07-19 04:45:00"
"789883",20,"156.1","2021-06-08 02:15:00"
"789992",20,"137.5","2021-06-08 02:30:00"
"790136",20,"223.2","2021-07-19 05:00:00"
"790247",20,"227.4","2021-07-19 05:15:00"
"790102",20,"139.5","2021-06-08 02:45:00"
"790199",20,"128.8","2021-06-08 03:00:00"
"790317",20,"126.7","2021-06-08 03:15:00"
"791350",20,"95","2021-04-30 17:00:00"
"791404",20,"95.9","2021-04-30 17:15:00"
"791458",20,"95.4","2021-04-30 17:30:00"
"791512",20,"96.2","2021-04-30 17:45:00"
"791566",20,"94.4","2021-04-30 18:00:00"
"791620",20,"97.2","2021-04-30 18:15:00"
"791674",20,"99.1","2021-04-30 18:30:00"
"791728",20,"99","2021-04-30 18:45:00"
"794782",20,"97.7","2021-04-30 19:00:00"
"794836",20,"100.9","2021-04-30 19:15:00"
"794890",20,"102.4","2021-04-30 19:30:00"
"792896",20,"0","2021-06-08 06:00:00"
"792975",20,"76.5","2021-06-08 06:15:00"
"793056",20,"66.9","2021-06-08 06:30:00"
"793128",20,"160.4","2021-06-08 06:45:00"
"793215",20,"147.8","2021-06-08 07:00:00"
"793292",20,"200.4","2021-06-08 07:15:00"
"793381",20,"125.9","2021-06-08 07:30:00"
"793460",20,"132.4","2021-06-08 07:45:00"
"793372",20,"111.5","2021-01-04 06:15:00"
"793536",20,"114.2","2021-01-04 06:30:00"
"794694",20,"173.4","2021-07-19 10:45:00"
"794748",20,"176.8","2021-07-19 11:00:00"
"794944",20,"97.7","2021-04-30 19:45:00"
"794998",20,"99.1","2021-04-30 20:00:00"
"795051",20,"116.2","2021-06-08 09:00:00"
"795152",20,"96.2","2021-06-08 09:15:00"
"795281",20,"112.7","2021-06-08 09:30:00"
"795095",20,"99.3","2021-04-30 20:15:00"
"795197",20,"98.2","2021-04-30 20:30:00"
"795290",20,"106.8","2021-04-30 20:45:00"
"796515",20,"116.7","2021-04-30 23:15:00"
"796659",20,"113.1","2021-04-30 23:30:00"
"796578",20,"82.3","2021-06-08 12:45:00"
"796719",20,"79","2021-06-08 13:00:00"
"796560",20,"164.5","2021-07-19 11:15:00"
"796745",20,"312","2021-07-19 11:30:00"
"796833",20,"23.6","2021-07-19 11:45:00"
"796856",20,"90.1","2021-06-08 13:15:00"
"796967",20,"80.6","2021-06-08 13:30:00"
"798926",20,"88.3","2021-06-08 13:45:00"
"797997",20,"95.1","2021-01-04 10:00:00"
"798051",20,"93.8","2021-01-04 10:15:00"
"798105",20,"74.4","2021-01-04 10:30:00"
"798159",20,"66.1","2021-01-04 10:45:00"
"798213",20,"47.4","2021-01-04 11:00:00"
"798267",20,"79.8","2021-01-04 11:15:00"
"799869",20,"73.6","2021-01-04 11:30:00"
"800114",20,"47.6","2021-01-04 11:45:00"
"798396",20,"120.7","2021-07-19 14:00:00"
"798450",20,"219.5","2021-07-19 14:15:00"
"799576",20,"97.4","2021-06-08 15:15:00"
"799685",20,"99.3","2021-06-08 15:30:00"
"799638",20,"106.1","2021-05-01 01:45:00"
"799744",20,"104","2021-05-01 02:00:00"
"799867",20,"89.6","2021-06-08 15:45:00"
"800064",20,"83.8","2021-06-08 16:00:00"
"800275",20,"85","2021-06-08 16:15:00"
"799989",20,"107","2021-05-01 02:15:00"
"800190",20,"112.6","2021-05-01 02:30:00"
"800360",20,"110.9","2021-05-01 02:45:00"
"801359",20,"235.5","2021-07-19 17:45:00"
"801573",20,"227.4","2021-07-19 18:00:00"
"801448",20,"68.1","2021-01-04 13:15:00"
"801645",20,"47.6","2021-01-04 13:30:00"
"801652",20,"92.6","2021-06-08 17:45:00"
"801813",20,"78.8","2021-06-08 18:00:00"
"802813",20,"78.4","2021-06-08 18:15:00"
"801656",20,"119.5","2021-05-01 04:15:00"
"802885",20,"122.6","2021-05-01 04:30:00"
"803022",20,"114.9","2021-05-01 04:45:00"
"802922",20,"81.6","2021-06-08 18:30:00"
"803001",20,"89.5","2021-06-08 18:45:00"
"803128",20,"118","2021-05-01 05:00:00"
"803242",20,"117.5","2021-05-01 05:15:00"
"803111",20,"98","2021-06-08 19:00:00"
"803207",20,"96.4","2021-06-08 19:15:00"
"803334",20,"100.3","2021-06-08 19:30:00"
"803338",20,"116","2021-05-01 05:30:00"
"803440",20,"120.2","2021-05-01 05:45:00"
"803564",20,"0","2021-05-01 06:00:00"
"805066",20,"281.2","2021-07-19 21:30:00"
"805120",20,"285.9","2021-07-19 21:45:00"
"805217",20,"0","2021-07-19 22:00:00"
"805262",20,"68","2021-01-04 16:30:00"
"805381",20,"73.2","2021-01-04 16:45:00"
"805318",20,"274","2021-07-19 22:15:00"
"805426",20,"260.2","2021-07-19 22:30:00"
"805483",20,"53.2","2021-01-04 17:00:00"
"805588",20,"35.2","2021-01-04 17:15:00"
"805684",20,"37.9","2021-01-04 17:30:00"
"806708",20,"79.6","2021-01-04 20:15:00"
"806762",20,"37.2","2021-01-04 20:30:00"
"808816",20,"331.5","2021-01-04 20:45:00"
"807020",20,"98.4","2021-05-01 09:30:00"
"807139",20,"90.5","2021-05-01 09:45:00"
"807097",20,"113.7","2021-06-08 23:30:00"
"807204",20,"0","2021-06-08 23:45:00"
"807253",20,"89.1","2021-05-01 10:00:00"
"807355",20,"93.2","2021-05-01 10:15:00"
"807461",20,"105.3","2021-05-01 10:30:00"
"808565",20,"162","2021-06-09 02:45:00"
"808676",20,"154.1","2021-06-09 03:00:00"
"808586",20,"70.4","2021-05-01 13:15:00"
"808691",20,"56.9","2021-05-01 13:30:00"
"810959",20,"72","2021-05-01 13:45:00"
"808740",20,"149.5","2021-06-09 03:15:00"
"810775",20,"143.2","2021-06-09 03:30:00"
"810848",20,"146.8","2021-06-09 03:45:00"
"808899",20,"328.3","2021-01-04 21:00:00"
"809002",20,"320.8","2021-01-04 21:15:00"
"810145",20,"263","2021-07-20 04:00:00"
"810240",20,"270.8","2021-07-20 04:15:00"
"810174",20,"69.5","2021-01-05 00:00:00"
"810291",20,"99.9","2021-01-05 00:15:00"
"810395",20,"88.3","2021-01-05 00:30:00"
"810354",20,"276.1","2021-07-20 04:30:00"
"810453",20,"279.2","2021-07-20 04:45:00"
"810580",20,"275.7","2021-07-20 05:00:00"
"810501",20,"74.3","2021-01-05 00:45:00"
"810599",20,"31.6","2021-01-05 01:00:00"
"811761",20,"146.7","2021-06-09 05:45:00"
"811859",20,"143.7","2021-06-09 06:00:00"
"811966",20,"156.3","2021-06-09 06:15:00"
"812068",20,"146.1","2021-06-09 06:30:00"
"812188",20,"131.2","2021-06-09 06:45:00"
"812293",20,"124.4","2021-06-09 07:00:00"
"812107",20,"53.4","2021-05-01 16:30:00"
"812205",20,"47.9","2021-05-01 16:45:00"
"812311",20,"76.3","2021-05-01 17:00:00"
"812430",20,"78.5","2021-05-01 17:15:00"
"812538",20,"85.4","2021-05-01 17:30:00"
"813490",20,"38.4","2021-01-05 04:30:00"
"813544",20,"43.9","2021-01-05 04:45:00"
"813598",20,"45.9","2021-01-05 05:00:00"
"813652",20,"36.2","2021-01-05 05:15:00"
"813706",20,"29.2","2021-01-05 05:30:00"
"813760",20,"30.2","2021-01-05 05:45:00"
"816814",20,"42.7","2021-01-05 06:00:00"
"816868",20,"48.3","2021-01-05 06:15:00"
"813804",20,"86.3","2021-05-01 18:15:00"
"813937",20,"82.2","2021-05-01 18:30:00"
"814082",20,"83.1","2021-05-01 18:45:00"
"815073",20,"89.2","2021-05-01 20:15:00"
"815221",20,"88.5","2021-05-01 20:30:00"
"815364",20,"91","2021-05-01 20:45:00"
"815196",20,"0","2021-07-20 07:45:00"
"815341",20,"0","2021-07-20 08:00:00"
"815493",20,"0","2021-07-20 08:15:00"
"815216",20,"79.5","2021-06-09 10:15:00"
"815405",20,"75.3","2021-06-09 10:30:00"
"815542",20,"85.2","2021-06-09 10:45:00"
"815561",20,"96.1","2021-05-01 21:00:00"
"815723",20,"98.5","2021-05-01 21:15:00"
"816687",20,"0","2021-05-01 22:45:00"
"817830",20,"0","2021-05-01 23:00:00"
"817885",20,"0","2021-05-01 23:15:00"
"816770",20,"137.8","2021-07-20 10:15:00"
"818143",20,"159.7","2021-07-20 10:30:00"
"818291",20,"161.3","2021-07-20 10:45:00"
"816922",20,"52.7","2021-01-05 06:30:00"
"816976",20,"49.2","2021-01-05 06:45:00"
"817030",20,"51.7","2021-01-05 07:00:00"
"817084",20,"51.2","2021-01-05 07:15:00"
"817138",20,"44.4","2021-01-05 07:30:00"
"818370",20,"92.6","2021-06-09 13:30:00"
"818530",20,"90.7","2021-06-09 13:45:00"
"818676",20,"88.2","2021-06-09 14:00:00"
"818453",20,"0","2021-07-20 11:00:00"
"818639",20,"123.7","2021-07-20 11:15:00"
"818852",20,"90.7","2021-06-09 14:15:00"
"819036",20,"92.4","2021-06-09 14:30:00"
"818787",20,"107.3","2021-05-02 00:45:00"
"818949",20,"0","2021-05-02 01:00:00"
"819103",20,"0","2021-05-02 01:15:00"
"820064",20,"93.4","2021-05-02 02:45:00"
"820195",20,"92.7","2021-05-02 03:00:00"
"820120",20,"121.9","2021-07-20 13:30:00"
"820325",20,"93.3","2021-07-20 13:45:00"
"820344",20,"0","2021-05-02 03:15:00"
"823802",20,"0","2021-05-02 03:30:00"
"823856",20,"0","2021-05-02 03:45:00"
"820445",20,"0","2021-06-09 16:45:00"
"820546",20,"48.4","2021-06-09 17:00:00"
"821596",20,"27.9","2021-01-05 14:15:00"
"821650",20,"202.5","2021-01-05 14:30:00"
"821704",20,"226.5","2021-01-05 14:45:00"
"821758",20,"254.1","2021-01-05 15:00:00"
"824084",20,"142.2","2021-01-05 15:15:00"
"821962",20,"77.1","2021-06-09 18:00:00"
"822069",20,"69.9","2021-06-09 18:15:00"
"822174",20,"81.9","2021-06-09 18:30:00"
"822136",20,"96.8","2021-07-20 15:30:00"
"822243",20,"97","2021-07-20 15:45:00"
"822838",20,"89","2021-06-09 20:00:00"
"822933",20,"0","2021-06-09 20:15:00"
"822887",20,"149.1","2021-07-20 17:15:00"
"822992",20,"147.2","2021-07-20 17:30:00"
"823096",20,"154.1","2021-07-20 17:45:00"
"823055",20,"0","2021-06-09 20:30:00"
"823157",20,"0","2021-06-09 20:45:00"
"823256",20,"0","2021-06-09 21:00:00"
"823210",20,"150.7","2021-07-20 18:00:00"
"823320",20,"145.3","2021-07-20 18:15:00"
"823910",20,"0","2021-05-02 04:00:00"
"823964",20,"0","2021-05-02 04:15:00"
"824019",20,"0","2021-05-02 04:30:00"
"824114",20,"0","2021-05-02 04:45:00"
"824230",20,"0","2021-05-02 05:00:00"
"824195",20,"177.2","2021-01-05 15:30:00"
"824287",20,"115.6","2021-01-05 15:45:00"
"824382",20,"0","2021-05-02 05:15:00"
"824516",20,"0","2021-05-02 05:30:00"
"824915",20,"0","2021-05-02 05:45:00"
"825029",20,"0","2021-05-02 06:00:00"
"825134",20,"0","2021-05-02 06:15:00"
"825125",20,"142.4","2021-01-05 18:30:00"
"825247",20,"124.9","2021-01-05 18:45:00"
"825387",20,"119.9","2021-01-05 19:00:00"
"821164",20,"352.5","2021-01-05 12:15:00"
"821218",20,"9.8","2021-01-05 12:30:00"
"821272",20,"346.7","2021-01-05 12:45:00"
"821326",20,"12.1","2021-01-05 13:00:00"
"821380",20,"0.1","2021-01-05 13:15:00"
"821434",20,"10.9","2021-01-05 13:30:00"
"821488",20,"13.1","2021-01-05 13:45:00"
"821542",20,"42.5","2021-01-05 14:00:00"
"830941",20,"54","2021-06-10 05:30:00"
"831054",20,"63","2021-06-10 05:45:00"
"831153",20,"64.8","2021-06-10 06:00:00"
"831234",20,"54.8","2021-06-10 06:15:00"
"831308",20,"47.7","2021-06-10 06:30:00"
"831416",20,"0","2021-07-21 03:30:00"
"831550",20,"0","2021-07-21 03:45:00"
"831604",20,"173.7","2021-07-21 04:00:00"
"831387",20,"47.8","2021-06-10 06:45:00"
"831465",20,"46.8","2021-06-10 07:00:00"
"832788",20,"47.2","2021-06-10 07:15:00"
"832188",20,"344.3","2021-01-06 02:15:00"
"832242",20,"327.3","2021-01-06 02:30:00"
"832296",20,"315.8","2021-01-06 02:45:00"
"832350",20,"319.6","2021-01-06 03:00:00"
"832404",20,"312.1","2021-01-06 03:15:00"
"832458",20,"311.5","2021-01-06 03:30:00"
"832512",20,"311.8","2021-01-06 03:45:00"
"832566",20,"307.2","2021-01-06 04:00:00"
"832620",20,"296.6","2021-01-06 04:15:00"
"832674",20,"292.2","2021-01-06 04:30:00"
"833776",20,"63.9","2021-05-02 15:30:00"
"833861",20,"11.1","2021-05-02 15:45:00"
"833936",20,"353.5","2021-05-02 16:00:00"
"833945",20,"28","2021-06-10 09:15:00"
"834062",20,"37.7","2021-06-10 09:30:00"
"834154",20,"42.5","2021-06-10 09:45:00"
"834034",20,"46.6","2021-05-02 16:15:00"
"834163",20,"98.1","2021-05-02 16:30:00"
"834280",20,"37.7","2021-06-10 10:00:00"
"834400",20,"32","2021-06-10 10:15:00"
"835473",20,"322.9","2021-01-06 06:45:00"
"835584",20,"295.1","2021-01-06 07:00:00"
"835684",20,"307.9","2021-01-06 07:15:00"
"835687",20,"195.9","2021-07-21 06:45:00"
"835774",20,"164.6","2021-07-21 07:00:00"
"835813",20,"324.5","2021-01-06 07:30:00"
"835903",20,"323.3","2021-01-06 07:45:00"
"835900",20,"127.2","2021-07-21 07:15:00"
"836009",20,"110.2","2021-07-21 07:30:00"
"836155",20,"113.3","2021-07-21 07:45:00"
"837192",20,"22.9","2021-06-10 13:45:00"
"837246",20,"27.3","2021-06-10 14:00:00"
"837300",20,"52.1","2021-06-10 14:15:00"
"837354",20,"40.1","2021-06-10 14:30:00"
"837408",20,"36.5","2021-06-10 14:45:00"
"837462",20,"64","2021-06-10 15:00:00"
"837516",20,"0","2021-06-10 15:15:00"
"837570",20,"0","2021-06-10 15:30:00"
"837624",20,"0","2021-06-10 15:45:00"
"837678",20,"62.2","2021-06-10 16:00:00"
"838774",20,"282.6","2021-01-06 10:30:00"
"838970",20,"278.8","2021-01-06 10:45:00"
"839166",20,"274.3","2021-01-06 11:00:00"
"838897",20,"139.7","2021-07-21 11:15:00"
"839012",20,"133.4","2021-07-21 11:30:00"
"839220",20,"0","2021-05-02 20:00:00"
"839406",20,"77","2021-05-02 20:15:00"
"839125",20,"0","2021-07-21 11:45:00"
"839240",20,"139.9","2021-07-21 12:00:00"
"839359",20,"142","2021-07-21 12:15:00"
"843175",20,"129.7","2021-05-02 22:00:00"
"843479",20,"0","2021-05-02 22:15:00"
"840564",20,"281.9","2021-01-06 13:15:00"
"840641",20,"269.6","2021-01-06 13:30:00"
"840764",20,"288.5","2021-01-06 13:45:00"
"840873",20,"283.1","2021-01-06 14:00:00"
"840979",20,"262.2","2021-01-06 14:15:00"
"840807",20,"53.3","2021-06-10 17:00:00"
"840914",20,"55.6","2021-06-10 17:15:00"
"841002",20,"62.1","2021-06-10 17:30:00"
"842104",20,"258.2","2021-01-06 15:45:00"
"842209",20,"254.9","2021-01-06 16:00:00"
"842292",20,"0","2021-06-10 21:30:00"
"842415",20,"0","2021-06-10 21:45:00"
"842470",20,"75.7","2021-07-21 14:30:00"
"842623",20,"74.9","2021-07-21 14:45:00"
"842452",20,"263.9","2021-01-06 16:15:00"
"842670",20,"275.7","2021-01-06 16:30:00"
"842893",20,"292.3","2021-01-06 16:45:00"
"843767",20,"311.8","2021-06-11 00:00:00"
"843929",20,"247.2","2021-06-11 00:15:00"
"844106",20,"257.8","2021-06-11 00:30:00"
"843786",20,"294.7","2021-01-06 17:30:00"
"844058",20,"300.5","2021-01-06 17:45:00"
"844368",20,"296.6","2021-01-06 18:00:00"
"844046",20,"81","2021-07-21 17:00:00"
"844219",20,"122.2","2021-07-21 17:15:00"
"844272",20,"270.8","2021-06-11 00:45:00"
"844442",20,"249.5","2021-06-11 01:00:00"
"845446",20,"0","2021-05-03 01:00:00"
"845500",20,"0","2021-05-03 01:15:00"
"845554",20,"0","2021-05-03 01:30:00"
"845608",20,"0","2021-05-03 01:45:00"
"845662",20,"0","2021-05-03 02:00:00"
"845716",20,"0","2021-05-03 02:15:00"
"845770",20,"0","2021-05-03 02:30:00"
"846964",20,"0","2021-05-03 02:45:00"
"845838",20,"0","2021-06-11 02:00:00"
"845892",20,"0","2021-06-11 02:15:00"
"847158",20,"278.5","2021-01-06 21:30:00"
"847321",20,"295.1","2021-01-06 21:45:00"
"847157",20,"0","2021-05-03 03:00:00"
"847338",20,"173.5","2021-05-03 03:15:00"
"847490",20,"175.8","2021-05-03 03:30:00"
"847567",20,"111.8","2021-07-21 19:30:00"
"847900",20,"112.6","2021-07-21 19:45:00"
"848195",20,"102.9","2021-07-21 20:00:00"
"847489",20,"294","2021-01-06 22:00:00"
"847645",20,"289.6","2021-01-06 22:15:00"
"847812",20,"290","2021-01-06 22:30:00"
"847678",20,"0","2021-05-03 03:45:00"
"847832",20,"0","2021-05-03 04:00:00"
"847950",20,"0","2021-06-11 10:00:00"
"848260",20,"0","2021-06-11 10:15:00"
"847970",20,"293.5","2021-01-06 22:45:00"
"848158",20,"283.2","2021-01-06 23:00:00"
"848009",20,"0","2021-05-03 04:15:00"
"848165",20,"0","2021-05-03 04:30:00"
"848325",20,"0","2021-05-03 04:45:00"
"849229",20,"0","2021-05-03 06:45:00"
"849305",20,"0","2021-05-03 07:00:00"
"851285",20,"0","2021-05-03 07:15:00"
"849384",20,"112.8","2021-07-21 21:30:00"
"849438",20,"128.8","2021-07-21 21:45:00"
"849492",20,"157.3","2021-07-21 22:00:00"
"849546",20,"161.3","2021-07-21 22:15:00"
"849600",20,"0","2021-07-21 22:30:00"
"849654",20,"163.7","2021-07-21 22:45:00"
"849708",20,"157.1","2021-07-21 23:00:00"
"852070",20,"216.1","2021-07-22 02:00:00"
"852124",20,"234","2021-07-22 02:15:00"
"852178",20,"217","2021-07-22 02:30:00"
"852232",20,"239.3","2021-07-22 02:45:00"
"852286",20,"0","2021-07-22 03:00:00"
"852426",20,"0","2021-07-22 03:15:00"
"852577",20,"0","2021-07-22 03:30:00"
"852376",20,"0","2021-05-03 08:00:00"
"852582",20,"0","2021-05-03 08:15:00"
"852730",20,"0","2021-05-03 08:30:00"
"853660",20,"55.7","2021-05-03 11:15:00"
"853714",20,"48.6","2021-05-03 11:30:00"
"853768",20,"19.2","2021-05-03 11:45:00"
"853836",20,"237.9","2021-06-11 16:00:00"
"853890",20,"195.8","2021-06-11 16:15:00"
"853944",20,"170.2","2021-06-11 16:30:00"
"853998",20,"276.1","2021-06-11 16:45:00"
"854052",20,"252.6","2021-06-11 17:00:00"
"854106",20,"234","2021-06-11 17:15:00"
"854160",20,"233.5","2021-06-11 17:30:00"
"854214",20,"216.8","2021-06-11 17:45:00"
"855614",20,"211.9","2021-07-22 05:45:00"
"855851",20,"0","2021-07-22 06:00:00"
"855522",20,"51","2021-05-03 12:30:00"
"855688",20,"18.7","2021-05-03 12:45:00"
"855980",20,"16","2021-05-03 13:00:00"
"855558",20,"271.1","2021-06-11 21:00:00"
"855732",20,"268.4","2021-06-11 21:15:00"
"855860",20,"274.7","2021-06-11 21:30:00"
"855695",20,"270.7","2021-01-07 04:45:00"
"855956",20,"259.4","2021-01-07 05:00:00"
"856231",20,"0","2021-01-07 05:15:00"
"856351",20,"265.7","2021-06-11 22:15:00"
"856526",20,"269.1","2021-06-11 22:30:00"
"856736",20,"275.8","2021-06-11 22:45:00"
"856625",20,"263.5","2021-07-22 07:00:00"
"856830",20,"262.6","2021-07-22 07:15:00"
"857012",20,"260.1","2021-07-22 07:30:00"
"856769",20,"75.1","2021-05-03 13:45:00"
"857002",20,"84.3","2021-05-03 14:00:00"
"857319",20,"53.5","2021-05-03 14:15:00"
"856936",20,"272.8","2021-06-11 23:00:00"
"857138",20,"272.5","2021-06-11 23:15:00"
"857345",20,"269.8","2021-06-11 23:30:00"
"858016",20,"281","2021-01-07 07:15:00"
"858187",20,"278.1","2021-01-07 07:30:00"
"858338",20,"283.7","2021-01-07 07:45:00"
"858393",20,"333.6","2021-05-03 15:45:00"
"858565",20,"96.7","2021-05-03 16:00:00"
"858674",20,"77.5","2021-05-03 16:15:00"
"858519",20,"256.6","2021-06-12 01:00:00"
"859673",20,"247","2021-06-12 01:15:00"
"858484",20,"261.7","2021-01-07 08:00:00"
"858580",20,"293.8","2021-01-07 08:15:00"
"859144",20,"89.4","2021-05-03 17:45:00"
"859235",20,"74.7","2021-05-03 18:00:00"
"859315",20,"66.6","2021-05-03 18:15:00"
"859387",20,"25.5","2021-05-03 18:30:00"
"859462",20,"18.8","2021-05-03 18:45:00"
"859501",20,"127.5","2021-07-22 09:30:00"
"859674",20,"129.3","2021-07-22 09:45:00"
"859844",20,"129.2","2021-07-22 10:00:00"
"859542",20,"21.8","2021-05-03 19:00:00"
"859727",20,"0","2021-05-03 19:15:00"
"860806",20,"92.9","2021-07-22 12:00:00"
"860925",20,"89.7","2021-07-22 12:15:00"
"861032",20,"83.8","2021-07-22 12:30:00"
"861103",20,"16.8","2021-05-03 21:00:00"
"862820",20,"127.5","2021-05-03 21:15:00"
"861124",20,"102.1","2021-07-22 12:45:00"
"861227",20,"79.1","2021-07-22 13:00:00"
"863786",20,"81.6","2021-07-22 13:15:00"
"861389",20,"261.9","2021-06-12 03:30:00"
"861483",20,"255.8","2021-06-12 03:45:00"
"862586",20,"245","2021-01-07 12:30:00"
"862640",20,"237.5","2021-01-07 12:45:00"
"862694",20,"247.7","2021-01-07 13:00:00"
"862748",20,"281","2021-01-07 13:15:00"
"864389",20,"304.3","2021-01-07 13:30:00"
"862874",20,"149.4","2021-05-03 21:30:00"
"862928",20,"159.1","2021-05-03 21:45:00"
"862982",20,"211.5","2021-05-03 22:00:00"
"863036",20,"227.2","2021-05-03 22:15:00"
"863090",20,"251.6","2021-05-03 22:30:00"
"820473",20,"91.5","2021-07-20 14:00:00"
"820581",20,"63.4","2021-07-20 14:15:00"
"820681",20,"45.4","2021-07-20 14:30:00"
"820662",20,"42.6","2021-06-09 17:15:00"
"821818",20,"0","2021-06-09 17:30:00"
"821872",20,"82.3","2021-06-09 17:45:00"
"820742",20,"85.9","2021-07-20 14:45:00"
"821914",20,"113.2","2021-07-20 15:00:00"
"822024",20,"119.1","2021-07-20 15:15:00"
"820894",20,"24.7","2021-01-05 11:00:00"
"820948",20,"27.3","2021-01-05 11:15:00"
"822290",20,"85.7","2021-06-09 18:45:00"
"822387",20,"75.7","2021-06-09 19:00:00"
"822358",20,"0","2021-07-20 16:00:00"
"822466",20,"0","2021-07-20 16:15:00"
"822558",20,"71.2","2021-07-20 16:30:00"
"822500",20,"140.3","2021-06-09 19:15:00"
"822616",20,"114.6","2021-06-09 19:30:00"
"822723",20,"112.2","2021-06-09 19:45:00"
"822672",20,"100.2","2021-07-20 16:45:00"
"822774",20,"150.5","2021-07-20 17:00:00"
"823370",20,"107.7","2021-06-09 21:15:00"
"823473",20,"119.8","2021-06-09 21:30:00"
"823431",20,"142.2","2021-07-20 18:30:00"
"823541",20,"135.2","2021-07-20 18:45:00"
"823643",20,"127.4","2021-07-20 19:00:00"
"823588",20,"129.2","2021-06-09 21:45:00"
"825792",20,"133.2","2021-06-09 22:00:00"
"825888",20,"0","2021-06-09 22:15:00"
"823714",20,"120.4","2021-07-20 19:15:00"
"823768",20,"112","2021-07-20 19:30:00"
"824369",20,"115.5","2021-01-05 16:00:00"
"824455",20,"114.1","2021-01-05 16:15:00"
"824547",20,"145.4","2021-01-05 16:30:00"
"824622",20,"133.1","2021-01-05 16:45:00"
"824686",20,"109.2","2021-01-05 17:00:00"
"824740",20,"109.2","2021-01-05 17:15:00"
"824794",20,"106.8","2021-01-05 17:30:00"
"824848",20,"101","2021-01-05 17:45:00"
"824912",20,"96.9","2021-01-05 18:00:00"
"825014",20,"106.8","2021-01-05 18:15:00"
"825516",20,"0","2021-01-05 19:15:00"
"825627",20,"127.8","2021-01-05 19:30:00"
"827784",20,"0","2021-01-05 19:45:00"
"825720",20,"0","2021-05-02 07:45:00"
"825774",20,"0","2021-05-02 08:00:00"
"828828",20,"0","2021-05-02 08:15:00"
"825883",20,"106.4","2021-07-20 19:45:00"
"825983",20,"111.5","2021-07-20 20:00:00"
"826094",20,"88.9","2021-07-20 20:15:00"
"826002",20,"173.7","2021-06-09 22:30:00"
"826109",20,"258.4","2021-06-09 22:45:00"
"826747",20,"128","2021-07-20 21:45:00"
"826850",20,"146","2021-07-20 22:00:00"
"826959",20,"277.1","2021-07-20 22:15:00"
"826865",20,"0","2021-06-10 00:30:00"
"826972",20,"0","2021-06-10 00:45:00"
"827078",20,"189.9","2021-07-20 22:30:00"
"827185",20,"0","2021-07-20 22:45:00"
"827069",20,"248.6","2021-06-10 01:00:00"
"827178",20,"270.6","2021-06-10 01:15:00"
"827304",20,"278.4","2021-06-10 01:30:00"
"827838",20,"0","2021-01-05 20:00:00"
"827892",20,"348","2021-01-05 20:15:00"
"827946",20,"341.3","2021-01-05 20:30:00"
"828000",20,"334","2021-01-05 20:45:00"
"828054",20,"335","2021-01-05 21:00:00"
"828108",20,"322.8","2021-01-05 21:15:00"
"828162",20,"327.3","2021-01-05 21:30:00"
"828216",20,"333.6","2021-01-05 21:45:00"
"828270",20,"333.7","2021-01-05 22:00:00"
"828324",20,"330.4","2021-01-05 22:15:00"
"828882",20,"0","2021-05-02 08:30:00"
"828936",20,"127.7","2021-05-02 08:45:00"
"828990",20,"104.9","2021-05-02 09:00:00"
"829044",20,"120.4","2021-05-02 09:15:00"
"829098",20,"97.4","2021-05-02 09:30:00"
"829152",20,"85.4","2021-05-02 09:45:00"
"829206",20,"85.2","2021-05-02 10:00:00"
"829261",20,"86","2021-05-02 10:15:00"
"829401",20,"90.4","2021-05-02 10:30:00"
"829602",20,"75.8","2021-05-02 10:45:00"
"829919",20,"260.6","2021-07-21 01:00:00"
"830144",20,"0","2021-07-21 01:15:00"
"830360",20,"68.5","2021-06-10 04:15:00"
"830471",20,"67.4","2021-06-10 04:30:00"
"830377",20,"86.8","2021-05-02 11:45:00"
"830589",20,"74.5","2021-05-02 12:00:00"
"830198",20,"0","2021-07-21 01:30:00"
"830252",20,"0","2021-07-21 01:45:00"
"830306",20,"262.5","2021-07-21 02:00:00"
"831658",20,"243.9","2021-07-21 04:15:00"
"831712",20,"267.7","2021-07-21 04:30:00"
"831766",20,"259.9","2021-07-21 04:45:00"
"834917",20,"274.3","2021-07-21 05:00:00"
"835028",20,"262.3","2021-07-21 05:15:00"
"831918",20,"348.7","2021-01-06 01:00:00"
"831972",20,"2.2","2021-01-06 01:15:00"
"832026",20,"358.5","2021-01-06 01:30:00"
"832080",20,"346.8","2021-01-06 01:45:00"
"832134",20,"347.1","2021-01-06 02:00:00"
"833144",20,"36.6","2021-05-02 13:30:00"
"833228",20,"40.1","2021-05-02 13:45:00"
"833305",20,"48.8","2021-05-02 14:00:00"
"833394",20,"39.8","2021-05-02 14:15:00"
"833472",20,"63","2021-05-02 14:30:00"
"833589",20,"52.1","2021-06-10 08:45:00"
"833786",20,"32","2021-06-10 09:00:00"
"833553",20,"45.2","2021-05-02 14:45:00"
"833629",20,"19.4","2021-05-02 15:00:00"
"833698",20,"355.2","2021-05-02 15:15:00"
"834943",20,"283.6","2021-01-06 05:30:00"
"835047",20,"287.2","2021-01-06 05:45:00"
"835135",20,"263.7","2021-07-21 05:30:00"
"835223",20,"271.2","2021-07-21 05:45:00"
"835161",20,"303.7","2021-01-06 06:00:00"
"835273",20,"321.7","2021-01-06 06:15:00"
"835369",20,"328.6","2021-01-06 06:30:00"
"835352",20,"254.6","2021-07-21 06:00:00"
"835466",20,"242","2021-07-21 06:15:00"
"835572",20,"219.7","2021-07-21 06:30:00"
"836630",20,"166.7","2021-07-21 08:45:00"
"836684",20,"196.8","2021-07-21 09:00:00"
"836738",20,"160.6","2021-07-21 09:15:00"
"838085",20,"171.2","2021-07-21 09:30:00"
"838217",20,"151.7","2021-07-21 09:45:00"
"836922",20,"13.7","2021-06-10 12:30:00"
"836976",20,"13.1","2021-06-10 12:45:00"
"837030",20,"0","2021-06-10 13:00:00"
"837084",20,"10.6","2021-06-10 13:15:00"
"837138",20,"357.6","2021-06-10 13:30:00"
"838386",20,"276.8","2021-01-06 10:00:00"
"838581",20,"290.7","2021-01-06 10:15:00"
"838324",20,"137.4","2021-07-21 10:00:00"
"838440",20,"149.4","2021-07-21 10:15:00"
"838551",20,"163.3","2021-07-21 10:30:00"
"838664",20,"155.7","2021-07-21 10:45:00"
"838775",20,"144.7","2021-07-21 11:00:00"
"838583",20,"0","2021-05-02 19:15:00"
"838807",20,"0","2021-05-02 19:30:00"
"839007",20,"55.5","2021-05-02 19:45:00"
"839746",20,"279.3","2021-01-06 11:45:00"
"839932",20,"277.8","2021-01-06 12:00:00"
"840075",20,"285.6","2021-01-06 12:15:00"
"840112",20,"0","2021-05-02 21:15:00"
"840250",20,"0","2021-05-02 21:30:00"
"840415",20,"0","2021-05-02 21:45:00"
"840206",20,"77.6","2021-07-21 13:45:00"
"840368",20,"97.6","2021-07-21 14:00:00"
"842307",20,"61.6","2021-07-21 14:15:00"
"840267",20,"284.7","2021-01-06 12:30:00"
"840423",20,"279.4","2021-01-06 12:45:00"
"840510",20,"282.5","2021-01-06 13:00:00"
"841596",20,"0","2021-06-10 20:15:00"
"841650",20,"0","2021-06-10 20:30:00"
"841704",20,"0","2021-06-10 20:45:00"
"841758",20,"0","2021-06-10 21:00:00"
"842171",20,"0","2021-06-10 21:15:00"
"841834",20,"283","2021-01-06 14:30:00"
"841888",20,"338.6","2021-01-06 14:45:00"
"841942",20,"313.3","2021-01-06 15:00:00"
"841996",20,"285.5","2021-01-06 15:15:00"
"842050",20,"270.5","2021-01-06 15:30:00"
"842547",20,"0","2021-06-10 22:00:00"
"842687",20,"0","2021-06-10 22:15:00"
"842823",20,"0","2021-06-10 22:30:00"
"842761",20,"107.9","2021-07-21 15:00:00"
"842903",20,"96","2021-07-21 15:15:00"
"843027",20,"97","2021-07-21 15:30:00"
"842983",20,"252.1","2021-06-10 22:45:00"
"843108",20,"252.1","2021-06-10 23:00:00"
"843272",20,"263.8","2021-06-10 23:15:00"
"843185",20,"295.1","2021-01-06 17:00:00"
"843461",20,"295.4","2021-01-06 17:15:00"
"844887",20,"0","2021-07-21 18:15:00"
"845021",20,"0","2021-07-21 18:30:00"
"845161",20,"0","2021-05-02 23:45:00"
"845230",20,"0","2021-05-03 00:00:00"
"845284",20,"0","2021-05-03 00:15:00"
"846110",20,"299.6","2021-01-06 19:00:00"
"846197",20,"289.9","2021-01-06 19:15:00"
"845338",20,"0","2021-05-03 00:30:00"
"845392",20,"0","2021-05-03 00:45:00"
"846535",20,"286.6","2021-01-06 20:15:00"
"846616",20,"280.7","2021-01-06 20:30:00"
"846702",20,"284.9","2021-01-06 20:45:00"
"846827",20,"288.9","2021-01-06 21:00:00"
"846984",20,"281","2021-01-06 21:15:00"
"846743",20,"0","2021-07-21 18:45:00"
"846994",20,"114.6","2021-07-21 19:00:00"
"847267",20,"114.1","2021-07-21 19:15:00"
"847061",20,"286.8","2021-06-11 04:30:00"
"847345",20,"257.1","2021-06-11 04:45:00"
"847666",20,"268.8","2021-06-11 05:00:00"
"848482",20,"98.7","2021-07-21 20:15:00"
"848676",20,"90.9","2021-07-21 20:30:00"
"848342",20,"286.8","2021-01-06 23:15:00"
"848497",20,"290.2","2021-01-06 23:30:00"
"850195",20,"293.1","2021-01-06 23:45:00"
"848506",20,"0","2021-05-03 05:00:00"
"848634",20,"0","2021-05-03 05:15:00"
"848541",20,"0","2021-06-11 10:30:00"
"848722",20,"0","2021-06-11 10:45:00"
"848926",20,"0","2021-06-11 11:00:00"
"849762",20,"154","2021-07-21 23:15:00"
"850603",20,"157.8","2021-07-21 23:30:00"
"850747",20,"268.4","2021-07-21 23:45:00"
"849918",20,"0","2021-06-11 11:45:00"
"849972",20,"0","2021-06-11 12:00:00"
"850026",20,"153.9","2021-06-11 12:15:00"
"850094",20,"172.7","2021-06-11 12:30:00"
"850176",20,"101","2021-06-11 12:45:00"
"850304",20,"291.6","2021-01-07 00:00:00"
"850421",20,"272","2021-01-07 00:15:00"
"850536",20,"267.2","2021-01-07 00:30:00"
"850862",20,"234.8","2021-07-22 00:00:00"
"851162",20,"0","2021-07-22 00:15:00"
"851135",20,"289.5","2021-01-07 01:30:00"
"851272",20,"284.3","2021-01-07 01:45:00"
"851496",20,"278.7","2021-01-07 02:00:00"
"851404",20,"220.4","2021-06-11 14:45:00"
"851566",20,"241.4","2021-06-11 15:00:00"
"851347",20,"0","2021-07-22 00:30:00"
"851536",20,"0","2021-07-22 00:45:00"
"851690",20,"167.5","2021-07-22 01:00:00"
"852681",20,"0","2021-01-07 02:45:00"
"852847",20,"286.4","2021-01-07 03:00:00"
"852951",20,"265","2021-01-07 03:15:00"
"852720",20,"0","2021-07-22 03:45:00"
"854788",20,"0","2021-07-22 04:00:00"
"854842",20,"238","2021-07-22 04:15:00"
"852898",20,"0","2021-05-03 08:45:00"
"853007",20,"0","2021-05-03 09:00:00"
"853228",20,"0","2021-05-03 09:15:00"
"853055",20,"265.3","2021-01-07 03:30:00"
"853134",20,"272.2","2021-01-07 03:45:00"
"853188",20,"256.9","2021-01-07 04:00:00"
"854268",20,"0","2021-06-11 18:00:00"
"854322",20,"285.8","2021-06-11 18:15:00"
"854376",20,"260.5","2021-06-11 18:30:00"
"854430",20,"257","2021-06-11 18:45:00"
"854484",20,"258.3","2021-06-11 19:00:00"
"854538",20,"254.4","2021-06-11 19:15:00"
"854592",20,"259","2021-06-11 19:30:00"
"854646",20,"273.5","2021-06-11 19:45:00"
"854700",20,"273.3","2021-06-11 20:00:00"
"854754",20,"261.8","2021-06-11 20:15:00"
"856022",20,"272.3","2021-06-11 21:45:00"
"856161",20,"272.7","2021-06-11 22:00:00"
"856098",20,"237.3","2021-07-22 06:15:00"
"856262",20,"268.8","2021-07-22 06:30:00"
"856423",20,"0","2021-07-22 06:45:00"
"856261",20,"33.3","2021-05-03 13:15:00"
"856535",20,"41.4","2021-05-03 13:30:00"
"856523",20,"264.7","2021-01-07 05:30:00"
"856745",20,"281.1","2021-01-07 05:45:00"
"857611",20,"272.2","2021-01-07 06:45:00"
"857828",20,"276.9","2021-01-07 07:00:00"
"857643",20,"0","2021-07-22 08:15:00"
"857856",20,"131.3","2021-07-22 08:30:00"
"858993",20,"0","2021-07-22 08:45:00"
"858078",20,"85.3","2021-05-03 15:15:00"
"858234",20,"95.6","2021-05-03 15:30:00"
"858001",20,"256.3","2021-06-12 00:15:00"
"858146",20,"258.3","2021-06-12 00:30:00"
"858337",20,"256.5","2021-06-12 00:45:00"
"859829",20,"253.1","2021-06-12 01:30:00"
"859993",20,"257.7","2021-06-12 01:45:00"
"860195",20,"253.4","2021-06-12 02:00:00"
"859887",20,"0","2021-05-03 19:30:00"
"860067",20,"0","2021-05-03 19:45:00"
"860244",20,"0","2021-05-03 20:00:00"
"859999",20,"107.8","2021-07-22 10:15:00"
"860105",20,"107","2021-07-22 10:30:00"
"860250",20,"118.7","2021-07-22 10:45:00"
"860347",20,"107.7","2021-07-22 11:00:00"
"860456",20,"99","2021-07-22 11:15:00"
"861471",20,"281.4","2021-01-07 09:15:00"
"861587",20,"275.2","2021-01-07 09:30:00"
"861705",20,"276.1","2021-01-07 09:45:00"
"861584",20,"267.5","2021-06-12 04:00:00"
"861684",20,"260.8","2021-06-12 04:15:00"
"861789",20,"276.9","2021-06-12 04:30:00"
"861819",20,"283.4","2021-01-07 10:00:00"
"861943",20,"286.8","2021-01-07 10:15:00"
"861876",20,"256.6","2021-06-12 04:45:00"
"861983",20,"256.2","2021-06-12 05:00:00"
"862089",20,"265.4","2021-06-12 05:15:00"
"863144",20,"264.2","2021-05-03 22:45:00"
"863198",20,"207.9","2021-05-03 23:00:00"
"863252",20,"199.4","2021-05-03 23:15:00"
"863306",20,"188.1","2021-05-03 23:30:00"
"863360",20,"179.1","2021-05-03 23:45:00"
"864224",20,"99.8","2021-07-22 14:45:00"
"864332",20,"93.1","2021-07-22 15:00:00"
"864567",20,"257.8","2021-06-12 06:45:00"
"864718",20,"262.2","2021-06-12 07:00:00"
"864550",20,"279.1","2021-01-07 13:45:00"
"864792",20,"282.9","2021-01-07 14:00:00"
"864910",20,"92.4","2021-07-22 16:00:00"
"865003",20,"270.8","2021-01-07 14:15:00"
"865055",20,"97.3","2021-07-22 16:15:00"
"869781",20,"115.3","2021-07-22 21:30:00"
"869944",20,"118.2","2021-07-22 21:45:00"
"870136",20,"121.8","2021-07-22 22:00:00"
"869845",20,"0","2021-01-07 20:15:00"
"870006",20,"0","2021-01-07 20:30:00"
"870148",20,"25.9","2021-01-07 20:45:00"
"870091",20,"196.4","2021-06-12 14:15:00"
"870262",20,"130.7","2021-06-12 14:30:00"
"870319",20,"358.9","2021-01-07 21:00:00"
"825231",20,"0","2021-05-02 06:30:00"
"825311",20,"0","2021-05-02 06:45:00"
"825407",20,"0","2021-05-02 07:00:00"
"825501",20,"0","2021-05-02 07:15:00"
"825602",20,"0","2021-05-02 07:30:00"
"826198",20,"90.8","2021-07-20 20:30:00"
"826303",20,"104.2","2021-07-20 20:45:00"
"826411",20,"121.9","2021-07-20 21:00:00"
"826226",20,"170.4","2021-06-09 23:00:00"
"826330",20,"0","2021-06-09 23:15:00"
"826434",20,"0","2021-06-09 23:30:00"
"826539",20,"129.4","2021-07-20 21:15:00"
"826646",20,"120.7","2021-07-20 21:30:00"
"826527",20,"0","2021-06-09 23:45:00"
"826637",20,"0","2021-06-10 00:00:00"
"826752",20,"0","2021-06-10 00:15:00"
"827275",20,"124.5","2021-07-20 23:00:00"
"827376",20,"110","2021-07-20 23:15:00"
"827486",20,"147.9","2021-07-20 23:30:00"
"827418",20,"279.6","2021-06-10 01:45:00"
"827525",20,"282.7","2021-06-10 02:00:00"
"827601",20,"253.4","2021-07-20 23:45:00"
"827740",20,"246.4","2021-07-21 00:00:00"
"827621",20,"275.8","2021-06-10 02:15:00"
"827709",20,"281.5","2021-06-10 02:30:00"
"829311",20,"289.4","2021-06-10 02:45:00"
"828378",20,"336.2","2021-01-05 22:30:00"
"828432",20,"326.3","2021-01-05 22:45:00"
"828486",20,"322","2021-01-05 23:00:00"
"828540",20,"324.2","2021-01-05 23:15:00"
"828594",20,"333.5","2021-01-05 23:30:00"
"828648",20,"343.7","2021-01-05 23:45:00"
"828702",20,"343.5","2021-01-06 00:00:00"
"828756",20,"347.2","2021-01-06 00:15:00"
"831810",20,"348","2021-01-06 00:30:00"
"831864",20,"336.1","2021-01-06 00:45:00"
"829464",20,"297.4","2021-06-10 03:00:00"
"829606",20,"283.2","2021-06-10 03:15:00"
"829393",20,"261.8","2021-07-21 00:15:00"
"829530",20,"256.6","2021-07-21 00:30:00"
"829697",20,"269","2021-07-21 00:45:00"
"829761",20,"74.1","2021-05-02 11:00:00"
"829923",20,"75.8","2021-05-02 11:15:00"
"830051",20,"70.4","2021-05-02 11:30:00"
"829760",20,"283.1","2021-06-10 03:30:00"
"829878",20,"300.3","2021-06-10 03:45:00"
"830026",20,"0","2021-06-10 04:00:00"
"830445",20,"279.3","2021-07-21 02:15:00"
"830645",20,"269.9","2021-07-21 02:30:00"
"830839",20,"252.7","2021-07-21 02:45:00"
"830592",20,"71.5","2021-06-10 04:45:00"
"830705",20,"70.7","2021-06-10 05:00:00"
"830825",20,"57.9","2021-06-10 05:15:00"
"830794",20,"84","2021-05-02 12:15:00"
"831004",20,"78.7","2021-05-02 12:30:00"
"832905",20,"43.2","2021-05-02 12:45:00"
"831039",20,"274.3","2021-07-21 03:00:00"
"831233",20,"0","2021-07-21 03:15:00"
"832728",20,"293.8","2021-01-06 04:45:00"
"834782",20,"264.2","2021-01-06 05:00:00"
"834836",20,"281.3","2021-01-06 05:15:00"
"832842",20,"47.6","2021-06-10 07:30:00"
"832931",20,"55.1","2021-06-10 07:45:00"
"832986",20,"86.3","2021-05-02 13:00:00"
"833066",20,"32.3","2021-05-02 13:15:00"
"833108",20,"60","2021-06-10 08:00:00"
"833263",20,"54.5","2021-06-10 08:15:00"
"833416",20,"48.2","2021-06-10 08:30:00"
"834253",20,"66.1","2021-05-02 16:45:00"
"834345",20,"87","2021-05-02 17:00:00"
"834442",20,"87.1","2021-05-02 17:15:00"
"834490",20,"29.3","2021-06-10 10:30:00"
"834544",20,"26","2021-06-10 10:45:00"
"834598",20,"29.1","2021-06-10 11:00:00"
"834652",20,"31.1","2021-06-10 11:15:00"
"834706",20,"28","2021-06-10 11:30:00"
"834760",20,"13.1","2021-06-10 11:45:00"
"836814",20,"14.2","2021-06-10 12:00:00"
"836868",20,"7.2","2021-06-10 12:15:00"
"836010",20,"319.4","2021-01-06 08:00:00"
"836097",20,"304.1","2021-01-06 08:15:00"
"836180",20,"301","2021-01-06 08:30:00"
"836268",20,"291.2","2021-01-06 08:45:00"
"836352",20,"277.8","2021-01-06 09:00:00"
"836296",20,"112.1","2021-07-21 08:00:00"
"836451",20,"125.4","2021-07-21 08:15:00"
"836576",20,"161","2021-07-21 08:30:00"
"836437",20,"282.8","2021-01-06 09:15:00"
"836515",20,"289","2021-01-06 09:30:00"
"838145",20,"290.4","2021-01-06 09:45:00"
"837732",20,"66.1","2021-06-10 16:15:00"
"840607",20,"0","2021-06-10 16:30:00"
"840699",20,"31.2","2021-06-10 16:45:00"
"837826",20,"92.2","2021-05-02 17:30:00"
"837880",20,"90.3","2021-05-02 17:45:00"
"837934",20,"94","2021-05-02 18:00:00"
"837988",20,"0","2021-05-02 18:15:00"
"838042",20,"0","2021-05-02 18:30:00"
"838171",20,"0","2021-05-02 18:45:00"
"838359",20,"0","2021-05-02 19:00:00"
"839374",20,"277.4","2021-01-06 11:15:00"
"839566",20,"293.7","2021-01-06 11:30:00"
"839489",20,"129.7","2021-07-21 12:30:00"
"839599",20,"115.5","2021-07-21 12:45:00"
"839612",20,"92.7","2021-05-02 20:30:00"
"839795",20,"0","2021-05-02 20:45:00"
"839941",20,"134.9","2021-05-02 21:00:00"
"839725",20,"108.3","2021-07-21 13:00:00"
"839868",20,"115.2","2021-07-21 13:15:00"
"840050",20,"96","2021-07-21 13:30:00"
"841056",20,"55.9","2021-06-10 17:45:00"
"841110",20,"81.8","2021-06-10 18:00:00"
"841164",20,"69.1","2021-06-10 18:15:00"
"841218",20,"0","2021-06-10 18:30:00"
"841272",20,"0","2021-06-10 18:45:00"
"841326",20,"118","2021-06-10 19:00:00"
"841380",20,"135.9","2021-06-10 19:15:00"
"841434",20,"157.4","2021-06-10 19:30:00"
"841488",20,"0","2021-06-10 19:45:00"
"841542",20,"0","2021-06-10 20:00:00"
"843198",20,"74.1","2021-07-21 15:45:00"
"843377",20,"99.5","2021-07-21 16:00:00"
"843446",20,"288.2","2021-06-10 23:30:00"
"843588",20,"0","2021-06-10 23:45:00"
"843562",20,"73.8","2021-07-21 16:15:00"
"843707",20,"78.7","2021-07-21 16:30:00"
"843875",20,"76.8","2021-07-21 16:45:00"
"843806",20,"114.9","2021-05-02 22:30:00"
"844099",20,"120.8","2021-05-02 22:45:00"
"844412",20,"0","2021-05-02 23:00:00"
"844384",20,"0","2021-07-21 17:30:00"
"844530",20,"0","2021-07-21 17:45:00"
"844684",20,"0","2021-07-21 18:00:00"
"844748",20,"0","2021-05-02 23:15:00"
"845003",20,"0","2021-05-02 23:30:00"
"844660",20,"277.6","2021-01-06 18:15:00"
"844940",20,"284.5","2021-01-06 18:30:00"
"845133",20,"295.1","2021-01-06 18:45:00"
"844614",20,"253.2","2021-06-11 01:15:00"
"844795",20,"0","2021-06-11 01:30:00"
"845784",20,"0","2021-06-11 01:45:00"
"845946",20,"0","2021-06-11 02:30:00"
"846000",20,"0","2021-06-11 02:45:00"
"846054",20,"0","2021-06-11 03:00:00"
"846171",20,"0","2021-06-11 03:15:00"
"846310",20,"249","2021-06-11 03:30:00"
"846288",20,"290.7","2021-01-06 19:30:00"
"846369",20,"286.4","2021-01-06 19:45:00"
"846452",20,"281.1","2021-01-06 20:00:00"
"846467",20,"272.9","2021-06-11 03:45:00"
"846626",20,"268.8","2021-06-11 04:00:00"
"846779",20,"0","2021-06-11 04:15:00"
"848772",20,"0","2021-05-03 05:30:00"
"848879",20,"0","2021-05-03 05:45:00"
"848979",20,"0","2021-05-03 06:00:00"
"848871",20,"106.9","2021-07-21 20:45:00"
"849083",20,"115.1","2021-07-21 21:00:00"
"849254",20,"116.8","2021-07-21 21:15:00"
"849810",20,"0","2021-06-11 11:15:00"
"849864",20,"0","2021-06-11 11:30:00"
"849073",20,"0","2021-05-03 06:15:00"
"849144",20,"0","2021-05-03 06:30:00"
"850282",20,"124.9","2021-06-11 13:00:00"
"850384",20,"123.6","2021-06-11 13:15:00"
"850503",20,"233.4","2021-06-11 13:30:00"
"850643",20,"219.9","2021-06-11 13:45:00"
"850726",20,"263.6","2021-01-07 00:45:00"
"850879",20,"276.2","2021-01-07 01:00:00"
"850998",20,"276.9","2021-01-07 01:15:00"
"850808",20,"225.2","2021-06-11 14:00:00"
"850987",20,"205.3","2021-06-11 14:15:00"
"851121",20,"235.6","2021-06-11 14:30:00"
"851525",20,"0","2021-05-03 07:30:00"
"851756",20,"0","2021-05-03 07:45:00"
"851805",20,"280","2021-01-07 02:15:00"
"852487",20,"267.8","2021-01-07 02:30:00"
"851750",20,"269.7","2021-06-11 15:15:00"
"852368",20,"322.7","2021-06-11 15:30:00"
"853782",20,"322.1","2021-06-11 15:45:00"
"851898",20,"177","2021-07-22 01:15:00"
"851962",20,"225.8","2021-07-22 01:30:00"
"852016",20,"184.8","2021-07-22 01:45:00"
"855145",20,"221.4","2021-01-07 04:15:00"
"855430",20,"0","2021-01-07 04:30:00"
"853282",20,"0","2021-05-03 09:30:00"
"853336",20,"96.1","2021-05-03 09:45:00"
"853390",20,"73.2","2021-05-03 10:00:00"
"853444",20,"56.6","2021-05-03 10:15:00"
"853498",20,"65.1","2021-05-03 10:30:00"
"853552",20,"44.8","2021-05-03 10:45:00"
"853606",20,"53.5","2021-05-03 11:00:00"
"855204",20,"263.4","2021-06-11 20:30:00"
"855366",20,"273.4","2021-06-11 20:45:00"
"854896",20,"0","2021-07-22 04:30:00"
"854950",20,"0","2021-07-22 04:45:00"
"855004",20,"222.6","2021-07-22 05:00:00"
"855070",20,"0","2021-07-22 05:15:00"
"855297",20,"0","2021-07-22 05:30:00"
"855179",20,"34.4","2021-05-03 12:00:00"
"855353",20,"13.2","2021-05-03 12:15:00"
"856997",20,"268.5","2021-01-07 06:00:00"
"857176",20,"275","2021-01-07 06:15:00"
"857401",20,"276.4","2021-01-07 06:30:00"
"857213",20,"276.1","2021-07-22 07:45:00"
"857383",20,"288.8","2021-07-22 08:00:00"
"857556",20,"266.5","2021-06-11 23:45:00"
"857766",20,"262.3","2021-06-12 00:00:00"
"857523",20,"62.7","2021-05-03 14:30:00"
"857737",20,"84.4","2021-05-03 14:45:00"
"857923",20,"63.1","2021-05-03 15:00:00"
"858691",20,"262.7","2021-01-07 08:30:00"
"858776",20,"266.6","2021-01-07 08:45:00"
"861336",20,"291.3","2021-01-07 09:00:00"
"858794",20,"84.7","2021-05-03 16:30:00"
"858848",20,"88.4","2021-05-03 16:45:00"
"858907",20,"111.5","2021-05-03 17:00:00"
"858988",20,"107.2","2021-05-03 17:15:00"
"859062",20,"91.9","2021-05-03 17:30:00"
"859167",20,"133.2","2021-07-22 09:00:00"
"859307",20,"145.2","2021-07-22 09:15:00"
"860398",20,"255.1","2021-06-12 02:15:00"
"860595",20,"271.6","2021-06-12 02:30:00"
"860486",20,"0","2021-05-03 20:15:00"
"860705",20,"7.9","2021-05-03 20:30:00"
"860879",20,"12.2","2021-05-03 20:45:00"
"860567",20,"102.7","2021-07-22 11:30:00"
"860677",20,"98","2021-07-22 11:45:00"
"860798",20,"268.1","2021-06-12 02:45:00"
"860993",20,"268.2","2021-06-12 03:00:00"
"861249",20,"273.7","2021-06-12 03:15:00"
"862055",20,"281.7","2021-01-07 10:30:00"
"862157",20,"262.2","2021-01-07 10:45:00"
"862253",20,"279.7","2021-01-07 11:00:00"
"862204",20,"257","2021-06-12 05:30:00"
"864033",20,"261.7","2021-06-12 05:45:00"
"862316",20,"286.1","2021-01-07 11:15:00"
"862370",20,"268.8","2021-01-07 11:30:00"
"862424",20,"266.1","2021-01-07 11:45:00"
"862478",20,"254","2021-01-07 12:00:00"
"862532",20,"251.5","2021-01-07 12:15:00"
"863684",20,"0","2021-05-04 01:15:00"
"863738",20,"0","2021-05-04 01:30:00"
"866792",20,"0","2021-05-04 01:45:00"
"863840",20,"84.1","2021-07-22 13:30:00"
"863894",20,"94.5","2021-07-22 13:45:00"
"863948",20,"102.5","2021-07-22 14:00:00"
"864022",20,"94","2021-07-22 14:15:00"
"864126",20,"97.9","2021-07-22 14:30:00"
"864146",20,"275.3","2021-06-12 06:00:00"
"864263",20,"299.5","2021-06-12 06:15:00"
"864396",20,"245.7","2021-06-12 06:30:00"
"865195",20,"255.4","2021-01-07 14:30:00"
"865372",20,"263.2","2021-01-07 14:45:00"
"865524",20,"248.3","2021-01-07 15:00:00"
"865637",20,"124","2021-07-22 17:15:00"
"865788",20,"123","2021-07-22 17:30:00"
"865655",20,"190.6","2021-06-12 08:30:00"
"865825",20,"227.8","2021-06-12 08:45:00"
"865718",20,"256","2021-01-07 15:15:00"
"865880",20,"0","2021-01-07 15:30:00"
"866335",20,"165.3","2021-06-12 09:45:00"
"866444",20,"170.5","2021-06-12 10:00:00"
"866556",20,"148.5","2021-06-12 10:15:00"
"866555",20,"0","2021-01-07 17:00:00"
"866612",20,"229.6","2021-01-07 17:15:00"
"866666",20,"209","2021-01-07 17:30:00"
"866720",20,"0","2021-01-07 17:45:00"
"866774",20,"0","2021-01-07 18:00:00"
"868550",20,"0","2021-01-07 18:15:00"
"866846",20,"0","2021-05-04 02:00:00"
"866900",20,"0","2021-05-04 02:15:00"
"866954",20,"0","2021-05-04 02:30:00"
"867548",20,"0","2021-05-04 05:15:00"
"867602",20,"0","2021-05-04 05:30:00"
"867656",20,"0","2021-05-04 05:45:00"
"867710",20,"0","2021-05-04 06:00:00"
"867764",20,"0","2021-05-04 06:15:00"
"867882",20,"162.1","2021-06-12 10:30:00"
"867990",20,"160.4","2021-06-12 10:45:00"
"868060",20,"102.9","2021-07-22 18:30:00"
"868147",20,"99.8","2021-07-22 18:45:00"
"868713",20,"0","2021-01-07 18:30:00"
"868866",20,"0","2021-01-07 18:45:00"
"868829",20,"153.1","2021-06-12 12:15:00"
"868986",20,"163.7","2021-06-12 12:30:00"
"869148",20,"162.4","2021-06-12 12:45:00"
"868949",20,"88.7","2021-07-22 20:15:00"
"869108",20,"95.4","2021-07-22 20:30:00"
"869286",20,"96.9","2021-07-22 20:45:00"
"869046",20,"0","2021-01-07 19:00:00"
"869191",20,"0","2021-01-07 19:15:00"
"869352",20,"0","2021-01-07 19:30:00"
"870281",20,"132.7","2021-07-22 22:15:00"
"870473",20,"357.3","2021-01-07 21:15:00"
"871487",20,"162.8","2021-07-22 23:00:00"
"871610",20,"157.5","2021-07-22 23:15:00"
"871450",20,"128.2","2021-05-04 09:00:00"
"871546",20,"111.1","2021-05-04 09:15:00"
"871653",20,"67.2","2021-05-04 09:30:00"
"871757",20,"58.8","2021-05-04 09:45:00"
"871868",20,"74.4","2021-05-04 10:00:00"
"871723",20,"149.2","2021-07-22 23:30:00"
"871827",20,"150.1","2021-07-22 23:45:00"
"871922",20,"151.6","2021-07-23 00:00:00"
"876243",20,"306.4","2021-05-04 15:30:00"
"878816",20,"351.7","2021-05-04 15:45:00"
"876404",20,"0","2021-07-23 06:00:00"
"876458",20,"0","2021-07-23 06:15:00"
"876512",20,"0","2021-07-23 06:30:00"
"876566",20,"53.7","2021-07-23 06:45:00"
"876620",20,"86.8","2021-07-23 07:00:00"
"876674",20,"94.3","2021-07-23 07:15:00"
"876728",20,"101.4","2021-07-23 07:30:00"
"878008",20,"0","2021-06-12 23:15:00"
"878011",20,"311.4","2021-01-08 05:15:00"
"878110",20,"0","2021-01-08 05:30:00"
"878218",20,"0","2021-01-08 05:45:00"
"878335",20,"0","2021-01-08 06:00:00"
"878125",20,"0","2021-06-12 23:30:00"
"878232",20,"173.8","2021-06-12 23:45:00"
"878332",20,"171.2","2021-06-13 00:00:00"
"878420",20,"303","2021-01-08 06:15:00"
"878474",20,"249.7","2021-01-08 06:30:00"
"879755",20,"74.6","2021-05-04 18:45:00"
"879867",20,"59.8","2021-05-04 19:00:00"
"879706",20,"88","2021-07-23 09:00:00"
"879820",20,"110.5","2021-07-23 09:15:00"
"879927",20,"132.3","2021-07-23 09:30:00"
"879977",20,"46.4","2021-05-04 19:15:00"
"880087",20,"50.4","2021-05-04 19:30:00"
"880194",20,"37.6","2021-05-04 19:45:00"
"880034",20,"161.4","2021-07-23 09:45:00"
"880140",20,"160.4","2021-07-23 10:00:00"
"880754",20,"95.9","2021-07-23 12:15:00"
"883745",20,"99","2021-07-23 12:30:00"
"883848",20,"81.1","2021-07-23 12:45:00"
"880910",20,"0","2021-06-13 00:45:00"
"880964",20,"172.4","2021-06-13 01:00:00"
"881018",20,"178.1","2021-06-13 01:15:00"
"881072",20,"170.3","2021-06-13 01:30:00"
"881126",20,"217.6","2021-06-13 01:45:00"
"881180",20,"203.6","2021-06-13 02:00:00"
"881234",20,"0","2021-06-13 02:15:00"
"881288",20,"265.3","2021-06-13 02:30:00"
"882392",20,"299.2","2021-01-08 10:45:00"
"882446",20,"255.5","2021-01-08 11:00:00"
"882500",20,"266","2021-01-08 11:15:00"
"882554",20,"279.1","2021-01-08 11:30:00"
"882608",20,"266.3","2021-01-08 11:45:00"
"882662",20,"281.1","2021-01-08 12:00:00"
"882716",20,"278.4","2021-01-08 12:15:00"
"882770",20,"274.7","2021-01-08 12:30:00"
"885824",20,"273.1","2021-01-08 12:45:00"
"885878",20,"273.3","2021-01-08 13:00:00"
"884059",20,"86.3","2021-07-23 13:30:00"
"884160",20,"64.6","2021-07-23 13:45:00"
"884253",20,"62","2021-07-23 14:00:00"
"884201",20,"0","2021-06-13 05:15:00"
"884312",20,"0","2021-06-13 05:30:00"
"884414",20,"0","2021-06-13 05:45:00"
"884373",20,"87.3","2021-07-23 14:15:00"
"884477",20,"57","2021-07-23 14:30:00"
"884533",20,"0","2021-06-13 06:00:00"
"884646",20,"0","2021-06-13 06:15:00"
"885692",20,"114.3","2021-06-13 09:00:00"
"885746",20,"108","2021-06-13 09:15:00"
"887800",20,"108.1","2021-06-13 09:30:00"
"885932",20,"274.8","2021-01-08 13:15:00"
"885986",20,"296.4","2021-01-08 13:30:00"
"886040",20,"292","2021-01-08 13:45:00"
"886094",20,"263.8","2021-01-08 14:00:00"
"886148",20,"278.9","2021-01-08 14:15:00"
"886202",20,"281.5","2021-01-08 14:30:00"
"886256",20,"272.5","2021-01-08 14:45:00"
"887354",20,"262.8","2021-05-05 03:30:00"
"887408",20,"260","2021-05-05 03:45:00"
"887462",20,"271.5","2021-05-05 04:00:00"
"887516",20,"248","2021-05-05 04:15:00"
"887570",20,"249","2021-05-05 04:30:00"
"887624",20,"240.3","2021-05-05 04:45:00"
"887678",20,"245.7","2021-05-05 05:00:00"
"887732",20,"0","2021-05-05 05:15:00"
"890786",20,"0","2021-05-05 05:30:00"
"890840",20,"0","2021-05-05 05:45:00"
"890894",20,"0","2021-05-05 06:00:00"
"889349",20,"112.4","2021-07-23 20:00:00"
"889525",20,"113.3","2021-07-23 20:15:00"
"889035",20,"95.8","2021-06-13 12:15:00"
"889089",20,"91","2021-06-13 12:30:00"
"889144",20,"89","2021-06-13 12:45:00"
"889198",20,"98.4","2021-06-13 13:00:00"
"889252",20,"102","2021-06-13 13:15:00"
"889306",20,"105.1","2021-06-13 13:30:00"
"889404",20,"96","2021-06-13 13:45:00"
"889545",20,"86.8","2021-06-13 14:00:00"
"890714",20,"263.6","2021-01-08 21:30:00"
"890768",20,"265.4","2021-01-08 21:45:00"
"893179",20,"267.1","2021-01-08 22:00:00"
"890948",20,"0","2021-05-05 06:15:00"
"891002",20,"0","2021-05-05 06:30:00"
"891056",20,"59.7","2021-05-05 06:45:00"
"891110",20,"0","2021-05-05 07:00:00"
"891164",20,"0","2021-05-05 07:15:00"
"891218",20,"0","2021-05-05 07:30:00"
"891272",20,"0","2021-05-05 07:45:00"
"892344",20,"99.2","2021-06-13 14:15:00"
"892404",20,"107","2021-06-13 14:30:00"
"892458",20,"83.3","2021-06-13 14:45:00"
"892512",20,"84.1","2021-06-13 15:00:00"
"892566",20,"93.1","2021-06-13 15:15:00"
"892620",20,"87.7","2021-06-13 15:30:00"
"892674",20,"94","2021-06-13 15:45:00"
"892728",20,"86.9","2021-06-13 16:00:00"
"892789",20,"88.9","2021-06-13 16:15:00"
"892887",20,"105","2021-06-13 16:30:00"
"894096",20,"0","2021-01-08 23:45:00"
"894200",20,"0","2021-01-09 00:00:00"
"894033",20,"149.5","2021-07-24 02:15:00"
"895832",20,"262.2","2021-07-24 02:30:00"
"895886",20,"266.4","2021-07-24 02:45:00"
"894744",20,"90.1","2021-06-13 18:30:00"
"896798",20,"84","2021-06-13 18:45:00"
"894254",20,"0","2021-01-09 00:15:00"
"894308",20,"0","2021-01-09 00:30:00"
"894362",20,"0","2021-01-09 00:45:00"
"895568",20,"60.8","2021-05-05 13:45:00"
"895622",20,"25.2","2021-05-05 14:00:00"
"895676",20,"53.9","2021-05-05 14:15:00"
"895730",20,"32.1","2021-05-05 14:30:00"
"896871",20,"43.7","2021-05-05 14:45:00"
"895940",20,"273.8","2021-07-24 03:00:00"
"895994",20,"272.3","2021-07-24 03:15:00"
"896048",20,"273.8","2021-07-24 03:30:00"
"896102",20,"271.2","2021-07-24 03:45:00"
"896156",20,"0","2021-07-24 04:00:00"
"897211",20,"21.1","2021-05-05 15:45:00"
"897298",20,"331","2021-05-05 16:00:00"
"897408",20,"337.5","2021-05-05 16:15:00"
"897510",20,"332.6","2021-05-05 16:30:00"
"897592",20,"54.3","2021-05-05 16:45:00"
"897492",20,"99.4","2021-06-13 20:15:00"
"897641",20,"112.1","2021-06-13 20:30:00"
"897773",20,"111","2021-06-13 20:45:00"
"897683",20,"51.7","2021-05-05 17:00:00"
"897774",20,"0","2021-05-05 17:15:00"
"897857",20,"104.2","2021-05-05 17:30:00"
"898403",20,"78.4","2021-05-05 19:00:00"
"898517",20,"80.1","2021-05-05 19:15:00"
"898608",20,"0","2021-01-09 03:00:00"
"898709",20,"120.6","2021-01-09 03:15:00"
"898750",20,"112.2","2021-06-13 22:15:00"
"898856",20,"108.8","2021-06-13 22:30:00"
"898820",20,"0","2021-01-09 03:30:00"
"898928",20,"0","2021-01-09 03:45:00"
"899032",20,"0","2021-01-09 04:00:00"
"900182",20,"0","2021-07-24 08:45:00"
"900236",20,"0","2021-07-24 09:00:00"
"900290",20,"0","2021-07-24 09:15:00"
"900344",20,"0","2021-07-24 09:30:00"
"900398",20,"98.7","2021-07-24 09:45:00"
"900452",20,"84.7","2021-07-24 10:00:00"
"900506",20,"59.5","2021-07-24 10:15:00"
"900560",20,"61.4","2021-07-24 10:30:00"
"900614",20,"46.1","2021-07-24 10:45:00"
"900668",20,"47.1","2021-07-24 11:00:00"
"901242",20,"272.2","2021-05-05 21:30:00"
"901296",20,"275.2","2021-05-05 21:45:00"
"901350",20,"275.5","2021-05-05 22:00:00"
"901404",20,"280.4","2021-05-05 22:15:00"
"901458",20,"277.5","2021-05-05 22:30:00"
"901512",20,"276.9","2021-05-05 22:45:00"
"901566",20,"276","2021-05-05 23:00:00"
"901620",20,"277.7","2021-05-05 23:15:00"
"901674",20,"276","2021-05-05 23:30:00"
"901728",20,"274.9","2021-05-05 23:45:00"
"902840",20,"106.6","2021-06-14 02:45:00"
"902941",20,"104.3","2021-06-14 03:00:00"
"902947",20,"118.3","2021-01-09 08:45:00"
"903059",20,"90.7","2021-01-09 09:00:00"
"903044",20,"104.7","2021-06-14 03:15:00"
"903150",20,"101.7","2021-06-14 03:30:00"
"903255",20,"105.4","2021-06-14 03:45:00"
"903170",20,"92.4","2021-01-09 09:15:00"
"903279",20,"87.9","2021-01-09 09:30:00"
"903360",20,"83","2021-01-09 09:45:00"
"904424",20,"56.6","2021-07-24 14:30:00"
"904478",20,"22.7","2021-07-24 14:45:00"
"904532",20,"29.1","2021-07-24 15:00:00"
"904586",20,"49.2","2021-07-24 15:15:00"
"904640",20,"58.2","2021-07-24 15:30:00"
"904694",20,"83.8","2021-07-24 15:45:00"
"904748",20,"79.6","2021-07-24 16:00:00"
"906262",20,"84.2","2021-07-24 16:15:00"
"904904",20,"112.7","2021-06-14 04:30:00"
"904958",20,"111.9","2021-06-14 04:45:00"
"905012",20,"107.8","2021-06-14 05:00:00"
"906062",20,"118.4","2021-01-09 13:00:00"
"906116",20,"121.1","2021-01-09 13:15:00"
"906170",20,"121.1","2021-01-09 13:30:00"
"906228",20,"31","2021-01-09 13:45:00"
"863414",20,"173","2021-05-04 00:00:00"
"863468",20,"0","2021-05-04 00:15:00"
"863522",20,"0","2021-05-04 00:30:00"
"863576",20,"0","2021-05-04 00:45:00"
"863630",20,"0","2021-05-04 01:00:00"
"864493",20,"88.3","2021-07-22 15:15:00"
"864628",20,"90","2021-07-22 15:30:00"
"864761",20,"93.5","2021-07-22 15:45:00"
"864858",20,"232.8","2021-06-12 07:15:00"
"865002",20,"0","2021-06-12 07:30:00"
"865190",20,"95","2021-07-22 16:30:00"
"865348",20,"100","2021-07-22 16:45:00"
"865501",20,"113.4","2021-07-22 17:00:00"
"865162",20,"0","2021-06-12 07:45:00"
"865323",20,"196.4","2021-06-12 08:00:00"
"865487",20,"195.5","2021-06-12 08:15:00"
"865959",20,"114.3","2021-07-22 17:45:00"
"867833",20,"115.6","2021-07-22 18:00:00"
"867947",20,"114.2","2021-07-22 18:15:00"
"866000",20,"296.5","2021-06-12 09:00:00"
"866121",20,"188.8","2021-06-12 09:15:00"
"866242",20,"199.4","2021-06-12 09:30:00"
"866028",20,"0","2021-01-07 15:45:00"
"866126",20,"0","2021-01-07 16:00:00"
"866222",20,"0","2021-01-07 16:15:00"
"866344",20,"0","2021-01-07 16:30:00"
"866451",20,"0","2021-01-07 16:45:00"
"867008",20,"0","2021-05-04 02:45:00"
"867062",20,"0","2021-05-04 03:00:00"
"867116",20,"0","2021-05-04 03:15:00"
"867170",20,"0","2021-05-04 03:30:00"
"867224",20,"0","2021-05-04 03:45:00"
"867278",20,"0","2021-05-04 04:00:00"
"867332",20,"0","2021-05-04 04:15:00"
"867386",20,"0","2021-05-04 04:30:00"
"867440",20,"0","2021-05-04 04:45:00"
"867494",20,"0","2021-05-04 05:00:00"
"868105",20,"158.1","2021-06-12 11:00:00"
"868231",20,"183","2021-06-12 11:15:00"
"868341",20,"163.9","2021-06-12 11:30:00"
"868253",20,"99.2","2021-07-22 19:00:00"
"868358",20,"97.8","2021-07-22 19:15:00"
"868489",20,"93.5","2021-07-22 19:30:00"
"868452",20,"159.2","2021-06-12 11:45:00"
"868638",20,"127.1","2021-06-12 12:00:00"
"868643",20,"91.6","2021-07-22 19:45:00"
"868795",20,"91.4","2021-07-22 20:00:00"
"869309",20,"203.8","2021-06-12 13:00:00"
"869481",20,"0","2021-06-12 13:15:00"
"869445",20,"106.2","2021-07-22 21:00:00"
"869623",20,"110.7","2021-07-22 21:15:00"
"869497",20,"0","2021-01-07 19:45:00"
"869653",20,"0","2021-01-07 20:00:00"
"869642",20,"245.7","2021-06-12 13:30:00"
"869789",20,"180.2","2021-06-12 13:45:00"
"869938",20,"229.8","2021-06-12 14:00:00"
"870818",20,"0","2021-05-04 06:30:00"
"870872",20,"0","2021-05-04 06:45:00"
"870926",20,"0","2021-05-04 07:00:00"
"870980",20,"180.7","2021-05-04 07:15:00"
"871034",20,"0","2021-05-04 07:30:00"
"871088",20,"0","2021-05-04 07:45:00"
"871142",20,"0","2021-05-04 08:00:00"
"871196",20,"162.3","2021-05-04 08:15:00"
"871250",20,"146.5","2021-05-04 08:30:00"
"871337",20,"133.3","2021-05-04 08:45:00"
"872486",20,"145.8","2021-07-23 01:45:00"
"872540",20,"146.3","2021-07-23 02:00:00"
"872594",20,"153.2","2021-07-23 02:15:00"
"872648",20,"150.2","2021-07-23 02:30:00"
"872702",20,"163.9","2021-07-23 02:45:00"
"872756",20,"147.9","2021-07-23 03:00:00"
"875347",20,"141.8","2021-07-23 03:15:00"
"875455",20,"148.3","2021-07-23 03:30:00"
"872912",20,"168.4","2021-06-12 15:30:00"
"872966",20,"0","2021-06-12 15:45:00"
"873020",20,"270.7","2021-06-12 16:00:00"
"873544",20,"343.2","2021-01-07 23:30:00"
"873652",20,"352.7","2021-01-07 23:45:00"
"873761",20,"0","2021-01-08 00:00:00"
"873707",20,"47.9","2021-06-12 18:00:00"
"873831",20,"0","2021-06-12 18:15:00"
"873939",20,"0","2021-06-12 18:30:00"
"873868",20,"0","2021-01-08 00:15:00"
"873974",20,"0","2021-01-08 00:30:00"
"874049",20,"0","2021-06-12 18:45:00"
"874157",20,"0","2021-06-12 19:00:00"
"874081",20,"313","2021-01-08 00:45:00"
"874188",20,"316.4","2021-01-08 01:00:00"
"874301",20,"312.7","2021-01-08 01:15:00"
"874259",20,"0","2021-06-12 19:15:00"
"874375",20,"0","2021-06-12 19:30:00"
"876830",20,"0","2021-06-12 19:45:00"
"874394",20,"0","2021-01-08 01:30:00"
"874448",20,"0","2021-01-08 01:45:00"
"874502",20,"300.5","2021-01-08 02:00:00"
"874556",20,"318","2021-01-08 02:15:00"
"874610",20,"0","2021-01-08 02:30:00"
"875114",20,"35.3","2021-05-04 12:30:00"
"875168",20,"36.4","2021-05-04 12:45:00"
"875222",20,"23.9","2021-05-04 13:00:00"
"875276",20,"37.6","2021-05-04 13:15:00"
"875371",20,"16.5","2021-05-04 13:30:00"
"875477",20,"40.6","2021-05-04 13:45:00"
"875588",20,"38.6","2021-05-04 14:00:00"
"875703",20,"13.6","2021-05-04 14:15:00"
"875564",20,"158.4","2021-07-23 03:45:00"
"875660",20,"151.5","2021-07-23 04:00:00"
"879159",20,"86.1","2021-07-23 07:45:00"
"879272",20,"85.2","2021-07-23 08:00:00"
"879381",20,"86","2021-07-23 08:15:00"
"876884",20,"0","2021-06-12 20:00:00"
"876938",20,"209.3","2021-06-12 20:15:00"
"876992",20,"185.9","2021-06-12 20:30:00"
"877046",20,"0","2021-06-12 20:45:00"
"877100",20,"0","2021-06-12 21:00:00"
"877174",20,"0","2021-06-12 21:15:00"
"877273",20,"0","2021-06-12 21:30:00"
"877365",20,"0","2021-06-12 21:45:00"
"880802",20,"175","2021-06-13 00:15:00"
"880856",20,"0","2021-06-13 00:30:00"
"878528",20,"243.6","2021-01-08 06:45:00"
"878582",20,"259.4","2021-01-08 07:00:00"
"878636",20,"255.5","2021-01-08 07:15:00"
"878690",20,"242.4","2021-01-08 07:30:00"
"878744",20,"246.4","2021-01-08 07:45:00"
"878870",20,"315.9","2021-05-04 16:00:00"
"878924",20,"4.4","2021-05-04 16:15:00"
"878978",20,"53.8","2021-05-04 16:30:00"
"880296",20,"36.1","2021-05-04 20:00:00"
"882788",20,"0","2021-05-04 20:15:00"
"880247",20,"133.6","2021-07-23 10:15:00"
"880349",20,"129.9","2021-07-23 10:30:00"
"880430",20,"128.3","2021-07-23 10:45:00"
"880484",20,"122.8","2021-07-23 11:00:00"
"880538",20,"131","2021-07-23 11:15:00"
"880592",20,"108.9","2021-07-23 11:30:00"
"880646",20,"101.4","2021-07-23 11:45:00"
"880700",20,"96.2","2021-07-23 12:00:00"
"881892",20,"0","2021-06-13 04:00:00"
"882007",20,"0","2021-06-13 04:15:00"
"882117",20,"187.2","2021-06-13 04:30:00"
"881911",20,"264.2","2021-01-08 09:15:00"
"882008",20,"292.7","2021-01-08 09:30:00"
"882114",20,"279","2021-01-08 09:45:00"
"882214",20,"178.4","2021-06-13 04:45:00"
"884087",20,"0","2021-06-13 05:00:00"
"882230",20,"304.8","2021-01-08 10:00:00"
"882284",20,"259.4","2021-01-08 10:15:00"
"882338",20,"271.1","2021-01-08 10:30:00"
"883382",20,"260.7","2021-05-04 23:00:00"
"883436",20,"252.8","2021-05-04 23:15:00"
"883490",20,"258.7","2021-05-04 23:30:00"
"883544",20,"267.2","2021-05-04 23:45:00"
"883598",20,"255.9","2021-05-05 00:00:00"
"883652",20,"242.9","2021-05-05 00:15:00"
"883723",20,"229.6","2021-05-05 00:30:00"
"883835",20,"225.5","2021-05-05 00:45:00"
"883916",20,"78","2021-07-23 13:00:00"
"883970",20,"82.6","2021-07-23 13:15:00"
"885130",20,"72.8","2021-07-23 16:00:00"
"885250",20,"78.8","2021-07-23 16:15:00"
"885341",20,"74.9","2021-07-23 16:30:00"
"885276",20,"0","2021-06-13 07:45:00"
"885387",20,"112.5","2021-06-13 08:00:00"
"885478",20,"127.9","2021-06-13 08:15:00"
"885473",20,"81.3","2021-07-23 16:45:00"
"885573",20,"98.8","2021-07-23 17:00:00"
"887950",20,"89.3","2021-07-23 17:15:00"
"885584",20,"119.5","2021-06-13 08:30:00"
"885638",20,"119.9","2021-06-13 08:45:00"
"886814",20,"233.3","2021-05-05 01:00:00"
"886868",20,"253.9","2021-05-05 01:15:00"
"886922",20,"239.4","2021-05-05 01:30:00"
"886976",20,"235.9","2021-05-05 01:45:00"
"887030",20,"262.4","2021-05-05 02:00:00"
"887084",20,"265.6","2021-05-05 02:15:00"
"887138",20,"264.1","2021-05-05 02:30:00"
"887192",20,"269","2021-05-05 02:45:00"
"887246",20,"263.7","2021-05-05 03:00:00"
"887300",20,"263.9","2021-05-05 03:15:00"
"888485",20,"96.2","2021-06-13 11:00:00"
"888640",20,"102","2021-06-13 11:15:00"
"888809",20,"86.2","2021-06-13 11:30:00"
"888509",20,"128.8","2021-07-23 18:45:00"
"888590",20,"119.2","2021-07-23 19:00:00"
"888677",20,"112.3","2021-07-23 19:15:00"
"888756",20,"115.2","2021-07-23 19:30:00"
"888832",20,"117","2021-07-23 19:45:00"
"888927",20,"93.4","2021-06-13 11:45:00"
"888981",20,"97.6","2021-06-13 12:00:00"
"890172",20,"247.8","2021-01-08 19:00:00"
"890228",20,"247.4","2021-01-08 19:15:00"
"890282",20,"243.8","2021-01-08 19:30:00"
"890336",20,"244.4","2021-01-08 19:45:00"
"890390",20,"250.6","2021-01-08 20:00:00"
"890444",20,"243.4","2021-01-08 20:15:00"
"890498",20,"251.1","2021-01-08 20:30:00"
"890552",20,"258.4","2021-01-08 20:45:00"
"890606",20,"263","2021-01-08 21:00:00"
"890660",20,"260.1","2021-01-08 21:15:00"
"891806",20,"144.7","2021-07-23 21:45:00"
"891860",20,"143.3","2021-07-23 22:00:00"
"891914",20,"145.5","2021-07-23 22:15:00"
"891968",20,"140.3","2021-07-23 22:30:00"
"892022",20,"140.9","2021-07-23 22:45:00"
"892076",20,"138","2021-07-23 23:00:00"
"892130",20,"135.5","2021-07-23 23:15:00"
"892184",20,"145.7","2021-07-23 23:30:00"
"892248",20,"144.5","2021-07-23 23:45:00"
"892330",20,"139.4","2021-07-24 00:00:00"
"892864",20,"153.4","2021-07-24 00:15:00"
"893537",20,"231","2021-01-08 22:45:00"
"893544",20,"100.4","2021-06-13 17:30:00"
"893670",20,"222.3","2021-01-08 23:00:00"
"893814",20,"233.3","2021-01-08 23:15:00"
"893957",20,"241.9","2021-01-08 23:30:00"
"893763",20,"270.6","2021-07-24 01:45:00"
"893896",20,"173","2021-07-24 02:00:00"
"893765",20,"96.5","2021-06-13 17:45:00"
"893999",20,"93.6","2021-06-13 18:00:00"
"894120",20,"91.2","2021-06-13 18:15:00"
"895028",20,"41","2021-05-05 11:15:00"
"895082",20,"57.8","2021-05-05 11:30:00"
"895136",20,"66.4","2021-05-05 11:45:00"
"895190",20,"26.1","2021-05-05 12:00:00"
"895244",20,"56.9","2021-05-05 12:15:00"
"895298",20,"48.6","2021-05-05 12:30:00"
"895352",20,"27.2","2021-05-05 12:45:00"
"895406",20,"39.6","2021-05-05 13:00:00"
"895460",20,"28.4","2021-05-05 13:15:00"
"895514",20,"71.6","2021-05-05 13:30:00"
"896750",20,"0","2021-07-24 06:45:00"
"899804",20,"0","2021-07-24 07:00:00"
"899858",20,"0","2021-07-24 07:15:00"
"896852",20,"80.6","2021-06-13 19:00:00"
"896981",20,"82.2","2021-06-13 19:15:00"
"897108",20,"90.1","2021-06-13 19:30:00"
"896951",20,"31","2021-05-05 15:00:00"
"897038",20,"354.5","2021-05-05 15:15:00"
"897133",20,"6.9","2021-05-05 15:30:00"
"897277",20,"92.3","2021-06-13 19:45:00"
"897383",20,"98.3","2021-06-13 20:00:00"
"898967",20,"110.4","2021-06-13 22:45:00"
"899072",20,"113.4","2021-06-13 23:00:00"
"899181",20,"105.2","2021-06-13 23:15:00"
"899143",20,"0","2021-01-09 04:15:00"
"899226",20,"138.8","2021-01-09 04:30:00"
"899280",20,"137.4","2021-01-09 04:45:00"
"899334",20,"135.4","2021-01-09 05:00:00"
"899388",20,"128.8","2021-01-09 05:15:00"
"899442",20,"111.4","2021-01-09 05:30:00"
"899496",20,"118","2021-01-09 05:45:00"
"900722",20,"45.8","2021-07-24 11:15:00"
"900776",20,"51.8","2021-07-24 11:30:00"
"903830",20,"40","2021-07-24 11:45:00"
"900810",20,"74","2021-05-05 19:30:00"
"900864",20,"80.1","2021-05-05 19:45:00"
"900918",20,"63","2021-05-05 20:00:00"
"900972",20,"39.6","2021-05-05 20:15:00"
"901026",20,"0","2021-05-05 20:30:00"
"901080",20,"0","2021-05-05 20:45:00"
"901134",20,"286.9","2021-05-05 21:00:00"
"901188",20,"0","2021-05-05 21:15:00"
"902299",20,"109.3","2021-06-14 01:30:00"
"902407",20,"110.6","2021-06-14 01:45:00"
"902286",20,"129.8","2021-01-09 07:15:00"
"902400",20,"126.5","2021-01-09 07:30:00"
"902515",20,"129.1","2021-01-09 07:45:00"
"902508",20,"105.8","2021-06-14 02:00:00"
"902602",20,"109.1","2021-06-14 02:15:00"
"902713",20,"107.8","2021-06-14 02:30:00"
"902637",20,"129.1","2021-01-09 08:00:00"
"902743",20,"122.7","2021-01-09 08:15:00"
"902831",20,"131.1","2021-01-09 08:30:00"
"903884",20,"26.8","2021-07-24 12:00:00"
"903938",20,"32.4","2021-07-24 12:15:00"
"903992",20,"20.9","2021-07-24 12:30:00"
"904046",20,"22.6","2021-07-24 12:45:00"
"904100",20,"23.1","2021-07-24 13:00:00"
"904154",20,"21.3","2021-07-24 13:15:00"
"904208",20,"11.8","2021-07-24 13:30:00"
"904262",20,"6","2021-07-24 13:45:00"
"904316",20,"33.5","2021-07-24 14:00:00"
"904370",20,"25.7","2021-07-24 14:15:00"
"905559",20,"0","2021-01-09 11:45:00"
"905660",20,"304","2021-01-09 12:00:00"
"905770",20,"20.1","2021-01-09 12:15:00"
"905684",20,"0","2021-06-14 07:45:00"
"905791",20,"0","2021-06-14 08:00:00"
"905907",20,"126.2","2021-06-14 08:15:00"
"905869",20,"97.6","2021-01-09 12:30:00"
"905972",20,"144","2021-01-09 12:45:00"
"906337",20,"356","2021-01-09 14:00:00"
"906436",20,"10.4","2021-01-09 14:15:00"
"906372",20,"92.7","2021-07-24 16:30:00"
"906491",20,"100.6","2021-07-24 16:45:00"
"906532",20,"94","2021-01-09 14:30:00"
"906621",20,"104.2","2021-01-09 14:45:00"
"912047",20,"151.6","2021-06-14 16:00:00"
"912208",20,"157.4","2021-06-14 16:15:00"
"912400",20,"158.2","2021-06-14 16:30:00"
"912205",20,"116.6","2021-01-10 00:30:00"
"912281",20,"120.7","2021-01-10 00:45:00"
"912355",20,"111.9","2021-01-10 01:00:00"
"912435",20,"114.9","2021-01-10 01:15:00"
"912509",20,"125.1","2021-01-10 01:30:00"
"914816",20,"113","2021-01-10 01:45:00"
"912550",20,"131","2021-06-14 16:45:00"
"912604",20,"100.4","2021-06-14 17:00:00"
"912658",20,"83.2","2021-06-14 17:15:00"
"913295",20,"0","2021-06-14 18:45:00"
"913406",20,"0","2021-06-14 19:00:00"
"913465",20,"258.4","2021-07-25 03:15:00"
"913566",20,"258","2021-07-25 03:30:00"
"913685",20,"255.4","2021-07-25 03:45:00"
"913515",20,"0","2021-06-14 19:15:00"
"913615",20,"64.9","2021-06-14 19:30:00"
"913718",20,"0","2021-06-14 19:45:00"
"913781",20,"263.6","2021-07-25 04:00:00"
"913874",20,"227.7","2021-07-25 04:15:00"
"914870",20,"113.7","2021-01-10 02:00:00"
"914924",20,"108.4","2021-01-10 02:15:00"
"871278",20,"153.6","2021-07-22 22:30:00"
"871381",20,"156","2021-07-22 22:45:00"
"870426",20,"220.1","2021-06-12 14:45:00"
"872804",20,"268.2","2021-06-12 15:00:00"
"872858",20,"272","2021-06-12 15:15:00"
"870530",20,"346.5","2021-01-07 21:30:00"
"870584",20,"355.8","2021-01-07 21:45:00"
"870638",20,"337.9","2021-01-07 22:00:00"
"870692",20,"331.3","2021-01-07 22:15:00"
"870746",20,"333.4","2021-01-07 22:30:00"
"871978",20,"69.2","2021-05-04 10:15:00"
"872036",20,"145.4","2021-07-23 00:15:00"
"872083",20,"58.4","2021-05-04 10:30:00"
"872148",20,"141.5","2021-07-23 00:30:00"
"872254",20,"142.5","2021-07-23 00:45:00"
"872196",20,"73.6","2021-05-04 10:45:00"
"874790",20,"76.2","2021-05-04 11:00:00"
"872324",20,"135.2","2021-07-23 01:00:00"
"872378",20,"136.2","2021-07-23 01:15:00"
"872432",20,"137.8","2021-07-23 01:30:00"
"873074",20,"2.7","2021-06-12 16:15:00"
"873128",20,"0","2021-06-12 16:30:00"
"873182",20,"0","2021-06-12 16:45:00"
"873274",20,"0","2021-06-12 17:00:00"
"873380",20,"0","2021-06-12 17:15:00"
"873237",20,"346.2","2021-01-07 22:45:00"
"873347",20,"311.7","2021-01-07 23:00:00"
"873447",20,"326.7","2021-01-07 23:15:00"
"873507",20,"152","2021-06-12 17:30:00"
"873615",20,"89","2021-06-12 17:45:00"
"874664",20,"324.6","2021-01-08 02:45:00"
"874718",20,"0","2021-01-08 03:00:00"
"874772",20,"0","2021-01-08 03:15:00"
"877225",20,"0","2021-01-08 03:30:00"
"877357",20,"0","2021-01-08 03:45:00"
"874844",20,"55","2021-05-04 11:15:00"
"874898",20,"46.5","2021-05-04 11:30:00"
"874952",20,"62","2021-05-04 11:45:00"
"875006",20,"42.4","2021-05-04 12:00:00"
"875060",20,"9.3","2021-05-04 12:15:00"
"875783",20,"154","2021-07-23 04:15:00"
"875800",20,"33.6","2021-05-04 14:30:00"
"875890",20,"148.8","2021-07-23 04:30:00"
"875995",20,"146.5","2021-07-23 04:45:00"
"876087",20,"141.7","2021-07-23 05:00:00"
"875909",20,"15.4","2021-05-04 14:45:00"
"876020",20,"24.5","2021-05-04 15:00:00"
"876142",20,"50.6","2021-05-04 15:15:00"
"876196",20,"153.9","2021-07-23 05:15:00"
"876296",20,"131.7","2021-07-23 05:30:00"
"876350",20,"0","2021-07-23 05:45:00"
"877481",20,"0","2021-06-12 22:00:00"
"877591",20,"0","2021-06-12 22:15:00"
"877458",20,"292.6","2021-01-08 04:00:00"
"877564",20,"278.1","2021-01-08 04:15:00"
"877694",20,"0","2021-06-12 22:30:00"
"877797",20,"0","2021-06-12 22:45:00"
"877885",20,"0","2021-06-12 23:00:00"
"877677",20,"282.6","2021-01-08 04:30:00"
"877790",20,"309.6","2021-01-08 04:45:00"
"877917",20,"299.4","2021-01-08 05:00:00"
"879032",20,"19.5","2021-05-04 16:45:00"
"879086",20,"209.6","2021-05-04 17:00:00"
"879140",20,"139.8","2021-05-04 17:15:00"
"879217",20,"116.4","2021-05-04 17:30:00"
"879334",20,"105.7","2021-05-04 17:45:00"
"879442",20,"95","2021-05-04 18:00:00"
"879550",20,"80.1","2021-05-04 18:15:00"
"879657",20,"90.5","2021-05-04 18:30:00"
"879489",20,"87.7","2021-07-23 08:30:00"
"879597",20,"100","2021-07-23 08:45:00"
"881349",20,"0","2021-06-13 02:45:00"
"881468",20,"0","2021-06-13 03:00:00"
"881377",20,"239.2","2021-01-08 08:00:00"
"881467",20,"248.8","2021-01-08 08:15:00"
"881563",20,"280.3","2021-01-08 08:30:00"
"881594",20,"0","2021-06-13 03:15:00"
"881682",20,"0","2021-06-13 03:30:00"
"881778",20,"0","2021-06-13 03:45:00"
"881685",20,"258.8","2021-01-08 08:45:00"
"881805",20,"237.8","2021-01-08 09:00:00"
"882842",20,"0","2021-05-04 20:30:00"
"882896",20,"0","2021-05-04 20:45:00"
"882950",20,"0","2021-05-04 21:00:00"
"883004",20,"0","2021-05-04 21:15:00"
"883058",20,"0","2021-05-04 21:30:00"
"883112",20,"275.7","2021-05-04 21:45:00"
"883166",20,"272.1","2021-05-04 22:00:00"
"883220",20,"271.6","2021-05-04 22:15:00"
"883274",20,"262.8","2021-05-04 22:30:00"
"883328",20,"260.3","2021-05-04 22:45:00"
"884577",20,"55","2021-07-23 14:45:00"
"884685",20,"81.4","2021-07-23 15:00:00"
"884793",20,"86","2021-07-23 15:15:00"
"884745",20,"0","2021-06-13 06:30:00"
"884848",20,"185.9","2021-06-13 06:45:00"
"884955",20,"0","2021-06-13 07:00:00"
"884915",20,"66.3","2021-07-23 15:30:00"
"885013",20,"63.6","2021-07-23 15:45:00"
"885075",20,"184.4","2021-06-13 07:15:00"
"885172",20,"0","2021-06-13 07:30:00"
"886310",20,"273","2021-01-08 15:00:00"
"886364",20,"268.1","2021-01-08 15:15:00"
"886418",20,"266.1","2021-01-08 15:30:00"
"886472",20,"255.5","2021-01-08 15:45:00"
"886526",20,"247.6","2021-01-08 16:00:00"
"886580",20,"243.6","2021-01-08 16:15:00"
"886634",20,"252.5","2021-01-08 16:30:00"
"886688",20,"256.8","2021-01-08 16:45:00"
"886742",20,"246.1","2021-01-08 17:00:00"
"889383",20,"255.4","2021-01-08 17:15:00"
"889556",20,"265.4","2021-01-08 17:30:00"
"887884",20,"103.3","2021-06-13 09:45:00"
"887964",20,"86.7","2021-06-13 10:00:00"
"888048",20,"98.8","2021-06-13 10:15:00"
"888089",20,"80.1","2021-07-23 17:30:00"
"888166",20,"93.4","2021-07-23 17:45:00"
"888197",20,"98.6","2021-06-13 10:30:00"
"888324",20,"91.1","2021-06-13 10:45:00"
"888265",20,"100.4","2021-07-23 18:00:00"
"888347",20,"113","2021-07-23 18:15:00"
"888426",20,"117","2021-07-23 18:30:00"
"889645",20,"256.1","2021-01-08 17:45:00"
"889746",20,"261.4","2021-01-08 18:00:00"
"889676",20,"123.7","2021-07-23 20:30:00"
"889790",20,"122.2","2021-07-23 20:45:00"
"889897",20,"130","2021-07-23 21:00:00"
"889856",20,"261.3","2021-01-08 18:15:00"
"889950",20,"255.7","2021-01-08 18:30:00"
"890068",20,"250.5","2021-01-08 18:45:00"
"890007",20,"131.9","2021-07-23 21:15:00"
"890108",20,"133.7","2021-07-23 21:30:00"
"891326",20,"0","2021-05-05 08:00:00"
"891380",20,"0","2021-05-05 08:15:00"
"891434",20,"0","2021-05-05 08:30:00"
"891488",20,"207.7","2021-05-05 08:45:00"
"891542",20,"0","2021-05-05 09:00:00"
"891596",20,"0","2021-05-05 09:15:00"
"891650",20,"142.8","2021-05-05 09:30:00"
"891704",20,"182.5","2021-05-05 09:45:00"
"891758",20,"146","2021-05-05 10:00:00"
"894812",20,"82.5","2021-05-05 10:15:00"
"892966",20,"206.4","2021-07-24 00:30:00"
"893069",20,"0","2021-07-24 00:45:00"
"893009",20,"118.9","2021-06-13 16:45:00"
"893138",20,"114.2","2021-06-13 17:00:00"
"893335",20,"100.7","2021-06-13 17:15:00"
"893291",20,"265.2","2021-01-08 22:15:00"
"893419",20,"255","2021-01-08 22:30:00"
"893266",20,"269.2","2021-07-24 01:00:00"
"893455",20,"253.8","2021-07-24 01:15:00"
"893612",20,"0","2021-07-24 01:30:00"
"894416",20,"0","2021-01-09 01:00:00"
"894470",20,"236.6","2021-01-09 01:15:00"
"894524",20,"0","2021-01-09 01:30:00"
"894578",20,"0","2021-01-09 01:45:00"
"894632",20,"0","2021-01-09 02:00:00"
"894686",20,"0","2021-01-09 02:15:00"
"898197",20,"0","2021-01-09 02:30:00"
"898422",20,"0","2021-01-09 02:45:00"
"894866",20,"56.4","2021-05-05 10:30:00"
"894920",20,"117.6","2021-05-05 10:45:00"
"894974",20,"42.3","2021-05-05 11:00:00"
"896210",20,"0","2021-07-24 04:15:00"
"896264",20,"0","2021-07-24 04:30:00"
"896318",20,"0","2021-07-24 04:45:00"
"896372",20,"0","2021-07-24 05:00:00"
"896426",20,"156.6","2021-07-24 05:15:00"
"896480",20,"187","2021-07-24 05:30:00"
"896534",20,"0","2021-07-24 05:45:00"
"896588",20,"0","2021-07-24 06:00:00"
"896642",20,"0","2021-07-24 06:15:00"
"896696",20,"0","2021-07-24 06:30:00"
"897928",20,"108.4","2021-06-13 21:00:00"
"898088",20,"108.5","2021-06-13 21:15:00"
"897940",20,"117.9","2021-05-05 17:45:00"
"898018",20,"116.5","2021-05-05 18:00:00"
"898102",20,"102.5","2021-05-05 18:15:00"
"898200",20,"74.4","2021-05-05 18:30:00"
"898311",20,"72.1","2021-05-05 18:45:00"
"898285",20,"109","2021-06-13 21:30:00"
"898491",20,"113.4","2021-06-13 21:45:00"
"898635",20,"111.2","2021-06-13 22:00:00"
"899550",20,"120.8","2021-01-09 06:00:00"
"899604",20,"117.7","2021-01-09 06:15:00"
"899658",20,"124.6","2021-01-09 06:30:00"
"899712",20,"133.7","2021-01-09 06:45:00"
"899766",20,"113.3","2021-01-09 07:00:00"
"899912",20,"0","2021-07-24 07:30:00"
"899966",20,"0","2021-07-24 07:45:00"
"900020",20,"0","2021-07-24 08:00:00"
"900074",20,"0","2021-07-24 08:15:00"
"900128",20,"0","2021-07-24 08:30:00"
"901824",20,"104.7","2021-06-13 23:30:00"
"901878",20,"106.2","2021-06-13 23:45:00"
"901932",20,"105.4","2021-06-14 00:00:00"
"901986",20,"110.3","2021-06-14 00:15:00"
"902040",20,"102.9","2021-06-14 00:30:00"
"902094",20,"107.9","2021-06-14 00:45:00"
"902148",20,"107.1","2021-06-14 01:00:00"
"902202",20,"105.8","2021-06-14 01:15:00"
"904796",20,"108.2","2021-06-14 04:00:00"
"904850",20,"113.3","2021-06-14 04:15:00"
"903414",20,"83.8","2021-01-09 10:00:00"
"903468",20,"68.3","2021-01-09 10:15:00"
"903522",20,"34.4","2021-01-09 10:30:00"
"903576",20,"44.4","2021-01-09 10:45:00"
"903630",20,"75.9","2021-01-09 11:00:00"
"903684",20,"58","2021-01-09 11:15:00"
"903738",20,"58.4","2021-01-09 11:30:00"
"905066",20,"101.1","2021-06-14 05:15:00"
"905120",20,"99.3","2021-06-14 05:30:00"
"905174",20,"101.4","2021-06-14 05:45:00"
"905228",20,"104.4","2021-06-14 06:00:00"
"905282",20,"110.6","2021-06-14 06:15:00"
"905336",20,"118.8","2021-06-14 06:30:00"
"905390",20,"0","2021-06-14 06:45:00"
"905444",20,"0","2021-06-14 07:00:00"
"905498",20,"0","2021-06-14 07:15:00"
"905568",20,"0","2021-06-14 07:30:00"
"906626",20,"86.1","2021-07-24 17:00:00"
"906736",20,"93.5","2021-07-24 17:15:00"
"906845",20,"119.4","2021-07-24 17:30:00"
"906728",20,"31.9","2021-01-09 15:00:00"
"906835",20,"0.8","2021-01-09 15:15:00"
"906913",20,"358.2","2021-01-09 15:30:00"
"906991",20,"134.6","2021-07-24 17:45:00"
"907097",20,"139.3","2021-07-24 18:00:00"
"907013",20,"84.8","2021-01-09 15:45:00"
"907121",20,"13.4","2021-01-09 16:00:00"
"907666",20,"111.7","2021-07-24 20:15:00"
"907720",20,"106.6","2021-07-24 20:30:00"
"907774",20,"96.1","2021-07-24 20:45:00"
"909354",20,"0","2021-07-24 21:00:00"
"909471",20,"77.7","2021-07-24 21:15:00"
"907930",20,"98.1","2021-01-09 17:00:00"
"908012",20,"137.5","2021-01-09 17:15:00"
"908095",20,"143.7","2021-01-09 17:30:00"
"908169",20,"104.9","2021-01-09 17:45:00"
"908248",20,"145.5","2021-01-09 18:00:00"
"908735",20,"150.4","2021-01-09 19:30:00"
"908819",20,"139.5","2021-01-09 19:45:00"
"908905",20,"137.2","2021-01-09 20:00:00"
"908993",20,"121.9","2021-01-09 20:15:00"
"909079",20,"131.1","2021-01-09 20:30:00"
"909000",20,"118.5","2021-06-14 10:15:00"
"909134",20,"119.6","2021-06-14 10:30:00"
"909247",20,"98.7","2021-06-14 10:45:00"
"909177",20,"136.4","2021-01-09 20:45:00"
"910446",20,"131","2021-01-09 21:00:00"
"910617",20,"142.7","2021-01-09 21:15:00"
"909936",20,"131.7","2021-06-14 12:15:00"
"910029",20,"128.9","2021-06-14 12:30:00"
"910143",20,"135.6","2021-06-14 12:45:00"
"910079",20,"209.9","2021-07-24 22:45:00"
"910181",20,"228.6","2021-07-24 23:00:00"
"910287",20,"0","2021-07-24 23:15:00"
"910258",20,"129.7","2021-06-14 13:00:00"
"910466",20,"136.5","2021-06-14 13:15:00"
"910368",20,"0","2021-07-24 23:30:00"
"910434",20,"0","2021-07-24 23:45:00"
"911064",20,"86.5","2021-07-25 00:45:00"
"911195",20,"0","2021-07-25 01:00:00"
"911252",20,"96.8","2021-06-14 14:45:00"
"911416",20,"350.5","2021-06-14 15:00:00"
"911571",20,"22.4","2021-06-14 15:15:00"
"911352",20,"133.2","2021-01-09 22:00:00"
"911471",20,"120.3","2021-01-09 22:15:00"
"911555",20,"116.6","2021-01-09 22:30:00"
"911340",20,"78.8","2021-07-25 01:15:00"
"912800",20,"214.3","2021-07-25 01:30:00"
"912854",20,"256","2021-07-25 01:45:00"
"912712",20,"86.2","2021-06-14 17:30:00"
"912766",20,"79","2021-06-14 17:45:00"
"912924",20,"229.8","2021-07-25 02:00:00"
"913016",20,"248.4","2021-07-25 02:15:00"
"912976",20,"72.1","2021-06-14 18:00:00"
"913084",20,"0","2021-06-14 18:15:00"
"913183",20,"0","2021-06-14 18:30:00"
"913144",20,"270.8","2021-07-25 02:30:00"
"913247",20,"268.3","2021-07-25 02:45:00"
"913345",20,"269.2","2021-07-25 03:00:00"
"914417",20,"0","2021-06-14 21:15:00"
"914535",20,"0","2021-06-14 21:30:00"
"914492",20,"0","2021-07-25 05:45:00"
"914600",20,"0","2021-07-25 06:00:00"
"915826",20,"0","2021-07-25 06:15:00"
"914630",20,"0","2021-06-14 21:45:00"
"914684",20,"0","2021-06-14 22:00:00"
"914738",20,"0","2021-06-14 22:15:00"
"916792",20,"239.3","2021-06-14 22:30:00"
"916846",20,"266.5","2021-06-14 22:45:00"
"916900",20,"271.9","2021-06-14 23:00:00"
"914978",20,"98.9","2021-01-10 02:30:00"
"915032",20,"95.8","2021-01-10 02:45:00"
"915086",20,"95.2","2021-01-10 03:00:00"
"915140",20,"86.9","2021-01-10 03:15:00"
"915194",20,"80","2021-01-10 03:30:00"
"915248",20,"77.7","2021-01-10 03:45:00"
"915302",20,"88.8","2021-01-10 04:00:00"
"915356",20,"94.4","2021-01-10 04:15:00"
"920304",20,"268.4","2021-06-15 05:30:00"
"920358",20,"276.1","2021-06-15 05:45:00"
"920412",20,"283.3","2021-06-15 06:00:00"
"920466",20,"287.3","2021-06-15 06:15:00"
"920520",20,"0","2021-06-15 06:30:00"
"920574",20,"0","2021-06-15 06:45:00"
"920628",20,"0","2021-06-15 07:00:00"
"920682",20,"0","2021-06-15 07:15:00"
"920775",20,"0","2021-06-15 07:30:00"
"922790",20,"0","2021-06-15 07:45:00"
"922634",20,"73.4","2021-07-25 19:15:00"
"922688",20,"67","2021-07-25 19:30:00"
"922742",20,"69.8","2021-07-25 19:45:00"
"924796",20,"69.2","2021-07-25 20:00:00"
"924850",20,"71.1","2021-07-25 20:15:00"
"922844",20,"0","2021-06-15 08:00:00"
"922898",20,"0","2021-06-15 08:15:00"
"922952",20,"0","2021-06-15 08:30:00"
"923006",20,"0","2021-06-15 08:45:00"
"923060",20,"0","2021-06-15 09:00:00"
"924272",20,"231.1","2021-01-10 17:45:00"
"924326",20,"265.6","2021-01-10 18:00:00"
"924380",20,"0","2021-01-10 18:15:00"
"924434",20,"0","2021-01-10 18:30:00"
"924488",20,"0","2021-01-10 18:45:00"
"924542",20,"0","2021-01-10 19:00:00"
"924596",20,"0","2021-01-10 19:15:00"
"924650",20,"0","2021-01-10 19:30:00"
"924704",20,"0","2021-01-10 19:45:00"
"924758",20,"228","2021-01-10 20:00:00"
"926812",20,"225.2","2021-01-10 20:15:00"
"925978",20,"280.5","2021-06-15 13:15:00"
"926032",20,"237.9","2021-06-15 13:30:00"
"926086",20,"272.7","2021-06-15 13:45:00"
"926140",20,"317.5","2021-06-15 14:00:00"
"926194",20,"260.7","2021-06-15 14:15:00"
"926248",20,"220.7","2021-06-15 14:30:00"
"926302",20,"233.5","2021-06-15 14:45:00"
"926356",20,"279.3","2021-06-15 15:00:00"
"926410",20,"247.3","2021-06-15 15:15:00"
"926464",20,"255.7","2021-06-15 15:30:00"
"927514",20,"93.4","2021-01-10 23:30:00"
"927568",20,"109.5","2021-01-10 23:45:00"
"927622",20,"84.5","2021-01-11 00:00:00"
"927676",20,"106.1","2021-01-11 00:15:00"
"927730",20,"101.8","2021-01-11 00:30:00"
"929723",20,"99.2","2021-01-11 00:45:00"
"927876",20,"273","2021-07-26 01:00:00"
"927930",20,"0","2021-07-26 01:15:00"
"927984",20,"0","2021-07-26 01:30:00"
"928038",20,"267.6","2021-07-26 01:45:00"
"928092",20,"268.9","2021-07-26 02:00:00"
"929328",20,"262.9","2021-06-15 19:30:00"
"929382",20,"273.1","2021-06-15 19:45:00"
"929436",20,"263","2021-06-15 20:00:00"
"929490",20,"244.2","2021-06-15 20:15:00"
"929544",20,"264.6","2021-06-15 20:30:00"
"929598",20,"276.2","2021-06-15 20:45:00"
"929652",20,"274.9","2021-06-15 21:00:00"
"929706",20,"278.7","2021-06-15 21:15:00"
"929812",20,"117.1","2021-01-11 01:00:00"
"929892",20,"121.9","2021-01-11 01:15:00"
"930378",20,"125.3","2021-01-11 03:30:00"
"930432",20,"123.2","2021-01-11 03:45:00"
"930486",20,"112.7","2021-01-11 04:00:00"
"930540",20,"90.7","2021-01-11 04:15:00"
"930594",20,"79.9","2021-01-11 04:30:00"
"930648",20,"89.8","2021-01-11 04:45:00"
"930702",20,"102.9","2021-01-11 05:00:00"
"930756",20,"108.5","2021-01-11 05:15:00"
"932226",20,"104.4","2021-01-11 05:30:00"
"932392",20,"95.9","2021-01-11 05:45:00"
"932042",20,"268.8","2021-06-15 23:30:00"
"932126",20,"265","2021-06-15 23:45:00"
"932118",20,"0","2021-07-26 09:15:00"
"932333",20,"81.7","2021-07-26 09:30:00"
"932484",20,"74.1","2021-07-26 09:45:00"
"932248",20,"273.9","2021-06-16 00:00:00"
"932384",20,"261.9","2021-06-16 00:15:00"
"932554",20,"243.5","2021-06-16 00:30:00"
"932540",20,"89","2021-01-11 06:00:00"
"932626",20,"89.5","2021-01-11 06:15:00"
"932725",20,"0","2021-01-11 06:30:00"
"933620",20,"85.6","2021-01-11 09:15:00"
"933674",20,"77","2021-01-11 09:30:00"
"933728",20,"91.8","2021-01-11 09:45:00"
"933835",20,"78.6","2021-01-11 10:00:00"
"934003",20,"102.3","2021-01-11 10:15:00"
"934025",20,"0","2021-06-16 02:30:00"
"934149",20,"201","2021-06-16 02:45:00"
"934278",20,"262.6","2021-06-16 03:00:00"
"934178",20,"89.2","2021-01-11 10:30:00"
"934363",20,"107.4","2021-01-11 10:45:00"
"935441",20,"9.2","2021-07-26 12:30:00"
"935585",20,"353.9","2021-07-26 12:45:00"
"935536",20,"62.1","2021-01-11 12:30:00"
"935698",20,"67.5","2021-01-11 12:45:00"
"935708",20,"126.9","2021-06-16 05:15:00"
"935900",20,"142.6","2021-06-16 05:30:00"
"935750",20,"7.7","2021-07-26 13:00:00"
"935892",20,"354.1","2021-07-26 13:15:00"
"936047",20,"4.9","2021-07-26 13:30:00"
"937340",20,"346.3","2021-07-26 14:30:00"
"937550",20,"349.9","2021-07-26 14:45:00"
"936560",20,"133","2021-01-11 14:15:00"
"936684",20,"150.3","2021-01-11 14:30:00"
"936808",20,"140","2021-01-11 14:45:00"
"936671",20,"109.6","2021-06-16 06:30:00"
"936758",20,"102.3","2021-06-16 06:45:00"
"936862",20,"135.9","2021-01-11 15:00:00"
"936916",20,"155.7","2021-01-11 15:15:00"
"938063",20,"0","2021-06-16 07:45:00"
"938271",20,"0","2021-06-16 08:00:00"
"938301",20,"93.4","2021-01-11 19:15:00"
"938385",20,"0","2021-06-16 08:15:00"
"938441",20,"354.2","2021-07-26 16:00:00"
"938545",20,"346","2021-07-26 16:15:00"
"938653",20,"350.3","2021-07-26 16:30:00"
"938505",20,"0","2021-06-16 08:30:00"
"938613",20,"0","2021-06-16 08:45:00"
"938722",20,"53","2021-06-16 09:00:00"
"939834",20,"86.6","2021-01-11 19:30:00"
"939888",20,"73.9","2021-01-11 19:45:00"
"939942",20,"66.6","2021-01-11 20:00:00"
"939996",20,"65.6","2021-01-11 20:15:00"
"940050",20,"63.5","2021-01-11 20:30:00"
"940104",20,"66.5","2021-01-11 20:45:00"
"940158",20,"0","2021-01-11 21:00:00"
"940212",20,"0","2021-01-11 21:15:00"
"940266",20,"0","2021-01-11 21:30:00"
"940320",20,"0","2021-01-11 21:45:00"
"941398",20,"104.3","2021-06-16 13:00:00"
"941474",20,"50.6","2021-06-16 13:15:00"
"941554",20,"50.1","2021-06-16 13:30:00"
"941607",20,"327.2","2021-07-26 20:45:00"
"941800",20,"327.9","2021-07-26 21:00:00"
"941647",20,"30.8","2021-06-16 13:45:00"
"941714",20,"79.4","2021-06-16 14:00:00"
"941791",20,"57.5","2021-06-16 14:15:00"
"941862",20,"41.4","2021-06-16 14:30:00"
"941938",20,"51.1","2021-06-16 14:45:00"
"943810",20,"188.6","2021-06-16 16:15:00"
"943864",20,"0","2021-06-16 16:30:00"
"942520",20,"261.2","2021-07-26 22:30:00"
"942574",20,"0","2021-07-26 22:45:00"
"942628",20,"0","2021-07-26 23:00:00"
"942682",20,"55.7","2021-07-26 23:15:00"
"942736",20,"145.5","2021-07-26 23:30:00"
"942914",20,"264.2","2021-01-12 00:30:00"
"942968",20,"268.9","2021-01-12 00:45:00"
"943022",20,"0","2021-01-12 01:00:00"
"944242",20,"76.7","2021-06-16 18:15:00"
"944296",20,"73.6","2021-06-16 18:30:00"
"944350",20,"61.7","2021-06-16 18:45:00"
"944404",20,"50.7","2021-06-16 19:00:00"
"944458",20,"52.4","2021-06-16 19:15:00"
"944512",20,"0","2021-06-16 19:30:00"
"944661",20,"31.1","2021-06-16 19:45:00"
"944676",20,"73.7","2021-01-12 05:00:00"
"944758",20,"75.1","2021-01-12 05:15:00"
"946384",20,"0","2021-07-27 02:30:00"
"946438",20,"0","2021-07-27 02:45:00"
"946492",20,"0","2021-07-27 03:00:00"
"946546",20,"0","2021-07-27 03:15:00"
"946600",20,"155.7","2021-07-27 03:30:00"
"946654",20,"155.7","2021-07-27 03:45:00"
"946708",20,"154","2021-07-27 04:00:00"
"946762",20,"149.4","2021-07-27 04:15:00"
"947265",20,"157.7","2021-07-27 04:30:00"
"947360",20,"259.3","2021-07-27 04:45:00"
"948046",20,"88.8","2021-07-27 06:30:00"
"948140",20,"87.3","2021-07-27 06:45:00"
"948259",20,"106.7","2021-07-27 07:00:00"
"948130",20,"88.1","2021-01-12 13:00:00"
"948227",20,"97.5","2021-01-12 13:15:00"
"948367",20,"101.9","2021-07-27 07:15:00"
"948464",20,"93.7","2021-07-27 07:30:00"
"948336",20,"156.5","2021-01-12 13:30:00"
"948445",20,"32.3","2021-01-12 13:45:00"
"948830",20,"117.7","2021-01-12 14:00:00"
"949725",20,"318","2021-07-27 10:30:00"
"949831",20,"248.5","2021-07-27 10:45:00"
"949777",20,"271","2021-01-12 16:45:00"
"949900",20,"288.8","2021-01-12 17:00:00"
"950042",20,"277","2021-01-12 17:15:00"
"949932",20,"274.5","2021-07-27 11:00:00"
"950014",20,"280.3","2021-07-27 11:15:00"
"950105",20,"265.2","2021-07-27 11:30:00"
"950165",20,"285.6","2021-01-12 17:30:00"
"950265",20,"268.2","2021-01-12 17:45:00"
"951411",20,"174","2021-01-12 20:00:00"
"906025",20,"126.5","2021-06-14 08:30:00"
"908039",20,"121.5","2021-06-14 08:45:00"
"907213",20,"132","2021-07-24 18:15:00"
"907288",20,"122.1","2021-07-24 18:30:00"
"907342",20,"115.8","2021-07-24 18:45:00"
"907222",20,"88.3","2021-01-09 16:15:00"
"907818",20,"88","2021-01-09 16:30:00"
"907872",20,"85","2021-01-09 16:45:00"
"907396",20,"109.6","2021-07-24 19:00:00"
"907450",20,"110","2021-07-24 19:15:00"
"907504",20,"114.1","2021-07-24 19:30:00"
"907558",20,"112.4","2021-07-24 19:45:00"
"907612",20,"110.5","2021-07-24 20:00:00"
"908213",20,"120.6","2021-06-14 09:00:00"
"908393",20,"118.6","2021-06-14 09:15:00"
"908536",20,"118.3","2021-06-14 09:30:00"
"908323",20,"143.6","2021-01-09 18:15:00"
"908403",20,"144.7","2021-01-09 18:30:00"
"908484",20,"143.7","2021-01-09 18:45:00"
"908574",20,"150.3","2021-01-09 19:00:00"
"908647",20,"147.5","2021-01-09 19:15:00"
"908705",20,"122.6","2021-06-14 09:45:00"
"908848",20,"122","2021-06-14 10:00:00"
"909357",20,"92.6","2021-06-14 11:00:00"
"909456",20,"94.5","2021-06-14 11:15:00"
"909562",20,"108.3","2021-06-14 11:30:00"
"909578",20,"74.7","2021-07-24 21:30:00"
"909677",20,"65.7","2021-07-24 21:45:00"
"909771",20,"66","2021-07-24 22:00:00"
"909683",20,"109.5","2021-06-14 11:45:00"
"909797",20,"137","2021-06-14 12:00:00"
"909861",20,"80.9","2021-07-24 22:15:00"
"909963",20,"96.7","2021-07-24 22:30:00"
"910599",20,"156.2","2021-06-14 13:30:00"
"910698",20,"113","2021-06-14 13:45:00"
"910840",20,"88.6","2021-06-14 14:00:00"
"910613",20,"0","2021-07-25 00:00:00"
"910772",20,"0","2021-07-25 00:15:00"
"910918",20,"0","2021-07-25 00:30:00"
"910864",20,"140.8","2021-01-09 21:30:00"
"911108",20,"0","2021-01-09 21:45:00"
"910975",20,"0","2021-06-14 14:15:00"
"911117",20,"108.2","2021-06-14 14:30:00"
"911637",20,"103","2021-01-09 22:45:00"
"911717",20,"99","2021-01-09 23:00:00"
"911732",20,"41","2021-06-14 15:30:00"
"911885",20,"118.6","2021-06-14 15:45:00"
"911798",20,"94.6","2021-01-09 23:15:00"
"911883",20,"94.8","2021-01-09 23:30:00"
"911962",20,"92.3","2021-01-09 23:45:00"
"912045",20,"104.6","2021-01-10 00:00:00"
"912122",20,"124.4","2021-01-10 00:15:00"
"913855",20,"272.3","2021-06-14 20:00:00"
"913996",20,"272.6","2021-06-14 20:15:00"
"913958",20,"274.8","2021-07-25 04:30:00"
"914052",20,"273.1","2021-07-25 04:45:00"
"914152",20,"251.5","2021-07-25 05:00:00"
"914113",20,"278.2","2021-06-14 20:30:00"
"914235",20,"272.7","2021-06-14 20:45:00"
"914326",20,"274.6","2021-06-14 21:00:00"
"914250",20,"260.9","2021-07-25 05:15:00"
"914387",20,"237.5","2021-07-25 05:30:00"
"915410",20,"88.5","2021-01-10 04:30:00"
"915464",20,"100.2","2021-01-10 04:45:00"
"915518",20,"96.4","2021-01-10 05:00:00"
"915572",20,"91.8","2021-01-10 05:15:00"
"915626",20,"106.2","2021-01-10 05:30:00"
"915680",20,"0","2021-01-10 05:45:00"
"915734",20,"140.5","2021-01-10 06:00:00"
"915880",20,"0","2021-07-25 06:30:00"
"915934",20,"228.1","2021-07-25 06:45:00"
"916582",20,"53.2","2021-07-25 09:45:00"
"916636",20,"76.3","2021-07-25 10:00:00"
"916690",20,"48.2","2021-07-25 10:15:00"
"916744",20,"40.3","2021-07-25 10:30:00"
"918798",20,"49.2","2021-07-25 10:45:00"
"916954",20,"264.2","2021-06-14 23:15:00"
"917008",20,"267.1","2021-06-14 23:30:00"
"917062",20,"268","2021-06-14 23:45:00"
"917116",20,"271.3","2021-06-15 00:00:00"
"917170",20,"276.4","2021-06-15 00:15:00"
"917666",20,"135.8","2021-01-10 06:15:00"
"917756",20,"126.2","2021-01-10 06:30:00"
"917844",20,"123.3","2021-01-10 06:45:00"
"917957",20,"272.5","2021-06-15 03:00:00"
"919818",20,"269","2021-06-15 03:15:00"
"917921",20,"120.9","2021-01-10 07:00:00"
"918002",20,"126.2","2021-01-10 07:15:00"
"918058",20,"123.3","2021-01-10 07:30:00"
"918112",20,"115.5","2021-01-10 07:45:00"
"918166",20,"103.6","2021-01-10 08:00:00"
"918760",20,"108","2021-01-10 10:45:00"
"920765",20,"46.5","2021-01-10 11:00:00"
"920868",20,"111","2021-01-10 11:15:00"
"918852",20,"50.3","2021-07-25 11:00:00"
"918906",20,"39.2","2021-07-25 11:15:00"
"918960",20,"17.6","2021-07-25 11:30:00"
"919014",20,"25.7","2021-07-25 11:45:00"
"919068",20,"29.7","2021-07-25 12:00:00"
"919122",20,"34.2","2021-07-25 12:15:00"
"919176",20,"34.6","2021-07-25 12:30:00"
"921824",20,"9.9","2021-07-25 15:30:00"
"921878",20,"28.2","2021-07-25 15:45:00"
"919872",20,"269.4","2021-06-15 03:30:00"
"919926",20,"266.6","2021-06-15 03:45:00"
"919980",20,"265","2021-06-15 04:00:00"
"920034",20,"275.1","2021-06-15 04:15:00"
"920088",20,"0","2021-06-15 04:30:00"
"920142",20,"0","2021-06-15 04:45:00"
"920196",20,"0","2021-06-15 05:00:00"
"920250",20,"0","2021-06-15 05:15:00"
"921462",20,"192.5","2021-01-10 14:00:00"
"921516",20,"210.7","2021-01-10 14:15:00"
"921570",20,"179.9","2021-01-10 14:30:00"
"921624",20,"226.8","2021-01-10 14:45:00"
"921678",20,"225.1","2021-01-10 15:00:00"
"921732",20,"263.9","2021-01-10 15:15:00"
"923786",20,"263.5","2021-01-10 15:30:00"
"923840",20,"254.7","2021-01-10 15:45:00"
"921932",20,"32.1","2021-07-25 16:00:00"
"921986",20,"42.5","2021-07-25 16:15:00"
"922040",20,"47.8","2021-07-25 16:30:00"
"923114",20,"0","2021-06-15 09:15:00"
"923168",20,"0","2021-06-15 09:30:00"
"923222",20,"158.9","2021-06-15 09:45:00"
"923276",20,"153.1","2021-06-15 10:00:00"
"923330",20,"163.9","2021-06-15 10:15:00"
"923384",20,"166.5","2021-06-15 10:30:00"
"923438",20,"192.6","2021-06-15 10:45:00"
"923492",20,"341.8","2021-06-15 11:00:00"
"923546",20,"64.1","2021-06-15 11:15:00"
"923600",20,"196.5","2021-06-15 11:30:00"
"923654",20,"171.3","2021-06-15 11:45:00"
"924904",20,"76.6","2021-07-25 20:30:00"
"924958",20,"79.4","2021-07-25 20:45:00"
"925012",20,"121.6","2021-07-25 21:00:00"
"925066",20,"135.8","2021-07-25 21:15:00"
"925120",20,"143.9","2021-07-25 21:30:00"
"925174",20,"149.5","2021-07-25 21:45:00"
"925228",20,"160.2","2021-07-25 22:00:00"
"925282",20,"0","2021-07-25 22:15:00"
"925336",20,"0","2021-07-25 22:30:00"
"925390",20,"0","2021-07-25 22:45:00"
"926518",20,"254.3","2021-06-15 15:45:00"
"926572",20,"257.8","2021-06-15 16:00:00"
"926626",20,"257.5","2021-06-15 16:15:00"
"926680",20,"239.9","2021-06-15 16:30:00"
"926734",20,"236","2021-06-15 16:45:00"
"928788",20,"228.5","2021-06-15 17:00:00"
"928842",20,"229.5","2021-06-15 17:15:00"
"928896",20,"208","2021-06-15 17:30:00"
"926866",20,"236.7","2021-01-10 20:30:00"
"926920",20,"0","2021-01-10 20:45:00"
"928146",20,"238.8","2021-07-26 02:15:00"
"928200",20,"236.7","2021-07-26 02:30:00"
"928254",20,"221.7","2021-07-26 02:45:00"
"928308",20,"0","2021-07-26 03:00:00"
"928362",20,"0","2021-07-26 03:15:00"
"928416",20,"0","2021-07-26 03:30:00"
"928470",20,"0","2021-07-26 03:45:00"
"928524",20,"259.5","2021-07-26 04:00:00"
"928578",20,"267.2","2021-07-26 04:15:00"
"928632",20,"0","2021-07-26 04:30:00"
"929830",20,"279.1","2021-06-15 21:30:00"
"931485",20,"279.8","2021-06-15 21:45:00"
"931565",20,"282.6","2021-06-15 22:00:00"
"929946",20,"117.7","2021-01-11 01:30:00"
"930000",20,"117.9","2021-01-11 01:45:00"
"930054",20,"105.4","2021-01-11 02:00:00"
"930108",20,"99.9","2021-01-11 02:15:00"
"930162",20,"98.2","2021-01-11 02:30:00"
"930216",20,"97.5","2021-01-11 02:45:00"
"930270",20,"93.6","2021-01-11 03:00:00"
"930324",20,"103.4","2021-01-11 03:15:00"
"931388",20,"277.2","2021-07-26 08:00:00"
"931457",20,"281.6","2021-07-26 08:15:00"
"931615",20,"0","2021-07-26 08:30:00"
"931644",20,"282.8","2021-06-15 22:15:00"
"931729",20,"278.1","2021-06-15 22:30:00"
"931778",20,"0","2021-07-26 08:45:00"
"931944",20,"0","2021-07-26 09:00:00"
"931813",20,"278.8","2021-06-15 22:45:00"
"931892",20,"278.8","2021-06-15 23:00:00"
"931969",20,"275.5","2021-06-15 23:15:00"
"933053",20,"108.8","2021-01-11 07:15:00"
"933158",20,"117.9","2021-01-11 07:30:00"
"933259",20,"123.7","2021-01-11 07:45:00"
"933236",20,"259.8","2021-06-16 02:00:00"
"933854",20,"173.7","2021-06-16 02:15:00"
"933350",20,"115","2021-01-11 08:00:00"
"933404",20,"114.2","2021-01-11 08:15:00"
"933458",20,"93.3","2021-01-11 08:30:00"
"933512",20,"91.3","2021-01-11 08:45:00"
"933566",20,"98.7","2021-01-11 09:00:00"
"934901",20,"248.2","2021-06-16 04:00:00"
"935051",20,"136.8","2021-06-16 04:15:00"
"934960",20,"18","2021-07-26 11:45:00"
"935108",20,"3","2021-07-26 12:00:00"
"935275",20,"10.7","2021-07-26 12:15:00"
"935034",20,"82","2021-01-11 11:45:00"
"935220",20,"89.8","2021-01-11 12:00:00"
"935364",20,"101.8","2021-01-11 12:15:00"
"935189",20,"130.6","2021-06-16 04:30:00"
"935369",20,"124.4","2021-06-16 04:45:00"
"935526",20,"127","2021-06-16 05:00:00"
"936970",20,"208.3","2021-01-11 15:30:00"
"937024",20,"126.4","2021-01-11 15:45:00"
"937078",20,"174.4","2021-01-11 16:00:00"
"937132",20,"189.5","2021-01-11 16:15:00"
"937186",20,"158.1","2021-01-11 16:30:00"
"937240",20,"138.2","2021-01-11 16:45:00"
"937294",20,"173.1","2021-01-11 17:00:00"
"937388",20,"189","2021-01-11 17:15:00"
"937451",20,"0","2021-06-16 07:00:00"
"937670",20,"0","2021-06-16 07:15:00"
"937854",20,"0","2021-06-16 07:30:00"
"938756",20,"356.3","2021-07-26 16:45:00"
"938859",20,"354.7","2021-07-26 17:00:00"
"938965",20,"3.6","2021-07-26 17:15:00"
"938839",20,"94.1","2021-06-16 09:15:00"
"938948",20,"157.3","2021-06-16 09:30:00"
"939055",20,"357.2","2021-07-26 17:30:00"
"939141",20,"27","2021-07-26 17:45:00"
"939088",20,"91.6","2021-06-16 09:45:00"
"939210",20,"106.4","2021-06-16 10:00:00"
"939300",20,"79.5","2021-06-16 10:15:00"
"940374",20,"0","2021-01-11 22:00:00"
"940428",20,"0","2021-01-11 22:15:00"
"940482",20,"0","2021-01-11 22:30:00"
"940536",20,"0","2021-01-11 22:45:00"
"940590",20,"0","2021-01-11 23:00:00"
"940644",20,"0","2021-01-11 23:15:00"
"940698",20,"0","2021-01-11 23:30:00"
"940752",20,"0","2021-01-11 23:45:00"
"942806",20,"0","2021-01-12 00:00:00"
"942860",20,"274.9","2021-01-12 00:15:00"
"941993",20,"282.3","2021-07-26 21:15:00"
"942155",20,"339.6","2021-07-26 21:30:00"
"942299",20,"2","2021-07-26 21:45:00"
"942017",20,"76","2021-06-16 15:00:00"
"942101",20,"120.9","2021-06-16 15:15:00"
"942184",20,"186.9","2021-06-16 15:30:00"
"942267",20,"117.1","2021-06-16 15:45:00"
"942354",20,"134.8","2021-06-16 16:00:00"
"942412",20,"324.1","2021-07-26 22:00:00"
"942466",20,"295.5","2021-07-26 22:15:00"
"943616",20,"108.8","2021-01-12 03:45:00"
"943670",20,"96","2021-01-12 04:00:00"
"943724",20,"92.3","2021-01-12 04:15:00"
"943778",20,"92.5","2021-01-12 04:30:00"
"944593",20,"80.5","2021-01-12 04:45:00"
"943918",20,"0","2021-06-16 16:45:00"
"943972",20,"76.8","2021-06-16 17:00:00"
"944026",20,"0","2021-06-16 17:15:00"
"944080",20,"70.2","2021-06-16 17:30:00"
"944134",20,"75.9","2021-06-16 17:45:00"
"944188",20,"83.2","2021-06-16 18:00:00"
"945209",20,"96.9","2021-07-26 23:45:00"
"945303",20,"224.3","2021-07-27 00:00:00"
"945422",20,"0","2021-07-27 00:15:00"
"945450",20,"163.1","2021-01-12 07:00:00"
"945549",20,"117.7","2021-01-12 07:15:00"
"945537",20,"0","2021-07-27 00:30:00"
"945655",20,"0","2021-07-27 00:45:00"
"945649",20,"116.3","2021-01-12 07:30:00"
"945744",20,"115.2","2021-01-12 07:45:00"
"945860",20,"93","2021-01-12 08:00:00"
"946858",20,"68.7","2021-01-12 09:30:00"
"946912",20,"79.6","2021-01-12 09:45:00"
"946966",20,"85.8","2021-01-12 10:00:00"
"947020",20,"71","2021-01-12 10:15:00"
"947074",20,"41.4","2021-01-12 10:30:00"
"947128",20,"67.7","2021-01-12 10:45:00"
"947183",20,"90.1","2021-01-12 11:00:00"
"947287",20,"41.1","2021-01-12 11:15:00"
"947400",20,"39.8","2021-01-12 11:30:00"
"947543",20,"352","2021-01-12 11:45:00"
"948518",20,"100.3","2021-07-27 07:45:00"
"948572",20,"0","2021-07-27 08:00:00"
"948626",20,"67.8","2021-07-27 08:15:00"
"948680",20,"0","2021-07-27 08:30:00"
"948734",20,"0","2021-07-27 08:45:00"
"948884",20,"50.3","2021-01-12 14:15:00"
"948938",20,"27.7","2021-01-12 14:30:00"
"948992",20,"321.2","2021-01-12 14:45:00"
"949047",20,"52.9","2021-01-12 15:00:00"
"949151",20,"297.4","2021-01-12 15:15:00"
"950205",20,"246.3","2021-07-27 11:45:00"
"950316",20,"240.2","2021-07-27 12:00:00"
"950383",20,"270.2","2021-01-12 18:00:00"
"950504",20,"212.3","2021-01-12 18:15:00"
"950802",20,"0","2021-01-12 18:30:00"
"950418",20,"238","2021-07-27 12:15:00"
"951527",20,"199.2","2021-01-12 20:15:00"
"951344",20,"247.2","2021-07-27 14:45:00"
"951448",20,"238.3","2021-07-27 15:00:00"
"951543",20,"233.9","2021-07-27 15:15:00"
"951654",20,"230","2021-07-27 15:30:00"
"951768",20,"234.7","2021-07-27 15:45:00"
"951886",20,"239.3","2021-07-27 16:00:00"
"951637",20,"0","2021-01-12 20:30:00"
"951735",20,"0","2021-01-12 20:45:00"
"951843",20,"233","2021-01-12 21:00:00"
"957432",20,"218.8","2021-07-28 06:30:00"
"957486",20,"228.2","2021-07-28 06:45:00"
"957540",20,"225.2","2021-07-28 07:00:00"
"957594",20,"224.7","2021-07-28 07:15:00"
"957648",20,"237","2021-07-28 07:30:00"
"957702",20,"227.1","2021-07-28 07:45:00"
"957756",20,"234.9","2021-07-28 08:00:00"
"958810",20,"236.8","2021-07-28 08:15:00"
"957826",20,"101.2","2021-01-13 08:30:00"
"957880",20,"100.3","2021-01-13 08:45:00"
"958972",20,"206.5","2021-07-28 09:00:00"
"959026",20,"212.2","2021-07-28 09:15:00"
"959080",20,"197.7","2021-07-28 09:30:00"
"959134",20,"215.8","2021-07-28 09:45:00"
"959188",20,"191.7","2021-07-28 10:00:00"
"959242",20,"219","2021-07-28 10:15:00"
"959296",20,"215.9","2021-07-28 10:30:00"
"959350",20,"205","2021-07-28 10:45:00"
"959404",20,"213.8","2021-07-28 11:00:00"
"915988",20,"229.1","2021-07-25 07:00:00"
"916042",20,"0","2021-07-25 07:15:00"
"916096",20,"0","2021-07-25 07:30:00"
"916150",20,"0","2021-07-25 07:45:00"
"916204",20,"0","2021-07-25 08:00:00"
"916258",20,"0","2021-07-25 08:15:00"
"916312",20,"0","2021-07-25 08:30:00"
"916366",20,"0","2021-07-25 08:45:00"
"916420",20,"0","2021-07-25 09:00:00"
"916474",20,"100","2021-07-25 09:15:00"
"916528",20,"51","2021-07-25 09:30:00"
"917224",20,"280.6","2021-06-15 00:30:00"
"917278",20,"272.5","2021-06-15 00:45:00"
"917332",20,"280.6","2021-06-15 01:00:00"
"917386",20,"274.7","2021-06-15 01:15:00"
"917440",20,"278.9","2021-06-15 01:30:00"
"917494",20,"279","2021-06-15 01:45:00"
"917548",20,"270.6","2021-06-15 02:00:00"
"917602",20,"273.3","2021-06-15 02:15:00"
"917657",20,"257.2","2021-06-15 02:30:00"
"917791",20,"264.5","2021-06-15 02:45:00"
"918220",20,"105.5","2021-01-10 08:15:00"
"918274",20,"117.4","2021-01-10 08:30:00"
"918328",20,"115.7","2021-01-10 08:45:00"
"918382",20,"128.2","2021-01-10 09:00:00"
"918436",20,"104.9","2021-01-10 09:15:00"
"918490",20,"105.8","2021-01-10 09:30:00"
"918544",20,"70.3","2021-01-10 09:45:00"
"918598",20,"79.4","2021-01-10 10:00:00"
"918652",20,"87.4","2021-01-10 10:15:00"
"918706",20,"101.2","2021-01-10 10:30:00"
"919230",20,"22.3","2021-07-25 12:45:00"
"919284",20,"8.6","2021-07-25 13:00:00"
"919338",20,"24.4","2021-07-25 13:15:00"
"919392",20,"15.9","2021-07-25 13:30:00"
"919446",20,"17.3","2021-07-25 13:45:00"
"919500",20,"1.8","2021-07-25 14:00:00"
"919554",20,"26.3","2021-07-25 14:15:00"
"919608",20,"10.3","2021-07-25 14:30:00"
"919662",20,"23.8","2021-07-25 14:45:00"
"919716",20,"27.6","2021-07-25 15:00:00"
"919770",20,"344.3","2021-07-25 15:15:00"
"920922",20,"126.2","2021-01-10 11:30:00"
"920976",20,"28.1","2021-01-10 11:45:00"
"921030",20,"183","2021-01-10 12:00:00"
"921084",20,"209.7","2021-01-10 12:15:00"
"921138",20,"201.7","2021-01-10 12:30:00"
"921192",20,"259.4","2021-01-10 12:45:00"
"921246",20,"242.1","2021-01-10 13:00:00"
"921300",20,"234.6","2021-01-10 13:15:00"
"921354",20,"150.6","2021-01-10 13:30:00"
"921408",20,"195.8","2021-01-10 13:45:00"
"922094",20,"53.2","2021-07-25 16:45:00"
"922148",20,"45.3","2021-07-25 17:00:00"
"922202",20,"50.8","2021-07-25 17:15:00"
"922256",20,"54.7","2021-07-25 17:30:00"
"922310",20,"60.2","2021-07-25 17:45:00"
"922364",20,"64","2021-07-25 18:00:00"
"922418",20,"69.1","2021-07-25 18:15:00"
"922472",20,"70.2","2021-07-25 18:30:00"
"922526",20,"68.5","2021-07-25 18:45:00"
"922580",20,"70.4","2021-07-25 19:00:00"
"923708",20,"304.2","2021-06-15 12:00:00"
"923762",20,"255.1","2021-06-15 12:15:00"
"923894",20,"243.9","2021-01-10 16:00:00"
"923948",20,"232.3","2021-01-10 16:15:00"
"924002",20,"225.1","2021-01-10 16:30:00"
"924056",20,"199.2","2021-01-10 16:45:00"
"924110",20,"177.6","2021-01-10 17:00:00"
"924164",20,"182.6","2021-01-10 17:15:00"
"924218",20,"173.9","2021-01-10 17:30:00"
"925444",20,"0","2021-07-25 23:00:00"
"925498",20,"0","2021-07-25 23:15:00"
"925552",20,"0","2021-07-25 23:30:00"
"925606",20,"0","2021-07-25 23:45:00"
"925660",20,"0","2021-07-26 00:00:00"
"925714",20,"0","2021-07-26 00:15:00"
"925768",20,"271","2021-07-26 00:30:00"
"927822",20,"274.2","2021-07-26 00:45:00"
"925816",20,"262.6","2021-06-15 12:30:00"
"925870",20,"256.4","2021-06-15 12:45:00"
"925924",20,"277.2","2021-06-15 13:00:00"
"926974",20,"0","2021-01-10 21:00:00"
"927028",20,"89.9","2021-01-10 21:15:00"
"927082",20,"74.7","2021-01-10 21:30:00"
"927136",20,"80.3","2021-01-10 21:45:00"
"927190",20,"104","2021-01-10 22:00:00"
"927244",20,"103.9","2021-01-10 22:15:00"
"927298",20,"106.6","2021-01-10 22:30:00"
"927352",20,"119","2021-01-10 22:45:00"
"927406",20,"115.8","2021-01-10 23:00:00"
"927460",20,"105.5","2021-01-10 23:15:00"
"928686",20,"0","2021-07-26 04:45:00"
"928740",20,"0","2021-07-26 05:00:00"
"930794",20,"0","2021-07-26 05:15:00"
"928950",20,"210.8","2021-06-15 17:45:00"
"929004",20,"215.6","2021-06-15 18:00:00"
"929058",20,"209.5","2021-06-15 18:15:00"
"929112",20,"214.7","2021-06-15 18:30:00"
"929166",20,"0","2021-06-15 18:45:00"
"929220",20,"232.8","2021-06-15 19:00:00"
"929274",20,"248.6","2021-06-15 19:15:00"
"930848",20,"275.6","2021-07-26 05:30:00"
"930902",20,"269.3","2021-07-26 05:45:00"
"930956",20,"275.8","2021-07-26 06:00:00"
"931010",20,"263.7","2021-07-26 06:15:00"
"931064",20,"263.9","2021-07-26 06:30:00"
"931118",20,"270","2021-07-26 06:45:00"
"931172",20,"272.9","2021-07-26 07:00:00"
"931226",20,"0","2021-07-26 07:15:00"
"931280",20,"0","2021-07-26 07:30:00"
"931334",20,"271.3","2021-07-26 07:45:00"
"933820",20,"40.2","2021-07-26 10:00:00"
"933962",20,"46.6","2021-07-26 10:15:00"
"932689",20,"254.3","2021-06-16 00:45:00"
"932805",20,"258.5","2021-06-16 01:00:00"
"932825",20,"0","2021-01-11 06:45:00"
"932941",20,"0","2021-01-11 07:00:00"
"932906",20,"275.3","2021-06-16 01:15:00"
"933014",20,"262.7","2021-06-16 01:30:00"
"933121",20,"273.5","2021-06-16 01:45:00"
"934127",20,"54.3","2021-07-26 10:30:00"
"934280",20,"42.3","2021-07-26 10:45:00"
"934460",20,"31.2","2021-07-26 11:00:00"
"934437",20,"243.9","2021-06-16 03:15:00"
"934589",20,"218.2","2021-06-16 03:30:00"
"934737",20,"222.4","2021-06-16 03:45:00"
"934624",20,"22.7","2021-07-26 11:15:00"
"934788",20,"14.9","2021-07-26 11:30:00"
"934522",20,"103.7","2021-01-11 11:00:00"
"934707",20,"80.3","2021-01-11 11:15:00"
"934870",20,"99.1","2021-01-11 11:30:00"
"935854",20,"96.7","2021-01-11 13:00:00"
"935986",20,"99","2021-01-11 13:15:00"
"936115",20,"102.8","2021-01-11 13:30:00"
"936148",20,"131.1","2021-06-16 05:45:00"
"936383",20,"127.1","2021-06-16 06:00:00"
"936559",20,"109.4","2021-06-16 06:15:00"
"936180",20,"357.3","2021-07-26 13:45:00"
"936306",20,"357","2021-07-26 14:00:00"
"936456",20,"344.7","2021-07-26 14:15:00"
"936253",20,"98","2021-01-11 13:45:00"
"936406",20,"118.1","2021-01-11 14:00:00"
"937492",20,"161.1","2021-01-11 17:30:00"
"937596",20,"177.4","2021-01-11 17:45:00"
"937725",20,"167.2","2021-01-11 18:00:00"
"937743",20,"3.8","2021-07-26 15:00:00"
"937846",20,"152.7","2021-01-11 18:15:00"
"937955",20,"164.9","2021-01-11 18:30:00"
"938065",20,"157.2","2021-01-11 18:45:00"
"938179",20,"104","2021-01-11 19:00:00"
"937968",20,"352.5","2021-07-26 15:15:00"
"938166",20,"357.1","2021-07-26 15:30:00"
"938333",20,"1.7000000000000002","2021-07-26 15:45:00"
"939252",20,"26.3","2021-07-26 18:00:00"
"939366",20,"18.4","2021-07-26 18:15:00"
"939485",20,"13.3","2021-07-26 18:30:00"
"939409",20,"73.4","2021-06-16 10:30:00"
"939512",20,"67.5","2021-06-16 10:45:00"
"939584",20,"7","2021-07-26 18:45:00"
"939688",20,"5.1","2021-07-26 19:00:00"
"939630",20,"83.5","2021-06-16 11:00:00"
"939730",20,"94.8","2021-06-16 11:15:00"
"940905",20,"103.5","2021-06-16 11:30:00"
"940818",20,"357.3","2021-07-26 19:15:00"
"940872",20,"346","2021-07-26 19:30:00"
"940967",20,"347.1","2021-07-26 19:45:00"
"940991",20,"46.2","2021-06-16 11:45:00"
"941068",20,"74.6","2021-06-16 12:00:00"
"941161",20,"91.1","2021-06-16 12:15:00"
"941111",20,"297.1","2021-07-26 20:00:00"
"941280",20,"302.8","2021-07-26 20:15:00"
"941460",20,"295","2021-07-26 20:30:00"
"941241",20,"106.1","2021-06-16 12:30:00"
"941318",20,"106.6","2021-06-16 12:45:00"
"943076",20,"0","2021-01-12 01:15:00"
"943130",20,"0","2021-01-12 01:30:00"
"943184",20,"0","2021-01-12 01:45:00"
"943238",20,"0","2021-01-12 02:00:00"
"943292",20,"0","2021-01-12 02:15:00"
"943346",20,"163.4","2021-01-12 02:30:00"
"943400",20,"127.5","2021-01-12 02:45:00"
"943454",20,"116","2021-01-12 03:00:00"
"943508",20,"121.3","2021-01-12 03:15:00"
"943562",20,"123.7","2021-01-12 03:30:00"
"944822",20,"24.7","2021-06-16 20:00:00"
"944978",20,"0","2021-06-16 20:15:00"
"945086",20,"283.3","2021-06-16 20:30:00"
"944842",20,"74.4","2021-01-12 05:30:00"
"944920",20,"0","2021-01-12 05:45:00"
"945004",20,"83","2021-01-12 06:00:00"
"945156",20,"84.6","2021-01-12 06:15:00"
"945227",20,"170.4","2021-01-12 06:30:00"
"945342",20,"178.4","2021-01-12 06:45:00"
"945775",20,"0","2021-07-27 01:00:00"
"945873",20,"0","2021-07-27 01:15:00"
"945984",20,"48.7","2021-07-27 01:30:00"
"945968",20,"88.8","2021-01-12 08:15:00"
"946060",20,"96.3","2021-01-12 08:30:00"
"946117",20,"60.3","2021-07-27 01:45:00"
"946223",20,"258.1","2021-07-27 02:00:00"
"946330",20,"295.4","2021-07-27 02:15:00"
"946158",20,"96.1","2021-01-12 08:45:00"
"946258",20,"85","2021-01-12 09:00:00"
"946804",20,"69.9","2021-01-12 09:15:00"
"947453",20,"197.1","2021-07-27 05:00:00"
"947541",20,"0","2021-07-27 05:15:00"
"947669",20,"40.3","2021-01-12 12:00:00"
"947788",20,"36.1","2021-01-12 12:15:00"
"947892",20,"104.5","2021-01-12 12:30:00"
"947627",20,"0","2021-07-27 05:30:00"
"947733",20,"34.2","2021-07-27 05:45:00"
"947831",20,"48.6","2021-07-27 06:00:00"
"947946",20,"113.2","2021-07-27 06:15:00"
"948001",20,"78.7","2021-01-12 12:45:00"
"949063",20,"167","2021-07-27 09:00:00"
"949172",20,"0","2021-07-27 09:15:00"
"949289",20,"68.6","2021-07-27 09:30:00"
"949249",20,"324.6","2021-01-12 15:30:00"
"949354",20,"330.6","2021-01-12 15:45:00"
"949462",20,"304.3","2021-01-12 16:00:00"
"949408",20,"50.9","2021-07-27 09:45:00"
"949502",20,"40.2","2021-07-27 10:00:00"
"949613",20,"23.5","2021-07-27 10:15:00"
"949573",20,"295.7","2021-01-12 16:15:00"
"949677",20,"281.9","2021-01-12 16:30:00"
"950760",20,"261.9","2021-07-27 13:30:00"
"950935",20,"266.3","2021-07-27 13:45:00"
"951041",20,"245.7","2021-07-27 14:00:00"
"950856",20,"240.9","2021-01-12 18:45:00"
"950951",20,"214.9","2021-01-12 19:00:00"
"951062",20,"166.2","2021-01-12 19:15:00"
"951172",20,"175.3","2021-01-12 19:30:00"
"951283",20,"183.7","2021-01-12 19:45:00"
"951148",20,"258.1","2021-07-27 14:15:00"
"951253",20,"241","2021-07-27 14:30:00"
"952348",20,"102.1","2021-01-12 22:15:00"
"952620",20,"105.4","2021-01-12 22:30:00"
"952513",20,"252.3","2021-07-27 17:45:00"
"952615",20,"241.7","2021-07-27 18:00:00"
"952716",20,"134.2","2021-01-12 22:45:00"
"952774",20,"0","2021-01-12 23:00:00"
"953150",20,"145.9","2021-01-12 23:15:00"
"952786",20,"223.6","2021-07-27 18:15:00"
"952840",20,"220.8","2021-07-27 18:30:00"
"952894",20,"217.7","2021-07-27 18:45:00"
"953603",20,"121.4","2021-01-13 00:15:00"
"953708",20,"120.6","2021-01-13 00:30:00"
"953686",20,"223.1","2021-07-27 21:00:00"
"953789",20,"240","2021-07-27 21:15:00"
"953820",20,"189.2","2021-01-13 00:45:00"
"953921",20,"159.9","2021-01-13 01:00:00"
"954025",20,"164.8","2021-01-13 01:15:00"
"953905",20,"244.7","2021-07-27 21:30:00"
"954019",20,"250.5","2021-07-27 21:45:00"
"954132",20,"240.2","2021-07-27 22:00:00"
"954584",20,"67.5","2021-01-13 02:45:00"
"954638",20,"76.5","2021-01-13 03:00:00"
"954692",20,"84.1","2021-01-13 03:15:00"
"954746",20,"117.2","2021-01-13 03:30:00"
"955080",20,"124.8","2021-01-13 03:45:00"
"954920",20,"229.7","2021-07-27 23:30:00"
"954974",20,"228.8","2021-07-27 23:45:00"
"955028",20,"224.2","2021-07-28 00:00:00"
"955122",20,"227.2","2021-07-28 00:15:00"
"955214",20,"229.4","2021-07-28 00:30:00"
"955762",20,"0","2021-01-13 05:15:00"
"955862",20,"179.1","2021-01-13 05:30:00"
"955987",20,"192.4","2021-01-13 05:45:00"
"955853",20,"223.5","2021-07-28 02:00:00"
"955945",20,"231.3","2021-07-28 02:15:00"
"956035",20,"225.5","2021-07-28 02:30:00"
"956082",20,"0","2021-01-13 06:00:00"
"956185",20,"80.5","2021-01-13 06:15:00"
"956178",20,"224.4","2021-07-28 02:45:00"
"956300",20,"228.1","2021-07-28 03:00:00"
"956892",20,"212.6","2021-07-28 04:00:00"
"956946",20,"211.6","2021-07-28 04:15:00"
"957000",20,"228.7","2021-07-28 04:30:00"
"957054",20,"218.8","2021-07-28 04:45:00"
"957108",20,"0","2021-07-28 05:00:00"
"957162",20,"225","2021-07-28 05:15:00"
"957216",20,"230.9","2021-07-28 05:30:00"
"957270",20,"249.8","2021-07-28 05:45:00"
"957324",20,"258.4","2021-07-28 06:00:00"
"957378",20,"250.9","2021-07-28 06:15:00"
"958528",20,"84.5","2021-01-13 11:45:00"
"958582",20,"103.5","2021-01-13 12:00:00"
"958636",20,"102","2021-01-13 12:15:00"
"958690",20,"100.2","2021-01-13 12:30:00"
"958744",20,"96.4","2021-01-13 12:45:00"
"959798",20,"102.6","2021-01-13 13:00:00"
"959852",20,"102","2021-01-13 13:15:00"
"959458",20,"214.8","2021-07-28 11:15:00"
"960176",20,"113.8","2021-01-13 14:45:00"
"960230",20,"117.2","2021-01-13 15:00:00"
"960284",20,"118.5","2021-01-13 15:15:00"
"960338",20,"95.6","2021-01-13 15:30:00"
"960392",20,"99.5","2021-01-13 15:45:00"
"960446",20,"91.8","2021-01-13 16:00:00"
"960500",20,"91.9","2021-01-13 16:15:00"
"960554",20,"88.8","2021-01-13 16:30:00"
"960608",20,"96.2","2021-01-13 16:45:00"
"960662",20,"96","2021-01-13 17:00:00"
"960716",20,"96.1","2021-01-13 17:15:00"
"965738",20,"97.2","2021-01-14 16:30:00"
"965792",20,"100.4","2021-01-14 16:45:00"
"965846",20,"97.6","2021-01-14 17:00:00"
"965900",20,"91.8","2021-01-14 17:15:00"
"965954",20,"96.7","2021-01-14 17:30:00"
"966008",20,"82.3","2021-01-14 17:45:00"
"966062",20,"74.1","2021-01-14 18:00:00"
"966116",20,"62.3","2021-01-14 18:15:00"
"966170",20,"78.5","2021-01-14 18:30:00"
"966224",20,"91.2","2021-01-14 18:45:00"
"967358",20,"94.9","2021-01-15 00:00:00"
"967412",20,"99","2021-01-15 00:15:00"
"967466",20,"100","2021-01-15 00:30:00"
"967520",20,"96.8","2021-01-15 00:45:00"
"967574",20,"95.1","2021-01-15 01:00:00"
"967628",20,"95.4","2021-01-15 01:15:00"
"967682",20,"100.5","2021-01-15 01:30:00"
"967736",20,"98.8","2021-01-15 01:45:00"
"967790",20,"100.4","2021-01-15 02:00:00"
"967844",20,"101.4","2021-01-15 02:15:00"
"969032",20,"116.7","2021-01-15 07:45:00"
"969086",20,"94","2021-01-15 08:00:00"
"969140",20,"83.5","2021-01-15 08:15:00"
"969194",20,"77","2021-01-15 08:30:00"
"969248",20,"73.7","2021-01-15 08:45:00"
"969302",20,"69.9","2021-01-15 09:00:00"
"969356",20,"73.3","2021-01-15 09:15:00"
"969410",20,"67.5","2021-01-15 09:30:00"
"969464",20,"69.4","2021-01-15 09:45:00"
"969518",20,"58","2021-01-15 10:00:00"
"970706",20,"54.6","2021-01-15 15:30:00"
"970760",20,"72.3","2021-01-15 15:45:00"
"970814",20,"59.6","2021-01-15 16:00:00"
"970868",20,"75.5","2021-01-15 16:15:00"
"970922",20,"75.9","2021-01-15 16:30:00"
"970976",20,"76.5","2021-01-15 16:45:00"
"971030",20,"73.2","2021-01-15 17:00:00"
"971084",20,"77.2","2021-01-15 17:15:00"
"971138",20,"65.3","2021-01-15 17:30:00"
"971192",20,"70.4","2021-01-15 17:45:00"
"972326",20,"71.2","2021-01-15 23:00:00"
"972380",20,"57.9","2021-01-15 23:15:00"
"972434",20,"39.5","2021-01-15 23:30:00"
"972488",20,"33","2021-01-15 23:45:00"
"972542",20,"43.2","2021-01-16 00:00:00"
"972596",20,"63.5","2021-01-16 00:15:00"
"972650",20,"78","2021-01-16 00:30:00"
"972704",20,"75.5","2021-01-16 00:45:00"
"972758",20,"76.9","2021-01-16 01:00:00"
"972812",20,"79.1","2021-01-16 01:15:00"
"973460",20,"60.1","2021-01-16 04:15:00"
"973514",20,"63.5","2021-01-16 04:30:00"
"973568",20,"58.2","2021-01-16 04:45:00"
"973622",20,"54.8","2021-01-16 05:00:00"
"973676",20,"59.6","2021-01-16 05:15:00"
"973730",20,"65.6","2021-01-16 05:30:00"
"973784",20,"77.4","2021-01-16 05:45:00"
"973838",20,"78.4","2021-01-16 06:00:00"
"973892",20,"67.7","2021-01-16 06:15:00"
"973946",20,"58.9","2021-01-16 06:30:00"
"975080",20,"1.4","2021-01-16 11:45:00"
"975134",20,"7.9","2021-01-16 12:00:00"
"975188",20,"17.1","2021-01-16 12:15:00"
"975242",20,"2.3","2021-01-16 12:30:00"
"975296",20,"353.7","2021-01-16 12:45:00"
"975350",20,"19.9","2021-01-16 13:00:00"
"975404",20,"27.5","2021-01-16 13:15:00"
"975458",20,"2.9","2021-01-16 13:30:00"
"975512",20,"6.2","2021-01-16 13:45:00"
"975566",20,"18.5","2021-01-16 14:00:00"
"975620",20,"2.1","2021-01-16 14:15:00"
"976754",20,"23.6","2021-01-16 19:30:00"
"976808",20,"342.7","2021-01-16 19:45:00"
"976862",20,"325.1","2021-01-16 20:00:00"
"976916",20,"310.6","2021-01-16 20:15:00"
"976970",20,"345","2021-01-16 20:30:00"
"977024",20,"24.7","2021-01-16 20:45:00"
"977078",20,"356","2021-01-16 21:00:00"
"977132",20,"3.1","2021-01-16 21:15:00"
"977186",20,"24.5","2021-01-16 21:30:00"
"977240",20,"0","2021-01-16 21:45:00"
"978428",20,"351.8","2021-01-17 03:15:00"
"978482",20,"355.7","2021-01-17 03:30:00"
"978536",20,"354.7","2021-01-17 03:45:00"
"978590",20,"347.5","2021-01-17 04:00:00"
"978644",20,"348.7","2021-01-17 04:15:00"
"978698",20,"343.9","2021-01-17 04:30:00"
"978752",20,"339.7","2021-01-17 04:45:00"
"978806",20,"336.3","2021-01-17 05:00:00"
"978860",20,"346","2021-01-17 05:15:00"
"978914",20,"340.5","2021-01-17 05:30:00"
"980048",20,"7.8","2021-01-17 10:45:00"
"980102",20,"13.3","2021-01-17 11:00:00"
"980156",20,"22","2021-01-17 11:15:00"
"980210",20,"15.7","2021-01-17 11:30:00"
"980264",20,"13.7","2021-01-17 11:45:00"
"980318",20,"11.3","2021-01-17 12:00:00"
"980372",20,"15.4","2021-01-17 12:15:00"
"980426",20,"17.2","2021-01-17 12:30:00"
"980480",20,"4.4","2021-01-17 12:45:00"
"980534",20,"10.5","2021-01-17 13:00:00"
"980588",20,"2.6","2021-01-17 13:15:00"
"982262",20,"33","2021-01-17 21:00:00"
"982316",20,"15.7","2021-01-17 21:15:00"
"982370",20,"7.7","2021-01-17 21:30:00"
"982424",20,"14.2","2021-01-17 21:45:00"
"982478",20,"38.9","2021-01-17 22:00:00"
"982532",20,"42.6","2021-01-17 22:15:00"
"982586",20,"42.2","2021-01-17 22:30:00"
"982640",20,"33.8","2021-01-17 22:45:00"
"982694",20,"38.9","2021-01-17 23:00:00"
"982748",20,"15.8","2021-01-17 23:15:00"
"983396",20,"43.7","2021-01-18 02:15:00"
"983450",20,"26.8","2021-01-18 02:30:00"
"983504",20,"4.2","2021-01-18 02:45:00"
"983558",20,"4","2021-01-18 03:00:00"
"983612",20,"358.6","2021-01-18 03:15:00"
"983666",20,"12.5","2021-01-18 03:30:00"
"983720",20,"28.2","2021-01-18 03:45:00"
"983774",20,"26.2","2021-01-18 04:00:00"
"983828",20,"15.5","2021-01-18 04:15:00"
"983882",20,"18.5","2021-01-18 04:30:00"
"985016",20,"15","2021-01-18 09:45:00"
"985070",20,"8.4","2021-01-18 10:00:00"
"985124",20,"16.7","2021-01-18 10:15:00"
"985178",20,"18.5","2021-01-18 10:30:00"
"985232",20,"9.8","2021-01-18 10:45:00"
"985286",20,"13.8","2021-01-18 11:00:00"
"985340",20,"23.8","2021-01-18 11:15:00"
"985394",20,"17.8","2021-01-18 11:30:00"
"985448",20,"6.8","2021-01-18 11:45:00"
"985502",20,"348.8","2021-01-18 12:00:00"
"985556",20,"333.2","2021-01-18 12:15:00"
"986690",20,"0","2021-01-18 17:30:00"
"986744",20,"0","2021-01-18 17:45:00"
"986798",20,"0","2021-01-18 18:00:00"
"986852",20,"80.5","2021-01-18 18:15:00"
"986906",20,"76","2021-01-18 18:30:00"
"986960",20,"63.7","2021-01-18 18:45:00"
"987014",20,"67.3","2021-01-18 19:00:00"
"987068",20,"64.8","2021-01-18 19:15:00"
"987122",20,"80.8","2021-01-18 19:30:00"
"987176",20,"85.7","2021-01-18 19:45:00"
"988364",20,"94","2021-01-19 01:15:00"
"988418",20,"97","2021-01-19 01:30:00"
"988472",20,"82","2021-01-19 01:45:00"
"988526",20,"68.8","2021-01-19 02:00:00"
"988580",20,"72.2","2021-01-19 02:15:00"
"988634",20,"79.7","2021-01-19 02:30:00"
"988688",20,"76","2021-01-19 02:45:00"
"988742",20,"72.1","2021-01-19 03:00:00"
"988796",20,"69.7","2021-01-19 03:15:00"
"988850",20,"81","2021-01-19 03:30:00"
"989984",20,"64.8","2021-01-19 08:45:00"
"990038",20,"64.2","2021-01-19 09:00:00"
"990092",20,"73.8","2021-01-19 09:15:00"
"990146",20,"80.6","2021-01-19 09:30:00"
"990200",20,"77.6","2021-01-19 09:45:00"
"990254",20,"85.9","2021-01-19 10:00:00"
"990308",20,"81.3","2021-01-19 10:15:00"
"990362",20,"79.5","2021-01-19 10:30:00"
"990416",20,"71.5","2021-01-19 10:45:00"
"990470",20,"82.3","2021-01-19 11:00:00"
"990524",20,"86.1","2021-01-19 11:15:00"
"991658",20,"335.4","2021-01-19 16:30:00"
"991712",20,"113.2","2021-01-19 16:45:00"
"991766",20,"139.7","2021-01-19 17:00:00"
"991820",20,"141.3","2021-01-19 17:15:00"
"991874",20,"132.7","2021-01-19 17:30:00"
"991928",20,"145.5","2021-01-19 17:45:00"
"991982",20,"122.3","2021-01-19 18:00:00"
"992036",20,"143.6","2021-01-19 18:15:00"
"992090",20,"141.1","2021-01-19 18:30:00"
"992144",20,"142.4","2021-01-19 18:45:00"
"993332",20,"197.9","2021-01-20 00:15:00"
"993386",20,"102.6","2021-01-20 00:30:00"
"993440",20,"95.2","2021-01-20 00:45:00"
"993494",20,"132.2","2021-01-20 01:00:00"
"993548",20,"0","2021-01-20 01:15:00"
"993602",20,"130.7","2021-01-20 01:30:00"
"993656",20,"120","2021-01-20 01:45:00"
"993710",20,"127.1","2021-01-20 02:00:00"
"993764",20,"112.3","2021-01-20 02:15:00"
"993818",20,"108.2","2021-01-20 02:30:00"
"994412",20,"0","2021-01-20 05:15:00"
"950519",20,"226.6","2021-07-27 12:30:00"
"950598",20,"233.1","2021-07-27 12:45:00"
"950652",20,"245.2","2021-07-27 13:00:00"
"950706",20,"0","2021-07-27 13:15:00"
"951939",20,"211.8","2021-01-12 21:15:00"
"952022",20,"191.8","2021-01-12 21:30:00"
"952128",20,"0","2021-01-12 21:45:00"
"952025",20,"238.9","2021-07-27 16:15:00"
"952133",20,"250.6","2021-07-27 16:30:00"
"952222",20,"256.8","2021-07-27 16:45:00"
"952259",20,"0","2021-01-12 22:00:00"
"952319",20,"252","2021-07-27 17:00:00"
"952405",20,"255.8","2021-07-27 17:15:00"
"952459",20,"258.1","2021-07-27 17:30:00"
"952948",20,"226.2","2021-07-27 19:00:00"
"953002",20,"239.5","2021-07-27 19:15:00"
"953057",20,"236.5","2021-07-27 19:30:00"
"953166",20,"236.1","2021-07-27 19:45:00"
"953253",20,"250","2021-07-27 20:00:00"
"953277",20,"146.8","2021-01-12 23:30:00"
"953381",20,"134","2021-01-12 23:45:00"
"953501",20,"142.7","2021-01-13 00:00:00"
"953367",20,"236.1","2021-07-27 20:15:00"
"953454",20,"252.3","2021-07-27 20:30:00"
"953567",20,"223.2","2021-07-27 20:45:00"
"954126",20,"107.6","2021-01-13 01:30:00"
"954229",20,"73.7","2021-01-13 01:45:00"
"954245",20,"238.5","2021-07-27 22:15:00"
"954333",20,"227.3","2021-07-27 22:30:00"
"954361",20,"76.3","2021-01-13 02:00:00"
"954462",20,"79.6","2021-01-13 02:15:00"
"954530",20,"0","2021-01-13 02:30:00"
"954445",20,"213.4","2021-07-27 22:45:00"
"954812",20,"232.3","2021-07-27 23:00:00"
"954866",20,"232.4","2021-07-27 23:15:00"
"955204",20,"105.2","2021-01-13 04:00:00"
"955307",20,"73.5","2021-01-13 04:15:00"
"955327",20,"228.8","2021-07-28 00:45:00"
"955416",20,"228.7","2021-07-28 01:00:00"
"955517",20,"217","2021-07-28 01:15:00"
"955441",20,"67.3","2021-01-13 04:30:00"
"955544",20,"88.5","2021-01-13 04:45:00"
"955653",20,"77.1","2021-01-13 05:00:00"
"955629",20,"218.4","2021-07-28 01:30:00"
"955737",20,"222.8","2021-07-28 01:45:00"
"956279",20,"79.8","2021-01-13 06:30:00"
"956376",20,"78.8","2021-01-13 06:45:00"
"956495",20,"107.7","2021-01-13 07:00:00"
"956417",20,"214.8","2021-07-28 03:15:00"
"956784",20,"220.3","2021-07-28 03:30:00"
"956838",20,"231","2021-07-28 03:45:00"
"956556",20,"127.5","2021-01-13 07:15:00"
"956610",20,"126.8","2021-01-13 07:30:00"
"956664",20,"124.4","2021-01-13 07:45:00"
"956718",20,"111.2","2021-01-13 08:00:00"
"956772",20,"112.5","2021-01-13 08:15:00"
"957934",20,"94.4","2021-01-13 09:00:00"
"957988",20,"94.4","2021-01-13 09:15:00"
"958042",20,"96.3","2021-01-13 09:30:00"
"958096",20,"94.9","2021-01-13 09:45:00"
"958150",20,"96.7","2021-01-13 10:00:00"
"958204",20,"96.5","2021-01-13 10:15:00"
"958258",20,"93.9","2021-01-13 10:30:00"
"958312",20,"98.7","2021-01-13 10:45:00"
"958366",20,"91.9","2021-01-13 11:00:00"
"958420",20,"95.4","2021-01-13 11:15:00"
"958474",20,"93.8","2021-01-13 11:30:00"
"959512",20,"219.5","2021-07-28 11:30:00"
"959566",20,"221.6","2021-07-28 11:45:00"
"959620",20,"219.6","2021-07-28 12:00:00"
"959674",20,"228.6","2021-07-28 12:15:00"
"959728",20,"225.7","2021-07-28 12:30:00"
"959906",20,"93.7","2021-01-13 13:30:00"
"959960",20,"82.2","2021-01-13 13:45:00"
"960014",20,"93.2","2021-01-13 14:00:00"
"960068",20,"88.6","2021-01-13 14:15:00"
"960122",20,"87","2021-01-13 14:30:00"
"961310",20,"96.2","2021-01-13 20:00:00"
"961364",20,"86.6","2021-01-13 20:15:00"
"961418",20,"75.7","2021-01-13 20:30:00"
"961472",20,"128.1","2021-01-13 20:45:00"
"961526",20,"142.4","2021-01-13 21:00:00"
"961580",20,"139.6","2021-01-13 21:15:00"
"961634",20,"135.7","2021-01-13 21:30:00"
"961688",20,"125.1","2021-01-13 21:45:00"
"961742",20,"117.2","2021-01-13 22:00:00"
"961796",20,"120","2021-01-13 22:15:00"
"962390",20,"111.7","2021-01-14 01:00:00"
"962444",20,"105","2021-01-14 01:15:00"
"962498",20,"103.1","2021-01-14 01:30:00"
"962552",20,"87.5","2021-01-14 01:45:00"
"962606",20,"78.8","2021-01-14 02:00:00"
"962660",20,"82.7","2021-01-14 02:15:00"
"962714",20,"93.2","2021-01-14 02:30:00"
"962768",20,"95.1","2021-01-14 02:45:00"
"962822",20,"97.6","2021-01-14 03:00:00"
"962876",20,"91","2021-01-14 03:15:00"
"963524",20,"102.3","2021-01-14 06:15:00"
"963578",20,"106.4","2021-01-14 06:30:00"
"963632",20,"101.1","2021-01-14 06:45:00"
"963686",20,"98.1","2021-01-14 07:00:00"
"963740",20,"90","2021-01-14 07:15:00"
"963794",20,"92","2021-01-14 07:30:00"
"963848",20,"93.7","2021-01-14 07:45:00"
"963902",20,"94.6","2021-01-14 08:00:00"
"963956",20,"102.7","2021-01-14 08:15:00"
"964010",20,"96.7","2021-01-14 08:30:00"
"964604",20,"98.6","2021-01-14 11:15:00"
"964658",20,"88","2021-01-14 11:30:00"
"964712",20,"96.7","2021-01-14 11:45:00"
"964766",20,"94.4","2021-01-14 12:00:00"
"964820",20,"100.9","2021-01-14 12:15:00"
"964874",20,"101.4","2021-01-14 12:30:00"
"964928",20,"93.7","2021-01-14 12:45:00"
"964982",20,"95.6","2021-01-14 13:00:00"
"965036",20,"105.3","2021-01-14 13:15:00"
"965090",20,"102.5","2021-01-14 13:30:00"
"966278",20,"116.8","2021-01-14 19:00:00"
"966332",20,"83.5","2021-01-14 19:15:00"
"966386",20,"74.1","2021-01-14 19:30:00"
"966440",20,"74.5","2021-01-14 19:45:00"
"966494",20,"77.6","2021-01-14 20:00:00"
"966548",20,"77.3","2021-01-14 20:15:00"
"966602",20,"83","2021-01-14 20:30:00"
"966656",20,"80.8","2021-01-14 20:45:00"
"966710",20,"91.4","2021-01-14 21:00:00"
"966764",20,"89.4","2021-01-14 21:15:00"
"967898",20,"93.3","2021-01-15 02:30:00"
"967952",20,"95.3","2021-01-15 02:45:00"
"968006",20,"100.9","2021-01-15 03:00:00"
"968060",20,"94.6","2021-01-15 03:15:00"
"968114",20,"96","2021-01-15 03:30:00"
"968168",20,"96.2","2021-01-15 03:45:00"
"968222",20,"103.9","2021-01-15 04:00:00"
"968276",20,"96.5","2021-01-15 04:15:00"
"968330",20,"72.5","2021-01-15 04:30:00"
"968384",20,"76.2","2021-01-15 04:45:00"
"968438",20,"58.9","2021-01-15 05:00:00"
"969572",20,"61.1","2021-01-15 10:15:00"
"969626",20,"54.1","2021-01-15 10:30:00"
"969680",20,"71.3","2021-01-15 10:45:00"
"969734",20,"68.5","2021-01-15 11:00:00"
"969788",20,"50.7","2021-01-15 11:15:00"
"969842",20,"62.4","2021-01-15 11:30:00"
"969896",20,"70.6","2021-01-15 11:45:00"
"969950",20,"56.2","2021-01-15 12:00:00"
"970004",20,"52.8","2021-01-15 12:15:00"
"970058",20,"41.2","2021-01-15 12:30:00"
"971246",20,"63.9","2021-01-15 18:00:00"
"971300",20,"71.1","2021-01-15 18:15:00"
"971354",20,"71.4","2021-01-15 18:30:00"
"971408",20,"73","2021-01-15 18:45:00"
"971462",20,"69.8","2021-01-15 19:00:00"
"971516",20,"48.8","2021-01-15 19:15:00"
"971570",20,"17.1","2021-01-15 19:30:00"
"971624",20,"25","2021-01-15 19:45:00"
"971678",20,"44.3","2021-01-15 20:00:00"
"971732",20,"44.8","2021-01-15 20:15:00"
"972866",20,"63.6","2021-01-16 01:30:00"
"972920",20,"69.7","2021-01-16 01:45:00"
"972974",20,"84.9","2021-01-16 02:00:00"
"973028",20,"88.9","2021-01-16 02:15:00"
"973082",20,"86.9","2021-01-16 02:30:00"
"973136",20,"73.5","2021-01-16 02:45:00"
"973190",20,"62.4","2021-01-16 03:00:00"
"973244",20,"65","2021-01-16 03:15:00"
"973298",20,"69.7","2021-01-16 03:30:00"
"973352",20,"69.8","2021-01-16 03:45:00"
"973406",20,"66.5","2021-01-16 04:00:00"
"974540",20,"356.2","2021-01-16 09:15:00"
"974594",20,"353.7","2021-01-16 09:30:00"
"974648",20,"349.7","2021-01-16 09:45:00"
"974702",20,"348.7","2021-01-16 10:00:00"
"974756",20,"338.3","2021-01-16 10:15:00"
"974810",20,"339.1","2021-01-16 10:30:00"
"974864",20,"349","2021-01-16 10:45:00"
"974918",20,"356.2","2021-01-16 11:00:00"
"974972",20,"358","2021-01-16 11:15:00"
"975026",20,"3","2021-01-16 11:30:00"
"976214",20,"343.3","2021-01-16 17:00:00"
"976268",20,"340.4","2021-01-16 17:15:00"
"976322",20,"338.6","2021-01-16 17:30:00"
"976376",20,"343.8","2021-01-16 17:45:00"
"976430",20,"350.7","2021-01-16 18:00:00"
"976484",20,"351.4","2021-01-16 18:15:00"
"976538",20,"357","2021-01-16 18:30:00"
"976592",20,"0","2021-01-16 18:45:00"
"976646",20,"18.9","2021-01-16 19:00:00"
"976700",20,"23.2","2021-01-16 19:15:00"
"977834",20,"339.9","2021-01-17 00:30:00"
"977888",20,"353.1","2021-01-17 00:45:00"
"977942",20,"359.8","2021-01-17 01:00:00"
"977996",20,"356.9","2021-01-17 01:15:00"
"978050",20,"358.9","2021-01-17 01:30:00"
"978104",20,"358.2","2021-01-17 01:45:00"
"978158",20,"353.7","2021-01-17 02:00:00"
"978212",20,"358.9","2021-01-17 02:15:00"
"978266",20,"350.6","2021-01-17 02:30:00"
"978320",20,"347.8","2021-01-17 02:45:00"
"978374",20,"351.3","2021-01-17 03:00:00"
"979508",20,"3.7","2021-01-17 08:15:00"
"979562",20,"15.2","2021-01-17 08:30:00"
"979616",20,"13.5","2021-01-17 08:45:00"
"979670",20,"21.9","2021-01-17 09:00:00"
"979724",20,"14.5","2021-01-17 09:15:00"
"979778",20,"22.8","2021-01-17 09:30:00"
"979832",20,"16.5","2021-01-17 09:45:00"
"979886",20,"15.8","2021-01-17 10:00:00"
"979940",20,"17.4","2021-01-17 10:15:00"
"979994",20,"5.1","2021-01-17 10:30:00"
"981182",20,"341","2021-01-17 16:00:00"
"981236",20,"337.4","2021-01-17 16:15:00"
"981290",20,"285.3","2021-01-17 16:30:00"
"981344",20,"287.7","2021-01-17 16:45:00"
"981398",20,"289.5","2021-01-17 17:00:00"
"981452",20,"293.2","2021-01-17 17:15:00"
"981506",20,"278.7","2021-01-17 17:30:00"
"981560",20,"281.1","2021-01-17 17:45:00"
"981614",20,"262.5","2021-01-17 18:00:00"
"981668",20,"215.3","2021-01-17 18:15:00"
"982802",20,"18.5","2021-01-17 23:30:00"
"982856",20,"22.2","2021-01-17 23:45:00"
"982910",20,"20","2021-01-18 00:00:00"
"982964",20,"29.7","2021-01-18 00:15:00"
"983018",20,"28.2","2021-01-18 00:30:00"
"983072",20,"10.9","2021-01-18 00:45:00"
"983126",20,"0","2021-01-18 01:00:00"
"983180",20,"0","2021-01-18 01:15:00"
"983234",20,"54.4","2021-01-18 01:30:00"
"983288",20,"54.1","2021-01-18 01:45:00"
"983342",20,"53","2021-01-18 02:00:00"
"984476",20,"358.1","2021-01-18 07:15:00"
"984530",20,"5","2021-01-18 07:30:00"
"984584",20,"11.3","2021-01-18 07:45:00"
"984638",20,"21","2021-01-18 08:00:00"
"984692",20,"19.4","2021-01-18 08:15:00"
"984746",20,"40.2","2021-01-18 08:30:00"
"984800",20,"35.6","2021-01-18 08:45:00"
"984854",20,"28.2","2021-01-18 09:00:00"
"984908",20,"12.5","2021-01-18 09:15:00"
"984962",20,"12.1","2021-01-18 09:30:00"
"986150",20,"276.1","2021-01-18 15:00:00"
"986204",20,"280.5","2021-01-18 15:15:00"
"986258",20,"277.6","2021-01-18 15:30:00"
"986312",20,"276.3","2021-01-18 15:45:00"
"986366",20,"326.9","2021-01-18 16:00:00"
"986420",20,"338.6","2021-01-18 16:15:00"
"986474",20,"0","2021-01-18 16:30:00"
"986528",20,"0","2021-01-18 16:45:00"
"986582",20,"0","2021-01-18 17:00:00"
"986636",20,"0","2021-01-18 17:15:00"
"987770",20,"51.2","2021-01-18 22:30:00"
"987824",20,"53.9","2021-01-18 22:45:00"
"987878",20,"50.4","2021-01-18 23:00:00"
"987932",20,"47.4","2021-01-18 23:15:00"
"987986",20,"49.9","2021-01-18 23:30:00"
"988040",20,"49.6","2021-01-18 23:45:00"
"988094",20,"0","2021-01-19 00:00:00"
"988148",20,"0","2021-01-19 00:15:00"
"988202",20,"0","2021-01-19 00:30:00"
"988256",20,"101.3","2021-01-19 00:45:00"
"988310",20,"0","2021-01-19 01:00:00"
"989444",20,"84.3","2021-01-19 06:15:00"
"989498",20,"85.3","2021-01-19 06:30:00"
"989552",20,"82.1","2021-01-19 06:45:00"
"989606",20,"82.4","2021-01-19 07:00:00"
"989660",20,"85.2","2021-01-19 07:15:00"
"989714",20,"85.4","2021-01-19 07:30:00"
"989768",20,"86.7","2021-01-19 07:45:00"
"989822",20,"77.4","2021-01-19 08:00:00"
"989876",20,"66.4","2021-01-19 08:15:00"
"989930",20,"71.1","2021-01-19 08:30:00"
"991118",20,"112.9","2021-01-19 14:00:00"
"991172",20,"111.3","2021-01-19 14:15:00"
"991226",20,"98.1","2021-01-19 14:30:00"
"991280",20,"129.7","2021-01-19 14:45:00"
"991334",20,"161","2021-01-19 15:00:00"
"991388",20,"101.9","2021-01-19 15:15:00"
"991442",20,"76.4","2021-01-19 15:30:00"
"991496",20,"41.3","2021-01-19 15:45:00"
"991550",20,"12.3","2021-01-19 16:00:00"
"991604",20,"45.4","2021-01-19 16:15:00"
"992738",20,"245.6","2021-01-19 21:30:00"
"992792",20,"0","2021-01-19 21:45:00"
"992846",20,"130.7","2021-01-19 22:00:00"
"992900",20,"137.4","2021-01-19 22:15:00"
"992954",20,"0","2021-01-19 22:30:00"
"993008",20,"0","2021-01-19 22:45:00"
"993062",20,"0","2021-01-19 23:00:00"
"993116",20,"0","2021-01-19 23:15:00"
"993170",20,"0","2021-01-19 23:30:00"
"993224",20,"0","2021-01-19 23:45:00"
"993278",20,"179.6","2021-01-20 00:00:00"
"994466",20,"0","2021-01-20 05:30:00"
"994520",20,"0","2021-01-20 05:45:00"
"994574",20,"0","2021-01-20 06:00:00"
"994628",20,"0","2021-01-20 06:15:00"
"994682",20,"0","2021-01-20 06:30:00"
"994736",20,"0","2021-01-20 06:45:00"
"994790",20,"0","2021-01-20 07:00:00"
"994844",20,"0","2021-01-20 07:15:00"
"994898",20,"0","2021-01-20 07:30:00"
"999920",20,"122.5","2021-01-21 06:45:00"
"999974",20,"131.7","2021-01-21 07:00:00"
"1000028",20,"104.1","2021-01-21 07:15:00"
"1000082",20,"100.4","2021-01-21 07:30:00"
"1000136",20,"93.6","2021-01-21 07:45:00"
"1000190",20,"92","2021-01-21 08:00:00"
"1000244",20,"93","2021-01-21 08:15:00"
"1000298",20,"93.8","2021-01-21 08:30:00"
"1000352",20,"101.5","2021-01-21 08:45:00"
"1000406",20,"105.3","2021-01-21 09:00:00"
"1000460",20,"107.8","2021-01-21 09:15:00"
"1001594",20,"153.7","2021-01-21 14:30:00"
"1001648",20,"145.6","2021-01-21 14:45:00"
"1001702",20,"145.9","2021-01-21 15:00:00"
"1001756",20,"158.6","2021-01-21 15:15:00"
"1001810",20,"155.7","2021-01-21 15:30:00"
"1001864",20,"154.3","2021-01-21 15:45:00"
"1001918",20,"148.1","2021-01-21 16:00:00"
"1001972",20,"129.4","2021-01-21 16:15:00"
"1002026",20,"142","2021-01-21 16:30:00"
"1002080",20,"183.7","2021-01-21 16:45:00"
"1003268",20,"142.4","2021-01-21 22:15:00"
"1003322",20,"130.2","2021-01-21 22:30:00"
"1003376",20,"131.3","2021-01-21 22:45:00"
"1003430",20,"150.2","2021-01-21 23:00:00"
"1003484",20,"167.1","2021-01-21 23:15:00"
"1003538",20,"157.6","2021-01-21 23:30:00"
"1003592",20,"154.4","2021-01-21 23:45:00"
"1003646",20,"156.8","2021-01-22 00:00:00"
"1003700",20,"173.6","2021-01-22 00:15:00"
"1003754",20,"0","2021-01-22 00:30:00"
"1004888",20,"0","2021-01-22 05:45:00"
"1004942",20,"130.5","2021-01-22 06:00:00"
"1004996",20,"135.9","2021-01-22 06:15:00"
"1005050",20,"0","2021-01-22 06:30:00"
"1005104",20,"0","2021-01-22 06:45:00"
"958864",20,"216.7","2021-07-28 08:30:00"
"958918",20,"195.4","2021-07-28 08:45:00"
"960770",20,"94","2021-01-13 17:30:00"
"960824",20,"96.4","2021-01-13 17:45:00"
"960878",20,"114.5","2021-01-13 18:00:00"
"960932",20,"109","2021-01-13 18:15:00"
"960986",20,"93.2","2021-01-13 18:30:00"
"961040",20,"93.1","2021-01-13 18:45:00"
"961094",20,"90","2021-01-13 19:00:00"
"961148",20,"92.8","2021-01-13 19:15:00"
"961202",20,"90.7","2021-01-13 19:30:00"
"961256",20,"81.7","2021-01-13 19:45:00"
"961850",20,"129.7","2021-01-13 22:30:00"
"961904",20,"126.5","2021-01-13 22:45:00"
"961958",20,"132.4","2021-01-13 23:00:00"
"962012",20,"136","2021-01-13 23:15:00"
"962066",20,"131.4","2021-01-13 23:30:00"
"962120",20,"116.3","2021-01-13 23:45:00"
"962174",20,"114.5","2021-01-14 00:00:00"
"962228",20,"109.8","2021-01-14 00:15:00"
"962282",20,"112.2","2021-01-14 00:30:00"
"962336",20,"113.6","2021-01-14 00:45:00"
"962930",20,"92","2021-01-14 03:30:00"
"962984",20,"93.7","2021-01-14 03:45:00"
"963038",20,"96.6","2021-01-14 04:00:00"
"963092",20,"99","2021-01-14 04:15:00"
"963146",20,"99.2","2021-01-14 04:30:00"
"963200",20,"94","2021-01-14 04:45:00"
"963254",20,"108.3","2021-01-14 05:00:00"
"963308",20,"113.9","2021-01-14 05:15:00"
"963362",20,"105.8","2021-01-14 05:30:00"
"963416",20,"109.9","2021-01-14 05:45:00"
"963470",20,"102.1","2021-01-14 06:00:00"
"964064",20,"92.7","2021-01-14 08:45:00"
"964118",20,"96.4","2021-01-14 09:00:00"
"964172",20,"92.4","2021-01-14 09:15:00"
"964226",20,"96.8","2021-01-14 09:30:00"
"964280",20,"87","2021-01-14 09:45:00"
"964334",20,"90.6","2021-01-14 10:00:00"
"964388",20,"95.4","2021-01-14 10:15:00"
"964442",20,"97","2021-01-14 10:30:00"
"964496",20,"95.4","2021-01-14 10:45:00"
"964550",20,"96.9","2021-01-14 11:00:00"
"965144",20,"97.2","2021-01-14 13:45:00"
"965198",20,"93.6","2021-01-14 14:00:00"
"965252",20,"86.8","2021-01-14 14:15:00"
"965306",20,"99.4","2021-01-14 14:30:00"
"965360",20,"96.3","2021-01-14 14:45:00"
"965414",20,"63.4","2021-01-14 15:00:00"
"965468",20,"66.7","2021-01-14 15:15:00"
"965522",20,"80.9","2021-01-14 15:30:00"
"965576",20,"83.7","2021-01-14 15:45:00"
"965630",20,"91","2021-01-14 16:00:00"
"965684",20,"96.9","2021-01-14 16:15:00"
"966818",20,"92.2","2021-01-14 21:30:00"
"966872",20,"93.8","2021-01-14 21:45:00"
"966926",20,"91.7","2021-01-14 22:00:00"
"966980",20,"93.6","2021-01-14 22:15:00"
"967034",20,"94.6","2021-01-14 22:30:00"
"967088",20,"90.1","2021-01-14 22:45:00"
"967142",20,"96.3","2021-01-14 23:00:00"
"967196",20,"98.7","2021-01-14 23:15:00"
"967250",20,"97.3","2021-01-14 23:30:00"
"967304",20,"96.4","2021-01-14 23:45:00"
"968492",20,"93.3","2021-01-15 05:15:00"
"968546",20,"97.2","2021-01-15 05:30:00"
"968600",20,"89.9","2021-01-15 05:45:00"
"968654",20,"74.3","2021-01-15 06:00:00"
"968708",20,"70.8","2021-01-15 06:15:00"
"968762",20,"86.9","2021-01-15 06:30:00"
"968816",20,"110.8","2021-01-15 06:45:00"
"968870",20,"114.3","2021-01-15 07:00:00"
"968924",20,"114.2","2021-01-15 07:15:00"
"968978",20,"109.9","2021-01-15 07:30:00"
"970112",20,"41","2021-01-15 12:45:00"
"970166",20,"68.1","2021-01-15 13:00:00"
"970220",20,"56.7","2021-01-15 13:15:00"
"970274",20,"77.5","2021-01-15 13:30:00"
"970328",20,"66.3","2021-01-15 13:45:00"
"970382",20,"73.9","2021-01-15 14:00:00"
"970436",20,"80.9","2021-01-15 14:15:00"
"970490",20,"81.4","2021-01-15 14:30:00"
"970544",20,"75.5","2021-01-15 14:45:00"
"970598",20,"77.9","2021-01-15 15:00:00"
"970652",20,"73.2","2021-01-15 15:15:00"
"971786",20,"45.7","2021-01-15 20:30:00"
"971840",20,"39.7","2021-01-15 20:45:00"
"971894",20,"40.5","2021-01-15 21:00:00"
"971948",20,"40.1","2021-01-15 21:15:00"
"972002",20,"45.9","2021-01-15 21:30:00"
"972056",20,"40.7","2021-01-15 21:45:00"
"972110",20,"47.7","2021-01-15 22:00:00"
"972164",20,"52.8","2021-01-15 22:15:00"
"972218",20,"65.8","2021-01-15 22:30:00"
"972272",20,"80.6","2021-01-15 22:45:00"
"974000",20,"54.7","2021-01-16 06:45:00"
"974054",20,"50.6","2021-01-16 07:00:00"
"974108",20,"38.5","2021-01-16 07:15:00"
"974162",20,"47","2021-01-16 07:30:00"
"974216",20,"40.3","2021-01-16 07:45:00"
"974270",20,"36.2","2021-01-16 08:00:00"
"974324",20,"25.2","2021-01-16 08:15:00"
"974378",20,"7.1","2021-01-16 08:30:00"
"974432",20,"349.1","2021-01-16 08:45:00"
"974486",20,"0.2","2021-01-16 09:00:00"
"975674",20,"359.8","2021-01-16 14:30:00"
"975728",20,"11","2021-01-16 14:45:00"
"975782",20,"25.5","2021-01-16 15:00:00"
"975836",20,"6","2021-01-16 15:15:00"
"975890",20,"1.4","2021-01-16 15:30:00"
"975944",20,"9.6","2021-01-16 15:45:00"
"975998",20,"26.4","2021-01-16 16:00:00"
"976052",20,"8.1","2021-01-16 16:15:00"
"976106",20,"19.9","2021-01-16 16:30:00"
"976160",20,"2.9","2021-01-16 16:45:00"
"977294",20,"0","2021-01-16 22:00:00"
"977348",20,"0","2021-01-16 22:15:00"
"977402",20,"0","2021-01-16 22:30:00"
"977456",20,"0","2021-01-16 22:45:00"
"977510",20,"0","2021-01-16 23:00:00"
"977564",20,"4.7","2021-01-16 23:15:00"
"977618",20,"2","2021-01-16 23:30:00"
"977672",20,"1.3","2021-01-16 23:45:00"
"977726",20,"328.8","2021-01-17 00:00:00"
"977780",20,"337.3","2021-01-17 00:15:00"
"978968",20,"345.4","2021-01-17 05:45:00"
"979022",20,"341.9","2021-01-17 06:00:00"
"979076",20,"344.2","2021-01-17 06:15:00"
"979130",20,"347.3","2021-01-17 06:30:00"
"979184",20,"348.1","2021-01-17 06:45:00"
"979238",20,"347.3","2021-01-17 07:00:00"
"979292",20,"356.8","2021-01-17 07:15:00"
"979346",20,"357.5","2021-01-17 07:30:00"
"979400",20,"4.4","2021-01-17 07:45:00"
"979454",20,"355","2021-01-17 08:00:00"
"980642",20,"355.3","2021-01-17 13:30:00"
"980696",20,"355.4","2021-01-17 13:45:00"
"980750",20,"348.2","2021-01-17 14:00:00"
"980804",20,"8.6","2021-01-17 14:15:00"
"980858",20,"2.3","2021-01-17 14:30:00"
"980912",20,"337.3","2021-01-17 14:45:00"
"980966",20,"333.3","2021-01-17 15:00:00"
"981020",20,"341.7","2021-01-17 15:15:00"
"981074",20,"343","2021-01-17 15:30:00"
"981128",20,"327.3","2021-01-17 15:45:00"
"981722",20,"0","2021-01-17 18:30:00"
"981776",20,"0","2021-01-17 18:45:00"
"981830",20,"0","2021-01-17 19:00:00"
"981884",20,"0","2021-01-17 19:15:00"
"981938",20,"0","2021-01-17 19:30:00"
"981992",20,"8.3","2021-01-17 19:45:00"
"982046",20,"81.5","2021-01-17 20:00:00"
"982100",20,"79.9","2021-01-17 20:15:00"
"982154",20,"66.1","2021-01-17 20:30:00"
"982208",20,"52.5","2021-01-17 20:45:00"
"983936",20,"28.6","2021-01-18 04:45:00"
"983990",20,"31.8","2021-01-18 05:00:00"
"984044",20,"16.9","2021-01-18 05:15:00"
"984098",20,"29.3","2021-01-18 05:30:00"
"984152",20,"26.8","2021-01-18 05:45:00"
"984206",20,"16","2021-01-18 06:00:00"
"984260",20,"358.7","2021-01-18 06:15:00"
"984314",20,"355","2021-01-18 06:30:00"
"984368",20,"355.4","2021-01-18 06:45:00"
"984422",20,"352.5","2021-01-18 07:00:00"
"985610",20,"325.7","2021-01-18 12:30:00"
"985664",20,"316.7","2021-01-18 12:45:00"
"985718",20,"305.8","2021-01-18 13:00:00"
"985772",20,"285","2021-01-18 13:15:00"
"985826",20,"288.3","2021-01-18 13:30:00"
"985880",20,"288.5","2021-01-18 13:45:00"
"985934",20,"267.5","2021-01-18 14:00:00"
"985988",20,"260.1","2021-01-18 14:15:00"
"986042",20,"274","2021-01-18 14:30:00"
"986096",20,"279","2021-01-18 14:45:00"
"987230",20,"91.8","2021-01-18 20:00:00"
"987284",20,"86.8","2021-01-18 20:15:00"
"987338",20,"60.2","2021-01-18 20:30:00"
"987392",20,"54","2021-01-18 20:45:00"
"987446",20,"59.7","2021-01-18 21:00:00"
"987500",20,"47.5","2021-01-18 21:15:00"
"987554",20,"51.5","2021-01-18 21:30:00"
"987608",20,"52.9","2021-01-18 21:45:00"
"987662",20,"54.4","2021-01-18 22:00:00"
"987716",20,"43.4","2021-01-18 22:15:00"
"988904",20,"64.2","2021-01-19 03:45:00"
"988958",20,"62.8","2021-01-19 04:00:00"
"989012",20,"73.5","2021-01-19 04:15:00"
"989066",20,"77","2021-01-19 04:30:00"
"989120",20,"75.9","2021-01-19 04:45:00"
"989174",20,"79.8","2021-01-19 05:00:00"
"989228",20,"81.1","2021-01-19 05:15:00"
"989282",20,"82.6","2021-01-19 05:30:00"
"989336",20,"83.7","2021-01-19 05:45:00"
"989390",20,"87.4","2021-01-19 06:00:00"
"990578",20,"83.8","2021-01-19 11:30:00"
"990632",20,"83.1","2021-01-19 11:45:00"
"990686",20,"84.4","2021-01-19 12:00:00"
"990740",20,"85.2","2021-01-19 12:15:00"
"990794",20,"85.4","2021-01-19 12:30:00"
"990848",20,"85.8","2021-01-19 12:45:00"
"990902",20,"88.1","2021-01-19 13:00:00"
"990956",20,"92.5","2021-01-19 13:15:00"
"991010",20,"99.3","2021-01-19 13:30:00"
"991064",20,"100.5","2021-01-19 13:45:00"
"992198",20,"141.2","2021-01-19 19:00:00"
"992252",20,"0","2021-01-19 19:15:00"
"992306",20,"0","2021-01-19 19:30:00"
"992360",20,"0","2021-01-19 19:45:00"
"992414",20,"160.4","2021-01-19 20:00:00"
"992468",20,"169.8","2021-01-19 20:15:00"
"992522",20,"205.4","2021-01-19 20:30:00"
"992576",20,"0","2021-01-19 20:45:00"
"992630",20,"0","2021-01-19 21:00:00"
"992684",20,"288.2","2021-01-19 21:15:00"
"993872",20,"104.9","2021-01-20 02:45:00"
"993926",20,"100.4","2021-01-20 03:00:00"
"993980",20,"99.6","2021-01-20 03:15:00"
"994034",20,"0","2021-01-20 03:30:00"
"994088",20,"0","2021-01-20 03:45:00"
"994142",20,"0","2021-01-20 04:00:00"
"994196",20,"0","2021-01-20 04:15:00"
"994250",20,"0","2021-01-20 04:30:00"
"994304",20,"0","2021-01-20 04:45:00"
"994358",20,"0","2021-01-20 05:00:00"
"995546",20,"72.5","2021-01-20 10:30:00"
"995600",20,"65.6","2021-01-20 10:45:00"
"995654",20,"62.7","2021-01-20 11:00:00"
"995708",20,"67","2021-01-20 11:15:00"
"995762",20,"44.8","2021-01-20 11:30:00"
"995816",20,"17.3","2021-01-20 11:45:00"
"995870",20,"355.6","2021-01-20 12:00:00"
"995924",20,"343.2","2021-01-20 12:15:00"
"995978",20,"329.2","2021-01-20 12:30:00"
"996032",20,"304.7","2021-01-20 12:45:00"
"996626",20,"196.7","2021-01-20 15:30:00"
"996680",20,"199.5","2021-01-20 15:45:00"
"996734",20,"214.9","2021-01-20 16:00:00"
"996788",20,"157.7","2021-01-20 16:15:00"
"996842",20,"125.3","2021-01-20 16:30:00"
"996896",20,"132.8","2021-01-20 16:45:00"
"996950",20,"134.9","2021-01-20 17:00:00"
"997004",20,"137","2021-01-20 17:15:00"
"997058",20,"135.5","2021-01-20 17:30:00"
"997112",20,"167.9","2021-01-20 17:45:00"
"997706",20,"131.4","2021-01-20 20:30:00"
"997760",20,"144","2021-01-20 20:45:00"
"997814",20,"155.7","2021-01-20 21:00:00"
"997868",20,"147.4","2021-01-20 21:15:00"
"997922",20,"146.3","2021-01-20 21:30:00"
"997976",20,"143","2021-01-20 21:45:00"
"998030",20,"136.6","2021-01-20 22:00:00"
"998084",20,"132.6","2021-01-20 22:15:00"
"998138",20,"134.7","2021-01-20 22:30:00"
"998192",20,"139","2021-01-20 22:45:00"
"998246",20,"137.4","2021-01-20 23:00:00"
"998840",20,"114.9","2021-01-21 01:45:00"
"998894",20,"103.7","2021-01-21 02:00:00"
"998948",20,"101.4","2021-01-21 02:15:00"
"999002",20,"116.4","2021-01-21 02:30:00"
"999056",20,"0","2021-01-21 02:45:00"
"999110",20,"0","2021-01-21 03:00:00"
"999164",20,"0","2021-01-21 03:15:00"
"999218",20,"0","2021-01-21 03:30:00"
"999272",20,"0","2021-01-21 03:45:00"
"999326",20,"0","2021-01-21 04:00:00"
"1000514",20,"95.7","2021-01-21 09:30:00"
"1000568",20,"95","2021-01-21 09:45:00"
"1000622",20,"99.5","2021-01-21 10:00:00"
"1000676",20,"97.9","2021-01-21 10:15:00"
"1000730",20,"100.6","2021-01-21 10:30:00"
"1000784",20,"106","2021-01-21 10:45:00"
"1000838",20,"113.6","2021-01-21 11:00:00"
"1000892",20,"105.8","2021-01-21 11:15:00"
"1000946",20,"131.3","2021-01-21 11:30:00"
"1001000",20,"126.8","2021-01-21 11:45:00"
"1002134",20,"163.8","2021-01-21 17:00:00"
"1002188",20,"185.8","2021-01-21 17:15:00"
"1002242",20,"176.3","2021-01-21 17:30:00"
"1002296",20,"208.6","2021-01-21 17:45:00"
"1002350",20,"214.4","2021-01-21 18:00:00"
"1002404",20,"218.3","2021-01-21 18:15:00"
"1002458",20,"221.5","2021-01-21 18:30:00"
"1002512",20,"217.8","2021-01-21 18:45:00"
"1002566",20,"252.2","2021-01-21 19:00:00"
"1002620",20,"291.9","2021-01-21 19:15:00"
"1003808",20,"183.1","2021-01-22 00:45:00"
"1003862",20,"0","2021-01-22 01:00:00"
"1003916",20,"0","2021-01-22 01:15:00"
"1003970",20,"0","2021-01-22 01:30:00"
"1004024",20,"0","2021-01-22 01:45:00"
"1004078",20,"134.7","2021-01-22 02:00:00"
"1004132",20,"126.3","2021-01-22 02:15:00"
"1005158",20,"0","2021-01-22 07:00:00"
"1005212",20,"0","2021-01-22 07:15:00"
"1005266",20,"138.3","2021-01-22 07:30:00"
"1005320",20,"139.9","2021-01-22 07:45:00"
"1005374",20,"142.9","2021-01-22 08:00:00"
"1005428",20,"107.9","2021-01-22 08:15:00"
"1010450",20,"106.9","2021-01-23 07:30:00"
"1010504",20,"114.6","2021-01-23 07:45:00"
"1010558",20,"104.7","2021-01-23 08:00:00"
"1010612",20,"114.2","2021-01-23 08:15:00"
"1010666",20,"118","2021-01-23 08:30:00"
"1010720",20,"114.3","2021-01-23 08:45:00"
"1010774",20,"97.1","2021-01-23 09:00:00"
"1010828",20,"89.1","2021-01-23 09:15:00"
"1010882",20,"92.2","2021-01-23 09:30:00"
"1010936",20,"100.9","2021-01-23 09:45:00"
"1011530",20,"74.6","2021-01-23 12:30:00"
"1011584",20,"59.1","2021-01-23 12:45:00"
"1011638",20,"120.3","2021-01-23 13:00:00"
"1011692",20,"129.7","2021-01-23 13:15:00"
"1011746",20,"134.5","2021-01-23 13:30:00"
"1011800",20,"86.1","2021-01-23 13:45:00"
"1011854",20,"140.3","2021-01-23 14:00:00"
"1011908",20,"126.7","2021-01-23 14:15:00"
"1011962",20,"129.8","2021-01-23 14:30:00"
"1012016",20,"67","2021-01-23 14:45:00"
"1013204",20,"269.4","2021-01-23 20:15:00"
"1013258",20,"228.5","2021-01-23 20:30:00"
"1013312",20,"223.5","2021-01-23 20:45:00"
"1013366",20,"220.1","2021-01-23 21:00:00"
"1013420",20,"225.1","2021-01-23 21:15:00"
"1013474",20,"70.4","2021-01-23 21:30:00"
"1013528",20,"56.8","2021-01-23 21:45:00"
"1013582",20,"47.4","2021-01-23 22:00:00"
"1013636",20,"83.8","2021-01-23 22:15:00"
"1013690",20,"101.2","2021-01-23 22:30:00"
"1014284",20,"0","2021-01-24 01:15:00"
"1014338",20,"0","2021-01-24 01:30:00"
"1014392",20,"0","2021-01-24 01:45:00"
"1014446",20,"276.5","2021-01-24 02:00:00"
"1014500",20,"275.7","2021-01-24 02:15:00"
"1014554",20,"274.1","2021-01-24 02:30:00"
"1014608",20,"277.5","2021-01-24 02:45:00"
"1014662",20,"272.3","2021-01-24 03:00:00"
"1014716",20,"272.3","2021-01-24 03:15:00"
"1014770",20,"281.5","2021-01-24 03:30:00"
"1016498",20,"129.5","2021-01-24 11:30:00"
"1016552",20,"144.4","2021-01-24 11:45:00"
"1016606",20,"151.8","2021-01-24 12:00:00"
"1016660",20,"137.7","2021-01-24 12:15:00"
"1016714",20,"132.2","2021-01-24 12:30:00"
"1016768",20,"85.1","2021-01-24 12:45:00"
"1016822",20,"66.4","2021-01-24 13:00:00"
"1016876",20,"107.6","2021-01-24 13:15:00"
"1016930",20,"133.2","2021-01-24 13:30:00"
"1016984",20,"123.5","2021-01-24 13:45:00"
"1017578",20,"321.4","2021-01-24 16:30:00"
"1017632",20,"9.4","2021-01-24 16:45:00"
"1017686",20,"33.8","2021-01-24 17:00:00"
"1017740",20,"47.1","2021-01-24 17:15:00"
"1017794",20,"42.3","2021-01-24 17:30:00"
"1017848",20,"28.6","2021-01-24 17:45:00"
"1017902",20,"26.9","2021-01-24 18:00:00"
"1017956",20,"0","2021-01-24 18:15:00"
"1018010",20,"0","2021-01-24 18:30:00"
"1018064",20,"38.8","2021-01-24 18:45:00"
"1018118",20,"34.6","2021-01-24 19:00:00"
"1019252",20,"0","2021-01-25 00:15:00"
"1019306",20,"0","2021-01-25 00:30:00"
"1019360",20,"0","2021-01-25 00:45:00"
"1019414",20,"0","2021-01-25 01:00:00"
"1019468",20,"0","2021-01-25 01:15:00"
"1019522",20,"0","2021-01-25 01:30:00"
"1019576",20,"0","2021-01-25 01:45:00"
"1019630",20,"0","2021-01-25 02:00:00"
"1019684",20,"0","2021-01-25 02:15:00"
"1019738",20,"0","2021-01-25 02:30:00"
"1020926",20,"0","2021-01-25 08:00:00"
"1020980",20,"0","2021-01-25 08:15:00"
"1021034",20,"0","2021-01-25 08:30:00"
"1021088",20,"0","2021-01-25 08:45:00"
"1021142",20,"0","2021-01-25 09:00:00"
"1021196",20,"0","2021-01-25 09:15:00"
"1021250",20,"0","2021-01-25 09:30:00"
"1021304",20,"0","2021-01-25 09:45:00"
"1021358",20,"0","2021-01-25 10:00:00"
"1021412",20,"0","2021-01-25 10:15:00"
"1022006",20,"95.9","2021-01-25 13:00:00"
"1022060",20,"305.1","2021-01-25 13:15:00"
"1022114",20,"340.7","2021-01-25 13:30:00"
"1022168",20,"338.1","2021-01-25 13:45:00"
"1022222",20,"332.6","2021-01-25 14:00:00"
"1022276",20,"334.8","2021-01-25 14:15:00"
"1022330",20,"36.5","2021-01-25 14:30:00"
"1022384",20,"14.7","2021-01-25 14:45:00"
"1022438",20,"340.1","2021-01-25 15:00:00"
"1022492",20,"356.9","2021-01-25 15:15:00"
"1023680",20,"151.1","2021-01-25 20:45:00"
"1023734",20,"127.6","2021-01-25 21:00:00"
"1023788",20,"117.6","2021-01-25 21:15:00"
"1023842",20,"114.8","2021-01-25 21:30:00"
"1023896",20,"144.3","2021-01-25 21:45:00"
"1023950",20,"160.3","2021-01-25 22:00:00"
"1024004",20,"181.9","2021-01-25 22:15:00"
"1024058",20,"0","2021-01-25 22:30:00"
"1024112",20,"0","2021-01-25 22:45:00"
"1024166",20,"0","2021-01-25 23:00:00"
"1025354",20,"0","2021-01-26 04:30:00"
"1025408",20,"236","2021-01-26 04:45:00"
"1025462",20,"0","2021-01-26 05:00:00"
"1025516",20,"0","2021-01-26 05:15:00"
"1025570",20,"0","2021-01-26 05:30:00"
"1025624",20,"0","2021-01-26 05:45:00"
"1025678",20,"0","2021-01-26 06:00:00"
"1025732",20,"0","2021-01-26 06:15:00"
"1025786",20,"0","2021-01-26 06:30:00"
"1025840",20,"0","2021-01-26 06:45:00"
"1026974",20,"23.1","2021-01-26 12:00:00"
"1027028",20,"54.7","2021-01-26 12:15:00"
"1027082",20,"30.3","2021-01-26 12:30:00"
"1027136",20,"63.1","2021-01-26 12:45:00"
"1027190",20,"41.6","2021-01-26 13:00:00"
"1027244",20,"41.9","2021-01-26 13:15:00"
"1027298",20,"37.8","2021-01-26 13:30:00"
"1027352",20,"5.5","2021-01-26 13:45:00"
"1027406",20,"64.3","2021-01-26 14:00:00"
"1027460",20,"46.3","2021-01-26 14:15:00"
"1028108",20,"9","2021-01-26 17:15:00"
"1028162",20,"48","2021-01-26 17:30:00"
"1028216",20,"63.8","2021-01-26 17:45:00"
"1028270",20,"46.2","2021-01-26 18:00:00"
"1028324",20,"44.2","2021-01-26 18:15:00"
"1028378",20,"50.2","2021-01-26 18:30:00"
"1028432",20,"54.1","2021-01-26 18:45:00"
"1028486",20,"67.1","2021-01-26 19:00:00"
"1028540",20,"71.2","2021-01-26 19:15:00"
"1028594",20,"67.4","2021-01-26 19:30:00"
"1029728",20,"0","2021-01-27 00:45:00"
"1029782",20,"0","2021-01-27 01:00:00"
"1029836",20,"0","2021-01-27 01:15:00"
"1029890",20,"0","2021-01-27 01:30:00"
"1029944",20,"0","2021-01-27 01:45:00"
"1029998",20,"0","2021-01-27 02:00:00"
"1030052",20,"0","2021-01-27 02:15:00"
"1030106",20,"0","2021-01-27 02:30:00"
"1030160",20,"0","2021-01-27 02:45:00"
"1030214",20,"0","2021-01-27 03:00:00"
"1030268",20,"0","2021-01-27 03:15:00"
"1031402",20,"44","2021-01-27 08:30:00"
"1031456",20,"43.7","2021-01-27 08:45:00"
"1031510",20,"45.3","2021-01-27 09:00:00"
"1031564",20,"35.6","2021-01-27 09:15:00"
"1031618",20,"42.4","2021-01-27 09:30:00"
"1031672",20,"27.5","2021-01-27 09:45:00"
"1031726",20,"41.5","2021-01-27 10:00:00"
"1031780",20,"19.9","2021-01-27 10:15:00"
"1031834",20,"26.1","2021-01-27 10:30:00"
"1031888",20,"356.3","2021-01-27 10:45:00"
"1032482",20,"307","2021-01-27 13:30:00"
"1032536",20,"294.1","2021-01-27 13:45:00"
"1032590",20,"270.6","2021-01-27 14:00:00"
"1032644",20,"253.1","2021-01-27 14:15:00"
"1032698",20,"245.3","2021-01-27 14:30:00"
"1032752",20,"241.3","2021-01-27 14:45:00"
"1032806",20,"228.9","2021-01-27 15:00:00"
"1032860",20,"236.4","2021-01-27 15:15:00"
"1032914",20,"222.6","2021-01-27 15:30:00"
"1032968",20,"234.9","2021-01-27 15:45:00"
"1033022",20,"232.7","2021-01-27 16:00:00"
"1033616",20,"276.6","2021-01-27 18:45:00"
"1033670",20,"289.8","2021-01-27 19:00:00"
"1033724",20,"69.3","2021-01-27 19:15:00"
"1033778",20,"77.5","2021-01-27 19:30:00"
"1033832",20,"65.8","2021-01-27 19:45:00"
"1033886",20,"38.4","2021-01-27 20:00:00"
"1033940",20,"42.5","2021-01-27 20:15:00"
"1033994",20,"32.8","2021-01-27 20:30:00"
"1034048",20,"24.6","2021-01-27 20:45:00"
"1034102",20,"16.9","2021-01-27 21:00:00"
"1035290",20,"41.7","2021-01-28 02:30:00"
"1035344",20,"44.2","2021-01-28 02:45:00"
"1035398",20,"44.8","2021-01-28 03:00:00"
"1035452",20,"38.4","2021-01-28 03:15:00"
"1035506",20,"49.3","2021-01-28 03:30:00"
"1035560",20,"70.5","2021-01-28 03:45:00"
"1035614",20,"0","2021-01-28 04:00:00"
"1035668",20,"0","2021-01-28 04:15:00"
"1035722",20,"0","2021-01-28 04:30:00"
"1035776",20,"0","2021-01-28 04:45:00"
"1036910",20,"0","2021-01-28 10:00:00"
"1036964",20,"174.8","2021-01-28 10:15:00"
"1037018",20,"326","2021-01-28 10:30:00"
"1037072",20,"264","2021-01-28 10:45:00"
"1037126",20,"0","2021-01-28 11:00:00"
"1037180",20,"37.5","2021-01-28 11:15:00"
"1037234",20,"11.8","2021-01-28 11:30:00"
"1037288",20,"346.6","2021-01-28 11:45:00"
"1037342",20,"3.9","2021-01-28 12:00:00"
"1037396",20,"357.8","2021-01-28 12:15:00"
"1039124",20,"44.5","2021-01-28 20:15:00"
"1039178",20,"48.3","2021-01-28 20:30:00"
"1039232",20,"55.3","2021-01-28 20:45:00"
"1039286",20,"0","2021-01-28 21:00:00"
"1039340",20,"0","2021-01-28 21:15:00"
"1039394",20,"0","2021-01-28 21:30:00"
"1039448",20,"0","2021-01-28 21:45:00"
"994952",20,"0","2021-01-20 07:45:00"
"995006",20,"0","2021-01-20 08:00:00"
"995060",20,"94.9","2021-01-20 08:15:00"
"995114",20,"114.2","2021-01-20 08:30:00"
"995168",20,"109.6","2021-01-20 08:45:00"
"995222",20,"111.2","2021-01-20 09:00:00"
"995276",20,"93.7","2021-01-20 09:15:00"
"995330",20,"100.8","2021-01-20 09:30:00"
"995384",20,"98.7","2021-01-20 09:45:00"
"995438",20,"83.6","2021-01-20 10:00:00"
"995492",20,"71.2","2021-01-20 10:15:00"
"996086",20,"277.6","2021-01-20 13:00:00"
"996140",20,"276.3","2021-01-20 13:15:00"
"996194",20,"241.8","2021-01-20 13:30:00"
"996248",20,"267.3","2021-01-20 13:45:00"
"996302",20,"281.9","2021-01-20 14:00:00"
"996356",20,"275.4","2021-01-20 14:15:00"
"996410",20,"273.1","2021-01-20 14:30:00"
"996464",20,"244.5","2021-01-20 14:45:00"
"996518",20,"246.2","2021-01-20 15:00:00"
"996572",20,"213.2","2021-01-20 15:15:00"
"997166",20,"153","2021-01-20 18:00:00"
"997220",20,"159.2","2021-01-20 18:15:00"
"997274",20,"0","2021-01-20 18:30:00"
"997328",20,"0","2021-01-20 18:45:00"
"997382",20,"120.2","2021-01-20 19:00:00"
"997436",20,"0","2021-01-20 19:15:00"
"997490",20,"0","2021-01-20 19:30:00"
"997544",20,"193.9","2021-01-20 19:45:00"
"997598",20,"175.8","2021-01-20 20:00:00"
"997652",20,"0","2021-01-20 20:15:00"
"998300",20,"147.6","2021-01-20 23:15:00"
"998354",20,"145","2021-01-20 23:30:00"
"998408",20,"145.7","2021-01-20 23:45:00"
"998462",20,"134.9","2021-01-21 00:00:00"
"998516",20,"124.8","2021-01-21 00:15:00"
"998570",20,"112.3","2021-01-21 00:30:00"
"998624",20,"113.3","2021-01-21 00:45:00"
"998678",20,"109.6","2021-01-21 01:00:00"
"998732",20,"112.5","2021-01-21 01:15:00"
"998786",20,"109.8","2021-01-21 01:30:00"
"999380",20,"0","2021-01-21 04:15:00"
"999434",20,"0","2021-01-21 04:30:00"
"999488",20,"101.5","2021-01-21 04:45:00"
"999542",20,"105.4","2021-01-21 05:00:00"
"999596",20,"103","2021-01-21 05:15:00"
"999650",20,"97.2","2021-01-21 05:30:00"
"999704",20,"96.3","2021-01-21 05:45:00"
"999758",20,"106.6","2021-01-21 06:00:00"
"999812",20,"116.5","2021-01-21 06:15:00"
"999866",20,"120","2021-01-21 06:30:00"
"1001054",20,"143.4","2021-01-21 12:00:00"
"1001108",20,"141","2021-01-21 12:15:00"
"1001162",20,"137.2","2021-01-21 12:30:00"
"1001216",20,"136.2","2021-01-21 12:45:00"
"1001270",20,"144","2021-01-21 13:00:00"
"1001324",20,"132.8","2021-01-21 13:15:00"
"1001378",20,"133.5","2021-01-21 13:30:00"
"1001432",20,"143.4","2021-01-21 13:45:00"
"1001486",20,"143.1","2021-01-21 14:00:00"
"1001540",20,"151.6","2021-01-21 14:15:00"
"1002674",20,"270.4","2021-01-21 19:30:00"
"1002728",20,"267","2021-01-21 19:45:00"
"1002782",20,"195","2021-01-21 20:00:00"
"1002836",20,"106.6","2021-01-21 20:15:00"
"1002890",20,"119.4","2021-01-21 20:30:00"
"1002944",20,"102.6","2021-01-21 20:45:00"
"1002998",20,"212.6","2021-01-21 21:00:00"
"1003052",20,"212.2","2021-01-21 21:15:00"
"1003106",20,"230.7","2021-01-21 21:30:00"
"1003160",20,"230.5","2021-01-21 21:45:00"
"1003214",20,"222.6","2021-01-21 22:00:00"
"1004348",20,"142.9","2021-01-22 03:15:00"
"1004402",20,"140","2021-01-22 03:30:00"
"1004456",20,"131.7","2021-01-22 03:45:00"
"1004510",20,"130.6","2021-01-22 04:00:00"
"1004564",20,"137","2021-01-22 04:15:00"
"1004618",20,"120.5","2021-01-22 04:30:00"
"1004672",20,"0","2021-01-22 04:45:00"
"1004726",20,"0","2021-01-22 05:00:00"
"1004780",20,"125.8","2021-01-22 05:15:00"
"1004834",20,"141.1","2021-01-22 05:30:00"
"1006022",20,"92.7","2021-01-22 11:00:00"
"1006076",20,"83.7","2021-01-22 11:15:00"
"1006130",20,"87.1","2021-01-22 11:30:00"
"1006184",20,"85","2021-01-22 11:45:00"
"1006238",20,"79.8","2021-01-22 12:00:00"
"1006292",20,"73.8","2021-01-22 12:15:00"
"1006346",20,"56.4","2021-01-22 12:30:00"
"1006400",20,"59.6","2021-01-22 12:45:00"
"1006454",20,"34.9","2021-01-22 13:00:00"
"1006508",20,"13.2","2021-01-22 13:15:00"
"1007102",20,"199.7","2021-01-22 16:00:00"
"1007156",20,"209","2021-01-22 16:15:00"
"1007210",20,"201.6","2021-01-22 16:30:00"
"1007264",20,"202.3","2021-01-22 16:45:00"
"1007318",20,"188.3","2021-01-22 17:00:00"
"1007372",20,"205.7","2021-01-22 17:15:00"
"1007426",20,"221.6","2021-01-22 17:30:00"
"1007480",20,"209.6","2021-01-22 17:45:00"
"1007534",20,"203.7","2021-01-22 18:00:00"
"1007588",20,"203.1","2021-01-22 18:15:00"
"1008236",20,"242","2021-01-22 21:15:00"
"1008290",20,"244.3","2021-01-22 21:30:00"
"1008344",20,"245.2","2021-01-22 21:45:00"
"1008398",20,"203.5","2021-01-22 22:00:00"
"1008452",20,"0","2021-01-22 22:15:00"
"1008506",20,"206","2021-01-22 22:30:00"
"1008560",20,"115.1","2021-01-22 22:45:00"
"1008614",20,"127","2021-01-22 23:00:00"
"1008668",20,"137.4","2021-01-22 23:15:00"
"1008722",20,"137.1","2021-01-22 23:30:00"
"1009316",20,"118.1","2021-01-23 02:15:00"
"1009370",20,"118.1","2021-01-23 02:30:00"
"1009424",20,"131","2021-01-23 02:45:00"
"1009478",20,"135.1","2021-01-23 03:00:00"
"1009532",20,"112.4","2021-01-23 03:15:00"
"1009586",20,"0","2021-01-23 03:30:00"
"1009640",20,"0","2021-01-23 03:45:00"
"1009694",20,"0","2021-01-23 04:00:00"
"1009748",20,"0","2021-01-23 04:15:00"
"1009802",20,"0","2021-01-23 04:30:00"
"1010990",20,"100.3","2021-01-23 10:00:00"
"1011044",20,"99.1","2021-01-23 10:15:00"
"1011098",20,"93.1","2021-01-23 10:30:00"
"1011152",20,"90.9","2021-01-23 10:45:00"
"1011206",20,"104.7","2021-01-23 11:00:00"
"1011260",20,"107.2","2021-01-23 11:15:00"
"1011314",20,"94.7","2021-01-23 11:30:00"
"1011368",20,"87","2021-01-23 11:45:00"
"1011422",20,"85.1","2021-01-23 12:00:00"
"1011476",20,"95.1","2021-01-23 12:15:00"
"1012610",20,"147.5","2021-01-23 17:30:00"
"1012664",20,"133.7","2021-01-23 17:45:00"
"1012718",20,"128.4","2021-01-23 18:00:00"
"1012772",20,"140","2021-01-23 18:15:00"
"1012826",20,"147.8","2021-01-23 18:30:00"
"1012880",20,"149.1","2021-01-23 18:45:00"
"1012934",20,"0","2021-01-23 19:00:00"
"1012988",20,"0","2021-01-23 19:15:00"
"1013042",20,"267.3","2021-01-23 19:30:00"
"1013096",20,"276.1","2021-01-23 19:45:00"
"1013150",20,"272.3","2021-01-23 20:00:00"
"1014824",20,"273.5","2021-01-24 03:45:00"
"1014878",20,"0","2021-01-24 04:00:00"
"1014932",20,"258.9","2021-01-24 04:15:00"
"1014986",20,"251.3","2021-01-24 04:30:00"
"1015040",20,"0","2021-01-24 04:45:00"
"1015094",20,"0","2021-01-24 05:00:00"
"1015148",20,"0","2021-01-24 05:15:00"
"1015202",20,"0","2021-01-24 05:30:00"
"1015256",20,"0","2021-01-24 05:45:00"
"1015310",20,"0","2021-01-24 06:00:00"
"1015364",20,"329","2021-01-24 06:15:00"
"1015958",20,"117.7","2021-01-24 09:00:00"
"1016012",20,"124","2021-01-24 09:15:00"
"1016066",20,"132.3","2021-01-24 09:30:00"
"1016120",20,"135.8","2021-01-24 09:45:00"
"1016174",20,"134.9","2021-01-24 10:00:00"
"1016228",20,"158.8","2021-01-24 10:15:00"
"1016282",20,"126.5","2021-01-24 10:30:00"
"1016336",20,"134.3","2021-01-24 10:45:00"
"1016390",20,"110.3","2021-01-24 11:00:00"
"1016444",20,"109.9","2021-01-24 11:15:00"
"1018172",20,"46.8","2021-01-24 19:15:00"
"1018226",20,"30.8","2021-01-24 19:30:00"
"1018280",20,"43.5","2021-01-24 19:45:00"
"1018334",20,"37.5","2021-01-24 20:00:00"
"1018388",20,"54","2021-01-24 20:15:00"
"1018442",20,"41.2","2021-01-24 20:30:00"
"1018496",20,"70.5","2021-01-24 20:45:00"
"1018550",20,"79.3","2021-01-24 21:00:00"
"1018604",20,"74","2021-01-24 21:15:00"
"1018658",20,"73.7","2021-01-24 21:30:00"
"1019792",20,"0","2021-01-25 02:45:00"
"1019846",20,"0","2021-01-25 03:00:00"
"1019900",20,"0","2021-01-25 03:15:00"
"1019954",20,"0","2021-01-25 03:30:00"
"1020008",20,"0","2021-01-25 03:45:00"
"1020062",20,"0","2021-01-25 04:00:00"
"1020116",20,"0","2021-01-25 04:15:00"
"1020170",20,"0","2021-01-25 04:30:00"
"1020224",20,"0","2021-01-25 04:45:00"
"1020278",20,"0","2021-01-25 05:00:00"
"1020332",20,"0","2021-01-25 05:15:00"
"1021466",20,"145.6","2021-01-25 10:30:00"
"1021520",20,"63.5","2021-01-25 10:45:00"
"1021574",20,"69.9","2021-01-25 11:00:00"
"1021628",20,"48.3","2021-01-25 11:15:00"
"1021682",20,"62.3","2021-01-25 11:30:00"
"1021736",20,"62.5","2021-01-25 11:45:00"
"1021790",20,"105.7","2021-01-25 12:00:00"
"1021844",20,"163.9","2021-01-25 12:15:00"
"1021898",20,"183","2021-01-25 12:30:00"
"1021952",20,"0","2021-01-25 12:45:00"
"1023140",20,"212.1","2021-01-25 18:15:00"
"1023194",20,"208.8","2021-01-25 18:30:00"
"1023248",20,"208.3","2021-01-25 18:45:00"
"1023302",20,"213.7","2021-01-25 19:00:00"
"1023356",20,"224.8","2021-01-25 19:15:00"
"1023410",20,"231.7","2021-01-25 19:30:00"
"1023464",20,"233.9","2021-01-25 19:45:00"
"1023518",20,"211.2","2021-01-25 20:00:00"
"1023572",20,"174.3","2021-01-25 20:15:00"
"1023626",20,"158.1","2021-01-25 20:30:00"
"1024760",20,"0","2021-01-26 01:45:00"
"1024814",20,"0","2021-01-26 02:00:00"
"1024868",20,"0","2021-01-26 02:15:00"
"1024922",20,"247.7","2021-01-26 02:30:00"
"1024976",20,"253.3","2021-01-26 02:45:00"
"1025030",20,"0","2021-01-26 03:00:00"
"1025084",20,"0","2021-01-26 03:15:00"
"1025138",20,"0","2021-01-26 03:30:00"
"1025192",20,"0","2021-01-26 03:45:00"
"1025246",20,"0","2021-01-26 04:00:00"
"1025300",20,"0","2021-01-26 04:15:00"
"1026434",20,"51.9","2021-01-26 09:30:00"
"1026488",20,"68.8","2021-01-26 09:45:00"
"1026542",20,"41.8","2021-01-26 10:00:00"
"1026596",20,"37.9","2021-01-26 10:15:00"
"1026650",20,"42.8","2021-01-26 10:30:00"
"1026704",20,"43.8","2021-01-26 10:45:00"
"1026758",20,"38.7","2021-01-26 11:00:00"
"1026812",20,"35","2021-01-26 11:15:00"
"1026866",20,"37.1","2021-01-26 11:30:00"
"1026920",20,"70.2","2021-01-26 11:45:00"
"1028648",20,"51.5","2021-01-26 19:45:00"
"1028702",20,"48.2","2021-01-26 20:00:00"
"1028756",20,"46.4","2021-01-26 20:15:00"
"1028810",20,"51.1","2021-01-26 20:30:00"
"1028864",20,"54.3","2021-01-26 20:45:00"
"1028918",20,"58","2021-01-26 21:00:00"
"1028972",20,"55.6","2021-01-26 21:15:00"
"1029026",20,"56.2","2021-01-26 21:30:00"
"1029080",20,"62.5","2021-01-26 21:45:00"
"1029134",20,"73.6","2021-01-26 22:00:00"
"1030322",20,"0","2021-01-27 03:30:00"
"1030376",20,"0","2021-01-27 03:45:00"
"1030430",20,"0","2021-01-27 04:00:00"
"1030484",20,"0","2021-01-27 04:15:00"
"1030538",20,"0","2021-01-27 04:30:00"
"1030592",20,"0","2021-01-27 04:45:00"
"1030646",20,"0","2021-01-27 05:00:00"
"1030700",20,"0","2021-01-27 05:15:00"
"1030754",20,"0","2021-01-27 05:30:00"
"1030808",20,"0","2021-01-27 05:45:00"
"1031942",20,"2.5","2021-01-27 11:00:00"
"1031996",20,"2.1","2021-01-27 11:15:00"
"1032050",20,"351","2021-01-27 11:30:00"
"1032104",20,"341.8","2021-01-27 11:45:00"
"1032158",20,"353.1","2021-01-27 12:00:00"
"1032212",20,"332.3","2021-01-27 12:15:00"
"1032266",20,"324.2","2021-01-27 12:30:00"
"1032320",20,"314.5","2021-01-27 12:45:00"
"1032374",20,"317.8","2021-01-27 13:00:00"
"1032428",20,"320.6","2021-01-27 13:15:00"
"1034156",20,"14.9","2021-01-27 21:15:00"
"1034210",20,"358.3","2021-01-27 21:30:00"
"1034264",20,"26.4","2021-01-27 21:45:00"
"1034318",20,"17.4","2021-01-27 22:00:00"
"1034372",20,"0","2021-01-27 22:15:00"
"1034426",20,"23.4","2021-01-27 22:30:00"
"1034480",20,"0","2021-01-27 22:45:00"
"1034534",20,"0","2021-01-27 23:00:00"
"1034588",20,"0","2021-01-27 23:15:00"
"1034642",20,"0","2021-01-27 23:30:00"
"1035830",20,"0","2021-01-28 05:00:00"
"1035884",20,"0","2021-01-28 05:15:00"
"1035938",20,"0","2021-01-28 05:30:00"
"1035992",20,"0","2021-01-28 05:45:00"
"1036046",20,"0","2021-01-28 06:00:00"
"1036100",20,"0","2021-01-28 06:15:00"
"1036154",20,"0","2021-01-28 06:30:00"
"1036208",20,"0","2021-01-28 06:45:00"
"1036262",20,"0","2021-01-28 07:00:00"
"1036316",20,"0","2021-01-28 07:15:00"
"1037450",20,"7.3","2021-01-28 12:30:00"
"1037504",20,"28.7","2021-01-28 12:45:00"
"1037558",20,"24.1","2021-01-28 13:00:00"
"1037612",20,"12.4","2021-01-28 13:15:00"
"1037666",20,"7.1","2021-01-28 13:30:00"
"1037720",20,"22.1","2021-01-28 13:45:00"
"1037774",20,"31.7","2021-01-28 14:00:00"
"1037828",20,"23.8","2021-01-28 14:15:00"
"1037882",20,"26.7","2021-01-28 14:30:00"
"1037936",20,"338.1","2021-01-28 14:45:00"
"1037990",20,"345.6","2021-01-28 15:00:00"
"1038584",20,"0","2021-01-28 17:45:00"
"1038638",20,"164.7","2021-01-28 18:00:00"
"1038692",20,"145.4","2021-01-28 18:15:00"
"1038746",20,"0","2021-01-28 18:30:00"
"1038800",20,"125.7","2021-01-28 18:45:00"
"1038854",20,"121.9","2021-01-28 19:00:00"
"1039502",20,"0","2021-01-28 22:00:00"
"1039556",20,"0","2021-01-28 22:15:00"
"1039610",20,"55.1","2021-01-28 22:30:00"
"1044632",20,"37.9","2021-01-29 21:45:00"
"1044686",20,"42.5","2021-01-29 22:00:00"
"1044740",20,"36.8","2021-01-29 22:15:00"
"1044794",20,"19.9","2021-01-29 22:30:00"
"1044848",20,"23.8","2021-01-29 22:45:00"
"1044902",20,"22.9","2021-01-29 23:00:00"
"1044956",20,"30.6","2021-01-29 23:15:00"
"1045010",20,"56.1","2021-01-29 23:30:00"
"1045064",20,"33.6","2021-01-29 23:45:00"
"1045118",20,"43.4","2021-01-30 00:00:00"
"1045172",20,"40.2","2021-01-30 00:15:00"
"1046306",20,"0","2021-01-30 05:30:00"
"1046360",20,"107.4","2021-01-30 05:45:00"
"1046414",20,"90.2","2021-01-30 06:00:00"
"1046468",20,"95.2","2021-01-30 06:15:00"
"1046522",20,"94.8","2021-01-30 06:30:00"
"1046576",20,"93.8","2021-01-30 06:45:00"
"1046630",20,"93.1","2021-01-30 07:00:00"
"1046684",20,"0","2021-01-30 07:15:00"
"1046738",20,"70.6","2021-01-30 07:30:00"
"1046792",20,"0","2021-01-30 07:45:00"
"1047980",20,"151.1","2021-01-30 13:15:00"
"1048034",20,"153.5","2021-01-30 13:30:00"
"1048088",20,"144.1","2021-01-30 13:45:00"
"1048142",20,"146.7","2021-01-30 14:00:00"
"1048196",20,"151.4","2021-01-30 14:15:00"
"1048250",20,"149.1","2021-01-30 14:30:00"
"1048304",20,"158","2021-01-30 14:45:00"
"1048358",20,"162.2","2021-01-30 15:00:00"
"1048412",20,"168.5","2021-01-30 15:15:00"
"1048466",20,"160.2","2021-01-30 15:30:00"
"1049060",20,"223","2021-01-30 18:15:00"
"1049114",20,"238.6","2021-01-30 18:30:00"
"1049168",20,"269.2","2021-01-30 18:45:00"
"1049222",20,"261.6","2021-01-30 19:00:00"
"1004186",20,"125.3","2021-01-22 02:30:00"
"1004240",20,"112.1","2021-01-22 02:45:00"
"1004294",20,"112.8","2021-01-22 03:00:00"
"1005482",20,"104.5","2021-01-22 08:30:00"
"1005536",20,"94.3","2021-01-22 08:45:00"
"1005590",20,"96.9","2021-01-22 09:00:00"
"1005644",20,"98.5","2021-01-22 09:15:00"
"1005698",20,"94.4","2021-01-22 09:30:00"
"1005752",20,"90.1","2021-01-22 09:45:00"
"1005806",20,"101.1","2021-01-22 10:00:00"
"1005860",20,"107","2021-01-22 10:15:00"
"1005914",20,"104.7","2021-01-22 10:30:00"
"1005968",20,"94","2021-01-22 10:45:00"
"1006562",20,"77.9","2021-01-22 13:30:00"
"1006616",20,"43.1","2021-01-22 13:45:00"
"1006670",20,"28.6","2021-01-22 14:00:00"
"1006724",20,"39.6","2021-01-22 14:15:00"
"1006778",20,"37","2021-01-22 14:30:00"
"1006832",20,"338.5","2021-01-22 14:45:00"
"1006886",20,"50.9","2021-01-22 15:00:00"
"1006940",20,"6.2","2021-01-22 15:15:00"
"1006994",20,"199.7","2021-01-22 15:30:00"
"1007048",20,"188.8","2021-01-22 15:45:00"
"1007642",20,"195.7","2021-01-22 18:30:00"
"1007696",20,"172.4","2021-01-22 18:45:00"
"1007750",20,"174.2","2021-01-22 19:00:00"
"1007804",20,"161","2021-01-22 19:15:00"
"1007858",20,"168.3","2021-01-22 19:30:00"
"1007912",20,"166.5","2021-01-22 19:45:00"
"1007966",20,"0","2021-01-22 20:00:00"
"1008020",20,"263","2021-01-22 20:15:00"
"1008074",20,"250.1","2021-01-22 20:30:00"
"1008128",20,"263.2","2021-01-22 20:45:00"
"1008182",20,"261.4","2021-01-22 21:00:00"
"1008776",20,"129.4","2021-01-22 23:45:00"
"1008830",20,"132.2","2021-01-23 00:00:00"
"1008884",20,"124.5","2021-01-23 00:15:00"
"1008938",20,"122.8","2021-01-23 00:30:00"
"1008992",20,"132.1","2021-01-23 00:45:00"
"1009046",20,"132.4","2021-01-23 01:00:00"
"1009100",20,"159.8","2021-01-23 01:15:00"
"1009154",20,"174.3","2021-01-23 01:30:00"
"1009208",20,"156.3","2021-01-23 01:45:00"
"1009262",20,"134.4","2021-01-23 02:00:00"
"1009856",20,"0","2021-01-23 04:45:00"
"1009910",20,"0","2021-01-23 05:00:00"
"1009964",20,"0","2021-01-23 05:15:00"
"1010018",20,"0","2021-01-23 05:30:00"
"1010072",20,"0","2021-01-23 05:45:00"
"1010126",20,"0","2021-01-23 06:00:00"
"1010180",20,"97.6","2021-01-23 06:15:00"
"1010234",20,"95.7","2021-01-23 06:30:00"
"1010288",20,"96.4","2021-01-23 06:45:00"
"1010342",20,"94.4","2021-01-23 07:00:00"
"1010396",20,"109","2021-01-23 07:15:00"
"1012070",20,"76.1","2021-01-23 15:00:00"
"1012124",20,"68.5","2021-01-23 15:15:00"
"1012178",20,"92.5","2021-01-23 15:30:00"
"1012232",20,"89.9","2021-01-23 15:45:00"
"1012286",20,"91.6","2021-01-23 16:00:00"
"1012340",20,"119","2021-01-23 16:15:00"
"1012394",20,"123.3","2021-01-23 16:30:00"
"1012448",20,"139.4","2021-01-23 16:45:00"
"1012502",20,"126.8","2021-01-23 17:00:00"
"1012556",20,"157.8","2021-01-23 17:15:00"
"1013744",20,"94.1","2021-01-23 22:45:00"
"1013798",20,"110.4","2021-01-23 23:00:00"
"1013852",20,"96.4","2021-01-23 23:15:00"
"1013906",20,"120.1","2021-01-23 23:30:00"
"1013960",20,"131.6","2021-01-23 23:45:00"
"1014014",20,"144.3","2021-01-24 00:00:00"
"1014068",20,"0","2021-01-24 00:15:00"
"1014122",20,"0","2021-01-24 00:30:00"
"1014176",20,"190.3","2021-01-24 00:45:00"
"1014230",20,"0","2021-01-24 01:00:00"
"1015418",20,"356.8","2021-01-24 06:30:00"
"1015472",20,"350.5","2021-01-24 06:45:00"
"1015526",20,"338.2","2021-01-24 07:00:00"
"1015580",20,"337.5","2021-01-24 07:15:00"
"1015634",20,"297.6","2021-01-24 07:30:00"
"1015688",20,"0","2021-01-24 07:45:00"
"1015742",20,"0","2021-01-24 08:00:00"
"1015796",20,"0","2021-01-24 08:15:00"
"1015850",20,"119.4","2021-01-24 08:30:00"
"1015904",20,"123.5","2021-01-24 08:45:00"
"1017038",20,"152.8","2021-01-24 14:00:00"
"1017092",20,"165.7","2021-01-24 14:15:00"
"1017146",20,"161.9","2021-01-24 14:30:00"
"1017200",20,"167.2","2021-01-24 14:45:00"
"1017254",20,"153.3","2021-01-24 15:00:00"
"1017308",20,"151.2","2021-01-24 15:15:00"
"1017362",20,"138.4","2021-01-24 15:30:00"
"1017416",20,"139.5","2021-01-24 15:45:00"
"1017470",20,"163.3","2021-01-24 16:00:00"
"1017524",20,"182.9","2021-01-24 16:15:00"
"1018712",20,"50.8","2021-01-24 21:45:00"
"1018766",20,"59.3","2021-01-24 22:00:00"
"1018820",20,"73.5","2021-01-24 22:15:00"
"1018874",20,"66.8","2021-01-24 22:30:00"
"1018928",20,"53.9","2021-01-24 22:45:00"
"1018982",20,"73.5","2021-01-24 23:00:00"
"1019036",20,"89.6","2021-01-24 23:15:00"
"1019090",20,"86","2021-01-24 23:30:00"
"1019144",20,"92.1","2021-01-24 23:45:00"
"1019198",20,"106.4","2021-01-25 00:00:00"
"1020386",20,"0","2021-01-25 05:30:00"
"1020440",20,"0","2021-01-25 05:45:00"
"1020494",20,"0","2021-01-25 06:00:00"
"1020548",20,"0","2021-01-25 06:15:00"
"1020602",20,"0","2021-01-25 06:30:00"
"1020656",20,"0","2021-01-25 06:45:00"
"1020710",20,"0","2021-01-25 07:00:00"
"1020764",20,"0","2021-01-25 07:15:00"
"1020818",20,"0","2021-01-25 07:30:00"
"1020872",20,"0","2021-01-25 07:45:00"
"1022546",20,"348.6","2021-01-25 15:30:00"
"1022600",20,"345.2","2021-01-25 15:45:00"
"1022654",20,"331.3","2021-01-25 16:00:00"
"1022708",20,"335.3","2021-01-25 16:15:00"
"1022762",20,"330.7","2021-01-25 16:30:00"
"1022816",20,"295.4","2021-01-25 16:45:00"
"1022870",20,"284.1","2021-01-25 17:00:00"
"1022924",20,"274.3","2021-01-25 17:15:00"
"1022978",20,"247.7","2021-01-25 17:30:00"
"1023032",20,"0","2021-01-25 17:45:00"
"1023086",20,"211.7","2021-01-25 18:00:00"
"1024220",20,"151","2021-01-25 23:15:00"
"1024274",20,"168.9","2021-01-25 23:30:00"
"1024328",20,"167.3","2021-01-25 23:45:00"
"1024382",20,"0","2021-01-26 00:00:00"
"1024436",20,"0","2021-01-26 00:15:00"
"1024490",20,"226","2021-01-26 00:30:00"
"1024544",20,"246.8","2021-01-26 00:45:00"
"1024598",20,"0","2021-01-26 01:00:00"
"1024652",20,"0","2021-01-26 01:15:00"
"1024706",20,"0","2021-01-26 01:30:00"
"1025894",20,"76.8","2021-01-26 07:00:00"
"1025948",20,"78.4","2021-01-26 07:15:00"
"1026002",20,"0","2021-01-26 07:30:00"
"1026056",20,"70.9","2021-01-26 07:45:00"
"1026110",20,"76.8","2021-01-26 08:00:00"
"1026164",20,"93.8","2021-01-26 08:15:00"
"1026218",20,"80.9","2021-01-26 08:30:00"
"1026272",20,"61.7","2021-01-26 08:45:00"
"1026326",20,"63.8","2021-01-26 09:00:00"
"1026380",20,"60.5","2021-01-26 09:15:00"
"1027514",20,"5","2021-01-26 14:30:00"
"1027568",20,"32.5","2021-01-26 14:45:00"
"1027622",20,"38.1","2021-01-26 15:00:00"
"1027676",20,"34.2","2021-01-26 15:15:00"
"1027730",20,"48.1","2021-01-26 15:30:00"
"1027784",20,"38.3","2021-01-26 15:45:00"
"1027838",20,"60","2021-01-26 16:00:00"
"1027892",20,"20.8","2021-01-26 16:15:00"
"1027946",20,"23.4","2021-01-26 16:30:00"
"1028000",20,"25.3","2021-01-26 16:45:00"
"1028054",20,"35.6","2021-01-26 17:00:00"
"1029188",20,"67.8","2021-01-26 22:15:00"
"1029242",20,"59.1","2021-01-26 22:30:00"
"1029296",20,"74.1","2021-01-26 22:45:00"
"1029350",20,"83.2","2021-01-26 23:00:00"
"1029404",20,"88.9","2021-01-26 23:15:00"
"1029458",20,"88.6","2021-01-26 23:30:00"
"1029512",20,"83.9","2021-01-26 23:45:00"
"1029566",20,"84.4","2021-01-27 00:00:00"
"1029620",20,"0","2021-01-27 00:15:00"
"1029674",20,"0","2021-01-27 00:30:00"
"1030862",20,"0","2021-01-27 06:00:00"
"1030916",20,"0","2021-01-27 06:15:00"
"1030970",20,"0","2021-01-27 06:30:00"
"1031024",20,"83.2","2021-01-27 06:45:00"
"1031078",20,"20.1","2021-01-27 07:00:00"
"1031132",20,"24.3","2021-01-27 07:15:00"
"1031186",20,"12.6","2021-01-27 07:30:00"
"1031240",20,"0","2021-01-27 07:45:00"
"1031294",20,"35","2021-01-27 08:00:00"
"1031348",20,"24.6","2021-01-27 08:15:00"
"1033076",20,"211.4","2021-01-27 16:15:00"
"1033130",20,"239","2021-01-27 16:30:00"
"1033184",20,"212.2","2021-01-27 16:45:00"
"1033238",20,"166.4","2021-01-27 17:00:00"
"1033292",20,"150.9","2021-01-27 17:15:00"
"1033346",20,"165","2021-01-27 17:30:00"
"1033400",20,"159.3","2021-01-27 17:45:00"
"1033454",20,"172.9","2021-01-27 18:00:00"
"1033508",20,"0","2021-01-27 18:15:00"
"1033562",20,"0","2021-01-27 18:30:00"
"1034696",20,"0","2021-01-27 23:45:00"
"1034750",20,"55.1","2021-01-28 00:00:00"
"1034804",20,"0","2021-01-28 00:15:00"
"1034858",20,"0","2021-01-28 00:30:00"
"1034912",20,"0","2021-01-28 00:45:00"
"1034966",20,"0","2021-01-28 01:00:00"
"1035020",20,"0","2021-01-28 01:15:00"
"1035074",20,"0","2021-01-28 01:30:00"
"1035128",20,"0","2021-01-28 01:45:00"
"1035182",20,"0","2021-01-28 02:00:00"
"1035236",20,"46.1","2021-01-28 02:15:00"
"1036370",20,"0","2021-01-28 07:30:00"
"1036424",20,"0","2021-01-28 07:45:00"
"1036478",20,"0","2021-01-28 08:00:00"
"1036532",20,"0","2021-01-28 08:15:00"
"1036586",20,"0","2021-01-28 08:30:00"
"1036640",20,"277","2021-01-28 08:45:00"
"1036694",20,"0","2021-01-28 09:00:00"
"1036748",20,"0","2021-01-28 09:15:00"
"1036802",20,"0","2021-01-28 09:30:00"
"1036856",20,"0","2021-01-28 09:45:00"
"1038044",20,"348.7","2021-01-28 15:15:00"
"1038098",20,"346","2021-01-28 15:30:00"
"1038152",20,"352.7","2021-01-28 15:45:00"
"1038206",20,"352.7","2021-01-28 16:00:00"
"1038260",20,"0.30000000000000004","2021-01-28 16:15:00"
"1038314",20,"6.4","2021-01-28 16:30:00"
"1038368",20,"32.5","2021-01-28 16:45:00"
"1038422",20,"18.2","2021-01-28 17:00:00"
"1038476",20,"347.8","2021-01-28 17:15:00"
"1038530",20,"0","2021-01-28 17:30:00"
"1039664",20,"48.3","2021-01-28 22:45:00"
"1039718",20,"30.3","2021-01-28 23:00:00"
"1039772",20,"29.9","2021-01-28 23:15:00"
"1039826",20,"70.4","2021-01-28 23:30:00"
"1039880",20,"45.8","2021-01-28 23:45:00"
"1039934",20,"48.5","2021-01-29 00:00:00"
"1039988",20,"54.7","2021-01-29 00:15:00"
"1040042",20,"57.5","2021-01-29 00:30:00"
"1040096",20,"48.3","2021-01-29 00:45:00"
"1040150",20,"46.2","2021-01-29 01:00:00"
"1040204",20,"57.6","2021-01-29 01:15:00"
"1040798",20,"30.6","2021-01-29 04:00:00"
"1040852",20,"37.2","2021-01-29 04:15:00"
"1040906",20,"18.7","2021-01-29 04:30:00"
"1040960",20,"25.1","2021-01-29 04:45:00"
"1041014",20,"22.8","2021-01-29 05:00:00"
"1041068",20,"32.1","2021-01-29 05:15:00"
"1041122",20,"45","2021-01-29 05:30:00"
"1041176",20,"0","2021-01-29 05:45:00"
"1041230",20,"51.9","2021-01-29 06:00:00"
"1041284",20,"36.8","2021-01-29 06:15:00"
"1041878",20,"25","2021-01-29 09:00:00"
"1041932",20,"28.6","2021-01-29 09:15:00"
"1041986",20,"14.6","2021-01-29 09:30:00"
"1042040",20,"38.3","2021-01-29 09:45:00"
"1042094",20,"38.7","2021-01-29 10:00:00"
"1042148",20,"35.2","2021-01-29 10:15:00"
"1042202",20,"37.2","2021-01-29 10:30:00"
"1042256",20,"39.2","2021-01-29 10:45:00"
"1042310",20,"36.1","2021-01-29 11:00:00"
"1042364",20,"4.1","2021-01-29 11:15:00"
"1043012",20,"315.5","2021-01-29 14:15:00"
"1043066",20,"310.8","2021-01-29 14:30:00"
"1043120",20,"302.2","2021-01-29 14:45:00"
"1043174",20,"299.9","2021-01-29 15:00:00"
"1043228",20,"305.9","2021-01-29 15:15:00"
"1043282",20,"320.3","2021-01-29 15:30:00"
"1043336",20,"301.3","2021-01-29 15:45:00"
"1043390",20,"305","2021-01-29 16:00:00"
"1043444",20,"305.6","2021-01-29 16:15:00"
"1043498",20,"296.3","2021-01-29 16:30:00"
"1044092",20,"26.3","2021-01-29 19:15:00"
"1044146",20,"27.9","2021-01-29 19:30:00"
"1044200",20,"42","2021-01-29 19:45:00"
"1044254",20,"46.6","2021-01-29 20:00:00"
"1044308",20,"48.3","2021-01-29 20:15:00"
"1044362",20,"45.7","2021-01-29 20:30:00"
"1044416",20,"41.6","2021-01-29 20:45:00"
"1044470",20,"38.4","2021-01-29 21:00:00"
"1044524",20,"40","2021-01-29 21:15:00"
"1044578",20,"41","2021-01-29 21:30:00"
"1045766",20,"347.9","2021-01-30 03:00:00"
"1045820",20,"1.9","2021-01-30 03:15:00"
"1045874",20,"8.9","2021-01-30 03:30:00"
"1045928",20,"17.4","2021-01-30 03:45:00"
"1045982",20,"0","2021-01-30 04:00:00"
"1046036",20,"0","2021-01-30 04:15:00"
"1046090",20,"68.4","2021-01-30 04:30:00"
"1046144",20,"0","2021-01-30 04:45:00"
"1046198",20,"0","2021-01-30 05:00:00"
"1046252",20,"199.9","2021-01-30 05:15:00"
"1047386",20,"202.6","2021-01-30 10:30:00"
"1047440",20,"179.2","2021-01-30 10:45:00"
"1047494",20,"168.1","2021-01-30 11:00:00"
"1047548",20,"160.8","2021-01-30 11:15:00"
"1047602",20,"176.9","2021-01-30 11:30:00"
"1047656",20,"176","2021-01-30 11:45:00"
"1047710",20,"175.3","2021-01-30 12:00:00"
"1047764",20,"165.2","2021-01-30 12:15:00"
"1047818",20,"181.7","2021-01-30 12:30:00"
"1047872",20,"165.4","2021-01-30 12:45:00"
"1047926",20,"156.7","2021-01-30 13:00:00"
"1049600",20,"32.6","2021-01-30 20:45:00"
"1049654",20,"35.1","2021-01-30 21:00:00"
"1049708",20,"47.6","2021-01-30 21:15:00"
"1049276",20,"0","2021-01-30 19:15:00"
"1049330",20,"0","2021-01-30 19:30:00"
"1049384",20,"0","2021-01-30 19:45:00"
"1049438",20,"0","2021-01-30 20:00:00"
"1049492",20,"334.4","2021-01-30 20:15:00"
"1049546",20,"28.2","2021-01-30 20:30:00"
"1055162",20,"0","2021-01-31 22:30:00"
"1055216",20,"0","2021-01-31 22:45:00"
"1055270",20,"0","2021-01-31 23:00:00"
"1055324",20,"0","2021-01-31 23:15:00"
"1055378",20,"0","2021-01-31 23:30:00"
"1055432",20,"0","2021-01-31 23:45:00"
"1055486",20,"0","2021-02-01 00:00:00"
"1055540",20,"0","2021-02-01 00:15:00"
"1055594",20,"0","2021-02-01 00:30:00"
"1055648",20,"0","2021-02-01 00:45:00"
"1056782",20,"0","2021-02-01 06:00:00"
"1056836",20,"0","2021-02-01 06:15:00"
"1056890",20,"0","2021-02-01 06:30:00"
"1056944",20,"0","2021-02-01 06:45:00"
"1056998",20,"0","2021-02-01 07:00:00"
"1057052",20,"0","2021-02-01 07:15:00"
"1057106",20,"0","2021-02-01 07:30:00"
"1057160",20,"59.3","2021-02-01 07:45:00"
"1057214",20,"52.8","2021-02-01 08:00:00"
"1057268",20,"43.9","2021-02-01 08:15:00"
"1058456",20,"321.1","2021-02-01 13:45:00"
"1058510",20,"354.1","2021-02-01 14:00:00"
"1058564",20,"345.3","2021-02-01 14:15:00"
"1058618",20,"329.6","2021-02-01 14:30:00"
"1058672",20,"331.4","2021-02-01 14:45:00"
"1058726",20,"310.1","2021-02-01 15:00:00"
"1058780",20,"287.5","2021-02-01 15:15:00"
"1058834",20,"266.7","2021-02-01 15:30:00"
"1058888",20,"289.3","2021-02-01 15:45:00"
"1058942",20,"277.6","2021-02-01 16:00:00"
"1060130",20,"0","2021-02-01 21:30:00"
"1060184",20,"0","2021-02-01 21:45:00"
"1060238",20,"27.2","2021-02-01 22:00:00"
"1060292",20,"43","2021-02-01 22:15:00"
"1060346",20,"58.9","2021-02-01 22:30:00"
"1060400",20,"64.2","2021-02-01 22:45:00"
"1060454",20,"0","2021-02-01 23:00:00"
"1060508",20,"122.1","2021-02-01 23:15:00"
"1060562",20,"146.4","2021-02-01 23:30:00"
"1060616",20,"165.9","2021-02-01 23:45:00"
"1061210",20,"214.6","2021-02-02 02:30:00"
"1061264",20,"0","2021-02-02 02:45:00"
"1061318",20,"0","2021-02-02 03:00:00"
"1061372",20,"321.3","2021-02-02 03:15:00"
"1061426",20,"328","2021-02-02 03:30:00"
"1061480",20,"347.4","2021-02-02 03:45:00"
"1061534",20,"7.1","2021-02-02 04:00:00"
"1061588",20,"25.3","2021-02-02 04:15:00"
"1061642",20,"275.9","2021-02-02 04:30:00"
"1061696",20,"269","2021-02-02 04:45:00"
"1062290",20,"0","2021-02-02 07:30:00"
"1062344",20,"0","2021-02-02 07:45:00"
"1062398",20,"113.2","2021-02-02 08:00:00"
"1062452",20,"110.1","2021-02-02 08:15:00"
"1062506",20,"121.2","2021-02-02 08:30:00"
"1062560",20,"91.4","2021-02-02 08:45:00"
"1062614",20,"69.7","2021-02-02 09:00:00"
"1062668",20,"85.8","2021-02-02 09:15:00"
"1062722",20,"65.1","2021-02-02 09:30:00"
"1062776",20,"72.6","2021-02-02 09:45:00"
"1062830",20,"6.8","2021-02-02 10:00:00"
"1063964",20,"46.4","2021-02-02 15:15:00"
"1064018",20,"76.5","2021-02-02 15:30:00"
"1064072",20,"57.2","2021-02-02 15:45:00"
"1064126",20,"250.4","2021-02-02 16:00:00"
"1064180",20,"238.6","2021-02-02 16:15:00"
"1064234",20,"244.6","2021-02-02 16:30:00"
"1064288",20,"229.7","2021-02-02 16:45:00"
"1064342",20,"214.1","2021-02-02 17:00:00"
"1064396",20,"219.9","2021-02-02 17:15:00"
"1064450",20,"229.5","2021-02-02 17:30:00"
"1065638",20,"69.2","2021-02-02 23:00:00"
"1065692",20,"0","2021-02-02 23:15:00"
"1065746",20,"0","2021-02-02 23:30:00"
"1065800",20,"0","2021-02-02 23:45:00"
"1065854",20,"0","2021-02-03 00:00:00"
"1065908",20,"0","2021-02-03 00:15:00"
"1065962",20,"93.9","2021-02-03 00:30:00"
"1066016",20,"73.2","2021-02-03 00:45:00"
"1066070",20,"61.1","2021-02-03 01:00:00"
"1066124",20,"51.1","2021-02-03 01:15:00"
"1067258",20,"0","2021-02-03 06:30:00"
"1067312",20,"0","2021-02-03 06:45:00"
"1067366",20,"85.9","2021-02-03 07:00:00"
"1067420",20,"77","2021-02-03 07:15:00"
"1067474",20,"96.1","2021-02-03 07:30:00"
"1067528",20,"94.6","2021-02-03 07:45:00"
"1067582",20,"102.6","2021-02-03 08:00:00"
"1067636",20,"92.8","2021-02-03 08:15:00"
"1067690",20,"105.8","2021-02-03 08:30:00"
"1067744",20,"98","2021-02-03 08:45:00"
"1067798",20,"80.3","2021-02-03 09:00:00"
"1068932",20,"61.6","2021-02-03 14:15:00"
"1068986",20,"51.6","2021-02-03 14:30:00"
"1069040",20,"75.7","2021-02-03 14:45:00"
"1069094",20,"87","2021-02-03 15:00:00"
"1069148",20,"49.8","2021-02-03 15:15:00"
"1069202",20,"227.5","2021-02-03 15:30:00"
"1069256",20,"281.8","2021-02-03 15:45:00"
"1069310",20,"313.6","2021-02-03 16:00:00"
"1069364",20,"355","2021-02-03 16:15:00"
"1069418",20,"118","2021-02-03 16:30:00"
"1070066",20,"208.3","2021-02-03 19:30:00"
"1070120",20,"196.8","2021-02-03 19:45:00"
"1070174",20,"246.8","2021-02-03 20:00:00"
"1070228",20,"226.8","2021-02-03 20:15:00"
"1070282",20,"240","2021-02-03 20:30:00"
"1070336",20,"271","2021-02-03 20:45:00"
"1070390",20,"0","2021-02-03 21:00:00"
"1070444",20,"0","2021-02-03 21:15:00"
"1070498",20,"0","2021-02-03 21:30:00"
"1070552",20,"277.8","2021-02-03 21:45:00"
"1072226",20,"0","2021-02-04 05:30:00"
"1072280",20,"0","2021-02-04 05:45:00"
"1072334",20,"29","2021-02-04 06:00:00"
"1072388",20,"34.2","2021-02-04 06:15:00"
"1072442",20,"28.8","2021-02-04 06:30:00"
"1072496",20,"0","2021-02-04 06:45:00"
"1072550",20,"265.1","2021-02-04 07:00:00"
"1072604",20,"256.2","2021-02-04 07:15:00"
"1072658",20,"277.9","2021-02-04 07:30:00"
"1072712",20,"279.3","2021-02-04 07:45:00"
"1072766",20,"280.6","2021-02-04 08:00:00"
"1074440",20,"264.6","2021-02-04 15:45:00"
"1074494",20,"272.3","2021-02-04 16:00:00"
"1074548",20,"274.6","2021-02-04 16:15:00"
"1074602",20,"277.5","2021-02-04 16:30:00"
"1074656",20,"277.1","2021-02-04 16:45:00"
"1074710",20,"272.2","2021-02-04 17:00:00"
"1074764",20,"280.9","2021-02-04 17:15:00"
"1074818",20,"277.2","2021-02-04 17:30:00"
"1074872",20,"271.5","2021-02-04 17:45:00"
"1074926",20,"258.2","2021-02-04 18:00:00"
"1074980",20,"252.6","2021-02-04 18:15:00"
"1075574",20,"247.8","2021-02-04 21:00:00"
"1075628",20,"252.8","2021-02-04 21:15:00"
"1075682",20,"252","2021-02-04 21:30:00"
"1075736",20,"245.1","2021-02-04 21:45:00"
"1075790",20,"257.9","2021-02-04 22:00:00"
"1075844",20,"264.2","2021-02-04 22:15:00"
"1075898",20,"260.5","2021-02-04 22:30:00"
"1075952",20,"258.4","2021-02-04 22:45:00"
"1076006",20,"264","2021-02-04 23:00:00"
"1076060",20,"258.9","2021-02-04 23:15:00"
"1076654",20,"0","2021-02-05 02:00:00"
"1076708",20,"0","2021-02-05 02:15:00"
"1076762",20,"224","2021-02-05 02:30:00"
"1076816",20,"225.6","2021-02-05 02:45:00"
"1076870",20,"229.6","2021-02-05 03:00:00"
"1077788",20,"215.9","2021-02-05 07:15:00"
"1077842",20,"210.4","2021-02-05 07:30:00"
"1077896",20,"210.6","2021-02-05 07:45:00"
"1077950",20,"167.2","2021-02-05 08:00:00"
"1078004",20,"157.8","2021-02-05 08:15:00"
"1078058",20,"144.6","2021-02-05 08:30:00"
"1078112",20,"155.6","2021-02-05 08:45:00"
"1078166",20,"145","2021-02-05 09:00:00"
"1078220",20,"148.4","2021-02-05 09:15:00"
"1078274",20,"138.5","2021-02-05 09:30:00"
"1078868",20,"248.1","2021-02-05 12:15:00"
"1078922",20,"272.7","2021-02-05 12:30:00"
"1078976",20,"218.8","2021-02-05 12:45:00"
"1079030",20,"220.3","2021-02-05 13:00:00"
"1079084",20,"258.8","2021-02-05 13:15:00"
"1079678",20,"243.6","2021-02-05 16:00:00"
"1079732",20,"240.1","2021-02-05 16:15:00"
"1079786",20,"243.4","2021-02-05 16:30:00"
"1079840",20,"233","2021-02-05 16:45:00"
"1079894",20,"217.6","2021-02-05 17:00:00"
"1079948",20,"225.8","2021-02-05 17:15:00"
"1080542",20,"256.9","2021-02-05 20:00:00"
"1080596",20,"253","2021-02-05 20:15:00"
"1080650",20,"255.7","2021-02-05 20:30:00"
"1080704",20,"254.5","2021-02-05 20:45:00"
"1080758",20,"272","2021-02-05 21:00:00"
"1081082",20,"270.9","2021-02-05 22:30:00"
"1081136",20,"274.7","2021-02-05 22:45:00"
"1081190",20,"277.4","2021-02-05 23:00:00"
"1081244",20,"273.8","2021-02-05 23:15:00"
"1081298",20,"273.2","2021-02-05 23:30:00"
"1081622",20,"243.3","2021-02-06 01:00:00"
"1081676",20,"249.9","2021-02-06 01:15:00"
"1081730",20,"256.5","2021-02-06 01:30:00"
"1081784",20,"260.6","2021-02-06 01:45:00"
"1081838",20,"260","2021-02-06 02:00:00"
"1082486",20,"268.1","2021-02-06 05:00:00"
"1082540",20,"265.9","2021-02-06 05:15:00"
"1082594",20,"260.9","2021-02-06 05:30:00"
"1082648",20,"265","2021-02-06 05:45:00"
"1082702",20,"268.8","2021-02-06 06:00:00"
"1083296",20,"125.4","2021-02-06 08:45:00"
"1083350",20,"129.1","2021-02-06 09:00:00"
"1083404",20,"124.5","2021-02-06 09:15:00"
"1038908",20,"0","2021-01-28 19:15:00"
"1038962",20,"250.5","2021-01-28 19:30:00"
"1039016",20,"350.6","2021-01-28 19:45:00"
"1039070",20,"34.9","2021-01-28 20:00:00"
"1040258",20,"51.2","2021-01-29 01:30:00"
"1040312",20,"41.5","2021-01-29 01:45:00"
"1040366",20,"29.9","2021-01-29 02:00:00"
"1040420",20,"38.3","2021-01-29 02:15:00"
"1040474",20,"14.4","2021-01-29 02:30:00"
"1040528",20,"28.3","2021-01-29 02:45:00"
"1040582",20,"33","2021-01-29 03:00:00"
"1040636",20,"18.4","2021-01-29 03:15:00"
"1040690",20,"29.2","2021-01-29 03:30:00"
"1040744",20,"21.6","2021-01-29 03:45:00"
"1041338",20,"37.5","2021-01-29 06:30:00"
"1041392",20,"45.2","2021-01-29 06:45:00"
"1041446",20,"39.6","2021-01-29 07:00:00"
"1041500",20,"38.8","2021-01-29 07:15:00"
"1041554",20,"36.8","2021-01-29 07:30:00"
"1041608",20,"31.2","2021-01-29 07:45:00"
"1041662",20,"32.5","2021-01-29 08:00:00"
"1041716",20,"31.2","2021-01-29 08:15:00"
"1041770",20,"28.2","2021-01-29 08:30:00"
"1041824",20,"33.9","2021-01-29 08:45:00"
"1042418",20,"348.4","2021-01-29 11:30:00"
"1042472",20,"347.4","2021-01-29 11:45:00"
"1042526",20,"325.9","2021-01-29 12:00:00"
"1042580",20,"321.8","2021-01-29 12:15:00"
"1042634",20,"348.4","2021-01-29 12:30:00"
"1042688",20,"336.4","2021-01-29 12:45:00"
"1042742",20,"319.4","2021-01-29 13:00:00"
"1042796",20,"335.8","2021-01-29 13:15:00"
"1042850",20,"328.5","2021-01-29 13:30:00"
"1042904",20,"324.2","2021-01-29 13:45:00"
"1042958",20,"318.3","2021-01-29 14:00:00"
"1043552",20,"298.2","2021-01-29 16:45:00"
"1043606",20,"300.9","2021-01-29 17:00:00"
"1043660",20,"331.7","2021-01-29 17:15:00"
"1043714",20,"299","2021-01-29 17:30:00"
"1043768",20,"338.9","2021-01-29 17:45:00"
"1043822",20,"11.8","2021-01-29 18:00:00"
"1043876",20,"37.2","2021-01-29 18:15:00"
"1043930",20,"44.7","2021-01-29 18:30:00"
"1043984",20,"44.1","2021-01-29 18:45:00"
"1044038",20,"47.3","2021-01-29 19:00:00"
"1045226",20,"15","2021-01-30 00:30:00"
"1045280",20,"10.4","2021-01-30 00:45:00"
"1045334",20,"0","2021-01-30 01:00:00"
"1045388",20,"0","2021-01-30 01:15:00"
"1045442",20,"0","2021-01-30 01:30:00"
"1045496",20,"0","2021-01-30 01:45:00"
"1045550",20,"0","2021-01-30 02:00:00"
"1045604",20,"0","2021-01-30 02:15:00"
"1045658",20,"0","2021-01-30 02:30:00"
"1045712",20,"346.5","2021-01-30 02:45:00"
"1046846",20,"0","2021-01-30 08:00:00"
"1046900",20,"0","2021-01-30 08:15:00"
"1046954",20,"0","2021-01-30 08:30:00"
"1047008",20,"83.6","2021-01-30 08:45:00"
"1047062",20,"23.5","2021-01-30 09:00:00"
"1047116",20,"342.4","2021-01-30 09:15:00"
"1047170",20,"343.1","2021-01-30 09:30:00"
"1047224",20,"7.6","2021-01-30 09:45:00"
"1047278",20,"7.1","2021-01-30 10:00:00"
"1047332",20,"344.7","2021-01-30 10:15:00"
"1048520",20,"153.7","2021-01-30 15:45:00"
"1048574",20,"145.3","2021-01-30 16:00:00"
"1048628",20,"145.3","2021-01-30 16:15:00"
"1048682",20,"153.3","2021-01-30 16:30:00"
"1048736",20,"143.3","2021-01-30 16:45:00"
"1048790",20,"150.2","2021-01-30 17:00:00"
"1048844",20,"165.6","2021-01-30 17:15:00"
"1048898",20,"184.8","2021-01-30 17:30:00"
"1048952",20,"175.1","2021-01-30 17:45:00"
"1049006",20,"218","2021-01-30 18:00:00"
"1050194",20,"55.6","2021-01-30 23:30:00"
"1050248",20,"0","2021-01-30 23:45:00"
"1050302",20,"264","2021-01-31 00:00:00"
"1050356",20,"0","2021-01-31 00:15:00"
"1050410",20,"0","2021-01-31 00:30:00"
"1050464",20,"0","2021-01-31 00:45:00"
"1050518",20,"0","2021-01-31 01:00:00"
"1050572",20,"0","2021-01-31 01:15:00"
"1050626",20,"0","2021-01-31 01:30:00"
"1050680",20,"0","2021-01-31 01:45:00"
"1051274",20,"0","2021-01-31 04:30:00"
"1051328",20,"0","2021-01-31 04:45:00"
"1051382",20,"0","2021-01-31 05:00:00"
"1051436",20,"0","2021-01-31 05:15:00"
"1051490",20,"0","2021-01-31 05:30:00"
"1051544",20,"0","2021-01-31 05:45:00"
"1051598",20,"0","2021-01-31 06:00:00"
"1051652",20,"0","2021-01-31 06:15:00"
"1051706",20,"0","2021-01-31 06:30:00"
"1051760",20,"0","2021-01-31 06:45:00"
"1052354",20,"0","2021-01-31 09:30:00"
"1052408",20,"169.2","2021-01-31 09:45:00"
"1052462",20,"164.7","2021-01-31 10:00:00"
"1052516",20,"159.3","2021-01-31 10:15:00"
"1052570",20,"138.7","2021-01-31 10:30:00"
"1052624",20,"139","2021-01-31 10:45:00"
"1052678",20,"137.9","2021-01-31 11:00:00"
"1052732",20,"149.8","2021-01-31 11:15:00"
"1052786",20,"234.8","2021-01-31 11:30:00"
"1052840",20,"123.1","2021-01-31 11:45:00"
"1052894",20,"54.9","2021-01-31 12:00:00"
"1052948",20,"48.1","2021-01-31 12:15:00"
"1053002",20,"60.7","2021-01-31 12:30:00"
"1053056",20,"49.8","2021-01-31 12:45:00"
"1053110",20,"37.3","2021-01-31 13:00:00"
"1053164",20,"40.6","2021-01-31 13:15:00"
"1053218",20,"51.8","2021-01-31 13:30:00"
"1053272",20,"55.6","2021-01-31 13:45:00"
"1053326",20,"65.4","2021-01-31 14:00:00"
"1053380",20,"57.6","2021-01-31 14:15:00"
"1053434",20,"38.8","2021-01-31 14:30:00"
"1054028",20,"50.9","2021-01-31 17:15:00"
"1054082",20,"50.4","2021-01-31 17:30:00"
"1054136",20,"35","2021-01-31 17:45:00"
"1054190",20,"306.8","2021-01-31 18:00:00"
"1054244",20,"247","2021-01-31 18:15:00"
"1054298",20,"169.9","2021-01-31 18:30:00"
"1054352",20,"93.9","2021-01-31 18:45:00"
"1054406",20,"15.9","2021-01-31 19:00:00"
"1054460",20,"30.8","2021-01-31 19:15:00"
"1054514",20,"36.6","2021-01-31 19:30:00"
"1055702",20,"0","2021-02-01 01:00:00"
"1055756",20,"0","2021-02-01 01:15:00"
"1055810",20,"0","2021-02-01 01:30:00"
"1055864",20,"0","2021-02-01 01:45:00"
"1055918",20,"0","2021-02-01 02:00:00"
"1055972",20,"0","2021-02-01 02:15:00"
"1056026",20,"0","2021-02-01 02:30:00"
"1056080",20,"236.4","2021-02-01 02:45:00"
"1056134",20,"235.3","2021-02-01 03:00:00"
"1056188",20,"0","2021-02-01 03:15:00"
"1057322",20,"43.6","2021-02-01 08:30:00"
"1057376",20,"33.5","2021-02-01 08:45:00"
"1057430",20,"36","2021-02-01 09:00:00"
"1057484",20,"52.2","2021-02-01 09:15:00"
"1057538",20,"50.4","2021-02-01 09:30:00"
"1057592",20,"51.3","2021-02-01 09:45:00"
"1057646",20,"25.7","2021-02-01 10:00:00"
"1057700",20,"12.6","2021-02-01 10:15:00"
"1057754",20,"10.8","2021-02-01 10:30:00"
"1057808",20,"36.6","2021-02-01 10:45:00"
"1057862",20,"37.2","2021-02-01 11:00:00"
"1058996",20,"262.1","2021-02-01 16:15:00"
"1059050",20,"264.8","2021-02-01 16:30:00"
"1059104",20,"280","2021-02-01 16:45:00"
"1059158",20,"277.2","2021-02-01 17:00:00"
"1059212",20,"273.5","2021-02-01 17:15:00"
"1059266",20,"270.2","2021-02-01 17:30:00"
"1059320",20,"246.7","2021-02-01 17:45:00"
"1059374",20,"192.6","2021-02-01 18:00:00"
"1059428",20,"163.2","2021-02-01 18:15:00"
"1059482",20,"125.5","2021-02-01 18:30:00"
"1060670",20,"144.3","2021-02-02 00:00:00"
"1060724",20,"0","2021-02-02 00:15:00"
"1060778",20,"0","2021-02-02 00:30:00"
"1060832",20,"144.4","2021-02-02 00:45:00"
"1060886",20,"146.5","2021-02-02 01:00:00"
"1060940",20,"47.2","2021-02-02 01:15:00"
"1060994",20,"75","2021-02-02 01:30:00"
"1061048",20,"109.2","2021-02-02 01:45:00"
"1061102",20,"231.7","2021-02-02 02:00:00"
"1061156",20,"179.1","2021-02-02 02:15:00"
"1062884",20,"350.6","2021-02-02 10:15:00"
"1062938",20,"295.4","2021-02-02 10:30:00"
"1062992",20,"286.6","2021-02-02 10:45:00"
"1063046",20,"287.4","2021-02-02 11:00:00"
"1063100",20,"291.2","2021-02-02 11:15:00"
"1063154",20,"339.2","2021-02-02 11:30:00"
"1063208",20,"320","2021-02-02 11:45:00"
"1063262",20,"337.6","2021-02-02 12:00:00"
"1063316",20,"281.7","2021-02-02 12:15:00"
"1063370",20,"271.3","2021-02-02 12:30:00"
"1064504",20,"239.9","2021-02-02 17:45:00"
"1064558",20,"248.1","2021-02-02 18:00:00"
"1064612",20,"244.5","2021-02-02 18:15:00"
"1064666",20,"242.8","2021-02-02 18:30:00"
"1064720",20,"228.3","2021-02-02 18:45:00"
"1064774",20,"0","2021-02-02 19:00:00"
"1064828",20,"0","2021-02-02 19:15:00"
"1064882",20,"0","2021-02-02 19:30:00"
"1064936",20,"204.2","2021-02-02 19:45:00"
"1064990",20,"203.3","2021-02-02 20:00:00"
"1065044",20,"210.2","2021-02-02 20:15:00"
"1066178",20,"52.4","2021-02-03 01:30:00"
"1066232",20,"42.9","2021-02-03 01:45:00"
"1066286",20,"39","2021-02-03 02:00:00"
"1066340",20,"48.6","2021-02-03 02:15:00"
"1066394",20,"47.9","2021-02-03 02:30:00"
"1066448",20,"51.6","2021-02-03 02:45:00"
"1066502",20,"0","2021-02-03 03:00:00"
"1066556",20,"0","2021-02-03 03:15:00"
"1066610",20,"0","2021-02-03 03:30:00"
"1066664",20,"0","2021-02-03 03:45:00"
"1067852",20,"82","2021-02-03 09:15:00"
"1067906",20,"48.6","2021-02-03 09:30:00"
"1067960",20,"45.2","2021-02-03 09:45:00"
"1068014",20,"34.8","2021-02-03 10:00:00"
"1068068",20,"43.9","2021-02-03 10:15:00"
"1068122",20,"52.6","2021-02-03 10:30:00"
"1068176",20,"5.7","2021-02-03 10:45:00"
"1068230",20,"23.2","2021-02-03 11:00:00"
"1068284",20,"72.3","2021-02-03 11:15:00"
"1068338",20,"50.9","2021-02-03 11:30:00"
"1069472",20,"33.3","2021-02-03 16:45:00"
"1069526",20,"0","2021-02-03 17:00:00"
"1069580",20,"0","2021-02-03 17:15:00"
"1069634",20,"0","2021-02-03 17:30:00"
"1069688",20,"246","2021-02-03 17:45:00"
"1069742",20,"192.4","2021-02-03 18:00:00"
"1069796",20,"192.2","2021-02-03 18:15:00"
"1069850",20,"268.2","2021-02-03 18:30:00"
"1069904",20,"264.5","2021-02-03 18:45:00"
"1069958",20,"270.1","2021-02-03 19:00:00"
"1070012",20,"0","2021-02-03 19:15:00"
"1071146",20,"257.5","2021-02-04 00:30:00"
"1071200",20,"271.1","2021-02-04 00:45:00"
"1071254",20,"280.4","2021-02-04 01:00:00"
"1071308",20,"285.3","2021-02-04 01:15:00"
"1071362",20,"246.8","2021-02-04 01:30:00"
"1071416",20,"266.7","2021-02-04 01:45:00"
"1071470",20,"253.7","2021-02-04 02:00:00"
"1071524",20,"0","2021-02-04 02:15:00"
"1071578",20,"0","2021-02-04 02:30:00"
"1071632",20,"0","2021-02-04 02:45:00"
"1072820",20,"0","2021-02-04 08:15:00"
"1072874",20,"0","2021-02-04 08:30:00"
"1072928",20,"285","2021-02-04 08:45:00"
"1072982",20,"304.9","2021-02-04 09:00:00"
"1073036",20,"292.3","2021-02-04 09:15:00"
"1073090",20,"283.5","2021-02-04 09:30:00"
"1073144",20,"224.6","2021-02-04 09:45:00"
"1073198",20,"258.4","2021-02-04 10:00:00"
"1073252",20,"225.1","2021-02-04 10:15:00"
"1073306",20,"253.2","2021-02-04 10:30:00"
"1073900",20,"244.6","2021-02-04 13:15:00"
"1073954",20,"261.3","2021-02-04 13:30:00"
"1074008",20,"277.6","2021-02-04 13:45:00"
"1074062",20,"277.5","2021-02-04 14:00:00"
"1074116",20,"269.7","2021-02-04 14:15:00"
"1074170",20,"282.3","2021-02-04 14:30:00"
"1074224",20,"277","2021-02-04 14:45:00"
"1074278",20,"267.4","2021-02-04 15:00:00"
"1074332",20,"253.1","2021-02-04 15:15:00"
"1074386",20,"264.6","2021-02-04 15:30:00"
"1076114",20,"263.9","2021-02-04 23:30:00"
"1076168",20,"251","2021-02-04 23:45:00"
"1076222",20,"243.5","2021-02-05 00:00:00"
"1076276",20,"247.1","2021-02-05 00:15:00"
"1076330",20,"241.1","2021-02-05 00:30:00"
"1076384",20,"252","2021-02-05 00:45:00"
"1076438",20,"248.9","2021-02-05 01:00:00"
"1076492",20,"244.1","2021-02-05 01:15:00"
"1076546",20,"250.6","2021-02-05 01:30:00"
"1076600",20,"273.4","2021-02-05 01:45:00"
"1077518",20,"204.6","2021-02-05 06:00:00"
"1077572",20,"189.2","2021-02-05 06:15:00"
"1077626",20,"212.3","2021-02-05 06:30:00"
"1077680",20,"195.9","2021-02-05 06:45:00"
"1077734",20,"167.2","2021-02-05 07:00:00"
"1078328",20,"144.2","2021-02-05 09:45:00"
"1078382",20,"147.1","2021-02-05 10:00:00"
"1078436",20,"143.2","2021-02-05 10:15:00"
"1078490",20,"180.9","2021-02-05 10:30:00"
"1078544",20,"157.5","2021-02-05 10:45:00"
"1079138",20,"240.5","2021-02-05 13:30:00"
"1079192",20,"228","2021-02-05 13:45:00"
"1079246",20,"220.3","2021-02-05 14:00:00"
"1079300",20,"233.9","2021-02-05 14:15:00"
"1079354",20,"234.9","2021-02-05 14:30:00"
"1080002",20,"229.2","2021-02-05 17:30:00"
"1080056",20,"227.8","2021-02-05 17:45:00"
"1080110",20,"222.2","2021-02-05 18:00:00"
"1080164",20,"222.5","2021-02-05 18:15:00"
"1080218",20,"239.5","2021-02-05 18:30:00"
"1080812",20,"275.9","2021-02-05 21:15:00"
"1080866",20,"282.9","2021-02-05 21:30:00"
"1080920",20,"287.5","2021-02-05 21:45:00"
"1080974",20,"291.4","2021-02-05 22:00:00"
"1081028",20,"274.2","2021-02-05 22:15:00"
"1081892",20,"264.9","2021-02-06 02:15:00"
"1081946",20,"267.4","2021-02-06 02:30:00"
"1082000",20,"264.4","2021-02-06 02:45:00"
"1082054",20,"265.5","2021-02-06 03:00:00"
"1082108",20,"266.3","2021-02-06 03:15:00"
"1082756",20,"271.3","2021-02-06 06:15:00"
"1082810",20,"259.3","2021-02-06 06:30:00"
"1082864",20,"265.6","2021-02-06 06:45:00"
"1082918",20,"261.6","2021-02-06 07:00:00"
"1083458",20,"117.9","2021-02-06 09:30:00"
"1083512",20,"95.6","2021-02-06 09:45:00"
"1084106",20,"234.9","2021-02-06 12:30:00"
"1084160",20,"199.2","2021-02-06 12:45:00"
"1084214",20,"184.9","2021-02-06 13:00:00"
"1084268",20,"229.5","2021-02-06 13:15:00"
"1084322",20,"215","2021-02-06 13:30:00"
"1088804",20,"94.3","2021-02-07 10:15:00"
"1088858",20,"86.3","2021-02-07 10:30:00"
"1088912",20,"68.6","2021-02-07 10:45:00"
"1088966",20,"97.3","2021-02-07 11:00:00"
"1089020",20,"91.3","2021-02-07 11:15:00"
"1089614",20,"103.2","2021-02-07 14:00:00"
"1089668",20,"158.9","2021-02-07 14:15:00"
"1089722",20,"178","2021-02-07 14:30:00"
"1089776",20,"164","2021-02-07 14:45:00"
"1089830",20,"172.2","2021-02-07 15:00:00"
"1089884",20,"163.8","2021-02-07 15:15:00"
"1090478",20,"212.5","2021-02-07 18:00:00"
"1090532",20,"206.3","2021-02-07 18:15:00"
"1090586",20,"220.3","2021-02-07 18:30:00"
"1090640",20,"214.9","2021-02-07 18:45:00"
"1090694",20,"225","2021-02-07 19:00:00"
"1091288",20,"243.8","2021-02-07 21:45:00"
"1091342",20,"230.1","2021-02-07 22:00:00"
"1091396",20,"212.5","2021-02-07 22:15:00"
"1091450",20,"171.7","2021-02-07 22:30:00"
"1091504",20,"140.3","2021-02-07 22:45:00"
"1091828",20,"96","2021-02-08 00:15:00"
"1091882",20,"99.6","2021-02-08 00:30:00"
"1091936",20,"104.3","2021-02-08 00:45:00"
"1091990",20,"115.3","2021-02-08 01:00:00"
"1092044",20,"124.3","2021-02-08 01:15:00"
"1092422",20,"84.8","2021-02-08 03:00:00"
"1092476",20,"79","2021-02-08 03:15:00"
"1092530",20,"90.3","2021-02-08 03:30:00"
"1092584",20,"93","2021-02-08 03:45:00"
"1092638",20,"84.4","2021-02-08 04:00:00"
"1093232",20,"111.1","2021-02-08 06:45:00"
"1093286",20,"120.4","2021-02-08 07:00:00"
"1093340",20,"121","2021-02-08 07:15:00"
"1093394",20,"111.3","2021-02-08 07:30:00"
"1093448",20,"119.5","2021-02-08 07:45:00"
"1094042",20,"91.1","2021-02-08 10:30:00"
"1094096",20,"98.8","2021-02-08 10:45:00"
"1094150",20,"100.6","2021-02-08 11:00:00"
"1094474",20,"102.5","2021-02-08 12:30:00"
"1094528",20,"108.4","2021-02-08 12:45:00"
"1094906",20,"109.9","2021-02-08 14:30:00"
"1049762",20,"24.4","2021-01-30 21:30:00"
"1049816",20,"29.7","2021-01-30 21:45:00"
"1049870",20,"38.7","2021-01-30 22:00:00"
"1049924",20,"47.6","2021-01-30 22:15:00"
"1049978",20,"50.4","2021-01-30 22:30:00"
"1050032",20,"52.7","2021-01-30 22:45:00"
"1050086",20,"55.4","2021-01-30 23:00:00"
"1050140",20,"50.3","2021-01-30 23:15:00"
"1050734",20,"0","2021-01-31 02:00:00"
"1050788",20,"0","2021-01-31 02:15:00"
"1050842",20,"0","2021-01-31 02:30:00"
"1050896",20,"0","2021-01-31 02:45:00"
"1050950",20,"0","2021-01-31 03:00:00"
"1051004",20,"0","2021-01-31 03:15:00"
"1051058",20,"237.5","2021-01-31 03:30:00"
"1051112",20,"0","2021-01-31 03:45:00"
"1051166",20,"0","2021-01-31 04:00:00"
"1051220",20,"0","2021-01-31 04:15:00"
"1051814",20,"0","2021-01-31 07:00:00"
"1051868",20,"0","2021-01-31 07:15:00"
"1051922",20,"231.5","2021-01-31 07:30:00"
"1051976",20,"0","2021-01-31 07:45:00"
"1052030",20,"0","2021-01-31 08:00:00"
"1052084",20,"79.1","2021-01-31 08:15:00"
"1052138",20,"73.8","2021-01-31 08:30:00"
"1052192",20,"88.4","2021-01-31 08:45:00"
"1052246",20,"0","2021-01-31 09:00:00"
"1052300",20,"104.3","2021-01-31 09:15:00"
"1053488",20,"51","2021-01-31 14:45:00"
"1053542",20,"0","2021-01-31 15:00:00"
"1053596",20,"70.4","2021-01-31 15:15:00"
"1053650",20,"55.1","2021-01-31 15:30:00"
"1053704",20,"44.3","2021-01-31 15:45:00"
"1053758",20,"34.4","2021-01-31 16:00:00"
"1053812",20,"39.9","2021-01-31 16:15:00"
"1053866",20,"21.1","2021-01-31 16:30:00"
"1053920",20,"353.7","2021-01-31 16:45:00"
"1053974",20,"11.2","2021-01-31 17:00:00"
"1054568",20,"37.3","2021-01-31 19:45:00"
"1054622",20,"42.9","2021-01-31 20:00:00"
"1054676",20,"54.6","2021-01-31 20:15:00"
"1054730",20,"49.9","2021-01-31 20:30:00"
"1054784",20,"48.6","2021-01-31 20:45:00"
"1054838",20,"44","2021-01-31 21:00:00"
"1054892",20,"38.7","2021-01-31 21:15:00"
"1054946",20,"30.3","2021-01-31 21:30:00"
"1055000",20,"34.1","2021-01-31 21:45:00"
"1055054",20,"32.8","2021-01-31 22:00:00"
"1055108",20,"1.1","2021-01-31 22:15:00"
"1056242",20,"0","2021-02-01 03:30:00"
"1056296",20,"0","2021-02-01 03:45:00"
"1056350",20,"0","2021-02-01 04:00:00"
"1056404",20,"0","2021-02-01 04:15:00"
"1056458",20,"0","2021-02-01 04:30:00"
"1056512",20,"0","2021-02-01 04:45:00"
"1056566",20,"0","2021-02-01 05:00:00"
"1056620",20,"0","2021-02-01 05:15:00"
"1056674",20,"0","2021-02-01 05:30:00"
"1056728",20,"0","2021-02-01 05:45:00"
"1057916",20,"6.7","2021-02-01 11:15:00"
"1057970",20,"335.5","2021-02-01 11:30:00"
"1058024",20,"1.8","2021-02-01 11:45:00"
"1058078",20,"347.9","2021-02-01 12:00:00"
"1058132",20,"346.9","2021-02-01 12:15:00"
"1058186",20,"323.9","2021-02-01 12:30:00"
"1058240",20,"313.2","2021-02-01 12:45:00"
"1058294",20,"302.7","2021-02-01 13:00:00"
"1058348",20,"298.2","2021-02-01 13:15:00"
"1058402",20,"322.1","2021-02-01 13:30:00"
"1059536",20,"145.9","2021-02-01 18:45:00"
"1059590",20,"155.2","2021-02-01 19:00:00"
"1059644",20,"160.4","2021-02-01 19:15:00"
"1059698",20,"197.5","2021-02-01 19:30:00"
"1059752",20,"0","2021-02-01 19:45:00"
"1059806",20,"0","2021-02-01 20:00:00"
"1059860",20,"0","2021-02-01 20:15:00"
"1059914",20,"0","2021-02-01 20:30:00"
"1059968",20,"0","2021-02-01 20:45:00"
"1060022",20,"0","2021-02-01 21:00:00"
"1060076",20,"0","2021-02-01 21:15:00"
"1061750",20,"249.7","2021-02-02 05:00:00"
"1061804",20,"252.2","2021-02-02 05:15:00"
"1061858",20,"0","2021-02-02 05:30:00"
"1061912",20,"0","2021-02-02 05:45:00"
"1061966",20,"0","2021-02-02 06:00:00"
"1062020",20,"0","2021-02-02 06:15:00"
"1062074",20,"0","2021-02-02 06:30:00"
"1062128",20,"0","2021-02-02 06:45:00"
"1062182",20,"177.5","2021-02-02 07:00:00"
"1062236",20,"154","2021-02-02 07:15:00"
"1063424",20,"289.3","2021-02-02 12:45:00"
"1063478",20,"295.4","2021-02-02 13:00:00"
"1063532",20,"302","2021-02-02 13:15:00"
"1063586",20,"264.2","2021-02-02 13:30:00"
"1063640",20,"263.8","2021-02-02 13:45:00"
"1063694",20,"232","2021-02-02 14:00:00"
"1063748",20,"248.7","2021-02-02 14:15:00"
"1063802",20,"286.4","2021-02-02 14:30:00"
"1063856",20,"29.5","2021-02-02 14:45:00"
"1063910",20,"49.6","2021-02-02 15:00:00"
"1065098",20,"218.8","2021-02-02 20:30:00"
"1065152",20,"208.1","2021-02-02 20:45:00"
"1065206",20,"0","2021-02-02 21:00:00"
"1065260",20,"0","2021-02-02 21:15:00"
"1065314",20,"0","2021-02-02 21:30:00"
"1065368",20,"0","2021-02-02 21:45:00"
"1065422",20,"0","2021-02-02 22:00:00"
"1065476",20,"0","2021-02-02 22:15:00"
"1065530",20,"106.8","2021-02-02 22:30:00"
"1065584",20,"106.7","2021-02-02 22:45:00"
"1066718",20,"0","2021-02-03 04:00:00"
"1066772",20,"0","2021-02-03 04:15:00"
"1066826",20,"0","2021-02-03 04:30:00"
"1066880",20,"0","2021-02-03 04:45:00"
"1066934",20,"0","2021-02-03 05:00:00"
"1066988",20,"0","2021-02-03 05:15:00"
"1067042",20,"0","2021-02-03 05:30:00"
"1067096",20,"0","2021-02-03 05:45:00"
"1067150",20,"0","2021-02-03 06:00:00"
"1067204",20,"0","2021-02-03 06:15:00"
"1068392",20,"35.5","2021-02-03 11:45:00"
"1068446",20,"333.8","2021-02-03 12:00:00"
"1068500",20,"339.4","2021-02-03 12:15:00"
"1068554",20,"336.3","2021-02-03 12:30:00"
"1068608",20,"33.6","2021-02-03 12:45:00"
"1068662",20,"32.7","2021-02-03 13:00:00"
"1068716",20,"60.4","2021-02-03 13:15:00"
"1068770",20,"34.3","2021-02-03 13:30:00"
"1068824",20,"24.5","2021-02-03 13:45:00"
"1068878",20,"47.2","2021-02-03 14:00:00"
"1070606",20,"289.5","2021-02-03 22:00:00"
"1070660",20,"274.9","2021-02-03 22:15:00"
"1070714",20,"249.4","2021-02-03 22:30:00"
"1070768",20,"256","2021-02-03 22:45:00"
"1070822",20,"271.8","2021-02-03 23:00:00"
"1070876",20,"226.1","2021-02-03 23:15:00"
"1070930",20,"224.4","2021-02-03 23:30:00"
"1070984",20,"260.9","2021-02-03 23:45:00"
"1071038",20,"270.5","2021-02-04 00:00:00"
"1071092",20,"263.2","2021-02-04 00:15:00"
"1071686",20,"0","2021-02-04 03:00:00"
"1071740",20,"0","2021-02-04 03:15:00"
"1071794",20,"0","2021-02-04 03:30:00"
"1071848",20,"0","2021-02-04 03:45:00"
"1071902",20,"34.4","2021-02-04 04:00:00"
"1071956",20,"26.7","2021-02-04 04:15:00"
"1072010",20,"0","2021-02-04 04:30:00"
"1072064",20,"0","2021-02-04 04:45:00"
"1072118",20,"0","2021-02-04 05:00:00"
"1072172",20,"158.9","2021-02-04 05:15:00"
"1073360",20,"229.9","2021-02-04 10:45:00"
"1073414",20,"198.7","2021-02-04 11:00:00"
"1073468",20,"264.3","2021-02-04 11:15:00"
"1073522",20,"235.9","2021-02-04 11:30:00"
"1073576",20,"240","2021-02-04 11:45:00"
"1073630",20,"263.3","2021-02-04 12:00:00"
"1073684",20,"272.1","2021-02-04 12:15:00"
"1073738",20,"263.5","2021-02-04 12:30:00"
"1073792",20,"256.8","2021-02-04 12:45:00"
"1073846",20,"265.7","2021-02-04 13:00:00"
"1075034",20,"254.2","2021-02-04 18:30:00"
"1075088",20,"257.1","2021-02-04 18:45:00"
"1075142",20,"252.9","2021-02-04 19:00:00"
"1075196",20,"254.7","2021-02-04 19:15:00"
"1075250",20,"248.7","2021-02-04 19:30:00"
"1075304",20,"260.6","2021-02-04 19:45:00"
"1075358",20,"253.5","2021-02-04 20:00:00"
"1075412",20,"246.1","2021-02-04 20:15:00"
"1075466",20,"246.5","2021-02-04 20:30:00"
"1075520",20,"250.9","2021-02-04 20:45:00"
"1076924",20,"228.1","2021-02-05 03:15:00"
"1076978",20,"225.4","2021-02-05 03:30:00"
"1077032",20,"220.3","2021-02-05 03:45:00"
"1077086",20,"213","2021-02-05 04:00:00"
"1077140",20,"214.4","2021-02-05 04:15:00"
"1077194",20,"210.8","2021-02-05 04:30:00"
"1077248",20,"213.2","2021-02-05 04:45:00"
"1077302",20,"207.6","2021-02-05 05:00:00"
"1077356",20,"207.2","2021-02-05 05:15:00"
"1077410",20,"207.1","2021-02-05 05:30:00"
"1077464",20,"206.4","2021-02-05 05:45:00"
"1078598",20,"180.5","2021-02-05 11:00:00"
"1078652",20,"212.5","2021-02-05 11:15:00"
"1078706",20,"223.9","2021-02-05 11:30:00"
"1078760",20,"231.2","2021-02-05 11:45:00"
"1078814",20,"286.4","2021-02-05 12:00:00"
"1079408",20,"232.9","2021-02-05 14:45:00"
"1079462",20,"232.7","2021-02-05 15:00:00"
"1079516",20,"234.5","2021-02-05 15:15:00"
"1079570",20,"224.3","2021-02-05 15:30:00"
"1079624",20,"203.9","2021-02-05 15:45:00"
"1080272",20,"246.9","2021-02-05 18:45:00"
"1080326",20,"237.7","2021-02-05 19:00:00"
"1080380",20,"243.3","2021-02-05 19:15:00"
"1080434",20,"241.7","2021-02-05 19:30:00"
"1080488",20,"247.6","2021-02-05 19:45:00"
"1081352",20,"269","2021-02-05 23:45:00"
"1081406",20,"262.6","2021-02-06 00:00:00"
"1081460",20,"243.6","2021-02-06 00:15:00"
"1081514",20,"245.5","2021-02-06 00:30:00"
"1081568",20,"246.7","2021-02-06 00:45:00"
"1082162",20,"261.5","2021-02-06 03:30:00"
"1082216",20,"254","2021-02-06 03:45:00"
"1082270",20,"255.6","2021-02-06 04:00:00"
"1082324",20,"254.3","2021-02-06 04:15:00"
"1082378",20,"259.6","2021-02-06 04:30:00"
"1082432",20,"262.7","2021-02-06 04:45:00"
"1083026",20,"254","2021-02-06 07:30:00"
"1083080",20,"275.7","2021-02-06 07:45:00"
"1083134",20,"182.1","2021-02-06 08:00:00"
"1083188",20,"147.1","2021-02-06 08:15:00"
"1083242",20,"129.7","2021-02-06 08:30:00"
"1083836",20,"60.1","2021-02-06 11:15:00"
"1083890",20,"94.1","2021-02-06 11:30:00"
"1083944",20,"230.6","2021-02-06 11:45:00"
"1083998",20,"171.2","2021-02-06 12:00:00"
"1084052",20,"232.1","2021-02-06 12:15:00"
"1084646",20,"168.5","2021-02-06 15:00:00"
"1084700",20,"245.5","2021-02-06 15:15:00"
"1084754",20,"191.8","2021-02-06 15:30:00"
"1084808",20,"161.8","2021-02-06 15:45:00"
"1084862",20,"222.1","2021-02-06 16:00:00"
"1084916",20,"249","2021-02-06 16:15:00"
"1085240",20,"214.5","2021-02-06 17:45:00"
"1085294",20,"198.4","2021-02-06 18:00:00"
"1085348",20,"208.6","2021-02-06 18:15:00"
"1085402",20,"209.8","2021-02-06 18:30:00"
"1085456",20,"218","2021-02-06 18:45:00"
"1085510",20,"214.3","2021-02-06 19:00:00"
"1085564",20,"210.5","2021-02-06 19:15:00"
"1085618",20,"209.9","2021-02-06 19:30:00"
"1085672",20,"218.1","2021-02-06 19:45:00"
"1085726",20,"233","2021-02-06 20:00:00"
"1086050",20,"272.5","2021-02-06 21:30:00"
"1086104",20,"268.1","2021-02-06 21:45:00"
"1086158",20,"273.8","2021-02-06 22:00:00"
"1086212",20,"274.6","2021-02-06 22:15:00"
"1086266",20,"279.7","2021-02-06 22:30:00"
"1086590",20,"239.8","2021-02-07 00:00:00"
"1086644",20,"242.5","2021-02-07 00:15:00"
"1086698",20,"126.2","2021-02-07 00:30:00"
"1086752",20,"124.3","2021-02-07 00:45:00"
"1086806",20,"115.3","2021-02-07 01:00:00"
"1087130",20,"97.7","2021-02-07 02:30:00"
"1087184",20,"109.4","2021-02-07 02:45:00"
"1087238",20,"112.5","2021-02-07 03:00:00"
"1087292",20,"107.8","2021-02-07 03:15:00"
"1087346",20,"102.3","2021-02-07 03:30:00"
"1087400",20,"113.4","2021-02-07 03:45:00"
"1087724",20,"97.8","2021-02-07 05:15:00"
"1087778",20,"86.3","2021-02-07 05:30:00"
"1087832",20,"83.3","2021-02-07 05:45:00"
"1087886",20,"80.4","2021-02-07 06:00:00"
"1087940",20,"79.5","2021-02-07 06:15:00"
"1088264",20,"111.2","2021-02-07 07:45:00"
"1088318",20,"130.4","2021-02-07 08:00:00"
"1088372",20,"127.9","2021-02-07 08:15:00"
"1088426",20,"115.9","2021-02-07 08:30:00"
"1088480",20,"116.4","2021-02-07 08:45:00"
"1089074",20,"89.5","2021-02-07 11:30:00"
"1089128",20,"95.8","2021-02-07 11:45:00"
"1089182",20,"110.1","2021-02-07 12:00:00"
"1089236",20,"110.2","2021-02-07 12:15:00"
"1089290",20,"96.4","2021-02-07 12:30:00"
"1090208",20,"219.1","2021-02-07 16:45:00"
"1090262",20,"219.6","2021-02-07 17:00:00"
"1090316",20,"238.2","2021-02-07 17:15:00"
"1090370",20,"236.2","2021-02-07 17:30:00"
"1090424",20,"207","2021-02-07 17:45:00"
"1091018",20,"0","2021-02-07 20:30:00"
"1091072",20,"0","2021-02-07 20:45:00"
"1091126",20,"170.8","2021-02-07 21:00:00"
"1091180",20,"173","2021-02-07 21:15:00"
"1091234",20,"224.7","2021-02-07 21:30:00"
"1092098",20,"134.1","2021-02-08 01:30:00"
"1092152",20,"114","2021-02-08 01:45:00"
"1092206",20,"112.5","2021-02-08 02:00:00"
"1092260",20,"112.6","2021-02-08 02:15:00"
"1092314",20,"102.2","2021-02-08 02:30:00"
"1092368",20,"98.7","2021-02-08 02:45:00"
"1092962",20,"100","2021-02-08 05:30:00"
"1093016",20,"100.3","2021-02-08 05:45:00"
"1093070",20,"106.6","2021-02-08 06:00:00"
"1093124",20,"110.9","2021-02-08 06:15:00"
"1093178",20,"105.7","2021-02-08 06:30:00"
"1093772",20,"105.6","2021-02-08 09:15:00"
"1093826",20,"116","2021-02-08 09:30:00"
"1093880",20,"114.3","2021-02-08 09:45:00"
"1093934",20,"103.1","2021-02-08 10:00:00"
"1093988",20,"94","2021-02-08 10:15:00"
"1094312",20,"96.5","2021-02-08 11:45:00"
"1094366",20,"80.9","2021-02-08 12:00:00"
"1094420",20,"98.8","2021-02-08 12:15:00"
"1094960",20,"124.6","2021-02-08 14:45:00"
"1095014",20,"103.6","2021-02-08 15:00:00"
"1095068",20,"95.9","2021-02-08 15:15:00"
"1095122",20,"101.9","2021-02-08 15:30:00"
"1099550",20,"89.4","2021-02-09 12:00:00"
"1099604",20,"76.9","2021-02-09 12:15:00"
"1099658",20,"112.9","2021-02-09 12:30:00"
"1100144",20,"146.6","2021-02-09 14:45:00"
"1100198",20,"158.2","2021-02-09 15:00:00"
"1100414",20,"166.9","2021-02-09 16:00:00"
"1100468",20,"171.1","2021-02-09 16:15:00"
"1100792",20,"104.7","2021-02-09 17:45:00"
"1100846",20,"185.6","2021-02-09 18:00:00"
"1100900",20,"0","2021-02-09 18:15:00"
"1101224",20,"0","2021-02-09 19:45:00"
"1101278",20,"0","2021-02-09 20:00:00"
"1101332",20,"0","2021-02-09 20:15:00"
"1101656",20,"0","2021-02-09 21:45:00"
"1101710",20,"0","2021-02-09 22:00:00"
"1101926",20,"0","2021-02-09 23:00:00"
"1101980",20,"0","2021-02-09 23:15:00"
"1102196",20,"112.7","2021-02-10 00:15:00"
"1102250",20,"102.9","2021-02-10 00:30:00"
"1102304",20,"97.8","2021-02-10 00:45:00"
"1102628",20,"96.1","2021-02-10 02:15:00"
"1102682",20,"91.9","2021-02-10 02:30:00"
"1103006",20,"96.7","2021-02-10 04:00:00"
"1103060",20,"85.2","2021-02-10 04:15:00"
"1103114",20,"112.8","2021-02-10 04:30:00"
"1103870",20,"128.8","2021-02-10 08:00:00"
"1103924",20,"126.5","2021-02-10 08:15:00"
"1104410",20,"93.6","2021-02-10 10:30:00"
"1104464",20,"96.3","2021-02-10 10:45:00"
"1104680",20,"107.8","2021-02-10 11:45:00"
"1104734",20,"108.5","2021-02-10 12:00:00"
"1104788",20,"86.3","2021-02-10 12:15:00"
"1105112",20,"90.2","2021-02-10 13:45:00"
"1105166",20,"81.7","2021-02-10 14:00:00"
"1105382",20,"87.8","2021-02-10 15:00:00"
"1105436",20,"89.2","2021-02-10 15:15:00"
"1105652",20,"106","2021-02-10 16:15:00"
"1105706",20,"341.2","2021-02-10 16:30:00"
"1106084",20,"154.8","2021-02-10 18:15:00"
"1106138",20,"0","2021-02-10 18:30:00"
"1106354",20,"137","2021-02-10 19:30:00"
"1106408",20,"132","2021-02-10 19:45:00"
"1106732",20,"121.1","2021-02-10 21:15:00"
"1106786",20,"117.7","2021-02-10 21:30:00"
"1106840",20,"135.2","2021-02-10 21:45:00"
"1107164",20,"156.3","2021-02-10 23:15:00"
"1107218",20,"131.2","2021-02-10 23:30:00"
"1107272",20,"124.6","2021-02-10 23:45:00"
"1107596",20,"84","2021-02-11 01:15:00"
"1107650",20,"76.3","2021-02-11 01:30:00"
"1107974",20,"113.4","2021-02-11 03:00:00"
"1108028",20,"111.4","2021-02-11 03:15:00"
"1108082",20,"128.9","2021-02-11 03:30:00"
"1108568",20,"115.8","2021-02-11 05:45:00"
"1108622",20,"133.6","2021-02-11 06:00:00"
"1109108",20,"310.4","2021-02-11 08:15:00"
"1109162",20,"290.5","2021-02-11 08:30:00"
"1109378",20,"0","2021-02-11 09:30:00"
"1109432",20,"0","2021-02-11 09:45:00"
"1109810",20,"117","2021-02-11 11:30:00"
"1109864",20,"129.4","2021-02-11 11:45:00"
"1110080",20,"107.2","2021-02-11 12:45:00"
"1110134",20,"110.5","2021-02-11 13:00:00"
"1110458",20,"98.6","2021-02-11 14:30:00"
"1110512",20,"104.3","2021-02-11 14:45:00"
"1110566",20,"87.4","2021-02-11 15:00:00"
"1110728",20,"99.4","2021-02-11 15:45:00"
"1094744",20,"95.5","2021-02-08 13:45:00"
"1094798",20,"95.3","2021-02-08 14:00:00"
"1094852",20,"103.6","2021-02-08 14:15:00"
"1095284",20,"94.5","2021-02-08 16:15:00"
"1095338",20,"122.2","2021-02-08 16:30:00"
"1095392",20,"104.8","2021-02-08 16:45:00"
"1095554",20,"86.7","2021-02-08 17:30:00"
"1095608",20,"87.6","2021-02-08 17:45:00"
"1095662",20,"88.8","2021-02-08 18:00:00"
"1095716",20,"92.4","2021-02-08 18:15:00"
"1095770",20,"96.9","2021-02-08 18:30:00"
"1095986",20,"77.3","2021-02-08 19:30:00"
"1096040",20,"79.3","2021-02-08 19:45:00"
"1096094",20,"78.2","2021-02-08 20:00:00"
"1096256",20,"74.8","2021-02-08 20:45:00"
"1096310",20,"76","2021-02-08 21:00:00"
"1096364",20,"82.7","2021-02-08 21:15:00"
"1096526",20,"123.4","2021-02-08 22:00:00"
"1096580",20,"124.7","2021-02-08 22:15:00"
"1096634",20,"123.1","2021-02-08 22:30:00"
"1096688",20,"117.8","2021-02-08 22:45:00"
"1096742",20,"132.8","2021-02-08 23:00:00"
"1096958",20,"107.5","2021-02-09 00:00:00"
"1097012",20,"103.2","2021-02-09 00:15:00"
"1097390",20,"114.1","2021-02-09 02:00:00"
"1097444",20,"111.5","2021-02-09 02:15:00"
"1097660",20,"95.2","2021-02-09 03:15:00"
"1097714",20,"97.4","2021-02-09 03:30:00"
"1097930",20,"104.2","2021-02-09 04:30:00"
"1097984",20,"100.1","2021-02-09 04:45:00"
"1098200",20,"93.8","2021-02-09 05:45:00"
"1098254",20,"98.1","2021-02-09 06:00:00"
"1098470",20,"106.3","2021-02-09 07:00:00"
"1098524",20,"113.1","2021-02-09 07:15:00"
"1098578",20,"114.1","2021-02-09 07:30:00"
"1098632",20,"107.7","2021-02-09 07:45:00"
"1098686",20,"106.1","2021-02-09 08:00:00"
"1098902",20,"101.8","2021-02-09 09:00:00"
"1098956",20,"94.7","2021-02-09 09:15:00"
"1099172",20,"104","2021-02-09 10:15:00"
"1099226",20,"97.5","2021-02-09 10:30:00"
"1099442",20,"109.6","2021-02-09 11:30:00"
"1099496",20,"105.1","2021-02-09 11:45:00"
"1099874",20,"84.9","2021-02-09 13:30:00"
"1099928",20,"110.8","2021-02-09 13:45:00"
"1100252",20,"179.8","2021-02-09 15:15:00"
"1100306",20,"150.5","2021-02-09 15:30:00"
"1100360",20,"179.7","2021-02-09 15:45:00"
"1100684",20,"178.2","2021-02-09 17:15:00"
"1100738",20,"113.9","2021-02-09 17:30:00"
"1101116",20,"0","2021-02-09 19:15:00"
"1101170",20,"0","2021-02-09 19:30:00"
"1101494",20,"0","2021-02-09 21:00:00"
"1101548",20,"0","2021-02-09 21:15:00"
"1101602",20,"0","2021-02-09 21:30:00"
"1102034",20,"0","2021-02-09 23:30:00"
"1102088",20,"0","2021-02-09 23:45:00"
"1102142",20,"118.4","2021-02-10 00:00:00"
"1102466",20,"79.3","2021-02-10 01:30:00"
"1102520",20,"88.5","2021-02-10 01:45:00"
"1102574",20,"91.5","2021-02-10 02:00:00"
"1102898",20,"94.9","2021-02-10 03:30:00"
"1102952",20,"96.1","2021-02-10 03:45:00"
"1103276",20,"104.8","2021-02-10 05:15:00"
"1103330",20,"120.3","2021-02-10 05:30:00"
"1103384",20,"118.9","2021-02-10 05:45:00"
"1103600",20,"111.8","2021-02-10 06:45:00"
"1103654",20,"120.8","2021-02-10 07:00:00"
"1103978",20,"134.8","2021-02-10 08:30:00"
"1104032",20,"136.9","2021-02-10 08:45:00"
"1104086",20,"128.7","2021-02-10 09:00:00"
"1104248",20,"95.2","2021-02-10 09:45:00"
"1104302",20,"101.4","2021-02-10 10:00:00"
"1104356",20,"96.4","2021-02-10 10:15:00"
"1104842",20,"114.5","2021-02-10 12:30:00"
"1104896",20,"106.7","2021-02-10 12:45:00"
"1105220",20,"71.3","2021-02-10 14:15:00"
"1105274",20,"101","2021-02-10 14:30:00"
"1105328",20,"67.5","2021-02-10 14:45:00"
"1105760",20,"328.1","2021-02-10 16:45:00"
"1105814",20,"351","2021-02-10 17:00:00"
"1105868",20,"26.5","2021-02-10 17:15:00"
"1106192",20,"0","2021-02-10 18:45:00"
"1106246",20,"134.6","2021-02-10 19:00:00"
"1106300",20,"138.2","2021-02-10 19:15:00"
"1106624",20,"141.2","2021-02-10 20:45:00"
"1106678",20,"146.2","2021-02-10 21:00:00"
"1106894",20,"145.5","2021-02-10 22:00:00"
"1106948",20,"166.1","2021-02-10 22:15:00"
"1107326",20,"110.6","2021-02-11 00:00:00"
"1107380",20,"98.4","2021-02-11 00:15:00"
"1107866",20,"140","2021-02-11 02:30:00"
"1107920",20,"151.8","2021-02-11 02:45:00"
"1108136",20,"141.2","2021-02-11 03:45:00"
"1108190",20,"129.6","2021-02-11 04:00:00"
"1108676",20,"130.4","2021-02-11 06:15:00"
"1108730",20,"124","2021-02-11 06:30:00"
"1108784",20,"128.7","2021-02-11 06:45:00"
"1108946",20,"178.8","2021-02-11 07:30:00"
"1109000",20,"213.1","2021-02-11 07:45:00"
"1109054",20,"157.6","2021-02-11 08:00:00"
"1109486",20,"0","2021-02-11 10:00:00"
"1109540",20,"42.5","2021-02-11 10:15:00"
"1109594",20,"50.8","2021-02-11 10:30:00"
"1109918",20,"118.1","2021-02-11 12:00:00"
"1109972",20,"107.6","2021-02-11 12:15:00"
"1110026",20,"118.6","2021-02-11 12:30:00"
"1110350",20,"92.7","2021-02-11 14:00:00"
"1110404",20,"90.3","2021-02-11 14:15:00"
"1082972",20,"262.9","2021-02-06 07:15:00"
"1083566",20,"89","2021-02-06 10:00:00"
"1083620",20,"74.1","2021-02-06 10:15:00"
"1083674",20,"82.6","2021-02-06 10:30:00"
"1083728",20,"113","2021-02-06 10:45:00"
"1083782",20,"90.7","2021-02-06 11:00:00"
"1084376",20,"255.5","2021-02-06 13:45:00"
"1084430",20,"253.2","2021-02-06 14:00:00"
"1084484",20,"238.1","2021-02-06 14:15:00"
"1084538",20,"243","2021-02-06 14:30:00"
"1084592",20,"230.7","2021-02-06 14:45:00"
"1084970",20,"232.1","2021-02-06 16:30:00"
"1085024",20,"239.1","2021-02-06 16:45:00"
"1085078",20,"255.2","2021-02-06 17:00:00"
"1085132",20,"228.1","2021-02-06 17:15:00"
"1085186",20,"212.1","2021-02-06 17:30:00"
"1085780",20,"242.3","2021-02-06 20:15:00"
"1085834",20,"244.6","2021-02-06 20:30:00"
"1085888",20,"258","2021-02-06 20:45:00"
"1085942",20,"249.5","2021-02-06 21:00:00"
"1085996",20,"268.8","2021-02-06 21:15:00"
"1086320",20,"278.7","2021-02-06 22:45:00"
"1086374",20,"273.4","2021-02-06 23:00:00"
"1086428",20,"278.6","2021-02-06 23:15:00"
"1086482",20,"269.6","2021-02-06 23:30:00"
"1086536",20,"0","2021-02-06 23:45:00"
"1086860",20,"119.3","2021-02-07 01:15:00"
"1086914",20,"114.5","2021-02-07 01:30:00"
"1086968",20,"104","2021-02-07 01:45:00"
"1087022",20,"97.7","2021-02-07 02:00:00"
"1087076",20,"99.4","2021-02-07 02:15:00"
"1087454",20,"112.7","2021-02-07 04:00:00"
"1087508",20,"114.7","2021-02-07 04:15:00"
"1087562",20,"112.8","2021-02-07 04:30:00"
"1087616",20,"110.7","2021-02-07 04:45:00"
"1087670",20,"106.9","2021-02-07 05:00:00"
"1087994",20,"80.1","2021-02-07 06:30:00"
"1088048",20,"77.3","2021-02-07 06:45:00"
"1088102",20,"91.4","2021-02-07 07:00:00"
"1088156",20,"103.9","2021-02-07 07:15:00"
"1088210",20,"112.8","2021-02-07 07:30:00"
"1088534",20,"99.9","2021-02-07 09:00:00"
"1088588",20,"88.1","2021-02-07 09:15:00"
"1088642",20,"86.8","2021-02-07 09:30:00"
"1088696",20,"91.6","2021-02-07 09:45:00"
"1088750",20,"92","2021-02-07 10:00:00"
"1089344",20,"87.1","2021-02-07 12:45:00"
"1089398",20,"100.3","2021-02-07 13:00:00"
"1089452",20,"84.9","2021-02-07 13:15:00"
"1089506",20,"87.5","2021-02-07 13:30:00"
"1089560",20,"91.5","2021-02-07 13:45:00"
"1089938",20,"205.8","2021-02-07 15:30:00"
"1089992",20,"205.8","2021-02-07 15:45:00"
"1090046",20,"207.6","2021-02-07 16:00:00"
"1090100",20,"209","2021-02-07 16:15:00"
"1090154",20,"203.9","2021-02-07 16:30:00"
"1090748",20,"226.7","2021-02-07 19:15:00"
"1090802",20,"234.8","2021-02-07 19:30:00"
"1090856",20,"231.7","2021-02-07 19:45:00"
"1090910",20,"228.7","2021-02-07 20:00:00"
"1090964",20,"220.6","2021-02-07 20:15:00"
"1091558",20,"139.5","2021-02-07 23:00:00"
"1091612",20,"116.8","2021-02-07 23:15:00"
"1091666",20,"107.9","2021-02-07 23:30:00"
"1091720",20,"94.5","2021-02-07 23:45:00"
"1091774",20,"92.5","2021-02-08 00:00:00"
"1092692",20,"88.2","2021-02-08 04:15:00"
"1092746",20,"90.5","2021-02-08 04:30:00"
"1092800",20,"97.8","2021-02-08 04:45:00"
"1092854",20,"91.5","2021-02-08 05:00:00"
"1092908",20,"94.1","2021-02-08 05:15:00"
"1093502",20,"123.3","2021-02-08 08:00:00"
"1093556",20,"121.4","2021-02-08 08:15:00"
"1093610",20,"123.3","2021-02-08 08:30:00"
"1093664",20,"123.1","2021-02-08 08:45:00"
"1093718",20,"111","2021-02-08 09:00:00"
"1094204",20,"92.7","2021-02-08 11:15:00"
"1094258",20,"88.8","2021-02-08 11:30:00"
"1094582",20,"92.1","2021-02-08 13:00:00"
"1094636",20,"90.6","2021-02-08 13:15:00"
"1094690",20,"85.9","2021-02-08 13:30:00"
"1095176",20,"103.2","2021-02-08 15:45:00"
"1095230",20,"101.9","2021-02-08 16:00:00"
"1095446",20,"112","2021-02-08 17:00:00"
"1095500",20,"96","2021-02-08 17:15:00"
"1095824",20,"90.1","2021-02-08 18:45:00"
"1095878",20,"77.1","2021-02-08 19:00:00"
"1095932",20,"77","2021-02-08 19:15:00"
"1096148",20,"74","2021-02-08 20:15:00"
"1096202",20,"75.7","2021-02-08 20:30:00"
"1096418",20,"99.3","2021-02-08 21:30:00"
"1096472",20,"108.3","2021-02-08 21:45:00"
"1096796",20,"161.1","2021-02-08 23:15:00"
"1096850",20,"148.8","2021-02-08 23:30:00"
"1096904",20,"121.8","2021-02-08 23:45:00"
"1097066",20,"104.9","2021-02-09 00:30:00"
"1097120",20,"103.9","2021-02-09 00:45:00"
"1097174",20,"104.4","2021-02-09 01:00:00"
"1097228",20,"104.7","2021-02-09 01:15:00"
"1097282",20,"111.5","2021-02-09 01:30:00"
"1097336",20,"117.5","2021-02-09 01:45:00"
"1097498",20,"114.2","2021-02-09 02:30:00"
"1097552",20,"116.3","2021-02-09 02:45:00"
"1097606",20,"109.4","2021-02-09 03:00:00"
"1097768",20,"110.8","2021-02-09 03:45:00"
"1097822",20,"115.6","2021-02-09 04:00:00"
"1097876",20,"109","2021-02-09 04:15:00"
"1098038",20,"82.9","2021-02-09 05:00:00"
"1098092",20,"86.9","2021-02-09 05:15:00"
"1098146",20,"94.6","2021-02-09 05:30:00"
"1098308",20,"96.2","2021-02-09 06:15:00"
"1098362",20,"94.3","2021-02-09 06:30:00"
"1098416",20,"91.6","2021-02-09 06:45:00"
"1098740",20,"106.9","2021-02-09 08:15:00"
"1098794",20,"97.6","2021-02-09 08:30:00"
"1098848",20,"94.5","2021-02-09 08:45:00"
"1099010",20,"90","2021-02-09 09:30:00"
"1099064",20,"92.5","2021-02-09 09:45:00"
"1099118",20,"98.5","2021-02-09 10:00:00"
"1099280",20,"103.2","2021-02-09 10:45:00"
"1099334",20,"97.8","2021-02-09 11:00:00"
"1099388",20,"106.5","2021-02-09 11:15:00"
"1099712",20,"125.2","2021-02-09 12:45:00"
"1099766",20,"106.1","2021-02-09 13:00:00"
"1099820",20,"122.5","2021-02-09 13:15:00"
"1099982",20,"172.4","2021-02-09 14:00:00"
"1100036",20,"170","2021-02-09 14:15:00"
"1100090",20,"154.7","2021-02-09 14:30:00"
"1100522",20,"176.7","2021-02-09 16:30:00"
"1100576",20,"158","2021-02-09 16:45:00"
"1100630",20,"129.5","2021-02-09 17:00:00"
"1100954",20,"0","2021-02-09 18:30:00"
"1101008",20,"0","2021-02-09 18:45:00"
"1101062",20,"0","2021-02-09 19:00:00"
"1101386",20,"0","2021-02-09 20:30:00"
"1101440",20,"0","2021-02-09 20:45:00"
"1101764",20,"0","2021-02-09 22:15:00"
"1101818",20,"0","2021-02-09 22:30:00"
"1101872",20,"0","2021-02-09 22:45:00"
"1102358",20,"89.3","2021-02-10 01:00:00"
"1102412",20,"78.1","2021-02-10 01:15:00"
"1102736",20,"85.2","2021-02-10 02:45:00"
"1102790",20,"89.8","2021-02-10 03:00:00"
"1102844",20,"89.5","2021-02-10 03:15:00"
"1103168",20,"107.2","2021-02-10 04:45:00"
"1103222",20,"101.1","2021-02-10 05:00:00"
"1103438",20,"115.8","2021-02-10 06:00:00"
"1103492",20,"117.8","2021-02-10 06:15:00"
"1103546",20,"116.6","2021-02-10 06:30:00"
"1103708",20,"126.8","2021-02-10 07:15:00"
"1103762",20,"130.4","2021-02-10 07:30:00"
"1103816",20,"127.1","2021-02-10 07:45:00"
"1104140",20,"109.2","2021-02-10 09:15:00"
"1104194",20,"124.4","2021-02-10 09:30:00"
"1104518",20,"109.6","2021-02-10 11:00:00"
"1104572",20,"106.7","2021-02-10 11:15:00"
"1104626",20,"107.9","2021-02-10 11:30:00"
"1104950",20,"102.6","2021-02-10 13:00:00"
"1105004",20,"96.4","2021-02-10 13:15:00"
"1105058",20,"95.6","2021-02-10 13:30:00"
"1105490",20,"110.9","2021-02-10 15:30:00"
"1105544",20,"110.4","2021-02-10 15:45:00"
"1105598",20,"101.9","2021-02-10 16:00:00"
"1105922",20,"45","2021-02-10 17:30:00"
"1105976",20,"82.7","2021-02-10 17:45:00"
"1106030",20,"157.6","2021-02-10 18:00:00"
"1106462",20,"0","2021-02-10 20:00:00"
"1106516",20,"140.4","2021-02-10 20:15:00"
"1106570",20,"130.1","2021-02-10 20:30:00"
"1107002",20,"160","2021-02-10 22:30:00"
"1107056",20,"152.8","2021-02-10 22:45:00"
"1107110",20,"144.3","2021-02-10 23:00:00"
"1107434",20,"69.8","2021-02-11 00:30:00"
"1107488",20,"62","2021-02-11 00:45:00"
"1107542",20,"86.3","2021-02-11 01:00:00"
"1107704",20,"110.1","2021-02-11 01:45:00"
"1107758",20,"121.8","2021-02-11 02:00:00"
"1107812",20,"135.2","2021-02-11 02:15:00"
"1108244",20,"134.1","2021-02-11 04:15:00"
"1108298",20,"134.1","2021-02-11 04:30:00"
"1108352",20,"120","2021-02-11 04:45:00"
"1108406",20,"121.6","2021-02-11 05:00:00"
"1108460",20,"113","2021-02-11 05:15:00"
"1108514",20,"111.3","2021-02-11 05:30:00"
"1108838",20,"119.5","2021-02-11 07:00:00"
"1108892",20,"150.9","2021-02-11 07:15:00"
"1109216",20,"198.7","2021-02-11 08:45:00"
"1109270",20,"253.5","2021-02-11 09:00:00"
"1109324",20,"210.3","2021-02-11 09:15:00"
"1109648",20,"76.7","2021-02-11 10:45:00"
"1109702",20,"83.5","2021-02-11 11:00:00"
"1109756",20,"100.9","2021-02-11 11:15:00"
"1110188",20,"112.5","2021-02-11 13:15:00"
"1110242",20,"106.5","2021-02-11 13:30:00"
"1110296",20,"97.4","2021-02-11 13:45:00"
"1110620",20,"98.3","2021-02-11 15:15:00"
"1110674",20,"105.8","2021-02-11 15:30:00"
